timestamp_utc,price_eur_mwh,lag_24_pred,lag_168_pred,elasticnet_full_pred,elasticnet_tier1_pred
2024-12-31 23:00:00+00:00,2.16,50.49,91.37,4.022847683492529,52.6153362038315
2025-01-01 00:00:00+00:00,1.6,45.9,86.44,-2.3140269753094316,47.199446797444644
2025-01-01 02:00:00+00:00,-0.01,57.06,80.81,2.3062492007224193,51.816121513572845
2025-01-01 04:00:00+00:00,-0.06,63.72,80.81,8.167105488892247,54.96973597471936
2025-01-01 05:00:00+00:00,-0.09,63.7,83.01,8.163073953793486,54.01838010326512
2025-01-01 06:00:00+00:00,-0.01,71.63,84.94,16.607379323695397,60.121052849681774
2025-01-01 08:00:00+00:00,-0.04,83.46,99.24,27.373102089228425,74.08731356967026
2025-01-01 09:00:00+00:00,-0.03,82.47,93.56,21.22569025661693,72.86358116165489
2025-01-01 10:00:00+00:00,-0.1,81.03,92.55,16.250173242838088,71.48050988587939
2025-01-01 11:00:00+00:00,-0.05,81.17,94.41,13.55870002005858,70.44559357691546
2025-01-01 12:00:00+00:00,-0.1,78.93,91.03,11.290531916691307,66.17176535865748
2025-01-01 13:00:00+00:00,-1.01,76.84,99.17,14.17591540632219,64.42589922080566
2025-01-01 14:00:00+00:00,-0.01,82.07,112.69,22.79330309269386,69.72530779769693
2025-01-01 16:00:00+00:00,0.07,83.25,120.53,28.894701817603206,77.91394757584783
2025-01-01 17:00:00+00:00,1.01,77.68,119.11,25.330447052761656,76.47780324066885
2025-01-01 18:00:00+00:00,1.48,67.77,118.01,18.091910625033776,69.8860157380085
2025-01-01 19:00:00+00:00,1.0,35.56,118.33,-0.4684868731368965,47.94484444421702
2025-01-01 20:00:00+00:00,0.07,15.7,113.01,-10.912036586191078,34.55690861562935
2025-01-01 21:00:00+00:00,10.05,9.06,114.07,-9.05345187588469,33.07806214007525
2025-01-01 22:00:00+00:00,7.01,0.52,104.63,-15.082487117057369,23.594199391880537
2025-01-01 23:00:00+00:00,2.55,2.16,102.17,-23.385625066433434,20.413827959902548
2025-01-02 00:00:00+00:00,1.56,1.6,95.06,-22.949233822524036,17.969183713318216
2025-01-02 01:00:00+00:00,3.45,0.0,94.61,-19.806614473079733,17.632423524390063
2025-01-02 02:00:00+00:00,7.02,-0.01,89.64,-13.861690920445241,17.768525580140192
2025-01-02 04:00:00+00:00,30.07,-0.06,95.1,7.717766335256897,24.2371916401585
2025-01-02 05:00:00+00:00,67.13,-0.09,99.0,23.29428264743119,30.796311348500552
2025-01-02 06:00:00+00:00,98.83,-0.01,112.61,37.891485305206174,36.54412493428317
2025-01-02 08:00:00+00:00,127.23,-0.04,118.23,53.02009788562964,39.74959239550582
2025-01-02 09:00:00+00:00,126.35,-0.03,113.25,54.65451239960261,38.79374416053307
2025-01-02 10:00:00+00:00,119.97,-0.1,106.01,55.03150957847711,37.068180965912866
2025-01-02 11:00:00+00:00,115.95,-0.05,107.71,55.69607663109236,36.05812918910291
2025-01-02 12:00:00+00:00,113.9,-0.1,103.9,55.554904560096006,33.924108426578144
2025-01-02 13:00:00+00:00,122.21,-1.01,109.64,56.92022512186191,31.808716076096005
2025-01-02 14:00:00+00:00,130.11,-0.01,120.75,61.01301441485853,33.168273243774976
2025-01-02 16:00:00+00:00,152.87,0.07,137.9,60.99367243245214,40.328174457459006
2025-01-02 17:00:00+00:00,152.94,1.01,138.05,56.032491221095334,42.16930475027997
2025-01-02 18:00:00+00:00,139.15,1.48,135.71,48.936388848681005,41.49224795173374
2025-01-02 19:00:00+00:00,130.0,1.0,129.13,37.95844371807695,35.50029739678863
2025-01-02 20:00:00+00:00,119.78,0.07,120.85,28.44346463303289,30.057692709453093
2025-01-02 21:00:00+00:00,113.42,10.05,123.5,28.256815060528083,34.903073941541294
2025-01-02 22:00:00+00:00,82.47,7.01,116.98,20.444255379705837,29.62849624460023
2025-01-02 23:00:00+00:00,99.56,2.55,106.79,19.13362814541256,28.55966128293528
2025-01-03 00:00:00+00:00,87.53,1.56,101.52,15.255428510509617,25.97415250955133
2025-01-03 01:00:00+00:00,85.01,3.45,101.03,13.997005759712295,26.059950873219805
2025-01-03 02:00:00+00:00,83.79,7.02,99.74,15.258232029398641,28.399948516760006
2025-01-03 04:00:00+00:00,79.88,30.07,106.2,31.000375361498982,47.55471723727738
2025-01-03 05:00:00+00:00,83.56,67.13,115.7,56.1628371297542,77.97989909023165
2025-01-03 06:00:00+00:00,78.43,98.83,124.29,78.89440214923191,103.11020425236603
2025-01-03 08:00:00+00:00,80.76,127.23,130.15,94.26555610540369,123.2094124437882
2025-01-03 09:00:00+00:00,77.64,126.35,120.1,88.40584779050337,120.41986335433249
2025-01-03 10:00:00+00:00,70.48,119.97,107.94,80.19267189415578,113.26163365273743
2025-01-03 11:00:00+00:00,69.94,115.95,107.81,76.76523706363628,108.63777931425612
2025-01-03 12:00:00+00:00,77.8,113.9,107.94,76.88817199972567,104.6897078699135
2025-01-03 13:00:00+00:00,78.81,122.21,121.65,87.44552072915002,108.92638272438981
2025-01-03 14:00:00+00:00,85.29,130.11,136.46,99.74846035354162,114.41378047881213
2025-01-03 16:00:00+00:00,116.66,152.87,151.8,123.93489857256048,136.3344299760739
2025-01-03 17:00:00+00:00,115.06,152.94,158.4,126.08811814046405,138.83476815330673
2025-01-03 18:00:00+00:00,114.91,139.15,146.43,114.8385406965916,127.37219062118845
2025-01-03 19:00:00+00:00,113.3,130.0,133.14,102.97754567047967,117.00264998504684
2025-01-03 20:00:00+00:00,107.8,119.78,125.42,92.22327093925065,106.8820114398343
2025-01-03 21:00:00+00:00,98.22,113.42,126.76,86.83201475042303,101.97556011382747
2025-01-03 22:00:00+00:00,88.57,82.47,114.0,66.63977763023749,77.62982941328511
2025-01-03 23:00:00+00:00,90.43,99.56,126.4,76.19824110360008,88.98352571540599
2025-01-04 00:00:00+00:00,90.29,87.53,116.63,69.27876251650207,76.70164659344879
2025-01-04 01:00:00+00:00,90.2,85.01,110.15,68.17359445669942,70.64674346913421
2025-01-04 02:00:00+00:00,91.52,83.79,105.92,68.19533148311727,65.25173139647063
2025-01-04 03:00:00+00:00,95.95,77.5,102.93,67.51025225851492,57.503609383067555
2025-01-04 04:00:00+00:00,102.11,79.88,105.58,72.36699595188098,56.39250567641261
2025-01-04 05:00:00+00:00,110.66,83.56,109.71,78.96855870720721,58.12508560506753
2025-01-04 06:00:00+00:00,119.96,78.43,124.24,84.29795947920594,57.75170185894125
2025-01-04 07:00:00+00:00,128.39,82.57,128.0,91.68877896910182,62.74060176214124
2025-01-04 08:00:00+00:00,130.75,80.76,128.3,91.2503291147946,62.99012657635701
2025-01-04 09:00:00+00:00,130.34,77.64,122.83,86.30619023491731,59.965379976320335
2025-01-04 10:00:00+00:00,128.29,70.48,113.4,79.6685481941607,53.0821384736348
2025-01-04 11:00:00+00:00,130.03,69.94,108.97,78.25310013107182,51.07106488616663
2025-01-04 12:00:00+00:00,129.85,77.8,110.01,83.34251546463031,55.10552378854287
2025-01-04 13:00:00+00:00,136.4,78.81,117.83,88.80606063463571,57.68713101596511
2025-01-04 14:00:00+00:00,138.72,85.29,137.84,99.44608286544016,66.79089995107003
2025-01-04 15:00:00+00:00,142.0,105.51,143.25,113.96010443538759,84.73040700189904
2025-01-04 16:00:00+00:00,151.24,116.66,152.0,123.60804971721015,99.78412822349169
2025-01-04 17:00:00+00:00,143.85,115.06,147.51,122.76851454179526,102.62529433926619
2025-01-04 18:00:00+00:00,137.96,114.91,140.48,119.88455454087506,103.45423045610332
2025-01-04 19:00:00+00:00,129.49,113.3,129.26,113.30611519429596,100.69463894829903
2025-01-04 20:00:00+00:00,122.83,107.8,125.9,106.52748239643992,96.52343583018353
2025-01-04 21:00:00+00:00,118.29,98.22,121.25,98.99316205983197,90.32512805483792
2025-01-04 22:00:00+00:00,109.49,88.57,114.93,88.6970497673798,79.73810238497788
2025-01-04 23:00:00+00:00,113.84,90.43,127.39,91.51144472983825,88.61599606527136
2025-01-05 00:00:00+00:00,100.33,90.29,114.09,87.08782732424089,83.41472296480835
2025-01-05 01:00:00+00:00,93.61,90.2,107.71,84.00793804418633,79.45794071697286
2025-01-05 02:00:00+00:00,93.87,91.52,101.7,81.08071314483543,76.08839662081834
2025-01-05 03:00:00+00:00,89.38,95.95,97.73,80.44532886801187,74.92890267292785
2025-01-05 04:00:00+00:00,83.55,102.11,98.61,81.09787740296292,76.08480232996814
2025-01-05 05:00:00+00:00,83.92,110.66,98.16,81.03781177361458,77.92038392791363
2025-01-05 06:00:00+00:00,82.53,119.96,102.09,82.35640550868939,81.41408210963336
2025-01-05 07:00:00+00:00,84.05,128.39,110.71,84.56531590574649,87.57036701474247
2025-01-05 08:00:00+00:00,89.15,130.75,114.65,84.295477513902,90.63917234224819
2025-01-05 09:00:00+00:00,82.95,130.34,104.07,79.96836306977042,88.79658342203783
2025-01-05 10:00:00+00:00,88.82,128.29,100.19,76.39773788331718,86.43376520139829
2025-01-05 11:00:00+00:00,81.66,130.03,100.72,74.21083226187642,86.56079618054862
2025-01-05 12:00:00+00:00,78.39,129.85,99.73,69.16746993822596,85.63581344623616
2025-01-05 13:00:00+00:00,68.0,136.4,98.44,67.44478522819017,89.27820777154312
2025-01-05 14:00:00+00:00,50.64,138.72,104.01,67.13677210822598,93.44904056885017
2025-01-05 15:00:00+00:00,49.91,142.0,121.73,72.68912475936493,103.63086958357894
2025-01-05 16:00:00+00:00,66.3,151.24,122.0,81.92378456203058,117.48809650303403
2025-01-05 17:00:00+00:00,65.05,143.85,126.11,81.46275720697793,119.08185478551624
2025-01-05 18:00:00+00:00,51.28,137.96,121.34,77.02605777107664,117.91118928994646
2025-01-05 19:00:00+00:00,36.85,129.49,109.92,68.2340697104413,112.21807566545213
2025-01-05 20:00:00+00:00,36.8,122.83,90.21,59.766941332091044,106.05456328992243
2025-01-05 21:00:00+00:00,34.68,118.29,83.79,54.86491990914574,102.70396614997081
2025-01-05 22:00:00+00:00,28.14,109.49,71.63,43.750687036384775,93.41631360625613
2025-01-05 23:00:00+00:00,27.52,113.84,71.73,51.00335476670949,102.3943680998054
2025-01-06 00:00:00+00:00,19.26,100.33,68.6,41.580809954688426,92.3756000216501
2025-01-06 02:00:00+00:00,9.2,93.87,64.65,35.12280166410152,86.41177464534898
2025-01-06 03:00:00+00:00,10.0,89.38,66.89,35.6336326432286,84.93860322202147
2025-01-06 04:00:00+00:00,14.81,83.55,69.17,38.75498581207874,84.25524275525389
2025-01-06 05:00:00+00:00,23.82,83.92,71.14,44.817612005187115,88.10809758183778
2025-01-06 06:00:00+00:00,31.72,82.53,80.2,52.521218295989854,91.72541052167153
2025-01-06 07:00:00+00:00,41.37,84.05,86.3,58.541041423422556,96.1452667861846
2025-01-06 08:00:00+00:00,36.36,89.15,87.06,60.339353602556784,100.446811599993
2025-01-06 09:00:00+00:00,34.69,82.95,83.71,54.300564101995526,96.09726752149471
2025-01-06 10:00:00+00:00,32.83,88.82,78.88,54.54219490948245,99.50373831150662
2025-01-06 11:00:00+00:00,31.28,81.66,82.86,49.1350299987904,94.59917449839102
2025-01-06 12:00:00+00:00,28.6,78.39,80.5,44.02780462667295,89.12534297155557
2025-01-06 13:00:00+00:00,25.61,68.0,83.7,39.87589159818184,81.35227331635483
2025-01-06 14:00:00+00:00,26.32,50.64,92.42,35.8113703791815,72.53782458318707
2025-01-06 15:00:00+00:00,26.87,49.91,96.97,38.49988048550016,75.41129468217221
2025-01-06 16:00:00+00:00,31.66,66.3,109.97,49.423055835613084,92.57600587864941
2025-01-06 17:00:00+00:00,31.58,65.05,100.0,44.954349861843546,91.31552613351175
2025-01-06 18:00:00+00:00,28.74,51.28,86.62,32.903870422412695,80.69031938577179
2025-01-06 19:00:00+00:00,26.59,36.85,74.83,19.428982782862732,68.27248612556619
2025-01-06 20:00:00+00:00,13.82,36.8,68.02,15.06779836146481,65.96293940598022
2025-01-06 21:00:00+00:00,26.94,34.68,67.26,13.843435288831472,63.877969529980085
2025-01-06 22:00:00+00:00,12.99,28.14,35.66,4.096208057800865,53.646307445625276
2025-01-06 23:00:00+00:00,19.07,27.52,50.49,-1.7862804127590124,46.430259569308824
2025-01-07 00:00:00+00:00,8.71,19.26,45.9,-6.738841047621534,39.090510883002175
2025-01-07 01:00:00+00:00,8.9,11.35,56.43,-9.129421274010653,34.83297505197894
2025-01-07 02:00:00+00:00,5.01,9.2,57.06,-7.936610649427493,34.41728528733359
2025-01-07 03:00:00+00:00,5.13,10.0,63.92,-2.981973440378056,37.037584166930934
2025-01-07 04:00:00+00:00,5.8,14.81,63.72,5.7927376728929545,42.82630330770941
2025-01-07 05:00:00+00:00,48.86,23.82,63.7,18.871191730370853,54.16905922992542
2025-01-07 06:00:00+00:00,76.83,31.72,71.63,32.546598313787996,63.64315655793136
2025-01-07 07:00:00+00:00,85.08,41.37,78.43,44.12655616581637,72.454789255977
2025-01-07 08:00:00+00:00,84.24,36.36,83.46,43.10239189914676,70.32914626448837
2025-01-07 09:00:00+00:00,75.25,34.69,82.47,39.18042770881473,67.71459670987262
2025-01-07 10:00:00+00:00,62.8,32.83,81.03,34.16322772090511,66.15134982409407
2025-01-07 11:00:00+00:00,62.44,31.28,81.17,29.36597015028964,62.82030310650253
2025-01-07 12:00:00+00:00,63.9,28.6,78.93,26.843941344000385,58.47833681475115
2025-01-07 13:00:00+00:00,72.56,25.61,76.84,27.72570648248579,53.539701466284235
2025-01-07 14:00:00+00:00,78.11,26.32,82.07,33.77074849333759,52.7062090853431
2025-01-07 15:00:00+00:00,79.98,26.87,83.67,36.81676045525604,53.736423612077225
2025-01-07 16:00:00+00:00,96.03,31.66,83.25,39.51410734727817,60.848779280614835
2025-01-07 17:00:00+00:00,101.11,31.58,77.68,36.22920614505105,62.271304509407585
2025-01-07 18:00:00+00:00,86.21,28.74,67.77,27.856123431135345,58.42287562659402
2025-01-07 19:00:00+00:00,78.01,26.59,35.56,14.36684127615068,49.812075251141344
2025-01-07 20:00:00+00:00,72.45,13.82,15.7,-1.0425541841930368,37.198225735949386
2025-01-07 22:00:00+00:00,50.04,12.99,0.52,-11.985594707703271,29.888170147712714
2025-01-07 23:00:00+00:00,71.05,19.07,2.16,-15.506551157177157,22.715864370473668
2025-01-08 00:00:00+00:00,68.01,8.71,1.6,-21.21776526329718,14.447927938976378
2025-01-08 01:00:00+00:00,63.34,8.9,0.0,-19.808181243363947,13.220400658552805
2025-01-08 02:00:00+00:00,57.01,5.01,-0.01,-18.004885599694205,10.817926487583321
2025-01-08 04:00:00+00:00,72.07,5.8,-0.06,-4.502191822873314,15.332351800526055
2025-01-08 05:00:00+00:00,82.7,48.86,-0.09,26.52581612995887,48.60682599191202
2025-01-08 06:00:00+00:00,100.73,76.83,-0.01,50.63775699624343,70.40917731593775
2025-01-08 08:00:00+00:00,108.18,84.24,-0.04,63.51739466138142,77.31830549870602
2025-01-08 09:00:00+00:00,94.65,75.25,-0.03,58.07522250550302,70.76631476232414
2025-01-08 10:00:00+00:00,100.01,62.8,-0.1,50.985346182797855,62.19644486592794
2025-01-08 11:00:00+00:00,89.99,62.44,-0.05,50.787925512142436,60.09749447437594
2025-01-08 12:00:00+00:00,97.2,63.9,-0.1,55.017303946727964,59.01226356560642
2025-01-08 13:00:00+00:00,110.19,72.56,-1.01,64.93434997953514,62.01227500497311
2025-01-08 14:00:00+00:00,127.8,78.11,-0.01,74.3251619239133,64.81479876414036
2025-01-08 16:00:00+00:00,155.46,96.03,0.07,88.78185898122337,79.93066136331859
2025-01-08 17:00:00+00:00,149.23,101.11,1.01,92.04869803999242,85.05406364311277
2025-01-08 18:00:00+00:00,146.48,86.21,1.48,83.54943666911919,75.466157503677
2025-01-08 19:00:00+00:00,136.86,78.01,1.0,75.94772390795406,68.09324417788176
2025-01-08 20:00:00+00:00,127.86,72.45,0.07,69.74484378069656,61.43060264018626
2025-01-08 22:00:00+00:00,103.59,50.04,7.01,53.07899359469784,43.213370960130085
2025-01-08 23:00:00+00:00,101.44,71.05,2.55,54.72046077079597,50.45881914804326
2025-01-09 00:00:00+00:00,100.0,68.01,1.56,51.44184585044638,46.06824356020018
2025-01-09 01:00:00+00:00,98.77,63.34,3.45,49.91381956184547,42.10234260285961
2025-01-09 02:00:00+00:00,95.22,57.01,7.02,49.49399831288447,37.90721216235096
2025-01-09 03:00:00+00:00,98.28,66.29,12.75,57.323082440366306,44.13752768920915
2025-01-09 04:00:00+00:00,102.65,72.07,30.07,67.13140716147848,51.377188051222284
2025-01-09 05:00:00+00:00,133.54,82.7,67.13,87.38544421844138,70.53544860339017
2025-01-09 06:00:00+00:00,148.8,100.73,98.83,107.92865776026407,90.45490493234855
2025-01-09 07:00:00+00:00,164.88,128.22,121.53,128.506222608879,112.63225159061496
2025-01-09 08:00:00+00:00,156.15,108.18,127.23,118.7309939219387,100.6379192620711
2025-01-09 09:00:00+00:00,147.64,94.65,126.35,108.74919377570478,90.84129129776016
2025-01-09 10:00:00+00:00,140.21,100.01,119.97,109.49310003735218,93.45591505718177
2025-01-09 11:00:00+00:00,128.18,89.99,115.95,102.70474612673964,85.51931479125835
2025-01-09 12:00:00+00:00,121.15,97.2,113.9,104.11970430346965,88.27544115075979
2025-01-09 13:00:00+00:00,123.95,110.19,122.21,108.05586801223697,95.83019082715083
2025-01-09 14:00:00+00:00,127.53,127.8,130.11,115.15391800551363,108.23176970691688
2025-01-09 15:00:00+00:00,123.75,135.82,138.59,116.91658420302433,115.94066977843721
2025-01-09 16:00:00+00:00,130.91,155.46,152.87,125.87541572394682,135.11492306808753
2025-01-09 17:00:00+00:00,134.75,149.23,152.94,117.79045721815994,132.9693345036095
2025-01-09 18:00:00+00:00,125.44,146.48,139.15,107.65144933864495,127.60546038700434
2025-01-09 19:00:00+00:00,119.23,136.86,130.0,95.34783770952893,118.74440753461803
2025-01-09 20:00:00+00:00,104.99,127.86,119.78,83.49019711217358,110.0305189030176
2025-01-09 22:00:00+00:00,88.19,103.59,82.47,55.37570451475608,84.93421647246552
2025-01-09 23:00:00+00:00,84.79,101.44,99.56,60.99099638149296,89.91389176623325
2025-01-10 00:00:00+00:00,80.23,100.0,87.53,55.40124080931937,85.60410732716838
2025-01-10 01:00:00+00:00,71.29,98.77,85.01,52.741477616541374,83.02709417153136
2025-01-10 02:00:00+00:00,69.05,95.22,83.79,51.16588195694175,79.75320760803557
2025-01-10 03:00:00+00:00,69.89,98.28,77.5,56.00877300010895,82.50315953899154
2025-01-10 04:00:00+00:00,83.9,102.65,79.88,65.9785945481442,88.65035601341734
2025-01-10 05:00:00+00:00,99.09,133.54,83.56,92.57872916368518,114.29855469426249
2025-01-10 06:00:00+00:00,123.92,148.8,78.43,109.89745465244762,127.5232125044011
2025-01-10 07:00:00+00:00,139.47,164.88,82.57,126.25593574264076,142.21604549998955
2025-01-10 08:00:00+00:00,136.92,156.15,80.76,121.80857711604753,134.82710925264306
2025-01-10 09:00:00+00:00,123.57,147.64,77.64,114.69388334809298,126.89601493631747
2025-01-10 10:00:00+00:00,113.59,140.21,70.48,109.95484412659171,120.48386955696
2025-01-10 11:00:00+00:00,107.43,128.18,69.94,104.26846191321316,110.25539927306423
2025-01-10 12:00:00+00:00,105.01,121.15,77.8,102.71123603918517,104.56326112064397
2025-01-10 13:00:00+00:00,110.01,123.95,78.81,107.17389318555846,104.53087204133438
2025-01-10 14:00:00+00:00,128.69,127.53,85.29,117.36989255894716,109.21606868658971
2025-01-10 15:00:00+00:00,134.87,123.75,105.51,123.29926781829678,111.25764598545695
2025-01-10 16:00:00+00:00,142.56,130.91,116.66,131.9800241619964,122.80248621248045
2025-01-10 17:00:00+00:00,144.12,134.75,115.06,132.65074198682385,126.29808869775698
2025-01-10 18:00:00+00:00,141.05,125.44,114.91,124.70961462473579,119.6418394534724
2025-01-10 19:00:00+00:00,134.82,119.23,113.3,115.13516578327344,112.50046458755764
2025-01-10 20:00:00+00:00,122.51,104.99,107.8,102.35311562255676,100.17995423267186
2025-01-10 21:00:00+00:00,119.77,101.1,98.22,95.48308772070976,94.23445612602308
2025-01-10 22:00:00+00:00,111.71,88.19,88.57,83.20792542471503,81.2298272514635
2025-01-10 23:00:00+00:00,106.64,84.79,90.43,79.59989097033662,78.94108692591188
2025-01-11 00:00:00+00:00,98.99,80.23,90.29,73.00758660901575,73.07216937747754
2025-01-11 01:00:00+00:00,95.71,71.29,90.2,64.8445674185532,64.4111657831979
2025-01-11 02:00:00+00:00,89.45,69.05,91.52,59.94806715281052,59.58774076519155
2025-01-11 03:00:00+00:00,88.35,69.89,95.95,59.1860304954231,58.50041910771818
2025-01-11 04:00:00+00:00,88.4,83.9,102.11,65.13316501612347,65.20472108207878
2025-01-11 05:00:00+00:00,88.13,99.09,110.66,73.47958411876682,74.587156683946
2025-01-11 06:00:00+00:00,94.68,123.92,119.96,89.7282791800982,91.16774646475336
2025-01-11 07:00:00+00:00,107.65,139.47,128.39,101.47817563293647,103.30847958576621
2025-01-11 08:00:00+00:00,103.14,136.92,130.75,99.33194790713463,102.39472114091694
2025-01-11 09:00:00+00:00,101.13,123.57,130.34,88.82781060569519,93.06747186122858
2025-01-11 10:00:00+00:00,99.56,113.59,128.29,80.39972839848728,85.20513492353999
2025-01-11 11:00:00+00:00,96.74,107.43,130.03,75.15984199204573,79.87801477577872
2025-01-11 12:00:00+00:00,93.15,105.01,129.85,73.16280185739205,76.85567091202725
2025-01-11 13:00:00+00:00,94.9,110.01,136.4,79.51427467580692,81.06483676689004
2025-01-11 14:00:00+00:00,104.89,128.69,138.72,94.85862542977651,95.04620248862194
2025-01-11 15:00:00+00:00,112.12,134.87,142.0,103.03894801534697,102.66400713196924
2025-01-11 16:00:00+00:00,119.8,142.56,151.24,111.07764650184174,115.49731680523351
2025-01-11 17:00:00+00:00,122.34,144.12,143.85,112.57385643442464,120.82695639496956
2025-01-11 18:00:00+00:00,114.85,141.05,137.96,109.57723012220826,119.97460293800592
2025-01-11 19:00:00+00:00,111.19,134.82,129.49,103.20255115064387,115.05518646854253
2025-01-11 20:00:00+00:00,104.8,122.51,122.83,95.14926366871418,105.96964021676479
2025-01-11 21:00:00+00:00,103.07,119.77,118.29,93.82966342657319,104.30235159264915
2025-01-11 22:00:00+00:00,105.69,111.71,109.49,86.62123537970356,95.62462060129181
2025-01-11 23:00:00+00:00,83.58,106.64,113.84,83.65239675221505,97.43772584219987
2025-01-12 00:00:00+00:00,83.79,98.99,100.33,76.3556265567865,87.64174614220643
2025-01-12 01:00:00+00:00,86.75,95.71,93.61,71.47291239188687,80.77805892578672
2025-01-12 02:00:00+00:00,84.2,89.45,93.87,66.37848100283989,73.26145216949556
2025-01-12 03:00:00+00:00,85.0,88.35,89.38,65.07583516137414,69.10615524983046
2025-01-12 04:00:00+00:00,83.75,88.4,83.55,66.47924083632861,66.38092405366541
2025-01-12 05:00:00+00:00,85.9,88.13,83.92,69.14394079511497,63.749490220158194
2025-01-12 06:00:00+00:00,101.75,94.68,82.53,77.80179977459278,67.44866421339401
2025-01-12 07:00:00+00:00,114.67,107.65,84.05,89.9086837753912,76.72857162015616
2025-01-12 08:00:00+00:00,120.07,103.14,89.15,90.18882706440839,75.60140029739334
2025-01-12 09:00:00+00:00,117.77,101.13,82.95,86.37285490874379,72.07602864070704
2025-01-12 10:00:00+00:00,105.61,99.56,88.82,86.44065433357926,71.22988202429636
2025-01-12 11:00:00+00:00,102.99,96.74,81.66,85.17228008642027,67.7335468813279
2025-01-12 12:00:00+00:00,99.61,93.15,78.39,85.12136389523454,64.01375980490921
2025-01-12 13:00:00+00:00,104.74,94.9,68.0,90.251689068072,63.98047631200329
2025-01-12 14:00:00+00:00,118.7,104.89,50.64,102.65928627744682,71.15947456520144
2025-01-12 15:00:00+00:00,132.92,112.12,49.91,113.67289288325847,79.85391703522822
2025-01-12 16:00:00+00:00,141.0,119.8,66.3,124.67413429838537,94.74012891198925
2025-01-12 17:00:00+00:00,146.66,122.34,65.05,128.98568862519232,102.38598396450979
2025-01-12 18:00:00+00:00,143.66,114.85,51.28,123.41523778311738,98.26528805240125
2025-01-12 19:00:00+00:00,134.86,111.19,36.85,118.16241148511583,94.79103562896083
2025-01-12 20:00:00+00:00,127.49,104.8,36.8,113.61956936230575,91.05851973207855
2025-01-12 21:00:00+00:00,121.2,103.07,34.68,111.70701212602387,90.71055303104308
2025-01-12 22:00:00+00:00,114.9,105.69,28.14,108.66358011742615,89.62720934545985
2025-01-12 23:00:00+00:00,112.39,83.58,27.52,103.7172409988179,83.8819237126096
2025-01-13 00:00:00+00:00,105.07,83.79,19.26,101.04591653323307,81.82555940351207
2025-01-13 01:00:00+00:00,104.46,86.75,11.35,101.14904811172224,82.27730754337134
2025-01-13 02:00:00+00:00,100.37,84.2,9.2,99.93916614797313,79.8383476230511
2025-01-13 03:00:00+00:00,100.0,85.0,10.0,103.68006520453602,82.09039844022755
2025-01-13 04:00:00+00:00,110.11,83.75,14.81,111.0779320664287,86.38862506800007
2025-01-13 05:00:00+00:00,140.28,85.9,23.82,124.88703702060187,96.42235819604531
2025-01-13 06:00:00+00:00,181.92,101.75,31.72,141.51177918416778,112.34728823451016
2025-01-13 07:00:00+00:00,223.09,114.67,41.37,151.4178130410964,124.20545407600774
2025-01-13 08:00:00+00:00,174.09,120.07,36.36,145.87950334348028,125.91035998260351
2025-01-13 09:00:00+00:00,141.69,117.77,34.69,134.34294014674037,122.859128259994
2025-01-13 10:00:00+00:00,115.73,105.61,32.83,120.22877296728149,113.79425572771842
2025-01-13 11:00:00+00:00,104.1,102.99,31.28,113.3890920129229,109.89414497570496
2025-01-13 12:00:00+00:00,103.04,99.61,28.6,111.12617820553132,105.12584072772381
2025-01-13 13:00:00+00:00,104.67,104.74,25.61,117.49753445238812,106.53512652100915
2025-01-13 14:00:00+00:00,138.2,118.7,26.32,132.81268274738713,116.04917434387005
2025-01-13 15:00:00+00:00,142.62,132.92,26.87,145.44353413859258,126.57999437011304
2025-01-13 16:00:00+00:00,149.0,141.0,31.66,149.40317677853648,135.78772226944278
2025-01-13 18:00:00+00:00,139.73,143.66,28.74,141.84957705760456,139.66218647867663
2025-01-13 19:00:00+00:00,123.18,134.86,26.59,128.58101433551826,131.16396269028934
2025-01-13 20:00:00+00:00,120.22,127.49,13.82,115.84659906425075,122.26775871558863
2025-01-13 21:00:00+00:00,115.57,121.2,26.94,108.54551127648901,118.34439007756141
2025-01-13 22:00:00+00:00,102.31,114.9,12.99,97.52850714301053,110.30795733775955
2025-01-13 23:00:00+00:00,106.38,112.39,19.07,83.90497528007946,98.270350744253
2025-01-14 00:00:00+00:00,103.7,105.07,8.71,76.67511568345095,91.14360511728131
2025-01-14 01:00:00+00:00,99.08,104.46,8.9,75.23312618948324,89.80954552759556
2025-01-14 02:00:00+00:00,97.99,100.37,5.01,73.94783677362274,86.54611280408061
2025-01-14 03:00:00+00:00,101.88,100.0,5.13,77.39666977518857,87.50839370240791
2025-01-14 04:00:00+00:00,107.64,110.11,5.8,88.26215825122411,96.57225794160725
2025-01-14 05:00:00+00:00,123.4,140.28,48.86,118.12487647934182,127.65552443636356
2025-01-14 06:00:00+00:00,156.62,181.92,76.83,152.68328522366318,163.9409018871675
2025-01-14 07:00:00+00:00,184.03,223.09,85.08,178.99600141953817,194.32039760487203
2025-01-14 08:00:00+00:00,151.86,174.09,84.24,148.99310776474834,162.97497416075328
2025-01-14 09:00:00+00:00,117.62,141.69,75.25,124.06272581294483,139.41818797534413
2025-01-14 10:00:00+00:00,109.31,115.73,62.8,105.3340359660869,119.1467580858882
2025-01-14 11:00:00+00:00,103.11,104.1,62.44,97.50387885020582,109.53247547011648
2025-01-14 12:00:00+00:00,108.11,103.04,63.9,98.65378812639496,106.873305566773
2025-01-14 13:00:00+00:00,115.35,104.67,72.56,105.06578853145216,107.50325687250199
2025-01-14 14:00:00+00:00,125.35,138.2,78.11,129.43223742624298,130.1959979633553
2025-01-14 15:00:00+00:00,141.97,142.62,79.98,138.22720447768523,135.16176209946477
2025-01-14 16:00:00+00:00,165.86,149.0,96.03,146.90110454002587,146.16742939103526
2025-01-14 18:00:00+00:00,158.38,139.73,86.21,135.6265727940416,140.56447014293286
2025-01-14 19:00:00+00:00,135.46,123.18,78.01,120.35570464669391,126.0524168718437
2025-01-14 20:00:00+00:00,117.69,120.22,72.45,113.18898208715083,120.99817982119504
2025-01-14 22:00:00+00:00,121.76,102.31,50.04,94.6969424786275,102.39543095632537
2025-01-14 23:00:00+00:00,108.28,106.38,71.05,85.6641786843712,97.11676420277666
2025-01-15 00:00:00+00:00,107.72,103.7,68.01,83.02913214083291,93.3305774007724
2025-01-15 01:00:00+00:00,108.41,99.08,63.34,81.43904845494257,89.12983311849993
2025-01-15 02:00:00+00:00,108.04,97.99,57.01,82.37204914717383,86.8667364442705
2025-01-15 03:00:00+00:00,108.75,101.88,66.29,91.37811858524783,91.78844742578903
2025-01-15 04:00:00+00:00,114.92,107.64,72.07,104.81914173832249,99.58239422426057
2025-01-15 05:00:00+00:00,134.49,123.4,82.7,129.0385445767023,118.41398864113955
2025-01-15 06:00:00+00:00,191.79,156.62,100.73,162.53954927243137,149.47040591507107
2025-01-15 07:00:00+00:00,307.24,184.03,128.22,189.05493117985225,174.97284306353185
2025-01-15 08:00:00+00:00,315.02,151.86,108.18,173.80600720874816,147.84682731556498
2025-01-15 09:00:00+00:00,311.03,117.62,94.65,156.56199734331898,120.99036554250205
2025-01-15 10:00:00+00:00,304.8,109.31,100.01,153.43900529318066,113.37342022785936
2025-01-15 11:00:00+00:00,311.02,103.11,89.99,149.01989187513195,105.50740917935072
2025-01-15 12:00:00+00:00,309.34,108.11,97.2,151.7387768327116,107.36128468195251
2025-01-15 13:00:00+00:00,285.83,115.35,110.19,156.50275618542355,111.62136488638318
2025-01-15 14:00:00+00:00,301.74,125.35,127.8,164.89895968036706,121.7058196686791
2025-01-15 15:00:00+00:00,333.52,141.97,135.82,174.7983033878842,134.5725953909822
2025-01-15 16:00:00+00:00,377.99,165.86,155.46,190.79832086225468,156.4590907050507
2025-01-15 18:00:00+00:00,270.09,158.38,146.48,180.22517787787675,150.78267119576554
2025-01-15 19:00:00+00:00,181.66,135.46,136.86,161.26749339702985,131.6398212670804
2025-01-15 20:00:00+00:00,150.87,117.69,127.86,145.02405081641479,116.86351949433262
2025-01-15 21:00:00+00:00,141.16,121.0,115.92,138.90376332454002,115.25472161869803
2025-01-15 22:00:00+00:00,123.9,121.76,103.59,130.9910229957992,110.82426317899568
2025-01-15 23:00:00+00:00,126.33,108.28,101.44,116.62908029038996,95.08665078500229
2025-01-16 00:00:00+00:00,119.12,107.72,100.0,112.83588800498026,93.11466081179995
2025-01-16 01:00:00+00:00,117.62,108.41,98.77,111.08454303542548,92.24320010428409
2025-01-16 02:00:00+00:00,115.03,108.04,95.22,110.54159664963414,91.41852835214156
2025-01-16 03:00:00+00:00,115.75,108.75,98.28,112.63128173215722,92.64876302883856
2025-01-16 04:00:00+00:00,123.27,114.92,102.65,121.81657735733742,100.45701155986039
2025-01-16 05:00:00+00:00,138.7,134.49,133.54,146.04681912611701,124.84333808466928
2025-01-16 06:00:00+00:00,173.04,191.79,148.8,185.44850136210715,170.8534579596518
2025-01-16 07:00:00+00:00,199.65,307.24,164.88,250.81809823190153,251.45058796523577
2025-01-16 08:00:00+00:00,175.0,315.02,156.15,250.71348220443565,252.42772087556466
2025-01-16 09:00:00+00:00,151.9,311.03,147.64,242.9292351273682,245.64106321530284
2025-01-16 10:00:00+00:00,140.64,304.8,140.21,237.16533211788564,240.1830932240792
2025-01-16 11:00:00+00:00,131.13,311.02,128.18,238.22170969698635,240.8026453814729
2025-01-16 12:00:00+00:00,130.58,309.34,121.15,239.28106756670283,237.38067921457736
2025-01-16 13:00:00+00:00,138.42,285.83,123.95,232.76843676776195,220.99433765296334
2025-01-16 14:00:00+00:00,163.04,301.74,127.53,249.60355678959135,232.418024528708
2025-01-16 15:00:00+00:00,179.2,333.52,123.75,271.7417602735108,254.39095636979508
2025-01-16 16:00:00+00:00,191.56,377.99,130.91,299.4745107903238,289.9189138855724
2025-01-16 17:00:00+00:00,184.32,324.74,134.75,271.99249375433726,257.7160984341458
2025-01-16 18:00:00+00:00,179.97,270.09,125.44,238.32473708455962,219.25488427301195
2025-01-16 19:00:00+00:00,159.6,181.66,119.23,187.9392743236206,158.64114842272926
2025-01-16 20:00:00+00:00,141.6,150.87,104.99,165.2814008025295,134.19414983617546
2025-01-16 21:00:00+00:00,135.29,141.16,101.1,155.70555928792186,126.25007457417263
2025-01-16 22:00:00+00:00,123.75,123.9,88.19,141.3946725726047,111.47464627282214
2025-01-16 23:00:00+00:00,118.87,126.33,84.79,141.61826216968436,113.68539101610065
2025-01-17 00:00:00+00:00,118.39,119.12,80.23,135.68094263058543,107.17279491786702
2025-01-17 01:00:00+00:00,115.71,117.62,71.29,134.1029325294575,104.41458351125951
2025-01-17 02:00:00+00:00,114.72,115.03,69.05,134.7441278072624,102.43973537396877
2025-01-17 03:00:00+00:00,115.48,115.75,69.89,139.87822024663558,104.26264108900698
2025-01-17 04:00:00+00:00,122.16,123.27,83.9,152.66191523247363,114.08029155013794
2025-01-17 05:00:00+00:00,140.8,138.7,99.09,174.89601992188048,133.81893307181588
2025-01-17 06:00:00+00:00,175.01,173.04,123.92,206.6748025564463,168.0139631595754
2025-01-17 07:00:00+00:00,208.13,199.65,139.47,229.99453390007548,197.3392698818326
2025-01-17 08:00:00+00:00,175.34,175.0,136.92,214.2364053186933,180.7962825444692
2025-01-17 09:00:00+00:00,158.0,151.9,123.57,194.17489288601172,162.13250118402766
2025-01-17 10:00:00+00:00,140.73,140.64,113.59,181.72323226331014,152.33656217502485
2025-01-17 11:00:00+00:00,126.44,131.13,107.43,171.60995733403445,144.39714767419613
2025-01-17 12:00:00+00:00,124.03,130.58,105.01,169.2689101073164,141.65830595495677
2025-01-17 13:00:00+00:00,132.99,138.42,110.01,175.422323098303,143.61687653374813
2025-01-17 14:00:00+00:00,151.98,163.04,128.69,196.88553443180814,162.5397249606318
2025-01-17 15:00:00+00:00,170.21,179.2,134.87,211.9265743565879,177.2044606392749
2025-01-17 16:00:00+00:00,178.79,191.56,142.56,220.62976952768304,192.90289636821177
2025-01-17 17:00:00+00:00,179.92,184.32,144.12,210.5311522575574,184.8460093375329
2025-01-17 18:00:00+00:00,174.22,179.97,141.05,198.96626968569683,175.6206069704911
2025-01-17 19:00:00+00:00,157.91,159.6,134.82,178.9253001073276,153.25861675742226
2025-01-17 20:00:00+00:00,145.0,141.6,122.51,161.60857201372835,136.0480989418474
2025-01-17 21:00:00+00:00,139.97,135.29,119.77,152.59352832102945,129.41815290173815
2025-01-17 22:00:00+00:00,126.84,123.75,111.71,139.88292396270657,117.35362831336748
2025-01-17 23:00:00+00:00,125.29,118.87,106.64,134.037125331444,112.24738183014885
2025-01-18 00:00:00+00:00,121.05,118.39,98.99,128.94591966368017,107.52191039569125
2025-01-18 01:00:00+00:00,120.98,115.71,95.71,124.85524623794589,102.32345020124112
2025-01-18 02:00:00+00:00,118.85,114.72,89.45,121.82589420730888,97.3833004265185
2025-01-18 03:00:00+00:00,116.46,115.48,88.35,122.07808874240604,94.91939585785795
2025-01-18 04:00:00+00:00,119.77,122.16,88.4,126.4359501287689,96.84395972112964
2025-01-18 05:00:00+00:00,119.75,140.8,88.13,137.3472385000924,106.88820838186203
2025-01-18 06:00:00+00:00,133.39,175.01,94.68,159.47681788850647,130.62313316985734
2025-01-18 07:00:00+00:00,145.63,208.13,107.65,181.57594511817646,155.53171108818478
2025-01-18 08:00:00+00:00,144.1,175.34,103.14,161.68004767199005,132.37818335036405
2025-01-18 09:00:00+00:00,131.21,158.0,101.13,145.59638493188882,118.67360048073718
2025-01-18 10:00:00+00:00,121.56,140.73,99.56,130.598145529079,106.1079200762554
2025-01-18 11:00:00+00:00,118.87,126.44,96.74,119.68924341183148,95.08657673110156
2025-01-18 12:00:00+00:00,115.01,124.03,93.15,119.11478668369264,91.85033437179328
2025-01-18 13:00:00+00:00,119.32,132.99,94.9,130.74944320063264,98.45136791411232
2025-01-18 14:00:00+00:00,133.32,151.98,104.89,153.3506667188895,115.68689512066189
2025-01-18 15:00:00+00:00,149.71,170.21,112.12,174.0348291416058,133.62134699103805
2025-01-18 16:00:00+00:00,164.59,178.79,119.8,183.81547541555472,147.57775586891813
2025-01-18 17:00:00+00:00,167.57,179.92,122.34,184.27186596683487,152.87919597109715
2025-01-18 18:00:00+00:00,167.85,174.22,114.85,177.61926257980775,150.14015153955063
2025-01-18 19:00:00+00:00,156.12,157.91,111.19,163.9969568265382,138.12366528395543
2025-01-18 20:00:00+00:00,143.42,145.0,104.8,152.9686179242288,128.4545916350519
2025-01-18 21:00:00+00:00,136.4,139.97,103.07,147.82272807073645,125.44063917415664
2025-01-18 22:00:00+00:00,129.36,126.84,105.69,137.2943277204365,115.22328759566501
2025-01-18 23:00:00+00:00,129.73,125.29,83.58,134.29938269587268,115.8336160057702
2025-01-19 00:00:00+00:00,124.2,121.05,83.79,128.74636296098043,110.66782813970245
2025-01-19 01:00:00+00:00,123.05,120.98,86.75,126.5593535168617,108.12062033978994
2025-01-19 02:00:00+00:00,121.24,118.85,84.2,123.37249612148281,103.16551471550673
2025-01-19 03:00:00+00:00,120.18,116.46,85.0,121.41754107791633,98.54591937454883
2025-01-19 04:00:00+00:00,120.0,119.77,83.75,122.82176248164122,97.73270380768759
2025-01-19 05:00:00+00:00,121.57,119.75,85.9,123.25119299500903,95.74260998886415
2025-01-19 06:00:00+00:00,123.33,133.39,101.75,134.12225276062048,106.74926230075056
2025-01-19 07:00:00+00:00,123.6,145.63,114.67,143.1035029767288,118.08199503800405
2025-01-19 08:00:00+00:00,125.16,144.1,120.07,136.29292322474032,116.27176723053574
2025-01-19 09:00:00+00:00,125.19,131.21,117.77,120.05104219665297,106.54757927637401
2025-01-19 10:00:00+00:00,121.56,121.56,105.61,106.38231529146093,97.46984347760632
2025-01-19 11:00:00+00:00,112.25,118.87,102.99,102.88578687892712,93.77579174703321
2025-01-19 12:00:00+00:00,107.51,115.01,99.61,104.38577507100632,89.5637271617201
2025-01-19 13:00:00+00:00,116.81,119.32,104.74,117.10213832316796,93.98079039960027
2025-01-19 14:00:00+00:00,126.29,133.32,118.7,138.5069916844138,108.27543802795603
2025-01-19 15:00:00+00:00,140.15,149.71,132.92,159.08845962905502,126.34547735328731
2025-01-19 16:00:00+00:00,149.67,164.59,141.0,172.29851357977185,144.99491946092564
2025-01-19 17:00:00+00:00,159.04,167.57,146.66,176.12216541574048,153.86509152217374
2025-01-19 18:00:00+00:00,156.6,167.85,143.66,174.05888981304082,155.74150013758918
2025-01-19 19:00:00+00:00,149.06,156.12,134.86,164.7752975800161,147.39345803817537
2025-01-19 20:00:00+00:00,139.26,143.42,127.49,155.8046341920968,138.73962831907215
2025-01-19 21:00:00+00:00,130.99,136.4,121.2,150.66038040538137,134.37727211667092
2025-01-19 22:00:00+00:00,122.94,129.36,114.9,143.00610005212104,126.90155109575889
2025-01-19 23:00:00+00:00,122.27,129.73,112.39,148.04781032331533,134.8853325843332
2025-01-20 00:00:00+00:00,119.44,124.2,105.07,143.15260687350025,129.17547134202292
2025-01-20 01:00:00+00:00,116.56,123.05,104.46,142.93958204629493,128.05514893774352
2025-01-20 02:00:00+00:00,114.41,121.24,100.37,143.56963233799388,126.38494287279525
2025-01-20 03:00:00+00:00,115.45,120.18,100.0,147.7555988577192,127.13821716723653
2025-01-20 04:00:00+00:00,127.54,120.0,110.11,157.81895808452322,132.86254790335386
2025-01-20 05:00:00+00:00,161.71,121.57,140.28,175.4778312495029,145.34489728205298
2025-01-20 06:00:00+00:00,276.48,123.33,181.92,191.41022513050177,157.28796182702266
2025-01-20 07:00:00+00:00,431.99,123.6,223.09,200.65618546482182,165.2489492579404
2025-01-20 08:00:00+00:00,291.7,125.16,174.09,190.33600730938417,159.17099780895703
2025-01-20 09:00:00+00:00,236.29,125.19,141.69,178.5066242747427,152.98141733024963
2025-01-20 10:00:00+00:00,187.48,121.56,115.73,168.29771912365962,146.01646622963582
2025-01-20 11:00:00+00:00,176.0,112.25,104.1,160.51424950092138,137.21027889843504
2025-01-20 12:00:00+00:00,171.39,107.51,103.04,160.42625003413355,132.02668881225608
2025-01-20 13:00:00+00:00,191.85,116.81,104.67,171.26148867920242,136.92888351108454
2025-01-20 14:00:00+00:00,277.17,126.29,138.2,188.05400724017647,147.76338476125608
2025-01-20 15:00:00+00:00,402.12,140.15,142.62,201.14569460545283,158.83868310456958
2025-01-20 16:00:00+00:00,583.4,149.67,149.0,207.61005830979795,169.5042344241386
2025-01-20 18:00:00+00:00,295.57,156.6,139.73,202.33444992250367,174.967588285263
2025-01-20 19:00:00+00:00,220.0,149.06,123.18,188.3468998904185,164.6793171988101
2025-01-20 20:00:00+00:00,170.0,139.26,120.22,175.80600192311715,154.8905829014771
2025-01-20 21:00:00+00:00,152.51,130.99,115.57,165.5498342530851,146.9505806240739
2025-01-20 22:00:00+00:00,137.98,122.94,102.31,154.0736285531774,136.8734268927101
2025-01-20 23:00:00+00:00,127.52,122.27,106.38,140.32732927244194,127.44093398669277
2025-01-21 00:00:00+00:00,121.65,119.44,103.7,136.91148009798093,124.08703800010544
2025-01-21 01:00:00+00:00,116.67,116.56,99.08,133.93787670996582,120.33043113960171
2025-01-21 02:00:00+00:00,113.86,114.41,97.99,134.33937022781947,119.00281626018085
2025-01-21 03:00:00+00:00,113.54,115.45,101.88,138.56257636366647,121.17034398212823
2025-01-21 04:00:00+00:00,122.34,127.54,107.64,151.28790264508214,132.5449883102488
2025-01-21 05:00:00+00:00,142.2,161.71,123.4,180.97810337259745,163.061134739575
2025-01-21 06:00:00+00:00,190.06,276.48,156.62,254.12500075518452,247.19959638525694
2025-01-21 07:00:00+00:00,248.32,431.99,184.03,345.3419687407938,354.8951499466684
2025-01-21 08:00:00+00:00,211.68,291.7,151.86,270.53985492509935,260.46591120773934
2025-01-21 09:00:00+00:00,198.05,236.29,117.62,232.88563075944006,219.12250385435442
2025-01-21 10:00:00+00:00,161.5,187.48,109.31,201.69978685511876,185.1367065055295
2025-01-21 11:00:00+00:00,147.44,176.0,103.11,190.25417295472323,174.3446042139347
2025-01-21 12:00:00+00:00,142.83,171.39,108.11,188.2760148645337,169.24444703094406
2025-01-21 13:00:00+00:00,150.05,191.85,115.35,204.7939518521931,181.75713435626233
2025-01-21 14:00:00+00:00,173.43,277.17,125.35,258.58159102877573,237.93610937940824
2025-01-21 15:00:00+00:00,212.13,402.12,141.97,333.37950966311735,322.85624753656987
2025-01-21 16:00:00+00:00,301.15,583.4,165.86,436.4969062955978,449.66314334151184
2025-01-21 17:00:00+00:00,251.93,473.28,170.07,384.19532385160585,382.7985362749272
2025-01-21 18:00:00+00:00,202.68,295.57,158.38,290.48577700787945,266.22020595585434
2025-01-21 19:00:00+00:00,174.84,220.0,135.46,242.73108414302533,211.45065103201503
2025-01-21 20:00:00+00:00,155.19,170.0,117.69,209.14928780908159,173.99227212412615
2025-01-21 21:00:00+00:00,138.6,152.51,121.0,195.45741526270143,160.74725872407936
2025-01-21 22:00:00+00:00,125.29,137.98,121.76,183.39913467690104,148.76696004435178
2025-01-21 23:00:00+00:00,128.0,127.52,108.28,168.07145939548087,129.80686498669564
2025-01-22 00:00:00+00:00,125.06,121.65,107.72,163.32763279548197,124.81285858821202
2025-01-22 01:00:00+00:00,122.22,116.67,108.41,160.37510320446628,120.99736232402695
2025-01-22 02:00:00+00:00,121.66,113.86,108.04,159.43653606550896,118.69418405788437
2025-01-22 03:00:00+00:00,123.16,113.54,108.75,162.1683731728493,119.66527241427802
2025-01-22 04:00:00+00:00,128.32,122.34,114.92,172.64812474847645,129.733767846178
2025-01-22 05:00:00+00:00,156.92,142.2,134.49,193.8317016606955,152.93847736309462
2025-01-22 06:00:00+00:00,208.25,190.06,191.79,235.46384215298102,204.83405156732596
2025-01-22 07:00:00+00:00,238.6,248.32,307.24,283.0876394501189,270.5462014514576
2025-01-22 08:00:00+00:00,199.41,211.68,315.02,255.44544431107866,237.44295121997808
2025-01-22 09:00:00+00:00,179.06,198.05,311.03,240.07344715433058,223.62810289162036
2025-01-22 10:00:00+00:00,172.94,161.5,304.8,215.97314822700505,194.6503939822126
2025-01-22 11:00:00+00:00,165.0,147.44,311.02,209.4817702910937,183.93150684247215
2025-01-22 12:00:00+00:00,170.0,142.83,309.34,208.89324404388853,178.1905297176993
2025-01-22 13:00:00+00:00,179.92,150.05,285.83,213.48009050426055,179.39870629523355
2025-01-22 14:00:00+00:00,195.67,173.43,301.74,232.55952896908596,202.06149461392985
2025-01-22 15:00:00+00:00,199.04,212.13,333.52,259.8687474206563,241.49662940678442
2025-01-22 16:00:00+00:00,208.99,301.15,377.99,307.3931017801822,319.1562870083635
2025-01-22 17:00:00+00:00,180.43,251.93,324.74,262.969040595151,271.96550291265726
2025-01-22 18:00:00+00:00,167.08,202.68,270.09,218.04351767256128,218.9751792940133
2025-01-22 19:00:00+00:00,134.49,174.84,181.66,182.70687322359993,181.589699362952
2025-01-22 20:00:00+00:00,127.78,155.19,150.87,160.95509456843482,159.0257769730469
2025-01-22 21:00:00+00:00,128.09,138.6,141.16,146.24001128459912,144.19660111502907
2025-01-22 22:00:00+00:00,114.68,125.29,123.9,132.17608957497612,130.34152252808119
2025-01-22 23:00:00+00:00,113.7,128.0,126.33,121.5003904469702,123.9034258116771
2025-01-23 00:00:00+00:00,108.88,125.06,119.12,116.541420820594,119.0677161745997
2025-01-23 01:00:00+00:00,105.58,122.22,117.62,113.6681625386247,116.08836431919491
2025-01-23 02:00:00+00:00,100.01,121.66,115.03,113.07277972613855,115.06649085951777
2025-01-23 03:00:00+00:00,97.59,123.16,115.75,114.79174689532971,116.11878722010594
2025-01-23 04:00:00+00:00,100.01,128.32,123.27,122.01007714414709,123.69288075261187
2025-01-23 05:00:00+00:00,106.41,156.92,138.7,146.0484135081615,151.89377494049342
2025-01-23 06:00:00+00:00,136.6,208.25,173.04,183.612681960568,197.43831796023818
2025-01-23 07:00:00+00:00,159.03,238.6,199.65,204.02602845345962,225.0483937711409
2025-01-23 08:00:00+00:00,155.42,199.41,175.0,177.2566294419603,192.31477420818825
2025-01-23 09:00:00+00:00,130.94,179.06,151.9,160.76124369519184,173.91261107220043
2025-01-23 10:00:00+00:00,116.1,172.94,140.64,152.89902297558473,165.04595345729126
2025-01-23 11:00:00+00:00,94.93,165.0,131.13,143.91715821134622,155.5927988799289
2025-01-23 12:00:00+00:00,88.56,170.0,130.58,143.41969354130947,156.24072670425704
2025-01-23 13:00:00+00:00,85.86,179.92,138.42,148.05288719351665,161.60773927220077
2025-01-23 14:00:00+00:00,89.8,195.67,163.04,162.07946469051672,176.09839805402657
2025-01-23 15:00:00+00:00,89.87,199.04,179.2,168.67069548938485,183.75453400591624
2025-01-23 16:00:00+00:00,106.75,208.99,191.56,176.87144987017314,201.31181912147088
2025-01-23 17:00:00+00:00,112.0,180.43,184.32,155.2389278018706,179.61421952046612
2025-01-23 18:00:00+00:00,101.87,167.08,179.97,138.58021862491583,165.9251539873846
2025-01-23 19:00:00+00:00,86.36,134.49,159.6,110.23961342108866,138.95309452221457
2025-01-23 20:00:00+00:00,74.28,127.78,141.6,96.5380724521409,129.87671474569007
2025-01-23 21:00:00+00:00,75.68,128.09,135.29,90.42947873664659,126.63444185294726
2025-01-23 22:00:00+00:00,58.23,114.68,123.75,77.01892067562179,113.70355564052154
2025-01-23 23:00:00+00:00,69.03,113.7,118.87,83.65241180550477,114.69769892536378
2025-01-24 00:00:00+00:00,58.16,108.88,118.39,80.1096918977913,110.17393796695518
2025-01-24 01:00:00+00:00,45.05,105.58,115.71,79.09565328866765,106.92908370873572
2025-01-24 02:00:00+00:00,40.6,100.01,114.72,79.94143803428926,103.47523871755327
2025-01-24 03:00:00+00:00,50.17,97.59,115.48,85.29055458150722,103.53361106963057
2025-01-24 04:00:00+00:00,73.2,100.01,122.16,96.59247713179737,109.66340198663576
2025-01-24 05:00:00+00:00,85.44,106.41,140.8,115.52193637857272,125.26939506758893
2025-01-24 06:00:00+00:00,109.16,136.6,175.01,145.47427842111867,157.25802340683688
2025-01-24 07:00:00+00:00,116.23,159.03,208.13,162.80379658890445,179.2165631511126
2025-01-24 08:00:00+00:00,96.34,155.42,175.34,149.97236699584892,168.18868357418575
2025-01-24 09:00:00+00:00,88.9,130.94,158.0,128.2188715615492,146.56763261290075
2025-01-24 10:00:00+00:00,78.44,116.1,140.73,113.99194139535318,132.89350711735494
2025-01-24 11:00:00+00:00,76.48,94.93,126.44,97.78081956276336,114.92232165967813
2025-01-24 12:00:00+00:00,74.69,88.56,124.03,91.14148408608159,108.91408052008165
2025-01-24 13:00:00+00:00,74.51,85.86,132.99,89.67307635970575,106.9184619657308
2025-01-24 15:00:00+00:00,75.25,89.87,170.21,98.76051969967136,118.37503383769315
2025-01-24 16:00:00+00:00,83.02,106.75,178.79,109.7359528417206,135.2117426177789
2025-01-24 17:00:00+00:00,88.59,112.0,179.92,109.7430387342564,137.78026178360975
2025-01-24 18:00:00+00:00,91.78,101.87,174.22,99.65186591827495,128.21098370908592
2025-01-24 19:00:00+00:00,84.99,86.36,157.91,84.14458896368991,111.32126093097236
2025-01-24 20:00:00+00:00,80.79,74.28,145.0,73.3388813292834,99.16932480023063
2025-01-24 21:00:00+00:00,91.97,75.68,139.97,74.02730893689122,98.42584065752126
2025-01-24 22:00:00+00:00,86.29,58.23,126.84,63.36539548425505,82.71279039397429
2025-01-24 23:00:00+00:00,59.04,69.03,125.29,72.13965977566133,88.14925369375692
2025-01-25 00:00:00+00:00,64.96,58.16,121.05,66.13808887397857,77.8525524243577
2025-01-25 01:00:00+00:00,63.55,45.05,120.98,60.151553843569715,66.93172090016299
2025-01-25 02:00:00+00:00,67.17,40.6,118.85,57.781401685465454,60.506176751907354
2025-01-25 03:00:00+00:00,76.77,50.17,116.46,62.94563386474454,63.373107659974515
2025-01-25 04:00:00+00:00,76.89,73.2,119.77,75.03957580979181,75.65999293580977
2025-01-25 05:00:00+00:00,79.32,85.44,119.75,80.82857871965403,80.63401535976423
2025-01-25 06:00:00+00:00,76.89,109.16,133.39,97.35391901917748,98.65999027647659
2025-01-25 07:00:00+00:00,88.99,116.23,145.63,103.50657136766235,106.06214857952291
2025-01-25 08:00:00+00:00,87.31,96.34,144.1,91.08503050700223,92.7727753855132
2025-01-25 09:00:00+00:00,86.32,88.9,131.21,81.903932188368,83.61800678302644
2025-01-25 10:00:00+00:00,88.15,78.44,121.56,72.79177730362693,73.64566295354362
2025-01-25 11:00:00+00:00,82.55,76.48,118.87,69.10687977537589,69.18742464364021
2025-01-25 12:00:00+00:00,81.98,74.69,115.01,67.57238851558824,65.73036919234414
2025-01-25 13:00:00+00:00,89.0,74.51,119.32,73.5637230897588,65.81995005397512
2025-01-25 15:00:00+00:00,132.97,75.25,149.71,102.85762352431139,76.20183508724347
2025-01-25 16:00:00+00:00,145.85,83.02,164.59,119.92505547198127,91.1219617746084
2025-01-25 17:00:00+00:00,151.0,88.59,167.57,129.0124502701701,100.74483542972148
2025-01-25 18:00:00+00:00,147.53,91.78,167.85,131.34718377107166,104.31389884757326
2025-01-25 19:00:00+00:00,137.6,84.99,156.12,124.70941823534352,97.90163435678112
2025-01-25 20:00:00+00:00,134.61,80.79,143.42,119.35289946295387,93.35763925049926
2025-01-25 21:00:00+00:00,132.26,91.97,136.4,122.83983281475764,100.37725186681455
2025-01-25 22:00:00+00:00,122.03,86.29,129.36,115.20528750700178,93.20185909488377
2025-01-25 23:00:00+00:00,126.21,59.04,129.73,103.29422116898829,82.24214372064688
2025-01-26 00:00:00+00:00,115.79,64.96,124.2,101.21728990032099,81.76175763566893
2025-01-26 01:00:00+00:00,111.3,63.55,123.05,96.70528981424168,76.75140710359099
2025-01-26 02:00:00+00:00,106.85,67.17,121.24,94.85217944650388,75.22692084039562
2025-01-26 03:00:00+00:00,105.43,76.77,120.18,97.11581186672322,78.52713685797013
2025-01-26 04:00:00+00:00,107.86,76.89,120.0,96.33070411121565,76.60668090693915
2025-01-26 05:00:00+00:00,110.6,79.32,121.57,97.1288787783741,75.25733144068556
2025-01-26 06:00:00+00:00,117.62,76.89,123.33,98.9221002181649,73.39272941379522
2025-01-26 07:00:00+00:00,124.17,88.99,123.6,107.28034880608539,80.68768365238918
2025-01-26 08:00:00+00:00,121.97,87.31,125.16,107.12421355004196,79.03852270093992
2025-01-26 09:00:00+00:00,105.51,86.32,125.19,104.16254253943379,77.57109310235235
2025-01-26 10:00:00+00:00,102.57,88.15,121.56,102.14425121578823,77.38394075214255
2025-01-26 11:00:00+00:00,96.73,82.55,112.25,95.58338540992696,71.48185514104172
2025-01-26 12:00:00+00:00,90.02,81.98,107.51,92.49716124303755,68.56897801334323
2025-01-26 13:00:00+00:00,92.52,89.0,116.81,99.57518008620735,74.1636651028084
2025-01-26 15:00:00+00:00,125.92,132.97,140.15,142.02296473033644,112.32284862583049
2025-01-26 16:00:00+00:00,132.77,145.85,149.67,153.3062964202652,130.03405966974273
2025-01-26 17:00:00+00:00,118.94,151.0,159.04,154.27822671195895,142.10665118744106
2025-01-26 18:00:00+00:00,90.32,147.53,156.6,143.7033835009256,143.2364745777299
2025-01-26 19:00:00+00:00,78.93,137.6,149.06,127.36341153104124,136.5569963050015
2025-01-26 20:00:00+00:00,68.26,134.61,139.26,117.10416591067026,134.28303787121985
2025-01-26 21:00:00+00:00,49.25,132.26,130.99,110.71959822584657,133.9094875573938
2025-01-26 22:00:00+00:00,23.89,122.03,122.94,97.71612958280757,124.68120819398212
2025-01-26 23:00:00+00:00,40.14,126.21,122.27,101.13550690335646,132.3054193718318
2025-01-27 00:00:00+00:00,35.26,115.79,119.44,91.87061878561074,124.4716328183814
2025-01-27 01:00:00+00:00,26.38,111.3,116.56,85.8692389469306,120.38675886809976
2025-01-27 02:00:00+00:00,14.07,106.85,114.41,80.9477653450488,117.5378027912706
2025-01-27 03:00:00+00:00,10.1,105.43,115.45,79.86103103213554,118.94767130027613
2025-01-27 04:00:00+00:00,21.52,107.86,127.54,85.01024841616592,125.91872331401441
2025-01-27 05:00:00+00:00,34.1,110.6,161.71,97.26572872156383,139.36665642154537
2025-01-27 06:00:00+00:00,56.99,117.62,276.48,121.45198189338444,163.18043211155714
2025-01-27 07:00:00+00:00,71.76,124.17,431.99,147.5823326725068,190.24780515905815
2025-01-27 08:00:00+00:00,62.96,121.97,291.7,128.7698573662349,169.17875479022285
2025-01-27 09:00:00+00:00,45.57,105.51,236.29,112.56728692121158,150.11921439184155
2025-01-27 10:00:00+00:00,40.11,102.57,187.48,104.7093873628165,140.78905458745757
2025-01-27 11:00:00+00:00,35.66,96.73,176.0,100.086561019361,133.21454577139863
2025-01-27 12:00:00+00:00,38.37,90.02,171.39,96.95166443603847,126.0013041827694
2025-01-27 13:00:00+00:00,53.95,92.52,191.85,106.86418782652952,129.24736465417817
2025-01-27 14:00:00+00:00,86.79,111.63,277.17,136.7171684579776,154.2577502212114
2025-01-27 15:00:00+00:00,102.46,125.92,402.12,166.02982146043726,181.92791899183334
2025-01-27 16:00:00+00:00,118.56,132.77,583.4,195.82383781829623,214.71476751730512
2025-01-27 17:00:00+00:00,118.67,118.94,473.28,174.68618090799234,194.02239773478144
2025-01-27 18:00:00+00:00,100.05,90.32,295.57,132.77275018144573,151.61556187628412
2025-01-27 19:00:00+00:00,94.07,78.93,220.0,109.86256468283834,131.55116341323208
2025-01-27 20:00:00+00:00,85.08,68.26,170.0,92.60741987089509,115.87090934622381
2025-01-27 21:00:00+00:00,82.26,49.25,152.51,78.58890549828082,99.99675208697113
2025-01-27 22:00:00+00:00,69.28,23.89,137.98,61.189055583040286,79.45292047096041
2025-01-27 23:00:00+00:00,76.92,40.14,127.52,63.209247499842995,80.26378701593111
2025-01-28 00:00:00+00:00,71.53,35.26,121.65,60.51288743807244,75.1183977302573
2025-01-28 01:00:00+00:00,57.33,26.38,116.67,57.61480856155686,68.40322583278562
2025-01-28 02:00:00+00:00,69.28,14.07,113.86,55.74057463139894,60.9577794421858
2025-01-28 03:00:00+00:00,76.92,10.1,113.54,59.71202067495488,60.039366137087136
2025-01-28 04:00:00+00:00,77.59,21.52,122.34,74.0300391309322,71.68245165963387
2025-01-28 05:00:00+00:00,98.22,34.1,142.2,93.96832454963226,88.81134045949797
2025-01-28 06:00:00+00:00,125.45,56.99,190.06,121.44999810483782,114.70106979420751
2025-01-28 07:00:00+00:00,147.5,71.76,248.32,140.0030162361162,133.19822180384202
2025-01-28 08:00:00+00:00,135.3,62.96,211.68,129.92208703723907,121.38375186987784
2025-01-28 09:00:00+00:00,120.53,45.57,198.05,117.36685758913316,105.75365493249521
2025-01-28 10:00:00+00:00,116.34,40.11,161.5,109.17744280018935,95.83237478023368
2025-01-28 11:00:00+00:00,114.75,35.66,147.44,103.95802093703145,88.77875240408281
2025-01-28 12:00:00+00:00,117.39,38.37,142.83,103.4970724644919,87.43669830730374
2025-01-28 13:00:00+00:00,121.33,53.95,150.05,113.12272566167836,96.95025334622832
2025-01-28 14:00:00+00:00,139.91,86.79,173.43,135.3311421886669,121.89549661801341
2025-01-28 15:00:00+00:00,147.0,102.46,212.13,147.21637460292123,137.89907783605082
2025-01-28 16:00:00+00:00,149.6,118.56,301.15,161.88976050037638,162.5976066468438
2025-01-28 17:00:00+00:00,134.94,118.67,251.93,148.92311515239476,156.09105281544828
2025-01-28 18:00:00+00:00,128.9,100.05,202.68,125.06770450233202,134.67840648861682
2025-01-28 19:00:00+00:00,94.76,94.07,174.84,109.09014272762187,124.07403137605996
2025-01-28 20:00:00+00:00,87.26,85.08,155.19,94.28092356191495,112.74411126704885
2025-01-28 21:00:00+00:00,79.8,82.26,138.6,85.07203173229969,105.52153531083157
2025-01-28 22:00:00+00:00,64.43,69.28,125.29,70.27489903257589,90.91927117081667
2025-01-28 23:00:00+00:00,87.72,76.92,128.0,67.4281906237313,86.4352603151585
2025-01-29 00:00:00+00:00,83.39,71.53,125.06,62.54660897551852,80.94767036251659
2025-01-29 01:00:00+00:00,78.16,57.33,122.22,54.32203154855103,69.9691899646501
2025-01-29 02:00:00+00:00,75.64,69.28,121.66,60.53634739427484,76.25597512363849
2025-01-29 03:00:00+00:00,79.01,76.92,123.16,67.41061150997938,81.68427382068805
2025-01-29 04:00:00+00:00,86.98,77.59,128.32,73.9033198774327,85.55326207901442
2025-01-29 05:00:00+00:00,93.14,98.22,156.92,96.64781457350949,108.57033762512928
2025-01-29 06:00:00+00:00,141.42,125.45,208.25,125.42799430768227,138.4825648062324
2025-01-29 07:00:00+00:00,142.54,147.5,238.6,143.1565659532402,158.99098986581876
2025-01-29 08:00:00+00:00,130.45,135.3,199.41,127.98178117589738,144.36616906110598
2025-01-29 09:00:00+00:00,105.05,120.53,179.06,111.34405246234286,129.56711611560456
2025-01-29 10:00:00+00:00,89.25,116.34,172.94,101.68598146776856,124.16001497862155
2025-01-29 11:00:00+00:00,85.0,114.75,165.0,92.47798401029029,119.37658933472734
2025-01-29 12:00:00+00:00,85.53,117.39,170.0,88.01047939992146,119.05725247235267
2025-01-29 13:00:00+00:00,87.67,121.33,179.92,91.53431213548063,121.40072269664317
2025-01-29 14:00:00+00:00,102.75,139.91,195.67,112.14905433072373,136.64965284680991
2025-01-29 15:00:00+00:00,132.66,147.0,199.04,128.2644995281972,143.494066303483
2025-01-29 16:00:00+00:00,149.57,149.6,208.99,139.18565691422285,150.86138219427878
2025-01-29 17:00:00+00:00,150.09,134.94,180.43,129.92114398118514,139.89719267343432
2025-01-29 18:00:00+00:00,146.3,128.9,167.08,122.26800496569406,132.7090061684033
2025-01-29 19:00:00+00:00,131.95,94.76,134.49,95.8530875219664,104.05523825682872
2025-01-29 20:00:00+00:00,119.65,87.26,127.78,85.77766308909621,95.60771995045026
2025-01-29 21:00:00+00:00,111.99,79.8,128.09,78.60124997554304,88.83804912664624
2025-01-29 22:00:00+00:00,99.33,64.43,114.68,65.71322555635047,74.02674354649902
2025-01-29 23:00:00+00:00,92.41,87.72,113.7,70.51307961355386,82.62559289450947
2025-01-30 00:00:00+00:00,92.43,83.39,108.88,67.33688976184538,77.39739930953814
2025-01-30 01:00:00+00:00,93.33,78.16,105.58,65.54720650144546,71.75445981703106
2025-01-30 02:00:00+00:00,92.95,75.64,100.01,67.74805658031828,70.21401549876094
2025-01-30 03:00:00+00:00,92.43,79.01,97.59,75.68054211891885,73.57551226867574
2025-01-30 04:00:00+00:00,108.65,86.98,100.01,89.30406218167424,81.59488112720797
2025-01-30 05:00:00+00:00,139.83,93.14,106.41,107.83755983555808,94.22261329068488
2025-01-30 06:00:00+00:00,152.64,141.42,136.6,147.69703500612775,135.30893407704752
2025-01-30 07:00:00+00:00,160.3,142.54,159.03,155.6253163510989,140.9933576865431
2025-01-30 08:00:00+00:00,151.51,130.45,155.42,145.63367253340294,130.45511725855127
2025-01-30 09:00:00+00:00,135.09,105.05,130.94,126.11806245271812,108.56502623745301
2025-01-30 10:00:00+00:00,123.25,89.25,116.1,115.25852292590751,95.42485032316307
2025-01-30 11:00:00+00:00,115.89,85.0,94.93,110.44270280535558,88.26665376920279
2025-01-30 12:00:00+00:00,113.3,85.53,88.56,111.18868975365884,86.10786543143665
2025-01-30 13:00:00+00:00,129.41,87.67,85.86,113.77245510940395,85.08008858833163
2025-01-30 14:00:00+00:00,153.22,102.75,89.8,126.01662780412482,95.73788269168867
2025-01-30 15:00:00+00:00,160.87,132.66,89.87,143.82227699958156,115.59245605326548
2025-01-30 16:00:00+00:00,180.36,149.57,106.75,156.10698639255085,132.1268873104621
2025-01-30 17:00:00+00:00,176.58,150.09,112.0,154.78369304701204,134.541459444972
2025-01-30 18:00:00+00:00,161.28,146.3,101.87,146.2582211570582,130.5242067864495
2025-01-30 19:00:00+00:00,150.2,131.95,86.36,127.61767410483614,114.8771618518493
2025-01-30 20:00:00+00:00,134.17,119.65,74.28,111.52127199334706,102.76767318448026
2025-01-30 21:00:00+00:00,126.46,111.99,75.68,100.69276295633242,95.56483243659409
2025-01-30 22:00:00+00:00,120.2,99.33,58.23,85.24903900066404,81.42515304710604
2025-01-30 23:00:00+00:00,120.0,92.41,69.03,78.56203811844367,81.9168186185594
2025-01-31 00:00:00+00:00,117.08,92.43,58.16,74.49567223006487,78.93451566312005
2025-01-31 01:00:00+00:00,113.89,93.33,45.05,72.35100327971071,76.5728427235675
2025-01-31 02:00:00+00:00,113.12,92.95,40.6,71.92176238348105,75.31124222718006
2025-01-31 03:00:00+00:00,115.98,92.43,50.17,76.27401968412693,77.71098244914785
2025-01-31 04:00:00+00:00,120.74,108.65,73.2,93.59326416655121,94.29585307353983
2025-01-31 05:00:00+00:00,131.87,139.83,85.44,121.96409136889677,122.26172785839222
2025-01-31 06:00:00+00:00,157.97,152.64,109.16,143.12882475804776,141.3541585624122
2025-01-31 07:00:00+00:00,163.7,160.3,116.23,152.2090958047564,148.55039026022953
2025-01-31 08:00:00+00:00,154.82,151.51,96.34,142.40906637709236,138.6147380018054
2025-01-31 09:00:00+00:00,130.1,135.09,88.9,128.045175266293,123.75866727542798
2025-01-31 10:00:00+00:00,126.2,123.25,78.44,116.35374900274832,111.83930459811678
2025-01-31 11:00:00+00:00,120.06,115.89,76.48,110.15153438559847,104.66057373413702
2025-01-31 12:00:00+00:00,121.19,113.3,74.69,108.94185317509876,99.91720844427252
2025-01-31 13:00:00+00:00,119.76,129.41,74.51,121.50200006970188,107.81439162687768
2025-01-31 15:00:00+00:00,168.26,160.87,75.25,158.35687415828977,132.25214898648622
2025-01-31 16:00:00+00:00,185.26,180.36,83.02,175.43575888424846,151.28760823147644
2025-01-31 17:00:00+00:00,184.48,176.58,88.59,173.1558125537442,151.44703113114568
2025-01-31 18:00:00+00:00,178.99,161.28,91.78,161.3812687820702,140.99598031356837
2025-01-31 19:00:00+00:00,162.66,150.2,84.99,148.77618862809805,129.6992626203268
2025-01-31 20:00:00+00:00,152.7,134.17,80.79,134.73861257215225,115.84750176454193
2025-01-31 21:00:00+00:00,144.31,126.46,91.97,127.72565471353134,110.18639626162006
2025-01-31 22:00:00+00:00,131.41,120.2,86.29,118.28407045432118,101.76036081331982
2025-01-31 23:00:00+00:00,136.93,120.0,59.04,115.60445547456555,97.86185822048768
2025-02-01 00:00:00+00:00,129.42,117.08,64.96,111.19738019402226,93.63054920790873
2025-02-01 01:00:00+00:00,124.24,113.89,63.55,106.9758718127378,88.37308662508802
2025-02-01 02:00:00+00:00,119.12,113.12,67.17,105.24494979843176,84.96091758519724
2025-02-01 03:00:00+00:00,118.86,115.98,76.77,107.5609743817897,85.13707605643171
2025-02-01 04:00:00+00:00,120.54,120.74,76.89,110.65952404885331,86.25492403493107
2025-02-01 05:00:00+00:00,127.1,131.87,79.32,118.69519194616464,93.12294075306602
2025-02-01 06:00:00+00:00,144.74,157.97,76.89,134.9781072825516,109.09752450643701
2025-02-01 07:00:00+00:00,153.46,163.7,88.99,140.02848012952575,114.92905048593627
2025-02-01 08:00:00+00:00,142.44,154.82,87.31,129.11843828441584,108.63170248367604
2025-02-01 09:00:00+00:00,128.4,130.1,86.32,107.3952987372831,90.69397505452147
2025-02-01 10:00:00+00:00,120.08,126.2,88.15,97.67430206471343,86.7478553828467
2025-02-01 11:00:00+00:00,110.29,120.06,82.55,90.77590685603128,80.09021431786545
2025-02-01 12:00:00+00:00,103.4,121.19,81.98,92.57878286540088,78.766778393326
2025-02-01 13:00:00+00:00,113.7,119.76,89.0,101.41581127326697,79.65431266385471
2025-02-01 14:00:00+00:00,129.49,149.87,111.07,133.21809027506356,105.53916334171849
2025-02-01 15:00:00+00:00,154.43,168.26,132.97,158.27839115174936,124.48422341461674
2025-02-01 16:00:00+00:00,168.27,185.26,145.85,177.25160660765448,145.48559592345148
2025-02-01 17:00:00+00:00,167.51,184.48,151.0,178.88184886482495,151.29795764033264
2025-02-01 18:00:00+00:00,162.98,178.99,147.53,173.22740116032855,148.69048658510246
2025-02-01 19:00:00+00:00,156.6,162.66,137.6,160.0023840525758,136.76313715553232
2025-02-01 20:00:00+00:00,145.24,152.7,134.61,151.49401258125164,129.66017969792102
2025-02-01 21:00:00+00:00,141.73,144.31,132.26,145.1117268920493,124.52442349746478
2025-02-01 22:00:00+00:00,131.74,131.41,122.03,133.52242920668058,113.16411992534019
2025-02-01 23:00:00+00:00,133.26,136.93,126.21,135.62785338760295,120.54035916225936
2025-02-02 00:00:00+00:00,126.91,129.42,115.79,127.49326076468066,111.62967248862842
2025-02-02 01:00:00+00:00,122.99,124.24,111.3,122.33234410935879,104.83889267772302
2025-02-02 02:00:00+00:00,120.66,119.12,106.85,118.05529148227492,97.90201392220179
2025-02-02 03:00:00+00:00,122.34,118.86,105.43,117.5802433155742,94.68107333099681
2025-02-02 04:00:00+00:00,123.41,120.54,107.86,119.01004966914678,93.14022170119806
2025-02-02 05:00:00+00:00,128.09,127.1,110.6,123.39408000704177,95.15170813673166
2025-02-02 06:00:00+00:00,135.9,144.74,117.62,135.95975817058,107.43694201155833
2025-02-02 07:00:00+00:00,137.3,153.46,124.17,140.5444486930174,113.97576767279317
2025-02-02 08:00:00+00:00,137.7,142.44,121.97,129.45322664920207,107.12702384675093
2025-02-02 09:00:00+00:00,130.04,128.4,105.51,111.5484111513649,93.51501876792416
2025-02-02 10:00:00+00:00,129.33,120.08,102.57,100.83664925389544,87.05845383855896
2025-02-02 11:00:00+00:00,122.24,110.29,96.73,92.25061787482912,78.49321802606622
2025-02-02 12:00:00+00:00,111.88,103.4,90.02,89.77896050178705,72.04143996298652
2025-02-02 13:00:00+00:00,116.42,113.7,92.52,103.17828590710633,78.91651200042566
2025-02-02 14:00:00+00:00,127.97,129.49,111.63,127.20127555246839,95.61184490441984
2025-02-02 15:00:00+00:00,151.21,154.43,125.92,155.43783091918033,119.05125579851115
2025-02-02 16:00:00+00:00,164.03,168.27,132.77,173.42863130505376,137.52366378067333
2025-02-02 17:00:00+00:00,172.49,167.51,118.94,174.11872997536113,141.4629023575555
2025-02-02 18:00:00+00:00,173.95,162.98,90.32,166.76942325740004,137.31494641949052
2025-02-02 19:00:00+00:00,165.5,156.6,78.93,159.2732199551117,132.35638291487382
2025-02-02 20:00:00+00:00,155.77,145.24,68.26,149.91861079823352,124.74540833437939
2025-02-02 21:00:00+00:00,148.44,141.73,49.25,143.53715383514316,120.73858991250302
2025-02-02 22:00:00+00:00,133.24,131.74,23.89,130.59183332133549,108.57684366296382
2025-02-02 23:00:00+00:00,129.54,133.26,40.14,138.1179337243392,119.84321042375416
2025-02-03 00:00:00+00:00,126.63,126.91,35.26,132.53852872727694,113.90644323579764
2025-02-03 01:00:00+00:00,124.72,122.99,26.38,129.60731562008456,109.89173074635607
2025-02-03 02:00:00+00:00,120.04,120.66,14.07,128.5221181027026,106.76770812707665
2025-02-03 03:00:00+00:00,123.24,122.34,10.1,133.0627619027977,108.79996626541889
2025-02-03 04:00:00+00:00,127.77,123.41,21.52,142.81693499159667,115.02945988513517
2025-02-03 05:00:00+00:00,159.18,128.09,34.1,159.6328901187079,127.74972977173955
2025-02-03 06:00:00+00:00,207.88,135.9,56.99,176.19330986078785,141.60632451203617
2025-02-03 07:00:00+00:00,243.23,137.3,71.76,179.91411974819698,146.74706585927663
2025-02-03 08:00:00+00:00,178.04,137.7,62.96,169.66478541569867,144.38775924353305
2025-02-03 09:00:00+00:00,149.95,130.04,45.57,151.59733501466758,134.6994372965972
2025-02-03 10:00:00+00:00,126.05,129.33,40.11,140.61463016889866,131.83958404115913
2025-02-03 11:00:00+00:00,117.27,122.24,35.66,130.24216162703425,124.09413833761576
2025-02-03 12:00:00+00:00,115.29,111.88,38.37,124.60167178143983,114.83075294274188
2025-02-03 13:00:00+00:00,124.18,116.42,53.95,135.7551291361922,118.6490961989058
2025-02-03 14:00:00+00:00,145.86,127.97,86.79,158.6897866722904,131.3091917419859
2025-02-03 15:00:00+00:00,170.71,151.21,102.46,184.95051965336503,150.8485037161945
2025-02-03 16:00:00+00:00,216.0,164.03,118.56,199.71133074267385,165.5333408841342
2025-02-03 17:00:00+00:00,200.73,172.49,118.67,201.49379539192302,173.37849990700414
2025-02-03 18:00:00+00:00,201.1,173.95,100.05,194.93524958206143,171.8490366510366
2025-02-03 19:00:00+00:00,167.74,165.5,94.07,182.96586981331535,163.47682311621776
2025-02-03 20:00:00+00:00,153.0,155.77,85.08,170.08057464572096,153.4189265106632
2025-02-03 21:00:00+00:00,144.23,148.44,82.26,160.29174142762724,146.46548248245006
2025-02-03 22:00:00+00:00,135.81,133.24,69.28,144.91526673077408,131.6605759675236
2025-02-03 23:00:00+00:00,132.4,129.54,76.92,131.80709793983834,120.98343912864539
2025-02-04 00:00:00+00:00,125.54,126.63,71.53,127.63825519641941,117.05426609018798
2025-02-04 01:00:00+00:00,123.18,124.72,57.33,124.26738839918869,112.97908381845966
2025-02-04 02:00:00+00:00,123.99,120.04,69.28,124.83185613094649,111.7199577696612
2025-02-04 03:00:00+00:00,123.25,123.24,76.92,130.76222932141147,116.14709702408993
2025-02-04 04:00:00+00:00,127.63,127.77,77.59,138.32168823244734,121.643743794281
2025-02-04 05:00:00+00:00,155.42,159.18,98.22,166.24770867633495,150.77372704672888
2025-02-04 06:00:00+00:00,192.24,207.88,125.45,202.71561190331576,190.72117083551265
2025-02-04 07:00:00+00:00,211.99,243.23,147.5,224.51679384070292,218.27437432082058
2025-02-04 08:00:00+00:00,163.31,178.04,135.3,183.03751137690153,174.07951053569184
2025-02-04 09:00:00+00:00,136.53,149.95,120.53,157.7459971569522,152.22754079631272
2025-02-04 10:00:00+00:00,126.57,126.05,116.34,138.26428510104583,135.3141637194331
2025-02-04 11:00:00+00:00,116.89,117.27,114.75,128.67507266831498,127.20344077881202
2025-02-04 12:00:00+00:00,113.17,115.29,117.39,126.42518772469577,123.25290904233084
2025-02-04 13:00:00+00:00,120.09,124.18,121.33,136.15156214470773,127.69017949826335
2025-02-04 14:00:00+00:00,127.47,145.86,139.91,159.83480580247925,144.0829100107897
2025-02-04 15:00:00+00:00,164.81,170.71,147.0,183.28992510707857,162.88637535937661
2025-02-04 16:00:00+00:00,168.99,216.0,149.6,210.61172487393594,196.53670189534924
2025-02-04 17:00:00+00:00,175.0,200.73,134.94,197.8599172574948,187.6879823583693
2025-02-04 18:00:00+00:00,162.04,201.1,128.9,190.92271678146756,187.40586437575678
2025-02-04 19:00:00+00:00,145.01,167.74,94.76,161.6597470675407,159.2960966385583
2025-02-04 20:00:00+00:00,132.43,153.0,87.26,145.57801486012926,146.37107791020748
2025-02-04 21:00:00+00:00,129.42,144.23,79.8,134.34759348530812,137.87565409123323
2025-02-04 22:00:00+00:00,120.62,135.81,64.43,121.77002837535125,127.06666190114828
2025-02-04 23:00:00+00:00,113.34,132.4,87.72,111.02088434417442,119.00354354713096
2025-02-05 00:00:00+00:00,109.67,125.54,83.39,104.42938081847905,112.83955484806458
2025-02-05 01:00:00+00:00,109.4,123.18,78.16,101.08988915344102,109.87907883372935
2025-02-05 02:00:00+00:00,108.18,123.99,75.64,101.84821101278337,109.82473183094086
2025-02-05 03:00:00+00:00,115.17,123.25,79.01,106.52435936999419,111.35364925027592
2025-02-05 04:00:00+00:00,122.42,127.63,86.98,117.2361975456379,117.96022245936287
2025-02-05 05:00:00+00:00,139.81,155.42,93.14,143.52749227439884,143.818456573849
2025-02-05 06:00:00+00:00,165.32,192.24,141.42,180.115382731089,181.69222746136757
2025-02-05 07:00:00+00:00,180.81,211.99,142.54,193.59098451916012,198.48395358774002
2025-02-05 08:00:00+00:00,159.33,163.31,130.45,162.31613867519607,160.3153116654247
2025-02-05 09:00:00+00:00,132.19,136.53,105.05,142.03177168415064,136.59915634394932
2025-02-05 10:00:00+00:00,119.96,126.57,89.25,133.14567432138577,124.98185645428345
2025-02-05 11:00:00+00:00,115.46,116.89,85.0,127.15299642216304,115.80330717797828
2025-02-05 12:00:00+00:00,118.8,113.17,85.53,125.40634360150109,110.75389363106603
2025-02-05 13:00:00+00:00,128.85,120.09,87.67,132.23601392146952,113.72119837598842
2025-02-05 14:00:00+00:00,144.12,127.47,102.75,145.2403322504528,120.6498482084216
2025-02-05 15:00:00+00:00,160.58,164.81,132.66,176.4671805867713,150.9507844529328
2025-02-05 16:00:00+00:00,177.19,168.99,149.57,186.95420065831243,162.59408351036177
2025-02-05 17:00:00+00:00,189.9,175.0,150.09,188.75240094000537,167.7304425438688
2025-02-05 18:00:00+00:00,189.63,162.04,146.3,179.5832174684331,159.76348895244638
2025-02-05 19:00:00+00:00,170.0,145.01,131.95,163.21733576952371,142.7781692740795
2025-02-05 20:00:00+00:00,155.42,132.43,119.65,149.87098510997552,130.11090298095561
2025-02-05 21:00:00+00:00,143.7,129.42,111.99,142.63842445576296,124.92906866816021
2025-02-05 22:00:00+00:00,133.21,120.62,99.33,132.34542361443062,115.12074750619595
2025-02-05 23:00:00+00:00,133.67,113.34,92.41,126.97859053794521,104.45826322095888
2025-02-06 00:00:00+00:00,129.57,109.67,92.43,123.25960560415166,100.67434761824337
2025-02-06 01:00:00+00:00,125.87,109.4,93.33,122.85489777876532,99.6451693803745
2025-02-06 02:00:00+00:00,125.0,108.18,92.95,123.82064503144491,98.96604099842116
2025-02-06 03:00:00+00:00,125.01,115.17,92.43,129.63151111658013,103.70040838328309
2025-02-06 04:00:00+00:00,135.28,122.42,108.65,140.382785288737,112.86430062726349
2025-02-06 05:00:00+00:00,156.12,139.81,139.83,164.20013114427903,136.4649650117278
2025-02-06 06:00:00+00:00,180.09,165.32,152.64,188.24856395350469,161.7867025955947
2025-02-06 07:00:00+00:00,219.42,180.81,160.3,199.94350300545864,175.31039251360937
2025-02-06 08:00:00+00:00,178.99,159.33,151.51,182.92396700928325,154.82967493634072
2025-02-06 09:00:00+00:00,160.14,132.19,135.09,163.17977519674156,131.90271267704213
2025-02-06 10:00:00+00:00,152.56,119.96,123.25,153.36266704508898,121.18320237295816
2025-02-06 11:00:00+00:00,147.89,115.46,115.89,147.4861216636248,114.88221337242285
2025-02-06 12:00:00+00:00,145.48,118.8,113.3,145.97218621963998,114.26267212122944
2025-02-06 13:00:00+00:00,137.79,128.85,129.41,150.21749767673174,120.55750483949079
2025-02-06 14:00:00+00:00,150.8,144.12,153.22,161.17536866063773,132.8863827376702
2025-02-06 15:00:00+00:00,164.89,160.58,160.87,172.89893898947756,147.6557508221101
2025-02-06 16:00:00+00:00,171.59,177.19,180.36,183.36321958866964,165.08974815326013
2025-02-06 17:00:00+00:00,170.48,189.9,176.58,184.08929672280559,175.8772646501796
2025-02-06 18:00:00+00:00,162.95,189.63,161.28,174.709203869565,173.1644053268494
2025-02-06 19:00:00+00:00,141.33,170.0,150.2,155.1712388640043,156.60540638365217
2025-02-06 20:00:00+00:00,131.26,155.42,134.17,138.37936040374504,142.67647046278205
2025-02-06 21:00:00+00:00,134.0,143.7,126.46,125.55131476770215,132.74435150451183
2025-02-06 22:00:00+00:00,121.95,133.21,120.2,112.4159070086012,122.56236519836604
2025-02-06 23:00:00+00:00,126.05,133.67,120.0,110.33276807557024,123.37919959267289
2025-02-07 00:00:00+00:00,112.7,129.57,117.08,103.2749893904257,119.17515066618114
2025-02-07 01:00:00+00:00,108.82,125.87,113.89,98.27807347743841,115.55521678197822
2025-02-07 02:00:00+00:00,105.0,125.0,113.12,97.39984250327724,114.79560279907177
2025-02-07 03:00:00+00:00,104.81,125.01,115.98,99.58963792015797,116.93251938557756
2025-02-07 04:00:00+00:00,105.07,135.28,120.74,109.20429021316194,127.38791797002074
2025-02-07 05:00:00+00:00,112.39,156.12,131.87,129.25936910594984,149.35722360771848
2025-02-07 06:00:00+00:00,141.66,180.09,157.97,153.02129866446674,174.0978488075873
2025-02-07 07:00:00+00:00,164.21,219.42,163.7,177.13550072964188,203.00902245216656
2025-02-07 08:00:00+00:00,150.36,178.99,154.82,152.54290553892258,173.81157747267338
2025-02-07 09:00:00+00:00,133.88,160.14,130.1,132.7425091725656,154.1950455918535
2025-02-07 10:00:00+00:00,115.14,152.56,126.2,122.96325222878902,145.9875607277742
2025-02-07 11:00:00+00:00,111.49,147.89,120.06,117.38497215469175,139.88529676920774
2025-02-07 12:00:00+00:00,106.77,145.48,121.19,115.43791983432062,135.79460666646605
2025-02-07 13:00:00+00:00,109.59,137.79,119.76,113.59750841004364,128.6150118142305
2025-02-07 14:00:00+00:00,111.68,150.8,149.87,130.60427577666036,141.6736606215241
2025-02-07 15:00:00+00:00,126.61,164.89,168.26,147.7834712055661,155.42911277992877
2025-02-07 16:00:00+00:00,142.85,171.59,185.26,158.27365728947564,167.3063935012384
2025-02-07 17:00:00+00:00,149.05,170.48,184.48,155.08966873695428,169.41516051722445
2025-02-07 18:00:00+00:00,144.32,162.95,178.99,145.6852048001802,163.7923852366506
2025-02-07 19:00:00+00:00,126.93,141.33,162.66,125.32827804041663,143.5777247736003
2025-02-07 20:00:00+00:00,100.0,131.26,152.7,112.9962265980318,132.31048901265646
2025-02-07 21:00:00+00:00,98.72,134.0,144.31,109.86808067793281,130.77808380129977
2025-02-07 22:00:00+00:00,100.14,121.95,131.41,98.33701179584185,118.41955676401439
2025-02-07 23:00:00+00:00,81.34,126.05,136.93,93.57452006458759,119.12232588164915
2025-02-08 00:00:00+00:00,84.85,112.7,129.42,83.52290677745835,106.70162195317064
2025-02-08 01:00:00+00:00,85.8,108.82,124.24,79.47426031776052,100.56964014315733
2025-02-08 02:00:00+00:00,87.08,105.0,119.12,76.68766840416211,94.52626107432012
2025-02-08 03:00:00+00:00,89.69,104.81,118.86,77.54678159344178,91.60748434401121
2025-02-08 04:00:00+00:00,90.99,105.07,120.54,79.54864063968071,89.99276508403663
2025-02-08 05:00:00+00:00,90.8,112.39,127.1,85.20778413217158,93.82660765952723
2025-02-08 06:00:00+00:00,95.31,141.66,144.74,105.83095688937684,115.08643596121007
2025-02-08 07:00:00+00:00,111.11,164.21,153.46,117.47761605570436,133.57316679730366
2025-02-08 08:00:00+00:00,92.68,150.36,142.44,100.21717569840852,120.6081567579732
2025-02-08 09:00:00+00:00,79.42,133.88,128.4,81.259979678978,105.97475404629023
2025-02-08 10:00:00+00:00,68.75,115.14,120.08,65.62023315856537,91.22029691960071
2025-02-08 11:00:00+00:00,67.71,111.49,110.29,62.46942915886042,86.02520785478417
2025-02-08 12:00:00+00:00,79.85,106.77,103.4,63.897686077517406,80.64501728185049
2025-02-08 13:00:00+00:00,89.85,109.59,113.7,76.88451972723318,82.85495245599627
2025-02-08 14:00:00+00:00,118.0,111.68,129.49,96.04374527342605,89.04073302404264
2025-02-08 15:00:00+00:00,140.87,126.61,154.43,122.20586458068941,106.87562995499937
2025-02-08 16:00:00+00:00,150.0,142.85,168.27,139.39520160331148,125.67864752204704
2025-02-08 17:00:00+00:00,160.49,149.05,167.51,141.23126827286916,134.9030447648886
2025-02-08 18:00:00+00:00,161.1,144.32,162.98,136.007135718644,133.2803980770471
2025-02-08 19:00:00+00:00,156.42,126.93,156.6,124.35196965124186,120.33860519050074
2025-02-08 20:00:00+00:00,149.0,100.0,145.24,110.75645165224827,101.86255832167157
2025-02-08 21:00:00+00:00,144.0,98.72,141.73,112.19982352476552,101.88119298810334
2025-02-08 22:00:00+00:00,136.31,100.14,131.74,111.0364787406611,99.37659391409616
2025-02-08 23:00:00+00:00,135.0,81.34,133.26,106.72949512258857,93.0041013350344
2025-02-09 00:00:00+00:00,134.51,84.85,126.91,105.40181595251997,91.1473259233778
2025-02-09 01:00:00+00:00,130.18,85.8,122.99,103.47320663330578,88.35828466066314
2025-02-09 02:00:00+00:00,119.3,87.08,120.66,101.89020279826845,85.81180553546758
2025-02-09 03:00:00+00:00,116.79,89.69,122.34,101.82836711955618,84.83739165263572
2025-02-09 04:00:00+00:00,117.0,90.99,123.41,101.95044835449153,82.92730508036117
2025-02-09 06:00:00+00:00,133.43,95.31,135.9,108.04733714239804,84.28497831485596
2025-02-09 07:00:00+00:00,136.77,111.11,137.3,114.82261256103553,95.91159373576676
2025-02-09 08:00:00+00:00,123.97,92.68,137.7,99.77030604832451,84.30878335215306
2025-02-09 09:00:00+00:00,114.79,79.42,130.04,84.55409779708974,73.24172039416908
2025-02-09 10:00:00+00:00,105.65,68.75,129.33,74.57428628052008,65.21527138430847
2025-02-09 11:00:00+00:00,98.71,67.71,122.24,71.23837829437332,62.63664994463223
2025-02-09 12:00:00+00:00,95.53,79.85,111.88,76.50368592562455,67.32924415739528
2025-02-09 13:00:00+00:00,109.9,89.85,116.42,86.95554088951488,74.24238437308901
2025-02-09 14:00:00+00:00,120.4,118.0,127.97,110.75272248247828,95.66067867318307
2025-02-09 15:00:00+00:00,141.96,140.87,151.21,134.77732403737056,119.0521270667636
2025-02-09 16:00:00+00:00,148.58,150.0,164.03,147.21235267997102,134.66754478948263
2025-02-09 17:00:00+00:00,161.93,160.49,172.49,155.28112039431983,149.79034572635604
2025-02-09 18:00:00+00:00,156.13,161.1,173.95,154.5013953914571,153.5828090542562
2025-02-09 19:00:00+00:00,150.65,156.42,165.5,148.38832689293554,150.04553163412984
2025-02-09 20:00:00+00:00,142.92,149.0,155.77,140.84000850584212,143.37800550278212
2025-02-09 21:00:00+00:00,143.0,144.0,148.44,136.37448503708418,140.25323597223783
2025-02-09 22:00:00+00:00,127.97,136.31,133.24,126.93048334404259,131.94324399746068
2025-02-09 23:00:00+00:00,118.58,135.0,129.54,128.467390693892,136.9931927799635
2025-02-10 00:00:00+00:00,111.82,134.51,126.63,125.48591278988525,135.58347478695512
2025-02-10 01:00:00+00:00,109.22,130.18,124.72,122.1321782622486,132.16207224804344
2025-02-10 02:00:00+00:00,106.29,119.3,120.04,117.07499465841207,124.96682068113225
2025-02-10 03:00:00+00:00,105.85,116.79,123.24,119.5367386754004,125.44549628159515
2025-02-10 04:00:00+00:00,112.0,117.0,127.77,126.92221053774271,130.4871535936377
2025-02-10 06:00:00+00:00,162.02,133.43,207.88,163.21555383070006,162.92811940835304
2025-02-10 07:00:00+00:00,181.36,136.77,243.23,171.4544208148373,172.3991973668887
2025-02-10 08:00:00+00:00,163.18,123.97,178.04,152.2633821664664,153.2897099849622
2025-02-10 09:00:00+00:00,135.9,114.79,149.95,137.6826742617739,141.17069852457172
2025-02-10 10:00:00+00:00,115.28,105.65,126.05,124.11361031305327,129.95716779790774
2025-02-10 11:00:00+00:00,109.36,98.71,117.27,115.91253454836114,122.56951951144117
2025-02-10 12:00:00+00:00,109.74,95.53,115.29,112.98734722257424,119.24313867393928
2025-02-10 13:00:00+00:00,123.07,109.9,124.18,121.84632878686257,128.46685394954343
2025-02-10 14:00:00+00:00,128.54,120.4,145.86,132.96080612809834,139.39573935390746
2025-02-10 15:00:00+00:00,133.58,141.96,170.71,149.19898120419816,158.83248853760693
2025-02-10 16:00:00+00:00,133.82,148.58,216.0,155.77665999672735,172.09484060990917
2025-02-10 17:00:00+00:00,142.11,161.93,200.73,155.40213182885262,182.1125439350405
2025-02-10 18:00:00+00:00,114.85,156.13,201.1,145.94500424017133,178.78328721982598
2025-02-10 19:00:00+00:00,94.37,150.65,167.74,130.77197545027482,168.4562509878861
2025-02-10 20:00:00+00:00,91.48,142.92,153.0,117.94620968191514,158.89416628104252
2025-02-10 21:00:00+00:00,88.87,143.0,144.23,112.75407836381626,155.68727646826258
2025-02-10 22:00:00+00:00,87.38,127.97,135.81,98.40744731337783,141.73299933784494
2025-02-10 23:00:00+00:00,77.45,118.58,132.4,79.3595661698717,125.24195579626515
2025-02-11 00:00:00+00:00,71.1,111.82,125.54,74.15518544351072,119.2102726814337
2025-02-11 01:00:00+00:00,71.62,109.22,123.18,72.10729013817951,115.67863409111229
2025-02-11 02:00:00+00:00,74.89,106.29,123.99,73.36544993880008,113.58987702256985
2025-02-11 03:00:00+00:00,77.45,105.85,123.25,78.09534197973483,114.35399284159152
2025-02-11 04:00:00+00:00,87.44,112.0,127.63,89.72050788653823,121.6989365763901
2025-02-11 06:00:00+00:00,134.93,162.02,192.24,145.1687098231991,173.42241695552045
2025-02-11 07:00:00+00:00,155.53,181.36,211.99,161.2707244783504,189.9865565238372
2025-02-11 08:00:00+00:00,141.42,163.18,163.31,144.21502447428128,170.08046547555915
2025-02-11 09:00:00+00:00,96.65,135.9,136.53,125.13889493810738,147.09491479895527
2025-02-11 10:00:00+00:00,92.78,115.28,126.57,112.67458393744361,130.5465774190926
2025-02-11 11:00:00+00:00,97.68,109.36,116.89,109.45270425949784,123.23759699299815
2025-02-11 12:00:00+00:00,111.11,109.74,113.17,111.60121557441133,120.9368015798822
2025-02-11 13:00:00+00:00,123.46,123.07,120.09,122.86232957454088,129.4553415719462
2025-02-11 14:00:00+00:00,143.69,128.54,127.47,131.33197181575943,133.9808893160182
2025-02-11 15:00:00+00:00,144.47,133.58,164.81,142.39771702399366,144.13489011571605
2025-02-11 16:00:00+00:00,159.97,133.82,168.99,145.20401324280914,148.16636896917768
2025-02-11 17:00:00+00:00,168.19,142.11,175.0,149.19017466551855,157.67122491201857
2025-02-11 18:00:00+00:00,167.45,114.85,162.04,130.52767577673467,137.91169175437062
2025-02-11 19:00:00+00:00,162.63,94.37,145.01,112.91258839171255,120.08658738502433
2025-02-11 20:00:00+00:00,148.75,91.48,132.43,105.39638246864575,114.32591136304642
2025-02-11 21:00:00+00:00,142.95,88.87,129.42,101.6953104914457,110.68490713529818
2025-02-11 22:00:00+00:00,128.24,87.38,120.62,96.93524311389811,105.48401084026808
2025-02-11 23:00:00+00:00,129.13,77.45,113.34,82.68647921272107,87.62554521045197
2025-02-12 00:00:00+00:00,127.77,71.1,109.67,77.95981303778862,81.74718372444015
2025-02-12 01:00:00+00:00,126.82,71.62,109.4,78.6543086922783,81.6232303826841
2025-02-12 02:00:00+00:00,126.59,74.89,108.18,81.77151757956767,83.33241083824855
2025-02-12 03:00:00+00:00,128.74,77.45,115.17,88.12040907423128,87.2700202953674
2025-02-12 04:00:00+00:00,131.24,87.44,122.42,100.89450973927288,97.84700436294067
2025-02-12 05:00:00+00:00,151.13,100.46,139.81,120.43355834476486,115.95931418563812
2025-02-12 06:00:00+00:00,163.64,134.93,165.32,150.20076000262785,146.40903201973995
2025-02-12 07:00:00+00:00,180.0,155.53,180.81,166.37606890663704,164.6399023584947
2025-02-12 08:00:00+00:00,174.92,141.42,159.33,153.75033376535626,150.47602345215267
2025-02-12 09:00:00+00:00,162.05,96.65,132.19,124.47845690206044,115.44380386768128
2025-02-12 10:00:00+00:00,144.01,92.78,119.96,117.00632657680579,108.09987497683187
2025-02-12 11:00:00+00:00,137.28,97.68,115.46,117.35356136910318,108.1426942316118
2025-02-12 12:00:00+00:00,142.03,111.11,118.8,125.02874375998258,115.04003919329307
2025-02-12 13:00:00+00:00,149.4,123.46,128.85,134.76142714076715,122.91796492885135
2025-02-12 14:00:00+00:00,159.67,143.69,144.12,150.25983301072023,136.83772039931458
2025-02-12 15:00:00+00:00,173.21,144.47,160.58,157.68033352210927,140.8454272406281
2025-02-12 16:00:00+00:00,184.59,159.97,177.19,170.88557360079898,156.43368606655937
2025-02-12 17:00:00+00:00,197.13,168.19,189.9,176.003626388223,166.1967681672537
2025-02-12 18:00:00+00:00,192.57,167.45,189.63,172.11145096151535,163.87470755316755
2025-02-12 19:00:00+00:00,173.9,162.63,170.0,161.90692951353068,154.56885245618
2025-02-12 20:00:00+00:00,155.78,148.75,155.42,149.60376722489883,141.56131805919887
2025-02-12 21:00:00+00:00,150.38,142.95,143.7,141.95932790799512,134.13802902096432
2025-02-12 22:00:00+00:00,141.81,128.24,133.21,129.38260232281988,120.9188993608122
2025-02-12 23:00:00+00:00,140.33,129.13,133.67,131.05891451633445,115.59018622074663
2025-02-13 00:00:00+00:00,137.75,127.77,129.57,127.70332881120365,112.22591111854521
2025-02-13 01:00:00+00:00,140.79,126.82,125.87,125.96613620544423,110.04424321230896
2025-02-13 02:00:00+00:00,136.59,126.59,125.0,126.65428737618979,109.70635350437311
2025-02-13 03:00:00+00:00,140.0,128.74,125.01,129.4818154492562,111.22090715807691
2025-02-13 04:00:00+00:00,142.0,131.24,135.28,137.38784160147895,116.87196840019466
2025-02-13 05:00:00+00:00,159.99,151.13,156.12,161.26325010764617,139.45969032421573
2025-02-13 06:00:00+00:00,190.33,163.64,180.09,179.7942852302119,156.80489829261205
2025-02-13 07:00:00+00:00,222.36,180.0,219.42,196.90529888092803,175.48259807591148
2025-02-13 08:00:00+00:00,220.05,174.92,178.99,186.3801926500875,164.09097498150385
2025-02-13 09:00:00+00:00,203.89,162.05,160.14,172.670097925932,148.58422404002783
2025-02-13 10:00:00+00:00,184.68,144.01,152.56,159.93363550742566,134.89070253642086
2025-02-13 11:00:00+00:00,174.52,137.28,147.89,153.15122843496903,128.21344471634364
2025-02-13 12:00:00+00:00,170.1,142.03,145.48,153.90774519260617,130.1697412757123
2025-02-13 13:00:00+00:00,166.7,149.4,137.79,154.76107065931853,132.18989278251877
2025-02-13 14:00:00+00:00,170.1,159.67,150.8,162.6271783230968,140.89813477246537
2025-02-13 15:00:00+00:00,182.0,173.21,164.89,173.25788615191976,151.86874783047725
2025-02-13 16:00:00+00:00,213.05,184.59,171.59,183.06518337154657,164.44920045643056
2025-02-13 17:00:00+00:00,207.17,197.13,170.48,188.00033039716072,174.99275764383634
2025-02-13 18:00:00+00:00,196.52,192.57,162.95,180.3372719458784,170.67065573410173
2025-02-13 19:00:00+00:00,177.03,173.9,141.33,163.66189613708877,154.67873049475133
2025-02-13 20:00:00+00:00,162.92,155.78,131.26,148.55868587076833,139.00879583377417
2025-02-13 21:00:00+00:00,153.12,150.38,134.0,142.8603401895956,134.15952706212641
2025-02-13 22:00:00+00:00,138.97,141.81,121.95,132.87874419791706,123.82806420893124
2025-02-13 23:00:00+00:00,139.21,140.33,126.05,133.04088417360416,125.61161418556784
2025-02-14 00:00:00+00:00,132.8,137.75,112.7,128.79016608917806,120.92169760741572
2025-02-14 01:00:00+00:00,128.5,140.79,108.82,129.95788650050196,121.5155362414859
2025-02-14 02:00:00+00:00,127.65,136.59,105.0,129.29773491302805,118.1845936827298
2025-02-14 03:00:00+00:00,129.58,140.0,104.81,135.51940083985394,121.71108239808683
2025-02-14 04:00:00+00:00,139.59,142.0,105.07,144.06650043817285,126.02037816645665
2025-02-14 05:00:00+00:00,162.89,159.99,112.39,166.584460108371,145.97523791415767
2025-02-14 06:00:00+00:00,227.08,190.33,141.66,195.30748972158426,173.98300892698998
2025-02-14 07:00:00+00:00,265.64,222.36,164.21,217.63577659305258,199.99336414975477
2025-02-14 08:00:00+00:00,215.11,220.05,150.36,211.52974158368158,195.22257341833466
2025-02-14 09:00:00+00:00,181.03,203.89,133.88,196.97908901350763,179.89987247228444
2025-02-14 10:00:00+00:00,163.01,184.68,115.14,182.46196900982187,162.12165363314466
2025-02-14 11:00:00+00:00,149.86,174.52,111.49,177.05791189363424,152.87724109766788
2025-02-14 12:00:00+00:00,148.61,170.1,106.77,175.53761116231647,147.31387247581097
2025-02-14 13:00:00+00:00,155.8,166.7,109.59,176.39715210590944,143.5617289265751
2025-02-14 14:00:00+00:00,175.06,170.1,111.68,182.52343627003256,145.53503901179576
2025-02-14 15:00:00+00:00,200.0,182.0,126.61,196.14687448851527,157.0947356824838
2025-02-14 16:00:00+00:00,298.91,213.05,142.85,218.7183582249914,183.58250299090483
2025-02-14 17:00:00+00:00,293.06,207.17,149.05,216.43416201614906,183.81653850937406
2025-02-14 18:00:00+00:00,225.7,196.52,144.32,206.2098392828652,175.6726335434166
2025-02-14 19:00:00+00:00,183.55,177.03,126.93,188.23012795649234,157.8822929568236
2025-02-14 20:00:00+00:00,163.79,162.92,100.0,171.87197180912392,142.14063324034188
2025-02-14 21:00:00+00:00,153.0,153.12,98.72,161.77943354160183,133.71510403918967
2025-02-14 22:00:00+00:00,140.03,138.97,100.14,149.26046751773129,121.71345308246649
2025-02-14 23:00:00+00:00,135.29,139.21,81.34,143.8625535226622,117.52352901392659
2025-02-15 00:00:00+00:00,130.34,132.8,84.85,137.24794630899777,110.97653159132271
2025-02-15 01:00:00+00:00,120.0,128.5,85.8,132.95484200857243,105.9709941486914
2025-02-15 02:00:00+00:00,118.24,127.65,87.08,130.755524789718,102.31681433910178
2025-02-15 03:00:00+00:00,118.45,129.58,89.69,131.4025092469674,101.12701465444374
2025-02-15 04:00:00+00:00,120.37,139.59,90.99,137.91813892665823,105.74574157826459
2025-02-15 05:00:00+00:00,133.74,162.89,90.8,151.98815594249925,119.9411370625248
2025-02-15 06:00:00+00:00,148.58,227.08,95.31,187.69113691972387,162.4340668860186
2025-02-15 07:00:00+00:00,150.67,265.64,111.11,209.60544624559395,192.34523316221524
2025-02-15 08:00:00+00:00,137.01,215.11,92.68,176.39063707176086,157.63412533921706
2025-02-15 09:00:00+00:00,124.59,181.03,79.42,149.41512894819328,131.53631853862927
2025-02-15 10:00:00+00:00,118.36,163.01,68.75,133.1415952308312,115.93584841868375
2025-02-15 11:00:00+00:00,112.39,149.86,67.71,124.66709987959513,105.40591284139673
2025-02-15 12:00:00+00:00,110.01,148.61,79.85,126.9282610697114,104.60045732980159
2025-02-15 13:00:00+00:00,116.15,155.8,89.85,136.3517058944177,109.75058495967508
2025-02-15 14:00:00+00:00,128.83,175.06,118.0,158.40012684956338,127.63093812955773
2025-02-15 15:00:00+00:00,145.89,200.0,140.87,186.64355761083954,151.86091858294824
2025-02-15 16:00:00+00:00,164.54,298.91,150.0,249.55408710449478,226.49986871261487
2025-02-15 17:00:00+00:00,174.7,293.06,160.49,251.66317806860744,230.20397748766243
2025-02-15 18:00:00+00:00,164.76,225.7,161.1,216.0176476757823,189.15953542822825
2025-02-15 19:00:00+00:00,149.65,183.55,156.42,188.36889568777073,160.5863716555256
2025-02-15 20:00:00+00:00,128.31,163.79,149.0,172.04556173420102,146.72138816218458
2025-02-15 21:00:00+00:00,132.37,153.0,144.0,161.42079122653507,139.36810877789586
2025-02-15 22:00:00+00:00,124.54,140.03,136.31,147.70702269964812,127.68402794213263
2025-02-15 23:00:00+00:00,134.11,135.29,135.0,147.60609374906028,129.86207796915073
2025-02-16 00:00:00+00:00,128.9,130.34,134.51,140.55283395877163,123.75990334859408
2025-02-16 01:00:00+00:00,123.57,120.0,130.18,131.27042996613713,113.59837216679418
2025-02-16 02:00:00+00:00,119.9,118.24,119.3,126.16350848394686,108.14971217317883
2025-02-16 03:00:00+00:00,119.57,118.45,116.79,123.39244504397477,104.81386824241487
2025-02-16 04:00:00+00:00,120.18,120.37,117.0,123.2190524280102,103.5986814952843
2025-02-16 06:00:00+00:00,127.51,148.58,133.43,142.8871102324014,124.88613854582863
2025-02-16 07:00:00+00:00,129.6,150.67,136.77,144.42789592616685,129.2415841931408
2025-02-16 08:00:00+00:00,130.49,137.01,123.97,131.5559823744717,116.0174106735794
2025-02-16 09:00:00+00:00,127.7,124.59,114.79,118.95813635532721,104.40312323738154
2025-02-16 10:00:00+00:00,124.03,118.36,105.65,111.41192059961028,97.9464447180369
2025-02-16 11:00:00+00:00,124.67,112.39,98.71,107.71459613312021,91.6695564960054
2025-02-16 12:00:00+00:00,118.77,110.01,95.53,109.08430123464912,88.61317665191325
2025-02-16 13:00:00+00:00,121.02,116.15,109.9,119.36043652008198,94.71491263919421
2025-02-16 14:00:00+00:00,129.55,128.83,120.4,135.78524876561607,107.55577314267146
2025-02-16 15:00:00+00:00,137.68,145.89,141.96,157.88391439662774,127.22389485165456
2025-02-16 16:00:00+00:00,153.98,164.54,148.58,178.28343213475011,154.1546341116553
2025-02-16 17:00:00+00:00,169.98,174.7,161.93,185.00058877920523,168.4138464873887
2025-02-16 18:00:00+00:00,160.29,164.76,156.13,174.16686566886682,159.2644577003308
2025-02-16 19:00:00+00:00,153.72,149.65,150.65,160.76228781626267,146.73135321621615
2025-02-16 20:00:00+00:00,139.34,128.31,142.92,146.69704345544744,131.8709065802193
2025-02-16 21:00:00+00:00,137.62,132.37,143.0,147.44207440186113,134.84515161023026
2025-02-16 22:00:00+00:00,131.51,124.54,127.97,138.6615063775595,125.50494177093664
2025-02-16 23:00:00+00:00,128.05,134.11,118.58,148.19511919957225,138.80146530779086
2025-02-17 00:00:00+00:00,121.06,128.9,111.82,144.255901105413,133.40329991967755
2025-02-17 01:00:00+00:00,120.34,123.57,109.22,142.77052945245842,128.90232820608253
2025-02-17 02:00:00+00:00,125.52,119.9,106.29,143.57283367198227,126.43341845491922
2025-02-17 03:00:00+00:00,128.94,119.57,105.85,147.96150523873587,127.59415461740406
2025-02-17 04:00:00+00:00,131.54,120.18,112.0,157.46680523430348,133.20460948924463
2025-02-17 05:00:00+00:00,153.16,119.92,145.38,174.45021571050887,145.78139366097656
2025-02-17 06:00:00+00:00,204.74,127.51,162.02,189.29815179347554,158.39841866432806
2025-02-17 07:00:00+00:00,209.79,129.6,181.36,188.19414632816785,163.9300416447832
2025-02-17 08:00:00+00:00,171.3,130.49,163.18,173.3449927792864,160.02283298101196
2025-02-17 09:00:00+00:00,139.67,127.7,135.9,157.07047325864275,152.15921668122093
2025-02-17 10:00:00+00:00,117.19,124.03,115.28,145.7463350536379,145.46168785081625
2025-02-17 11:00:00+00:00,109.47,124.67,109.36,142.3107950417908,142.8557193638375
2025-02-17 12:00:00+00:00,106.78,118.77,109.74,140.93860520976736,136.8484520188063
2025-02-17 13:00:00+00:00,111.89,121.02,123.07,149.04073731022942,138.26676015843526
2025-02-17 14:00:00+00:00,132.27,129.55,128.54,165.3083451644736,144.87914574533528
2025-02-17 15:00:00+00:00,158.96,137.68,133.58,185.38403748315238,153.34164389233774
2025-02-17 16:00:00+00:00,222.92,153.98,133.82,203.09304626170206,168.06392180715994
2025-02-17 17:00:00+00:00,271.0,169.98,142.11,210.7762059269559,183.1339805059913
2025-02-17 18:00:00+00:00,215.36,160.29,114.85,197.5733552410619,173.1702832432096
2025-02-17 19:00:00+00:00,177.86,153.72,94.37,184.1432963739047,162.81479177210537
2025-02-17 20:00:00+00:00,155.19,139.34,91.48,169.9513673400507,149.59035944341338
2025-02-17 21:00:00+00:00,139.39,137.62,88.87,163.8212370593973,146.59188493572208
2025-02-17 22:00:00+00:00,129.57,131.51,87.38,155.3104001654143,139.36880948705303
2025-02-17 23:00:00+00:00,132.95,128.05,77.45,144.00638371125584,127.65759358091256
2025-02-18 00:00:00+00:00,125.0,121.06,71.1,137.9741749995105,121.53897688548247
2025-02-18 01:00:00+00:00,123.56,120.34,71.62,135.9810010835351,119.86270056504148
2025-02-18 02:00:00+00:00,117.11,125.52,74.89,139.72476966163882,123.60424518071964
2025-02-18 03:00:00+00:00,115.66,128.94,77.45,144.66145328650748,127.10318079969457
2025-02-18 04:00:00+00:00,121.93,131.54,87.44,152.5777065705468,132.76206680656253
2025-02-18 05:00:00+00:00,143.61,153.16,100.46,174.32855549103132,154.51664273146116
2025-02-18 06:00:00+00:00,190.34,204.74,134.93,211.28858855480308,197.06955674951863
2025-02-18 07:00:00+00:00,193.8,209.79,155.53,210.46567659716789,204.95236198150047
2025-02-18 08:00:00+00:00,143.53,171.3,141.42,175.55522855067966,177.32991822983706
2025-02-18 09:00:00+00:00,124.24,139.67,96.65,141.4472335096798,149.21665752868046
2025-02-18 10:00:00+00:00,109.71,117.19,92.78,120.45366170597609,132.7071325532167
2025-02-18 11:00:00+00:00,96.41,109.47,97.68,113.28679098853192,126.83934539367051
2025-02-18 12:00:00+00:00,88.53,106.78,111.11,114.54568799694198,124.40285146836493
2025-02-18 13:00:00+00:00,98.35,111.89,123.46,124.35094802496953,127.0963200335366
2025-02-18 14:00:00+00:00,110.0,132.27,143.69,148.93254033643507,142.83064221804847
2025-02-18 15:00:00+00:00,128.16,158.96,144.47,177.73479794795128,161.33592408398286
2025-02-18 16:00:00+00:00,177.61,222.92,159.97,221.76914688808756,209.04436020149492
2025-02-18 17:00:00+00:00,174.32,271.0,168.19,243.6985664107744,245.0832386948139
2025-02-18 18:00:00+00:00,155.91,215.36,167.45,209.14970662473755,209.41080430840003
2025-02-18 19:00:00+00:00,142.42,177.86,162.63,180.59250208703844,181.82421352429486
2025-02-18 20:00:00+00:00,129.41,155.19,148.75,160.23143660007213,162.41977544162603
2025-02-18 21:00:00+00:00,121.9,139.39,142.95,146.55747182900365,149.51290777781225
2025-02-18 22:00:00+00:00,114.45,129.57,128.24,134.92900715926717,138.7650853931479
2025-02-18 23:00:00+00:00,104.54,132.95,129.13,125.35124231585753,131.42984619887682
2025-02-19 00:00:00+00:00,99.29,125.0,127.77,119.75511991659164,124.9293205130162
2025-02-19 01:00:00+00:00,99.6,123.56,126.82,118.72803285597519,123.38364969423603
2025-02-19 02:00:00+00:00,97.29,117.11,126.59,116.09111058304043,119.26966031464096
2025-02-19 03:00:00+00:00,94.5,115.66,128.74,118.50138446344695,120.1222069037643
2025-02-19 04:00:00+00:00,97.48,121.93,131.24,126.93406322987057,127.37130663128407
2025-02-19 05:00:00+00:00,115.0,143.61,151.13,148.97631955887408,150.56986932775817
2025-02-19 06:00:00+00:00,149.5,190.34,163.64,181.25650728895394,190.11141056943805
2025-02-19 07:00:00+00:00,166.37,193.8,180.0,178.05820233978508,196.5846482892528
2025-02-19 08:00:00+00:00,128.76,143.53,174.92,138.82706212632752,159.7513505525771
2025-02-19 09:00:00+00:00,107.91,124.24,162.05,117.35611745584333,142.2782715367137
2025-02-19 10:00:00+00:00,89.28,109.71,144.01,99.53455137206473,127.54462139733087
2025-02-19 11:00:00+00:00,81.52,96.41,137.28,87.71848822672868,116.09171692712566
2025-02-19 12:00:00+00:00,82.74,88.53,142.03,84.74632754397415,108.78898596286814
2025-02-19 13:00:00+00:00,85.2,98.35,149.4,96.17218363828358,113.62212106737206
2025-02-19 14:00:00+00:00,90.63,110.0,159.67,116.09410939968798,122.48142748631997
2025-02-19 15:00:00+00:00,110.03,128.16,173.21,144.33986209017388,139.8802390194167
2025-02-19 16:00:00+00:00,131.28,177.61,184.59,178.65259406021065,180.5745499476086
2025-02-19 17:00:00+00:00,142.98,174.32,197.13,173.61687252376137,185.3515408699919
2025-02-19 18:00:00+00:00,144.42,155.91,192.57,155.754277456673,169.27562785397384
2025-02-19 19:00:00+00:00,120.9,142.42,173.9,138.7487766992711,153.20775295651927
2025-02-19 20:00:00+00:00,113.75,129.41,155.78,124.71836929592645,139.04021394991952
2025-02-19 21:00:00+00:00,107.13,121.9,150.38,116.61341027095928,130.47433255769815
2025-02-19 22:00:00+00:00,99.81,114.45,141.81,108.34022951385828,121.86073201166957
2025-02-19 23:00:00+00:00,86.17,104.54,140.33,93.23591522119658,107.81611753805792
2025-02-20 00:00:00+00:00,85.2,99.29,137.75,89.02240109187353,102.45841637111118
2025-02-20 01:00:00+00:00,84.56,99.6,140.79,89.82855180015942,102.31049041464354
2025-02-20 02:00:00+00:00,83.64,97.29,136.59,90.21922543433689,99.86928169190409
2025-02-20 03:00:00+00:00,82.18,94.5,140.0,93.11478915242363,99.19746239200605
2025-02-20 04:00:00+00:00,83.84,97.48,142.0,101.667163311272,104.82271395381822
2025-02-20 05:00:00+00:00,86.31,115.0,159.99,123.83649244833195,126.71638880392642
2025-02-20 06:00:00+00:00,110.41,149.5,190.33,152.9264748473294,160.0925998626936
2025-02-20 07:00:00+00:00,127.98,166.37,222.36,162.06926056308473,176.62878614432367
2025-02-20 08:00:00+00:00,105.87,128.76,220.05,133.18724727651949,146.46702281324082
2025-02-20 09:00:00+00:00,93.72,107.91,203.89,115.99177898866758,128.2907604839088
2025-02-20 10:00:00+00:00,87.23,89.28,184.68,102.43854124782389,111.85974134091728
2025-02-20 11:00:00+00:00,86.87,81.52,174.52,95.8614238326566,102.71222529670577
2025-02-20 12:00:00+00:00,84.51,82.74,170.1,96.60172394969078,100.32330684361655
2025-02-20 13:00:00+00:00,84.78,85.2,166.7,101.00113492969518,99.60179827275289
2025-02-20 14:00:00+00:00,90.05,90.63,170.1,110.53157751181969,103.3381511868327
2025-02-20 15:00:00+00:00,98.34,110.03,182.0,127.36862513346405,119.27396392070787
2025-02-20 16:00:00+00:00,110.13,131.28,213.05,144.27389652328364,143.44478153841897
2025-02-20 17:00:00+00:00,112.38,142.98,207.17,145.3793238779864,152.5728377628459
2025-02-20 18:00:00+00:00,122.45,144.42,196.52,138.58473656998376,150.7271056887342
2025-02-20 19:00:00+00:00,105.91,120.9,177.03,118.3322133258259,130.58441650930075
2025-02-20 20:00:00+00:00,92.41,113.75,162.92,108.14477681462546,122.09382462447061
2025-02-20 21:00:00+00:00,90.84,107.13,153.12,99.8495816297059,114.65837836954472
2025-02-20 22:00:00+00:00,83.0,99.81,138.97,90.24949762153571,105.46788926250284
2025-02-20 23:00:00+00:00,75.51,86.17,139.21,84.54203697206414,96.42588272688882
2025-02-21 00:00:00+00:00,74.99,85.2,132.8,83.81412211835713,93.98537561109234
2025-02-21 01:00:00+00:00,79.8,84.56,128.5,85.67410044690251,92.68033428956139
2025-02-21 02:00:00+00:00,83.4,83.64,127.65,89.1766118721027,91.98364110569926
2025-02-21 03:00:00+00:00,82.4,82.18,129.58,94.23814952013785,92.13352927328238
2025-02-21 04:00:00+00:00,82.03,83.84,139.59,104.65701822817059,97.96896145850602
2025-02-21 05:00:00+00:00,106.47,86.31,162.89,121.31190203057014,110.3930404549863
2025-02-21 06:00:00+00:00,152.5,110.41,227.08,150.35499952170684,140.4378543354681
2025-02-21 07:00:00+00:00,145.21,127.98,265.64,163.05116772336874,158.63694113700993
2025-02-21 08:00:00+00:00,120.98,105.87,215.11,137.1429101659423,133.36884711433055
2025-02-21 09:00:00+00:00,98.68,93.72,181.03,118.30469007308852,117.91422456393362
2025-02-21 10:00:00+00:00,83.4,87.23,163.01,105.2394815681688,107.53519989508179
2025-02-21 11:00:00+00:00,78.0,86.87,149.86,99.56588923184005,103.10232385087451
2025-02-21 12:00:00+00:00,76.41,84.51,148.61,96.3761561663099,99.05641151305754
2025-02-21 13:00:00+00:00,79.52,84.78,155.8,98.43848641239215,97.28986014184154
2025-02-21 14:00:00+00:00,82.94,90.05,175.06,109.48725992304573,102.92704870257758
2025-02-21 15:00:00+00:00,103.47,98.34,200.0,123.18340548558973,114.15489523357434
2025-02-21 16:00:00+00:00,103.45,110.13,298.91,142.64182468908228,139.6432860751304
2025-02-21 17:00:00+00:00,101.98,112.38,293.06,136.53917997539077,143.91694039379544
2025-02-21 18:00:00+00:00,81.95,122.45,225.7,124.72411065712717,141.40226519353456
2025-02-21 19:00:00+00:00,80.25,105.91,183.55,102.14874496859578,121.07123329095296
2025-02-21 20:00:00+00:00,70.85,92.41,163.79,86.67685730828029,106.92581532193933
2025-02-21 21:00:00+00:00,70.64,90.84,153.0,81.11729163057684,102.25458161576908
2025-02-21 22:00:00+00:00,64.33,83.0,140.03,71.38901744397671,92.62866428172771
2025-02-21 23:00:00+00:00,50.99,75.51,135.29,64.74825110297645,85.68958321406996
2025-02-22 00:00:00+00:00,48.62,74.99,130.34,61.23863028858322,81.94709789985241
2025-02-22 01:00:00+00:00,47.96,79.8,120.0,60.63041212458437,80.73040926547549
2025-02-22 02:00:00+00:00,42.62,83.4,118.24,61.17862644600099,79.63350268422215
2025-02-22 03:00:00+00:00,41.2,82.4,118.45,60.31996379376093,75.80045480838564
2025-02-22 04:00:00+00:00,49.15,82.03,120.37,60.74128379153079,73.18066415063149
2025-02-22 05:00:00+00:00,49.11,106.47,133.74,74.29924895359994,87.64052889068236
2025-02-22 06:00:00+00:00,61.22,152.5,148.58,101.46276088258018,119.07106680381379
2025-02-22 07:00:00+00:00,68.25,145.21,150.67,95.36763469355218,115.87010030504612
2025-02-22 08:00:00+00:00,67.74,120.98,137.01,76.607335587798,96.99691666642283
2025-02-22 09:00:00+00:00,53.21,98.68,124.59,61.35134264102231,79.43888786250353
2025-02-22 10:00:00+00:00,47.13,83.4,118.36,51.87529200066468,67.13126081040659
2025-02-22 11:00:00+00:00,40.4,78.0,112.39,50.06511265996623,61.73573783258646
2025-02-22 12:00:00+00:00,52.69,76.41,110.01,52.71591562621646,58.895172232600046
2025-02-22 13:00:00+00:00,68.0,79.52,116.15,62.22512369822434,61.183498637119264
2025-02-22 14:00:00+00:00,85.6,82.94,128.83,75.93073224280491,66.92122868638975
2025-02-22 15:00:00+00:00,100.95,103.47,145.89,98.13076714993709,86.52736287211701
2025-02-22 16:00:00+00:00,108.38,103.45,164.54,105.32614890060978,94.98160158412068
2025-02-22 17:00:00+00:00,106.98,101.98,174.7,104.57350125513258,101.01155904159926
2025-02-22 18:00:00+00:00,115.18,81.95,164.76,91.11399987022669,90.86480570326577
2025-02-22 19:00:00+00:00,103.0,80.25,149.65,83.57913705113688,86.95128096950077
2025-02-22 20:00:00+00:00,101.58,70.85,128.31,72.51924979639236,77.30307422984535
2025-02-22 21:00:00+00:00,94.27,70.64,132.37,71.67054791638722,78.32748104414682
2025-02-22 22:00:00+00:00,83.51,64.33,124.54,65.31536844545319,71.4576695413553
2025-02-22 23:00:00+00:00,91.1,50.99,134.11,65.78286036370652,69.29285540703178
2025-02-23 00:00:00+00:00,84.99,48.62,128.9,63.41686007062806,64.93575535678701
2025-02-23 01:00:00+00:00,86.21,47.96,123.57,63.13899492026444,61.73046043991852
2025-02-23 02:00:00+00:00,83.63,42.62,119.9,61.70887727871793,55.41122874809982
2025-02-23 03:00:00+00:00,85.77,41.2,119.57,63.21870303362885,51.67316789039529
2025-02-23 04:00:00+00:00,87.33,49.15,120.18,70.04685422766322,54.54560209125216
2025-02-23 05:00:00+00:00,87.7,49.11,119.92,72.9265484053872,53.49551089674471
2025-02-23 06:00:00+00:00,108.0,61.22,127.51,82.84076876467248,62.89744327282707
2025-02-23 07:00:00+00:00,112.24,68.25,129.6,85.3408896255167,66.34749564050462
2025-02-23 08:00:00+00:00,99.35,67.74,130.49,81.63754219691394,64.87746480165679
2025-02-23 09:00:00+00:00,83.0,53.21,127.7,68.38178540663739,53.36729865698497
2025-02-23 10:00:00+00:00,81.5,47.13,124.03,59.673249928048975,47.73001001545383
2025-02-23 11:00:00+00:00,71.12,40.4,124.67,52.09146823905428,42.139305244552304
2025-02-23 12:00:00+00:00,69.2,52.69,118.77,55.66143663553429,47.691568608840285
2025-02-23 13:00:00+00:00,64.75,68.0,121.02,66.33998734368926,57.556352038298186
2025-02-23 14:00:00+00:00,69.11,85.6,129.55,85.59107303909289,72.02061072052757
2025-02-23 15:00:00+00:00,84.7,100.95,137.68,108.67217531232114,88.31653499512967
2025-02-23 16:00:00+00:00,150.45,108.38,153.98,126.8210622948347,102.01545518814912
2025-02-23 17:00:00+00:00,154.69,106.98,169.98,130.99495958130314,110.76304403765317
2025-02-23 18:00:00+00:00,117.02,115.18,160.29,128.26208489164677,116.91550511299167
2025-02-23 19:00:00+00:00,96.03,103.0,153.72,114.33983055911038,109.92317114840533
2025-02-23 20:00:00+00:00,77.32,101.58,139.34,104.9729970765747,107.64383028462623
2025-02-23 21:00:00+00:00,73.81,94.27,137.62,95.91565932886785,103.3657471628182
2025-02-23 22:00:00+00:00,65.99,83.51,131.51,82.88783230940597,93.63223963254136
2025-02-23 23:00:00+00:00,70.83,91.1,128.05,87.11862829392291,104.73865206287716
2025-02-24 00:00:00+00:00,67.99,84.99,121.06,80.31543942388709,98.72704376321437
2025-02-24 01:00:00+00:00,40.98,86.21,120.34,79.83176132223159,99.02315590851681
2025-02-24 02:00:00+00:00,37.1,83.63,125.52,79.82626542998173,97.96253960956287
2025-02-24 03:00:00+00:00,65.34,85.77,128.94,83.53372176006624,100.91537689144592
2025-02-24 04:00:00+00:00,70.03,87.33,131.54,90.52361193489723,106.60793506843713
2025-02-24 05:00:00+00:00,81.0,87.7,153.16,102.56495401973987,116.61714565293687
2025-02-24 06:00:00+00:00,84.8,108.0,204.74,125.07641316639518,141.10195753737045
2025-02-24 07:00:00+00:00,106.68,112.24,209.79,125.81092852822724,146.317202468757
2025-02-24 08:00:00+00:00,93.26,99.35,171.3,108.1023005489906,131.81505998561914
2025-02-24 09:00:00+00:00,79.04,83.0,139.67,90.84645285520878,114.64055756463449
2025-02-24 10:00:00+00:00,83.44,81.5,117.19,84.67293232608722,108.9836877993724
2025-02-24 11:00:00+00:00,81.63,71.12,109.47,76.69474176335576,98.9674961946806
2025-02-24 12:00:00+00:00,83.0,69.2,106.78,76.68009292920193,95.80669640098861
2025-02-24 13:00:00+00:00,86.4,64.75,111.89,79.4195128454716,92.50800307652086
2025-02-24 14:00:00+00:00,92.55,69.11,132.27,91.25949860887113,98.91680180897185
2025-02-24 15:00:00+00:00,100.7,84.7,158.96,109.0459523420912,113.87852454624985
2025-02-24 16:00:00+00:00,112.94,150.45,222.92,154.594700843591,167.85610922673297
2025-02-24 17:00:00+00:00,137.81,154.69,271.0,163.9671427757446,180.22393423470618
2025-02-24 18:00:00+00:00,148.71,117.02,215.36,136.83923829349504,149.84456572242604
2025-02-24 19:00:00+00:00,129.27,96.03,177.86,117.38077482809368,128.52564019075805
2025-02-24 20:00:00+00:00,112.29,77.32,155.19,102.97753177420454,111.35945170679469
2025-02-24 21:00:00+00:00,112.9,73.81,139.39,98.1984016074087,104.4588515976429
2025-02-24 22:00:00+00:00,106.48,65.99,129.57,91.64000885852904,94.96878327841694
2025-02-24 23:00:00+00:00,90.6,70.83,132.95,79.73357463942789,89.91655456084386
2025-02-25 00:00:00+00:00,89.91,67.99,125.0,79.2381992609312,85.9852875714921
2025-02-25 01:00:00+00:00,93.39,40.98,123.56,68.88047218165701,67.87312272479036
2025-02-25 02:00:00+00:00,93.86,37.1,117.11,71.94452086201038,65.05758763847645
2025-02-25 03:00:00+00:00,97.43,65.34,115.66,92.91543068183448,84.22207265704925
2025-02-25 04:00:00+00:00,105.78,70.03,121.93,106.02895217471087,90.96745230409972
2025-02-25 05:00:00+00:00,144.87,81.0,143.61,128.20704350906868,106.94929241756059
2025-02-25 06:00:00+00:00,167.16,84.8,190.34,146.45631165282688,120.96613912628635
2025-02-25 07:00:00+00:00,173.34,106.68,193.8,159.07950525508897,136.91735329582545
2025-02-25 08:00:00+00:00,153.73,93.26,143.53,141.39270491696874,119.56851604252537
2025-02-25 09:00:00+00:00,140.36,79.04,124.24,126.62763864805954,105.36223443437021
2025-02-25 10:00:00+00:00,126.75,83.44,109.71,125.33272618738022,104.83187677188923
2025-02-25 11:00:00+00:00,124.63,81.63,96.41,123.75405921101074,99.48521141918886
2025-02-25 12:00:00+00:00,125.81,83.0,88.53,125.4851233568963,97.00987205279718
2025-02-25 13:00:00+00:00,134.38,86.4,98.35,131.5230584816015,97.89706101102247
2025-02-25 14:00:00+00:00,148.34,92.55,110.0,141.44107130836304,102.78295170741043
2025-02-25 15:00:00+00:00,170.68,100.7,128.16,153.43775529622897,111.79220300486433
2025-02-25 16:00:00+00:00,207.97,112.94,177.61,171.10192415865666,133.4790020761801
2025-02-25 17:00:00+00:00,233.05,137.81,174.32,180.99525830954855,151.108702567816
2025-02-25 18:00:00+00:00,188.09,148.71,155.91,178.13057802968353,153.09675037307852
2025-02-25 19:00:00+00:00,156.96,129.27,142.42,158.67841261630838,135.34149833430746
2025-02-25 20:00:00+00:00,142.47,112.29,129.41,140.79448108818903,119.31011386843245
2025-02-25 21:00:00+00:00,129.46,112.9,121.9,133.14807724071238,116.26863260842069
2025-02-25 22:00:00+00:00,115.13,106.48,114.45,122.24799325874439,108.06858940606323
2025-02-25 23:00:00+00:00,122.99,90.6,104.54,106.18855947016179,87.56982443116654
2025-02-26 00:00:00+00:00,119.82,89.91,99.29,102.58357191394063,85.19449177961006
2025-02-26 01:00:00+00:00,116.94,93.39,99.6,101.8148687788837,84.6905012463675
2025-02-26 02:00:00+00:00,115.98,93.86,97.29,100.95929187273615,83.69650450987237
2025-02-26 03:00:00+00:00,116.56,97.43,94.5,105.39505383437259,88.40383064528007
2025-02-26 04:00:00+00:00,117.27,105.78,97.48,114.88845182972887,96.80530580420027
2025-02-26 05:00:00+00:00,132.65,144.87,115.0,145.38409641534656,129.86463579359994
2025-02-26 06:00:00+00:00,159.93,167.16,149.5,168.6604722003807,152.93166805935562
2025-02-26 07:00:00+00:00,175.19,173.34,166.37,177.72443562030247,162.65901367491836
2025-02-26 08:00:00+00:00,160.22,153.73,128.76,161.4649897634676,143.15035645959512
2025-02-26 09:00:00+00:00,141.37,140.36,107.91,149.1628689335655,129.5777064976171
2025-02-26 10:00:00+00:00,129.95,126.75,89.28,137.42614323095245,117.12826040712916
2025-02-26 11:00:00+00:00,120.53,124.63,81.52,132.35560264402898,112.52977675127408
2025-02-26 12:00:00+00:00,119.89,125.81,82.74,130.21463791369342,110.72320676480783
2025-02-26 13:00:00+00:00,125.12,134.38,85.2,132.7024986721845,113.55342792649243
2025-02-26 14:00:00+00:00,132.9,148.34,90.63,141.28082830106024,121.17623364812773
2025-02-26 15:00:00+00:00,149.75,170.68,110.03,162.28933023073398,140.2096162298407
2025-02-26 16:00:00+00:00,165.01,207.97,131.28,191.52238853355266,171.3382907790624
2025-02-26 17:00:00+00:00,172.57,233.05,142.98,208.429835351255,194.13965770482577
2025-02-26 18:00:00+00:00,162.82,188.09,144.42,183.33131704065948,167.2155389660224
2025-02-26 19:00:00+00:00,147.38,156.96,120.9,155.67579758807707,140.87904965171512
2025-02-26 20:00:00+00:00,118.44,142.47,113.75,137.84549379475118,127.32634108164208
2025-02-26 21:00:00+00:00,120.94,129.46,107.13,122.70094836918118,116.25684845307863
2025-02-26 22:00:00+00:00,112.46,115.13,99.81,107.64677626592709,103.45744527123094
2025-02-26 23:00:00+00:00,101.48,122.99,86.17,95.77275879366195,98.4347488029337
2025-02-27 00:00:00+00:00,103.81,119.82,85.2,91.3727414632917,94.92716546633342
2025-02-27 01:00:00+00:00,101.24,116.94,84.56,90.06630359658803,92.67893681951271
2025-02-27 02:00:00+00:00,99.6,115.98,83.64,91.82548072740526,91.77644757531324
2025-02-27 03:00:00+00:00,100.43,116.56,82.18,96.03084742845543,92.36260147841922
2025-02-27 04:00:00+00:00,105.87,117.27,83.84,104.60367393841287,96.1016843943582
2025-02-27 05:00:00+00:00,115.18,132.65,86.31,127.35140646274652,116.167108919934
2025-02-27 06:00:00+00:00,152.32,159.93,110.41,153.7506572939696,142.8881237388016
2025-02-27 07:00:00+00:00,159.05,175.19,127.98,164.58481365620858,157.0494290643071
2025-02-27 08:00:00+00:00,142.58,160.22,105.87,150.30872403271925,141.91740020868076
2025-02-27 09:00:00+00:00,129.94,141.37,93.72,135.00974480573967,125.97783712273133
2025-02-27 10:00:00+00:00,110.0,129.95,87.23,124.78563805865628,115.48703401754031
2025-02-27 11:00:00+00:00,101.1,120.53,86.87,118.78593967263129,107.53950494546432
2025-02-27 12:00:00+00:00,109.25,119.89,84.51,119.47306387553067,105.328799494783
2025-02-27 13:00:00+00:00,110.0,125.12,84.78,123.87474337691442,107.10913931624962
2025-02-27 14:00:00+00:00,123.0,132.9,90.05,133.37400073258476,112.39933340362543
2025-02-27 15:00:00+00:00,142.62,149.75,98.34,151.56113506342905,125.98396029668821
2025-02-27 16:00:00+00:00,158.69,165.01,110.13,170.37646420750053,142.79170860611828
2025-02-27 17:00:00+00:00,174.71,172.57,112.38,175.53258012762387,152.7913224379471
2025-02-27 18:00:00+00:00,163.17,162.82,122.45,165.02493395885236,144.9675392288022
2025-02-27 19:00:00+00:00,144.61,147.38,105.91,146.50317517974165,129.0277193067816
2025-02-27 20:00:00+00:00,136.54,118.44,92.41,123.31776773080556,105.89855440617916
2025-02-27 21:00:00+00:00,124.69,120.94,90.84,117.95951961359658,104.34842971289835
2025-02-27 22:00:00+00:00,114.89,112.46,83.0,106.50703828750905,94.17970360369927
2025-02-27 23:00:00+00:00,115.47,101.48,75.51,105.25021412249494,89.74940716580589
2025-02-28 00:00:00+00:00,110.54,103.81,74.99,104.14186550646741,89.86305488983675
2025-02-28 01:00:00+00:00,109.38,101.24,79.8,103.68080830357142,88.40471510659951
2025-02-28 02:00:00+00:00,106.93,99.6,83.4,105.3856816817723,88.13003225703397
2025-02-28 03:00:00+00:00,112.03,100.43,82.4,109.05201566021128,89.21645619629872
2025-02-28 04:00:00+00:00,112.63,105.87,82.03,118.11704549791597,95.14301015449543
2025-02-28 05:00:00+00:00,135.99,115.18,106.47,138.37472983274978,112.07684513190657
2025-02-28 06:00:00+00:00,150.0,152.32,152.5,171.6114291440231,148.4639034968251
2025-02-28 07:00:00+00:00,161.82,159.05,145.21,174.90574394849546,154.50789771564547
2025-02-28 08:00:00+00:00,145.5,142.58,120.98,159.3247159163099,138.64800540207838
2025-02-28 09:00:00+00:00,127.7,129.94,98.68,146.93149328711442,125.07420666318762
2025-02-28 10:00:00+00:00,115.97,110.0,83.4,132.4860878912409,107.74974925276528
2025-02-28 11:00:00+00:00,109.51,101.1,78.0,123.97196681010044,98.62946208647253
2025-02-28 12:00:00+00:00,108.57,109.25,76.41,124.78366416848978,100.84325123316701
2025-02-28 13:00:00+00:00,111.58,110.0,79.52,124.39845321145266,99.29996994339461
2025-02-28 14:00:00+00:00,125.57,123.0,82.94,135.12437607832788,108.28597144371822
2025-02-28 15:00:00+00:00,135.05,142.62,103.47,154.47327226840912,125.61144245512828
2025-02-28 16:00:00+00:00,152.85,158.69,103.45,170.33526382453806,139.70170705758693
2025-02-28 17:00:00+00:00,161.24,174.71,101.98,179.74035402727392,153.28548081504277
2025-02-28 18:00:00+00:00,158.86,163.17,81.95,167.5839290664979,142.8545522411374
2025-02-28 19:00:00+00:00,143.96,144.61,80.25,151.03374410877973,127.18942269495251
2025-02-28 20:00:00+00:00,132.94,136.54,70.85,139.32931073283598,116.51498238610368
2025-02-28 21:00:00+00:00,127.43,124.69,70.64,129.4002394381696,107.55169288430282
2025-02-28 22:00:00+00:00,119.03,114.89,64.33,118.53924236557734,97.04291352668884
2025-02-28 23:00:00+00:00,128.19,115.47,50.99,115.67898168645551,96.16849563626587
2025-03-01 00:00:00+00:00,120.38,110.54,48.62,109.58537967336858,89.96221559131536
2025-03-01 01:00:00+00:00,117.09,109.38,47.96,106.68323394141437,86.15694235390663
2025-03-01 02:00:00+00:00,112.15,106.93,42.62,104.14940903135935,81.25143417499862
2025-03-01 03:00:00+00:00,109.75,112.03,41.2,106.0794261323198,81.36886555570841
2025-03-01 04:00:00+00:00,114.38,112.63,49.15,108.04285133262597,80.38235577253101
2025-03-01 05:00:00+00:00,118.86,135.99,49.11,122.0611275400949,94.11443631681111
2025-03-01 06:00:00+00:00,135.79,150.0,61.22,133.31936612758767,105.79006162337795
2025-03-01 07:00:00+00:00,138.79,161.82,68.25,139.34539866952065,114.94775899778797
2025-03-01 08:00:00+00:00,137.74,145.5,67.74,126.74454243986544,103.24159028408276
2025-03-01 09:00:00+00:00,125.08,127.7,53.21,110.10500019834141,88.05105256288152
2025-03-01 10:00:00+00:00,112.11,115.97,47.13,98.15918963046606,76.95521481231066
2025-03-01 11:00:00+00:00,102.21,109.51,40.4,89.86614157924458,69.72614883578586
2025-03-01 12:00:00+00:00,97.27,108.57,52.69,88.1505749865401,69.27922297413707
2025-03-01 13:00:00+00:00,99.39,111.58,68.0,92.29209866914823,72.56116917744555
2025-03-01 14:00:00+00:00,109.23,125.57,85.6,108.75689210624729,86.65255220007421
2025-03-01 15:00:00+00:00,125.41,135.05,100.95,127.82782182790719,100.2535915891876
2025-03-01 16:00:00+00:00,145.0,152.85,108.38,150.84206985397333,120.2789461794656
2025-03-01 17:00:00+00:00,158.55,161.24,106.98,159.4043742050271,133.03315979654474
2025-03-01 18:00:00+00:00,150.78,158.86,115.18,156.24573583017332,134.9566182307537
2025-03-01 19:00:00+00:00,137.29,143.96,103.0,141.0065158901936,122.78676193597607
2025-03-01 20:00:00+00:00,128.6,132.94,101.58,130.92079934542073,115.82281459587509
2025-03-01 21:00:00+00:00,123.57,127.43,94.27,124.30020362949058,111.48818556623392
2025-03-01 22:00:00+00:00,119.92,119.03,83.51,114.51267511540414,102.9289347110081
2025-03-01 23:00:00+00:00,123.94,128.19,91.1,119.96020163379838,114.75557985828067
2025-03-02 00:00:00+00:00,107.54,120.38,84.99,111.11433334899085,106.2081873947597
2025-03-02 01:00:00+00:00,99.32,117.09,86.21,106.43543539516882,101.88817630196374
2025-03-02 02:00:00+00:00,93.01,112.15,83.63,101.57770922630125,95.78036490916581
2025-03-02 03:00:00+00:00,94.23,109.75,85.77,99.3222590647658,91.65514339059716
2025-03-02 04:00:00+00:00,93.98,114.38,87.33,100.49463130595765,90.73020408136745
2025-03-02 05:00:00+00:00,95.89,118.86,87.7,103.76738465063934,91.49379259126795
2025-03-02 06:00:00+00:00,102.6,135.79,108.0,115.31370635970517,103.79852217026269
2025-03-02 07:00:00+00:00,103.11,138.79,112.24,112.78156574802581,107.31435370266254
2025-03-02 08:00:00+00:00,89.0,137.74,99.35,100.9873453941465,104.04435971131998
2025-03-02 09:00:00+00:00,68.3,125.08,83.0,80.48468892710419,92.00312391431012
2025-03-02 10:00:00+00:00,49.0,112.11,81.5,64.07125027103139,82.17985303824148
2025-03-02 11:00:00+00:00,27.5,102.21,71.12,52.555954855292796,72.88640793276015
2025-03-02 12:00:00+00:00,3.13,97.27,69.2,48.2943535936533,67.45348819651569
2025-03-02 13:00:00+00:00,2.84,99.39,64.75,54.62869417792103,68.12688874922452
2025-03-02 14:00:00+00:00,50.73,109.23,69.11,75.04922469314472,77.86008372992397
2025-03-02 15:00:00+00:00,80.43,125.41,84.7,106.89417675094647,95.00955464559625
2025-03-02 16:00:00+00:00,126.55,145.0,150.45,144.4755362308216,124.07412173698087
2025-03-02 17:00:00+00:00,143.09,158.55,154.69,159.127684901039,141.5334139773598
2025-03-02 18:00:00+00:00,146.1,150.78,117.02,149.28092131936066,135.4909037358526
2025-03-02 19:00:00+00:00,132.98,137.29,96.03,135.0463740615678,124.36941856792241
2025-03-02 20:00:00+00:00,120.0,128.6,77.32,124.5203782386094,117.25871936866673
2025-03-02 21:00:00+00:00,120.79,123.57,73.81,118.38213155309367,114.59767889032543
2025-03-02 22:00:00+00:00,112.78,119.92,65.99,110.4427698044126,109.55957395051787
2025-03-02 23:00:00+00:00,108.01,123.94,70.83,114.77404950636384,121.35831053599833
2025-03-03 00:00:00+00:00,103.69,107.54,67.99,105.19712401214107,109.88117565725129
2025-03-03 01:00:00+00:00,102.79,99.32,40.98,98.48608307812465,101.1705416953844
2025-03-03 02:00:00+00:00,99.7,93.01,37.1,97.03498212333123,97.05736126808931
2025-03-03 03:00:00+00:00,103.37,94.23,65.34,104.36165548684346,102.40987605000917
2025-03-03 04:00:00+00:00,116.7,93.98,70.03,112.42294159960176,107.25818349644501
2025-03-03 05:00:00+00:00,137.51,95.89,81.0,127.58392191504274,118.65480742430302
2025-03-03 06:00:00+00:00,163.0,102.6,84.8,136.81634992676476,129.41550037740313
2025-03-03 07:00:00+00:00,147.52,103.11,106.68,129.62322431560338,134.74771138949842
2025-03-03 08:00:00+00:00,106.74,89.0,93.26,104.59063925942648,122.82758361379672
2025-03-03 09:00:00+00:00,72.39,68.3,79.04,78.69504737581406,105.31587090455852
2025-03-03 10:00:00+00:00,6.4,49.0,83.44,60.60067988056127,91.07496425194397
2025-03-03 11:00:00+00:00,0.33,27.5,81.63,47.28073796662634,74.94401581389725
2025-03-03 12:00:00+00:00,0.01,3.13,83.0,38.87642251174592,58.32921650271366
2025-03-03 13:00:00+00:00,61.4,2.84,86.4,47.33036622495858,57.42779106422556
2025-03-03 14:00:00+00:00,84.1,50.73,92.55,88.06276119492455,90.01961128541612
2025-03-03 15:00:00+00:00,106.36,80.43,100.7,126.75585799609838,112.79835993455032
2025-03-03 16:00:00+00:00,148.79,126.55,112.94,168.81309017532936,147.6146429267037
2025-03-03 17:00:00+00:00,183.95,143.09,137.81,183.82237488104136,165.41691973042606
2025-03-03 18:00:00+00:00,175.93,146.1,148.71,182.75179707175295,169.18069630141102
2025-03-03 19:00:00+00:00,150.49,132.98,129.27,165.75367708609625,154.55454941456463
2025-03-03 20:00:00+00:00,128.21,120.0,112.29,150.5978169660394,141.25102136720142
2025-03-03 21:00:00+00:00,124.93,120.79,112.9,145.70497505018886,139.6106595123179
2025-03-03 22:00:00+00:00,122.46,112.78,106.48,135.47582718335013,130.71028008352113
2025-03-03 23:00:00+00:00,121.0,108.01,90.6,121.02996876516454,117.19535070403488
2025-03-04 00:00:00+00:00,109.44,103.69,89.91,117.26411376045405,112.57700468556763
2025-03-04 01:00:00+00:00,103.79,102.79,93.39,117.0694400876018,111.30841198477884
2025-03-04 02:00:00+00:00,104.82,99.7,93.86,117.6788552407238,109.40248920668081
2025-03-04 03:00:00+00:00,100.28,103.37,97.43,123.02981479153405,113.10259507153638
2025-03-04 04:00:00+00:00,111.51,116.7,105.78,136.32792922871818,125.35740799910481
2025-03-04 05:00:00+00:00,141.86,137.51,144.87,163.30070628464622,151.18522479572357
2025-03-04 06:00:00+00:00,169.61,163.0,167.16,183.9116886914275,175.20913642351178
2025-03-04 07:00:00+00:00,141.95,147.52,173.34,168.39381088111094,167.5938065778201
2025-03-04 08:00:00+00:00,110.98,106.74,153.73,129.69030804789492,136.54668383515335
2025-03-04 09:00:00+00:00,80.02,72.39,140.36,95.16678792719773,109.21358520825478
2025-03-04 10:00:00+00:00,48.58,6.4,126.75,50.17872320576814,62.03694405633886
2025-03-04 11:00:00+00:00,20.53,0.33,124.63,40.72681544911948,54.44146282890076
2025-03-04 12:00:00+00:00,14.34,0.01,125.81,38.82290397166341,49.834216648321835
2025-03-04 13:00:00+00:00,52.31,61.4,134.38,74.30603735621881,87.6009696728088
2025-03-04 14:00:00+00:00,81.29,84.1,148.34,103.54845930560177,107.43855861749184
2025-03-04 15:00:00+00:00,111.15,106.36,170.68,138.95977260903635,127.38613304111595
2025-03-04 16:00:00+00:00,148.61,148.79,207.97,183.55148523951402,165.8584474075061
2025-03-04 17:00:00+00:00,180.92,183.95,233.05,207.39677640020443,195.90169987987883
2025-03-04 18:00:00+00:00,163.67,175.93,188.09,192.89115475870472,185.58899763709735
2025-03-04 19:00:00+00:00,134.13,150.49,156.96,166.63833583276008,161.7922625567989
2025-03-04 20:00:00+00:00,114.38,128.21,142.47,144.38399339592002,142.37275084278966
2025-03-04 21:00:00+00:00,114.41,124.93,129.46,134.41363686052046,136.98370814381852
2025-03-04 22:00:00+00:00,106.81,122.46,115.13,125.13366947930345,130.9369208583333
2025-03-04 23:00:00+00:00,90.05,121.0,122.99,112.15859385100357,119.86539160706957
2025-03-05 00:00:00+00:00,83.07,109.44,119.82,104.24711417177551,111.35197427394424
2025-03-05 01:00:00+00:00,83.01,103.79,116.94,100.23653392986039,106.98294524389789
2025-03-05 02:00:00+00:00,79.71,104.82,115.98,100.92009729889728,107.46153171259877
2025-03-05 03:00:00+00:00,81.63,100.28,116.56,101.11119695366709,105.7629649512077
2025-03-05 04:00:00+00:00,91.94,111.51,117.27,112.09207130169453,116.7531003294842
2025-03-05 05:00:00+00:00,115.57,141.86,132.65,137.6619909048562,145.32077131319275
2025-03-05 06:00:00+00:00,140.16,169.61,159.93,157.42384953134922,172.88978717534354
2025-03-05 07:00:00+00:00,85.64,141.95,175.19,131.06085480411076,157.7805062272418
2025-03-05 08:00:00+00:00,41.63,110.98,160.22,95.40047469724337,131.6948402386323
2025-03-05 09:00:00+00:00,0.02,80.02,141.37,68.24643106628227,105.01156711498945
2025-03-05 10:00:00+00:00,-0.07,48.58,129.95,42.11534162116428,75.59537764382186
2025-03-05 11:00:00+00:00,-4.28,20.53,120.53,23.58476850836128,53.624507564471024
2025-03-05 12:00:00+00:00,-3.7,14.34,119.89,20.976279950076716,46.453728086904206
2025-03-05 13:00:00+00:00,0.05,52.31,125.12,48.046856974263434,72.64607629694558
2025-03-05 14:00:00+00:00,48.5,81.29,132.9,78.13648628099259,92.42160504060129
2025-03-05 15:00:00+00:00,89.89,111.15,149.75,118.30466332970099,116.07074174093981
2025-03-05 16:00:00+00:00,133.13,148.61,165.01,159.5092643091093,148.61214848244262
2025-03-05 17:00:00+00:00,146.23,180.92,172.57,180.87964241381198,176.04426120323046
2025-03-05 18:00:00+00:00,145.89,163.67,162.82,166.73391602075938,164.68992591428974
2025-03-05 19:00:00+00:00,123.0,134.13,147.38,140.3512349581767,139.27410256919478
2025-03-05 20:00:00+00:00,108.12,114.38,118.44,119.17786022594399,119.09812361052971
2025-03-05 21:00:00+00:00,109.12,114.41,120.94,114.07443253989388,117.23413855488488
2025-03-05 22:00:00+00:00,96.98,106.81,112.46,104.24759657587188,108.71027315891821
2025-03-05 23:00:00+00:00,83.9,90.05,101.48,85.02166982311881,90.3279377122752
2025-03-06 00:00:00+00:00,84.84,83.07,103.81,80.98633035202661,84.86624423101918
2025-03-06 01:00:00+00:00,87.0,83.01,101.24,81.25852988705243,83.74220020071276
2025-03-06 02:00:00+00:00,88.12,79.71,99.6,81.89434180624684,81.55839688877228
2025-03-06 03:00:00+00:00,94.56,81.63,100.43,86.89237262580906,83.32633948898439
2025-03-06 04:00:00+00:00,95.91,91.94,105.87,99.46433898369084,93.70098638864707
2025-03-06 05:00:00+00:00,139.28,115.57,115.18,124.91712734554687,118.51828022047016
2025-03-06 06:00:00+00:00,151.32,140.16,152.32,146.86683954083077,145.66031988338682
2025-03-06 07:00:00+00:00,108.5,85.64,159.05,107.46984264239883,110.6225670442301
2025-03-06 08:00:00+00:00,78.7,41.63,142.58,67.41778976260456,76.65204273098732
2025-03-06 09:00:00+00:00,50.47,0.02,129.94,35.215013340228545,44.56953919289548
2025-03-06 10:00:00+00:00,4.02,-0.07,110.0,26.687851168184494,38.43684149804643
2025-03-06 11:00:00+00:00,0.08,-4.28,101.1,19.743169625442647,30.494232004389147
2025-03-06 12:00:00+00:00,0.02,-3.7,109.25,22.250541877918025,29.301653657415528
2025-03-06 13:00:00+00:00,13.16,0.05,110.0,31.651838306406674,32.107375062898534
2025-03-06 14:00:00+00:00,71.0,48.5,123.0,72.56715122737765,65.8881185222603
2025-03-06 15:00:00+00:00,116.52,89.89,142.62,117.82992526186484,97.65194500561269
2025-03-06 16:00:00+00:00,148.95,133.13,158.69,159.88905936258476,133.40174963426173
2025-03-06 17:00:00+00:00,165.36,146.23,174.71,170.16682833129596,149.77891084897962
2025-03-06 18:00:00+00:00,149.1,145.89,163.17,160.38486704886034,147.95827600608152
2025-03-06 19:00:00+00:00,125.64,123.0,144.61,135.45753311962721,127.27915578966349
2025-03-06 20:00:00+00:00,106.63,108.12,136.54,117.68964796769629,113.64772382667651
2025-03-06 21:00:00+00:00,101.47,109.12,124.69,110.56341651679078,111.03100218357955
2025-03-06 22:00:00+00:00,91.11,96.98,114.89,98.09849974719805,98.87652857879871
2025-03-06 23:00:00+00:00,90.27,83.9,115.47,94.5283999821144,92.51356935601353
2025-03-07 01:00:00+00:00,91.38,87.0,109.38,96.00379318087674,91.86526399172583
2025-03-07 02:00:00+00:00,91.69,88.12,106.93,99.23371054453649,92.27187550279994
2025-03-07 03:00:00+00:00,99.0,94.56,112.03,107.74972561338284,97.95964521521063
2025-03-07 04:00:00+00:00,115.17,95.91,112.63,116.01796831760791,102.02563616123214
2025-03-07 05:00:00+00:00,135.67,139.28,135.99,153.12707624819276,141.1363169469188
2025-03-07 06:00:00+00:00,147.7,151.32,150.0,165.3435292158594,156.14258236708505
2025-03-07 07:00:00+00:00,122.23,108.5,161.82,133.63555110970285,127.59052641567727
2025-03-07 08:00:00+00:00,83.0,78.7,145.5,100.69135154270444,101.6238039502316
2025-03-07 09:00:00+00:00,65.3,50.47,127.7,72.3304627474104,75.86943836607048
2025-03-07 10:00:00+00:00,31.81,4.02,115.97,41.05095694573078,42.24450880642179
2025-03-07 11:00:00+00:00,12.79,0.08,109.51,34.30179400168509,35.84538451058345
2025-03-07 12:00:00+00:00,8.08,0.02,108.57,34.73838592260913,32.39728794468112
2025-03-07 13:00:00+00:00,37.06,13.16,111.58,47.708142959187164,38.251558617797464
2025-03-07 14:00:00+00:00,90.15,71.0,125.57,94.19881335501542,79.8517662801975
2025-03-07 15:00:00+00:00,126.99,116.52,135.05,140.63324791189524,114.16532115807311
2025-03-07 16:00:00+00:00,149.91,148.95,152.85,178.6370728370725,143.10609429510257
2025-03-07 17:00:00+00:00,216.64,165.36,161.24,192.87115496934513,159.13363246567835
2025-03-07 18:00:00+00:00,178.68,149.1,158.86,180.68319617853365,149.48559497336643
2025-03-07 19:00:00+00:00,148.7,125.64,143.96,158.70912357613102,128.57129149288605
2025-03-07 20:00:00+00:00,132.4,106.63,132.94,140.5140236407221,111.7217478274452
2025-03-07 21:00:00+00:00,119.11,101.47,127.43,132.09162471850522,106.3542449684743
2025-03-07 22:00:00+00:00,111.83,91.11,119.03,120.58768897383317,95.52309966608992
2025-03-07 23:00:00+00:00,124.97,90.27,128.19,121.4532554998132,93.90436035815088
2025-03-08 01:00:00+00:00,117.22,91.38,117.09,115.82021625023434,88.29480307117772
2025-03-08 02:00:00+00:00,116.76,91.69,112.15,114.240132044501,85.16766541384465
2025-03-08 03:00:00+00:00,118.42,99.0,109.75,116.88689719134621,86.79609899258656
2025-03-08 04:00:00+00:00,121.3,115.17,114.38,124.7756488945409,94.32579212970187
2025-03-08 05:00:00+00:00,127.82,135.67,118.86,136.7493043726796,108.31265455825528
2025-03-08 06:00:00+00:00,120.59,147.7,135.79,140.14145702773234,117.60236094537676
2025-03-08 07:00:00+00:00,98.04,122.23,138.79,111.61797472264975,98.77195158434195
2025-03-08 08:00:00+00:00,72.54,83.0,137.74,73.91961248967134,70.96876868602027
2025-03-08 09:00:00+00:00,18.05,65.3,125.08,50.631558537553,54.32546354262353
2025-03-08 10:00:00+00:00,2.07,31.81,112.11,24.74110956222762,26.150239617941224
2025-03-08 11:00:00+00:00,-0.34,12.79,102.21,10.70650014130058,10.274114892347143
2025-03-08 12:00:00+00:00,-0.1,8.08,97.27,7.672868292392451,4.309975862898469
2025-03-08 13:00:00+00:00,0.07,37.06,99.39,27.975032847047387,22.78020565702178
2025-03-08 14:00:00+00:00,56.2,90.15,109.23,71.97986312922043,64.19588113033298
2025-03-08 15:00:00+00:00,100.86,126.99,125.41,115.52363608094703,97.40882783211337
2025-03-08 16:00:00+00:00,145.58,149.91,145.0,147.24380392279033,122.92126021130649
2025-03-08 17:00:00+00:00,174.05,216.64,158.55,185.3706547543206,175.98872531814544
2025-03-08 18:00:00+00:00,140.03,178.68,150.78,160.31340567347792,153.67772381927327
2025-03-08 19:00:00+00:00,111.21,148.7,137.29,135.32353390338886,131.37004227449103
2025-03-08 20:00:00+00:00,100.0,132.4,128.6,120.82040810016875,119.01689663998538
2025-03-08 21:00:00+00:00,99.24,119.11,123.57,111.66911794238776,109.96098144914654
2025-03-08 22:00:00+00:00,97.94,111.83,119.92,105.80608691151859,103.02274068824025
2025-03-08 23:00:00+00:00,95.19,124.97,123.94,116.39017493543923,117.83066445960958
2025-03-09 01:00:00+00:00,94.44,117.22,99.32,109.6145161957193,104.95912000713112
2025-03-09 02:00:00+00:00,96.51,116.76,93.01,108.71293851338783,101.27140722437525
2025-03-09 03:00:00+00:00,98.67,118.42,94.23,109.39985151363007,99.88223135344735
2025-03-09 04:00:00+00:00,101.51,121.3,93.98,110.96710084453946,99.55113337818105
2025-03-09 05:00:00+00:00,100.0,127.82,95.89,115.12227083023826,102.20644510406166
2025-03-09 06:00:00+00:00,93.01,120.59,102.6,108.61401311189286,97.04222001620575
2025-03-09 07:00:00+00:00,65.4,98.04,103.11,84.94098082623654,81.08289532885644
2025-03-09 08:00:00+00:00,29.27,72.54,89.0,57.19422104294084,60.04268156319903
2025-03-09 09:00:00+00:00,10.1,18.05,68.3,19.591481037476683,20.61214250372467
2025-03-09 10:00:00+00:00,0.03,2.07,49.0,3.7046914998211946,4.807231029106276
2025-03-09 11:00:00+00:00,-2.26,-0.34,27.5,-2.481897608162626,-2.63852499861423
2025-03-09 12:00:00+00:00,-2.04,-0.1,3.13,-4.151940431788816,-8.233935225909349
2025-03-09 13:00:00+00:00,0.09,0.07,2.84,4.614549238306267,-6.311897999833562
2025-03-09 14:00:00+00:00,17.39,56.2,50.73,54.28821447745069,41.71762385137143
2025-03-09 15:00:00+00:00,90.56,100.86,80.43,102.93024725153246,80.99074974776285
2025-03-09 16:00:00+00:00,125.74,145.58,126.55,151.30806000147,124.06995035535189
2025-03-09 17:00:00+00:00,135.37,174.05,143.09,176.29576900771792,156.7605978871484
2025-03-09 18:00:00+00:00,136.7,140.03,146.1,158.26976056730808,137.08322653419108
2025-03-09 19:00:00+00:00,130.2,111.21,132.98,139.68309559330612,116.376557219328
2025-03-09 20:00:00+00:00,122.7,100.0,120.0,131.72375152589643,107.77099747475874
2025-03-09 21:00:00+00:00,112.8,99.24,120.79,131.60217251262782,107.78001189685418
2025-03-09 22:00:00+00:00,106.83,97.94,112.78,128.19226720903768,104.3437281737278
2025-03-09 23:00:00+00:00,96.83,95.19,108.01,130.54824565406687,110.66762451152178
2025-03-10 00:00:00+00:00,94.92,94.81,103.69,129.37117402294407,108.65241444767332
2025-03-10 01:00:00+00:00,96.7,94.44,102.79,130.47266382463232,108.80968771233255
2025-03-10 02:00:00+00:00,96.87,96.51,99.7,133.489445091369,110.23117014752133
2025-03-10 03:00:00+00:00,94.65,98.67,103.37,138.17075184687667,112.80290292786604
2025-03-10 04:00:00+00:00,106.37,101.51,116.7,148.77202025367637,120.31434507212609
2025-03-10 05:00:00+00:00,148.49,100.0,137.51,163.5626947680705,130.50208956695994
2025-03-10 06:00:00+00:00,159.75,93.01,163.0,167.07596077828183,133.6289465143458
2025-03-10 07:00:00+00:00,133.96,65.4,147.52,142.61187993912867,114.21925996812975
2025-03-10 08:00:00+00:00,98.88,29.27,106.74,106.12632867759976,82.7107596030652
2025-03-10 09:00:00+00:00,84.38,10.1,72.39,81.38147091740612,60.094002491046346
2025-03-10 10:00:00+00:00,77.88,0.03,6.4,62.244453065041895,41.41032453575924
2025-03-10 11:00:00+00:00,76.02,-2.26,0.33,58.33976012530443,36.58517023565229
2025-03-10 12:00:00+00:00,77.32,-2.04,0.01,59.95761945297776,34.477256874570834
2025-03-10 13:00:00+00:00,83.91,0.09,61.4,72.47011118127492,41.813927992073936
2025-03-10 14:00:00+00:00,97.47,17.39,84.1,94.410076259384,59.9744559316956
2025-03-10 15:00:00+00:00,127.47,90.56,106.36,145.75788542606207,113.80358226157122
2025-03-10 16:00:00+00:00,147.97,125.74,148.79,180.31946271969338,148.3771255744617
2025-03-10 17:00:00+00:00,174.92,135.37,183.95,191.32218562636035,164.39703908327814
2025-03-10 18:00:00+00:00,160.24,136.7,175.93,185.6884952088736,162.95326867096435
2025-03-10 19:00:00+00:00,142.14,130.2,150.49,171.8585373342496,151.35920138782592
2025-03-10 20:00:00+00:00,126.59,122.7,128.21,159.5857699039139,140.63030067274437
2025-03-10 21:00:00+00:00,106.88,112.8,124.93,149.69067381184362,131.74352805376992
2025-03-10 22:00:00+00:00,97.97,106.83,122.46,141.9982126753728,125.05872097999035
2025-03-10 23:00:00+00:00,104.39,96.83,121.0,127.78792760820026,109.58804293539207
2025-03-11 00:00:00+00:00,101.8,94.92,109.44,125.06514356165516,106.08448880929802
2025-03-11 01:00:00+00:00,99.73,96.7,103.79,126.25823488644104,106.184268728564
2025-03-11 02:00:00+00:00,100.5,96.87,104.82,129.44375602162327,107.18657557598935
2025-03-11 03:00:00+00:00,102.53,94.65,100.28,131.4762132828921,105.88001111514465
2025-03-11 04:00:00+00:00,110.86,106.37,111.51,145.17403088515317,117.5053895803666
2025-03-11 05:00:00+00:00,148.04,148.49,141.86,181.23798148655888,154.60491629383327
2025-03-11 06:00:00+00:00,152.98,159.75,169.61,196.0464093977908,169.6572125576947
2025-03-11 07:00:00+00:00,146.49,133.96,141.95,174.2089819500634,148.78342097737627
2025-03-11 08:00:00+00:00,128.53,98.88,110.98,141.2594676083109,117.91834560408515
2025-03-11 09:00:00+00:00,102.0,84.38,80.02,119.76181531869298,100.78740525419605
2025-03-11 10:00:00+00:00,97.48,77.88,48.58,105.93855745814567,89.2197838451638
2025-03-11 11:00:00+00:00,96.44,76.02,20.53,98.27145130703762,81.15421585090145
2025-03-11 12:00:00+00:00,98.38,77.32,14.34,97.80628584955716,77.85949050833639
2025-03-11 13:00:00+00:00,102.35,83.91,52.31,107.30991311918994,83.9687090902696
2025-03-11 14:00:00+00:00,112.84,97.47,81.29,123.46937215744836,96.0700704615959
2025-03-11 15:00:00+00:00,132.86,127.47,111.15,153.49950894965187,124.82341429774587
2025-03-11 16:00:00+00:00,171.95,147.97,148.61,178.56922135177524,147.75251051192657
2025-03-11 17:00:00+00:00,205.02,174.92,180.92,198.8762874521617,173.06032370577174
2025-03-11 18:00:00+00:00,180.95,160.24,163.67,186.38050284028475,162.67115408027607
2025-03-11 19:00:00+00:00,149.43,142.14,134.13,167.16403294565535,145.15576782370573
2025-03-11 20:00:00+00:00,133.0,126.59,114.38,150.65119829297947,130.30405928034568
2025-03-11 21:00:00+00:00,121.25,106.88,114.41,135.13085349810495,115.24968619076841
2025-03-11 22:00:00+00:00,107.34,97.97,106.81,124.4463494673422,105.84180682278244
2025-03-11 23:00:00+00:00,101.73,104.39,90.05,110.84197152420673,95.78688139080263
2025-03-12 00:00:00+00:00,100.09,101.8,83.07,107.78120538960154,92.32110177243129
2025-03-12 01:00:00+00:00,97.79,99.73,83.01,107.61229088159337,90.82660995337649
2025-03-12 02:00:00+00:00,97.38,100.5,79.71,110.2509270062189,91.22396056812764
2025-03-12 03:00:00+00:00,101.8,102.53,81.63,115.67289520334141,93.3617536073435
2025-03-12 04:00:00+00:00,110.31,110.86,91.94,128.4919149875812,103.37076754194221
2025-03-12 05:00:00+00:00,144.54,148.04,115.57,162.20824333517464,139.28180079247113
2025-03-12 06:00:00+00:00,161.64,152.98,140.16,174.64958567128303,151.18162619135717
2025-03-12 07:00:00+00:00,148.41,146.49,85.64,162.54087309378264,139.55554873706643
2025-03-12 08:00:00+00:00,125.0,128.53,41.63,141.6898811707957,118.38078293540559
2025-03-12 09:00:00+00:00,102.62,102.0,0.02,118.56272329982582,93.34728631439637
2025-03-12 10:00:00+00:00,99.69,97.48,-0.07,113.2538760362533,88.14763804329093
2025-03-12 11:00:00+00:00,98.07,96.44,-4.28,110.29853466846885,84.51997111033941
2025-03-12 12:00:00+00:00,99.91,98.38,-3.7,110.56843544179098,83.34749350198892
2025-03-12 13:00:00+00:00,101.65,102.35,0.05,113.59323013562535,83.85496681392976
2025-03-12 14:00:00+00:00,117.74,112.84,48.5,128.47823894248455,96.20512578943733
2025-03-12 15:00:00+00:00,142.1,132.86,89.89,150.91881793681472,117.17029379007616
2025-03-12 16:00:00+00:00,157.03,171.95,133.13,184.02094095877067,152.3474998250519
2025-03-12 17:00:00+00:00,199.75,205.02,146.23,207.14788719256143,181.47340742121082
2025-03-12 18:00:00+00:00,179.49,180.95,145.89,192.94870698764814,166.64657641319363
2025-03-12 19:00:00+00:00,148.05,149.43,123.0,167.626656585665,140.0681302231981
2025-03-12 20:00:00+00:00,132.2,133.0,108.12,151.2309162782401,124.58483547010113
2025-03-12 21:00:00+00:00,120.0,121.25,109.12,139.18662076885647,113.74199171121643
2025-03-12 22:00:00+00:00,109.91,107.34,96.98,124.63697566475314,99.86941696361009
2025-03-12 23:00:00+00:00,108.52,101.73,83.9,114.05637089624389,88.7502180725705
2025-03-13 00:00:00+00:00,102.25,100.09,84.84,111.33602980354598,86.94950593589009
2025-03-13 01:00:00+00:00,98.98,97.79,87.0,109.8425402158273,85.27108467970416
2025-03-13 02:00:00+00:00,96.71,97.38,88.12,110.6884962758252,85.35985815202292
2025-03-13 03:00:00+00:00,98.35,101.8,94.56,115.91234215008585,89.73208551838889
2025-03-13 04:00:00+00:00,105.88,110.31,95.91,125.67046147046713,98.12609892056093
2025-03-13 05:00:00+00:00,132.99,144.54,139.28,159.6263073617774,134.81932664462454
2025-03-13 06:00:00+00:00,159.87,161.64,151.32,176.14888091294478,152.4987195390475
2025-03-13 07:00:00+00:00,158.03,148.41,108.5,162.28901980828135,139.12617254729145
2025-03-13 08:00:00+00:00,148.13,125.0,78.7,140.32371295621914,117.63083940003497
2025-03-13 09:00:00+00:00,123.77,102.62,50.47,119.92635545881673,96.21311279454405
2025-03-13 10:00:00+00:00,110.7,99.69,4.02,110.93236127069738,86.52809630190865
2025-03-13 11:00:00+00:00,110.01,98.07,0.08,108.95524417248625,82.69231192708841
2025-03-13 12:00:00+00:00,108.22,99.91,0.02,109.88016941421053,82.01734546945846
2025-03-13 13:00:00+00:00,107.54,101.65,13.16,111.58518250834183,82.66701968513965
2025-03-13 14:00:00+00:00,109.99,117.74,71.0,129.07939222234555,100.43872537084303
2025-03-13 15:00:00+00:00,121.47,142.1,116.52,152.58693512636845,124.0753822396824
2025-03-13 16:00:00+00:00,142.65,157.03,148.95,172.86091363538992,143.96412084771748
2025-03-13 17:00:00+00:00,166.05,199.75,165.36,200.2622733191257,179.51602159225124
2025-03-13 18:00:00+00:00,173.47,179.49,149.1,184.85278298972207,163.60378842112522
2025-03-13 19:00:00+00:00,149.0,148.05,125.64,159.37104946939314,136.06292111742357
2025-03-13 20:00:00+00:00,135.69,132.2,106.63,143.526714951237,120.43532058420358
2025-03-13 21:00:00+00:00,123.48,120.0,101.47,131.79502210445986,109.1022584455216
2025-03-13 22:00:00+00:00,111.63,109.91,91.11,120.06794733199774,97.42847608540961
2025-03-13 23:00:00+00:00,109.09,108.52,90.27,119.9229178540154,99.33185298389553
2025-03-14 01:00:00+00:00,105.9,98.98,91.38,114.67460137361617,91.6894066996956
2025-03-14 02:00:00+00:00,103.83,96.71,91.69,115.70911541289406,90.55177620644116
2025-03-14 03:00:00+00:00,105.3,98.35,99.0,120.56327848833939,93.34157069406491
2025-03-14 04:00:00+00:00,113.99,105.88,115.17,132.34806189877986,103.15224491462268
2025-03-14 05:00:00+00:00,143.02,132.99,135.67,160.40079290646742,132.00096013025438
2025-03-14 06:00:00+00:00,155.11,159.87,147.7,181.07244926763818,155.93830353640863
2025-03-14 07:00:00+00:00,155.0,158.03,122.23,174.8621184801719,151.95123921804145
2025-03-14 08:00:00+00:00,132.09,148.13,83.0,158.76999251103976,137.88811385272135
2025-03-14 09:00:00+00:00,112.0,123.77,65.3,139.31198123135505,117.21109887054507
2025-03-14 10:00:00+00:00,106.35,110.7,31.81,125.22636213961987,102.04702195989148
2025-03-14 11:00:00+00:00,104.5,110.01,12.79,120.2462928651213,96.46966898458054
2025-03-14 12:00:00+00:00,104.59,108.22,8.08,117.7020223062154,91.90072342386057
2025-03-14 13:00:00+00:00,105.38,107.54,37.06,121.12951306813395,92.68539717383666
2025-03-14 14:00:00+00:00,109.39,109.99,90.15,132.82958956994287,101.91392154603021
2025-03-14 15:00:00+00:00,124.84,121.47,126.99,148.59480476217504,116.7281547889639
2025-03-14 16:00:00+00:00,146.44,142.65,149.91,167.33310272442517,137.02966082983514
2025-03-14 17:00:00+00:00,155.33,166.05,216.64,187.8299378328818,166.76482486804696
2025-03-14 18:00:00+00:00,150.91,173.47,178.68,180.12185319132107,165.4712063395632
2025-03-14 19:00:00+00:00,130.01,149.0,148.7,155.12957358621412,141.39970176274159
2025-03-14 20:00:00+00:00,111.39,135.69,132.4,139.31903573834222,127.58256386695996
2025-03-14 21:00:00+00:00,114.0,123.48,119.11,126.50424059161107,115.81730191426797
2025-03-14 22:00:00+00:00,105.17,111.63,111.83,114.4608591471434,104.25910711535222
2025-03-14 23:00:00+00:00,112.15,109.09,124.97,112.14682074610445,103.79025962819472
2025-03-15 00:00:00+00:00,103.14,106.0,113.94,105.56102096598894,97.11755083889534
2025-03-15 01:00:00+00:00,96.0,105.9,117.22,103.42619304585656,94.53927389036596
2025-03-15 02:00:00+00:00,89.9,103.83,116.76,100.92944986300358,90.20719961599548
2025-03-15 03:00:00+00:00,86.9,105.3,118.42,100.79246825288993,88.17801615115535
2025-03-15 04:00:00+00:00,90.55,113.99,121.3,105.10749330786365,91.34940525036123
2025-03-15 05:00:00+00:00,97.01,143.02,127.82,121.61077422910607,110.12464255709845
2025-03-15 06:00:00+00:00,99.42,155.11,120.59,127.28279337529077,117.66872997345307
2025-03-15 07:00:00+00:00,98.77,155.0,98.04,122.11315126731316,115.01922581948168
2025-03-15 08:00:00+00:00,86.4,132.09,72.54,102.68518785458883,96.56611999139349
2025-03-15 09:00:00+00:00,72.39,112.0,18.05,77.69130408785408,73.42583215416283
2025-03-15 10:00:00+00:00,67.16,106.35,2.07,66.4731880992658,65.34660896529049
2025-03-15 11:00:00+00:00,57.32,104.5,-0.34,62.54300268708319,62.472018505953805
2025-03-15 12:00:00+00:00,48.0,104.59,-0.1,61.89683431501285,60.833783758236976
2025-03-15 13:00:00+00:00,54.51,105.38,0.07,65.15840531633751,60.49380111076924
2025-03-15 14:00:00+00:00,70.8,109.39,56.2,81.31649323973181,72.0182036174274
2025-03-15 15:00:00+00:00,84.24,124.84,100.86,105.63397258817204,92.30026016101628
2025-03-15 16:00:00+00:00,121.91,146.44,145.58,134.58780800406515,119.47895234062827
2025-03-15 17:00:00+00:00,130.3,155.33,174.05,148.91788361724275,136.98721702073047
2025-03-15 18:00:00+00:00,132.96,150.91,140.03,141.45580070540626,134.16932194457323
2025-03-15 19:00:00+00:00,121.46,130.01,111.21,122.46640907179047,115.95741028023185
2025-03-15 20:00:00+00:00,108.5,111.39,100.0,108.54939938807414,102.12950760756122
2025-03-15 21:00:00+00:00,105.02,114.0,99.24,108.53331947068398,103.62025509968859
2025-03-15 22:00:00+00:00,95.25,105.17,97.94,100.96304308641463,95.47276200965891
2025-03-15 23:00:00+00:00,90.01,112.15,95.19,107.90322990406534,104.55437233592345
2025-03-16 00:00:00+00:00,85.79,103.14,94.81,101.49662980593472,96.18790062002095
2025-03-16 01:00:00+00:00,79.62,96.0,94.44,97.16271698430864,89.3102884974043
2025-03-16 02:00:00+00:00,78.18,89.9,96.51,93.86961030104975,83.02826186629883
2025-03-16 03:00:00+00:00,78.6,86.9,98.67,92.17478786215385,78.49806431294303
2025-03-16 04:00:00+00:00,80.51,90.55,101.51,94.74308841732909,78.8685280412523
2025-03-16 05:00:00+00:00,85.14,97.01,100.0,98.14290612485132,81.61599454940176
2025-03-16 06:00:00+00:00,82.07,99.42,93.01,93.61971315826487,80.77393961636267
2025-03-16 07:00:00+00:00,77.95,98.77,65.4,80.88324565737459,76.65149816115822
2025-03-16 08:00:00+00:00,56.9,86.4,29.27,61.09094583671252,62.82175321701696
2025-03-16 09:00:00+00:00,24.09,72.39,10.1,42.59811244362476,49.59863557186584
2025-03-16 10:00:00+00:00,2.9,67.16,0.03,33.3262927597211,44.59564010335346
2025-03-16 11:00:00+00:00,1.01,57.32,-2.26,27.00829003308266,37.02006772442591
2025-03-16 12:00:00+00:00,0.19,48.0,-2.04,23.004981280498583,29.533604050947773
2025-03-16 13:00:00+00:00,2.53,54.51,0.09,30.025159713840793,33.15875548951969
2025-03-16 14:00:00+00:00,31.0,70.8,17.39,50.09528885286825,48.20846567218768
2025-03-16 15:00:00+00:00,71.11,84.24,90.56,80.95308311070774,71.62336928404319
2025-03-16 16:00:00+00:00,116.81,121.91,125.74,120.98571323993048,108.77089704045827
2025-03-16 17:00:00+00:00,130.84,130.3,135.37,134.54757714337413,123.65689055132918
2025-03-16 18:00:00+00:00,140.0,132.96,136.7,133.51157367949523,129.65666297858107
2025-03-16 19:00:00+00:00,125.28,121.46,130.2,120.16667051404603,121.23637805727515
2025-03-16 20:00:00+00:00,107.73,108.5,122.7,107.60414843133098,112.10790943032431
2025-03-16 21:00:00+00:00,100.8,105.02,112.8,101.82068564088455,110.3189574767873
2025-03-16 22:00:00+00:00,79.71,95.25,106.83,90.04031251424442,101.29753278025446
2025-03-16 23:00:00+00:00,78.1,90.01,96.83,90.95871313500308,104.71039485952993
2025-03-17 00:00:00+00:00,79.01,85.79,94.92,86.68706344414514,100.72203188382609
2025-03-17 01:00:00+00:00,78.79,79.62,96.7,84.69063077622675,96.63849826679973
2025-03-17 02:00:00+00:00,80.91,78.18,96.87,86.49481587064213,95.66078506902555
2025-03-17 03:00:00+00:00,85.85,78.6,94.65,91.50452064882329,96.423960653004
2025-03-17 04:00:00+00:00,103.3,80.51,106.37,103.91475749882748,103.38419965830138
2025-03-17 05:00:00+00:00,135.18,85.14,148.49,126.53212751085286,120.47024659005729
2025-03-17 06:00:00+00:00,152.87,82.07,159.75,131.3387043078643,124.88311230938024
2025-03-17 07:00:00+00:00,135.24,77.95,133.96,119.85958666892034,120.37704409761417
2025-03-17 08:00:00+00:00,100.73,56.9,98.88,94.88511490188851,100.52211402707427
2025-03-17 09:00:00+00:00,68.21,24.09,84.38,67.8989109902738,75.22864335780855
2025-03-17 10:00:00+00:00,50.56,2.9,77.88,51.46813708285392,59.18444795859309
2025-03-17 11:00:00+00:00,31.17,1.01,76.02,48.09106970535803,55.30285390045391
2025-03-17 12:00:00+00:00,27.95,0.19,77.32,49.465778078149306,52.726391225399134
2025-03-17 13:00:00+00:00,50.14,2.53,83.91,56.86807412794759,53.93928279778267
2025-03-17 14:00:00+00:00,70.01,31.0,97.47,83.52800171355676,74.68657978922764
2025-03-17 15:00:00+00:00,98.55,71.11,127.47,124.00727796226934,106.29511200778408
2025-03-17 16:00:00+00:00,143.05,116.81,147.97,168.1564533321153,144.14645371320427
2025-03-17 17:00:00+00:00,177.33,130.84,174.92,184.65157925707354,160.49378676071495
2025-03-17 18:00:00+00:00,170.0,140.0,160.24,183.30515591580172,165.93532850060976
2025-03-17 19:00:00+00:00,141.5,125.28,142.14,165.6458359257641,151.13005635372735
2025-03-17 20:00:00+00:00,118.85,107.73,126.59,148.3730197074843,134.80963553558848
2025-03-17 21:00:00+00:00,107.86,100.8,106.88,137.17952794817433,125.58917991099428
2025-03-17 22:00:00+00:00,93.5,79.71,97.97,119.39800986805422,107.39496367718212
2025-03-17 23:00:00+00:00,92.2,78.1,104.39,108.72857841816588,98.14507406913563
2025-03-18 00:00:00+00:00,89.99,79.01,101.8,107.10554423979812,97.2967891901169
2025-03-18 01:00:00+00:00,92.37,78.79,99.73,106.44951146063251,95.91620186341738
2025-03-18 02:00:00+00:00,89.2,80.91,100.5,109.62017349480978,97.76897827530985
2025-03-18 03:00:00+00:00,95.25,85.85,102.53,115.54007975925205,102.22158694439274
2025-03-18 04:00:00+00:00,110.74,103.3,110.86,130.53562137482768,117.08700846037205
2025-03-18 05:00:00+00:00,138.9,135.18,148.04,160.3607774797112,149.16049262437565
2025-03-18 06:00:00+00:00,136.68,152.87,152.98,166.04138705395138,165.1179843961965
2025-03-18 07:00:00+00:00,106.52,135.24,146.49,141.70538184252047,153.92174796880533
2025-03-18 08:00:00+00:00,71.53,100.73,128.53,107.58127619683252,126.49784118755399
2025-03-18 09:00:00+00:00,25.27,68.21,102.0,75.44703090207837,97.43846199989356
2025-03-18 10:00:00+00:00,0.68,50.56,97.48,58.1555351949575,81.50598084281535
2025-03-18 11:00:00+00:00,-1.46,31.17,96.44,45.61279157381299,66.12350592157057
2025-03-18 12:00:00+00:00,-0.3,27.95,98.38,45.98174051350904,61.489280142220245
2025-03-18 13:00:00+00:00,5.72,50.14,102.35,63.69575835812517,73.53145533558316
2025-03-18 14:00:00+00:00,50.28,70.01,112.84,88.66277778647891,89.01921281869457
2025-03-18 15:00:00+00:00,95.94,98.55,132.86,126.4881474252933,113.57766702066803
2025-03-18 16:00:00+00:00,140.9,143.05,171.95,175.88469336227124,153.68366571937267
2025-03-18 17:00:00+00:00,170.91,177.33,205.02,203.1143289446045,183.82998626728795
2025-03-18 18:00:00+00:00,167.46,170.0,180.95,191.20810437591507,177.50362978850893
2025-03-18 19:00:00+00:00,142.39,141.5,149.43,164.1758646017073,152.00831964350297
2025-03-18 20:00:00+00:00,123.04,118.85,133.0,143.70478077487763,132.42300624811918
2025-03-18 21:00:00+00:00,115.97,107.86,121.25,131.91446482014499,121.8191257678325
2025-03-18 22:00:00+00:00,103.29,93.5,107.34,118.05353669639129,106.7968683621181
2025-03-18 23:00:00+00:00,107.29,92.2,101.73,107.53485650110808,93.67348668632636
2025-03-19 00:00:00+00:00,102.4,89.99,100.09,105.77823144544386,91.32822555741753
2025-03-19 01:00:00+00:00,101.19,92.37,97.79,107.77098691343976,92.12583986371442
2025-03-19 02:00:00+00:00,102.0,89.2,97.38,109.35153819541267,90.47976735022942
2025-03-19 03:00:00+00:00,106.59,95.25,101.8,117.23288526083806,95.95016571451364
2025-03-19 04:00:00+00:00,122.52,110.74,110.31,133.41375267898434,110.92600255773613
2025-03-19 05:00:00+00:00,158.05,138.9,144.54,162.29198031363705,141.73685529996567
2025-03-19 06:00:00+00:00,147.74,136.68,161.64,160.69850772156335,148.3985207827894
2025-03-19 07:00:00+00:00,108.23,106.52,148.41,127.74068724440303,127.29018661389878
2025-03-19 08:00:00+00:00,79.5,71.53,125.0,91.53420160033298,98.20417001620724
2025-03-19 09:00:00+00:00,26.52,25.27,102.62,55.08132146526717,61.97134110554745
2025-03-19 10:00:00+00:00,-0.04,0.68,99.69,35.86507226428383,42.77706592876675
2025-03-19 11:00:00+00:00,-0.56,-1.46,98.07,31.273554363379688,37.61495800121569
2025-03-19 12:00:00+00:00,-0.25,-0.3,99.91,33.87345392695779,35.94178233283788
2025-03-19 13:00:00+00:00,0.99,5.72,101.65,44.56543542157453,39.18858396962816
2025-03-19 14:00:00+00:00,66.73,50.28,117.74,81.01614286262944,70.10742553347055
2025-03-19 15:00:00+00:00,109.85,95.94,142.1,127.71951445973065,105.5029463745965
2025-03-19 16:00:00+00:00,147.56,140.9,157.03,175.11123982959737,142.77999248101764
2025-03-19 17:00:00+00:00,248.18,170.91,199.75,203.84186953543218,173.26165352799168
2025-03-19 18:00:00+00:00,220.3,167.46,179.49,195.71730685145604,169.21512504587062
2025-03-19 19:00:00+00:00,176.68,142.39,148.05,170.01314137041498,144.7125972543559
2025-03-19 20:00:00+00:00,138.24,123.04,132.2,150.01466303902404,126.80712897079525
2025-03-19 21:00:00+00:00,124.45,115.97,120.0,137.7617556727154,117.98108936337343
2025-03-19 22:00:00+00:00,111.14,103.29,109.91,123.50589697555948,104.98077062034272
2025-03-19 23:00:00+00:00,117.17,107.29,108.52,116.09312931334938,100.08100412413562
2025-03-20 00:00:00+00:00,102.86,102.4,102.25,110.3287264352008,95.01183396077735
2025-03-20 01:00:00+00:00,99.56,101.19,98.98,109.00160573672596,93.87864631976217
2025-03-20 02:00:00+00:00,100.08,102.0,96.71,110.03037138133985,94.01874357944816
2025-03-20 03:00:00+00:00,102.83,106.59,98.35,115.3682720229321,98.41447777524655
2025-03-20 04:00:00+00:00,119.7,122.52,105.88,130.93896429669215,113.78187775459179
2025-03-20 05:00:00+00:00,144.84,158.05,132.99,162.2600420734002,148.53439901033002
2025-03-20 06:00:00+00:00,141.21,147.74,159.87,156.90735498550407,148.85129929123093
2025-03-20 07:00:00+00:00,99.87,108.23,158.03,122.9185319267466,121.96146943995561
2025-03-20 08:00:00+00:00,79.45,79.5,148.13,95.82925178376148,98.93877634788156
2025-03-20 09:00:00+00:00,37.51,26.52,123.77,57.14430196792352,56.537898306324685
2025-03-20 10:00:00+00:00,3.42,-0.04,110.7,35.29132166075336,33.75070764521477
2025-03-20 11:00:00+00:00,0.43,-0.56,110.01,31.500066673656676,30.53927622310931
2025-03-20 12:00:00+00:00,0.65,-0.25,108.22,33.62349262688745,28.25958284704498
2025-03-20 13:00:00+00:00,16.6,0.99,107.54,40.89247058146754,27.289307105530582
2025-03-20 14:00:00+00:00,79.42,66.73,109.99,87.01831295999253,71.97366036777308
2025-03-20 15:00:00+00:00,120.76,109.85,121.47,128.79764468290014,104.32008745309393
2025-03-20 16:00:00+00:00,155.14,147.56,142.65,170.1202541205156,136.75880621872759
2025-03-20 17:00:00+00:00,280.07,248.18,166.05,233.1098658962817,211.04165010257282
2025-03-20 18:00:00+00:00,253.85,220.3,173.47,219.6625849033147,196.42928702518842
2025-03-20 19:00:00+00:00,164.0,176.68,149.0,188.39415130258237,161.78210200597397
2025-03-20 20:00:00+00:00,136.82,138.24,135.69,160.83463409693906,131.73094991992508
2025-03-20 21:00:00+00:00,125.03,124.45,123.48,146.44313913830064,118.54740436758377
2025-03-20 22:00:00+00:00,117.91,111.14,111.63,132.39588480692288,104.82873377169014
2025-03-20 23:00:00+00:00,125.07,117.17,109.09,135.13066497659327,110.71813912369849
2025-03-21 00:00:00+00:00,116.41,102.86,106.0,125.86533066214868,100.04430420562876
2025-03-21 01:00:00+00:00,112.74,99.56,105.9,123.34578345658012,97.2138701919332
2025-03-21 02:00:00+00:00,105.81,100.08,103.83,124.32135108515718,97.44975499872385
2025-03-21 03:00:00+00:00,109.1,102.83,105.3,128.14376698349287,100.30488270468881
2025-03-21 04:00:00+00:00,127.49,119.7,113.99,142.42020998179,115.7179877557592
2025-03-21 05:00:00+00:00,156.0,144.84,143.02,166.29481286408864,143.76895964561166
2025-03-21 06:00:00+00:00,148.27,141.21,155.11,158.84702851650877,145.16626458509694
2025-03-21 07:00:00+00:00,110.73,99.87,155.0,120.27165120331567,117.09234733806099
2025-03-21 08:00:00+00:00,73.31,79.45,132.09,91.03871589283672,98.23278927806683
2025-03-21 09:00:00+00:00,43.25,37.51,112.0,56.676685784587114,63.43918044000561
2025-03-21 10:00:00+00:00,7.35,3.42,106.35,28.511403215798325,36.81288291377411
2025-03-21 11:00:00+00:00,0.81,0.43,104.5,18.872031111813484,32.19370004813552
2025-03-21 12:00:00+00:00,0.0,0.65,104.59,14.73620984920214,29.34014305103352
2025-03-21 13:00:00+00:00,2.49,16.6,105.38,23.122409129781815,36.71188623003189
2025-03-21 14:00:00+00:00,12.36,79.42,109.39,63.34517329637986,81.74699414068161
2025-03-21 15:00:00+00:00,46.22,120.76,124.84,99.17666336997405,114.35495686253378
2025-03-21 16:00:00+00:00,100.24,155.14,146.44,131.47517256190648,144.8452664074204
2025-03-21 17:00:00+00:00,120.65,280.07,155.33,196.36445648172702,237.286500749144
2025-03-21 18:00:00+00:00,83.5,253.85,150.91,173.3056057559453,218.85923946219884
2025-03-21 19:00:00+00:00,70.0,164.0,130.01,116.39010962054772,153.50162440069042
2025-03-21 20:00:00+00:00,47.19,136.82,111.39,93.04146096436355,129.1949896422961
2025-03-21 21:00:00+00:00,27.13,125.03,114.0,83.45040194370434,119.27583165242942
2025-03-21 22:00:00+00:00,18.45,117.91,105.17,74.26915337877824,110.22015269692787
2025-03-21 23:00:00+00:00,26.93,125.07,112.15,76.17631019767418,115.6021088671827
2025-03-22 00:00:00+00:00,12.57,116.41,103.14,68.18065882598174,105.27168868814454
2025-03-22 01:00:00+00:00,9.07,112.74,96.0,63.94461529592486,98.85644686274006
2025-03-22 02:00:00+00:00,6.88,105.81,89.9,59.525793057469876,90.91227250215792
2025-03-22 03:00:00+00:00,10.12,109.1,86.9,60.845112264187264,89.88091382320752
2025-03-22 04:00:00+00:00,12.95,127.49,90.55,72.10802222460947,101.00387100013187
2025-03-22 05:00:00+00:00,13.01,156.0,97.01,86.78203732465862,119.89152959700873
2025-03-22 06:00:00+00:00,13.04,148.27,99.42,76.75060236458306,113.6742785280868
2025-03-22 07:00:00+00:00,3.11,110.73,98.77,52.02528124282765,86.68567496926886
2025-03-22 08:00:00+00:00,0.0,73.31,86.4,27.20182813181634,59.47611881438721
2025-03-22 09:00:00+00:00,-1.86,43.25,72.39,3.576954823571697,34.00745358134407
2025-03-22 10:00:00+00:00,-6.31,7.35,67.16,-20.346478363292576,6.416747561119223
2025-03-22 11:00:00+00:00,-15.18,0.81,57.32,-26.925140191158306,-1.0749130359805577
2025-03-22 12:00:00+00:00,-15.04,0.0,48.0,-28.373044416165854,-4.379748988838557
2025-03-22 13:00:00+00:00,-6.79,2.49,54.51,-22.378667013762268,-1.3802609098690937
2025-03-22 14:00:00+00:00,-1.51,12.36,70.8,-4.0581447080680135,14.055882754579898
2025-03-22 15:00:00+00:00,1.01,46.22,84.24,28.10273901097723,44.808952810604225
2025-03-22 16:00:00+00:00,34.99,100.24,121.91,77.04543653937475,93.3353985212521
2025-03-22 17:00:00+00:00,60.03,120.65,130.3,98.96119774093496,122.46954972325196
2025-03-22 18:00:00+00:00,50.95,83.5,132.96,76.16671529593224,99.9637056542624
2025-03-22 19:00:00+00:00,42.15,70.0,121.46,61.014490577273165,83.97590120457865
2025-03-22 20:00:00+00:00,36.12,47.19,108.5,45.478245387270384,66.49609970988334
2025-03-22 21:00:00+00:00,37.14,27.13,105.02,35.16011736454505,53.35235288076875
2025-03-22 22:00:00+00:00,35.69,18.45,95.25,28.032070429816102,45.191664352230426
2025-03-22 23:00:00+00:00,13.69,26.93,90.01,34.854648120544,55.95910084038129
2025-03-23 00:00:00+00:00,19.01,12.57,85.79,26.682364284499187,43.79823025991502
2025-03-23 01:00:00+00:00,23.65,9.07,79.62,24.11314612806534,38.345648727125095
2025-03-23 02:00:00+00:00,23.49,6.88,78.18,23.41578284983362,34.03996507864927
2025-03-23 03:00:00+00:00,24.82,10.12,78.6,25.66371722012248,33.58572052918678
2025-03-23 04:00:00+00:00,25.01,12.95,80.51,28.27146480279157,33.65479437699002
2025-03-23 05:00:00+00:00,24.84,13.01,85.14,28.53481225273977,32.74789445490405
2025-03-23 06:00:00+00:00,24.26,13.04,82.07,25.000808683060583,29.25997501586454
2025-03-23 07:00:00+00:00,18.99,3.11,77.95,16.401607317796362,19.202166656801268
2025-03-23 08:00:00+00:00,23.09,0.0,56.9,10.620146877965908,12.219524733980492
2025-03-23 09:00:00+00:00,13.78,-1.86,24.09,3.230456615978042,4.402475197862287
2025-03-23 10:00:00+00:00,9.6,-6.31,2.9,-2.1617013483229925,-4.174121233157763
2025-03-23 11:00:00+00:00,13.49,-15.18,1.01,-4.460807902261962,-11.871173739536701
2025-03-23 12:00:00+00:00,5.01,-15.04,0.19,-1.371350460801466,-13.885615788304833
2025-03-23 13:00:00+00:00,11.46,-6.79,2.53,9.28609969243054,-8.420271485748586
2025-03-23 14:00:00+00:00,42.5,-1.51,31.0,25.589234614994723,1.3328673967877478
2025-03-23 15:00:00+00:00,84.42,1.01,71.11,45.204171982448145,14.598562143653723
2025-03-23 16:00:00+00:00,124.23,34.99,116.81,81.87152511391082,52.27774822994636
2025-03-23 17:00:00+00:00,140.0,60.03,130.84,105.08687448128182,78.57847427865288
2025-03-23 18:00:00+00:00,142.51,50.95,140.0,100.99754986349458,74.90132986188365
2025-03-23 19:00:00+00:00,140.58,42.15,125.28,92.41532334166754,67.81966616650459
2025-03-23 20:00:00+00:00,130.0,36.12,107.73,85.69067337871275,61.45376822508559
2025-03-23 21:00:00+00:00,126.47,37.14,100.8,84.78002483473901,60.78856709653003
2025-03-23 22:00:00+00:00,114.24,35.69,79.71,79.72964206683795,55.261041339198336
2025-03-23 23:00:00+00:00,110.45,13.69,78.1,75.79628132230292,49.076587604721844
2025-03-24 00:00:00+00:00,107.29,19.01,79.01,77.82207998591583,50.812953323981
2025-03-24 01:00:00+00:00,101.91,23.65,78.79,80.89322187712857,53.02684121839759
2025-03-24 02:00:00+00:00,98.94,23.49,80.91,83.38664637431988,53.13361074517337
2025-03-24 03:00:00+00:00,101.99,24.82,85.85,88.4795049499659,55.590126920945984
2025-03-24 04:00:00+00:00,119.82,25.01,103.3,98.08122843473961,61.38494269097624
2025-03-24 05:00:00+00:00,141.5,24.84,135.18,114.07194612339313,73.08829991923338
2025-03-24 06:00:00+00:00,164.28,24.26,152.87,118.53586405245989,79.24283686729763
2025-03-24 07:00:00+00:00,161.86,18.99,135.24,108.90455090629833,74.6183588204232
2025-03-24 08:00:00+00:00,135.38,23.09,100.73,97.7130637674361,71.47478950180233
2025-03-24 09:00:00+00:00,111.16,13.78,68.21,81.23124430879489,59.76609082997994
2025-03-24 10:00:00+00:00,107.36,9.6,50.56,71.38689535626784,52.48584087455615
2025-03-24 11:00:00+00:00,100.75,13.49,31.17,67.10188692345221,48.725135096654114
2025-03-24 12:00:00+00:00,100.87,5.01,27.95,62.703049306225594,40.732838685112704
2025-03-24 13:00:00+00:00,106.57,11.46,50.14,70.85816357841975,46.09756739500251
2025-03-24 14:00:00+00:00,115.85,42.5,70.01,94.16288452577189,67.46383566031699
2025-03-24 15:00:00+00:00,130.95,84.42,98.55,127.72598247984843,98.31781213903542
2025-03-24 16:00:00+00:00,154.15,124.23,143.05,167.43242014476857,135.83729511256178
2025-03-24 17:00:00+00:00,211.99,140.0,177.33,188.75149638614633,156.7099378816667
2025-03-24 18:00:00+00:00,193.0,142.51,170.0,188.29163500986618,158.47689665835247
2025-03-24 19:00:00+00:00,161.84,140.58,141.5,179.5140933108554,151.9724338262542
2025-03-24 20:00:00+00:00,138.55,130.0,118.85,166.20116584225082,139.83806237814548
2025-03-24 21:00:00+00:00,125.58,126.47,107.86,157.65127275770595,133.699590861158
2025-03-24 22:00:00+00:00,115.16,114.24,93.5,144.87056890341125,121.36509554948314
2025-03-24 23:00:00+00:00,102.07,110.45,92.2,129.43656935028025,107.8270919153615
2025-03-25 00:00:00+00:00,101.76,107.29,89.99,125.62059141270583,104.81154298929191
2025-03-25 01:00:00+00:00,100.2,101.91,92.37,122.22187198913457,101.22347186065332
2025-03-25 02:00:00+00:00,102.67,98.94,89.2,120.86306736272334,98.84402029623277
2025-03-25 03:00:00+00:00,101.96,101.99,95.25,124.86008988369716,102.10454747807584
2025-03-25 04:00:00+00:00,107.39,119.82,110.74,140.10776078898598,117.60073770945726
2025-03-25 05:00:00+00:00,136.05,141.5,138.9,162.78887786190083,140.59480344867282
2025-03-25 06:00:00+00:00,142.13,164.28,136.68,175.97122799157182,158.75153989391646
2025-03-25 07:00:00+00:00,133.36,161.86,106.52,166.01431523946354,153.53827103302177
2025-03-25 08:00:00+00:00,106.41,135.38,71.53,140.2768810798283,130.85111760345632
2025-03-25 09:00:00+00:00,92.03,111.16,25.27,112.44678767251443,106.47143563401025
2025-03-25 10:00:00+00:00,78.8,107.36,0.68,98.67349304286539,98.15753400371226
2025-03-25 11:00:00+00:00,68.45,100.75,-1.46,89.38227173245468,90.85225929862436
2025-03-25 12:00:00+00:00,69.23,100.87,-0.3,85.43645098459841,87.188858954854
2025-03-25 13:00:00+00:00,81.7,106.57,5.72,87.69338808831631,88.62813939691517
2025-03-25 14:00:00+00:00,95.52,115.85,50.28,103.43650887116978,101.16832886648966
2025-03-25 15:00:00+00:00,108.84,130.95,95.94,127.81164959625306,120.07892988046535
2025-03-25 16:00:00+00:00,138.81,154.15,140.9,158.51248785636793,146.40157505743744
2025-03-25 17:00:00+00:00,161.14,211.99,170.91,197.80508965629593,192.45587404109477
2025-03-25 18:00:00+00:00,166.36,193.0,167.46,184.9291615382325,181.34686846840833
2025-03-25 19:00:00+00:00,148.6,161.84,142.39,160.52640900508314,157.054961809078
2025-03-25 20:00:00+00:00,122.36,138.55,123.04,140.53645799305406,137.10223107214676
2025-03-25 21:00:00+00:00,114.83,125.58,115.97,128.2801917142409,125.75180558510996
2025-03-25 22:00:00+00:00,102.05,115.16,103.29,116.5436032169798,114.01634316499965
2025-03-25 23:00:00+00:00,101.02,102.07,107.29,99.02860238507442,94.66023031433241
2025-03-26 00:00:00+00:00,97.96,101.76,102.4,95.9965280624851,92.81706396458978
2025-03-26 01:00:00+00:00,97.36,100.2,101.19,94.1132297087188,90.93762951782459
2025-03-26 02:00:00+00:00,97.39,102.67,102.0,96.36702115864591,92.48312582828909
2025-03-26 03:00:00+00:00,95.72,101.96,106.59,99.79912476068567,93.56837292741064
2025-03-26 04:00:00+00:00,98.85,107.39,122.52,111.046390890894,102.95649219582927
2025-03-26 05:00:00+00:00,128.76,136.05,158.05,140.06447919573895,133.4163309736948
2025-03-26 06:00:00+00:00,141.95,142.13,147.74,148.401713538666,142.01864489533062
2025-03-26 07:00:00+00:00,137.09,133.36,108.23,139.14195473017395,132.71937302529722
2025-03-26 08:00:00+00:00,111.86,106.41,79.5,118.29118515704992,109.18650821934415
2025-03-26 09:00:00+00:00,100.0,92.03,26.52,100.60545913742558,90.22584830740495
2025-03-26 10:00:00+00:00,96.39,78.8,-0.04,87.81429535094128,76.59170829339513
2025-03-26 11:00:00+00:00,94.81,68.45,-0.56,79.20865405151866,67.44504249441397
2025-03-26 12:00:00+00:00,84.5,69.23,-0.25,76.42093959292968,65.69917682205838
2025-03-26 13:00:00+00:00,90.79,81.7,0.99,81.10050910610013,71.44918297754536
2025-03-26 14:00:00+00:00,94.36,95.52,66.73,99.37116434602035,88.42881035787221
2025-03-26 15:00:00+00:00,101.45,108.84,109.85,120.60304765999616,104.34191505854946
2025-03-26 16:00:00+00:00,135.16,138.81,147.56,153.92727149618094,133.1450582791501
2025-03-26 17:00:00+00:00,162.0,161.14,248.18,186.01923519101894,168.2747719618442
2025-03-26 18:00:00+00:00,169.54,166.36,220.3,181.72690813162774,167.49389423806747
2025-03-26 19:00:00+00:00,153.27,148.6,176.68,160.44830698202057,146.3665844957223
2025-03-26 20:00:00+00:00,129.4,122.36,138.24,137.00274811706802,121.04651042915226
2025-03-26 21:00:00+00:00,120.27,114.83,124.45,126.17155990341088,111.33978465353118
2025-03-26 22:00:00+00:00,108.91,102.05,111.14,112.73244319756392,97.96385343982169
2025-03-26 23:00:00+00:00,104.93,101.02,117.17,107.15427723633725,91.66104051425485
2025-03-27 00:00:00+00:00,98.98,97.96,102.86,101.86532530075128,86.91046672204044
2025-03-27 01:00:00+00:00,97.8,97.36,99.56,100.23320067597355,85.52937256419277
2025-03-27 02:00:00+00:00,98.85,97.39,100.08,101.28993297173504,86.12699739983556
2025-03-27 03:00:00+00:00,97.07,95.72,102.83,102.84564584999305,85.83157094511307
2025-03-27 04:00:00+00:00,104.9,98.85,119.7,112.07841552716728,92.83689635215532
2025-03-27 05:00:00+00:00,129.83,128.76,144.84,139.7524586420663,123.04053876636523
2025-03-27 06:00:00+00:00,140.0,141.95,141.21,147.59440475673085,134.95918971522863
2025-03-27 07:00:00+00:00,123.5,137.09,99.87,134.04285211099577,127.63601247585216
2025-03-27 08:00:00+00:00,89.92,111.86,79.45,107.83392193699068,106.19312705508477
2025-03-27 09:00:00+00:00,77.61,100.0,37.51,85.36924984851251,90.19093823131122
2025-03-27 10:00:00+00:00,45.48,96.39,3.42,71.19902593951966,80.60691941844945
2025-03-27 11:00:00+00:00,24.81,94.81,0.43,63.32050594166069,75.34051984187306
2025-03-27 12:00:00+00:00,6.67,84.5,0.65,56.14530250791446,66.49423517029271
2025-03-27 13:00:00+00:00,30.34,90.79,16.6,63.42354807413604,71.08562062534008
2025-03-27 14:00:00+00:00,74.93,94.36,79.42,82.13859700444627,81.97790209378067
2025-03-27 15:00:00+00:00,93.74,101.45,120.76,106.28094874887897,93.48773456207832
2025-03-27 16:00:00+00:00,127.25,135.16,155.14,146.46762214975936,124.40906051463733
2025-03-27 17:00:00+00:00,157.9,162.0,280.07,184.65784595214797,162.65545245793862
2025-03-27 18:00:00+00:00,170.7,169.54,253.85,183.52954884478817,165.78918546184522
2025-03-27 19:00:00+00:00,141.61,153.27,164.0,158.05549247131947,141.0560748177994
2025-03-27 20:00:00+00:00,124.42,129.4,136.82,136.35832971831508,119.20959031311324
2025-03-27 21:00:00+00:00,113.1,120.27,125.03,123.06752904715076,109.00727288118141
2025-03-27 22:00:00+00:00,100.91,108.91,117.91,108.88032357273921,97.16902671767866
2025-03-27 23:00:00+00:00,90.0,104.93,125.07,105.82061382621234,98.32957840352682
2025-03-28 00:00:00+00:00,79.38,98.98,116.41,98.98712226643104,92.22617872639081
2025-03-28 01:00:00+00:00,79.02,97.8,112.74,96.64786263639012,90.30933305399061
2025-03-28 02:00:00+00:00,79.38,98.85,105.81,97.26087628069217,90.40896448732
2025-03-28 03:00:00+00:00,79.84,97.07,109.1,98.70796562143137,89.96323212487144
2025-03-28 04:00:00+00:00,103.51,104.9,127.49,109.9668488310674,99.9808126151292
2025-03-28 05:00:00+00:00,128.52,129.83,156.0,133.28043764039182,127.6192198166298
2025-03-28 06:00:00+00:00,122.2,140.0,148.27,132.24837421729896,137.4579228084187
2025-03-28 07:00:00+00:00,102.08,123.5,110.73,107.84432940655077,123.10172118152502
2025-03-28 08:00:00+00:00,75.57,89.92,73.31,74.68498834819906,93.89369474267066
2025-03-28 09:00:00+00:00,25.77,77.61,43.25,55.859853637310984,80.07853896277199
2025-03-28 10:00:00+00:00,1.68,45.48,7.35,30.489052739478552,53.08827897553762
2025-03-28 11:00:00+00:00,-0.01,24.81,0.81,19.403969072906392,37.01183461106729
2025-03-28 12:00:00+00:00,-0.03,6.67,0.0,13.980208927508016,22.142275953788698
2025-03-28 13:00:00+00:00,14.48,30.34,2.49,33.92829547589199,35.754643221779936
2025-03-28 14:00:00+00:00,70.1,74.93,12.36,70.62968707768351,65.19977340147338
2025-03-28 15:00:00+00:00,104.19,93.74,46.22,103.22333354198497,83.09851853598774
2025-03-28 16:00:00+00:00,132.0,127.25,100.24,146.31459131110662,116.79317037604413
2025-03-28 17:00:00+00:00,165.99,157.9,120.65,172.14804640310396,143.77468406946807
2025-03-28 18:00:00+00:00,165.9,170.7,83.5,170.9578190490846,148.67679936779203
2025-03-28 19:00:00+00:00,148.03,141.61,70.0,147.80017408749248,125.45015290503889
2025-03-28 20:00:00+00:00,124.56,124.42,47.19,130.04967846400018,108.14797907547293
2025-03-28 21:00:00+00:00,117.94,113.1,27.13,116.41843787025465,95.61452821835
2025-03-28 22:00:00+00:00,110.12,100.91,18.45,104.03710956150917,83.29266281363671
2025-03-28 23:00:00+00:00,113.62,90.0,26.93,97.37315437826796,76.92899368272225
2025-03-29 00:00:00+00:00,103.91,79.38,12.57,86.25591687595224,65.25520145136457
2025-03-29 01:00:00+00:00,96.54,79.02,9.07,82.19468175840656,61.69100533268774
2025-03-29 02:00:00+00:00,96.22,79.38,6.88,79.48732295586987,59.05949796001299
2025-03-29 03:00:00+00:00,96.5,79.84,10.12,77.68114812663804,56.56957401356774
2025-03-29 04:00:00+00:00,92.74,103.51,12.95,89.65464486658847,70.60083027158568
2025-03-29 05:00:00+00:00,96.73,128.52,13.01,102.36260100641441,86.57045094535621
2025-03-29 06:00:00+00:00,98.44,122.2,13.04,97.22493013718001,81.73215164262298
2025-03-29 07:00:00+00:00,91.86,102.08,3.11,83.05352839732006,66.57652831560699
2025-03-29 08:00:00+00:00,76.14,75.57,0.0,63.95806992446042,46.70175086422679
2025-03-29 09:00:00+00:00,65.67,25.77,-1.86,32.29864771574751,13.204739797874652
2025-03-29 10:00:00+00:00,65.34,1.68,-6.31,14.145900521810745,-5.9102524538282495
2025-03-29 11:00:00+00:00,65.33,-0.01,-15.18,9.497575950395458,-11.000998113701769
2025-03-29 12:00:00+00:00,2.06,-0.03,-15.04,0.5528793295351164,-13.83504275883918
2025-03-29 13:00:00+00:00,3.94,14.48,-6.79,8.97720891364412,-2.5299359809732493
2025-03-29 14:00:00+00:00,25.27,70.1,-1.51,44.2768288311734,38.83132625301846
2025-03-29 15:00:00+00:00,66.26,104.19,1.01,73.77262410122556,65.99744147733908
2025-03-29 16:00:00+00:00,100.1,132.0,34.99,109.76132852409276,96.79624865379311
2025-03-29 17:00:00+00:00,146.91,165.99,60.03,143.77598351454634,130.75530386779022
2025-03-29 18:00:00+00:00,152.22,165.9,50.95,145.16145365845887,134.37976308768003
2025-03-29 19:00:00+00:00,121.07,148.03,42.15,131.59083745822352,120.9778631438241
2025-03-29 20:00:00+00:00,100.42,124.56,36.12,115.28846267208718,104.7568057660772
2025-03-29 21:00:00+00:00,82.75,117.94,37.14,108.05148034708441,100.56215044270485
2025-03-29 22:00:00+00:00,68.27,110.12,35.69,97.12892906283706,93.23714749363234
2025-03-29 23:00:00+00:00,46.31,113.62,13.69,93.23264464267103,96.5327989450788
2025-03-30 00:00:00+00:00,15.89,103.91,19.01,81.17973197930705,87.9241683997076
2025-03-30 01:00:00+00:00,5.1,96.54,23.65,70.90495614914742,78.38679602220341
2025-03-30 02:00:00+00:00,1.2,96.22,23.49,65.5250976950608,75.78370538770506
2025-03-30 03:00:00+00:00,0.09,96.5,24.82,58.781325349516436,72.19034028515017
2025-03-30 04:00:00+00:00,0.03,92.74,25.01,50.02969368415222,67.84572023341914
2025-03-30 05:00:00+00:00,0.0,96.73,24.84,47.4372712509828,70.30618430175272
2025-03-30 06:00:00+00:00,-0.01,98.44,24.26,41.683000870599216,70.88920255627713
2025-03-30 07:00:00+00:00,-0.04,91.86,18.99,29.16629408472673,65.10649347709244
2025-03-30 08:00:00+00:00,-3.47,76.14,23.09,15.644316573250507,53.777701040108596
2025-03-30 09:00:00+00:00,-11.34,65.67,13.78,10.013896048977045,41.92443342914402
2025-03-30 10:00:00+00:00,-18.5,65.34,9.6,8.8500464809689,37.518728639019415
2025-03-30 11:00:00+00:00,-25.76,65.33,13.49,7.651944194752986,35.28431699136327
2025-03-30 12:00:00+00:00,-26.07,2.06,5.01,-23.242658970508387,-7.405540044394527
2025-03-30 13:00:00+00:00,-12.96,3.94,11.46,-17.213301282509434,-2.3512264463399504
2025-03-30 14:00:00+00:00,-4.01,25.27,42.5,3.4729851749545446,23.788715618324943
2025-03-30 15:00:00+00:00,-0.01,66.26,84.42,33.88061186325159,64.37913596073847
2025-03-30 16:00:00+00:00,14.41,100.1,124.23,63.47111780200848,100.03731747876955
2025-03-30 17:00:00+00:00,60.83,146.91,140.0,98.9447125643327,138.61661786293786
2025-03-30 18:00:00+00:00,58.86,152.22,142.51,104.640564546676,144.88549762548058
2025-03-30 19:00:00+00:00,50.01,121.07,140.58,89.06621127607205,125.37735412666899
2025-03-30 20:00:00+00:00,61.71,100.42,130.0,77.51469791190996,110.00730367482419
2025-03-30 21:00:00+00:00,56.44,82.75,126.47,65.47390761329824,96.25060882353534
2025-03-30 22:00:00+00:00,65.57,68.27,114.24,65.46100635937891,92.8000651754126
2025-03-30 23:00:00+00:00,63.25,46.31,110.45,55.07687227004218,78.28201020814555
2025-03-31 00:00:00+00:00,64.41,15.89,107.29,42.704195772086074,58.1237263478644
2025-03-31 01:00:00+00:00,67.22,5.1,101.91,41.48681287229754,51.11318238576596
2025-03-31 02:00:00+00:00,68.97,1.2,98.94,44.70110865802775,49.51644446904546
2025-03-31 03:00:00+00:00,88.0,0.09,101.99,54.157775355080844,53.44856547949713
2025-03-31 04:00:00+00:00,109.27,0.03,119.82,71.2206724961701,63.86150586123977
2025-03-31 05:00:00+00:00,143.54,0.0,141.5,85.28056072082636,71.70596142022762
2025-03-31 06:00:00+00:00,174.23,-0.01,164.28,92.69179513791191,76.95385324368984
2025-03-31 07:00:00+00:00,133.17,-0.04,161.86,89.5520385640939,75.54063406411575
2025-03-31 08:00:00+00:00,110.27,-3.47,135.38,80.76567509357119,67.9083152712937
2025-03-31 09:00:00+00:00,99.04,-11.34,111.16,70.18738082954528,57.581184301976826
2025-03-31 10:00:00+00:00,83.54,-18.5,107.36,61.583098895195796,50.10167884674226
2025-03-31 11:00:00+00:00,74.1,-25.76,100.75,53.73324230750363,42.940022065597304
2025-03-31 12:00:00+00:00,73.58,-26.07,100.87,48.297186789633244,35.810448889974715
2025-03-31 13:00:00+00:00,69.55,-12.96,106.57,55.457027719259486,43.98624369959035
2025-03-31 14:00:00+00:00,76.24,-4.01,115.85,66.22877857334316,52.90332980557782
2025-03-31 15:00:00+00:00,100.83,-0.01,130.95,83.49873751426703,64.11341368077743
2025-03-31 16:00:00+00:00,131.57,14.41,154.15,108.29301540501555,82.01477051565226
2025-03-31 17:00:00+00:00,183.96,60.83,211.99,146.4922070089743,124.28817105702244
2025-03-31 18:00:00+00:00,172.73,58.86,193.0,138.2723668309573,119.32180813842119
2025-03-31 19:00:00+00:00,135.03,50.01,161.84,122.08735423113902,104.9791736751756
2025-03-31 20:00:00+00:00,115.25,61.71,138.55,118.4840913984489,105.24500392374176
2025-03-31 21:00:00+00:00,102.34,56.44,125.58,109.07162339405528,95.98803413973816
2025-03-31 22:00:00+00:00,101.56,65.57,115.16,103.09846479486269,91.98593148715781
2025-03-31 23:00:00+00:00,95.02,63.25,102.07,99.3680040557213,86.23643759660385
2025-04-01 00:00:00+00:00,92.91,64.41,101.76,100.25126500785929,84.66633924840865
2025-04-01 01:00:00+00:00,93.5,67.22,100.2,103.68750646821644,86.0756559774631
2025-04-01 02:00:00+00:00,91.43,68.97,102.67,108.99404882954713,88.80603044073463
2025-04-01 03:00:00+00:00,100.71,88.0,101.96,126.04339582256874,104.72087071921783
2025-04-01 04:00:00+00:00,129.46,109.27,107.39,146.62301593262745,123.86520019829082
2025-04-01 05:00:00+00:00,179.96,143.54,136.05,172.41973501949192,153.08825067466708
2025-04-01 06:00:00+00:00,159.37,174.23,142.13,183.1811814179947,174.0656272420847
2025-04-01 07:00:00+00:00,108.47,133.17,133.36,149.7680395770295,144.88552051714467
2025-04-01 08:00:00+00:00,86.17,110.27,106.41,121.46727575512915,124.15938790865812
2025-04-01 09:00:00+00:00,70.26,99.04,92.03,101.96487814106915,112.09467054367788
2025-04-01 10:00:00+00:00,53.15,83.54,78.8,83.08082718740326,96.8923956562667
2025-04-01 11:00:00+00:00,11.57,74.1,68.45,70.0978523160691,85.38382096640314
2025-04-01 12:00:00+00:00,10.89,73.58,69.23,66.9667576051343,82.50573445430472
2025-04-01 13:00:00+00:00,26.7,69.55,81.7,68.1423656789301,81.2959910692857
2025-04-01 14:00:00+00:00,65.23,76.24,95.52,79.13522632621755,87.9372117254577
2025-04-01 15:00:00+00:00,82.8,100.83,108.84,105.03062718005393,107.5907227106737
2025-04-01 16:00:00+00:00,122.39,131.57,138.81,137.9925972640304,133.99189003510523
2025-04-01 17:00:00+00:00,155.72,183.96,161.14,173.71154516743198,174.82294285759735
2025-04-01 18:00:00+00:00,138.0,172.73,166.36,160.5295050366272,166.9357836808677
2025-04-01 19:00:00+00:00,110.9,135.03,148.6,128.63970417483847,137.3614343566583
2025-04-01 20:00:00+00:00,95.64,115.25,122.36,108.9639274174622,119.97527450690569
2025-04-01 21:00:00+00:00,79.45,102.34,114.83,96.38924808130825,107.96043700866625
2025-04-01 22:00:00+00:00,68.06,101.56,102.05,84.19734074069316,96.07811714495756
2025-04-01 23:00:00+00:00,66.93,95.02,101.02,80.86349505492674,90.35841640811876
2025-04-02 00:00:00+00:00,66.8,92.91,97.96,80.754316051691,88.14815631629314
2025-04-02 01:00:00+00:00,67.97,93.5,97.36,83.11821144563672,88.48697303810083
2025-04-02 02:00:00+00:00,68.9,91.43,97.39,85.33970281734582,87.78596178993408
2025-04-02 03:00:00+00:00,82.18,100.71,95.72,96.16996131560957,97.39175387774424
2025-04-02 04:00:00+00:00,113.84,129.46,98.85,120.57834895041478,123.18702339387335
2025-04-02 05:00:00+00:00,150.31,179.96,128.76,155.82952556026132,166.35396356503617
2025-04-02 06:00:00+00:00,124.7,159.37,141.95,143.78888150839973,158.53038606871053
2025-04-02 07:00:00+00:00,84.74,108.47,137.09,107.25846975093094,121.49758309010971
2025-04-02 08:00:00+00:00,48.38,86.17,111.86,78.50958874001812,101.12483028283984
2025-04-02 09:00:00+00:00,0.0,70.26,100.0,54.604917087256986,86.81858101242773
2025-04-02 10:00:00+00:00,-4.92,53.15,96.39,35.46744358982942,72.39503725884371
2025-04-02 11:00:00+00:00,-20.06,11.57,94.81,9.406538238374225,43.12712674680561
2025-04-02 12:00:00+00:00,-21.02,10.89,84.5,4.980527997628883,39.26407708169754
2025-04-02 13:00:00+00:00,-10.0,26.7,90.79,14.414852012980901,48.30068360759676
2025-04-02 14:00:00+00:00,-1.73,65.23,94.36,40.2321045604698,74.35464626023555
2025-04-02 15:00:00+00:00,15.37,82.8,101.45,65.64936527113912,90.94042890597636
2025-04-02 16:00:00+00:00,88.84,122.39,135.16,108.98124972520243,125.91350938825872
2025-04-02 17:00:00+00:00,125.35,155.72,162.0,137.73024836864477,156.68895347262045
2025-04-02 18:00:00+00:00,114.0,138.0,169.54,123.07289475290693,144.70214799936028
2025-04-02 19:00:00+00:00,96.07,110.9,153.27,99.63959406310774,120.92898036541186
2025-04-02 20:00:00+00:00,82.63,95.64,129.4,84.26669235951289,104.51893818669532
2025-04-02 21:00:00+00:00,71.43,79.45,120.27,71.4118738233853,89.4786963240801
2025-04-02 22:00:00+00:00,67.0,68.06,108.91,58.65395003845006,74.02088881545566
2025-04-03 01:00:00+00:00,68.95,67.97,97.8,67.04701901462008,70.84849326636821
2025-04-03 02:00:00+00:00,71.0,68.9,98.85,73.01222487879527,72.07407736870194
2025-04-03 03:00:00+00:00,86.22,82.18,97.07,87.676842749412,83.93570512487312
2025-04-03 04:00:00+00:00,129.71,113.84,104.9,116.32811874768609,113.31684930501876
2025-04-03 05:00:00+00:00,162.77,150.31,129.83,144.16792085731174,147.60587560764012
2025-04-03 06:00:00+00:00,133.3,124.7,140.0,126.12766747449223,132.31026159234693
2025-04-03 07:00:00+00:00,79.11,84.74,123.5,90.90948753664775,99.77449634628675
2025-04-03 08:00:00+00:00,40.47,48.38,89.92,55.78644001348865,69.22004385425795
2025-04-03 09:00:00+00:00,-0.16,0.0,77.61,19.820234522774484,34.71055654246661
2025-04-03 10:00:00+00:00,-1.19,-4.92,45.48,6.0860964169855265,24.169949309932818
2025-04-03 11:00:00+00:00,-8.4,-20.06,24.81,-8.281778775021763,6.596664283600461
2025-04-03 12:00:00+00:00,-5.85,-21.02,6.67,-10.63867065048467,1.6658675772806077
2025-04-03 13:00:00+00:00,-0.27,-10.0,30.34,3.416961906457601,12.033929680455088
2025-04-03 14:00:00+00:00,16.09,-1.73,74.93,26.838804193303247,26.647284834225047
2025-04-03 15:00:00+00:00,75.0,15.37,93.74,57.41168968752446,42.63538951304904
2025-04-03 16:00:00+00:00,138.0,88.84,127.25,119.00434792238808,99.42085004003599
2025-04-03 17:00:00+00:00,163.48,125.35,157.9,148.90261908519932,131.0457366243017
2025-04-03 18:00:00+00:00,155.88,114.0,170.7,139.08608962777888,124.36031002783277
2025-04-03 19:00:00+00:00,137.03,96.07,141.61,117.90622915154132,105.44093157125249
2025-04-03 20:00:00+00:00,113.21,82.63,124.42,103.65064291559068,91.4803213438335
2025-04-03 21:00:00+00:00,104.63,71.43,113.1,92.62847681154057,79.13028630907783
2025-04-03 22:00:00+00:00,108.34,67.0,100.91,93.52879476104839,76.42368061481443
2025-04-04 01:00:00+00:00,103.61,68.95,79.02,97.88223241480071,73.60921992608752
2025-04-04 02:00:00+00:00,105.95,71.0,79.38,103.44945122672199,75.74027760810469
2025-04-04 03:00:00+00:00,112.55,86.22,79.84,118.01676564073918,88.92429899790378
2025-04-04 04:00:00+00:00,152.67,129.71,103.51,153.62125286146747,127.88200617886385
2025-04-04 05:00:00+00:00,180.17,162.77,128.52,177.73410726852504,159.27611461986922
2025-04-04 06:00:00+00:00,139.4,133.3,122.2,150.26015892198097,138.8549752252855
2025-04-04 07:00:00+00:00,95.68,79.11,102.08,101.90563695487629,97.56494825976834
2025-04-04 08:00:00+00:00,65.0,40.47,75.57,63.13215962384875,64.9409926840245
2025-04-04 09:00:00+00:00,7.82,-0.16,25.77,22.78559045316075,26.634539788751567
2025-04-04 10:00:00+00:00,0.0,-1.19,1.68,10.515097760585036,20.02007868292182
2025-04-04 11:00:00+00:00,-1.31,-8.4,-0.01,0.958311887968307,10.78989807466563
2025-04-04 12:00:00+00:00,-1.21,-5.85,-0.03,1.9690176712900325,9.664245685042118
2025-04-04 13:00:00+00:00,-0.13,-0.27,14.48,12.272702625299132,14.585010623136867
2025-04-04 14:00:00+00:00,29.7,16.09,70.1,38.90859298190842,33.42176722195811
2025-04-04 15:00:00+00:00,79.87,75.0,104.19,89.57880028388584,77.74478840904649
2025-04-04 16:00:00+00:00,126.35,138.0,132.0,145.05396654572218,129.57476183163072
2025-04-04 17:00:00+00:00,167.64,163.48,165.99,169.50176460937755,155.08831171497474
2025-04-04 18:00:00+00:00,155.99,155.88,165.9,158.89743025819288,149.4308459987924
2025-04-04 19:00:00+00:00,120.67,137.03,148.03,138.07068882356052,132.39178423471716
2025-04-04 20:00:00+00:00,106.15,113.21,124.56,116.73762553668307,111.50763400478984
2025-04-04 21:00:00+00:00,96.97,104.63,117.94,106.36615755526486,102.11474670820716
2025-04-04 22:00:00+00:00,109.23,108.34,110.12,107.2786850280095,101.65491222979837
2025-04-05 01:00:00+00:00,99.4,103.61,96.54,95.04168596086463,88.55789056664209
2025-04-05 02:00:00+00:00,98.31,105.95,96.22,94.64234103770654,86.83766651509568
2025-04-05 03:00:00+00:00,97.5,112.55,96.5,96.63231168048728,88.39623866294251
2025-04-05 04:00:00+00:00,102.98,152.67,92.74,116.99496983894221,113.96940243028737
2025-04-05 05:00:00+00:00,105.9,180.17,96.73,131.04396523636862,133.7901720209141
2025-04-05 06:00:00+00:00,98.3,139.4,98.44,102.31940663383338,105.93450996194554
2025-04-05 07:00:00+00:00,57.16,95.68,91.86,66.02038550431371,72.9751405524471
2025-04-05 08:00:00+00:00,0.66,65.0,76.14,33.516521673949654,47.357705594857705
2025-04-05 09:00:00+00:00,-0.94,7.82,65.67,-7.20158408177717,5.262291048045526
2025-04-05 10:00:00+00:00,-24.09,0.0,65.34,-16.011136468750095,-1.0422706934913322
2025-04-05 11:00:00+00:00,-47.73,-1.31,65.33,-18.84314668157357,-4.371066362024706
2025-04-05 12:00:00+00:00,-49.1,-1.21,2.06,-24.45306037752769,-12.96432882119683
2025-04-05 13:00:00+00:00,-29.91,-0.13,3.94,-18.683187853526476,-10.196656442945084
2025-04-05 14:00:00+00:00,-4.3,29.7,25.27,6.528153156859759,16.020765387858674
2025-04-05 15:00:00+00:00,0.0,79.87,66.26,49.170936680016204,62.96179969740895
2025-04-05 16:00:00+00:00,70.0,126.35,100.1,93.45089215139906,107.75329685657832
2025-04-05 17:00:00+00:00,99.4,167.64,146.91,128.4694467124787,146.7849626460082
2025-04-05 18:00:00+00:00,98.9,155.99,152.22,121.11379399841688,141.66064141968522
2025-04-05 19:00:00+00:00,84.25,120.67,121.07,95.4212102598887,114.53498656351242
2025-04-05 20:00:00+00:00,78.99,106.15,100.42,83.19790119550905,101.2189879904335
2025-04-05 21:00:00+00:00,68.75,96.97,82.75,74.1145914097865,90.95600668157965
2025-04-05 22:00:00+00:00,70.45,109.23,68.27,85.96621763260767,101.89400896165645
2025-04-05 23:00:00+00:00,61.0,102.76,46.31,80.15030959432876,91.97724914766955
2025-04-06 00:00:00+00:00,62.72,99.39,15.89,76.21159339264,83.3652645531398
2025-04-06 01:00:00+00:00,68.28,99.4,5.1,76.83486476935732,79.10227359356844
2025-04-06 02:00:00+00:00,69.95,98.31,1.2,78.09874589723886,74.9180369063803
2025-04-06 03:00:00+00:00,77.43,97.5,0.09,80.2253983114785,71.87487790439516
2025-04-06 04:00:00+00:00,76.54,102.98,0.03,86.34356083789547,76.09101735548053
2025-04-06 05:00:00+00:00,78.11,105.9,0.0,85.32374630629212,77.89293862999831
2025-04-06 06:00:00+00:00,41.79,98.3,-0.01,68.4007231451267,69.70066254640068
2025-04-06 07:00:00+00:00,0.1,57.16,-0.04,29.88180667674564,40.21509988324361
2025-04-06 08:00:00+00:00,-2.0,0.66,-3.47,-11.795636181354652,1.5479458773564119
2025-04-06 09:00:00+00:00,-27.56,-0.94,-11.34,-20.307789536958097,-4.62507857168967
2025-04-06 10:00:00+00:00,-60.01,-24.09,-18.5,-33.22089715733469,-22.01283199802441
2025-04-06 11:00:00+00:00,-106.31,-47.73,-25.76,-43.64795323952302,-39.144872193268185
2025-04-06 12:00:00+00:00,-114.57,-49.1,-26.07,-41.45081604765355,-39.98845817358452
2025-04-06 13:00:00+00:00,-70.0,-29.91,-12.96,-24.341775458757695,-24.23085846454856
2025-04-06 14:00:00+00:00,-18.95,-4.3,-4.01,2.8860804080495654,-0.4731826437356119
2025-04-06 15:00:00+00:00,1.76,0.0,-0.01,28.156009140010468,12.807291369052223
2025-04-06 16:00:00+00:00,112.41,70.0,14.41,88.72021391948095,69.46366803534104
2025-04-06 17:00:00+00:00,131.56,99.4,60.83,122.9049484588603,102.18039723833095
2025-04-06 18:00:00+00:00,132.9,98.9,58.86,122.47586133886807,103.82464626752234
2025-04-06 19:00:00+00:00,121.38,84.25,50.01,109.65163483940069,92.34399506150264
2025-04-06 20:00:00+00:00,111.84,78.99,61.71,106.02780303234387,90.51025621625857
2025-04-06 21:00:00+00:00,100.03,68.75,56.44,97.36090727586661,81.55447056403789
2025-04-06 22:00:00+00:00,86.71,70.45,65.57,101.3459244949767,91.20937805719709
2025-04-06 23:00:00+00:00,85.0,61.0,63.25,96.1428192036011,83.95498954826895
2025-04-07 00:00:00+00:00,81.73,62.72,64.41,98.04542378267631,84.99000940797693
2025-04-07 01:00:00+00:00,83.53,68.28,67.22,103.1470868763775,89.12647612129356
2025-04-07 02:00:00+00:00,85.45,69.95,68.97,107.50527707939737,91.09305578616808
2025-04-07 03:00:00+00:00,98.74,77.43,88.0,121.24400391772926,102.3846075450881
2025-04-07 04:00:00+00:00,131.1,76.54,109.27,136.4241395421507,113.09035416554813
2025-04-07 05:00:00+00:00,175.97,78.11,143.54,145.44856712140276,123.56027036029597
2025-04-07 06:00:00+00:00,144.61,41.79,174.23,121.50162742432397,105.38587196428917
2025-04-07 07:00:00+00:00,107.1,0.1,133.17,77.84832600014835,68.96857167163742
2025-04-07 08:00:00+00:00,83.37,-2.0,110.27,56.635284996127886,58.98364578338573
2025-04-07 09:00:00+00:00,65.0,-27.56,99.04,31.325733992603062,39.67568725968898
2025-04-07 10:00:00+00:00,11.8,-60.01,83.54,5.8839191210796855,13.183858055137108
2025-04-07 11:00:00+00:00,2.19,-106.31,74.1,-20.257787503029505,-21.193931455976283
2025-04-07 12:00:00+00:00,3.94,-114.57,73.58,-21.72955706846156,-28.233911388126785
2025-04-07 13:00:00+00:00,60.98,-70.0,69.55,6.7320459491093345,0.019788360386584714
2025-04-07 14:00:00+00:00,72.0,-18.95,76.24,45.041939990109334,35.82349970893551
2025-04-07 15:00:00+00:00,102.43,1.76,100.83,75.97523945998375,54.72113465391643
2025-04-07 16:00:00+00:00,127.6,112.41,131.57,156.1769215029339,138.25412419170522
2025-04-07 17:00:00+00:00,168.45,131.56,183.96,183.17389623846336,161.96615526621667
2025-04-07 18:00:00+00:00,165.05,132.9,172.73,180.69938203184861,161.42598455244396
2025-04-07 19:00:00+00:00,138.2,121.38,135.03,164.38214711713752,146.35744631988686
2025-04-07 20:00:00+00:00,121.02,111.84,115.25,152.27159106723968,135.13068180633098
2025-04-07 21:00:00+00:00,105.21,100.03,102.34,140.20109516082783,122.31029930185149
2025-04-07 22:00:00+00:00,94.93,86.71,101.56,125.05116107374089,105.52624559149623
2025-04-07 23:00:00+00:00,87.83,85.0,95.02,122.76761138774347,101.92400246551328
2025-04-08 00:00:00+00:00,89.06,81.73,92.91,122.42559451269939,99.4910049761602
2025-04-08 01:00:00+00:00,89.9,83.53,93.5,126.24755841451757,101.31070598039997
2025-04-08 02:00:00+00:00,91.62,85.45,91.43,131.04843461509583,103.12976777795046
2025-04-08 03:00:00+00:00,105.73,98.74,100.71,145.73525153293733,116.0212634703197
2025-04-08 04:00:00+00:00,142.97,131.1,129.46,176.05594404345106,146.3166446429353
2025-04-08 05:00:00+00:00,180.55,175.97,179.96,208.93288376304068,186.4422906608336
2025-04-08 06:00:00+00:00,136.77,144.61,159.37,179.8381363924738,161.74600684250328
2025-04-08 07:00:00+00:00,91.3,107.1,108.47,135.93421872403565,125.85961676170176
2025-04-08 08:00:00+00:00,76.47,83.37,86.17,105.89725600629528,105.33606194909748
2025-04-08 09:00:00+00:00,61.09,65.0,70.26,84.04076544628009,87.69109192191651
2025-04-08 10:00:00+00:00,19.57,11.8,53.15,49.39401527464228,45.98202624591881
2025-04-08 11:00:00+00:00,16.83,2.19,11.57,35.19591590198376,27.012616029789854
2025-04-08 12:00:00+00:00,28.59,3.94,10.89,35.7003137110919,23.819158748250302
2025-04-08 13:00:00+00:00,57.47,60.98,26.7,70.71923249427857,63.21980961456064
2025-04-08 14:00:00+00:00,73.33,72.0,65.23,90.806546831225,78.19396791975197
2025-04-08 15:00:00+00:00,90.34,102.43,82.8,121.62337274797429,101.85649841807927
2025-04-08 16:00:00+00:00,118.26,127.6,122.39,158.4058388575037,133.86451600960999
2025-04-08 17:00:00+00:00,180.4,168.45,155.72,191.57117000394177,168.43246661549733
2025-04-08 18:00:00+00:00,171.31,165.05,138.0,185.62133175116884,164.586412054407
2025-04-08 19:00:00+00:00,140.0,138.2,110.9,162.79762297875985,141.77738030301072
2025-04-08 20:00:00+00:00,120.47,121.02,95.64,146.184426628516,126.07190048612331
2025-04-08 21:00:00+00:00,105.12,105.21,79.45,130.34918156124513,110.19807393240522
2025-04-08 22:00:00+00:00,104.99,94.93,68.06,110.26962453477864,88.02250987634997
2025-04-08 23:00:00+00:00,95.99,87.83,66.93,106.28099694158553,83.00664071217255
2025-04-09 00:00:00+00:00,94.67,89.06,66.8,107.03678514468996,83.32897776430332
2025-04-09 01:00:00+00:00,94.45,89.9,67.97,109.0347234793726,84.08961819850991
2025-04-09 02:00:00+00:00,95.79,91.62,68.9,113.22025274576436,86.28939475622148
2025-04-09 03:00:00+00:00,109.45,105.73,82.18,128.39926538062963,101.14551248163355
2025-04-09 04:00:00+00:00,152.68,142.97,113.84,161.56432528025167,137.63303674302432
2025-04-09 05:00:00+00:00,175.56,180.55,150.31,189.99612272771054,174.44601590681808
2025-04-09 06:00:00+00:00,131.56,136.77,124.7,157.11523903568076,141.80456667859937
2025-04-09 07:00:00+00:00,99.51,91.3,84.74,113.4808127682237,102.91322415188577
2025-04-09 08:00:00+00:00,82.71,76.47,48.38,84.71695353408884,84.94086839650589
2025-04-09 09:00:00+00:00,59.69,61.09,0.0,58.58232995351248,65.16941800334398
2025-04-09 10:00:00+00:00,13.61,19.57,-4.92,29.898391783937257,31.62780149117833
2025-04-09 11:00:00+00:00,6.72,16.83,-20.06,23.980796841716483,24.497979211374926
2025-04-09 12:00:00+00:00,13.27,28.59,-21.02,27.997420007330362,28.839989937712417
2025-04-09 13:00:00+00:00,34.87,57.47,-10.0,45.91419740482225,50.96505345117573
2025-04-09 14:00:00+00:00,62.98,73.33,-1.73,59.18956317556248,62.817852903903265
2025-04-09 15:00:00+00:00,83.5,90.34,15.37,80.9890171307105,80.31404860471248
2025-04-09 16:00:00+00:00,103.48,118.26,88.84,118.78042293870747,113.6017059057134
2025-04-09 17:00:00+00:00,131.57,180.4,125.35,163.74522699842572,164.20662209635134
2025-04-09 18:00:00+00:00,138.73,171.31,114.0,154.52545006284035,156.38646391386638
2025-04-09 19:00:00+00:00,111.23,140.0,96.07,129.16345050440907,130.80614392021485
2025-04-09 20:00:00+00:00,101.94,120.47,82.63,111.60762156126533,113.06695678625766
2025-04-09 21:00:00+00:00,98.51,105.12,71.43,98.2250414130883,97.99218066400346
2025-04-09 22:00:00+00:00,92.9,104.99,67.0,89.90322691213464,90.79214994990647
2025-04-10 01:00:00+00:00,87.92,94.45,68.95,92.02144243698933,82.95787633900929
2025-04-10 02:00:00+00:00,90.0,95.79,71.0,97.90987299921315,84.30794687890605
2025-04-10 03:00:00+00:00,97.54,109.45,86.22,114.76594503961269,98.32697275753698
2025-04-10 04:00:00+00:00,132.44,152.68,129.71,154.46065279024046,139.91238010702315
2025-04-10 05:00:00+00:00,170.59,175.56,162.77,177.6174583096283,166.38330091750993
2025-04-10 06:00:00+00:00,135.44,131.56,133.3,146.3552024772294,131.89172339325765
2025-04-10 07:00:00+00:00,102.4,99.51,79.11,111.395733516753,99.31014015977757
2025-04-10 08:00:00+00:00,85.71,82.71,40.47,85.5213637903594,80.61741917278005
2025-04-10 09:00:00+00:00,66.34,59.69,-0.16,57.98227558892438,58.22572628302718
2025-04-10 10:00:00+00:00,34.95,13.61,-1.19,23.26171746133096,22.838805142035113
2025-04-10 11:00:00+00:00,2.18,6.72,-8.4,12.565360769311411,15.249268997453498
2025-04-10 12:00:00+00:00,0.08,13.27,-5.85,13.896544958972527,18.862356241814012
2025-04-10 13:00:00+00:00,1.18,34.87,-0.27,27.354482546423384,34.48188180767867
2025-04-10 14:00:00+00:00,54.44,62.98,16.09,48.05233839812332,55.49084703717988
2025-04-10 15:00:00+00:00,70.0,83.5,75.0,78.81182880282877,79.86901071884857
2025-04-10 16:00:00+00:00,101.68,103.48,138.0,113.14636573395774,106.04818604668112
2025-04-10 17:00:00+00:00,140.42,131.57,163.48,138.5928747133408,134.02044506733657
2025-04-10 18:00:00+00:00,137.17,138.73,155.88,134.6276763182053,137.54393228396336
2025-04-10 19:00:00+00:00,97.56,111.23,137.03,106.69985340210454,114.43248713038649
2025-04-10 20:00:00+00:00,92.05,101.94,113.21,89.23433656499836,101.88588332574669
2025-04-10 21:00:00+00:00,81.11,98.51,104.63,78.12333485820453,95.06177141981985
2025-04-10 22:00:00+00:00,65.32,92.9,108.34,73.97715906529261,94.78116317567897
2025-04-10 23:00:00+00:00,60.75,89.55,103.04,68.98997299227341,90.50710008607359
2025-04-11 00:00:00+00:00,58.44,88.9,102.89,68.15104179986636,89.82795724942154
2025-04-11 01:00:00+00:00,58.43,87.92,103.61,68.83351646352989,89.44335412988728
2025-04-11 02:00:00+00:00,61.93,90.0,105.95,73.14231619537598,92.09540484937138
2025-04-11 03:00:00+00:00,71.99,97.54,112.55,84.11099164913443,101.39368366545159
2025-04-11 04:00:00+00:00,94.2,132.44,152.67,116.79933135471737,137.77160465753448
2025-04-11 05:00:00+00:00,111.4,170.59,180.17,142.91998664605353,171.69849727451458
2025-04-11 06:00:00+00:00,85.9,135.44,139.4,111.12995397544049,141.81261283752255
2025-04-11 07:00:00+00:00,58.89,102.4,95.68,74.1059110765817,110.36520120252892
2025-04-11 08:00:00+00:00,11.31,85.71,65.0,50.39167701728845,92.25857556665721
2025-04-11 09:00:00+00:00,0.0,66.34,7.82,25.58162120307685,68.6082656431064
2025-04-11 10:00:00+00:00,-3.0,34.95,0.0,3.8063226887860253,41.22358347380803
2025-04-11 11:00:00+00:00,-4.99,2.18,-1.31,-14.241135950881983,16.433994452518093
2025-04-11 12:00:00+00:00,-3.61,0.08,-1.21,-13.777339336318306,13.565748741416044
2025-04-11 13:00:00+00:00,-0.1,1.18,-0.13,-9.336090555693318,14.841232700666822
2025-04-11 14:00:00+00:00,0.0,54.44,29.7,30.970926958305768,55.73233396555701
2025-04-11 15:00:00+00:00,70.15,70.0,79.87,63.272987375445574,76.06476010189897
2025-04-11 16:00:00+00:00,110.69,101.68,126.35,106.40376229664585,106.24100060438548
2025-04-11 17:00:00+00:00,133.4,140.42,167.64,145.29083418218502,140.07457463315382
2025-04-11 18:00:00+00:00,155.0,137.17,155.99,143.52475961700256,136.52613756741368
2025-04-11 19:00:00+00:00,130.46,97.56,120.67,114.77519139476149,102.97188049050072
2025-04-11 20:00:00+00:00,119.1,92.05,106.15,106.85509947587862,95.07297190965495
2025-04-11 21:00:00+00:00,105.49,81.11,96.97,97.61272826556879,84.4347115363472
2025-04-11 22:00:00+00:00,107.84,65.32,109.23,94.366173934087,74.25989012847515
2025-04-11 23:00:00+00:00,104.41,60.75,102.76,88.46165505529184,67.70784993758812
2025-04-12 00:00:00+00:00,100.93,58.44,99.39,85.2268228895486,63.37714367415864
2025-04-12 01:00:00+00:00,98.15,58.43,99.4,84.09886860102156,60.53635653970931
2025-04-12 02:00:00+00:00,98.99,61.93,98.31,85.13471848813668,59.701508908665666
2025-04-12 03:00:00+00:00,99.08,71.99,97.5,90.57134042339545,63.756594594856416
2025-04-12 04:00:00+00:00,104.42,94.2,102.98,104.18666143028558,79.01745639808539
2025-04-12 05:00:00+00:00,99.74,111.4,105.9,110.24787303025971,91.83537452065684
2025-04-12 06:00:00+00:00,95.49,85.9,98.3,83.9164900125074,71.9012406673156
2025-04-12 07:00:00+00:00,67.26,58.89,57.16,49.15215488802191,46.220962900314944
2025-04-12 08:00:00+00:00,20.19,11.31,0.66,4.694570510403381,6.204721100582674
2025-04-12 09:00:00+00:00,0.0,0.0,-0.94,-11.727918751718192,-3.0734003082062173
2025-04-12 10:00:00+00:00,-9.23,-3.0,-24.09,-23.59061489745801,-11.285410348520372
2025-04-12 11:00:00+00:00,-40.04,-4.99,-47.73,-32.2721104226093,-20.01943257382608
2025-04-12 12:00:00+00:00,-42.01,-3.61,-49.1,-31.3602021455319,-20.0694223267476
2025-04-12 13:00:00+00:00,-18.68,-0.1,-29.91,-21.094292468391416,-13.791971039152543
2025-04-12 14:00:00+00:00,-0.08,0.0,-4.3,-3.15943488317356,-2.1926666222121156
2025-04-12 15:00:00+00:00,59.47,70.15,0.0,51.237882231576044,49.37235231727167
2025-04-12 16:00:00+00:00,111.31,110.69,70.0,102.83076179211737,92.7602391351664
2025-04-12 17:00:00+00:00,150.06,133.4,99.4,128.2182328361466,118.41959777665471
2025-04-12 18:00:00+00:00,120.89,155.0,98.9,133.00781615231259,134.38414537321188
2025-04-12 19:00:00+00:00,91.0,130.46,84.25,108.22712281715296,115.01961861331667
2025-04-12 20:00:00+00:00,86.27,119.1,78.99,95.1545382596536,107.23535178563374
2025-04-12 21:00:00+00:00,64.27,105.49,68.75,80.7334259852209,95.3199915464276
2025-04-12 22:00:00+00:00,63.99,107.84,70.45,80.34491945967015,100.28318326898273
2025-04-12 23:00:00+00:00,56.0,104.41,61.0,73.25460901106833,94.14703101200887
2025-04-13 00:00:00+00:00,42.36,100.93,62.72,68.36453257136412,89.30073135153667
2025-04-13 01:00:00+00:00,29.5,98.15,68.28,65.29808526270206,85.36375127033651
2025-04-13 02:00:00+00:00,32.06,98.99,69.95,64.50686981219097,83.06227776214085
2025-04-13 03:00:00+00:00,34.48,99.08,77.43,65.05899821067214,81.44495069574305
2025-04-13 04:00:00+00:00,29.41,104.42,76.54,66.70091429145795,83.35636596418902
2025-04-13 05:00:00+00:00,27.75,99.74,78.11,62.36716618318323,79.75968618724626
2025-04-13 06:00:00+00:00,12.87,95.49,41.79,50.52143600647763,69.73467242470096
2025-04-13 07:00:00+00:00,8.43,67.26,0.1,24.23850714149691,43.81575215041444
2025-04-13 08:00:00+00:00,0.0,20.19,-2.0,-7.887744970234706,9.340785599093138
2025-04-13 09:00:00+00:00,-0.02,0.0,-27.56,-24.47501009251316,-8.18094141372113
2025-04-13 10:00:00+00:00,-3.02,-9.23,-60.01,-36.91368994097516,-20.1087884873061
2025-04-13 11:00:00+00:00,-18.84,-40.04,-106.31,-58.28104046444835,-47.57804803465967
2025-04-13 12:00:00+00:00,-25.38,-42.01,-114.57,-56.80655896965081,-50.212666780717
2025-04-13 13:00:00+00:00,-9.93,-18.68,-70.0,-32.656996990766885,-27.25959056054566
2025-04-13 14:00:00+00:00,-0.01,-0.08,-18.95,-8.168476579362917,-5.637201789336061
2025-04-13 15:00:00+00:00,17.56,59.47,1.76,40.90698501155995,45.4171335354058
2025-04-13 16:00:00+00:00,98.63,111.31,112.41,104.29044178846871,102.72440355718815
2025-04-13 17:00:00+00:00,120.65,150.06,131.56,144.0478724813646,137.44761212963823
2025-04-13 18:00:00+00:00,118.01,120.89,132.9,137.01156872133697,124.10493527612729
2025-04-13 19:00:00+00:00,108.06,91.0,121.38,120.75600729935334,103.72825915540591
2025-04-13 20:00:00+00:00,103.35,86.27,111.84,116.84295386342984,99.71133224224167
2025-04-13 21:00:00+00:00,94.98,64.27,100.03,102.31373337342812,82.04155490054579
2025-04-13 22:00:00+00:00,87.56,63.99,86.71,105.49653521042333,88.29395839633649
2025-04-13 23:00:00+00:00,82.69,56.0,85.0,101.5023190799486,82.20773461178796
2025-04-14 00:00:00+00:00,82.11,42.36,81.73,94.71879390454201,72.67117714060659
2025-04-14 01:00:00+00:00,82.29,29.5,83.53,89.39784866192882,64.78950710804698
2025-04-14 02:00:00+00:00,84.52,32.06,85.45,92.91969762585495,67.66915054526247
2025-04-14 03:00:00+00:00,97.1,34.48,98.74,102.2014489964788,74.97540532074454
2025-04-14 04:00:00+00:00,124.34,29.41,131.1,115.78637289519136,84.20776201744141
2025-04-14 05:00:00+00:00,152.03,27.75,175.97,124.9118142770333,93.44558130485632
2025-04-14 06:00:00+00:00,143.7,12.87,144.61,108.39360299334986,80.83374531861334
2025-04-14 07:00:00+00:00,104.7,8.43,107.1,87.96673120951404,69.55076828581905
2025-04-14 08:00:00+00:00,91.02,0.0,83.37,66.01090434967415,55.97235978219377
2025-04-14 09:00:00+00:00,77.07,-0.02,65.0,52.29495060043241,50.23398377822688
2025-04-14 10:00:00+00:00,62.35,-3.02,11.8,36.74763543070011,38.15311511361957
2025-04-14 11:00:00+00:00,61.64,-18.84,2.19,22.868614248856176,21.544186704449245
2025-04-14 12:00:00+00:00,64.36,-25.38,3.94,19.197530789013825,14.743073162108402
2025-04-14 13:00:00+00:00,75.29,-9.93,60.98,38.744902084865714,32.22812424244166
2025-04-14 14:00:00+00:00,84.6,-0.01,72.0,55.70010086648388,41.54136218124392
2025-04-14 15:00:00+00:00,97.02,17.56,102.43,86.08485942313436,63.43765296118493
2025-04-14 16:00:00+00:00,119.35,98.63,127.6,146.96366513381145,125.6901205902678
2025-04-14 17:00:00+00:00,180.0,120.65,168.45,170.29784384215458,150.30212945364264
2025-04-14 18:00:00+00:00,140.61,118.01,165.05,160.27731569072893,146.37911813655032
2025-04-14 19:00:00+00:00,102.83,108.06,138.2,136.02486893212526,133.15030401011867
2025-04-14 20:00:00+00:00,82.59,103.35,121.02,116.94476730351279,125.49201562082806
2025-04-14 21:00:00+00:00,76.0,94.98,105.21,98.68555225237127,113.87731261869124
2025-04-14 22:00:00+00:00,72.93,87.56,94.93,79.27955393967846,100.05151444470107
2025-04-14 23:00:00+00:00,73.2,82.69,87.83,72.63815985683549,94.64023578711091
2025-04-15 00:00:00+00:00,67.38,82.11,89.06,70.95767441421935,92.90129967259408
2025-04-15 01:00:00+00:00,64.29,82.29,89.9,71.81360449619899,92.12912557280148
2025-04-15 02:00:00+00:00,66.3,84.52,91.62,76.5167911363291,94.86697447833275
2025-04-15 03:00:00+00:00,70.42,97.1,105.73,90.5765502298293,107.67372221539271
2025-04-15 04:00:00+00:00,83.03,124.34,142.97,116.98853504768923,135.16996557457543
2025-04-15 05:00:00+00:00,96.99,152.03,180.55,139.24545125469592,162.18127664141323
2025-04-15 06:00:00+00:00,98.56,143.7,136.77,124.77724802362701,150.5751231042836
2025-04-15 07:00:00+00:00,65.0,104.7,91.3,90.18004647271299,117.16590077152557
2025-04-15 08:00:00+00:00,48.93,91.02,76.47,71.20526841212424,103.75645657954973
2025-04-15 09:00:00+00:00,2.92,77.07,61.09,55.36400619646171,91.062816218058
2025-04-15 10:00:00+00:00,0.08,62.35,19.57,38.8371449628497,73.0636586090776
2025-04-15 11:00:00+00:00,0.0,61.64,16.83,35.98508794682689,67.68453687154941
2025-04-15 12:00:00+00:00,0.1,64.36,28.59,39.7744956096839,67.53608513932495
2025-04-15 13:00:00+00:00,29.27,75.29,57.47,53.62972811251436,78.00790806790458
2025-04-15 14:00:00+00:00,68.08,84.6,73.33,67.79763777420678,85.69801534869212
2025-04-15 15:00:00+00:00,86.57,97.02,90.34,86.91400355246816,97.40983501273362
2025-04-15 16:00:00+00:00,105.28,119.35,118.26,116.66603896766837,123.1423876033124
2025-04-15 17:00:00+00:00,133.58,180.0,180.4,165.14317176170567,174.25861038288912
2025-04-15 18:00:00+00:00,141.54,140.61,171.31,146.24691976543573,148.36759335058102
2025-04-15 19:00:00+00:00,110.58,102.83,140.0,119.26333157754334,118.0034914082065
2025-04-15 20:00:00+00:00,102.21,82.59,120.47,102.90391062095027,100.1902824180267
2025-04-15 21:00:00+00:00,93.76,76.0,105.12,93.71723734041245,91.03534406729808
2025-04-15 22:00:00+00:00,88.01,72.93,104.99,81.4622653368428,76.28837223756028
2025-04-15 23:00:00+00:00,82.04,73.2,95.99,81.52055766998475,75.0063587676749
2025-04-16 00:00:00+00:00,82.2,67.38,94.67,80.23856151301382,70.90516412044767
2025-04-16 01:00:00+00:00,81.4,64.29,94.45,81.38902340754214,68.76570089760887
2025-04-16 02:00:00+00:00,82.99,66.3,95.79,87.1590704580643,71.27692117204211
2025-04-16 03:00:00+00:00,99.4,70.42,109.45,98.9593362480631,79.79591325559305
2025-04-16 04:00:00+00:00,121.0,83.03,152.68,121.82446713246128,101.27218039416096
2025-04-16 05:00:00+00:00,135.14,96.99,175.56,135.08508246470174,119.56034760090019
2025-04-16 06:00:00+00:00,109.94,98.56,131.56,122.8678939930293,115.93396249369539
2025-04-16 07:00:00+00:00,94.82,65.0,99.51,89.87349646015426,86.61743261138457
2025-04-16 08:00:00+00:00,79.75,48.93,82.71,69.41510123707067,71.48797478432576
2025-04-16 09:00:00+00:00,64.08,2.92,59.69,36.98058970523592,36.499780050068246
2025-04-16 10:00:00+00:00,35.3,0.08,13.61,25.83667446365783,26.044201109662666
2025-04-16 11:00:00+00:00,22.4,0.0,6.72,22.730922717286973,22.466091683305635
2025-04-16 12:00:00+00:00,24.94,0.1,13.27,23.70853221762465,20.539095620435617
2025-04-16 13:00:00+00:00,55.0,29.27,34.87,44.10299398442917,40.86201441407453
2025-04-16 14:00:00+00:00,68.0,68.08,62.98,73.96588202079293,69.84932101145287
2025-04-16 15:00:00+00:00,93.16,86.57,83.5,97.50980474032585,87.04394498413481
2025-04-16 16:00:00+00:00,118.0,105.28,103.48,122.48743096663982,106.85193946075422
2025-04-16 17:00:00+00:00,146.52,133.58,131.57,145.2870718385458,136.04445816232325
2025-04-16 18:00:00+00:00,136.48,141.54,138.73,141.48987926122814,138.76043874781294
2025-04-16 19:00:00+00:00,121.0,110.58,111.23,112.44037461190248,111.3410217785504
2025-04-16 20:00:00+00:00,109.69,102.21,101.94,98.58761292812261,100.87496544991454
2025-04-16 21:00:00+00:00,98.59,93.76,98.51,86.89893708294251,92.05600325740357
2025-04-16 22:00:00+00:00,88.99,88.01,92.9,78.0495003604541,82.89363229368082
2025-04-16 23:00:00+00:00,83.99,82.04,89.55,73.783794481144,78.1162748177181
2025-04-17 00:00:00+00:00,81.67,82.2,88.9,73.29963156440728,76.93209738508914
2025-04-17 01:00:00+00:00,80.07,81.4,87.92,74.45101629858132,75.67299887750194
2025-04-17 02:00:00+00:00,81.28,82.99,90.0,79.14779022309642,77.00603245321847
2025-04-17 03:00:00+00:00,87.43,99.4,97.54,94.15061326008652,89.68711329845966
2025-04-17 04:00:00+00:00,108.02,121.0,132.44,119.14355313902203,112.93061045394093
2025-04-17 05:00:00+00:00,122.8,135.14,170.59,138.46401517928354,131.78533745145157
2025-04-17 06:00:00+00:00,130.0,109.94,135.44,123.98897861277584,112.87820790658026
2025-04-17 07:00:00+00:00,121.0,94.82,102.4,107.52056484432919,95.63985385359433
2025-04-17 08:00:00+00:00,110.0,79.75,85.71,91.64017428306022,81.57217473051783
2025-04-17 09:00:00+00:00,95.03,64.08,66.34,74.33686576055233,64.55092855961952
2025-04-17 10:00:00+00:00,80.84,35.3,34.95,49.56748088756112,38.89240278312753
2025-04-17 11:00:00+00:00,81.04,22.4,2.18,33.755604364824855,23.659487875005794
2025-04-17 12:00:00+00:00,77.75,24.94,0.08,31.29546690810048,22.777359034398486
2025-04-17 13:00:00+00:00,77.65,55.0,1.18,47.06680308125134,42.8276300501905
2025-04-17 14:00:00+00:00,83.87,68.0,54.44,64.41109514353698,60.83993233682833
2025-04-17 15:00:00+00:00,97.63,93.16,70.0,85.92764870782003,82.11427314089693
2025-04-17 16:00:00+00:00,112.65,118.0,101.68,107.25715532796222,104.71336133328585
2025-04-17 17:00:00+00:00,129.0,146.52,140.42,128.53876305030965,131.83732975907128
2025-04-17 18:00:00+00:00,122.79,136.48,137.17,120.51738322002846,126.2934448303128
2025-04-17 19:00:00+00:00,114.76,121.0,97.56,102.06280900846761,108.89527006981443
2025-04-17 20:00:00+00:00,98.9,109.69,92.05,90.7971559797378,98.71345131463767
2025-04-17 21:00:00+00:00,96.52,98.59,81.11,79.46451323128827,87.35785734405519
2025-04-17 22:00:00+00:00,91.0,88.99,65.32,69.956392906024,78.47333164426945
2025-04-17 23:00:00+00:00,81.3,83.99,60.75,66.0594705005895,72.71651099967707
2025-04-18 00:00:00+00:00,79.12,81.67,58.44,64.94133543422045,70.06677113729447
2025-04-18 01:00:00+00:00,77.94,80.07,58.43,64.60031437557353,68.04809190487315
2025-04-18 02:00:00+00:00,76.34,81.28,61.93,66.32198583611378,68.45561390579059
2025-04-18 03:00:00+00:00,76.35,87.43,71.99,72.05976751131492,73.48146344470095
2025-04-18 04:00:00+00:00,79.39,108.02,94.2,87.25049921456008,89.98030282583584
2025-04-18 05:00:00+00:00,87.98,122.8,111.4,100.90331568039909,103.54016233010132
2025-04-18 06:00:00+00:00,91.25,130.0,85.9,105.41587538523837,105.01371248661638
2025-04-18 07:00:00+00:00,90.14,121.0,58.89,98.99147009141012,95.42992270714018
2025-04-18 08:00:00+00:00,88.3,110.0,11.31,88.43767918452957,81.79689851132483
2025-04-18 09:00:00+00:00,83.28,95.03,0.0,79.74905158950205,69.71415165990021
2025-04-18 10:00:00+00:00,75.03,80.84,-3.0,68.97692795766292,55.64503516167192
2025-04-18 11:00:00+00:00,63.75,81.04,-4.99,64.50779321347892,51.07674030346933
2025-04-18 12:00:00+00:00,62.64,77.75,-3.61,60.709077326642124,46.761899329358435
2025-04-18 13:00:00+00:00,65.36,77.65,-0.1,62.2667507664541,48.334848097747006
2025-04-18 14:00:00+00:00,76.61,83.87,0.0,69.0273027725948,53.82375017561514
2025-04-18 15:00:00+00:00,88.64,97.63,70.15,91.84117440752395,76.21371629410994
2025-04-18 16:00:00+00:00,103.5,112.65,110.69,112.07973064536895,95.16441321007281
2025-04-18 17:00:00+00:00,123.12,129.0,133.4,129.6518765340286,112.82400348191007
2025-04-18 18:00:00+00:00,126.52,122.79,155.0,129.58869484058874,111.90053304281332
2025-04-18 19:00:00+00:00,116.52,114.76,130.46,119.66213375883454,102.56700913480321
2025-04-18 20:00:00+00:00,106.35,98.9,119.1,107.39164314647307,89.98543422389395
2025-04-18 21:00:00+00:00,99.12,96.52,105.49,100.53750244779638,84.55182870836593
2025-04-18 22:00:00+00:00,89.32,91.0,107.84,96.94211134911674,82.64241834223137
2025-04-18 23:00:00+00:00,80.01,81.3,104.41,89.09604473642493,73.4953176934419
2025-04-19 00:00:00+00:00,84.45,79.12,100.93,85.58044759916015,69.08697401380732
2025-04-19 01:00:00+00:00,82.39,77.94,98.15,83.78165500121213,65.21693083702874
2025-04-19 02:00:00+00:00,84.98,76.34,98.99,83.30129696202587,61.525364293695766
2025-04-19 03:00:00+00:00,90.62,76.35,99.08,85.0657393822348,59.56748724697654
2025-04-19 04:00:00+00:00,95.2,79.39,104.42,89.61974534940308,61.73469040100672
2025-04-19 05:00:00+00:00,91.67,87.98,99.74,91.87669806412299,66.92352039546964
2025-04-19 06:00:00+00:00,83.89,91.25,95.49,85.41484995271112,69.07398614225588
2025-04-19 07:00:00+00:00,76.43,90.14,67.26,70.36157298152354,63.41691278031909
2025-04-19 08:00:00+00:00,29.99,88.3,20.19,52.879767877779315,53.8943723761822
2025-04-19 09:00:00+00:00,4.54,83.28,0.0,39.38178925379053,45.91062608561752
2025-04-19 10:00:00+00:00,0.0,75.03,-9.23,28.06160869160425,37.245560668965
2025-04-19 11:00:00+00:00,-3.01,63.75,-40.04,15.030083299055136,24.28517973371204
2025-04-19 12:00:00+00:00,-7.26,62.64,-42.01,14.401014807578761,22.70795394022153
2025-04-19 13:00:00+00:00,-0.86,65.36,-18.68,24.011586361524337,29.14468471334436
2025-04-19 14:00:00+00:00,0.2,76.61,-0.08,43.53146669041133,42.942223725670125
2025-04-19 15:00:00+00:00,64.01,88.64,59.47,73.97512887761357,64.35289287257558
2025-04-19 16:00:00+00:00,102.77,103.5,111.31,107.10532594602819,87.35417378646815
2025-04-19 17:00:00+00:00,126.84,123.12,150.06,133.40661576727587,110.57047092558555
2025-04-19 18:00:00+00:00,142.71,126.52,120.89,132.0565209214809,110.72775592142777
2025-04-19 19:00:00+00:00,127.36,116.52,91.0,119.31941519965983,100.9508365091268
2025-04-19 20:00:00+00:00,109.55,106.35,86.27,109.38168483702944,93.1816162183614
2025-04-19 21:00:00+00:00,98.27,99.12,64.27,98.5027585026293,84.41336544307222
2025-04-19 22:00:00+00:00,100.41,89.32,63.99,94.03148131616908,81.25190397900661
2025-04-19 23:00:00+00:00,94.9,80.01,56.0,84.89304075768787,71.20705214499979
2025-04-20 00:00:00+00:00,98.98,84.45,42.36,83.24987452619055,69.57366997338323
2025-04-20 01:00:00+00:00,97.41,82.39,29.5,79.37991467892442,63.51247424724355
2025-04-20 02:00:00+00:00,98.83,84.98,32.06,79.82323349313623,61.72031432145898
2025-04-20 03:00:00+00:00,108.64,90.62,34.48,81.2601922942439,60.94310822181594
2025-04-20 04:00:00+00:00,109.38,95.2,29.41,79.84547121002649,57.99341826982863
2025-04-20 05:00:00+00:00,94.32,91.67,27.75,71.78243303513653,53.32654125503981
2025-04-20 06:00:00+00:00,68.6,83.89,12.87,54.14763800669229,46.83804098172847
2025-04-20 07:00:00+00:00,18.63,76.43,8.43,35.14891438497801,41.809715191498114
2025-04-20 08:00:00+00:00,0.0,29.99,0.0,1.188375414639495,11.67284292221531
2025-04-20 09:00:00+00:00,-5.72,4.54,-0.02,-16.874300277996326,-3.7319343386570694
2025-04-20 10:00:00+00:00,-34.99,0.0,-3.02,-21.720265492668005,-8.570322135954285
2025-04-20 11:00:00+00:00,-52.42,-3.01,-18.84,-23.196553848522143,-14.42135481748339
2025-04-20 12:00:00+00:00,-40.05,-7.26,-25.38,-18.989885367295173,-17.719014221949934
2025-04-20 13:00:00+00:00,-4.76,-0.86,-9.93,-4.678085081573471,-9.207152748701475
2025-04-20 14:00:00+00:00,0.0,0.2,-0.01,11.520428570092477,-2.297859718263922
2025-04-20 15:00:00+00:00,72.42,64.01,17.56,63.50271389122342,46.875813072326984
2025-04-20 16:00:00+00:00,106.81,102.77,98.63,109.33165895088942,88.4992746853751
2025-04-20 17:00:00+00:00,119.94,126.84,120.65,135.03835941178758,113.0423942495932
2025-04-20 18:00:00+00:00,144.95,142.71,118.01,146.58740373285508,126.96680911500788
2025-04-20 19:00:00+00:00,137.56,127.36,108.06,137.16340577630882,117.61470287745651
2025-04-20 20:00:00+00:00,121.82,109.55,103.35,126.51053305545469,106.41787253312297
2025-04-20 21:00:00+00:00,110.68,98.27,94.98,116.96297011047689,97.03813178782849
2025-04-20 22:00:00+00:00,108.58,100.41,87.56,119.5290602758481,104.59063662486297
2025-04-20 23:00:00+00:00,97.59,94.9,82.69,114.19661390722916,98.89301107851071
2025-04-21 00:00:00+00:00,96.47,98.98,82.11,116.19523920572126,101.32629887989027
2025-04-21 01:00:00+00:00,96.84,97.41,82.29,116.21289179864682,99.71397569311998
2025-04-21 02:00:00+00:00,97.98,98.83,84.52,118.50409780182645,100.42562183560467
2025-04-21 03:00:00+00:00,98.54,108.64,97.1,126.83557881850899,107.99243141479423
2025-04-21 04:00:00+00:00,97.07,109.38,124.34,132.02419650172985,111.5150746365729
2025-04-21 05:00:00+00:00,91.31,94.32,152.03,126.41658688276779,105.75130819515083
2025-04-21 06:00:00+00:00,88.5,68.6,143.7,108.64178073709967,89.56078446090964
2025-04-21 07:00:00+00:00,87.99,18.63,104.7,72.56090750064274,53.24992816973489
2025-04-21 08:00:00+00:00,65.24,0.0,91.02,53.17769301998623,36.98397721609012
2025-04-21 09:00:00+00:00,33.88,-5.72,77.07,41.99647754561898,30.053571567434858
2025-04-21 10:00:00+00:00,17.19,-34.99,62.35,21.268914430693314,7.3904509790361175
2025-04-21 11:00:00+00:00,8.91,-52.42,61.64,10.85753895889269,-6.052492965878045
2025-04-21 12:00:00+00:00,8.43,-40.05,64.36,17.518783638955284,0.11036753907430352
2025-04-21 13:00:00+00:00,10.01,-4.76,75.29,40.10121470131081,23.895730221281028
2025-04-21 14:00:00+00:00,50.05,0.0,84.6,52.274624912804704,29.15513950264078
2025-04-21 15:00:00+00:00,88.77,72.42,97.02,104.17726943673048,84.44529563564221
2025-04-21 16:00:00+00:00,101.95,106.81,119.35,137.29335665208623,114.64841562003473
2025-04-21 17:00:00+00:00,121.95,119.94,180.0,160.29338763774228,135.53738508326165
2025-04-21 18:00:00+00:00,139.14,144.95,140.61,169.30462574235779,149.12333080218892
2025-04-21 19:00:00+00:00,132.1,137.56,102.83,156.7301377953466,138.9313909540579
2025-04-21 20:00:00+00:00,122.77,121.82,82.59,141.7914761100235,124.94326552258758
2025-04-21 21:00:00+00:00,106.54,110.68,76.0,130.40444890611653,115.02011727415342
2025-04-21 22:00:00+00:00,96.21,108.58,72.93,121.26087622279536,106.87118928435555
2025-04-21 23:00:00+00:00,88.8,97.59,73.2,113.70380514077877,98.79283519308837
2025-04-22 00:00:00+00:00,87.4,96.47,67.38,112.67993431545054,97.57028534724624
2025-04-22 01:00:00+00:00,85.01,96.84,64.29,113.8653696549462,97.34592214907019
2025-04-22 02:00:00+00:00,84.58,97.98,66.3,117.75776742319019,98.91901703134337
2025-04-22 03:00:00+00:00,97.39,98.54,70.42,126.12470463947905,103.72619608865193
2025-04-22 04:00:00+00:00,120.76,97.07,83.03,137.35615532712947,110.60917905014549
2025-04-22 05:00:00+00:00,151.54,91.31,96.99,139.4780242666435,112.22698579431528
2025-04-22 06:00:00+00:00,147.0,88.5,98.56,132.8383522563251,110.43719252524625
2025-04-22 07:00:00+00:00,111.88,87.99,65.0,117.5047631821992,100.9159128662463
2025-04-22 08:00:00+00:00,95.2,65.24,48.93,95.59186280155338,81.24084244439214
2025-04-22 09:00:00+00:00,89.97,33.88,2.92,66.85383652961491,52.964250242426154
2025-04-22 10:00:00+00:00,79.92,17.19,0.08,50.01021917207296,37.15923411634733
2025-04-22 11:00:00+00:00,67.66,8.91,0.0,40.166698894892015,27.621341682847202
2025-04-22 12:00:00+00:00,71.47,8.43,0.1,38.13447393711926,25.739503356538066
2025-04-22 13:00:00+00:00,78.45,10.01,29.27,45.57666821983616,31.978104871213844
2025-04-22 14:00:00+00:00,83.07,50.05,68.08,75.48247490043353,62.140528642692495
2025-04-22 15:00:00+00:00,100.04,88.77,86.57,111.57620348265633,96.16145828695295
2025-04-22 16:00:00+00:00,122.38,101.95,105.28,136.17055480834762,111.57683847113647
2025-04-22 17:00:00+00:00,192.32,121.95,133.58,159.6176420423212,130.9034632909021
2025-04-22 18:00:00+00:00,263.2,139.14,141.54,171.0324406399505,145.3459878142509
2025-04-22 19:00:00+00:00,157.28,132.1,110.58,159.22481188327185,135.1900122477442
2025-04-22 20:00:00+00:00,122.28,122.77,102.21,147.964832447027,125.12463174976783
2025-04-22 21:00:00+00:00,109.6,106.54,93.76,132.91977671759736,110.05021608456141
2025-04-22 22:00:00+00:00,106.72,96.21,88.01,116.21222808601473,91.89591787114298
2025-04-22 23:00:00+00:00,99.4,88.8,82.04,109.53807936826388,84.52849237214903
2025-04-23 00:00:00+00:00,96.84,87.4,82.2,108.59434660794274,83.15126056442975
2025-04-23 01:00:00+00:00,96.7,85.01,81.4,108.51758956071458,81.46790133138832
2025-04-23 02:00:00+00:00,101.2,84.58,82.99,111.35188624835719,82.05290207061206
2025-04-23 03:00:00+00:00,108.23,97.39,99.4,125.35182533466983,94.81503655092014
2025-04-23 04:00:00+00:00,137.09,120.76,121.0,148.38878678766122,118.09450729922
2025-04-23 05:00:00+00:00,152.0,151.54,135.14,167.38341719890843,143.80615977324032
2025-04-23 06:00:00+00:00,128.84,147.0,109.94,156.35414664064047,139.2500457811044
2025-04-23 07:00:00+00:00,100.0,111.88,94.82,126.96031565974572,113.88536046700602
2025-04-23 08:00:00+00:00,92.0,95.2,79.75,106.83811536256464,97.98244442739056
2025-04-23 09:00:00+00:00,94.39,89.97,64.08,95.25013836634305,88.20583526459869
2025-04-23 10:00:00+00:00,81.04,79.92,35.3,81.67393936439254,73.85134180613437
2025-04-23 11:00:00+00:00,80.29,67.66,22.4,71.50650952425092,61.026297005923716
2025-04-23 12:00:00+00:00,88.0,71.47,24.94,73.8930621221636,61.24675470933537
2025-04-23 13:00:00+00:00,92.35,78.45,55.0,83.29443507289865,67.9168824605303
2025-04-23 14:00:00+00:00,99.05,83.07,68.0,94.53708929900573,75.17145574230824
2025-04-23 15:00:00+00:00,108.28,100.04,93.16,115.45160973420977,93.76010185502564
2025-04-23 16:00:00+00:00,128.9,122.38,118.0,136.9730018398968,114.79128279783319
2025-04-23 17:00:00+00:00,155.97,192.32,146.52,178.8834895563691,166.9860018639267
2025-04-23 18:00:00+00:00,148.67,263.2,136.48,212.2379830222131,213.83297570158697
2025-04-23 19:00:00+00:00,126.11,157.28,121.0,151.30071062747456,142.41374162910148
2025-04-23 20:00:00+00:00,108.2,122.28,109.69,125.85240064333378,115.80964417246541
2025-04-23 21:00:00+00:00,97.15,109.6,98.59,112.06991076293862,102.202890602705
2025-04-23 22:00:00+00:00,94.17,106.72,88.99,97.2159817822095,90.81866193655301
2025-04-23 23:00:00+00:00,88.3,99.4,83.99,92.40581419314407,84.16234359065062
2025-04-24 00:00:00+00:00,86.7,96.84,81.67,91.87981992343035,81.81321844526416
2025-04-24 01:00:00+00:00,85.65,96.7,80.07,93.4227981313177,81.2907766624347
2025-04-24 02:00:00+00:00,84.35,101.2,81.28,98.64925470247175,84.65786246210192
2025-04-24 03:00:00+00:00,90.93,108.23,87.43,109.28238171186514,93.44579090264165
2025-04-24 04:00:00+00:00,110.34,137.09,108.02,135.48852382407972,121.46801655050179
2025-04-24 05:00:00+00:00,118.51,152.0,122.8,152.2137225883663,139.83219746438002
2025-04-24 06:00:00+00:00,117.65,128.84,130.0,143.86744661424663,127.60942067747229
2025-04-24 07:00:00+00:00,108.91,100.0,121.0,125.4829675829273,105.11988261708053
2025-04-24 08:00:00+00:00,96.67,92.0,110.0,115.66699871581639,96.57271012107432
2025-04-24 09:00:00+00:00,93.55,94.39,95.03,110.6298703507778,94.42380716004986
2025-04-24 10:00:00+00:00,81.56,81.04,80.84,98.27686340554071,81.1775832051959
2025-04-24 11:00:00+00:00,78.95,80.29,81.04,95.00183902229014,77.61823055011493
2025-04-24 12:00:00+00:00,78.04,88.0,77.75,96.87430957979947,80.34075330067168
2025-04-24 13:00:00+00:00,78.72,92.35,77.65,98.86531294387264,82.23542214102827
2025-04-24 14:00:00+00:00,83.37,99.05,83.87,104.0529806555978,86.95250575161116
2025-04-24 15:00:00+00:00,95.36,108.28,97.63,114.22039908577423,96.93160390355386
2025-04-24 16:00:00+00:00,101.02,128.9,112.65,131.90174008866225,115.9388694184659
2025-04-24 17:00:00+00:00,114.64,155.97,129.0,152.42351895631435,142.77155820922832
2025-04-24 18:00:00+00:00,121.61,148.67,122.79,145.07443041553267,141.81910954618465
2025-04-24 19:00:00+00:00,114.48,126.11,114.76,122.45849210396413,116.95049968346798
2025-04-24 20:00:00+00:00,106.53,108.2,98.9,105.57496535296262,98.94445339716583
2025-04-24 21:00:00+00:00,93.1,97.15,96.52,95.25757901523647,88.27188198021767
2025-04-24 22:00:00+00:00,91.03,94.17,91.0,95.6872596083509,88.637737905644
2025-04-24 23:00:00+00:00,82.92,88.3,81.3,91.61097653872605,82.36019593211051
2025-04-25 00:00:00+00:00,82.23,86.7,79.12,91.50099453343705,80.25284598422601
2025-04-25 01:00:00+00:00,83.4,85.65,77.94,93.04854023396224,79.33753761461394
2025-04-25 02:00:00+00:00,84.95,84.35,76.34,96.00690165434618,79.0933688073321
2025-04-25 03:00:00+00:00,94.64,90.93,76.35,105.85025185479833,86.06043569917594
2025-04-25 04:00:00+00:00,104.41,110.34,79.39,125.6378035162589,105.92991292094122
2025-04-25 05:00:00+00:00,113.39,118.51,87.98,136.0260386112211,117.45405215155694
2025-04-25 06:00:00+00:00,111.0,117.65,91.25,134.54586626286456,117.08420686166228
2025-04-25 07:00:00+00:00,99.41,108.91,90.14,124.05838741575748,108.7929576534168
2025-04-25 08:00:00+00:00,88.17,96.67,88.3,110.5390930030154,99.23879151799835
2025-04-25 09:00:00+00:00,75.45,93.55,83.28,100.83985961562955,94.99886864832605
2025-04-25 10:00:00+00:00,66.61,81.56,75.03,86.47456674731377,82.71116759780644
2025-04-25 11:00:00+00:00,48.03,78.95,63.75,78.45069558909155,76.51040343081569
2025-04-25 12:00:00+00:00,40.99,78.04,62.64,75.61086677280282,73.8342837442039
2025-04-25 13:00:00+00:00,59.47,78.72,65.36,78.55401779746718,74.36167892604868
2025-04-25 14:00:00+00:00,73.04,83.37,76.61,87.59272446352935,79.16811565691489
2025-04-25 15:00:00+00:00,84.19,95.36,88.64,104.9751250677403,91.17352460141716
2025-04-25 16:00:00+00:00,99.43,101.02,103.5,121.38751957067655,100.88157394361794
2025-04-25 17:00:00+00:00,115.99,114.64,123.12,137.0598417125863,115.19404637390927
2025-04-25 18:00:00+00:00,123.78,121.61,126.52,137.73536252565498,119.21645016248046
2025-04-25 19:00:00+00:00,109.63,114.48,116.52,124.3208979434966,110.16820085219884
2025-04-25 20:00:00+00:00,100.37,106.53,106.35,112.16362949477079,100.8914573097982
2025-04-25 21:00:00+00:00,92.09,93.1,99.12,98.81654568845724,88.20319727490984
2025-04-25 22:00:00+00:00,100.0,91.03,89.32,93.69478074977177,84.52315753850212
2025-04-25 23:00:00+00:00,92.19,82.92,80.01,85.80226393829781,75.26526640272522
2025-04-26 00:00:00+00:00,91.02,82.23,84.45,84.53030827989926,72.93703211552699
2025-04-26 01:00:00+00:00,89.66,83.4,82.39,83.40133827071627,70.40606642118351
2025-04-26 02:00:00+00:00,89.01,84.95,84.98,82.95428694537424,68.19669831731281
2025-04-26 03:00:00+00:00,90.86,94.64,90.62,86.95561317594363,71.8668005453631
2025-04-26 04:00:00+00:00,93.01,104.41,95.2,90.85948813024642,77.23883234832255
2025-04-26 05:00:00+00:00,86.33,113.39,91.67,89.78192614177138,81.88052067484622
2025-04-26 06:00:00+00:00,72.19,111.0,83.89,79.00016003727033,79.19024747957201
2025-04-26 07:00:00+00:00,34.45,99.41,76.43,61.23875869571823,70.0526274020724
2025-04-26 08:00:00+00:00,2.55,88.17,29.99,37.303222671505075,54.96740045826346
2025-04-26 09:00:00+00:00,-0.01,75.45,4.54,18.229385526590946,42.21415583681828
2025-04-26 10:00:00+00:00,-7.63,66.61,0.0,8.141737007086562,33.37513857056131
2025-04-26 11:00:00+00:00,-14.85,48.03,-3.01,-1.451593636942036,19.602227875756043
2025-04-26 12:00:00+00:00,-10.77,40.99,-7.26,-2.5533119514455933,14.16187130710314
2025-04-26 13:00:00+00:00,-2.19,59.47,-0.86,12.83038108862209,28.178848491422798
2025-04-26 14:00:00+00:00,-0.02,73.04,0.2,29.47288394498605,40.558105620007915
2025-04-26 15:00:00+00:00,30.99,84.19,64.01,58.0525076567781,62.232513004909
2025-04-26 16:00:00+00:00,79.0,99.43,102.77,88.22200490148808,83.05483912247999
2025-04-26 17:00:00+00:00,99.81,115.99,126.84,109.76685262057656,102.19065473843605
2025-04-26 18:00:00+00:00,107.4,123.78,142.71,113.2976900226045,112.65628364692878
2025-04-26 19:00:00+00:00,96.85,109.63,127.36,95.4762574718075,102.48393500923926
2025-04-26 20:00:00+00:00,85.26,100.37,109.55,82.5985652065391,94.12137692319058
2025-04-26 21:00:00+00:00,72.31,92.09,98.27,71.87956697849411,85.18100824125082
2025-04-26 22:00:00+00:00,67.71,100.0,100.41,76.6007160544091,95.35847860012356
2025-04-26 23:00:00+00:00,62.91,92.19,94.9,69.27005442472652,86.67004862804261
2025-04-27 00:00:00+00:00,57.96,91.02,98.98,68.42958916513467,83.87591808961923
2025-04-27 01:00:00+00:00,59.12,89.66,97.41,68.0399193967222,80.01170935723886
2025-04-27 02:00:00+00:00,61.94,89.01,98.83,69.01434157487495,76.6451722623844
2025-04-27 03:00:00+00:00,69.05,90.86,108.64,72.51482809064598,76.13683778432923
2025-04-27 04:00:00+00:00,69.14,93.01,109.38,73.16301087205453,74.48600990843563
2025-04-27 05:00:00+00:00,63.72,86.33,94.32,64.592868785504,66.95102874103824
2025-04-27 06:00:00+00:00,34.95,72.19,68.6,47.252385632026716,54.46653759261862
2025-04-27 07:00:00+00:00,0.04,34.45,18.63,13.717756988430082,23.8563419125352
2025-04-27 08:00:00+00:00,-3.0,2.55,0.0,-12.757434729392358,0.8938299993965586
2025-04-27 09:00:00+00:00,-33.88,-0.01,-5.72,-21.313728999525594,-2.1963753323030204
2025-04-27 10:00:00+00:00,-101.04,-7.63,-34.99,-30.877338323913875,-12.434551546744387
2025-04-27 11:00:00+00:00,-129.81,-14.85,-52.42,-36.19782063726947,-21.852747297160008
2025-04-27 12:00:00+00:00,-116.61,-10.77,-40.05,-28.080173024819416,-17.918755338699057
2025-04-27 13:00:00+00:00,-50.0,-2.19,-4.76,-9.727206326101964,-4.526408905079023
2025-04-27 14:00:00+00:00,-5.17,-0.02,0.0,5.753733735650798,2.0350942278944757
2025-04-27 15:00:00+00:00,18.35,30.99,72.42,49.84281805836637,37.761895482575255
2025-04-27 16:00:00+00:00,91.98,79.0,106.81,100.80832419805435,79.65874764053865
2025-04-27 17:00:00+00:00,110.83,99.81,119.94,127.0286599707694,100.8384438726769
2025-04-27 18:00:00+00:00,124.23,107.4,144.95,135.9270699626657,113.35404771578769
2025-04-27 19:00:00+00:00,109.24,96.85,137.56,125.53271658331288,106.90346232674982
2025-04-27 20:00:00+00:00,99.0,85.26,121.82,114.1476460683807,97.78749164095785
2025-04-27 21:00:00+00:00,93.77,72.31,110.68,102.87254288650723,86.59385887336524
2025-04-27 22:00:00+00:00,92.24,67.71,108.58,107.31636661992148,91.52491178612416
2025-04-27 23:00:00+00:00,86.49,62.91,97.59,103.71897117415526,86.20113155228645
2025-04-28 00:00:00+00:00,83.1,57.96,96.47,102.85095347776404,82.9193970308593
2025-04-28 01:00:00+00:00,85.41,59.12,96.84,105.91714287950488,83.79265005619797
2025-04-28 02:00:00+00:00,91.19,61.94,97.98,111.55505908416725,86.59273189816592
2025-04-28 03:00:00+00:00,99.49,69.05,98.54,123.68830209097503,95.30551937199215
2025-04-28 04:00:00+00:00,140.0,69.14,97.07,133.98967759726577,102.43434998442905
2025-04-28 05:00:00+00:00,131.09,63.72,91.31,128.75175719353422,102.28722048978683
2025-04-28 06:00:00+00:00,96.85,34.95,88.5,100.15532377439963,84.87177842632293
2025-04-28 07:00:00+00:00,67.37,0.04,87.99,63.75824734121017,59.18826854932974
2025-04-28 08:00:00+00:00,10.03,-3.0,65.24,43.40819458918286,50.52997523726584
2025-04-28 09:00:00+00:00,-0.01,-33.88,33.88,14.453211479987516,25.13223091310931
2025-04-28 10:00:00+00:00,-4.02,-101.04,17.19,-25.428926594435467,-21.723546854569335
2025-04-28 11:00:00+00:00,-5.9,-129.81,8.91,-41.20160902101202,-42.65721867416417
2025-04-28 12:00:00+00:00,-6.18,-116.61,8.43,-31.879676557017177,-35.031292818078356
2025-04-28 13:00:00+00:00,-1.54,-50.0,10.01,7.0780909281357935,7.107198840977645
2025-04-28 14:00:00+00:00,2.01,-5.17,50.05,44.988451803949026,41.183071911813194
2025-04-28 15:00:00+00:00,71.83,18.35,88.77,80.23035769969701,65.71212554280281
2025-04-28 16:00:00+00:00,101.92,91.98,101.95,139.1446820361303,120.19218679451504
2025-04-28 17:00:00+00:00,149.9,110.83,121.95,164.1709737468832,138.4293408234309
2025-04-28 18:00:00+00:00,194.81,124.23,139.14,173.82644651135007,150.46489204978658
2025-04-28 19:00:00+00:00,128.83,109.24,132.1,159.2713777690796,138.12405140438386
2025-04-28 20:00:00+00:00,106.24,99.0,122.77,145.90963778653173,127.11654895997653
2025-04-28 21:00:00+00:00,96.83,93.77,106.54,134.94292730005998,117.91652144856283
2025-04-28 22:00:00+00:00,90.64,92.24,96.21,123.12889071970929,105.87927912359933
2025-04-28 23:00:00+00:00,86.86,86.49,88.8,117.72426724968005,99.89832588823347
2025-04-29 00:00:00+00:00,81.76,83.1,87.4,116.08071585273575,97.01391672617407
2025-04-29 01:00:00+00:00,79.17,85.41,85.01,118.5202440398989,98.41624272020407
2025-04-29 02:00:00+00:00,80.03,91.19,84.58,124.53017336906731,103.03117600176957
2025-04-29 03:00:00+00:00,90.57,99.49,97.39,136.45739047102194,113.24232058436036
2025-04-29 04:00:00+00:00,107.0,140.0,120.76,166.75288159202657,147.5753726645377
2025-04-29 05:00:00+00:00,113.13,131.09,151.54,165.2025295518364,150.23147730899623
2025-04-29 06:00:00+00:00,99.98,96.85,147.0,134.5342389034343,126.96872399096003
2025-04-29 07:00:00+00:00,78.0,67.37,111.88,98.9400064031304,99.4716737656988
2025-04-29 08:00:00+00:00,9.31,10.03,95.2,56.09143518310115,58.802748294306944
2025-04-29 09:00:00+00:00,0.0,-0.01,89.97,41.154698911571124,48.135499633950324
2025-04-29 10:00:00+00:00,-0.76,-4.02,79.92,29.555520350217364,36.139526989503416
2025-04-29 11:00:00+00:00,-1.9,-5.9,67.66,21.352339628026982,27.074970156074087
2025-04-29 12:00:00+00:00,-1.67,-6.18,71.47,20.228137573619648,24.786482579220333
2025-04-29 13:00:00+00:00,-0.01,-1.54,78.45,29.05435583538076,32.046500547660614
2025-04-29 14:00:00+00:00,14.82,2.01,83.07,41.40433728265461,37.83909376027483
2025-04-29 15:00:00+00:00,77.6,71.83,100.04,94.21928389633531,87.506045733553
2025-04-29 16:00:00+00:00,102.0,101.92,122.38,132.9971652507177,116.88014929614744
2025-04-29 17:00:00+00:00,139.83,149.9,192.32,178.0838039090124,160.12115484024122
2025-04-29 18:00:00+00:00,174.75,194.81,263.2,211.0806222495045,200.51647631092553
2025-04-29 19:00:00+00:00,129.11,128.83,157.28,159.88982743593,142.28651822046655
2025-04-29 20:00:00+00:00,108.83,106.24,122.28,138.25498411035468,120.53929299939173
2025-04-29 21:00:00+00:00,97.82,96.83,109.6,126.84316537042336,109.93197729605035
2025-04-29 22:00:00+00:00,95.0,90.64,106.72,111.10633369705586,93.19990245421022
2025-04-29 23:00:00+00:00,90.0,86.86,99.4,108.46227998141381,89.02448250682629
2025-04-30 00:00:00+00:00,87.59,81.76,96.84,106.938950746257,84.86939090743822
2025-04-30 01:00:00+00:00,88.25,79.17,96.7,108.01499631476935,83.28632430647703
2025-04-30 02:00:00+00:00,91.4,80.03,101.2,113.24600720392824,85.72329266188343
2025-04-30 03:00:00+00:00,95.83,90.57,108.23,126.27753468412222,96.70111580517425
2025-04-30 04:00:00+00:00,115.27,107.0,137.09,146.28524209718825,118.88502187970913
2025-04-30 05:00:00+00:00,120.3,113.13,152.0,149.0678913416573,128.5448043328525
2025-04-30 06:00:00+00:00,99.9,99.98,128.84,125.63986709560507,116.30119445814572
2025-04-30 07:00:00+00:00,76.7,78.0,100.0,93.40258597674145,95.3518680598762
2025-04-30 08:00:00+00:00,7.08,9.31,92.0,43.08940376564537,44.26650319634367
2025-04-30 09:00:00+00:00,0.0,0.0,94.39,29.4016753981264,36.127394374304934
2025-04-30 10:00:00+00:00,-1.0,-0.76,81.04,21.636335522848952,31.355402313306
2025-04-30 11:00:00+00:00,-6.21,-1.9,80.29,18.01115893434374,27.69694438650157
2025-04-30 12:00:00+00:00,-3.0,-1.67,88.0,19.01532409325,26.23199748144593
2025-04-30 13:00:00+00:00,-0.02,-0.01,92.35,24.24164053682651,26.390514129822066
2025-04-30 14:00:00+00:00,19.91,14.82,99.05,41.620174667628994,36.7618796878733
2025-04-30 15:00:00+00:00,78.39,77.6,108.28,93.21483847698477,85.27984445199763
2025-04-30 16:00:00+00:00,101.8,102.0,128.9,128.69370057684608,108.05104988840796
2025-04-30 17:00:00+00:00,130.37,139.83,155.97,165.37925300783317,141.27706604911066
2025-04-30 18:00:00+00:00,176.43,174.75,148.67,183.0272156969139,165.5379084797491
2025-04-30 19:00:00+00:00,128.0,129.11,126.11,150.48548639685814,127.43505261540611
2025-04-30 20:00:00+00:00,108.33,108.83,108.2,131.17023478778657,108.01250564687388
2025-04-30 21:00:00+00:00,98.68,97.82,97.15,118.89281292013956,96.46903533003251
2025-04-30 22:00:00+00:00,97.51,95.0,94.17,106.88590117597306,87.77892497953063
2025-04-30 23:00:00+00:00,91.78,90.0,88.3,102.68687798435322,82.82392197802587
2025-05-01 00:00:00+00:00,90.46,87.59,86.7,100.87114422897585,79.58481929642724
2025-05-01 01:00:00+00:00,90.63,88.25,85.65,101.90647673499261,78.77721843672363
2025-05-01 02:00:00+00:00,90.5,91.4,84.35,104.90837722677978,79.66309568514572
2025-05-01 03:00:00+00:00,84.16,95.83,90.93,109.49806831037975,82.58630839376978
2025-05-01 04:00:00+00:00,83.94,115.27,110.34,119.9758278110678,96.77666586007977
2025-05-01 05:00:00+00:00,78.04,120.3,118.51,116.1394648974914,102.46284724912275
2025-05-01 06:00:00+00:00,62.1,99.9,117.65,90.75478466183057,89.93918882467477
2025-05-01 07:00:00+00:00,0.0,76.7,108.91,62.95608540974581,73.34216356562895
2025-05-01 08:00:00+00:00,-3.0,7.08,96.67,15.539419798896631,22.265277802798366
2025-05-01 09:00:00+00:00,-40.1,0.0,93.55,5.951666795981865,16.50719560115722
2025-05-01 10:00:00+00:00,-85.01,-1.0,81.56,0.5434518326245552,12.097649838682855
2025-05-01 11:00:00+00:00,-129.99,-6.21,78.95,-4.940013204960977,5.1779779963309664
2025-05-01 12:00:00+00:00,-118.11,-3.0,78.04,-3.0357353303553936,4.826991665704597
2025-05-01 13:00:00+00:00,-49.99,-0.02,78.72,3.4571663267782498,6.039024108234756
2025-05-01 14:00:00+00:00,-5.17,19.91,83.37,23.167228554901996,20.92491560520851
2025-05-01 15:00:00+00:00,40.77,78.39,95.36,71.12363759534313,66.71526468210338
2025-05-01 16:00:00+00:00,96.14,101.8,101.02,104.4219451307609,87.09562322698478
2025-05-01 17:00:00+00:00,129.87,130.37,114.64,134.93984856019955,112.99422858607298
2025-05-01 18:00:00+00:00,164.38,176.43,121.61,161.45816418356088,148.08804685985257
2025-05-01 19:00:00+00:00,122.45,128.0,114.48,130.49743889024188,113.92801546362332
2025-05-01 20:00:00+00:00,100.73,108.33,106.53,112.35949478256666,98.81550745336958
2025-05-01 21:00:00+00:00,87.1,98.68,93.1,97.6091369086128,88.77305516834782
2025-05-01 22:00:00+00:00,89.92,97.51,91.03,94.13481494883285,91.88809849067434
2025-05-01 23:00:00+00:00,77.12,91.78,82.92,86.41187759098105,86.47604247846473
2025-05-02 00:00:00+00:00,66.9,90.46,82.23,83.35920701533657,85.09757594441365
2025-05-02 01:00:00+00:00,63.91,90.63,83.4,83.12438966826392,85.44871038408655
2025-05-02 02:00:00+00:00,66.0,90.5,84.95,85.12219917299498,86.08132846028376
2025-05-02 03:00:00+00:00,74.01,84.16,94.64,89.42410940581712,85.97213034076462
2025-05-02 04:00:00+00:00,86.83,83.94,104.41,98.05614251026945,92.91255527459525
2025-05-02 05:00:00+00:00,88.55,78.04,113.39,97.26603828829398,94.67500374639901
2025-05-02 06:00:00+00:00,84.9,62.1,111.0,81.16451140931449,83.96924580768184
2025-05-02 07:00:00+00:00,55.0,0.0,99.41,39.026311458361505,40.6321878806178
2025-05-02 08:00:00+00:00,0.85,-3.0,88.17,24.400606816429175,30.71836276774131
2025-05-02 09:00:00+00:00,-0.01,-40.1,75.45,-3.1128730971998806,3.464845875336394
2025-05-02 10:00:00+00:00,-0.8,-85.01,66.61,-30.287569255870338,-27.066823229004015
2025-05-02 11:00:00+00:00,-3.0,-129.99,48.03,-55.16517324216477,-58.91206409433636
2025-05-02 12:00:00+00:00,-4.0,-118.11,40.99,-48.10628306570342,-52.4411467782931
2025-05-02 13:00:00+00:00,-0.08,-49.99,59.47,-7.724390356245976,-6.594369099834381
2025-05-02 14:00:00+00:00,0.3,-5.17,73.04,25.468890127085672,25.247377109865667
2025-05-02 15:00:00+00:00,67.5,40.77,84.19,66.73233946614442,62.168737332507874
2025-05-02 16:00:00+00:00,99.9,96.14,99.43,115.72871053342163,103.95184100107289
2025-05-02 17:00:00+00:00,118.39,129.87,115.99,146.8599652657241,131.67011884133532
2025-05-02 18:00:00+00:00,150.4,164.38,123.78,168.01005063894894,158.69240327469112
2025-05-02 19:00:00+00:00,121.24,122.45,109.63,139.64459654705968,125.75469919693408
2025-05-02 20:00:00+00:00,106.72,100.73,100.37,121.9983022912488,107.8041998222601
2025-05-02 21:00:00+00:00,96.44,87.1,92.09,108.82148194562042,94.95545108388094
2025-05-02 22:00:00+00:00,97.81,89.92,100.0,112.54623053447004,97.00253993350307
2025-05-02 23:00:00+00:00,93.34,77.12,92.19,101.54457224772815,84.43220192558262
2025-05-03 00:00:00+00:00,92.2,66.9,91.02,94.342961017192,74.90977172485069
2025-05-03 01:00:00+00:00,92.0,63.91,89.66,91.20945761135087,69.81674579432661
2025-05-03 02:00:00+00:00,91.23,66.0,89.01,91.06733522244433,67.81664737478917
2025-05-03 03:00:00+00:00,91.84,74.01,90.86,93.88465188425829,69.02998663308983
2025-05-03 04:00:00+00:00,92.86,86.83,93.01,97.90457973892464,74.06661435380863
2025-05-03 05:00:00+00:00,87.73,88.55,86.33,92.18305118226712,72.8414157916938
2025-05-03 06:00:00+00:00,79.9,84.9,72.19,79.45577204648508,67.60950840288425
2025-05-03 07:00:00+00:00,13.53,55.0,34.45,48.06008997980413,38.359931215364995
2025-05-03 08:00:00+00:00,0.01,0.85,2.55,9.31525137777028,-1.6545920042319295
2025-05-03 09:00:00+00:00,-0.01,-0.01,-0.01,1.7451776599060054,-6.293296294623431
2025-05-03 10:00:00+00:00,-1.16,-0.8,-7.63,-6.4875287536789585,-13.301996301832602
2025-05-03 11:00:00+00:00,-3.04,-3.0,-14.85,-15.34323321346902,-21.97495221140572
2025-05-03 12:00:00+00:00,-2.69,-4.0,-10.77,-16.40160573495548,-22.983061193425826
2025-05-03 13:00:00+00:00,-0.03,-0.08,-2.19,-8.609307849961581,-13.622948049020806
2025-05-03 14:00:00+00:00,0.0,0.3,-0.02,-0.16076339358566827,-6.537852418550756
2025-05-03 15:00:00+00:00,28.87,67.5,30.99,46.86858715871515,48.77506491990757
2025-05-03 16:00:00+00:00,68.11,99.9,79.0,81.23947518946252,85.77181282173669
2025-05-03 17:00:00+00:00,77.54,118.39,99.81,100.31504611139694,106.58254017994761
2025-05-03 18:00:00+00:00,90.27,150.4,107.4,119.0876765139688,133.03500033123692
2025-05-03 19:00:00+00:00,87.02,121.24,96.85,98.35767052255903,111.32789093393853
2025-05-03 20:00:00+00:00,78.63,106.72,85.26,84.97924261211635,99.43325807945568
2025-05-03 21:00:00+00:00,65.91,96.44,72.31,72.16073314626226,89.24754956993725
2025-05-03 22:00:00+00:00,60.3,97.81,67.71,72.29960276986165,94.99955230838015
2025-05-03 23:00:00+00:00,44.9,93.34,62.91,63.80180119871725,88.39325548277802
2025-05-04 00:00:00+00:00,31.47,92.2,57.96,58.979116570398006,83.59343651201597
2025-05-04 01:00:00+00:00,20.39,92.0,59.12,57.170709682007285,80.43598009130824
2025-05-04 02:00:00+00:00,20.02,91.23,61.94,56.34842638883291,77.06444697196147
2025-05-04 03:00:00+00:00,15.58,91.84,69.05,57.59994302502136,75.11849838346126
2025-05-04 04:00:00+00:00,13.62,92.86,69.14,56.543269859942086,72.76908234112126
2025-05-04 05:00:00+00:00,7.83,87.73,63.72,49.38371609305436,66.92657678016855
2025-05-04 06:00:00+00:00,2.93,79.9,34.95,36.05348762742343,57.443065008694234
2025-05-04 07:00:00+00:00,0.0,13.53,0.04,-6.406437502767716,8.11798018183626
2025-05-04 08:00:00+00:00,-0.01,0.01,-3.0,-16.630317928184454,-5.417040893880127
2025-05-04 10:00:00+00:00,-0.02,-1.16,-101.04,-31.96383406932449,-21.045196888541895
2025-05-04 11:00:00+00:00,-2.0,-3.04,-129.81,-36.232131523923925,-27.95513018220133
2025-05-04 12:00:00+00:00,-5.01,-2.69,-116.61,-32.51845398074599,-26.466637944587873
2025-05-04 13:00:00+00:00,-1.59,-0.03,-50.0,-16.83319222373042,-14.097331396199706
2025-05-04 14:00:00+00:00,-0.01,0.0,-5.17,-0.4861157052018541,-4.801907696529938
2025-05-04 15:00:00+00:00,10.07,28.87,18.35,32.644620747753635,27.364886151074586
2025-05-04 16:00:00+00:00,80.08,68.11,91.98,78.50578718842561,70.73752797788586
2025-05-04 17:00:00+00:00,95.95,77.54,110.83,98.27669150750802,85.70663689681902
2025-05-04 18:00:00+00:00,109.0,90.27,124.23,110.84982066889474,101.37635315755686
2025-05-04 19:00:00+00:00,112.38,87.02,109.24,103.94163196269942,97.49143969680549
2025-05-04 20:00:00+00:00,101.79,78.63,99.0,94.57372953572174,90.92407931323451
2025-05-04 21:00:00+00:00,87.35,65.91,93.77,82.79219186814291,80.6172278571162
2025-05-04 22:00:00+00:00,75.18,60.3,92.24,83.15710284977156,84.23347494614393
2025-05-04 23:00:00+00:00,70.51,44.9,86.49,72.91380063207576,72.93497615838632
2025-05-05 00:00:00+00:00,72.25,31.47,83.1,65.67950516869118,63.72400971834935
2025-05-05 01:00:00+00:00,75.15,20.39,85.41,61.76401230155196,57.221636770254904
2025-05-05 02:00:00+00:00,74.98,20.02,91.19,64.82699139612455,58.589831404412315
2025-05-05 03:00:00+00:00,89.49,15.58,99.49,69.87043050278743,60.24590806708879
2025-05-05 04:00:00+00:00,110.92,13.62,140.0,82.02582523606043,70.41246596143597
2025-05-05 05:00:00+00:00,122.57,7.83,131.09,80.07576994739784,68.92880921033668
2025-05-05 06:00:00+00:00,106.69,2.93,96.85,69.61262964585046,63.39320100158975
2025-05-05 07:00:00+00:00,90.82,0.0,67.37,52.38209900913118,52.57691052872191
2025-05-05 08:00:00+00:00,80.0,-0.01,10.03,35.828732677434346,42.81813721426696
2025-05-05 10:00:00+00:00,53.83,-0.02,-4.02,28.04928140920603,37.292479977376416
2025-05-05 11:00:00+00:00,49.66,-2.0,-5.9,26.898942291911354,33.44148783334026
2025-05-05 12:00:00+00:00,59.3,-5.01,-6.18,25.928040200120506,29.100602738293034
2025-05-05 13:00:00+00:00,70.42,-1.59,-1.54,30.637018763945264,30.36436243427117
2025-05-05 14:00:00+00:00,78.88,-0.01,2.01,36.88995980575322,31.183343173341243
2025-05-05 15:00:00+00:00,89.22,10.07,71.83,59.54081728296471,50.06757330721954
2025-05-05 16:00:00+00:00,100.1,80.08,101.92,110.40926508215625,105.0119177922184
2025-05-05 17:00:00+00:00,128.92,95.95,149.9,133.02842866750478,125.09071181319742
2025-05-05 18:00:00+00:00,128.0,109.0,194.81,145.9735189982885,141.29758834860866
2025-05-05 19:00:00+00:00,113.17,112.38,128.83,133.816852258154,133.82914192850473
2025-05-05 20:00:00+00:00,101.52,101.79,106.24,119.40867493423055,121.51690544304883
2025-05-05 21:00:00+00:00,94.46,87.35,96.83,105.95525003971773,107.82298552022581
2025-05-05 22:00:00+00:00,87.22,75.18,90.64,91.68855340246049,89.59592659839635
2025-05-05 23:00:00+00:00,81.68,70.51,86.86,88.05698424347224,84.18688330532663
2025-05-06 00:00:00+00:00,81.29,72.25,81.76,88.3774293864277,82.906173070231
2025-05-06 01:00:00+00:00,79.96,75.15,79.17,90.832798416652,83.51587667252953
2025-05-06 02:00:00+00:00,82.39,74.98,80.03,93.52897795194266,83.94698279200723
2025-05-06 03:00:00+00:00,97.08,89.49,90.57,106.82613639041293,96.50265818847011
2025-05-06 04:00:00+00:00,114.57,110.92,107.0,124.41552425596755,116.36966937248692
2025-05-06 05:00:00+00:00,121.86,122.57,113.13,128.9465138689328,127.6948893109534
2025-05-06 06:00:00+00:00,108.37,106.69,99.98,109.46168839073506,116.22351220334997
2025-05-06 07:00:00+00:00,83.08,90.82,78.0,86.00426672058457,101.90966067849412
2025-05-06 08:00:00+00:00,72.27,80.0,9.31,60.89473482599776,83.99787936063544
2025-05-06 10:00:00+00:00,42.81,53.83,-0.76,37.924375273199374,62.34178805729333
2025-05-06 11:00:00+00:00,38.17,49.66,-1.9,33.8801484756422,56.40406005733898
2025-05-06 12:00:00+00:00,45.44,59.3,-1.67,38.9594325158032,59.98869540568173
2025-05-06 13:00:00+00:00,65.0,70.42,-0.01,48.37428843318493,66.5916938521575
2025-05-06 14:00:00+00:00,73.73,78.88,14.82,60.40442255224794,73.1914206841002
2025-05-06 15:00:00+00:00,89.99,89.22,77.6,83.67937114928807,89.45565579897051
2025-05-06 16:00:00+00:00,106.89,100.1,102.0,107.77483529933683,106.65098920336038
2025-05-06 17:00:00+00:00,134.09,128.92,139.83,136.89065831371235,132.5530228000465
2025-05-06 18:00:00+00:00,161.18,128.0,174.75,143.18809460081343,137.87443564624016
2025-05-06 19:00:00+00:00,136.6,113.17,129.11,126.28729699531198,121.92846620755023
2025-05-06 20:00:00+00:00,118.28,101.52,108.83,112.86283703796862,109.45054255215516
2025-05-06 21:00:00+00:00,101.27,94.46,97.82,103.49667945716317,100.07415372884319
2025-05-06 22:00:00+00:00,92.67,87.22,95.0,89.68664486748428,83.33874779801026
2025-05-06 23:00:00+00:00,87.05,81.68,90.0,86.39453062815055,77.66823435982784
2025-05-07 00:00:00+00:00,85.63,81.29,87.59,87.55201662935364,76.74244814142745
2025-05-07 01:00:00+00:00,88.6,79.96,88.25,89.55551310402011,76.18336428441165
2025-05-07 02:00:00+00:00,95.16,82.39,91.4,94.90403076431836,78.87353234352659
2025-05-07 03:00:00+00:00,108.57,97.08,95.83,108.89075458132402,92.14399768898383
2025-05-07 04:00:00+00:00,131.68,114.57,115.27,126.73268420421104,111.98318058206439
2025-05-07 05:00:00+00:00,143.95,121.86,120.3,130.60563578543164,121.50512478225605
2025-05-07 06:00:00+00:00,125.0,108.37,99.9,113.64379730080617,110.53589565617986
2025-05-07 07:00:00+00:00,96.43,83.08,76.7,86.01883791033987,89.1551211185738
2025-05-07 08:00:00+00:00,82.41,72.27,7.08,61.953190216285606,70.91428557386021
2025-05-07 09:00:00+00:00,73.3,59.89,0.0,47.95703529567582,58.9309747424505
2025-05-07 10:00:00+00:00,64.43,42.81,-1.0,35.57970515339069,45.26138684738806
2025-05-07 11:00:00+00:00,63.92,38.17,-6.21,32.17794212476167,39.70788911682838
2025-05-07 12:00:00+00:00,68.04,45.44,-3.0,38.254725016532575,43.814136913481455
2025-05-07 13:00:00+00:00,75.0,65.0,-0.02,52.69591541669102,56.47849613159369
2025-05-07 14:00:00+00:00,81.8,73.73,19.91,66.33111243621914,65.62890725430475
2025-05-07 15:00:00+00:00,95.85,89.99,78.39,90.1999080862294,86.17107438077264
2025-05-07 16:00:00+00:00,108.49,106.89,101.8,111.23463097522875,103.6089193340311
2025-05-07 17:00:00+00:00,128.93,134.09,130.37,135.3405353382414,128.76863054470778
2025-05-07 18:00:00+00:00,147.15,161.18,176.43,154.2238337677707,152.64348528848757
2025-05-07 19:00:00+00:00,125.18,136.6,128.0,129.58459277961487,128.59218516446055
2025-05-07 20:00:00+00:00,108.49,118.28,108.33,111.22881602780234,111.39713991086266
2025-05-07 21:00:00+00:00,96.59,101.27,98.68,96.81150946699854,96.59148389295684
2025-05-07 22:00:00+00:00,95.86,92.67,97.51,87.17477255570276,85.39556468244683
2025-05-07 23:00:00+00:00,91.66,87.05,91.78,84.21122877702909,80.06062038166795
2025-05-08 00:00:00+00:00,91.51,85.63,90.46,84.89783959528701,78.44324600514224
2025-05-08 01:00:00+00:00,93.18,88.6,90.63,89.06416225497284,79.89851665428863
2025-05-08 02:00:00+00:00,96.09,95.16,90.5,96.69740720700601,84.60165548233624
2025-05-08 03:00:00+00:00,109.25,108.57,84.16,109.97782571775086,95.84907222959312
2025-05-08 04:00:00+00:00,124.27,131.68,83.94,128.86140371616085,116.48238124642623
2025-05-08 05:00:00+00:00,138.73,143.95,78.04,135.57064718384768,127.73328213564085
2025-05-08 06:00:00+00:00,124.11,125.0,62.1,119.27343243555805,114.16317498153217
2025-05-08 07:00:00+00:00,101.13,96.43,0.0,86.32295901673331,85.60332967940613
2025-05-08 08:00:00+00:00,87.81,82.41,-3.0,67.61236079510272,74.73334607286492
2025-05-08 09:00:00+00:00,75.34,73.3,-40.1,52.442752996498655,62.197759071380744
2025-05-08 10:00:00+00:00,64.25,64.43,-85.01,39.08006304670262,46.704251580711656
2025-05-08 11:00:00+00:00,63.75,63.92,-129.99,33.1409553192038,37.527775250787684
2025-05-08 12:00:00+00:00,70.05,68.04,-118.11,37.55777886096055,39.7592911406591
2025-05-08 13:00:00+00:00,78.77,75.0,-49.99,52.65458271424879,53.5227347931356
2025-05-08 14:00:00+00:00,85.3,81.8,-5.17,67.02517905714004,64.40537323308853
2025-05-08 15:00:00+00:00,91.63,95.85,40.77,88.67131540558074,82.33102508135318
2025-05-08 16:00:00+00:00,109.09,108.49,96.14,111.85612376345121,100.74322529281733
2025-05-08 17:00:00+00:00,134.96,128.93,129.87,134.7648897261039,121.63587163411111
2025-05-08 18:00:00+00:00,185.08,147.15,164.38,149.96492448172665,140.2216303547026
2025-05-08 19:00:00+00:00,143.18,125.18,122.45,128.0920847178993,118.12504818168048
2025-05-08 20:00:00+00:00,114.77,108.49,100.73,110.3617645613717,101.2103542098944
2025-05-08 21:00:00+00:00,106.48,96.59,87.1,97.83348997124364,88.28704550641983
2025-05-08 22:00:00+00:00,102.27,95.86,89.92,97.83398941832041,89.34370393522178
2025-05-08 23:00:00+00:00,96.55,91.66,77.12,93.91584309729632,83.61192780892559
2025-05-09 00:00:00+00:00,93.76,91.51,66.9,93.89592461374654,81.6132603663103
2025-05-09 01:00:00+00:00,95.09,93.18,63.91,96.99487035945349,82.43991085686623
2025-05-09 02:00:00+00:00,100.28,96.09,66.0,102.68343948512805,85.51448403484393
2025-05-09 03:00:00+00:00,112.4,109.25,74.01,116.47200803695887,98.22544120410616
2025-05-09 04:00:00+00:00,141.0,124.27,86.83,132.1162181045152,116.22855638379306
2025-05-09 05:00:00+00:00,136.03,138.73,88.55,136.28781406719784,130.4225625677826
2025-05-09 06:00:00+00:00,100.61,124.11,84.9,115.48080990966456,120.76918361707673
2025-05-09 07:00:00+00:00,82.0,101.13,55.0,82.86735349436171,99.28673630967948
2025-05-09 08:00:00+00:00,51.6,87.81,0.85,55.816825077274814,81.65006447527946
2025-05-09 09:00:00+00:00,0.1,75.34,-0.01,41.67454543640423,71.45033129032201
2025-05-09 10:00:00+00:00,-0.74,64.25,-0.8,33.52060667544566,61.126701613118996
2025-05-09 11:00:00+00:00,-0.04,63.75,-3.0,32.07011157389246,57.187353479515295
2025-05-09 12:00:00+00:00,-0.01,70.05,-4.0,35.72200460446777,58.64672413772926
2025-05-09 13:00:00+00:00,0.09,78.77,-0.08,43.9304112768815,64.24605605971283
2025-05-09 14:00:00+00:00,52.66,85.3,0.3,55.128831372503285,69.29878686747108
2025-05-09 15:00:00+00:00,79.06,91.63,67.5,79.95044159457001,84.68613655216895
2025-05-09 16:00:00+00:00,98.9,109.09,99.9,109.00103010935632,103.11445634674402
2025-05-09 17:00:00+00:00,120.0,134.96,118.39,136.65287623110453,125.00046831128421
2025-05-09 18:00:00+00:00,149.13,185.08,150.4,168.05270117318915,162.89063143255373
2025-05-09 19:00:00+00:00,130.35,143.18,121.24,138.45619871202427,129.72357887183244
2025-05-09 20:00:00+00:00,107.32,114.77,106.72,116.20772853716815,106.78912336189627
2025-05-09 21:00:00+00:00,98.32,106.48,96.44,105.49246640461227,97.00234352409463
2025-05-09 22:00:00+00:00,105.22,102.27,97.81,100.68154903895403,93.13908821556936
2025-05-09 23:00:00+00:00,102.91,96.55,93.34,95.12268915672281,86.35269763085498
2025-05-10 00:00:00+00:00,98.78,93.76,92.2,92.48513457424735,82.0283289047652
2025-05-10 01:00:00+00:00,96.28,95.09,92.0,92.06825760097891,79.77604111051599
2025-05-10 02:00:00+00:00,100.9,100.28,91.23,94.12227235870688,79.57505442280922
2025-05-10 03:00:00+00:00,100.47,112.4,91.84,100.69722443139614,84.82361114786278
2025-05-10 04:00:00+00:00,97.73,141.0,92.86,113.61457305265682,101.73701150828875
2025-05-10 05:00:00+00:00,93.91,136.03,87.73,103.83303225589977,98.08990550309224
2025-05-10 06:00:00+00:00,73.72,100.61,79.9,72.35099642480233,73.54323552277306
2025-05-10 07:00:00+00:00,9.02,82.0,13.53,39.96802244395526,51.0962832685706
2025-05-10 08:00:00+00:00,-0.07,51.6,0.01,10.909249785280721,28.15560562839312
2025-05-10 09:00:00+00:00,-22.88,0.1,-0.01,-20.15903648650192,-5.856670202066496
2025-05-10 10:00:00+00:00,-58.48,-0.74,-1.16,-23.136777098652658,-8.273688724886995
2025-05-10 11:00:00+00:00,-114.53,-0.04,-3.04,-24.016612094743806,-9.445228000455458
2025-05-10 12:00:00+00:00,-110.51,-0.01,-2.69,-20.12220807544898,-8.491442744205713
2025-05-10 13:00:00+00:00,-49.52,0.09,-0.03,-11.112723016289507,-5.4010337133902055
2025-05-10 14:00:00+00:00,-5.94,52.66,0.0,25.42716318754873,31.980530761855235
2025-05-10 15:00:00+00:00,23.99,79.06,28.87,57.26584385185934,57.7141901223435
2025-05-10 16:00:00+00:00,95.27,98.9,68.11,93.33682863086072,82.30955626993064
2025-05-10 17:00:00+00:00,124.04,120.0,77.54,119.84310365583342,103.41081060364719
2025-05-10 18:00:00+00:00,163.2,149.13,90.27,139.13822268398425,130.3921274383137
2025-05-10 19:00:00+00:00,129.49,130.35,87.02,122.57802313508004,116.39740145269305
2025-05-10 20:00:00+00:00,107.72,107.32,78.63,103.17251179405456,99.01167261175091
2025-05-10 21:00:00+00:00,94.49,98.32,65.91,91.30701021959489,89.83001167218818
2025-05-10 22:00:00+00:00,97.8,105.22,60.3,99.24684098902502,98.83680886598214
2025-05-10 23:00:00+00:00,95.1,102.91,44.9,93.12545721998447,92.5538186109533
2025-05-11 00:00:00+00:00,94.51,98.78,31.47,87.46943544571045,85.39977686123025
2025-05-11 01:00:00+00:00,95.42,96.28,20.39,83.59074007618995,79.57726876525629
2025-05-11 02:00:00+00:00,95.39,100.9,20.02,84.88632239332918,79.68893602417944
2025-05-11 03:00:00+00:00,95.45,100.47,15.58,83.35825638236346,76.35035152773527
2025-05-11 04:00:00+00:00,87.61,97.73,13.62,78.15651617743782,73.00067205323013
2025-05-11 05:00:00+00:00,65.76,93.91,7.83,66.38709109172122,67.50100647669326
2025-05-11 06:00:00+00:00,4.96,73.72,2.93,42.37364048121873,51.219701763526814
2025-05-11 07:00:00+00:00,-0.1,9.02,0.0,-1.8515535732790198,8.854865068901617
2025-05-11 08:00:00+00:00,-12.02,-0.07,-0.01,-19.641787650291676,1.0172558076941556
2025-05-11 10:00:00+00:00,-212.82,-58.48,-0.02,-54.634838169212145,-40.48938201523944
2025-05-11 11:00:00+00:00,-250.32,-114.53,-2.0,-80.18728314938357,-76.36345847791605
2025-05-11 12:00:00+00:00,-230.98,-110.51,-5.01,-73.189484038843,-73.14472236558026
2025-05-11 13:00:00+00:00,-110.06,-49.52,-1.59,-35.61917768351023,-31.79319596962543
2025-05-11 14:00:00+00:00,-18.52,-5.94,-0.01,-1.9537206655163715,4.116288559425797
2025-05-11 15:00:00+00:00,-0.08,23.99,10.07,30.427680888258266,32.184571837696275
2025-05-11 16:00:00+00:00,85.96,95.27,80.08,90.68642483277583,93.84896413603036
2025-05-11 17:00:00+00:00,117.11,124.04,95.95,120.20647824638837,120.34562630249128
2025-05-11 18:00:00+00:00,124.86,163.2,109.0,142.48037727695365,153.23625477097474
2025-05-11 19:00:00+00:00,109.55,129.49,112.38,118.47259368326044,133.23437325472395
2025-05-11 20:00:00+00:00,98.45,107.72,101.79,100.6488769637573,117.58721008580503
2025-05-11 21:00:00+00:00,84.68,94.49,87.35,88.00703082877747,105.68017408424724
2025-05-11 22:00:00+00:00,86.0,97.8,75.18,94.19528716324879,113.79919161918285
2025-05-11 23:00:00+00:00,81.28,95.1,70.51,92.66783341284143,110.78650064213166
2025-05-12 00:00:00+00:00,80.95,94.51,72.25,94.27888893678062,110.287562043567
2025-05-12 01:00:00+00:00,81.48,95.42,75.15,98.44382837931293,111.17461055804593
2025-05-12 02:00:00+00:00,84.65,95.39,74.98,103.32714672576643,112.20685069079623
2025-05-12 03:00:00+00:00,97.71,95.45,89.49,113.44994853223662,117.78923194907168
2025-05-12 04:00:00+00:00,137.05,87.61,110.92,120.63412354775713,122.34369550940012
2025-05-12 05:00:00+00:00,141.15,65.76,122.57,111.23504993225173,114.0894934838304
2025-05-12 06:00:00+00:00,108.49,4.96,106.69,69.70933617298891,73.7552494810783
2025-05-12 07:00:00+00:00,69.74,-0.1,90.82,46.40444737623966,62.52101458327428
2025-05-12 08:00:00+00:00,0.49,-12.02,80.0,25.327453422004908,51.72604490564242
2025-05-12 09:00:00+00:00,-3.91,-51.95,61.65,-2.9102747575003747,20.821955991056953
2025-05-12 10:00:00+00:00,-25.0,-212.82,53.83,-78.31801849152248,-85.18837341749267
2025-05-12 11:00:00+00:00,-35.0,-250.32,49.66,-96.026397615099,-113.58214090811697
2025-05-12 12:00:00+00:00,-29.9,-230.98,59.3,-81.4327156314468,-100.14983432440533
2025-05-12 13:00:00+00:00,-8.59,-110.06,70.42,-14.861663860026638,-17.564461801224468
2025-05-12 14:00:00+00:00,-0.01,-18.52,78.88,36.47392100964824,45.09198209261946
2025-05-12 15:00:00+00:00,72.58,-0.08,89.22,58.904686903132784,61.40627926865718
2025-05-12 16:00:00+00:00,107.12,85.96,100.1,124.782525326846,126.32123497690247
2025-05-12 17:00:00+00:00,141.41,117.11,128.92,157.74407488848968,154.47102459786745
2025-05-12 18:00:00+00:00,172.7,124.86,128.0,162.08183435287185,162.63118800034874
2025-05-12 19:00:00+00:00,117.25,109.55,113.17,142.5716171032137,147.25748099830813
2025-05-12 20:00:00+00:00,100.11,98.45,101.52,127.48061729933964,134.9400068164029
2025-05-12 21:00:00+00:00,92.97,84.68,94.46,114.82326949460318,121.67901871210142
2025-05-12 22:00:00+00:00,89.87,86.0,87.22,108.36156623975863,112.68485350849701
2025-05-12 23:00:00+00:00,88.55,81.28,81.68,106.82049724525223,107.68179114481882
2025-05-13 00:00:00+00:00,89.2,80.95,81.29,109.7085034848429,106.85877282563992
2025-05-13 01:00:00+00:00,93.94,81.48,79.96,114.336098620608,107.09583452358112
2025-05-13 02:00:00+00:00,96.71,84.65,82.39,121.99624060771231,109.93277559605528
2025-05-13 03:00:00+00:00,104.0,97.71,97.08,138.1022211712109,122.65812924188589
2025-05-13 04:00:00+00:00,136.77,137.05,114.57,166.32123893409647,154.45131223502528
2025-05-13 05:00:00+00:00,128.33,141.15,121.86,167.04718613822644,160.7238261500425
2025-05-13 06:00:00+00:00,100.42,108.49,108.37,135.7637441365444,134.17807506743299
2025-05-13 07:00:00+00:00,79.36,69.74,83.08,97.83777674916452,104.3554385608076
2025-05-13 08:00:00+00:00,16.09,0.49,72.27,49.10209497279902,56.18153062206686
2025-05-13 09:00:00+00:00,-0.75,-3.91,59.89,35.8871794815347,47.37847703054485
2025-05-13 10:00:00+00:00,-6.0,-25.0,42.81,11.506085982039608,15.881301967313561
2025-05-13 11:00:00+00:00,-16.0,-35.0,38.17,-1.4463667834664307,1.2012358440754412
2025-05-13 12:00:00+00:00,-6.55,-29.9,45.44,-1.447301537483014,1.6386969501711377
2025-05-13 13:00:00+00:00,-3.83,-8.59,65.0,17.861715074136825,24.46286897664993
2025-05-13 14:00:00+00:00,0.55,-0.01,73.73,33.93126115691199,37.30978242603821
2025-05-13 15:00:00+00:00,74.0,72.58,89.99,86.57815227523048,87.4749202138795
2025-05-13 16:00:00+00:00,105.23,107.12,106.89,128.31916990744264,120.39477522494428
2025-05-13 17:00:00+00:00,151.07,141.41,134.09,163.15048801218057,150.5122083516519
2025-05-13 18:00:00+00:00,223.58,172.7,161.18,184.45847134911884,175.56473515600234
2025-05-13 19:00:00+00:00,148.96,117.25,136.6,148.83477633786896,134.9141354193782
2025-05-13 20:00:00+00:00,111.97,100.11,118.28,131.991425662806,118.92679859363133
2025-05-13 21:00:00+00:00,102.63,92.97,101.27,121.72080210692245,108.84749653074435
2025-05-13 22:00:00+00:00,102.78,89.87,92.67,108.18736850566046,94.4962749882011
2025-05-13 23:00:00+00:00,97.3,88.55,87.05,106.75449580390404,91.98566054336642
2025-05-14 00:00:00+00:00,95.41,89.2,85.63,107.86121405733049,91.87358581578795
2025-05-14 01:00:00+00:00,96.96,93.94,88.6,112.16350446341988,95.11310362059452
2025-05-14 02:00:00+00:00,98.56,96.71,95.16,117.49118547342965,98.80888358794675
2025-05-14 03:00:00+00:00,103.94,104.0,108.57,127.63142428068679,108.5409588617668
2025-05-14 04:00:00+00:00,128.58,136.77,131.68,151.82248424343538,140.7154873233801
2025-05-14 05:00:00+00:00,122.51,128.33,143.95,144.96831647421874,141.5981910186127
2025-05-14 06:00:00+00:00,99.56,100.42,125.0,113.99025329711063,119.93877196065515
2025-05-14 07:00:00+00:00,70.92,79.36,96.43,80.14555958569457,98.01775311256182
2025-05-14 08:00:00+00:00,0.2,16.09,82.41,29.825711726414,48.5436509043729
2025-05-14 09:00:00+00:00,-1.67,-0.75,73.3,12.150810034985298,34.91988771653804
2025-05-14 10:00:00+00:00,-18.16,-6.0,64.43,2.254904453685029,26.850451813688736
2025-05-14 11:00:00+00:00,-29.91,-16.0,63.92,-6.412061011438254,17.23066545127783
2025-05-14 12:00:00+00:00,-31.82,-6.55,68.04,-2.3143719840874155,21.562400107453925
2025-05-14 13:00:00+00:00,-12.79,-3.83,75.0,2.3660598437049885,24.519648777155197
2025-05-14 14:00:00+00:00,-1.33,0.55,81.8,10.808559609025167,28.105048084066524
2025-05-14 15:00:00+00:00,30.94,74.0,95.85,61.08632299628256,83.31200214552133
2025-05-14 16:00:00+00:00,91.6,105.23,108.49,97.57854795591889,110.62351776190204
2025-05-14 17:00:00+00:00,114.0,151.07,128.93,138.29660518449646,147.98387527774474
2025-05-14 18:00:00+00:00,158.45,223.58,147.15,181.5918795585439,199.753268250374
2025-05-14 19:00:00+00:00,132.59,148.96,125.18,137.53134435136764,144.29566093432584
2025-05-14 20:00:00+00:00,109.08,111.97,108.49,111.93704319379562,114.89925503277556
2025-05-14 21:00:00+00:00,99.86,102.63,96.59,102.03579763854603,104.52808987911412
2025-05-14 22:00:00+00:00,98.06,102.78,95.86,95.5205498577118,99.18062244760817
2025-05-14 23:00:00+00:00,89.88,97.3,91.66,91.82322914899866,94.09141326804713
2025-05-15 00:00:00+00:00,87.8,95.41,91.51,91.91662684660957,92.4047766643157
2025-05-15 01:00:00+00:00,87.63,96.96,93.18,94.85402456565066,93.69635351894689
2025-05-15 02:00:00+00:00,90.28,98.56,96.09,98.73362608116383,95.48310856668999
2025-05-15 03:00:00+00:00,98.94,103.94,109.25,108.1109585172527,103.32523962956158
2025-05-15 04:00:00+00:00,119.9,128.58,124.27,128.18498511923545,128.2108886021756
2025-05-15 05:00:00+00:00,119.91,122.51,138.73,126.28686460767548,129.74971813099555
2025-05-15 06:00:00+00:00,102.06,99.56,124.11,102.056047707667,112.43554056614022
2025-05-15 07:00:00+00:00,75.65,70.92,101.13,67.79315927997683,88.81586150011317
2025-05-15 08:00:00+00:00,4.58,0.2,87.81,14.806768853232896,35.27099564924933
2025-05-15 09:00:00+00:00,-0.08,-1.67,75.34,5.853086368578133,30.224978978770892
2025-05-15 10:00:00+00:00,-4.97,-18.16,64.25,-8.030966594103816,15.531079555028398
2025-05-15 11:00:00+00:00,-14.76,-29.91,63.75,-15.985430484894351,5.109241437911308
2025-05-15 12:00:00+00:00,-14.25,-31.82,70.05,-15.749369166755287,4.25067891586572
2025-05-15 13:00:00+00:00,-6.62,-12.79,78.77,-5.311006967333981,16.59565002151207
2025-05-15 14:00:00+00:00,-0.6,-1.33,85.3,6.756985497869465,25.111993854173235
2025-05-15 15:00:00+00:00,3.83,30.94,91.63,36.5915955421322,53.86526633024654
2025-05-15 16:00:00+00:00,76.11,91.6,109.09,86.14673475433719,99.38687446938371
2025-05-15 17:00:00+00:00,108.97,114.0,134.96,117.35147388110968,122.55883595118881
2025-05-15 18:00:00+00:00,130.74,158.45,185.08,153.51213839872048,163.18919246527506
2025-05-15 19:00:00+00:00,125.13,132.59,143.18,131.31661859156677,134.86579989131275
2025-05-15 20:00:00+00:00,110.49,109.08,114.77,111.50302298789983,111.3715137194045
2025-05-15 21:00:00+00:00,101.0,99.86,106.48,102.92306889808363,101.28924309996856
2025-05-15 22:00:00+00:00,94.5,98.06,102.27,100.54585718679166,101.87583678876835
2025-05-15 23:00:00+00:00,88.47,89.88,96.55,94.91231624848673,94.67773620227366
2025-05-16 00:00:00+00:00,84.91,87.8,93.76,93.69219416442611,92.4740485044602
2025-05-16 01:00:00+00:00,85.0,87.63,95.09,95.53886977970602,92.57032096739326
2025-05-16 02:00:00+00:00,88.76,90.28,100.28,100.7882856324641,95.41588051667358
2025-05-16 03:00:00+00:00,98.26,98.94,112.4,112.54252466557739,105.13736653632722
2025-05-16 04:00:00+00:00,113.18,119.9,141.0,134.04268537278222,129.7423219124534
2025-05-16 05:00:00+00:00,117.6,119.91,136.03,132.3605081298628,132.3468384199422
2025-05-16 06:00:00+00:00,106.66,102.06,100.61,108.4038433239864,115.22806179682468
2025-05-16 07:00:00+00:00,78.99,75.65,82.0,78.30611932034451,92.33461859154272
2025-05-16 08:00:00+00:00,11.11,4.58,51.6,25.889497102066997,35.877857483375834
2025-05-16 09:00:00+00:00,-0.01,-0.08,0.1,11.056392454399258,24.276394092423004
2025-05-16 10:00:00+00:00,-3.15,-4.97,-0.74,3.616091519791823,17.236092473310592
2025-05-16 11:00:00+00:00,-1.97,-14.76,-0.04,-4.634652702978428,7.639803173818535
2025-05-16 12:00:00+00:00,-1.55,-14.25,-0.01,-6.378346228992001,5.253447960292689
2025-05-16 13:00:00+00:00,-0.01,-6.62,0.09,-0.5907609375537675,10.255131608065568
2025-05-16 14:00:00+00:00,2.98,-0.6,52.66,15.279840312294667,22.13627504512634
2025-05-16 15:00:00+00:00,69.79,3.83,79.06,32.40425705845685,32.48624583195411
2025-05-16 16:00:00+00:00,100.05,76.11,98.9,86.20858651187329,88.44943427953118
2025-05-16 17:00:00+00:00,111.81,108.97,120.0,118.73660660841034,115.46508187157175
2025-05-16 18:00:00+00:00,154.91,130.74,149.13,139.9012005696789,136.19171357206338
2025-05-16 19:00:00+00:00,143.23,125.13,130.35,132.41849602549505,127.09937315212017
2025-05-16 20:00:00+00:00,116.08,110.49,107.32,117.70118673367867,111.49481863627436
2025-05-16 21:00:00+00:00,102.08,101.0,98.32,106.67325216646752,101.27493534987414
2025-05-16 22:00:00+00:00,93.0,94.5,105.22,97.06218516795029,96.44183665522047
2025-05-16 23:00:00+00:00,93.48,88.47,102.91,89.27954067846724,88.8781323925716
2025-05-17 00:00:00+00:00,88.93,84.91,98.78,83.84685744134698,83.21922563390746
2025-05-17 01:00:00+00:00,88.9,85.0,96.28,81.71277479442446,80.16899211344774
2025-05-17 02:00:00+00:00,89.89,88.76,100.9,82.70228834717194,80.2325352012076
2025-05-17 03:00:00+00:00,93.46,98.26,100.47,85.64061749124913,83.05138690923138
2025-05-17 04:00:00+00:00,91.56,113.18,97.73,89.86917079605035,91.0331605901642
2025-05-17 05:00:00+00:00,89.85,117.6,93.91,86.536873031844,92.59951015069888
2025-05-17 06:00:00+00:00,59.11,106.66,73.72,67.84603414678229,81.52177669100212
2025-05-17 07:00:00+00:00,0.86,78.99,9.02,32.37945324801579,52.68802090360938
2025-05-17 08:00:00+00:00,-0.06,11.11,-0.07,-13.943799810914939,1.5498769136478643
2025-05-17 09:00:00+00:00,-4.49,-0.01,-22.88,-28.376651690078745,-10.13229553745461
2025-05-17 10:00:00+00:00,-4.96,-3.15,-58.48,-37.59986297672992,-18.90356180395368
2025-05-17 11:00:00+00:00,-10.02,-1.97,-114.53,-44.73665024460101,-28.219136264598845
2025-05-17 12:00:00+00:00,-11.27,-1.55,-110.51,-41.638203805294864,-27.49806224521963
2025-05-17 13:00:00+00:00,-5.8,-0.01,-49.52,-29.18746882100004,-16.742989089449168
2025-05-17 14:00:00+00:00,-0.8,2.98,-5.94,-12.905566158993821,-5.045110608947454
2025-05-17 15:00:00+00:00,5.01,69.79,23.99,36.724642864624265,46.778713492230025
2025-05-17 16:00:00+00:00,78.77,100.05,95.27,79.82055407022982,86.4927259165085
2025-05-17 17:00:00+00:00,99.64,111.81,124.04,105.55694529402639,104.44733401500508
2025-05-17 18:00:00+00:00,121.38,154.91,163.2,140.56050324503087,141.3007062506615
2025-05-17 19:00:00+00:00,130.21,143.23,129.49,132.33253334462506,130.4733241036458
2025-05-17 20:00:00+00:00,129.9,116.08,107.72,115.34888175331119,109.69823198616194
2025-05-17 21:00:00+00:00,111.6,102.08,94.49,104.7021069387024,97.18331704671255
2025-05-17 22:00:00+00:00,106.73,93.0,97.8,104.07215099706767,96.5840173967721
2025-05-17 23:00:00+00:00,101.49,93.48,95.1,101.61880355582085,93.82957272920254
2025-05-18 00:00:00+00:00,98.57,88.93,94.51,97.09444304619363,88.0618941544385
2025-05-18 01:00:00+00:00,97.4,88.9,95.42,95.19258406587896,85.17696986440473
2025-05-18 02:00:00+00:00,98.41,89.89,95.39,94.14856452078739,82.68645664460446
2025-05-18 03:00:00+00:00,97.98,93.46,95.45,94.51356165104181,81.80938093053547
2025-05-18 04:00:00+00:00,91.3,91.56,87.61,89.13036372687002,76.72944802786829
2025-05-18 05:00:00+00:00,87.16,89.85,65.76,80.54637807574495,71.41031569314165
2025-05-18 06:00:00+00:00,67.86,59.11,4.96,49.53539732148255,42.9765638388557
2025-05-18 07:00:00+00:00,10.1,0.86,-0.1,9.267983925295013,3.6791357838375376
2025-05-18 08:00:00+00:00,0.0,-0.06,-12.02,-5.5440928662757045,-4.057208578616823
2025-05-18 09:00:00+00:00,-0.2,-4.49,-51.95,-18.58678496788147,-13.053242790084468
2025-05-18 10:00:00+00:00,-2.0,-4.96,-212.82,-43.51331465528605,-36.483138595719254
2025-05-18 11:00:00+00:00,-7.37,-10.02,-250.32,-53.77470450376154,-46.69344852510346
2025-05-18 12:00:00+00:00,-15.0,-11.27,-230.98,-52.09588884113478,-44.9820154664379
2025-05-18 13:00:00+00:00,-8.97,-5.8,-110.06,-30.530015778814757,-23.5259570239065
2025-05-18 14:00:00+00:00,-0.2,-0.8,-18.52,-7.959155442222098,-4.545056734343817
2025-05-18 15:00:00+00:00,9.67,5.01,-0.08,13.096909025065173,12.371079344290266
2025-05-18 16:00:00+00:00,91.38,78.77,85.96,78.98077398445776,79.3825387809411
2025-05-18 17:00:00+00:00,108.4,99.64,117.11,109.64501586371293,102.64079866585708
2025-05-18 18:00:00+00:00,125.17,121.38,124.86,131.0434358937753,124.07411979446984
2025-05-18 19:00:00+00:00,130.47,130.21,109.55,135.10197737232977,129.5083936326585
2025-05-18 20:00:00+00:00,118.41,129.9,98.45,131.33307973954552,127.17482409879753
2025-05-18 21:00:00+00:00,103.62,111.6,84.68,116.56057690252297,111.56443785449225
2025-05-18 22:00:00+00:00,110.48,106.73,86.0,118.21924254779114,114.90699620005185
2025-05-18 23:00:00+00:00,102.62,101.49,81.28,114.89158515607869,110.51173843787056
2025-05-19 00:00:00+00:00,96.1,98.57,80.95,113.64010066280818,107.99606736812073
2025-05-19 01:00:00+00:00,92.95,97.4,81.48,114.78231132978956,107.40095220603365
2025-05-19 02:00:00+00:00,98.03,98.41,84.65,118.92688920732849,109.19840268463041
2025-05-19 03:00:00+00:00,109.39,97.98,97.71,127.5961723013688,114.5067009697094
2025-05-19 04:00:00+00:00,131.22,91.3,137.05,138.43592165966174,123.02770215294979
2025-05-19 05:00:00+00:00,137.22,87.16,141.15,135.19648200390515,124.40164279885013
2025-05-19 06:00:00+00:00,113.41,67.86,108.49,111.09442262598891,106.92294438557308
2025-05-19 07:00:00+00:00,93.69,10.1,69.74,62.20155445096134,59.120366955441234
2025-05-19 08:00:00+00:00,69.59,0.0,0.49,39.25623128689601,42.06384371067127
2025-05-19 09:00:00+00:00,28.56,-0.2,-3.91,33.83164606454277,39.87355559998919
2025-05-19 10:00:00+00:00,12.77,-2.0,-25.0,28.50034765743898,34.123790462300676
2025-05-19 11:00:00+00:00,5.0,-7.37,-35.0,23.867433654001232,26.679965318667456
2025-05-19 12:00:00+00:00,8.0,-15.0,-29.9,20.9139815893881,20.373948919596288
2025-05-19 13:00:00+00:00,28.15,-8.97,-8.59,28.646884429796998,25.942599647280915
2025-05-19 14:00:00+00:00,72.98,-0.2,-0.01,40.33834544595901,32.77513923750925
2025-05-19 15:00:00+00:00,97.09,9.67,72.58,66.44704639712127,50.6543727162719
2025-05-19 16:00:00+00:00,114.49,91.38,107.12,128.6610834114796,115.4738771317237
2025-05-19 17:00:00+00:00,148.45,108.4,141.41,154.09940601061828,134.60323359072692
2025-05-19 18:00:00+00:00,229.11,125.17,172.7,169.02840335148704,151.25227605341115
2025-05-19 19:00:00+00:00,154.86,130.47,117.25,160.76123372136112,147.164486292193
2025-05-19 20:00:00+00:00,126.81,118.41,100.11,145.85277140701814,135.13886289809741
2025-05-19 21:00:00+00:00,111.88,103.62,92.97,131.7394189667552,120.98147746252965
2025-05-19 22:00:00+00:00,114.95,110.48,89.87,126.83716849576453,116.04689841205075
2025-05-19 23:00:00+00:00,106.03,102.62,88.55,121.58759021152035,109.42080047667923
2025-05-20 00:00:00+00:00,102.5,96.1,89.2,118.58823796143771,104.38236815912252
2025-05-20 01:00:00+00:00,104.04,92.95,93.94,119.47638967363253,102.90547289621354
2025-05-20 02:00:00+00:00,109.14,98.03,96.71,125.67928994779521,107.08978535795252
2025-05-20 03:00:00+00:00,118.96,109.39,104.0,137.48285225484867,117.39127360636971
2025-05-20 04:00:00+00:00,143.21,131.22,136.77,157.57513006341154,140.59941986987752
2025-05-20 05:00:00+00:00,130.81,137.22,128.33,155.9741076112458,147.474246842447
2025-05-20 06:00:00+00:00,100.0,113.41,100.42,127.62666210810572,128.46045118102882
2025-05-20 07:00:00+00:00,85.2,93.69,79.36,97.76023989728691,107.33589638089647
2025-05-20 08:00:00+00:00,61.58,69.59,16.09,65.5228377990681,80.81145825200053
2025-05-20 09:00:00+00:00,15.95,28.56,-0.75,37.06336170253928,51.164447056275655
2025-05-20 10:00:00+00:00,0.17,12.77,-6.0,25.078424735546676,38.20708639414502
2025-05-20 11:00:00+00:00,0.01,5.0,-16.0,18.23029645049934,29.072169368467485
2025-05-20 12:00:00+00:00,0.09,8.0,-6.55,20.24292430473821,29.60280133225166
2025-05-20 13:00:00+00:00,7.61,28.15,-3.83,33.04228020179529,41.906084845327925
2025-05-20 14:00:00+00:00,67.87,72.98,0.55,61.41036912362891,70.84581490791263
2025-05-20 15:00:00+00:00,97.15,97.09,74.0,93.66881560960633,97.45922969238637
2025-05-20 16:00:00+00:00,111.79,114.49,105.23,123.15831210794553,120.31229012771362
2025-05-20 17:00:00+00:00,141.23,148.45,151.07,157.13866219243332,151.04094189758092
2025-05-20 18:00:00+00:00,192.25,229.11,223.58,209.94932427480518,214.46490450187054
2025-05-20 19:00:00+00:00,148.97,154.86,148.96,161.70601474598504,157.0546753624867
2025-05-20 20:00:00+00:00,120.0,126.81,111.97,136.94846408434432,131.65046356212576
2025-05-20 21:00:00+00:00,107.93,111.88,102.63,122.18430412070383,117.45753494248996
2025-05-20 22:00:00+00:00,107.93,114.95,102.78,108.53546697846426,108.04989003285826
2025-05-20 23:00:00+00:00,102.33,106.03,97.3,100.55199817712165,100.17714349713975
2025-05-21 00:00:00+00:00,97.9,102.5,95.41,96.58837540774144,96.72478329014388
2025-05-21 01:00:00+00:00,94.9,104.04,96.96,97.73131270403363,97.69024560907594
2025-05-21 02:00:00+00:00,93.7,109.14,98.56,103.08647337438057,102.49355940005222
2025-05-21 03:00:00+00:00,102.49,118.96,103.94,112.99293604349788,112.31701537093271
2025-05-21 04:00:00+00:00,112.48,143.21,128.58,133.38429836971386,138.06972374112155
2025-05-21 05:00:00+00:00,116.54,130.81,122.51,124.92752688370592,133.70485576874103
2025-05-21 06:00:00+00:00,107.82,100.0,99.56,96.4296109667893,110.19871079052497
2025-05-21 07:00:00+00:00,84.82,85.2,70.92,70.8198248214456,93.98157199183863
2025-05-21 08:00:00+00:00,42.22,61.58,0.2,38.68042538852062,66.61663861166011
2025-05-21 09:00:00+00:00,0.15,15.95,-1.67,7.707774149879853,32.88660481735235
2025-05-21 10:00:00+00:00,-0.1,0.17,-18.16,-7.35496810678319,17.245565068690254
2025-05-21 11:00:00+00:00,-2.2,0.01,-29.91,-12.737945467586059,13.343565357321182
2025-05-21 12:00:00+00:00,-1.53,0.09,-31.82,-15.015108534409123,11.460754893793634
2025-05-21 13:00:00+00:00,-0.01,7.61,-12.79,-7.5570522833220934,19.319742172786604
2025-05-21 14:00:00+00:00,2.06,67.87,-1.33,29.614227895286987,62.83206449141045
2025-05-21 15:00:00+00:00,49.08,97.15,30.94,58.76219798157739,89.07857465501907
2025-05-21 16:00:00+00:00,86.32,111.79,91.6,86.5696738319638,110.15043034396783
2025-05-21 17:00:00+00:00,100.1,141.23,114.0,115.34599521910374,136.497652511995
2025-05-21 18:00:00+00:00,114.35,192.25,158.45,150.84625358205,181.02702644079704
2025-05-21 19:00:00+00:00,110.27,148.97,132.59,121.37167305857426,143.7704459479208
2025-05-21 20:00:00+00:00,100.72,120.0,109.08,99.06780031058175,118.11616715336505
2025-05-21 21:00:00+00:00,90.0,107.93,99.86,87.05459787322897,105.9623484297515
2025-05-21 22:00:00+00:00,98.54,107.93,98.06,84.67252953280376,99.93868603064338
2025-05-21 23:00:00+00:00,88.28,102.33,89.88,79.17856331850979,93.87226654495205
2025-05-22 00:00:00+00:00,83.65,97.9,87.8,76.56332856692028,90.05220589317162
2025-05-22 01:00:00+00:00,81.5,94.9,87.63,76.4462900525728,88.29729342556084
2025-05-22 02:00:00+00:00,83.34,93.7,90.28,79.12529283683291,88.84700285487746
2025-05-22 03:00:00+00:00,90.0,102.49,98.94,89.52658098816508,98.54109347707939
2025-05-22 04:00:00+00:00,107.67,112.48,119.9,102.16829200786499,114.88894229645658
2025-05-22 05:00:00+00:00,106.01,116.54,119.91,101.81209200171635,120.40726914912275
2025-05-22 06:00:00+00:00,98.16,107.82,102.06,84.59402220804611,110.66067136328604
2025-05-22 07:00:00+00:00,54.54,84.82,75.65,57.55415487489546,90.29552488197216
2025-05-22 08:00:00+00:00,1.66,42.22,4.58,16.475138178314978,50.63600177295339
2025-05-22 09:00:00+00:00,0.01,0.15,-0.08,-12.32442200661977,19.206876729567497
2025-05-22 10:00:00+00:00,-1.91,-0.1,-4.97,-18.180734294498805,15.28763035063804
2025-05-22 11:00:00+00:00,-12.77,-2.2,-14.76,-24.700756696007105,10.472823595529817
2025-05-22 12:00:00+00:00,-15.4,-1.53,-14.25,-26.760260221087364,9.073002569254712
2025-05-22 13:00:00+00:00,-10.9,-0.01,-6.62,-25.436458873491418,10.619581998107307
2025-05-22 14:00:00+00:00,-2.99,2.06,-0.6,-18.69100831386153,17.891735826161366
2025-05-22 15:00:00+00:00,-0.01,49.08,3.83,13.489134602311793,52.167335591127525
2025-05-22 16:00:00+00:00,50.0,86.32,76.11,52.93895111170367,88.38948083062166
2025-05-22 17:00:00+00:00,106.84,100.1,108.97,80.27657324326721,105.44892047366623
2025-05-22 18:00:00+00:00,115.0,114.35,130.74,101.00568816611285,121.38107020072397
2025-05-22 19:00:00+00:00,127.25,110.27,125.13,99.03184303373155,114.03630591993078
2025-05-22 20:00:00+00:00,117.48,100.72,110.49,89.7301845641361,102.31006678689485
2025-05-22 21:00:00+00:00,103.23,90.0,101.0,79.43473298587122,91.29941949111364
2025-05-22 22:00:00+00:00,101.1,98.54,94.5,86.6540735484383,97.76142274363889
2025-05-22 23:00:00+00:00,93.16,88.28,88.47,80.15775422899074,89.18952718135155
2025-05-23 00:00:00+00:00,87.12,83.65,84.91,77.50848197762635,85.12060766245293
2025-05-23 01:00:00+00:00,86.56,81.5,85.0,78.30113723427685,83.72920518515662
2025-05-23 02:00:00+00:00,93.08,83.34,88.76,82.95458026552426,85.66754609994037
2025-05-23 03:00:00+00:00,106.82,90.0,98.26,93.14752514544539,93.52280975462601
2025-05-23 04:00:00+00:00,128.49,107.67,113.18,110.58101527110931,112.55161825682126
2025-05-23 05:00:00+00:00,132.8,106.01,117.6,109.13361044904642,116.42722836169592
2025-05-23 06:00:00+00:00,114.67,98.16,106.66,92.50305008655148,110.61475416508584
2025-05-23 07:00:00+00:00,85.9,54.54,78.99,53.85875853542484,76.08558499367386
2025-05-23 08:00:00+00:00,70.0,1.66,11.11,11.154085024769572,29.55715833839072
2025-05-23 09:00:00+00:00,54.05,0.01,-0.01,2.93064718954426,22.548855009774968
2025-05-23 10:00:00+00:00,13.44,-1.91,-3.15,-3.0486892701436403,18.557594405093937
2025-05-23 11:00:00+00:00,0.62,-12.77,-1.97,-12.439505034270184,9.15464339532322
2025-05-23 12:00:00+00:00,0.0,-15.4,-1.55,-16.558446484179143,5.3126073660538395
2025-05-23 14:00:00+00:00,25.33,-2.99,2.98,-4.365738838330799,13.232649129067696
2025-05-23 15:00:00+00:00,71.91,-0.01,69.79,15.897166821137688,29.201018091990306
2025-05-23 16:00:00+00:00,97.6,50.0,100.05,58.32409034172932,69.81684213812571
2025-05-23 17:00:00+00:00,114.36,106.84,111.81,100.65801758008041,109.84631074079235
2025-05-23 18:00:00+00:00,130.47,115.0,154.91,117.14171656230528,121.54528244338435
2025-05-23 19:00:00+00:00,139.29,127.25,143.23,121.98426508186088,126.93882977453822
2025-05-23 20:00:00+00:00,126.93,117.48,116.08,110.34807386622165,115.05156626184043
2025-05-23 21:00:00+00:00,108.0,103.23,102.08,97.31520620743366,101.28660453961736
2025-05-23 22:00:00+00:00,98.99,101.1,93.0,98.91429079428136,99.07237329635224
2025-05-23 23:00:00+00:00,94.76,93.16,93.48,90.19518027611817,90.4253582127178
2025-05-24 00:00:00+00:00,88.74,87.12,88.93,83.2006897541528,82.90094952245597
2025-05-24 01:00:00+00:00,84.22,86.56,88.9,81.3850582947625,79.62702130774721
2025-05-24 02:00:00+00:00,82.93,93.08,89.89,84.79450623645678,81.09665977569095
2025-05-24 03:00:00+00:00,80.71,106.82,93.46,92.11436506824121,87.05906312226745
2025-05-24 04:00:00+00:00,82.07,128.49,91.56,101.38594914497983,99.5163690198298
2025-05-24 05:00:00+00:00,76.9,132.8,89.85,97.62542414182063,101.12435236119669
2025-05-24 06:00:00+00:00,62.09,114.67,59.11,74.16078307812052,84.82235494052928
2025-05-24 07:00:00+00:00,12.26,85.9,0.86,38.602650028559566,54.63016527671639
2025-05-24 08:00:00+00:00,-0.01,70.0,-0.06,19.97254789012902,38.71703715968973
2025-05-24 09:00:00+00:00,-0.11,54.05,-4.49,7.8481299137626195,26.39481754350254
2025-05-24 10:00:00+00:00,-0.15,13.44,-4.96,-14.651884194787044,-1.4647546156826223
2025-05-24 11:00:00+00:00,-0.19,0.62,-10.02,-22.373101358562664,-12.609040736428497
2025-05-24 12:00:00+00:00,-0.39,0.0,-11.27,-20.98314389668161,-13.888094950024865
2025-05-24 14:00:00+00:00,-0.39,25.33,-0.8,7.11799437490771,8.5479008466381
2025-05-24 15:00:00+00:00,48.67,71.91,5.01,40.84197618210158,43.5552731445595
2025-05-24 16:00:00+00:00,85.34,97.6,78.77,76.76573965816573,78.14070929176597
2025-05-24 17:00:00+00:00,109.08,114.36,99.64,98.88827544790162,99.59970275898948
2025-05-24 18:00:00+00:00,111.0,130.47,121.38,112.56364008131334,116.07112275505317
2025-05-24 19:00:00+00:00,107.92,139.29,130.21,115.62965845961483,125.75360139101711
2025-05-24 20:00:00+00:00,92.06,126.93,129.9,104.36906581357648,117.73579624321019
2025-05-24 21:00:00+00:00,79.67,108.0,111.6,86.9871547378371,101.2618914984675
2025-05-24 22:00:00+00:00,23.82,98.99,106.73,78.79587796866375,100.4247911397978
2025-05-24 23:00:00+00:00,22.9,94.76,101.49,72.2483993297465,94.09303392674093
2025-05-25 00:00:00+00:00,14.39,88.74,98.57,66.6004716006703,86.87236608404874
2025-05-25 01:00:00+00:00,8.38,84.22,97.4,62.22042168230985,80.78883685473201
2025-05-25 02:00:00+00:00,3.9,82.93,98.41,60.199733123498866,77.14459383414092
2025-05-25 03:00:00+00:00,2.11,80.71,97.98,57.25839854358568,72.68335159452859
2025-05-25 04:00:00+00:00,1.17,82.07,91.3,53.39090366965121,70.38243454947744
2025-05-25 05:00:00+00:00,1.21,76.9,87.16,48.29519898529139,65.33351601983783
2025-05-25 06:00:00+00:00,0.03,62.09,67.86,37.82356721910427,51.946814627635774
2025-05-25 07:00:00+00:00,0.0,12.26,10.1,4.97384487885617,10.916659904001577
2025-05-25 08:00:00+00:00,-0.61,-0.01,0.0,-2.002927865532641,0.7828203293967704
2025-05-25 09:00:00+00:00,-0.6,-0.11,-0.2,-3.9132336677647004,-0.23077290494123304
2025-05-25 10:00:00+00:00,-0.25,-0.15,-2.0,-8.497130319062691,-4.45305269744
2025-05-25 11:00:00+00:00,-3.19,-0.19,-7.37,-13.077562023018416,-7.572797501361109
2025-05-25 12:00:00+00:00,-5.05,-0.39,-15.0,-15.912024822902751,-8.985322034469903
2025-05-25 14:00:00+00:00,-1.37,-0.39,-0.2,-11.090687873229754,0.12997030587773395
2025-05-25 15:00:00+00:00,0.0,48.67,9.67,22.649829947530918,41.54748081926311
2025-05-25 16:00:00+00:00,11.72,85.34,91.38,63.40705034107845,83.03159639369439
2025-05-25 17:00:00+00:00,92.95,109.08,108.4,91.65245534143912,106.45402712839406
2025-05-25 18:00:00+00:00,100.0,111.0,125.17,104.91437603893971,114.59022742211502
2025-05-25 19:00:00+00:00,107.41,107.92,130.47,108.06948987811504,116.38772108992204
2025-05-25 20:00:00+00:00,102.23,92.06,118.41,98.55592986077997,104.90292408993697
2025-05-25 21:00:00+00:00,92.92,79.67,103.62,87.20515142753008,92.9148187734881
2025-05-25 22:00:00+00:00,88.13,23.82,110.48,63.34713292373452,64.43427487146099
2025-05-25 23:00:00+00:00,79.12,22.9,102.62,60.40582630219792,62.37285762269824
2025-05-26 00:00:00+00:00,73.21,14.39,96.1,55.25187552961569,55.73860615223529
2025-05-26 01:00:00+00:00,71.83,8.38,92.95,53.436455048921204,51.55930257239089
2025-05-26 02:00:00+00:00,76.7,3.9,98.03,55.45021408429122,50.181051972358034
2025-05-26 03:00:00+00:00,85.48,2.11,109.39,63.10142690071258,53.73430676093633
2025-05-26 04:00:00+00:00,116.2,1.17,131.22,75.39251761523656,63.40570917296286
2025-05-26 05:00:00+00:00,143.17,1.21,137.22,79.2167992527324,68.17522177656684
2025-05-26 06:00:00+00:00,129.91,0.03,113.41,69.85584557158427,65.46862201634764
2025-05-26 07:00:00+00:00,91.41,0.0,93.69,51.95808347307103,58.67617705147701
2025-05-26 08:00:00+00:00,16.17,-0.61,69.59,34.69342171311891,53.34517048127923
2025-05-26 09:00:00+00:00,0.05,-0.6,28.56,19.44042284123647,46.315088928314935
2025-05-26 10:00:00+00:00,-0.42,-0.25,12.77,11.90547102645563,42.74144051532541
2025-05-26 11:00:00+00:00,-1.45,-3.19,5.0,5.754783950570527,37.770896510114994
2025-05-26 12:00:00+00:00,-1.18,-5.05,8.0,3.699361899083712,34.961428517951106
2025-05-26 13:00:00+00:00,-0.82,-4.95,28.15,7.0873503738763475,35.89781074547622
2025-05-26 14:00:00+00:00,0.0,-1.37,72.98,19.163837722854865,43.88117462302448
2025-05-26 15:00:00+00:00,17.65,0.0,97.09,36.71823098292039,52.795284914818886
2025-05-26 16:00:00+00:00,95.76,11.72,114.49,64.55468387899697,67.99124600471123
2025-05-26 17:00:00+00:00,119.33,92.95,148.45,127.2012062393337,128.5232017112137
2025-05-26 18:00:00+00:00,169.87,100.0,229.11,148.69546194036707,143.9967214839084
2025-05-26 19:00:00+00:00,161.57,107.41,154.86,142.08077049646442,137.8050817438032
2025-05-26 20:00:00+00:00,119.38,102.23,126.81,129.2138666003999,127.68337235594238
2025-05-26 21:00:00+00:00,98.86,92.92,111.88,114.72902491724325,116.53930232567471
2025-05-26 22:00:00+00:00,88.51,88.13,114.95,97.2042017681839,100.65838259763132
2025-05-26 23:00:00+00:00,73.92,79.12,106.03,85.45365503601167,92.69109394359637
2025-05-27 00:00:00+00:00,62.02,73.21,102.5,77.23518967615989,86.93174835130989
2025-05-27 01:00:00+00:00,61.98,71.83,104.04,74.36631382504429,85.67549944182979
2025-05-27 02:00:00+00:00,67.7,76.7,109.14,76.6563252837256,89.36255974235847
2025-05-27 03:00:00+00:00,62.2,85.48,118.96,83.9367577549454,97.60993536449388
2025-05-27 04:00:00+00:00,67.7,116.2,143.21,104.76353766754802,125.30737832693609
2025-05-27 05:00:00+00:00,73.9,143.17,130.81,117.89113975386164,145.4591323253547
2025-05-27 06:00:00+00:00,68.63,129.91,100.0,103.37573595104617,134.2417588741041
2025-05-27 07:00:00+00:00,50.17,91.41,85.2,71.99425441837778,106.4071005790611
2025-05-27 08:00:00+00:00,4.26,16.17,61.58,22.88201072117033,53.888867852960786
2025-05-27 09:00:00+00:00,3.19,0.05,15.95,5.195613175763981,36.421425793119056
2025-05-27 10:00:00+00:00,0.03,-0.42,0.17,0.8155009962272572,32.001984166584364
2025-05-27 11:00:00+00:00,0.02,-1.45,0.01,-0.2658164183861942,28.820633141134053
2025-05-27 12:00:00+00:00,0.09,-1.18,0.09,0.42360011450719526,27.241887648674506
2025-05-27 13:00:00+00:00,3.14,-0.82,7.61,4.72119245028783,27.705506852857866
2025-05-27 14:00:00+00:00,55.17,0.0,67.87,19.720400457574996,36.226401178903714
2025-05-27 15:00:00+00:00,84.55,17.65,97.15,43.2130364365744,52.44200930930715
2025-05-27 16:00:00+00:00,103.0,95.76,111.79,95.8258821147451,106.01331217554052
2025-05-27 17:00:00+00:00,122.64,119.33,141.23,125.87500890196105,132.3963444161074
2025-05-27 18:00:00+00:00,137.6,169.87,192.25,161.56078154211514,172.09258427326208
2025-05-27 19:00:00+00:00,111.16,161.57,148.97,148.38473198942955,161.06435972142393
2025-05-27 20:00:00+00:00,100.34,119.38,120.0,115.50081084825996,128.3178407132155
2025-05-27 21:00:00+00:00,82.41,98.86,107.93,93.7338787891688,110.44547715847077
2025-05-27 22:00:00+00:00,76.43,88.51,107.93,68.29469966180218,91.65909741740532
2025-05-27 23:00:00+00:00,69.01,73.92,102.33,55.179328309339894,80.08871676406795
2025-05-28 00:00:00+00:00,67.39,62.02,97.9,46.59415245959727,71.03818873190632
2025-05-28 01:00:00+00:00,61.01,61.98,94.9,46.277606464966055,70.44261203009366
2025-05-28 02:00:00+00:00,65.19,67.7,93.7,51.83394722153153,75.06083184636981
2025-05-28 03:00:00+00:00,72.52,62.2,102.49,55.58197799836067,75.27091734656469
2025-05-28 04:00:00+00:00,92.85,67.7,112.48,67.54168363977114,87.58498998314201
2025-05-28 05:00:00+00:00,100.09,73.9,116.54,77.27170151963048,98.32306089371004
2025-05-28 06:00:00+00:00,95.0,68.63,107.82,75.30157472635497,94.54370241107308
2025-05-28 07:00:00+00:00,90.0,50.17,84.82,60.172813015414505,75.90983027937992
2025-05-28 08:00:00+00:00,76.48,4.26,42.22,26.99882532465925,34.21584832314622
2025-05-28 09:00:00+00:00,71.46,3.19,0.15,16.758271183715095,25.062413963267318
2025-05-28 10:00:00+00:00,65.67,0.03,-0.1,11.043343092846655,21.112204359985128
2025-05-28 11:00:00+00:00,58.03,0.02,-2.2,6.477372936458551,18.665654646145867
2025-05-28 12:00:00+00:00,53.21,0.09,-1.53,1.7507096174132641,16.515875890246974
2025-05-28 13:00:00+00:00,42.1,3.14,-0.01,0.5412113998128234,17.446192130492463
2025-05-28 14:00:00+00:00,67.28,55.17,2.06,26.75067412797162,50.72424891521716
2025-05-28 15:00:00+00:00,83.7,84.55,49.08,52.47027241946893,77.62514278508769
2025-05-28 16:00:00+00:00,94.99,103.0,86.32,78.98238996147316,101.86288551641645
2025-05-28 17:00:00+00:00,114.83,122.64,100.1,103.80010890938397,119.50069434647816
2025-05-28 18:00:00+00:00,134.83,137.6,114.35,121.69885473369088,134.2948489872058
2025-05-28 19:00:00+00:00,139.91,111.16,110.27,108.42984564423257,115.40171256081561
2025-05-28 20:00:00+00:00,124.29,100.34,100.72,96.88024651302288,102.13160934631661
2025-05-28 21:00:00+00:00,104.27,82.41,90.0,82.22787949832605,85.59006238257372
2025-05-28 22:00:00+00:00,99.13,76.43,98.54,69.15897519057029,72.87700661496157
2025-05-28 23:00:00+00:00,94.8,69.01,88.28,63.09477228168792,64.53805972729026
2025-05-29 00:00:00+00:00,92.06,67.39,83.65,61.904235122945565,60.90251672091069
2025-05-29 01:00:00+00:00,91.55,61.01,81.5,60.717729143858335,55.67454960703419
2025-05-29 02:00:00+00:00,91.54,65.19,83.34,66.52388722720033,58.16200385359346
2025-05-29 03:00:00+00:00,91.36,72.52,90.0,72.45866136970112,60.998126479495454
2025-05-29 04:00:00+00:00,89.46,92.85,107.67,84.10231284241283,74.97408463110548
2025-05-29 05:00:00+00:00,86.49,100.09,106.01,85.19334402653722,80.76539150186277
2025-05-29 06:00:00+00:00,82.95,95.0,98.16,76.84007434090508,78.26086645999993
2025-05-29 07:00:00+00:00,62.83,90.0,54.54,60.56066087762029,69.16468041938887
2025-05-29 08:00:00+00:00,19.93,76.48,1.66,37.884110570689444,50.45219055070608
2025-05-29 09:00:00+00:00,1.71,71.46,0.01,28.312203914393777,46.56818929645894
2025-05-29 10:00:00+00:00,0.03,65.67,-1.91,17.972356362742175,39.648884652440984
2025-05-29 11:00:00+00:00,-1.68,58.03,-12.77,7.977978294523481,29.76082837247351
2025-05-29 12:00:00+00:00,-1.99,53.21,-15.4,3.351704937005806,24.126478273865345
2025-05-29 13:00:00+00:00,-1.98,42.1,-10.9,0.5183518041085193,16.758490517610497
2025-05-29 14:00:00+00:00,-1.09,67.28,-2.99,23.163195099166074,38.54520049356785
2025-05-29 15:00:00+00:00,23.13,83.7,-0.01,43.02407376157625,54.018412416832525
2025-05-29 16:00:00+00:00,65.5,94.99,50.0,64.41209356039215,71.42645050123973
2025-05-29 17:00:00+00:00,80.2,114.83,106.84,87.47733205724745,94.71449573577027
2025-05-29 18:00:00+00:00,77.17,134.83,115.0,100.07673365683596,111.2569890032777
2025-05-29 19:00:00+00:00,73.73,139.91,127.25,99.97631368633634,115.31539425418927
2025-05-29 20:00:00+00:00,76.66,124.29,117.48,85.54697944485649,103.37520334223167
2025-05-29 21:00:00+00:00,57.5,104.27,103.23,66.81518447406049,86.49194082119101
2025-05-29 22:00:00+00:00,45.42,99.13,101.1,62.26614964215749,86.73009214467722
2025-05-29 23:00:00+00:00,25.67,94.8,93.16,56.22817586146641,81.5171236571699
2025-05-30 00:00:00+00:00,32.99,92.06,87.12,53.746534895698815,78.35355094604071
2025-05-30 01:00:00+00:00,33.95,91.55,86.56,54.520762402927616,77.13501673876763
2025-05-30 02:00:00+00:00,37.39,91.54,93.08,58.9892594458928,78.36559408644885
2025-05-30 03:00:00+00:00,55.08,91.36,106.82,65.51184933837914,80.91911446766389
2025-05-30 04:00:00+00:00,69.73,89.46,128.49,71.57363454364446,86.44507039676199
2025-05-30 05:00:00+00:00,68.38,86.49,132.8,69.97517525962688,88.16138184123633
2025-05-30 06:00:00+00:00,53.01,82.95,114.67,60.48699899938289,85.22045124861869
2025-05-30 07:00:00+00:00,29.13,62.83,85.9,38.03119736439592,68.89680020954835
2025-05-30 08:00:00+00:00,1.83,19.93,70.0,7.055338444289276,38.65213020052275
2025-05-30 09:00:00+00:00,-0.02,1.71,54.05,-6.949070420807885,24.53427672156525
2025-05-30 10:00:00+00:00,-1.01,0.03,13.44,-18.075706244434826,16.23098820662689
2025-05-30 11:00:00+00:00,-3.1,-1.68,0.62,-25.4785151876314,10.776169743574641
2025-05-30 12:00:00+00:00,-3.0,-1.99,0.0,-28.01808032211271,8.959635647135457
2025-05-30 14:00:00+00:00,-0.04,-1.09,25.33,-16.265851839146023,13.764806249764547
2025-05-30 15:00:00+00:00,5.88,23.13,71.91,13.420540943714514,38.71770837277961
2025-05-30 16:00:00+00:00,73.52,65.5,97.6,56.22806377886121,71.56363786445588
2025-05-30 17:00:00+00:00,111.84,80.2,114.36,84.36051801709034,85.75847667022964
2025-05-30 18:00:00+00:00,136.95,77.17,130.47,95.18285685136236,88.22745138154833
2025-05-30 19:00:00+00:00,145.89,73.73,139.29,96.78159049180321,87.70448679830483
2025-05-30 20:00:00+00:00,130.19,76.66,126.93,93.90626295254012,85.97591740193975
2025-05-30 21:00:00+00:00,108.15,57.5,108.0,78.75849799666695,68.24018067223635
2025-05-30 22:00:00+00:00,107.0,45.42,98.99,72.52218055432249,57.72180419792318
2025-05-30 23:00:00+00:00,99.94,25.67,94.76,60.51266583717475,42.13291288313712
2025-05-31 00:00:00+00:00,98.75,32.99,88.74,62.30582927470432,43.54991565219113
2025-05-31 01:00:00+00:00,99.07,33.95,84.22,62.24543857663691,40.888284286308526
2025-05-31 02:00:00+00:00,99.91,37.39,82.93,64.44015325180891,39.85383684376958
2025-05-31 03:00:00+00:00,98.29,55.08,80.71,72.17942332291857,47.14064016883343
2025-05-31 04:00:00+00:00,94.79,69.73,82.07,75.31527977272063,53.96063210773281
2025-05-31 05:00:00+00:00,84.61,68.38,76.9,64.40903222455275,51.213781434129636
2025-05-31 06:00:00+00:00,55.0,53.01,62.09,42.230087185375936,39.00627558607819
2025-05-31 07:00:00+00:00,1.0,29.13,12.26,10.475552136331274,15.09455234686925
2025-05-31 08:00:00+00:00,-0.02,1.83,-0.01,-16.25443734919766,-8.228597254270582
2025-05-31 09:00:00+00:00,-1.0,-0.02,-0.11,-23.964685394063594,-11.520933472147021
2025-05-31 10:00:00+00:00,-3.07,-1.01,-0.15,-26.835534160995536,-13.709507224786847
2025-05-31 11:00:00+00:00,-13.17,-3.1,-0.19,-27.40447027421365,-16.58565055136772
2025-05-31 12:00:00+00:00,-7.75,-3.0,-0.39,-23.315268864379135,-16.63030587089473
2025-05-31 13:00:00+00:00,-3.0,-1.34,-1.77,-15.864067408446786,-14.52367100478034
2025-05-31 14:00:00+00:00,-0.05,-0.04,-0.39,-2.822308209108442,-9.93242174397649
2025-05-31 15:00:00+00:00,41.4,5.88,48.67,23.199050288598556,6.993268064717697
2025-05-31 16:00:00+00:00,88.85,73.52,85.34,79.81929246300308,63.24888950747276
2025-05-31 17:00:00+00:00,131.41,111.84,109.08,115.03894608173846,95.84552896779654
2025-05-31 18:00:00+00:00,192.35,136.95,111.0,133.91659791549603,114.85042996103509
2025-05-31 19:00:00+00:00,192.37,145.89,107.92,138.4203566160888,122.145893831188
2025-05-31 20:00:00+00:00,133.49,130.19,92.06,124.43229989900848,110.8751940749472
2025-05-31 21:00:00+00:00,102.06,108.15,79.67,105.19283094696154,92.88932590832974
2025-05-31 22:00:00+00:00,92.53,107.0,23.82,95.77204542646466,91.61909855240546
2025-05-31 23:00:00+00:00,85.22,99.94,22.9,85.46614096419286,83.07876338167007
2025-06-01 00:00:00+00:00,77.13,98.75,14.39,79.22766285437733,79.0281829496115
2025-06-01 01:00:00+00:00,74.09,99.07,8.38,75.37003860481136,75.3163095589183
2025-06-01 02:00:00+00:00,72.66,99.91,3.9,73.4779622663437,71.93145475014978
2025-06-01 03:00:00+00:00,66.11,98.29,2.11,70.80974906508527,67.61778731297264
2025-06-01 04:00:00+00:00,35.84,94.79,1.17,65.01503120214369,62.67887049516538
2025-06-01 05:00:00+00:00,13.0,84.61,1.21,54.93358919955448,54.321775830035406
2025-06-01 06:00:00+00:00,2.4,55.0,0.03,35.78483278956911,34.205053343412025
2025-06-01 07:00:00+00:00,-0.01,1.0,0.0,3.7838614118991245,-1.694256985237942
2025-06-01 08:00:00+00:00,-0.6,-0.02,-0.61,-5.147755560167539,-4.873542807604622
2025-06-01 09:00:00+00:00,-2.11,-1.0,-0.6,-12.177965731559667,-5.728020602718502
2025-06-01 10:00:00+00:00,-5.48,-3.07,-0.25,-19.0221797749154,-8.32134115381291
2025-06-01 11:00:00+00:00,-12.93,-13.17,-3.19,-28.15717656292273,-16.591512257504377
2025-06-01 12:00:00+00:00,-20.41,-7.75,-5.05,-27.242100500304915,-13.29042117684132
2025-06-01 13:00:00+00:00,-15.61,-3.0,-4.95,-22.36235530680591,-8.464958339853865
2025-06-01 14:00:00+00:00,-6.0,-0.05,-1.37,-14.162027201759955,-2.573243256795294
2025-06-01 15:00:00+00:00,-0.99,41.4,0.0,16.889742053579866,29.6217815858314
2025-06-01 16:00:00+00:00,19.23,88.85,11.72,56.69345274179536,71.4013504079916
2025-06-01 17:00:00+00:00,78.85,131.41,92.95,105.26420546960092,116.47660821248621
2025-06-01 18:00:00+00:00,93.66,192.35,100.0,149.26631884614963,162.25843669187628
2025-06-01 19:00:00+00:00,106.86,192.37,107.41,156.23255472206318,166.829270704931
2025-06-01 20:00:00+00:00,105.93,133.49,102.23,126.0295563140624,128.50857754578945
2025-06-01 21:00:00+00:00,90.49,102.06,92.92,106.16768476352023,104.82244398112438
2025-06-01 22:00:00+00:00,81.76,92.53,88.13,104.0420843143433,105.7080537345749
2025-06-01 23:00:00+00:00,75.31,85.22,79.12,98.2899005280647,99.1292585247953
2025-06-02 00:00:00+00:00,75.0,77.13,73.21,93.47537579563091,93.11799241028025
2025-06-02 01:00:00+00:00,77.75,74.09,71.83,93.22962302101891,91.425574644645
2025-06-02 02:00:00+00:00,83.05,72.66,76.7,96.00971071249661,91.9136437500537
2025-06-02 03:00:00+00:00,91.93,66.11,85.48,99.23623770330269,91.53923944781161
2025-06-02 04:00:00+00:00,108.15,35.84,116.2,95.55597291127691,82.8264573080417
2025-06-02 05:00:00+00:00,117.9,13.0,143.17,88.65557389927638,75.3375643291535
2025-06-02 06:00:00+00:00,102.36,2.4,129.91,76.32307348346536,66.90952901100076
2025-06-02 07:00:00+00:00,85.6,-0.01,91.41,57.99526147978734,55.525691547259676
2025-06-02 08:00:00+00:00,57.47,-0.6,16.17,39.744408996104006,44.33755734454268
2025-06-02 09:00:00+00:00,33.21,-2.11,0.05,30.67654273491621,39.78426354677959
2025-06-02 10:00:00+00:00,20.0,-5.48,-0.42,24.063453730147387,35.66130988423098
2025-06-02 11:00:00+00:00,12.78,-12.93,-1.45,16.397941436899828,27.867767351824327
2025-06-02 12:00:00+00:00,11.0,-20.41,-1.18,12.255834844277643,21.860220929241947
2025-06-02 13:00:00+00:00,19.75,-15.61,-0.82,16.047184541586546,23.661563193359754
2025-06-02 14:00:00+00:00,55.84,-6.0,0.0,26.058630676072426,29.683134511045182
2025-06-02 15:00:00+00:00,82.8,-0.99,17.65,42.72324590146201,39.494597809851975
2025-06-02 16:00:00+00:00,94.95,19.23,95.76,78.53162599530796,69.08122806259
2025-06-02 17:00:00+00:00,109.32,78.85,119.33,125.03765665102293,115.57179384745467
2025-06-02 18:00:00+00:00,195.91,93.66,169.87,146.06549196511372,136.11755140428522
2025-06-02 19:00:00+00:00,245.37,106.86,161.57,150.25256592702112,142.28033976802564
2025-06-02 20:00:00+00:00,141.66,105.93,119.38,137.934983774037,129.71399687067486
2025-06-02 21:00:00+00:00,110.04,90.49,98.86,122.36446403600607,112.540973248749
2025-06-02 22:00:00+00:00,111.49,81.76,88.51,110.42535695058008,96.2736589249281
2025-06-02 23:00:00+00:00,109.91,75.31,73.92,103.75948642493374,88.78395166607443
2025-06-03 00:00:00+00:00,102.02,75.0,62.02,101.31454712849485,85.70573736964405
2025-06-03 01:00:00+00:00,99.23,77.75,61.98,103.61148655089454,87.38119178285794
2025-06-03 02:00:00+00:00,94.89,83.05,67.7,108.49862443169955,91.85715150131581
2025-06-03 03:00:00+00:00,107.6,91.93,62.2,113.9466901214965,97.73230160897651
2025-06-03 04:00:00+00:00,130.76,108.15,67.7,123.55685058854183,111.82296716102924
2025-06-03 05:00:00+00:00,116.85,117.9,73.9,122.42312923937139,121.7549712059247
2025-06-03 06:00:00+00:00,85.98,102.36,68.63,100.87449658788204,111.74914826568505
2025-06-03 07:00:00+00:00,59.46,85.6,50.17,74.17960671464287,97.21691755530537
2025-06-03 08:00:00+00:00,2.0,57.47,4.26,41.108117192752474,71.72165205036993
2025-06-03 09:00:00+00:00,-0.05,33.21,3.19,20.020969510176826,54.39509442185989
2025-06-03 10:00:00+00:00,-1.01,20.0,0.03,8.309381423158044,43.36009471914125
2025-06-03 11:00:00+00:00,-3.0,12.78,0.02,1.9764717262103773,35.44794821804579
2025-06-03 12:00:00+00:00,-4.32,11.0,0.09,1.3344068890313565,31.723446056819142
2025-06-03 13:00:00+00:00,-1.33,19.75,3.14,7.688377472948019,36.396365637247065
2025-06-03 14:00:00+00:00,0.0,55.84,55.17,36.849881698731586,66.31318299152638
2025-06-03 15:00:00+00:00,66.0,82.8,84.55,64.49899750661987,88.12881380612386
2025-06-03 16:00:00+00:00,87.79,94.95,103.0,88.58984123269695,100.88314371299299
2025-06-03 17:00:00+00:00,109.41,109.32,122.64,114.35853625524389,118.66285286484401
2025-06-03 18:00:00+00:00,132.9,195.91,137.6,165.5066234135383,178.2305234885164
2025-06-03 19:00:00+00:00,112.29,245.37,111.16,186.72623470492678,208.03023723986314
2025-06-03 20:00:00+00:00,106.12,141.66,100.34,127.88605113506236,138.6931499248135
2025-06-03 21:00:00+00:00,95.49,110.04,82.41,102.4953358581775,112.58081535864395
2025-06-03 22:00:00+00:00,74.95,111.49,76.43,88.6185745291331,101.1537925626668
2025-06-03 23:00:00+00:00,67.25,109.91,69.01,85.04068150722023,97.896354689042
2025-06-04 00:00:00+00:00,64.78,102.02,67.39,80.83635705048357,91.9766027693955
2025-06-04 01:00:00+00:00,65.0,99.23,61.01,80.3129016840237,89.3318651347596
2025-06-04 02:00:00+00:00,68.32,94.89,65.19,82.25170703563374,88.13360733941282
2025-06-04 03:00:00+00:00,80.32,107.6,72.52,93.49110130096652,99.26563979185606
2025-06-04 04:00:00+00:00,99.77,130.76,92.85,113.14711851165612,123.00277819363123
2025-06-04 05:00:00+00:00,113.74,116.85,100.09,109.13223969969332,120.20368154905499
2025-06-04 06:00:00+00:00,112.4,85.98,95.0,90.97806830500481,100.65395526382841
2025-06-04 07:00:00+00:00,79.08,59.46,90.0,71.33013219306983,81.30655623350887
2025-06-04 08:00:00+00:00,72.4,2.0,76.48,35.15653170654229,40.37068801460182
2025-06-04 09:00:00+00:00,48.36,-0.05,71.46,27.941942882068673,35.27692965668577
2025-06-04 10:00:00+00:00,20.12,-1.01,65.67,22.94964247942903,31.3906452553162
2025-06-04 11:00:00+00:00,9.69,-3.0,58.03,19.777255283861024,26.551347389792568
2025-06-04 12:00:00+00:00,18.26,-4.32,53.21,20.410529250785743,23.01366598201544
2025-06-04 13:00:00+00:00,43.35,-1.33,42.1,25.938376891844257,23.064977336680585
2025-06-04 14:00:00+00:00,72.4,0.0,67.28,38.79558881116055,30.033664121517305
2025-06-04 15:00:00+00:00,91.45,66.0,83.7,82.13504386209306,77.46969650042294
2025-06-04 16:00:00+00:00,108.91,87.79,94.99,102.59273898054788,95.442029761833
2025-06-04 17:00:00+00:00,145.98,109.41,114.83,123.8204520961236,114.49911479074012
2025-06-04 18:00:00+00:00,192.85,132.9,134.83,143.46641684131805,138.0276038923049
2025-06-04 19:00:00+00:00,138.82,112.29,139.91,132.95167697999523,127.97403770202489
2025-06-04 20:00:00+00:00,112.43,106.12,124.29,118.6091670174293,112.18232247752002
2025-06-04 21:00:00+00:00,94.08,95.49,104.27,104.09965855481295,98.39055693066466
2025-06-04 22:00:00+00:00,97.67,74.95,99.13,91.25877355391856,80.70577593917275
2025-06-04 23:00:00+00:00,92.7,67.25,94.8,84.78161158901403,74.08687493449932
2025-06-05 00:00:00+00:00,86.84,64.78,92.06,81.5679014540921,71.06950802968804
2025-06-05 01:00:00+00:00,86.1,65.0,91.55,81.11860379975067,70.90474399053905
2025-06-05 02:00:00+00:00,87.01,68.32,91.54,83.44138086011402,72.99595174511023
2025-06-05 03:00:00+00:00,88.09,80.32,91.36,91.61103325288467,82.62934884388602
2025-06-05 04:00:00+00:00,113.78,99.77,89.46,105.23342662427329,101.31317258052701
2025-06-05 05:00:00+00:00,129.03,113.74,86.49,111.29689254322594,112.95459944490369
2025-06-05 06:00:00+00:00,116.6,112.4,82.95,104.40842970764899,111.1571721234177
2025-06-05 07:00:00+00:00,83.03,79.08,62.83,75.03922847879267,85.33640536849943
2025-06-05 08:00:00+00:00,66.0,72.4,19.93,53.11839013834842,69.81796539596466
2025-06-05 09:00:00+00:00,46.18,48.36,1.71,30.972603724403967,51.05292594827541
2025-06-05 10:00:00+00:00,20.0,20.12,0.03,10.18279055885958,30.640962041718353
2025-06-05 11:00:00+00:00,11.03,9.69,-1.68,2.150988471085242,21.90247973276196
2025-06-05 12:00:00+00:00,7.07,18.26,-1.99,3.8596885100114378,24.518613403697685
2025-06-05 13:00:00+00:00,19.87,43.35,-1.98,16.394535974080867,38.557410406916766
2025-06-05 14:00:00+00:00,57.5,72.4,-1.09,34.49292863013684,56.18346778864086
2025-06-05 15:00:00+00:00,81.08,91.45,23.13,57.28133452926257,77.68163292904589
2025-06-05 16:00:00+00:00,100.94,108.91,65.5,81.87124217074488,98.02331613372903
2025-06-05 17:00:00+00:00,112.19,145.98,80.2,111.58212359735748,126.8749662835109
2025-06-05 18:00:00+00:00,136.4,192.85,77.17,138.4129441246736,158.59635121113504
2025-06-05 19:00:00+00:00,106.95,138.82,73.73,107.7073260117158,121.67514394777312
2025-06-05 20:00:00+00:00,96.37,112.43,76.66,87.71283954730711,103.09226156303626
2025-06-05 21:00:00+00:00,81.36,94.08,57.5,68.5673042262489,85.98484488166875
2025-06-05 22:00:00+00:00,76.29,97.67,45.42,66.94418212169336,87.58465987042345
2025-06-05 23:00:00+00:00,66.12,92.7,25.67,56.351335791219284,79.99101341850489
2025-06-06 00:00:00+00:00,60.86,86.84,32.99,51.31699591429994,76.375354749708
2025-06-06 01:00:00+00:00,55.27,86.1,33.95,49.7444486084052,75.90739341252133
2025-06-06 02:00:00+00:00,52.78,87.01,37.39,50.520963226286796,77.38940408558697
2025-06-06 03:00:00+00:00,63.7,88.09,55.08,55.841613286484495,83.26929090151788
2025-06-06 04:00:00+00:00,67.02,113.78,69.73,73.7064793863135,108.47174993536589
2025-06-06 05:00:00+00:00,74.43,129.03,68.38,80.38361055374929,123.3940539505265
2025-06-06 06:00:00+00:00,59.61,116.6,53.01,64.98458684649779,114.49111270729664
2025-06-06 07:00:00+00:00,3.94,83.03,29.13,33.239689565360514,86.06954679552847
2025-06-06 08:00:00+00:00,-0.01,66.0,1.83,15.833284711068899,70.39496506199633
2025-06-06 09:00:00+00:00,-0.27,46.18,-0.02,1.388140434973053,54.390116675344494
2025-06-06 10:00:00+00:00,-2.07,20.0,-1.01,-16.39107705860195,32.9574416005299
2025-06-06 11:00:00+00:00,-4.93,11.03,-3.1,-23.975816044091772,23.180286076874197
2025-06-06 12:00:00+00:00,-5.06,7.07,-3.0,-27.713100208006892,18.60718807965148
2025-06-06 13:00:00+00:00,-4.96,19.87,-1.34,-17.757623399828418,28.08396423969083
2025-06-06 14:00:00+00:00,-1.0,57.5,-0.04,7.515055420253418,54.95935214123593
2025-06-06 15:00:00+00:00,0.0,81.08,5.88,28.13879985497408,73.54949607664778
2025-06-06 16:00:00+00:00,50.47,100.94,73.52,64.32526136334151,98.65812918256216
2025-06-06 17:00:00+00:00,84.19,112.19,111.84,93.69207473306903,115.5825756681464
2025-06-06 18:00:00+00:00,112.57,136.4,136.95,118.93549188674692,137.50502920191545
2025-06-06 19:00:00+00:00,129.29,106.95,145.89,105.32939512284818,115.07261678061371
2025-06-06 20:00:00+00:00,125.72,96.37,130.19,94.97942160477284,102.69992859975346
2025-06-06 21:00:00+00:00,103.24,81.36,108.15,80.976345391202,86.73867990623175
2025-06-06 22:00:00+00:00,87.61,76.29,107.0,78.55882755981236,82.2266285374503
2025-06-06 23:00:00+00:00,83.5,66.12,99.94,69.62540199884057,71.98389081626271
2025-06-07 00:00:00+00:00,78.02,60.86,98.75,64.96717021096069,65.49285121006449
2025-06-07 01:00:00+00:00,81.89,55.27,99.07,62.01394247881016,59.18764250860621
2025-06-07 02:00:00+00:00,82.27,52.78,99.91,61.66212542550109,54.79848734980688
2025-06-07 03:00:00+00:00,81.99,63.7,98.29,66.5589170198363,57.918477005136126
2025-06-07 04:00:00+00:00,85.47,67.02,94.79,67.70701080713468,59.586645209045734
2025-06-07 05:00:00+00:00,86.74,74.43,84.61,67.9654813008269,63.579111374662844
2025-06-07 06:00:00+00:00,79.86,59.61,55.0,51.993205045020304,49.32740613839161
2025-06-07 07:00:00+00:00,65.3,3.94,1.0,10.49980586568114,3.8792333781964885
2025-06-07 08:00:00+00:00,30.53,-0.01,-0.02,0.5624124884027424,-1.0741065959963123
2025-06-07 09:00:00+00:00,9.44,-0.27,-1.0,-5.710739511271967,-3.7370156577088665
2025-06-07 10:00:00+00:00,1.19,-2.07,-3.07,-12.378036702063554,-8.101145612498073
2025-06-07 11:00:00+00:00,-0.01,-4.93,-13.17,-20.192015743970927,-13.281177309747818
2025-06-07 12:00:00+00:00,-0.02,-5.06,-7.75,-22.98033836952014,-13.05832199735842
2025-06-07 14:00:00+00:00,-0.87,-1.0,-0.05,-13.458264325515415,-0.7029014328268914
2025-06-07 15:00:00+00:00,26.91,0.0,41.4,4.153044722672917,12.727418338143082
2025-06-07 16:00:00+00:00,70.1,50.47,88.85,49.873402417438555,58.47363532611695
2025-06-07 17:00:00+00:00,85.01,84.19,131.41,85.53877848763129,90.71605353989672
2025-06-07 18:00:00+00:00,109.9,112.57,192.35,114.9087473360884,121.34389173184178
2025-06-07 19:00:00+00:00,110.26,129.29,192.37,122.70630713378759,131.62650334544108
2025-06-07 20:00:00+00:00,98.01,125.72,133.49,109.45548628658088,121.4079855401929
2025-06-07 21:00:00+00:00,80.09,103.24,102.06,88.1487515174562,100.54478688919494
2025-06-07 22:00:00+00:00,93.84,87.61,92.53,82.81970531700551,93.04830598895387
2025-06-07 23:00:00+00:00,83.0,83.5,85.22,74.8172828991053,86.24588418377539
2025-06-08 00:00:00+00:00,76.86,78.02,77.13,67.3962927751254,78.65197190540356
2025-06-08 01:00:00+00:00,69.74,81.89,74.09,65.42481355342278,77.24281821588033
2025-06-08 02:00:00+00:00,67.02,82.27,72.66,62.961680843123446,73.8257322446335
2025-06-08 03:00:00+00:00,55.66,81.99,66.11,59.329845649187135,69.48617956467159
2025-06-08 04:00:00+00:00,39.02,85.47,35.84,51.30889183299628,63.882403023248976
2025-06-08 05:00:00+00:00,3.71,86.74,13.0,42.08831033936777,60.24853783917088
2025-06-08 06:00:00+00:00,0.0,79.86,2.4,30.358168692900577,53.42665851651512
2025-06-08 07:00:00+00:00,-0.5,65.3,-0.01,13.35077221743029,38.952501498387505
2025-06-08 08:00:00+00:00,-2.0,30.53,-0.6,-12.150388045362448,14.400741266468799
2025-06-08 09:00:00+00:00,-8.21,9.44,-2.11,-27.33973432911459,-0.3266397744391156
2025-06-08 10:00:00+00:00,-19.92,1.19,-5.48,-34.14682409786673,-7.149641283714573
2025-06-08 11:00:00+00:00,-39.98,-0.01,-12.93,-38.93437031901428,-10.379141188906914
2025-06-08 12:00:00+00:00,-52.56,-0.02,-20.41,-41.94765158351268,-11.529204430177344
2025-06-08 14:00:00+00:00,-38.89,-0.87,-6.0,-35.150960521633124,-5.0876431887242575
2025-06-08 15:00:00+00:00,-16.71,26.91,-0.99,-14.27546538814478,18.16232388578848
2025-06-08 16:00:00+00:00,-0.01,70.1,19.23,22.180736206282276,58.18361575167461
2025-06-08 17:00:00+00:00,39.65,85.01,78.85,51.58433468976745,82.26646311147644
2025-06-08 18:00:00+00:00,60.88,109.9,93.66,77.94282770857673,105.72025635109091
2025-06-08 19:00:00+00:00,69.55,110.26,106.86,84.74224241638598,111.36158884928957
2025-06-08 20:00:00+00:00,65.07,98.01,105.93,78.56880989855806,104.38648708660219
2025-06-08 21:00:00+00:00,51.13,80.09,90.49,63.7457378100044,88.50296216496216
2025-06-08 22:00:00+00:00,4.8,93.84,81.76,65.51700299141609,100.9711108716301
2025-06-08 23:00:00+00:00,4.15,83.0,75.31,58.66089893294953,92.15441976015937
2025-06-09 00:00:00+00:00,4.19,76.86,75.0,56.80002570050277,87.2231772480769
2025-06-09 01:00:00+00:00,4.27,69.74,77.75,57.148171088725974,82.84144006602908
2025-06-09 02:00:00+00:00,13.42,67.02,83.05,61.779972029800234,81.54329894991722
2025-06-09 03:00:00+00:00,32.2,55.66,91.93,61.687582805254564,74.17170723773454
2025-06-09 04:00:00+00:00,44.97,39.02,108.15,57.09613220776062,65.45229396551196
2025-06-09 05:00:00+00:00,40.04,3.71,117.9,38.004005745807966,45.67393985277629
2025-06-09 06:00:00+00:00,2.97,0.0,102.36,27.164787549883727,43.14241529593149
2025-06-09 07:00:00+00:00,-0.62,-0.5,85.6,17.718660523120263,41.06449116133496
2025-06-09 08:00:00+00:00,-1.14,-2.0,57.47,7.690331501439999,33.59673943797544
2025-06-09 09:00:00+00:00,-4.14,-8.21,33.21,0.16562561884029492,24.494862610545553
2025-06-09 10:00:00+00:00,-10.0,-19.92,20.0,-7.408857114494623,13.44300723809397
2025-06-09 11:00:00+00:00,-19.33,-39.98,12.78,-19.047489537302198,-2.5002728874746367
2025-06-09 12:00:00+00:00,-15.76,-52.56,11.0,-26.266650941605036,-12.222385170599892
2025-06-09 14:00:00+00:00,-1.0,-38.89,55.84,-7.75715713715951,3.5538994020773202
2025-06-09 15:00:00+00:00,0.09,-16.71,82.8,18.849572525521893,25.97198640136247
2025-06-09 16:00:00+00:00,69.54,-0.01,94.95,49.35679685670534,45.069170366592836
2025-06-09 17:00:00+00:00,117.79,39.65,109.32,87.71042658693369,75.47874910281143
2025-06-09 18:00:00+00:00,141.4,60.88,195.91,118.96386918919535,104.00484737258299
2025-06-09 19:00:00+00:00,148.42,69.55,245.37,131.72301473665675,117.05367539131082
2025-06-09 20:00:00+00:00,126.52,65.07,141.66,113.79395076684739,99.7126530775374
2025-06-09 21:00:00+00:00,101.19,51.13,110.04,98.03624198825658,84.42265387933323
2025-06-09 22:00:00+00:00,86.65,4.8,111.49,63.28611864502257,48.8757177837874
2025-06-09 23:00:00+00:00,78.07,4.15,109.91,56.18824939832116,46.95221854680373
2025-06-10 00:00:00+00:00,69.66,4.19,102.02,50.09324496313628,45.42960088018169
2025-06-10 01:00:00+00:00,59.95,4.27,99.23,46.57867611943544,44.72421903248807
2025-06-10 02:00:00+00:00,54.16,13.42,94.89,49.733060662507654,50.40409092683078
2025-06-10 03:00:00+00:00,62.18,32.2,107.6,61.87523628219917,65.2451516543469
2025-06-10 04:00:00+00:00,74.62,44.97,130.76,73.47376832170912,80.27053926687714
2025-06-10 05:00:00+00:00,82.79,40.04,116.85,66.79320874054866,76.52133605960583
2025-06-10 06:00:00+00:00,83.17,2.97,85.98,39.8081489335034,50.17991134119983
2025-06-10 07:00:00+00:00,69.0,-0.62,59.46,26.241894114328943,44.390281111275776
2025-06-10 08:00:00+00:00,22.21,-1.14,2.0,7.667195231060674,35.46167649904013
2025-06-10 09:00:00+00:00,0.1,-4.14,-0.05,-3.2912717019422644,32.164540119194506
2025-06-10 10:00:00+00:00,-0.19,-10.0,-1.01,-12.784510685330048,25.66191632998361
2025-06-10 11:00:00+00:00,-2.33,-19.33,-3.0,-21.172061596023184,15.706540472610158
2025-06-10 12:00:00+00:00,-4.26,-15.76,-4.32,-23.465328255002248,14.344025079321966
2025-06-10 13:00:00+00:00,-1.04,-4.5,-1.33,-17.80080519593818,21.135481512048216
2025-06-10 14:00:00+00:00,0.03,-1.0,0.0,-15.82700572498851,23.934350368108397
2025-06-10 15:00:00+00:00,53.99,0.09,66.0,-0.8370173015179319,36.26250786334399
2025-06-10 16:00:00+00:00,69.6,69.54,87.79,46.28843150606522,86.28833354434082
2025-06-10 17:00:00+00:00,82.08,117.79,109.41,85.13223896820027,124.3746346494858
2025-06-10 18:00:00+00:00,83.97,141.4,132.9,106.79897533712914,144.31723084827752
2025-06-10 19:00:00+00:00,91.28,148.42,112.29,109.05640790370816,145.89113048289596
2025-06-10 20:00:00+00:00,97.94,126.52,106.12,96.72136246034208,129.5078855697485
2025-06-10 21:00:00+00:00,85.31,101.19,95.49,79.80570115147833,108.45619344810726
2025-06-10 22:00:00+00:00,73.01,86.65,74.95,54.70049611387393,82.27597113395291
2025-06-10 23:00:00+00:00,71.38,78.07,67.25,50.981107948897034,74.40873129368619
2025-06-11 00:00:00+00:00,70.58,69.66,64.78,49.60722643650633,67.73480656452794
2025-06-11 01:00:00+00:00,69.86,59.95,65.0,48.97601186743449,60.99800782110891
2025-06-11 02:00:00+00:00,73.59,54.16,68.32,52.492932212552205,58.54139522984391
2025-06-11 03:00:00+00:00,83.6,62.18,80.32,64.77363678602772,67.11947989144285
2025-06-11 04:00:00+00:00,101.26,74.62,99.77,80.6532413760907,82.82277310234691
2025-06-11 05:00:00+00:00,107.8,82.79,113.74,86.43483676353131,93.58518176404081
2025-06-11 06:00:00+00:00,85.09,83.17,112.4,79.46998135576743,92.77654734706883
2025-06-11 07:00:00+00:00,66.7,69.0,79.08,59.93221762217513,78.23224347916062
2025-06-11 08:00:00+00:00,22.98,22.21,72.4,28.67006962639715,46.10767316487547
2025-06-11 09:00:00+00:00,1.3,0.1,48.36,8.738994788015162,27.536590266561532
2025-06-11 10:00:00+00:00,-0.36,-0.19,20.12,-0.3518233955561527,21.247687374741147
2025-06-11 11:00:00+00:00,-0.97,-2.33,9.69,-6.694510001054141,15.66108643835777
2025-06-11 12:00:00+00:00,-3.4,-4.26,18.26,-8.705136537339456,13.421561600273066
2025-06-11 13:00:00+00:00,-2.4,-1.04,43.35,-1.6882030329627185,18.797442977288128
2025-06-11 14:00:00+00:00,-0.01,0.03,72.4,9.122342246775986,23.398988031003697
2025-06-11 15:00:00+00:00,66.47,53.99,91.45,50.97578307636881,61.57627334527843
2025-06-11 16:00:00+00:00,89.34,69.6,108.91,82.19638311964482,81.25153262265032
2025-06-11 17:00:00+00:00,132.28,82.08,145.98,109.41514665835973,98.8764339896864
2025-06-11 18:00:00+00:00,217.0,83.97,192.85,120.85960726496221,107.69986434494976
2025-06-11 19:00:00+00:00,180.0,91.28,138.82,114.45821870779537,105.0098208480063
2025-06-11 20:00:00+00:00,119.34,97.94,112.43,106.24971216431172,102.4469996006318
2025-06-11 21:00:00+00:00,94.07,85.31,94.08,90.6587347751645,87.81274825057304
2025-06-11 22:00:00+00:00,92.91,73.01,97.67,76.43384348504013,73.22228537881652
2025-06-11 23:00:00+00:00,87.7,71.38,92.7,73.35391537120856,70.18331494059132
2025-06-12 00:00:00+00:00,85.43,70.58,86.84,71.91277937661056,67.81649466515076
2025-06-12 01:00:00+00:00,84.85,69.86,86.1,72.17937307296714,66.29341826427567
2025-06-12 02:00:00+00:00,89.06,73.59,87.01,76.02903402920899,68.57662137885146
2025-06-12 03:00:00+00:00,92.0,83.6,88.09,83.04486724735082,76.25831290251783
2025-06-12 04:00:00+00:00,114.85,101.26,113.78,97.80992157909667,96.1304792819282
2025-06-12 05:00:00+00:00,104.3,107.8,129.03,99.0818407737277,106.78537621065135
2025-06-12 06:00:00+00:00,78.86,85.09,116.6,75.65332838156888,92.55087436936104
2025-06-12 07:00:00+00:00,36.09,66.7,83.03,48.75297212644269,75.36769070957128
2025-06-12 08:00:00+00:00,0.0,22.98,66.0,10.682904636213266,40.21105801546364
2025-06-12 09:00:00+00:00,-2.0,1.3,46.18,-9.79224094750424,21.38004417843682
2025-06-12 10:00:00+00:00,-15.91,-0.36,20.0,-18.228999146642167,14.969696761090802
2025-06-12 11:00:00+00:00,-27.9,-0.97,11.03,-22.11325369653946,11.596250096558194
2025-06-12 12:00:00+00:00,-25.47,-3.4,7.07,-26.043551644378,7.200101908218997
2025-06-12 13:00:00+00:00,-11.57,-2.4,19.87,-22.682119690297185,8.701047156680161
2025-06-12 14:00:00+00:00,-2.78,-0.01,57.5,-12.487195674406763,15.179266089120816
2025-06-12 15:00:00+00:00,14.9,66.47,81.08,32.86055638945046,65.95389035013136
2025-06-12 16:00:00+00:00,79.96,89.34,100.94,63.83449266568632,86.28247096128611
2025-06-12 17:00:00+00:00,112.55,132.28,112.19,100.73485362392019,117.85033441833951
2025-06-12 18:00:00+00:00,132.0,217.0,136.4,147.85049474959476,176.45267780300765
2025-06-12 19:00:00+00:00,111.0,180.0,106.95,120.64611713693259,149.65131964654427
2025-06-12 20:00:00+00:00,105.0,119.34,96.37,82.07127219939004,108.62750102798695
2025-06-12 21:00:00+00:00,86.9,94.07,81.36,61.134702479460636,87.564748130084
2025-06-12 22:00:00+00:00,70.29,92.91,76.29,57.64473828285316,87.65695525669287
2025-06-12 23:00:00+00:00,55.25,87.7,66.12,53.220090634671564,82.09654849188588
2025-06-13 00:00:00+00:00,58.61,85.43,60.86,52.365110273105664,79.08718462047435
2025-06-13 01:00:00+00:00,63.42,84.85,55.27,53.63024319815542,77.50308348414256
2025-06-13 02:00:00+00:00,63.84,89.06,52.78,59.25289560354663,80.23113924871278
2025-06-13 03:00:00+00:00,70.71,92.0,63.7,66.34072557500035,84.86032595234693
2025-06-13 04:00:00+00:00,83.68,114.85,67.02,82.93117128139008,105.60177738417542
2025-06-13 05:00:00+00:00,87.26,104.3,74.43,77.68554325214477,104.16701107736688
2025-06-13 06:00:00+00:00,77.39,78.86,59.61,53.610420786346474,85.2322618507087
2025-06-13 07:00:00+00:00,40.03,36.09,3.94,15.332937648571232,49.15793127319346
2025-06-13 08:00:00+00:00,4.1,0.0,-0.01,-12.913347842021238,21.842733740278717
2025-06-13 09:00:00+00:00,-0.03,-2.0,-0.27,-17.87261749357279,17.83037487463824
2025-06-13 10:00:00+00:00,-2.05,-15.91,-2.07,-27.16787078411062,6.69825411220701
2025-06-13 11:00:00+00:00,-6.09,-27.9,-4.93,-33.97989029789227,-3.6801168359720293
2025-06-13 12:00:00+00:00,-6.01,-25.47,-5.06,-33.006253524639675,-4.706673508880058
2025-06-13 13:00:00+00:00,-2.38,-11.57,-4.96,-22.57668322057077,4.086841879366233
2025-06-13 14:00:00+00:00,-0.01,-2.78,-1.0,-13.607163646239314,9.821306510478749
2025-06-13 15:00:00+00:00,35.9,14.9,0.0,6.8788780577865225,27.90174075868262
2025-06-13 16:00:00+00:00,80.04,79.96,50.47,61.07544623148792,79.50705241101717
2025-06-13 17:00:00+00:00,108.9,112.55,84.19,93.42466373386284,108.9871989226657
2025-06-13 18:00:00+00:00,111.19,132.0,112.57,107.31111112403573,131.51335485092108
2025-06-13 19:00:00+00:00,94.9,111.0,129.29,88.52535664213008,116.6586784725493
2025-06-13 20:00:00+00:00,90.0,105.0,125.72,75.00937606007861,106.64188242157593
2025-06-13 21:00:00+00:00,71.3,86.9,103.24,56.09800189961448,87.97337622707451
2025-06-13 22:00:00+00:00,73.99,70.29,87.61,46.071487690568205,74.97446681339652
2025-06-13 23:00:00+00:00,71.2,55.25,83.5,36.104874804473745,61.97797701475834
2025-06-14 00:00:00+00:00,66.15,58.61,78.02,35.902639301849284,60.55702992198162
2025-06-14 01:00:00+00:00,66.88,63.42,81.89,38.11107690797734,61.132746121600384
2025-06-14 02:00:00+00:00,68.06,63.84,82.27,38.226409151479096,58.624245124494514
2025-06-14 03:00:00+00:00,64.52,70.71,81.99,39.595400252564936,58.99989392544907
2025-06-14 04:00:00+00:00,54.68,83.68,85.47,44.22829377963335,67.6098558863033
2025-06-14 05:00:00+00:00,20.3,87.26,86.74,39.2803956321428,68.42715404552592
2025-06-14 06:00:00+00:00,7.74,77.39,79.86,24.098413763275985,59.63226652790724
2025-06-14 07:00:00+00:00,0.0,40.03,65.3,-7.2896758950178935,30.451618859561762
2025-06-14 08:00:00+00:00,-2.02,4.1,30.53,-36.49151303005533,-0.9763093074750344
2025-06-14 09:00:00+00:00,-9.08,-0.03,9.44,-45.585817869965354,-7.4594101535454485
2025-06-14 10:00:00+00:00,-35.72,-2.05,1.19,-48.133739117371505,-12.360163749272857
2025-06-14 11:00:00+00:00,-38.0,-6.09,-0.01,-48.633457216682814,-17.404493958553303
2025-06-14 12:00:00+00:00,-25.75,-6.01,-0.02,-43.79716203897502,-17.18316650503941
2025-06-14 14:00:00+00:00,-0.37,-0.01,-0.87,-21.620565776969798,-7.743518527547508
2025-06-14 15:00:00+00:00,8.86,35.9,26.91,14.393117235297694,24.362682411721067
2025-06-14 16:00:00+00:00,83.38,80.04,70.1,63.01587810185217,67.93842825586422
2025-06-14 17:00:00+00:00,121.55,108.9,85.01,94.11731956138357,94.92585464628522
2025-06-14 18:00:00+00:00,127.27,111.19,109.9,102.21841282398829,103.79332726904687
2025-06-14 19:00:00+00:00,117.68,94.9,110.26,90.57788873742942,93.41593931832037
2025-06-14 20:00:00+00:00,121.39,90.0,98.01,81.93565823864401,88.87041972758092
2025-06-14 21:00:00+00:00,109.0,71.3,80.09,66.53943941321562,72.22058786475941
2025-06-14 22:00:00+00:00,91.93,73.99,93.84,76.12814975240732,81.43931299431897
2025-06-14 23:00:00+00:00,88.87,71.2,83.0,72.12334152596326,74.76729080906526
2025-06-15 00:00:00+00:00,87.23,66.15,76.86,69.36608727347569,68.30505471009566
2025-06-15 01:00:00+00:00,90.94,66.88,69.74,70.05088112483038,65.29436310719464
2025-06-15 02:00:00+00:00,91.99,68.06,67.02,71.55844129533996,62.70391565536247
2025-06-15 03:00:00+00:00,92.15,64.52,55.66,67.9573361827105,55.56206833740733
2025-06-15 04:00:00+00:00,84.99,54.68,39.02,58.448877673657975,45.46718401480556
2025-06-15 05:00:00+00:00,66.21,20.3,3.71,29.921315590872766,17.430066301439965
2025-06-15 06:00:00+00:00,53.86,7.74,0.0,14.794960334964216,8.154139389674924
2025-06-15 07:00:00+00:00,5.55,0.0,-0.5,1.827441177398029,0.29647243498801856
2025-06-15 08:00:00+00:00,0.0,-2.02,-2.0,-6.7598161709868805,-4.67035665537891
2025-06-15 09:00:00+00:00,-0.02,-9.08,-8.21,-13.811393084303106,-11.144272750983347
2025-06-15 10:00:00+00:00,-1.22,-35.72,-19.92,-29.727475288848865,-30.837247716544994
2025-06-15 11:00:00+00:00,-5.61,-38.0,-39.98,-33.10762602586948,-36.041426045764354
2025-06-15 12:00:00+00:00,-5.0,-25.75,-52.56,-28.232864616019313,-30.001418436659392
2025-06-15 13:00:00+00:00,-2.0,-6.7,-53.06,-15.617232432280474,-16.187945925581204
2025-06-15 14:00:00+00:00,-0.01,-0.37,-38.89,-4.529999084190422,-7.086416864916771
2025-06-15 15:00:00+00:00,54.79,8.86,-16.71,12.816388647480352,9.521585645773229
2025-06-15 16:00:00+00:00,96.43,83.38,-0.01,63.316983200451915,68.43351751621229
2025-06-15 17:00:00+00:00,109.0,121.55,39.65,96.95345575087778,105.53898365301329
2025-06-15 18:00:00+00:00,114.59,127.27,60.88,107.28308589254246,115.64007679686357
2025-06-15 19:00:00+00:00,135.43,117.68,69.55,104.23438742452902,111.75542331189916
2025-06-15 20:00:00+00:00,127.63,121.39,65.07,104.01104427469019,114.32260242302496
2025-06-15 21:00:00+00:00,106.54,109.0,51.13,91.89179587712592,102.3103042680663
2025-06-15 22:00:00+00:00,105.72,91.93,4.8,81.31133799830552,92.02292808100822
2025-06-15 23:00:00+00:00,91.64,88.87,4.15,78.3849577485756,89.15221612258618
2025-06-16 00:00:00+00:00,86.94,87.23,4.19,77.21809727755314,87.13754366553293
2025-06-16 01:00:00+00:00,84.0,90.94,4.27,80.78504108109307,89.83829404058153
2025-06-16 02:00:00+00:00,83.28,91.99,13.42,86.22214439686208,92.61637679777044
2025-06-16 03:00:00+00:00,88.39,92.15,32.2,95.21724939243086,97.46019376903232
2025-06-16 04:00:00+00:00,112.43,84.99,44.97,102.3186246944529,100.56192545026443
2025-06-16 05:00:00+00:00,123.49,66.21,40.04,91.95423615458238,89.54822208639337
2025-06-16 06:00:00+00:00,108.92,53.86,2.97,75.06106896300902,78.49505817728188
2025-06-16 07:00:00+00:00,84.49,5.55,-0.62,40.81564097135324,46.57248509098189
2025-06-16 08:00:00+00:00,60.28,0.0,-1.14,27.995201026625267,41.54263281555283
2025-06-16 09:00:00+00:00,14.02,-0.02,-4.14,18.759921829961883,38.47709113082842
2025-06-16 10:00:00+00:00,1.62,-1.22,-10.0,10.269408505777506,32.40161446357177
2025-06-16 11:00:00+00:00,0.07,-5.61,-19.33,4.183867763133833,25.9095659311225
2025-06-16 12:00:00+00:00,0.0,-5.0,-15.76,3.1543456821455607,25.454702089373995
2025-06-16 14:00:00+00:00,13.61,-0.01,-1.0,12.800181693100512,30.42181135914052
2025-06-16 15:00:00+00:00,70.0,54.79,0.09,49.21974819369834,66.60026262212207
2025-06-16 16:00:00+00:00,89.24,96.43,69.54,95.99026552177841,110.4290796365746
2025-06-16 17:00:00+00:00,116.0,109.0,117.79,125.24980863913942,129.95070436555255
2025-06-16 18:00:00+00:00,186.1,114.59,141.4,139.87967353051542,137.66600329134744
2025-06-16 19:00:00+00:00,190.0,135.43,148.42,152.1554264405097,150.90280081415744
2025-06-16 20:00:00+00:00,129.18,127.63,126.52,141.93500507575794,141.9290201803251
2025-06-16 21:00:00+00:00,106.9,106.54,101.19,123.24115090413265,122.06907243875986
2025-06-16 22:00:00+00:00,103.98,105.72,86.65,111.22082827649196,108.57720961084424
2025-06-16 23:00:00+00:00,98.26,91.64,78.07,102.01812610863449,97.13035086956984
2025-06-17 00:00:00+00:00,94.95,86.94,69.66,98.60387069615717,92.0838893066273
2025-06-17 01:00:00+00:00,94.19,84.0,59.95,98.19896033646975,89.20946846304021
2025-06-17 02:00:00+00:00,95.24,83.28,54.16,100.73550391640038,88.45293651785822
2025-06-17 03:00:00+00:00,102.51,88.39,62.18,107.92377436289155,93.76885357111045
2025-06-17 04:00:00+00:00,118.76,112.43,74.62,125.2632708555195,115.09813506755101
2025-06-17 05:00:00+00:00,107.01,123.49,82.79,126.46997687543154,126.48356692859477
2025-06-17 06:00:00+00:00,98.59,108.92,83.17,105.8577085904638,118.23073300839593
2025-06-17 07:00:00+00:00,70.74,84.49,69.0,75.01633980955062,96.24463007918425
2025-06-17 08:00:00+00:00,4.34,60.28,22.21,44.30979665503976,72.36324773971923
2025-06-17 09:00:00+00:00,-0.61,14.02,0.1,11.597152524510221,38.568058867981456
2025-06-17 10:00:00+00:00,-0.86,1.62,-0.19,0.7543805484802704,28.59886530422193
2025-06-17 11:00:00+00:00,-4.91,0.07,-2.33,-3.8179080014355975,23.998723334744284
2025-06-17 12:00:00+00:00,-6.2,0.0,-4.26,-4.747499780247921,21.82595051122206
2025-06-17 14:00:00+00:00,8.65,13.61,0.03,14.293573098327784,30.4962558610096
2025-06-17 15:00:00+00:00,79.23,70.0,53.99,64.45368208606358,79.17757604324675
2025-06-17 16:00:00+00:00,103.36,89.24,69.6,95.08914637723136,98.26754444514522
2025-06-17 17:00:00+00:00,129.08,116.0,82.08,125.18299542330871,119.22953129864935
2025-06-17 18:00:00+00:00,241.8,186.1,83.97,168.00055751091853,166.10834558437227
2025-06-17 19:00:00+00:00,241.38,190.0,91.28,173.19653053453027,171.4385198217601
2025-06-17 20:00:00+00:00,138.19,129.18,97.94,140.33406720706853,131.75647723255003
2025-06-17 21:00:00+00:00,116.36,106.9,85.31,122.50771955046874,112.29242211523635
2025-06-17 22:00:00+00:00,113.0,103.98,73.01,107.56440504839617,96.88542219502145
2025-06-17 23:00:00+00:00,106.8,98.26,71.38,102.33596730969614,91.16611536608183
2025-06-18 00:00:00+00:00,101.5,94.95,70.58,99.86392603219583,88.24637419144939
2025-06-18 01:00:00+00:00,95.84,94.19,69.86,100.1489403070095,87.31090731658273
2025-06-18 02:00:00+00:00,97.01,95.24,73.59,103.7803989767637,88.9731425909312
2025-06-18 03:00:00+00:00,103.57,102.51,83.6,111.07727800766882,96.00173036325836
2025-06-18 04:00:00+00:00,112.35,118.76,101.26,125.13969204471678,114.96580011234013
2025-06-18 05:00:00+00:00,114.9,107.01,107.8,117.40110952704059,113.65577670174764
2025-06-18 06:00:00+00:00,111.39,98.59,85.09,99.15184282886446,106.41959763419811
2025-06-18 07:00:00+00:00,78.97,70.74,66.7,67.62940068520368,84.09131998515375
2025-06-18 08:00:00+00:00,21.77,4.34,22.98,14.714771895790335,32.34112996972454
2025-06-18 09:00:00+00:00,1.17,-0.61,1.3,-2.4020285877793697,20.66602133383236
2025-06-18 10:00:00+00:00,-0.23,-0.86,-0.36,-10.154952908297247,16.895572658304417
2025-06-18 11:00:00+00:00,-1.04,-4.91,-0.97,-16.140569911613596,11.930961154563889
2025-06-18 12:00:00+00:00,-2.3,-6.2,-3.4,-18.900917171465863,8.62800434707323
2025-06-18 14:00:00+00:00,0.99,8.65,-0.01,-2.4676729070610293,18.72620116619676
2025-06-18 15:00:00+00:00,74.0,79.23,66.47,54.08950848372932,78.67501531762339
2025-06-18 16:00:00+00:00,107.15,103.36,89.34,84.99454053991175,100.96103917931691
2025-06-18 17:00:00+00:00,116.4,129.08,132.28,118.50689526805704,127.55951596058611
2025-06-18 18:00:00+00:00,140.99,241.8,217.0,194.43442561225595,217.51082685052154
2025-06-18 19:00:00+00:00,175.32,241.38,180.0,191.3919399407756,213.19162957263273
2025-06-18 20:00:00+00:00,133.06,138.19,119.34,127.1988532210847,132.83323130303899
2025-06-18 21:00:00+00:00,115.35,116.36,94.07,108.24866483912768,111.80102100434593
2025-06-18 22:00:00+00:00,112.2,113.0,92.91,105.63374707628356,103.12798648481082
2025-06-18 23:00:00+00:00,106.4,106.8,87.7,98.81797434425317,96.68185373062218
2025-06-19 00:00:00+00:00,105.29,101.5,85.43,93.6320661872542,91.74729609066107
2025-06-19 01:00:00+00:00,99.51,95.84,84.85,89.36303737648446,87.04434810025461
2025-06-19 02:00:00+00:00,100.94,97.01,89.06,90.88218884186165,87.84325572086051
2025-06-19 03:00:00+00:00,95.68,103.57,92.0,93.72917257739068,90.81384647565379
2025-06-19 04:00:00+00:00,101.51,112.35,114.85,98.6273681008006,99.84196967619712
2025-06-19 05:00:00+00:00,89.25,114.9,104.3,90.12898290853428,100.67970367155057
2025-06-19 06:00:00+00:00,71.25,111.39,78.86,72.59193180107478,96.39943861344669
2025-06-19 07:00:00+00:00,0.86,78.97,36.09,36.78869531032313,68.3566907703241
2025-06-19 08:00:00+00:00,-1.33,21.77,0.0,-8.986536429508106,21.127816654487177
2025-06-19 09:00:00+00:00,-29.98,1.17,-2.0,-25.81447035625837,6.952360943552492
2025-06-19 10:00:00+00:00,-52.21,-0.23,-15.91,-32.915172841084086,2.594701773478107
2025-06-19 11:00:00+00:00,-65.44,-1.04,-27.9,-38.08125480617434,-2.0857036143977012
2025-06-19 12:00:00+00:00,-64.95,-2.3,-25.47,-39.23270764952866,-4.473916056091284
2025-06-19 13:00:00+00:00,-39.79,-2.17,-11.57,-33.61052036358316,-2.6764777410295864
2025-06-19 14:00:00+00:00,-4.95,0.99,-2.78,-22.371187970526364,2.280616785094523
2025-06-19 15:00:00+00:00,2.3,74.0,14.9,31.102295592821662,58.89972792643824
2025-06-19 16:00:00+00:00,80.33,107.15,79.96,75.72783591566284,93.31392136277339
2025-06-19 17:00:00+00:00,118.47,116.4,112.55,103.4694282120958,107.37948615292659
2025-06-19 18:00:00+00:00,138.85,140.99,132.0,129.69251681548292,134.8717145025166
2025-06-19 19:00:00+00:00,141.8,175.32,111.0,143.511939676491,154.27495020357713
2025-06-19 20:00:00+00:00,129.66,133.06,105.0,115.31376102174701,118.61065022576052
2025-06-19 21:00:00+00:00,108.89,115.35,86.9,100.62155383941932,102.19798604995599
2025-06-19 22:00:00+00:00,109.49,112.2,70.29,99.63481072023956,100.49061090101813
2025-06-19 23:00:00+00:00,104.57,106.4,55.25,95.4535060904492,93.55005255640869
2025-06-20 00:00:00+00:00,103.24,105.29,58.61,97.34445213567606,92.63318894994592
2025-06-20 01:00:00+00:00,105.01,99.51,63.42,97.75121131583418,88.58370614207041
2025-06-20 02:00:00+00:00,104.27,100.94,63.84,102.90041966436245,89.80141002361803
2025-06-20 03:00:00+00:00,109.04,95.68,70.71,104.12905143767283,87.41104357448734
2025-06-20 04:00:00+00:00,120.9,101.51,83.68,110.16614091207163,95.12077569808841
2025-06-20 05:00:00+00:00,118.66,89.25,87.26,98.79752065381506,90.66915735030129
2025-06-20 06:00:00+00:00,110.98,71.25,77.39,76.03880715258828,79.81462330737398
2025-06-20 07:00:00+00:00,81.69,0.86,40.03,22.12911034103348,28.06914505158882
2025-06-20 08:00:00+00:00,15.83,-1.33,4.1,2.436781162745177,16.9540137255115
2025-06-20 09:00:00+00:00,4.03,-29.98,-0.03,-20.676060871550078,-4.0580754804781805
2025-06-20 10:00:00+00:00,0.0,-52.21,-2.05,-36.306224143627645,-19.857567491328936
2025-06-20 11:00:00+00:00,-1.0,-65.44,-6.09,-44.75435351598372,-30.357273610991157
2025-06-20 12:00:00+00:00,-0.17,-64.95,-6.01,-43.18487667982109,-31.20553578146901
2025-06-20 13:00:00+00:00,0.91,-39.79,-2.38,-25.230206168048,-14.73114068095542
2025-06-20 14:00:00+00:00,28.99,-4.95,-0.01,1.7206750598082294,8.646582670189787
2025-06-20 15:00:00+00:00,87.35,2.3,35.9,28.69526491698042,25.323097594647564
2025-06-20 16:00:00+00:00,111.01,80.33,80.04,93.84133081943209,86.05455292202474
2025-06-20 17:00:00+00:00,136.13,118.47,108.9,132.88184980359227,116.69921726273978
2025-06-20 18:00:00+00:00,201.29,138.85,111.19,149.33778878460174,132.7862536255676
2025-06-20 19:00:00+00:00,178.63,141.8,94.9,148.245383719683,135.4770156843859
2025-06-20 20:00:00+00:00,137.05,129.66,90.0,135.2773768190545,123.39591650446312
2025-06-20 21:00:00+00:00,121.38,108.89,71.3,117.45413277826196,104.95941259852887
2025-06-20 22:00:00+00:00,118.52,109.49,73.99,115.97913322006622,104.61129497561194
2025-06-20 23:00:00+00:00,110.48,104.57,71.2,110.60004845588281,98.55400457639875
2025-06-21 00:00:00+00:00,108.15,103.24,66.15,107.41801977064287,94.55113288440421
2025-06-21 01:00:00+00:00,106.76,105.01,66.88,106.79439103071078,92.42262809043856
2025-06-21 02:00:00+00:00,109.1,104.27,68.06,105.48964819426956,88.79948557092618
2025-06-21 03:00:00+00:00,104.45,109.04,64.52,104.3086280913804,86.49986058529083
2025-06-21 04:00:00+00:00,100.71,120.9,54.68,104.25140403616912,90.40676182850778
2025-06-21 05:00:00+00:00,90.74,118.66,20.3,88.640518771462,82.58081086721357
2025-06-21 06:00:00+00:00,75.93,110.98,7.74,69.63726211010317,74.62782159002806
2025-06-21 07:00:00+00:00,23.4,81.69,0.0,37.69512421386435,48.689787259926455
2025-06-21 08:00:00+00:00,0.19,15.83,-2.02,-7.3118680190780765,4.7680888816206135
2025-06-21 09:00:00+00:00,-2.01,4.03,-9.08,-24.372140330583065,-7.717870983190821
2025-06-21 10:00:00+00:00,-13.96,0.0,-35.72,-36.57706500939261,-17.747075818390414
2025-06-21 11:00:00+00:00,-29.98,-1.0,-38.0,-40.84864109971119,-21.622113510358588
2025-06-21 12:00:00+00:00,-26.31,-0.17,-25.75,-38.135633392289805,-20.344654887930815
2025-06-21 13:00:00+00:00,-4.42,0.91,-6.7,-28.633589506406736,-14.66742281018864
2025-06-21 14:00:00+00:00,0.09,28.99,-0.37,-1.542788664507185,9.42453728653365
2025-06-21 15:00:00+00:00,59.99,87.35,8.86,45.878900398684976,52.14772769899075
2025-06-21 16:00:00+00:00,100.95,111.01,83.38,92.66832769013817,88.57534522840065
2025-06-21 17:00:00+00:00,127.9,136.13,121.55,130.75673048350163,117.5858776428905
2025-06-21 18:00:00+00:00,156.74,201.29,127.27,172.73330792911443,165.23315481454597
2025-06-21 19:00:00+00:00,165.3,178.63,117.68,161.36746896242408,151.95698503870986
2025-06-21 20:00:00+00:00,140.78,137.05,121.39,136.59361430526553,125.75882257473745
2025-06-21 21:00:00+00:00,119.2,121.38,109.0,120.6930548170519,111.81150677657658
2025-06-21 22:00:00+00:00,108.15,118.52,91.93,119.44948451385653,114.20655391300076
2025-06-21 23:00:00+00:00,101.07,110.48,88.87,109.80700751601846,106.0262968365389
2025-06-22 00:00:00+00:00,97.46,108.15,87.23,104.150514655427,101.72867604051682
2025-06-22 01:00:00+00:00,92.12,106.76,90.94,101.0466250840218,98.67998526936489
2025-06-22 02:00:00+00:00,89.69,109.1,91.99,100.39410935040229,97.14001930764552
2025-06-22 03:00:00+00:00,87.95,104.45,92.15,95.74840261550844,90.9135933163625
2025-06-22 04:00:00+00:00,71.98,100.71,84.99,88.3343469880678,85.91733518492939
2025-06-22 05:00:00+00:00,26.44,90.74,66.21,71.05148348503239,75.97249611365386
2025-06-22 06:00:00+00:00,0.0,75.93,53.86,49.108449741202236,63.79542893437311
2025-06-22 07:00:00+00:00,-0.09,23.4,5.55,6.967492303834177,21.008915926997545
2025-06-22 08:00:00+00:00,-11.11,0.19,0.0,-15.525475122200731,0.15049318318213523
2025-06-22 09:00:00+00:00,-38.56,-2.01,-0.02,-24.012878567073997,-2.5034807729452666
2025-06-22 10:00:00+00:00,-67.41,-13.96,-1.22,-34.183922591914865,-11.001274029486638
2025-06-22 11:00:00+00:00,-99.01,-29.98,-5.61,-43.242644129267205,-22.078075373136073
2025-06-22 12:00:00+00:00,-81.0,-26.31,-5.0,-38.57588184000352,-19.068643789373752
2025-06-22 13:00:00+00:00,-40.09,-4.42,-2.0,-20.26007951990161,-2.7409908290046587
2025-06-22 14:00:00+00:00,-7.68,0.09,-0.01,-5.439734926683471,5.913021410624978
2025-06-22 15:00:00+00:00,-0.01,59.99,54.79,47.43299172052846,60.470207984136344
2025-06-22 16:00:00+00:00,69.75,100.95,96.43,90.07219555183794,99.3306197732068
2025-06-22 17:00:00+00:00,109.33,127.9,109.0,122.0257061499221,125.0070600907223
2025-06-22 18:00:00+00:00,123.9,156.74,114.59,145.94802188146238,152.46681032496053
2025-06-22 19:00:00+00:00,134.33,165.3,135.43,151.64247898419234,160.92924034861596
2025-06-22 20:00:00+00:00,126.32,140.78,127.63,132.50728565747656,141.9157610730628
2025-06-22 21:00:00+00:00,101.63,119.2,106.54,112.88466972346924,123.51806270685051
2025-06-22 22:00:00+00:00,70.3,108.15,105.72,102.2157401245795,123.15502250321944
2025-06-22 23:00:00+00:00,63.8,101.07,91.64,95.38089438599575,115.76497794223647
2025-06-23 00:00:00+00:00,63.79,97.46,86.94,93.93807648507132,112.29044395905811
2025-06-23 01:00:00+00:00,64.51,92.12,84.0,94.37343128781676,108.51881853751814
2025-06-23 02:00:00+00:00,72.5,89.69,83.28,97.59042776971306,107.82251424555818
2025-06-23 03:00:00+00:00,84.92,87.95,88.39,101.55359056042451,109.23942460189849
2025-06-23 04:00:00+00:00,89.12,71.98,112.43,100.73273389578324,108.44784761845969
2025-06-23 05:00:00+00:00,92.24,26.44,123.49,75.97046371913247,84.63591345417576
2025-06-23 06:00:00+00:00,78.96,0.0,108.92,51.05889175999851,68.03726324343646
2025-06-23 07:00:00+00:00,18.64,-0.09,84.49,31.351538865595614,60.85585438229739
2025-06-23 08:00:00+00:00,-0.01,-11.11,60.28,12.135529738836311,47.29487786598484
2025-06-23 09:00:00+00:00,-6.11,-38.56,14.02,-14.662314649617542,21.74789716345265
2025-06-23 10:00:00+00:00,-12.76,-67.41,1.62,-37.141684346715095,-0.7006635229882363
2025-06-23 11:00:00+00:00,-26.45,-99.01,0.07,-58.291714606356436,-23.746727449009015
2025-06-23 12:00:00+00:00,-32.75,-81.0,0.0,-53.973578284267944,-13.364072981304957
2025-06-23 14:00:00+00:00,-25.0,-7.68,13.61,-17.89577629168477,35.77153176876583
2025-06-23 15:00:00+00:00,-13.11,-0.01,70.0,-0.8357044386370376,54.1077196641399
2025-06-23 16:00:00+00:00,-1.01,69.75,89.24,47.486040649776704,106.65879618013535
2025-06-23 17:00:00+00:00,20.0,109.33,116.0,84.79304951047301,139.84214979990628
2025-06-23 18:00:00+00:00,83.5,123.9,186.1,115.64295091713798,161.3607250109998
2025-06-23 19:00:00+00:00,90.0,134.33,190.0,128.3392577491589,168.45072898338378
2025-06-23 20:00:00+00:00,97.78,126.32,129.18,117.38840282542992,151.64840869184226
2025-06-23 21:00:00+00:00,89.53,101.63,106.9,99.18660492387946,129.08240447422727
2025-06-23 22:00:00+00:00,77.08,70.3,103.98,74.38826432123005,99.14614377525955
2025-06-23 23:00:00+00:00,66.79,63.8,98.26,67.93461824766715,92.42961062143698
2025-06-24 00:00:00+00:00,63.79,63.79,94.95,66.1848098891612,90.73985261874081
2025-06-24 01:00:00+00:00,58.12,64.51,94.19,66.67027896422664,90.67454652861055
2025-06-24 02:00:00+00:00,66.52,72.5,95.24,72.27172072544008,96.20550064000452
2025-06-24 03:00:00+00:00,69.75,84.92,102.51,82.05036101648388,106.33087718049515
2025-06-24 04:00:00+00:00,88.15,89.12,118.76,89.1341553112144,114.73779001805504
2025-06-24 05:00:00+00:00,88.02,92.24,107.01,85.42032617043417,115.28152821931178
2025-06-24 06:00:00+00:00,41.27,78.96,98.59,64.02230159994465,104.94141377542249
2025-06-24 07:00:00+00:00,-0.01,18.64,70.74,17.221483189590828,61.96927177105977
2025-06-24 08:00:00+00:00,-4.01,-0.01,4.34,-10.10455271474595,38.79326830734616
2025-06-24 09:00:00+00:00,-12.41,-6.11,-0.61,-18.54087410423844,30.821827691546645
2025-06-24 10:00:00+00:00,-20.09,-12.76,-0.86,-25.195670676108193,21.966692398107355
2025-06-24 11:00:00+00:00,-22.75,-26.45,-4.91,-36.66520364387955,6.530026670843384
2025-06-24 12:00:00+00:00,-19.27,-32.75,-6.2,-39.332534260751714,1.4392277092564143
2025-06-24 13:00:00+00:00,-7.56,-32.69,-2.56,-35.044849523166334,4.573583820836319
2025-06-24 14:00:00+00:00,-3.06,-25.0,8.65,-25.553248440517308,13.312212841276548
2025-06-24 15:00:00+00:00,2.09,-13.11,79.23,-4.535005752751374,31.972157595373204
2025-06-24 16:00:00+00:00,61.77,-1.01,103.36,23.17941873807203,49.88165103246832
2025-06-24 17:00:00+00:00,97.25,20.0,129.08,53.626637607749245,71.23529204012412
2025-06-24 18:00:00+00:00,123.9,83.5,241.8,106.28204524830433,128.784325218682
2025-06-24 19:00:00+00:00,122.49,90.0,241.38,108.94101941095367,133.390036092504
2025-06-24 20:00:00+00:00,97.41,97.78,138.19,95.13009474675316,122.77139946244043
2025-06-24 21:00:00+00:00,98.02,89.53,116.36,81.49503589991379,110.77155262987972
2025-06-24 22:00:00+00:00,78.85,77.08,113.0,58.93040495681335,89.4321864139025
2025-06-24 23:00:00+00:00,67.63,66.79,106.8,51.35311225792748,80.49047961175532
2025-06-25 00:00:00+00:00,70.02,63.79,101.5,49.9340998708476,77.31129534576681
2025-06-25 01:00:00+00:00,69.07,58.12,95.84,49.01757230364702,72.82154885128027
2025-06-25 02:00:00+00:00,70.01,66.52,97.01,57.95339310962348,79.42247686819492
2025-06-25 03:00:00+00:00,82.77,69.75,103.57,65.24724021676809,83.75882312485884
2025-06-25 04:00:00+00:00,105.72,88.15,112.35,80.64121369093715,101.67248737962933
2025-06-25 05:00:00+00:00,112.36,88.02,114.9,79.91746202086979,106.66763423175775
2025-06-25 06:00:00+00:00,97.87,41.27,111.39,47.70242163906515,77.2199107026566
2025-06-25 07:00:00+00:00,70.02,-0.01,78.97,9.493678241850262,41.35446899916162
2025-06-25 08:00:00+00:00,10.07,-4.01,21.77,-9.796213221725907,28.559589975992083
2025-06-25 09:00:00+00:00,0.07,-12.41,1.17,-22.78847654695005,18.746649559192917
2025-06-25 10:00:00+00:00,-0.02,-20.09,-0.23,-31.779951017617776,11.184291200676071
2025-06-25 11:00:00+00:00,-0.14,-22.75,-1.04,-35.62422805421761,6.7062303831721835
2025-06-25 12:00:00+00:00,-0.51,-19.27,-2.3,-34.4275059817119,6.380552152354966
2025-06-25 13:00:00+00:00,0.0,-7.56,-2.17,-24.869266576240904,12.501961160303381
2025-06-25 14:00:00+00:00,17.84,-3.06,0.99,-12.263279831832534,15.890870944659497
2025-06-25 15:00:00+00:00,84.47,2.09,74.0,16.31788225320099,31.19145895969217
2025-06-25 16:00:00+00:00,105.8,61.77,107.15,72.51326979761723,76.4321789559499
2025-06-25 17:00:00+00:00,134.19,97.25,116.4,113.51405403508724,103.7715075057758
2025-06-25 18:00:00+00:00,200.0,123.9,140.99,143.26213208365965,128.8917699950211
2025-06-25 19:00:00+00:00,247.02,122.49,175.32,149.37910239496915,131.98230530291093
2025-06-25 20:00:00+00:00,173.62,97.41,133.06,128.8326179919401,109.22940141851053
2025-06-25 21:00:00+00:00,126.84,98.02,115.35,121.69708513761246,104.42859693705073
2025-06-25 22:00:00+00:00,119.95,78.85,112.2,104.26723661458728,84.66976222799194
2025-06-25 23:00:00+00:00,107.63,67.63,106.4,94.44580441039267,74.95441343236568
2025-06-26 00:00:00+00:00,102.83,70.02,105.29,93.1129799203228,75.429464420166
2025-06-26 01:00:00+00:00,98.62,69.07,99.51,90.52166243748677,73.20782810078497
2025-06-26 02:00:00+00:00,98.79,70.01,100.94,91.79851437193837,74.7525726623316
2025-06-26 03:00:00+00:00,102.91,82.77,95.68,99.09922790239509,83.82082685938438
2025-06-26 04:00:00+00:00,119.9,105.72,101.51,114.09003571681788,105.64253617790476
2025-06-26 05:00:00+00:00,120.91,112.36,89.25,114.32646340177476,112.66828708624875
2025-06-26 06:00:00+00:00,106.79,97.87,71.25,98.16769316372543,99.63360203456573
2025-06-26 07:00:00+00:00,96.45,70.02,0.86,65.62335008132317,68.90905258851271
2025-06-26 08:00:00+00:00,88.95,10.07,-1.33,27.687789686814625,28.619085256611115
2025-06-26 09:00:00+00:00,77.88,0.07,-29.98,14.081831785942853,16.62744719562926
2025-06-26 10:00:00+00:00,70.25,-0.02,-52.21,7.065375931029735,10.807675723230489
2025-06-26 11:00:00+00:00,59.25,-0.14,-65.44,2.424231581550856,6.348659471802776
2025-06-26 12:00:00+00:00,51.12,-0.51,-64.95,1.0082052715620762,4.281141650061002
2025-06-26 13:00:00+00:00,48.99,0.0,-39.79,3.812768126493779,7.2856483285374765
2025-06-26 14:00:00+00:00,63.04,17.84,-4.95,16.801172207613035,23.5963036740131
2025-06-26 15:00:00+00:00,70.3,84.47,2.3,52.35224802058039,68.7175782737249
2025-06-26 16:00:00+00:00,89.23,105.8,80.33,79.7945925027792,98.89862783741924
2025-06-26 17:00:00+00:00,93.95,134.19,118.47,106.3212473620478,126.71280070632707
2025-06-26 18:00:00+00:00,99.14,200.0,138.85,146.44767336238925,174.38805412443662
2025-06-26 19:00:00+00:00,100.0,247.02,141.8,170.33648689297448,205.00172329286136
2025-06-26 20:00:00+00:00,108.64,173.62,129.66,126.59164311142767,152.84312200318126
2025-06-26 21:00:00+00:00,97.23,126.84,108.89,94.172740031875,117.78931358766583
2025-06-26 22:00:00+00:00,84.5,119.95,109.49,85.38387406147231,114.54051619318966
2025-06-26 23:00:00+00:00,78.83,107.63,104.57,76.44244828333487,103.9221322443011
2025-06-27 00:00:00+00:00,75.67,102.83,103.24,74.65954716352954,99.97589268395022
2025-06-27 01:00:00+00:00,80.41,98.62,105.01,75.99160967948362,97.07598779154323
2025-06-27 02:00:00+00:00,82.39,98.79,104.27,81.09088932310651,97.31071892512428
2025-06-27 03:00:00+00:00,88.9,102.91,109.04,89.94878245947355,102.68297704908825
2025-06-27 04:00:00+00:00,105.58,119.9,120.9,107.25675880917433,122.06407693486267
2025-06-27 05:00:00+00:00,113.2,120.91,118.66,109.72150943438783,126.97974499299548
2025-06-27 06:00:00+00:00,107.7,106.79,110.98,98.79996034594288,116.82407402159751
2025-06-27 07:00:00+00:00,90.94,96.45,81.69,83.69525039316491,103.42116377069374
2025-06-27 08:00:00+00:00,79.12,88.95,15.83,63.765530666529,83.5630329435345
2025-06-27 09:00:00+00:00,67.45,77.88,4.03,51.78219467983627,72.2322640571012
2025-06-27 10:00:00+00:00,54.53,70.25,0.0,42.30232217966173,64.01924421952168
2025-06-27 11:00:00+00:00,28.3,59.25,-1.0,31.72144345786907,53.63198281640744
2025-06-27 12:00:00+00:00,7.87,51.12,-0.17,23.64408911151881,45.489727989008976
2025-06-27 13:00:00+00:00,9.88,48.99,0.91,22.268932236788118,43.044662059363795
2025-06-27 14:00:00+00:00,29.92,63.04,28.99,35.567560229815534,56.322287151147414
2025-06-27 15:00:00+00:00,70.68,70.3,87.35,56.97079436224792,75.13656296108266
2025-06-27 16:00:00+00:00,91.73,89.23,111.01,82.23858092257814,93.81165968072047
2025-06-27 17:00:00+00:00,107.15,93.95,136.13,103.25027004581703,104.04414829488456
2025-06-27 18:00:00+00:00,124.86,99.14,201.29,124.91465021093487,121.15127057309154
2025-06-27 19:00:00+00:00,134.94,100.0,178.63,123.39213722085016,120.54683717874076
2025-06-27 20:00:00+00:00,126.24,108.64,137.05,115.33959523078691,113.3449584213601
2025-06-27 21:00:00+00:00,107.7,97.23,121.38,100.75003261702106,98.37728127080227
2025-06-27 22:00:00+00:00,94.7,84.5,118.52,88.05442348145674,87.56867316011804
2025-06-27 23:00:00+00:00,89.61,78.83,110.48,77.54239452021007,79.35818479272662
2025-06-28 00:00:00+00:00,82.02,75.67,108.15,69.94763438543504,74.04639625729837
2025-06-28 01:00:00+00:00,76.59,80.41,106.76,67.7643903712954,73.61372719259425
2025-06-28 02:00:00+00:00,70.27,82.39,109.1,66.47662297308747,72.06023087738589
2025-06-28 03:00:00+00:00,75.4,88.9,104.45,65.06985595801194,71.19826786250309
2025-06-28 04:00:00+00:00,74.0,105.58,100.71,68.15969533569458,79.77171342374851
2025-06-28 05:00:00+00:00,58.84,113.2,90.74,63.86634374393649,82.36922153808774
2025-06-28 06:00:00+00:00,27.8,107.7,75.93,49.34216498645675,76.18977013266097
2025-06-28 07:00:00+00:00,2.34,90.94,23.4,22.5662336468895,57.54076993974233
2025-06-28 08:00:00+00:00,0.01,79.12,0.19,4.41746182143001,45.166596272522085
2025-06-28 09:00:00+00:00,-0.04,67.45,-2.01,-4.083337125318863,35.90704879051121
2025-06-28 10:00:00+00:00,-1.0,54.53,-13.96,-14.850355541717619,24.407774696044243
2025-06-28 11:00:00+00:00,-2.01,28.3,-29.98,-30.730976782434468,3.95393927081696
2025-06-28 12:00:00+00:00,-3.09,7.87,-26.31,-38.906623162151845,-8.780599551648848
2025-06-28 13:00:00+00:00,-1.01,9.88,-4.42,-31.511322070409022,-3.5043877219393664
2025-06-28 14:00:00+00:00,-1.0,29.92,0.09,-13.969073492707878,13.837284423705682
2025-06-28 15:00:00+00:00,2.97,70.68,59.99,23.25272983379851,52.809982712626294
2025-06-28 16:00:00+00:00,62.73,91.73,100.95,58.11538825787906,78.45349354991717
2025-06-28 17:00:00+00:00,95.03,107.15,127.9,85.99010340205177,96.06498091382453
2025-06-28 18:00:00+00:00,108.99,124.86,156.74,108.86209624987788,114.5864634272572
2025-06-28 19:00:00+00:00,123.86,134.94,165.3,118.12430441542732,124.03071073037768
2025-06-28 20:00:00+00:00,119.84,126.24,140.78,109.49438751211787,116.2962750191771
2025-06-28 21:00:00+00:00,103.5,107.7,119.2,94.25031449257084,99.83087774302427
2025-06-28 22:00:00+00:00,95.07,94.7,108.15,89.06602061568393,96.65271355434702
2025-06-28 23:00:00+00:00,89.42,89.61,101.07,82.08067618829678,89.49980566621701
2025-06-29 00:00:00+00:00,89.66,82.02,97.46,75.71713686724891,81.37729230218174
2025-06-29 01:00:00+00:00,86.82,76.59,92.12,71.39208748294477,74.57152233964779
2025-06-29 02:00:00+00:00,85.31,70.27,89.69,67.9467394601451,67.11628870503321
2025-06-29 03:00:00+00:00,85.3,75.4,87.95,69.67509429089661,66.39995946713404
2025-06-29 04:00:00+00:00,86.39,74.0,71.98,66.70123289967708,62.43118540419045
2025-06-29 05:00:00+00:00,74.92,58.84,26.44,47.82886067211312,46.251902622601804
2025-06-29 06:00:00+00:00,47.52,27.8,0.0,17.339517232051392,22.11274217134779
2025-06-29 07:00:00+00:00,1.99,2.34,-0.09,-7.612528994126805,4.929154888991718
2025-06-29 08:00:00+00:00,0.0,0.01,-11.11,-19.969957461204203,0.8568127045289629
2025-06-29 09:00:00+00:00,-0.26,-0.04,-38.56,-30.53524251753889,-3.908262194673938
2025-06-29 10:00:00+00:00,-5.4,-1.0,-67.41,-39.14599680303172,-10.11055692937606
2025-06-29 11:00:00+00:00,-20.1,-2.01,-99.01,-46.29200059250178,-17.890941860727537
2025-06-29 12:00:00+00:00,-24.01,-3.09,-81.0,-45.27209342944411,-17.76853051120827
2025-06-29 13:00:00+00:00,-15.45,-1.01,-40.09,-35.23174755950399,-9.24234185317772
2025-06-29 14:00:00+00:00,-2.69,-1.0,-7.68,-22.89966792223406,0.09117813783601036
2025-06-29 15:00:00+00:00,0.01,2.97,-0.01,-5.138191183892317,11.988566561609218
2025-06-29 16:00:00+00:00,77.44,62.73,69.75,53.48660897343158,66.68204960888701
2025-06-29 17:00:00+00:00,102.14,95.03,109.33,93.86981260427437,98.5454398491567
2025-06-29 18:00:00+00:00,111.98,108.99,123.9,114.24355326123455,114.4839706321124
2025-06-29 19:00:00+00:00,118.07,123.86,134.33,125.71528943140102,128.34531780076415
2025-06-29 20:00:00+00:00,113.73,119.84,126.32,120.83069660233454,124.83205616562691
2025-06-29 21:00:00+00:00,101.0,103.5,101.63,106.82542103219724,108.90106701415068
2025-06-29 22:00:00+00:00,98.73,95.07,70.3,100.17090813820991,105.2692088639307
2025-06-29 23:00:00+00:00,89.03,89.42,63.8,97.58929533668271,100.01338200730487
2025-06-30 00:00:00+00:00,85.03,89.66,63.79,99.07313808963899,99.17293882526336
2025-06-30 01:00:00+00:00,84.13,86.82,64.51,100.71231043352645,97.21333202526986
2025-06-30 02:00:00+00:00,86.51,85.31,72.5,105.19582121392224,97.44986915770336
2025-06-30 03:00:00+00:00,97.41,85.3,84.92,112.97906444306753,101.93614868660264
2025-06-30 04:00:00+00:00,114.9,86.39,89.12,121.84118689477003,110.04166806125203
2025-06-30 05:00:00+00:00,111.7,74.92,92.24,113.86307333817122,106.59464242297094
2025-06-30 06:00:00+00:00,108.52,47.52,78.96,87.35373299947743,87.23258783047714
2025-06-30 07:00:00+00:00,91.77,1.99,18.64,42.55646799990485,47.70675102513429
2025-06-30 08:00:00+00:00,74.65,0.0,-0.01,26.87773681952376,42.54593929296069
2025-06-30 09:00:00+00:00,43.73,-0.26,-6.11,17.167333797908498,40.07520805174881
2025-06-30 10:00:00+00:00,19.05,-5.4,-12.76,7.191132432893028,33.63074208749186
2025-06-30 11:00:00+00:00,9.96,-20.1,-26.45,-3.566430942863974,20.884544685149734
2025-06-30 12:00:00+00:00,19.65,-24.01,-32.75,-5.3161339823215314,15.280707927610436
2025-06-30 13:00:00+00:00,60.0,-15.45,-32.69,4.292275481887401,19.776131843017524
2025-06-30 14:00:00+00:00,80.5,-2.69,-25.0,20.793770581399656,28.83118495050745
2025-06-30 15:00:00+00:00,91.98,0.01,-13.11,38.778158242109775,33.51370146053136
2025-06-30 16:00:00+00:00,110.01,77.44,-1.01,98.85203735881127,91.18114209367334
2025-06-30 17:00:00+00:00,178.94,102.14,20.0,129.90562711414637,114.22053711750591
2025-06-30 18:00:00+00:00,288.97,111.98,83.5,146.46444717675195,130.6260067197162
2025-06-30 19:00:00+00:00,233.35,118.07,90.0,145.53979073160644,135.71835184769964
2025-06-30 20:00:00+00:00,157.0,113.73,97.78,134.66498361576217,131.81982364115774
2025-06-30 21:00:00+00:00,122.65,101.0,89.53,118.42417125445385,119.0897967320137
2025-06-30 22:00:00+00:00,111.28,98.73,77.08,99.83866658095798,107.6365931015498
2025-06-30 23:00:00+00:00,95.29,89.03,66.79,90.2915079126247,98.69277705064871
2025-07-01 00:00:00+00:00,89.1,85.03,63.79,86.49459464324839,94.77338062421497
2025-07-01 01:00:00+00:00,88.08,84.13,58.12,86.49913605448968,93.16248145259647
2025-07-01 02:00:00+00:00,90.01,86.51,66.52,91.81842970018987,96.1403366480747
2025-07-01 03:00:00+00:00,96.5,97.41,69.75,101.88323635131273,104.44291531219946
2025-07-01 04:00:00+00:00,114.97,114.9,88.15,119.42954755680685,123.12236095042027
2025-07-01 05:00:00+00:00,120.11,111.7,88.02,117.39740012167728,124.60683608274356
2025-07-01 06:00:00+00:00,114.72,108.52,41.27,101.13850676290328,115.64767193350286
2025-07-01 07:00:00+00:00,91.19,91.77,-0.01,74.28233338084569,95.0434378829915
2025-07-01 08:00:00+00:00,84.31,74.65,-4.01,54.40999201968083,81.73766047325749
2025-07-01 09:00:00+00:00,69.56,43.73,-12.41,30.66765125753922,59.3727115180152
2025-07-01 10:00:00+00:00,44.54,19.05,-20.09,11.96467230605154,39.74081327865229
2025-07-01 11:00:00+00:00,42.47,9.96,-22.75,4.269206588621145,29.700100886449988
2025-07-01 12:00:00+00:00,57.65,19.65,-19.27,10.780884326173336,33.531474538243536
2025-07-01 13:00:00+00:00,78.14,60.0,-7.56,37.22875871165466,60.04560777879032
2025-07-01 14:00:00+00:00,90.8,80.5,-3.06,56.5584624804507,73.9785155087695
2025-07-01 15:00:00+00:00,102.02,91.98,2.09,75.3340686100353,82.16878327817088
2025-07-01 16:00:00+00:00,152.08,110.01,61.77,112.20551686258452,109.69644127072542
2025-07-01 17:00:00+00:00,307.27,178.94,97.25,166.82868390442962,162.90065180592813
2025-07-01 18:00:00+00:00,476.19,288.97,123.9,232.27544619602043,240.44901107042526
2025-07-01 19:00:00+00:00,406.81,233.35,122.49,202.74922560176958,205.39260996664638
2025-07-01 20:00:00+00:00,250.01,157.0,97.41,153.24436663496385,151.64781254072395
2025-07-01 21:00:00+00:00,147.65,122.65,98.02,126.75783809150364,126.77282316111827
2025-07-01 22:00:00+00:00,119.29,111.28,78.85,99.64319685186138,105.31081167201219
2025-07-01 23:00:00+00:00,102.7,95.29,67.63,86.44143015192154,92.10663654527384
2025-07-02 00:00:00+00:00,92.54,89.1,70.02,82.82404099416286,87.58862923387454
2025-07-02 01:00:00+00:00,92.08,88.08,69.07,84.01478995953254,86.3158758409224
2025-07-02 02:00:00+00:00,91.71,90.01,70.01,89.84322000886024,88.38120725868546
2025-07-02 03:00:00+00:00,100.55,96.5,82.77,101.02508225166835,96.5751317796261
2025-07-02 04:00:00+00:00,116.43,114.97,105.72,120.2671806594211,117.90789222307772
2025-07-02 05:00:00+00:00,110.42,120.11,112.36,124.02143620983048,126.55562633294693
2025-07-02 06:00:00+00:00,104.52,114.72,97.87,111.94925799565917,123.27530416787798
2025-07-02 07:00:00+00:00,92.62,91.19,70.02,84.43605444794552,102.75891177146801
2025-07-02 08:00:00+00:00,81.06,84.31,10.07,61.7068345226388,87.47078826115774
2025-07-02 09:00:00+00:00,69.93,69.56,0.07,43.59438982519619,72.8278919132343
2025-07-02 10:00:00+00:00,36.12,44.54,-0.02,23.707454998971002,52.06112703986344
2025-07-02 11:00:00+00:00,32.59,42.47,-0.14,20.00107583268047,48.01283469865506
2025-07-02 12:00:00+00:00,46.61,57.65,-0.51,27.865976745264547,55.53549567263389
2025-07-02 13:00:00+00:00,71.49,78.14,0.0,43.54032436812619,70.1404823339876
2025-07-02 14:00:00+00:00,79.6,90.8,17.84,60.645348341834406,81.70990831890491
2025-07-02 15:00:00+00:00,89.27,102.02,84.47,86.32188484707608,99.33944636551571
2025-07-02 16:00:00+00:00,113.99,152.08,105.8,126.98435922307968,137.7827984962456
2025-07-02 17:00:00+00:00,186.01,307.27,134.19,221.36552526118288,249.51877063588813
2025-07-02 18:00:00+00:00,240.07,476.19,200.0,325.45199094660813,378.45619038974223
2025-07-02 19:00:00+00:00,180.21,406.81,247.02,296.44807128220805,337.6250845017779
2025-07-02 20:00:00+00:00,134.93,250.01,173.62,202.95134866388665,220.09995738795016
2025-07-02 21:00:00+00:00,108.5,147.65,126.84,139.06648436250288,143.5840457920707
2025-07-02 22:00:00+00:00,83.49,119.29,119.95,107.7720878261645,119.43430339869496
2025-07-02 23:00:00+00:00,81.15,102.7,107.63,94.82069548825277,104.8736067861162
2025-07-03 00:00:00+00:00,79.0,92.54,102.83,87.66767387188858,96.49419677298604
2025-07-03 01:00:00+00:00,78.93,92.08,98.62,87.6124522605389,95.35814206130587
2025-07-03 02:00:00+00:00,80.88,91.71,98.79,90.16868777331077,95.29147353341793
2025-07-03 03:00:00+00:00,86.45,100.55,102.91,98.84362332287182,102.45690624375769
2025-07-03 04:00:00+00:00,104.92,116.43,119.9,113.99582920033264,120.38264033977133
2025-07-03 05:00:00+00:00,108.03,110.42,120.91,111.39576947765819,120.54784654015668
2025-07-03 06:00:00+00:00,104.9,104.52,106.79,102.42727495339624,116.04640449825655
2025-07-03 07:00:00+00:00,90.45,92.62,96.45,88.28146793510744,105.12036957759513
2025-07-03 08:00:00+00:00,75.06,81.06,88.95,75.07357167844144,94.96273262065648
2025-07-03 09:00:00+00:00,57.35,69.93,77.88,62.468055150283234,83.97546969183747
2025-07-03 10:00:00+00:00,42.16,36.12,70.25,39.779954911927746,57.66180270791954
2025-07-03 11:00:00+00:00,33.91,32.59,59.25,33.8595975455345,52.32384322597378
2025-07-03 12:00:00+00:00,24.72,46.61,51.12,38.45336158547447,59.71238956776342
2025-07-03 13:00:00+00:00,37.86,71.49,48.99,52.33003489947896,75.89014568031692
2025-07-03 14:00:00+00:00,58.57,79.6,63.04,64.6456398482716,83.92777744959628
2025-07-03 15:00:00+00:00,81.0,89.27,70.3,81.48104926161797,92.59178526490177
2025-07-03 16:00:00+00:00,95.19,113.99,89.23,113.91673630107881,117.11708481375034
2025-07-03 17:00:00+00:00,107.2,186.01,93.95,169.49734961994704,176.72397274743525
2025-07-03 18:00:00+00:00,146.96,240.07,99.14,205.6749781266678,223.75748515299887
2025-07-03 19:00:00+00:00,166.67,180.21,100.0,169.1601150264862,178.22203966467129
2025-07-03 20:00:00+00:00,133.3,134.93,108.64,137.16562169672977,136.97707259764306
2025-07-03 21:00:00+00:00,117.03,108.5,97.23,115.0785268909141,108.87096320028593
2025-07-03 22:00:00+00:00,111.01,83.49,84.5,103.04014387259018,92.57103144483548
2025-07-03 23:00:00+00:00,105.45,81.15,78.83,100.17775264604583,88.20600393839597
2025-07-04 00:00:00+00:00,101.31,79.0,75.67,98.81615675936581,84.98209785811069
2025-07-04 01:00:00+00:00,98.44,78.93,80.41,101.07912581806826,85.19931070405447
2025-07-04 02:00:00+00:00,103.2,80.88,82.39,105.59999713000458,87.07825566250332
2025-07-04 03:00:00+00:00,106.63,86.45,88.9,113.34985084383517,93.5194469414021
2025-07-04 04:00:00+00:00,122.38,104.92,105.58,130.17296370073313,114.08958279509329
2025-07-04 05:00:00+00:00,116.46,108.03,113.2,129.52236236482827,120.33197843911012
2025-07-04 06:00:00+00:00,100.0,104.9,107.7,115.46413626127169,118.58559256931197
2025-07-04 07:00:00+00:00,91.15,90.45,90.94,89.58866604964874,105.44196908516707
2025-07-04 08:00:00+00:00,70.01,75.06,79.12,65.52239223584377,91.74597278138859
2025-07-04 09:00:00+00:00,6.69,57.35,67.45,45.340925959220414,77.38047885390074
2025-07-04 10:00:00+00:00,-0.05,42.16,54.53,27.868083933826114,61.13724906877011
2025-07-04 11:00:00+00:00,-1.56,33.91,28.3,16.319529526288605,49.71476452835014
2025-07-04 12:00:00+00:00,-1.37,24.72,7.87,8.365410443167875,40.29904146372079
2025-07-04 13:00:00+00:00,-0.61,37.86,9.88,18.339928626204227,49.99906951577049
2025-07-04 14:00:00+00:00,2.39,58.57,29.92,38.18817341466442,66.23276502708566
2025-07-04 15:00:00+00:00,62.04,81.0,70.68,67.94786962331862,88.11405859092345
2025-07-04 16:00:00+00:00,88.68,95.19,91.73,96.5431572130154,103.88351628917586
2025-07-04 17:00:00+00:00,110.0,107.2,107.15,122.33911116403809,119.71192707024618
2025-07-04 18:00:00+00:00,130.74,146.96,124.86,151.7664296190996,151.02341400304405
2025-07-04 19:00:00+00:00,150.1,166.67,134.94,161.2973353752223,159.7839577737777
2025-07-04 20:00:00+00:00,129.68,133.3,126.24,138.4354402084229,132.6136675118993
2025-07-04 21:00:00+00:00,107.99,117.03,107.7,121.94850710924521,115.88202934612124
2025-07-04 22:00:00+00:00,104.2,111.01,94.7,108.19382941428265,106.52429126181336
2025-07-04 23:00:00+00:00,94.98,105.45,89.61,98.1304822050147,99.1706092499627
2025-07-05 00:00:00+00:00,96.5,101.31,82.02,89.59706294829942,92.66463693030545
2025-07-05 01:00:00+00:00,93.4,98.44,76.59,83.55930679687754,87.05959219296602
2025-07-05 02:00:00+00:00,94.5,103.2,70.27,82.18805590099795,86.00548491111297
2025-07-05 03:00:00+00:00,83.49,106.63,75.4,81.01242485285792,85.17006343580958
2025-07-05 04:00:00+00:00,84.47,122.38,74.0,83.9966864206199,93.99406876220988
2025-07-05 05:00:00+00:00,43.77,116.46,58.84,71.34104752115762,87.42646780749544
2025-07-05 06:00:00+00:00,17.86,100.0,27.8,50.40696086164593,72.56800627391405
2025-07-05 07:00:00+00:00,3.34,91.15,2.34,32.29617458318681,61.977733058962464
2025-07-05 08:00:00+00:00,0.0,70.01,0.01,11.644401706958348,45.75984541493749
2025-07-05 09:00:00+00:00,-0.08,6.69,-0.04,-22.60694457637223,3.2773407272556483
2025-07-05 10:00:00+00:00,-1.01,-0.05,-1.0,-29.712175876272994,-3.16699519473741
2025-07-05 11:00:00+00:00,-2.05,-1.56,-2.01,-33.706060534646326,-5.57053957296209
2025-07-05 12:00:00+00:00,-2.11,-1.37,-3.09,-35.09436801430735,-6.232491354439162
2025-07-05 13:00:00+00:00,-2.01,-0.61,-1.01,-30.638179900601628,-2.7836143952810346
2025-07-05 14:00:00+00:00,-2.26,2.39,-1.0,-19.625385788925357,4.320940394742067
2025-07-05 15:00:00+00:00,0.0,62.04,2.97,20.442711189747328,49.63464969081899
2025-07-05 16:00:00+00:00,41.25,88.68,62.73,59.17650012011797,80.51794479495844
2025-07-05 17:00:00+00:00,85.0,110.0,95.03,93.03194708463359,103.86166431032079
2025-07-05 18:00:00+00:00,111.01,130.74,108.99,118.37681145375497,124.7793084104429
2025-07-05 19:00:00+00:00,122.96,150.1,123.86,134.48597846924974,142.28565351909214
2025-07-05 20:00:00+00:00,117.14,129.68,119.84,121.93498932015945,126.83743225860738
2025-07-05 21:00:00+00:00,108.21,107.99,103.5,105.74111236077694,108.6268586449454
2025-07-05 22:00:00+00:00,95.15,104.2,95.07,104.49427772524783,111.23430280586717
2025-07-05 23:00:00+00:00,89.5,94.98,89.42,95.40031661074778,101.82604981044658
2025-07-06 00:00:00+00:00,85.94,96.5,89.66,92.91996616018645,99.96156997203694
2025-07-06 01:00:00+00:00,83.95,93.4,86.82,88.71628362211722,94.42542881230023
2025-07-06 02:00:00+00:00,82.6,94.5,85.31,88.03731630168836,92.03481166059335
2025-07-06 03:00:00+00:00,82.0,83.49,85.3,81.59500163608355,81.61049972808092
2025-07-06 04:00:00+00:00,78.46,84.47,86.39,80.27583754073137,81.48115897230221
2025-07-06 05:00:00+00:00,77.57,43.77,74.92,55.07948889314199,52.74285589093524
2025-07-06 06:00:00+00:00,70.57,17.86,47.52,33.15664047724655,31.245089745419207
2025-07-06 07:00:00+00:00,38.81,3.34,1.99,13.345566703399115,15.273046803524153
2025-07-06 08:00:00+00:00,19.21,0.0,0.0,5.4100589998326285,11.210300721161843
2025-07-06 09:00:00+00:00,13.19,-0.08,-0.26,-0.1691044813778717,5.616931907976152
2025-07-06 10:00:00+00:00,10.26,-1.01,-5.4,-3.4954305818748423,2.6359938722160337
2025-07-06 11:00:00+00:00,5.85,-2.05,-20.1,-5.321477751320984,-1.1591187361747046
2025-07-06 12:00:00+00:00,11.2,-2.11,-24.01,-2.763776382649624,-2.192317527502013
2025-07-06 13:00:00+00:00,50.57,-2.01,-15.45,4.69193921894167,0.3565279092262301
2025-07-06 14:00:00+00:00,70.77,-2.26,-2.69,16.154007478412865,5.211839131554939
2025-07-06 15:00:00+00:00,100.29,0.0,0.01,32.09099952598514,16.794843439933246
2025-07-06 16:00:00+00:00,107.37,41.25,77.44,74.33421880096788,60.62661187913303
2025-07-06 17:00:00+00:00,112.16,85.0,102.14,110.22483167777278,98.72908115224557
2025-07-06 18:00:00+00:00,120.32,111.01,111.98,132.2302816446335,122.92118063721784
2025-07-06 19:00:00+00:00,125.04,122.96,118.07,139.85604695360058,134.84661154128008
2025-07-06 20:00:00+00:00,122.21,117.14,113.73,133.3990806746398,130.04769451566654
2025-07-06 21:00:00+00:00,110.78,108.21,101.0,122.37979300938835,120.16435632708226
2025-07-06 22:00:00+00:00,118.84,95.15,98.73,117.97922368413641,117.20352240543713
2025-07-06 23:00:00+00:00,107.42,89.5,89.03,113.23344807568265,111.29920396566202
2025-07-07 00:00:00+00:00,101.92,85.94,85.03,111.5311458930246,108.39797396991867
2025-07-07 01:00:00+00:00,99.12,83.95,84.13,112.30466896978174,106.80215342457802
2025-07-07 02:00:00+00:00,101.0,82.6,86.51,115.55590147374272,106.93589776689471
2025-07-07 03:00:00+00:00,108.22,82.0,97.41,122.70245232258772,110.13527214741255
2025-07-07 04:00:00+00:00,134.2,78.46,114.9,132.35043090994114,117.34342876083468
2025-07-07 05:00:00+00:00,143.67,77.57,111.7,133.3013099484499,117.73509935003975
2025-07-07 06:00:00+00:00,152.29,70.57,108.52,125.99031669994703,112.22056971352725
2025-07-07 07:00:00+00:00,131.99,38.81,91.77,101.53777755124324,88.02008773092953
2025-07-07 08:00:00+00:00,108.64,19.21,74.65,81.98453940964784,71.40222589120744
2025-07-07 09:00:00+00:00,108.98,13.19,43.73,67.75921591029889,61.57975964093912
2025-07-07 10:00:00+00:00,90.24,10.26,19.05,54.720291234882325,53.81045923538989
2025-07-07 11:00:00+00:00,71.0,5.85,9.96,44.138651406257424,47.740200971339384
2025-07-07 12:00:00+00:00,53.02,11.2,19.65,42.546665858633716,50.43671701488682
2025-07-07 13:00:00+00:00,50.67,50.57,60.0,64.25482980275555,79.46782989960009
2025-07-07 14:00:00+00:00,52.51,70.77,80.5,78.36370884163662,94.81484581976197
2025-07-07 15:00:00+00:00,72.3,100.29,91.98,98.88906233771952,115.87345202685944
2025-07-07 16:00:00+00:00,87.95,107.37,110.01,114.07527950911052,127.16450568389979
2025-07-07 17:00:00+00:00,92.27,112.16,178.94,135.2140154807913,144.9453526236421
2025-07-07 18:00:00+00:00,97.28,120.32,288.97,156.94777065728087,167.24085599509334
2025-07-07 19:00:00+00:00,109.92,125.04,233.35,150.97084931707758,163.2750958081195
2025-07-07 20:00:00+00:00,110.09,122.21,157.0,134.9824705892919,149.47821061694873
2025-07-07 21:00:00+00:00,95.82,110.78,122.65,118.38407320928171,134.4380114406956
2025-07-07 22:00:00+00:00,103.83,118.84,111.28,117.08568172750383,129.4562363715794
2025-07-07 23:00:00+00:00,92.9,107.42,95.29,108.38935487369109,118.85582507496493
2025-07-08 00:00:00+00:00,86.13,101.92,89.1,103.67360110254218,113.29457460565732
2025-07-08 01:00:00+00:00,84.78,99.12,88.08,102.64808184596443,110.90161461732332
2025-07-08 02:00:00+00:00,85.37,101.0,90.01,106.02685550096244,112.43867913966004
2025-07-08 03:00:00+00:00,91.14,108.22,96.5,115.08195020643187,119.09367078849952
2025-07-08 04:00:00+00:00,107.99,134.2,114.97,137.74772776262046,142.75325251708455
2025-07-08 05:00:00+00:00,118.65,143.67,120.11,147.7401140070034,154.03774879029984
2025-07-08 06:00:00+00:00,117.76,152.29,114.72,148.73479844827668,159.76411084405055
2025-07-08 07:00:00+00:00,94.06,131.99,91.19,127.25466925775164,140.2902171212831
2025-07-08 08:00:00+00:00,81.78,108.64,84.31,106.41745874512368,121.44778233399302
2025-07-08 09:00:00+00:00,78.44,108.98,69.56,97.66349929924483,117.05961360045401
2025-07-08 10:00:00+00:00,60.15,90.24,44.54,77.97115358115201,97.86273202715876
2025-07-08 11:00:00+00:00,54.72,71.0,42.47,62.23745444244436,81.81663509558058
2025-07-08 12:00:00+00:00,53.04,53.02,57.65,51.931992237794915,70.31282190083218
2025-07-08 13:00:00+00:00,54.65,50.67,78.14,55.05625586944164,74.06997732097632
2025-07-08 14:00:00+00:00,65.2,52.51,90.8,61.11133140185224,78.49676765552566
2025-07-08 15:00:00+00:00,79.98,72.3,102.02,79.70949307881965,95.954872085187
2025-07-08 16:00:00+00:00,83.92,87.95,152.08,103.58457477677142,114.69420899004024
2025-07-08 17:00:00+00:00,102.1,92.27,307.27,136.03596982725378,140.26088414291144
2025-07-08 18:00:00+00:00,122.77,97.28,476.19,165.62783524368194,167.00959899450703
2025-07-08 19:00:00+00:00,123.34,109.92,406.81,163.08778005487142,166.1691066970935
2025-07-08 20:00:00+00:00,116.65,110.09,250.01,138.91495440338562,144.2281581241923
2025-07-08 21:00:00+00:00,100.95,95.82,147.65,113.07957455428127,118.36258730059484
2025-07-08 22:00:00+00:00,97.15,103.83,119.29,99.13885979919027,107.08411979453805
2025-07-08 23:00:00+00:00,86.85,92.9,102.7,90.46557834939522,96.31164985835213
2025-07-09 00:00:00+00:00,83.86,86.13,92.54,86.34013379985691,89.71702371421051
2025-07-09 01:00:00+00:00,84.65,84.78,92.08,87.82045662652997,88.5471087559897
2025-07-09 02:00:00+00:00,85.1,85.37,91.71,92.2470981881895,89.70266839281203
2025-07-09 03:00:00+00:00,96.15,91.14,100.55,101.77111167044197,96.61560308250668
2025-07-09 04:00:00+00:00,113.66,107.99,116.43,119.06820746671099,116.29789856516852
2025-07-09 05:00:00+00:00,116.46,118.65,110.42,125.1393054739883,127.70941725781809
2025-07-09 06:00:00+00:00,113.59,117.76,104.52,117.65109952471478,128.3269162618388
2025-07-09 07:00:00+00:00,95.66,94.06,92.62,93.92348975909232,109.24047164757388
2025-07-09 08:00:00+00:00,84.68,81.78,81.06,77.08005263158175,96.83211785678753
2025-07-09 09:00:00+00:00,77.77,78.44,69.93,67.44879628424415,91.47073480509283
2025-07-09 10:00:00+00:00,65.67,60.15,36.12,47.653499205876074,70.86239411925187
2025-07-09 11:00:00+00:00,46.69,54.72,32.59,40.40807117716845,63.8335563175904
2025-07-09 12:00:00+00:00,37.78,53.04,46.61,37.26595230205314,60.91651416485097
2025-07-09 13:00:00+00:00,48.32,54.65,71.49,41.268983772269834,63.979972510138715
2025-07-09 14:00:00+00:00,71.13,65.2,79.6,51.35434999668857,71.80750093295748
2025-07-09 15:00:00+00:00,84.73,79.98,89.27,69.26616227898127,85.16171978865988
2025-07-09 16:00:00+00:00,99.01,83.92,113.99,86.77238444527578,92.92297432471058
2025-07-09 17:00:00+00:00,115.98,102.1,186.01,119.02400282600718,116.45303441850871
2025-07-09 18:00:00+00:00,135.34,122.77,240.07,142.34087144771922,136.6752237773002
2025-07-09 19:00:00+00:00,138.24,123.34,180.21,135.4607824280478,129.1156248209336
2025-07-09 20:00:00+00:00,119.79,116.65,134.93,121.46997035968647,116.89677778991043
2025-07-09 21:00:00+00:00,104.9,100.95,108.5,105.70068622000504,100.39772519145687
2025-07-09 22:00:00+00:00,100.91,97.15,83.49,96.88924128711245,89.45143668941355
2025-07-09 23:00:00+00:00,95.73,86.85,81.15,90.14294029358406,80.80901923344565
2025-07-10 00:00:00+00:00,89.1,83.86,79.0,88.65115598086611,77.66115094731418
2025-07-10 01:00:00+00:00,86.45,84.65,78.93,90.33286531403198,77.60308386812181
2025-07-10 02:00:00+00:00,87.97,85.1,80.88,93.92512989292086,78.44304879528543
2025-07-10 03:00:00+00:00,98.62,96.15,86.45,104.24672769975481,87.63414251910059
2025-07-10 04:00:00+00:00,107.61,113.66,104.92,119.83899191822582,106.47987769571084
2025-07-10 05:00:00+00:00,107.23,116.46,108.03,120.95763395798696,113.71362285915902
2025-07-10 06:00:00+00:00,105.35,113.59,104.9,110.20246349237713,113.42351318713747
2025-07-10 07:00:00+00:00,88.9,95.66,90.45,87.12347612318068,98.43295184241433
2025-07-10 08:00:00+00:00,82.0,84.68,75.06,69.34017060412019,87.15827164679528
2025-07-10 09:00:00+00:00,65.33,77.77,57.35,56.659921286085705,78.88466647324258
2025-07-10 10:00:00+00:00,45.22,65.67,42.16,43.098495693434245,65.87704435866846
2025-07-10 11:00:00+00:00,39.51,46.69,33.91,30.233675117008374,50.234822124357244
2025-07-10 12:00:00+00:00,39.55,37.78,24.72,24.880486843287315,41.75521847107037
2025-07-10 13:00:00+00:00,56.71,48.32,37.86,32.98037378394214,49.47313425314629
2025-07-10 14:00:00+00:00,76.8,71.13,58.57,51.697761334335496,67.8145802999674
2025-07-10 15:00:00+00:00,86.4,84.73,81.0,70.75591422024677,82.21178397453919
2025-07-10 16:00:00+00:00,100.2,99.01,95.19,91.79550253747753,95.05652983993896
2025-07-10 17:00:00+00:00,114.39,115.98,107.2,114.53066672253885,110.13351272038737
2025-07-10 18:00:00+00:00,134.67,135.34,146.96,135.13071608741845,129.0160031645731
2025-07-10 19:00:00+00:00,132.7,138.24,166.67,139.03595069751498,133.0830992537215
2025-07-10 20:00:00+00:00,120.88,119.79,133.3,120.68615981277739,114.53371233993484
2025-07-10 21:00:00+00:00,107.69,104.9,117.03,106.12033228436121,99.59998987237192
2025-07-10 22:00:00+00:00,104.75,100.91,111.01,103.29345311429793,99.01215422669458
2025-07-10 23:00:00+00:00,99.57,95.73,105.45,98.40401589454002,93.237274764727
2025-07-11 00:00:00+00:00,95.0,89.1,101.31,94.57772744292889,87.75187027075657
2025-07-11 01:00:00+00:00,90.69,86.45,98.44,94.19723280507766,85.52028181031059
2025-07-11 02:00:00+00:00,91.53,87.97,103.2,98.25209793727333,87.5235924969777
2025-07-11 03:00:00+00:00,99.4,98.62,106.63,108.70053960434979,97.61189455945028
2025-07-11 04:00:00+00:00,107.41,107.61,122.38,120.94073284518015,111.9624856920433
2025-07-11 05:00:00+00:00,105.92,107.23,116.46,120.07989663011021,114.82489367809553
2025-07-11 06:00:00+00:00,105.18,105.35,100.0,109.92460694111165,112.44718017523576
2025-07-11 07:00:00+00:00,93.3,88.9,91.15,88.19407779246234,98.39303400212633
2025-07-11 08:00:00+00:00,82.9,82.0,70.01,72.14676224325059,89.94903365291785
2025-07-11 09:00:00+00:00,73.15,65.33,6.69,48.31132749293893,68.8637584667756
2025-07-11 10:00:00+00:00,63.82,45.22,-0.05,30.649558025630853,51.93521683054356
2025-07-11 11:00:00+00:00,42.16,39.51,-1.56,22.727764762878238,44.615205090238156
2025-07-11 12:00:00+00:00,32.04,39.55,-1.37,19.528143044847866,41.98935736986798
2025-07-11 13:00:00+00:00,38.1,56.71,-0.61,27.427190041468734,52.203534812628696
2025-07-11 14:00:00+00:00,59.55,76.8,2.39,42.001089875647196,67.2247190491685
2025-07-11 15:00:00+00:00,83.15,86.4,62.04,61.545132747741235,82.86039245119709
2025-07-11 16:00:00+00:00,86.44,100.2,88.68,83.45101205345932,97.7836766708643
2025-07-11 17:00:00+00:00,101.93,114.39,110.0,105.07010838193052,112.41831834930865
2025-07-11 18:00:00+00:00,117.5,134.67,130.74,122.94561142849736,129.67743727102825
2025-07-11 19:00:00+00:00,118.08,132.7,150.1,122.74437145742652,130.4497482427114
2025-07-11 20:00:00+00:00,113.8,120.88,129.68,109.16408846005694,117.44243485452027
2025-07-11 21:00:00+00:00,103.82,107.69,107.99,94.73462031312852,103.06508713613658
2025-07-11 22:00:00+00:00,112.23,104.75,104.2,96.30789547173622,99.30311080676407
2025-07-11 23:00:00+00:00,104.57,99.57,94.98,89.07859142966632,91.66597614310442
2025-07-12 00:00:00+00:00,103.68,95.0,96.5,83.57039162728725,85.59451193397963
2025-07-12 01:00:00+00:00,97.4,90.69,93.4,78.42489597775253,79.10721382473434
2025-07-12 02:00:00+00:00,93.33,91.53,94.5,76.61416743387342,76.2557338935018
2025-07-12 03:00:00+00:00,89.94,99.4,83.49,78.16881781669059,77.79672711845298
2025-07-12 04:00:00+00:00,85.27,107.41,84.47,80.29197136364137,82.24919324573452
2025-07-12 05:00:00+00:00,87.98,105.92,43.77,70.41515246714954,74.55985012956486
2025-07-12 06:00:00+00:00,83.8,105.18,17.86,61.649116591055815,70.0342517648916
2025-07-12 07:00:00+00:00,59.86,93.3,3.34,45.850226621128414,58.5914297213648
2025-07-12 08:00:00+00:00,18.19,82.9,0.0,32.10238203844344,49.713462154056124
2025-07-12 09:00:00+00:00,3.0,73.15,-0.08,20.65784198632005,40.5969201637042
2025-07-12 10:00:00+00:00,0.22,63.82,-1.01,11.904892040137682,31.6540135450892
2025-07-12 11:00:00+00:00,0.0,42.16,-2.05,-0.35279943205144093,15.712694175268595
2025-07-12 13:00:00+00:00,0.22,38.1,-2.01,4.124135110440918,15.458575820964711
2025-07-12 14:00:00+00:00,19.73,59.55,-2.26,24.43049462955109,34.61741257229445
2025-07-12 15:00:00+00:00,73.89,83.15,0.0,47.11303279776176,55.30101783319504
2025-07-12 16:00:00+00:00,106.2,86.44,41.25,66.4492770034269,68.71734503783198
2025-07-12 17:00:00+00:00,109.2,101.93,85.0,92.58732935897004,90.6945881908587
2025-07-12 18:00:00+00:00,120.0,117.5,111.01,111.1173589969876,108.42195190194622
2025-07-12 19:00:00+00:00,125.02,118.08,122.96,114.2475802167832,111.82410283127308
2025-07-12 20:00:00+00:00,125.0,113.8,117.14,109.7362486334032,108.25894623893662
2025-07-12 21:00:00+00:00,115.42,103.82,108.21,100.92571970736503,98.92957048694875
2025-07-12 22:00:00+00:00,115.35,112.23,95.15,107.98646037490302,108.6395934731713
2025-07-12 23:00:00+00:00,109.14,104.57,89.5,101.39528851164484,100.35286353582126
2025-07-13 00:00:00+00:00,108.42,103.68,85.94,98.91746973598876,96.28546438572643
2025-07-13 01:00:00+00:00,107.35,97.4,83.95,95.04148963553149,88.63206693298197
2025-07-13 02:00:00+00:00,104.64,93.33,82.6,92.73271253211837,82.35768576995709
2025-07-13 03:00:00+00:00,100.85,89.94,82.0,90.4246405353167,76.66848859820023
2025-07-13 04:00:00+00:00,95.8,85.27,78.46,85.6369735975928,71.12241532603218
2025-07-13 05:00:00+00:00,92.18,87.98,77.57,81.41233137772385,71.50031664996929
2025-07-13 06:00:00+00:00,87.94,83.8,70.57,69.79347540768408,67.4909695383065
2025-07-13 07:00:00+00:00,57.62,59.86,38.81,44.267759018389604,46.83850884582319
2025-07-13 08:00:00+00:00,4.28,18.19,19.21,13.281592039031011,16.78239081434495
2025-07-13 09:00:00+00:00,0.05,3.0,13.19,-0.44655461894217297,5.719697816051578
2025-07-13 10:00:00+00:00,0.0,0.22,10.26,-5.920617867684356,2.789416734651809
2025-07-13 14:00:00+00:00,2.36,19.73,70.77,22.036076716668447,28.140016476243147
2025-07-13 15:00:00+00:00,73.4,73.89,100.29,66.244636385142,73.09030948846313
2025-07-13 16:00:00+00:00,100.61,106.2,107.37,100.29284418421638,100.06639775163275
2025-07-13 17:00:00+00:00,113.74,109.2,112.16,118.96364205707127,108.08203821260412
2025-07-13 18:00:00+00:00,120.0,120.0,120.32,134.93272019835103,120.47505802695927
2025-07-13 19:00:00+00:00,127.7,125.02,125.04,141.3313862171863,126.86533647885987
2025-07-13 20:00:00+00:00,126.94,125.0,122.21,139.58913311517185,127.31698290054659
2025-07-13 21:00:00+00:00,115.41,115.42,110.78,129.91407190171896,117.98344302003125
2025-07-13 22:00:00+00:00,114.02,115.35,118.84,132.97976991926694,126.14639209215873
2025-07-13 23:00:00+00:00,104.01,109.14,107.42,127.10248298749629,119.48916005883412
2025-07-14 00:00:00+00:00,98.17,108.42,101.92,125.93516717274328,117.95491250663054
2025-07-14 01:00:00+00:00,94.94,107.35,99.12,126.08481430987436,116.57252350121072
2025-07-14 02:00:00+00:00,99.32,104.64,101.0,127.45924822250632,115.41305541448634
2025-07-14 03:00:00+00:00,108.93,100.85,108.22,131.284267435512,116.22800995551995
2025-07-14 04:00:00+00:00,117.87,95.8,134.2,137.87422699566014,122.42676369314239
2025-07-14 05:00:00+00:00,121.62,92.18,143.67,136.45239707766544,126.50245944149036
2025-07-14 06:00:00+00:00,112.06,87.94,152.29,129.83117375064927,127.37089693162818
2025-07-14 07:00:00+00:00,92.43,57.62,131.99,103.56385516304061,103.40141452958176
2025-07-14 08:00:00+00:00,84.58,4.28,108.64,65.8669442903441,62.19374676104277
2025-07-14 09:00:00+00:00,79.67,0.05,108.98,58.65506753207761,57.577733725589475
2025-07-14 10:00:00+00:00,70.98,0.0,90.24,51.603595045374576,52.63493962705618
2025-07-14 14:00:00+00:00,71.1,2.36,52.51,44.107269034742444,43.5347216629008
2025-07-14 15:00:00+00:00,84.58,73.4,72.3,90.79948082802414,96.14774895048012
2025-07-14 16:00:00+00:00,98.94,100.61,87.95,119.15553628658859,119.46132590589657
2025-07-14 17:00:00+00:00,110.11,113.74,92.27,139.09465893640828,130.43690703827824
2025-07-14 18:00:00+00:00,139.99,120.0,97.28,149.78271469854087,136.46950646658192
2025-07-14 19:00:00+00:00,141.57,127.7,109.92,154.67294246393197,142.79595170942335
2025-07-14 20:00:00+00:00,126.14,126.94,110.09,149.75112032835074,140.96237089745847
2025-07-14 21:00:00+00:00,115.15,115.41,95.82,136.8601931022112,128.8416243555795
2025-07-14 22:00:00+00:00,106.1,114.02,103.83,124.88360645581204,120.24042686259571
2025-07-14 23:00:00+00:00,103.06,104.01,92.9,115.13035176514353,110.86280797360243
2025-07-15 00:00:00+00:00,93.86,98.17,86.13,108.38584317104322,105.16423757907042
2025-07-15 01:00:00+00:00,88.28,94.94,84.78,105.51818873311655,102.71742640209962
2025-07-15 02:00:00+00:00,87.12,99.32,85.37,107.9384369781601,105.4082985857548
2025-07-15 03:00:00+00:00,93.0,108.93,91.14,116.2466663337426,113.63050480866144
2025-07-15 04:00:00+00:00,110.33,117.87,107.99,127.01992814006614,126.1197247842673
2025-07-15 05:00:00+00:00,113.41,121.62,118.65,129.9043051296101,133.91467891685994
2025-07-15 06:00:00+00:00,106.86,112.06,117.76,119.30232395754287,129.27458287352135
2025-07-15 07:00:00+00:00,90.82,92.43,94.06,96.25903888370084,110.64718272943594
2025-07-15 08:00:00+00:00,77.67,84.58,81.78,79.72035555389367,98.37726284249862
2025-07-15 09:00:00+00:00,65.0,79.67,78.44,69.21171369443908,92.520145615676
2025-07-15 10:00:00+00:00,59.19,70.98,60.15,54.93375808146607,81.16208666460699
2025-07-15 14:00:00+00:00,65.0,71.1,65.2,52.17225539649853,76.91805762990296
2025-07-15 15:00:00+00:00,84.87,84.58,79.98,72.98385777680618,93.4641338790064
2025-07-15 16:00:00+00:00,101.54,98.94,83.92,96.65649794549591,106.55818659100542
2025-07-15 17:00:00+00:00,108.15,110.11,102.1,119.78837412699787,117.96990901716791
2025-07-15 18:00:00+00:00,119.78,139.99,122.77,146.36289880584366,140.85648123183137
2025-07-15 19:00:00+00:00,141.99,141.57,123.34,149.42837980744827,142.2542863278697
2025-07-15 20:00:00+00:00,121.28,126.14,116.65,137.974565036905,130.36282396121962
2025-07-15 21:00:00+00:00,112.45,115.15,100.95,125.35600115100915,118.31932868829992
2025-07-15 22:00:00+00:00,97.63,106.1,97.15,104.75241276648022,100.6843643917747
2025-07-15 23:00:00+00:00,93.99,103.06,86.85,98.08771869470048,95.58669963352978
2025-07-16 00:00:00+00:00,86.67,93.86,83.86,90.31334455927477,88.1471751248958
2025-07-16 01:00:00+00:00,83.43,88.28,84.65,86.97772023565997,84.38092958527555
2025-07-16 02:00:00+00:00,84.26,87.12,85.1,87.83500695808823,84.38134322884885
2025-07-16 03:00:00+00:00,90.41,93.0,96.15,95.52137141532204,91.53473948916721
2025-07-16 04:00:00+00:00,105.74,110.33,113.66,111.45814967409186,110.24148090438348
2025-07-16 05:00:00+00:00,112.63,113.41,116.46,115.47058850862216,117.31361486098866
2025-07-16 06:00:00+00:00,111.92,106.86,113.59,108.03212137853953,113.51099524151692
2025-07-16 07:00:00+00:00,104.21,90.82,95.66,89.9129193722645,98.67384051589171
2025-07-16 08:00:00+00:00,89.8,77.67,84.68,75.9092390774549,87.61181928303195
2025-07-16 09:00:00+00:00,85.65,65.0,77.77,64.82086617307566,77.15468400821169
2025-07-16 10:00:00+00:00,81.96,59.19,65.67,55.357994045144636,68.60317204237589
2025-07-16 11:00:00+00:00,78.62,47.26,46.69,42.868296063942694,55.77597796184221
2025-07-16 12:00:00+00:00,68.06,40.2,37.78,35.47296657527019,47.78804706721359
2025-07-16 13:00:00+00:00,69.2,42.57,48.32,37.650291690218,49.98265314343906
2025-07-16 14:00:00+00:00,80.86,65.0,71.13,54.94247641401428,68.77170768584394
2025-07-16 15:00:00+00:00,89.09,84.87,84.73,73.21779190168705,85.47457284750094
2025-07-16 16:00:00+00:00,95.49,101.54,99.01,93.42674631351763,100.57694993098423
2025-07-16 17:00:00+00:00,108.37,108.15,115.98,110.43519389374414,109.6677509954451
2025-07-16 18:00:00+00:00,119.72,119.78,135.34,124.98647723522186,121.98300528633786
2025-07-16 19:00:00+00:00,129.04,141.99,138.24,136.1923492327782,136.61018499217408
2025-07-16 20:00:00+00:00,120.71,121.28,119.79,117.79183014857152,118.14229425195569
2025-07-16 21:00:00+00:00,110.55,112.45,104.9,105.68798330578952,107.91689045265045
2025-07-16 22:00:00+00:00,103.76,97.63,100.91,90.34806915156103,91.29077523247692
2025-07-16 23:00:00+00:00,98.33,93.99,95.73,85.30569062973709,87.1986975379384
2025-07-17 00:00:00+00:00,89.96,86.67,89.1,79.49811213516071,80.63146604358062
2025-07-17 01:00:00+00:00,84.81,83.43,86.45,77.70367938974276,77.54900849958594
2025-07-17 02:00:00+00:00,85.76,84.26,87.97,80.02418706374414,78.23231892521908
2025-07-17 03:00:00+00:00,89.0,90.41,98.62,86.87200016926558,84.46252677429015
2025-07-17 04:00:00+00:00,104.05,105.74,107.61,99.3791187436364,100.39792931147667
2025-07-17 05:00:00+00:00,110.33,112.63,107.23,102.29984166041507,108.25567107298293
2025-07-17 06:00:00+00:00,105.92,111.92,105.35,94.93744540987731,108.23066376306195
2025-07-17 07:00:00+00:00,93.1,104.21,88.9,78.13351073557452,99.4252962481609
2025-07-17 08:00:00+00:00,85.0,89.8,82.0,59.9586366540872,87.18625974779523
2025-07-17 09:00:00+00:00,77.07,85.65,65.33,49.38903246414654,80.27701368650189
2025-07-17 10:00:00+00:00,70.17,81.96,45.22,40.29318273744343,72.9714369721249
2025-07-17 11:00:00+00:00,55.26,78.62,39.51,35.41053682362839,67.77877725122546
2025-07-17 12:00:00+00:00,49.78,68.06,39.55,28.555034017233226,58.53600883240524
2025-07-17 13:00:00+00:00,66.18,69.2,56.71,31.720177337531567,59.7531967115271
2025-07-17 14:00:00+00:00,74.79,80.86,76.8,46.8079179480647,71.92885061044203
2025-07-17 15:00:00+00:00,82.71,89.09,86.4,62.12266021068537,81.07600837665815
2025-07-17 16:00:00+00:00,94.98,95.49,100.2,80.573103865737,90.40386187377989
2025-07-17 17:00:00+00:00,109.73,108.37,114.39,101.57237601281697,102.85764975989413
2025-07-17 18:00:00+00:00,120.75,119.72,134.67,116.49409823799711,113.99206151731184
2025-07-17 19:00:00+00:00,132.0,129.04,132.7,122.4461382813644,121.16602998519375
2025-07-17 20:00:00+00:00,125.07,120.71,120.88,113.25602200131688,111.29483915104707
2025-07-17 21:00:00+00:00,114.18,110.55,107.69,103.09104493444246,100.19363877137731
2025-07-17 22:00:00+00:00,106.8,103.76,104.75,103.12592319986614,98.16499317122074
2025-07-17 23:00:00+00:00,99.15,98.33,99.57,99.91389489017945,92.7954082908663
2025-07-18 00:00:00+00:00,95.36,89.96,95.0,96.32150472848339,85.64167321166862
2025-07-18 01:00:00+00:00,96.37,84.81,90.69,95.80152384551135,81.24685519235521
2025-07-18 02:00:00+00:00,98.66,85.76,91.53,100.49627314065037,82.33399747968697
2025-07-18 03:00:00+00:00,108.23,89.0,99.4,109.05434958473164,87.54986900881232
2025-07-18 04:00:00+00:00,115.92,104.05,107.41,123.834233946858,103.67526928647382
2025-07-18 05:00:00+00:00,116.17,110.33,105.92,126.38291996786478,111.62922363435052
2025-07-18 06:00:00+00:00,109.39,105.92,105.18,116.46893674104776,110.4094273716041
2025-07-18 07:00:00+00:00,98.13,93.1,93.3,96.85757841164565,99.2055406086432
2025-07-18 08:00:00+00:00,84.98,85.0,82.9,80.98837275417591,90.32658707580627
2025-07-18 09:00:00+00:00,82.02,77.07,73.15,68.60256146732937,82.51524817059574
2025-07-18 10:00:00+00:00,80.0,70.17,63.82,58.45725167559273,74.6166760008856
2025-07-18 11:00:00+00:00,73.02,55.26,42.16,43.901631665310276,59.18722994468006
2025-07-18 12:00:00+00:00,71.2,49.78,32.04,38.00579098699663,51.45022885224173
2025-07-18 13:00:00+00:00,72.68,66.18,38.1,48.95334001790711,62.02434040322307
2025-07-18 14:00:00+00:00,79.99,74.79,59.55,62.172749521823434,71.1438687738374
2025-07-18 15:00:00+00:00,84.07,82.71,83.15,78.91168276600769,80.50380925763102
2025-07-18 16:00:00+00:00,99.92,94.98,86.44,99.28178441918845,90.80479089025233
2025-07-18 17:00:00+00:00,120.0,109.73,101.93,121.60324823793216,104.71177548252938
2025-07-18 18:00:00+00:00,146.55,120.75,117.5,134.76657271178988,115.38426790410998
2025-07-18 19:00:00+00:00,144.44,132.0,118.08,139.99599362172722,123.23304958113587
2025-07-18 20:00:00+00:00,125.88,125.07,113.8,130.67116418504577,116.2470331229541
2025-07-18 21:00:00+00:00,113.48,114.18,103.82,118.68733238860409,105.40571634254924
2025-07-18 22:00:00+00:00,107.6,106.8,112.23,113.7480777360216,100.2345196893754
2025-07-18 23:00:00+00:00,105.35,99.15,104.57,104.83893565085097,91.23201831541995
2025-07-19 00:00:00+00:00,103.19,95.36,103.68,99.52566869343192,85.33654248241336
2025-07-19 01:00:00+00:00,101.63,96.37,97.4,96.88344844126348,81.66452810131247
2025-07-19 02:00:00+00:00,98.38,98.66,93.33,96.09127842825225,79.33811415413277
2025-07-19 03:00:00+00:00,93.69,108.23,89.94,98.3055843346616,81.25446684324923
2025-07-19 04:00:00+00:00,98.39,115.92,85.27,97.48219893906489,83.66433312430773
2025-07-19 05:00:00+00:00,86.89,116.17,87.98,88.65302413752808,83.76009481604021
2025-07-19 06:00:00+00:00,78.89,109.39,83.8,70.65381914302213,78.59400387073921
2025-07-19 07:00:00+00:00,52.98,98.13,59.86,47.94455937251135,67.26454612569304
2025-07-19 08:00:00+00:00,10.0,84.98,18.19,24.50003361604925,51.90825240859118
2025-07-19 09:00:00+00:00,0.65,82.02,3.0,12.481148432239337,46.30426936234281
2025-07-19 10:00:00+00:00,0.0,80.0,0.22,5.596130728379009,42.76151371828504
2025-07-19 11:00:00+00:00,-0.01,73.02,0.0,0.4246061703919537,36.121733911421614
2025-07-19 13:00:00+00:00,2.08,72.68,0.22,10.67333584198795,37.50813898247636
2025-07-19 14:00:00+00:00,29.33,79.99,19.73,28.511764086394237,48.284183690975475
2025-07-19 15:00:00+00:00,76.85,84.07,73.89,53.35225524011981,62.74942704517757
2025-07-19 16:00:00+00:00,98.4,99.92,106.2,82.5487877130341,82.862434043311
2025-07-19 17:00:00+00:00,114.47,120.0,109.2,105.2512849353125,101.26848000460124
2025-07-19 18:00:00+00:00,112.87,146.55,120.0,122.90351635564664,123.8578161173215
2025-07-19 19:00:00+00:00,108.08,144.44,125.02,118.77669281725683,126.10744610465406
2025-07-19 20:00:00+00:00,105.63,125.88,125.0,103.21392648231071,114.32268119821389
2025-07-19 21:00:00+00:00,98.07,113.48,115.42,90.6805665345556,103.3789204062603
2025-07-19 22:00:00+00:00,91.29,107.6,115.35,89.09324347542456,105.50324702287784
2025-07-19 23:00:00+00:00,88.94,105.35,109.14,85.95751556871734,100.3602833761519
2025-07-20 00:00:00+00:00,89.27,103.19,108.42,84.81045344618691,95.99731996477438
2025-07-20 01:00:00+00:00,100.41,101.63,107.35,84.74467149097237,91.9791797599198
2025-07-20 02:00:00+00:00,101.7,98.38,104.64,84.30116647459764,86.60131682233254
2025-07-20 03:00:00+00:00,98.27,93.69,100.85,83.59002380609131,80.90421169341558
2025-07-20 04:00:00+00:00,97.2,98.39,95.8,85.5192199883572,82.08758317018419
2025-07-20 05:00:00+00:00,80.59,86.89,92.18,75.08808571757504,73.17761990566152
2025-07-20 06:00:00+00:00,77.86,78.89,87.94,61.882780026348044,66.40209097574731
2025-07-20 07:00:00+00:00,44.58,52.98,57.62,35.62640484405927,44.726931243186115
2025-07-20 08:00:00+00:00,9.04,10.0,4.28,0.455081275003721,9.606507518819413
2025-07-20 09:00:00+00:00,2.07,0.65,0.05,-9.366310443302382,3.169544113330147
2025-07-20 10:00:00+00:00,0.0,0.0,0.0,-12.097074541462177,2.3220262199091906
2025-07-20 14:00:00+00:00,69.33,29.33,2.36,29.25529169576852,27.402204157827356
2025-07-20 15:00:00+00:00,92.74,76.85,73.4,75.01500150671515,72.08214258551362
2025-07-20 16:00:00+00:00,100.26,98.4,100.61,104.02687868092565,95.40131340340167
2025-07-20 17:00:00+00:00,112.0,114.47,113.74,125.80824514988078,113.82474651612971
2025-07-20 18:00:00+00:00,116.0,112.87,120.0,131.41699029941125,119.21688592958131
2025-07-20 19:00:00+00:00,115.01,108.08,127.7,128.5513709619437,119.21789475175721
2025-07-20 20:00:00+00:00,114.85,105.63,126.94,122.30623812929394,117.26629159477892
2025-07-20 21:00:00+00:00,105.05,98.07,115.41,111.61947353805643,109.09840922136725
2025-07-20 22:00:00+00:00,87.08,91.29,114.02,104.36668638866294,110.44662655092706
2025-07-20 23:00:00+00:00,79.73,88.94,104.01,101.48262173787931,106.97730014195041
2025-07-21 00:00:00+00:00,83.48,89.27,98.17,101.7617043986382,106.17155086523199
2025-07-21 01:00:00+00:00,83.3,100.41,94.94,109.02207055382426,112.82898054251731
2025-07-21 02:00:00+00:00,83.49,101.7,99.32,114.03300883401101,114.4642746688981
2025-07-21 03:00:00+00:00,96.22,98.27,108.93,120.8949583152163,116.04825057060094
2025-07-21 04:00:00+00:00,113.96,97.2,117.87,132.51442837419148,123.47862880639082
2025-07-21 05:00:00+00:00,126.56,80.59,121.62,131.07935729029327,116.87059767870764
2025-07-21 06:00:00+00:00,123.91,77.86,112.06,131.02231522586106,115.63437480663143
2025-07-21 07:00:00+00:00,109.64,44.58,92.43,109.73007814768529,89.77610719817692
2025-07-21 08:00:00+00:00,105.99,9.04,84.58,86.96239293043938,62.2184173298047
2025-07-21 09:00:00+00:00,98.88,2.07,79.67,78.60621630623456,55.09680498577762
2025-07-21 10:00:00+00:00,84.9,0.0,70.98,71.76970135151294,50.93634276888458
2025-07-21 11:00:00+00:00,81.73,-0.01,64.17,65.07694730106269,47.78365491506759
2025-07-21 12:00:00+00:00,85.79,0.0,57.15,58.7840212539225,44.86654995553153
2025-07-21 13:00:00+00:00,87.96,9.09,55.82,59.0047922287435,48.935621135117565
2025-07-21 14:00:00+00:00,90.95,69.33,71.1,90.58314433152897,90.85029983146597
2025-07-21 15:00:00+00:00,104.3,92.74,84.58,108.3445903537432,111.72965477199469
2025-07-21 16:00:00+00:00,105.82,100.26,98.94,121.42685315470368,121.92629998831978
2025-07-21 17:00:00+00:00,119.69,112.0,110.11,136.25678869898394,133.9797660676791
2025-07-21 18:00:00+00:00,123.25,116.0,139.99,143.90480933431283,140.85226003209803
2025-07-21 19:00:00+00:00,120.09,115.01,141.57,140.4257749242584,139.43851093427708
2025-07-21 20:00:00+00:00,108.76,114.85,126.14,132.34721523167823,135.52458839723965
2025-07-21 21:00:00+00:00,100.04,105.05,115.15,119.56018313446188,124.8989126948299
2025-07-21 22:00:00+00:00,92.79,87.08,106.1,98.65603221832386,102.57152708830333
2025-07-21 23:00:00+00:00,87.2,79.73,103.06,92.26350814402826,96.35734748456544
2025-07-22 00:00:00+00:00,85.48,83.48,93.86,91.43425949317523,96.67851239706987
2025-07-22 01:00:00+00:00,82.0,83.3,88.28,91.54710630035429,96.42055243395465
2025-07-22 02:00:00+00:00,81.0,83.49,87.12,93.54034953449715,96.59305505603479
2025-07-22 03:00:00+00:00,89.28,96.22,93.0,104.64349221496593,106.84683378941145
2025-07-22 04:00:00+00:00,108.8,113.96,110.33,121.11655344131186,125.45762197050495
2025-07-22 05:00:00+00:00,109.28,126.56,113.41,127.76243446538177,136.8726449428067
2025-07-22 06:00:00+00:00,102.49,123.91,106.86,119.50207636185543,135.63269458464393
2025-07-22 07:00:00+00:00,91.29,109.64,90.82,100.30111699315276,121.146524723244
2025-07-22 08:00:00+00:00,81.73,105.99,77.67,86.6270873744431,112.74238335256254
2025-07-22 09:00:00+00:00,68.41,98.88,65.0,72.98743033039212,104.18356664329275
2025-07-22 10:00:00+00:00,39.63,84.9,59.19,56.729741347579264,91.84060787209496
2025-07-22 11:00:00+00:00,10.0,81.73,47.26,45.88320582686053,84.86349560280911
2025-07-22 12:00:00+00:00,0.17,85.79,40.2,40.25334273760808,83.43035414538429
2025-07-22 13:00:00+00:00,4.16,87.96,42.57,40.40094227696849,83.97911820304765
2025-07-22 14:00:00+00:00,36.9,90.95,65.0,52.1077511941061,93.1269503821864
2025-07-22 15:00:00+00:00,75.79,104.3,84.87,71.8532427356491,106.77954700146259
2025-07-22 16:00:00+00:00,88.98,105.82,101.54,89.44097708860551,111.98272119875692
2025-07-22 17:00:00+00:00,108.57,119.69,108.15,110.76923200209497,123.65191074663863
2025-07-22 18:00:00+00:00,112.56,123.25,119.78,119.54926023609234,127.95205922946852
2025-07-22 19:00:00+00:00,113.22,120.09,141.99,119.23086476489526,128.6458263517548
2025-07-22 20:00:00+00:00,108.48,108.76,121.28,104.74672558783723,117.36205687521021
2025-07-22 21:00:00+00:00,102.93,100.04,112.45,91.59342419471184,107.90338838842688
2025-07-22 22:00:00+00:00,87.65,92.79,97.63,63.930074894313336,88.04059807293764
2025-07-22 23:00:00+00:00,79.47,87.2,93.99,57.01870022533582,82.40505573413746
2025-07-23 00:00:00+00:00,78.5,85.48,86.67,54.270972786826334,79.87802815785079
2025-07-23 01:00:00+00:00,76.04,82.0,83.43,53.64295420246282,77.11627890210897
2025-07-23 02:00:00+00:00,77.69,81.0,84.26,57.061607855214746,77.19466972482108
2025-07-23 03:00:00+00:00,80.64,89.28,90.41,68.04163793730993,85.96529518215408
2025-07-23 04:00:00+00:00,91.35,108.8,105.74,86.03308874621746,106.6379995551324
2025-07-23 05:00:00+00:00,99.87,109.28,112.63,88.21721864367046,113.05669419235443
2025-07-23 06:00:00+00:00,96.5,102.49,111.92,76.98109504304244,110.46137441544136
2025-07-23 07:00:00+00:00,81.69,91.29,104.21,58.247916954517066,100.65921876500059
2025-07-23 08:00:00+00:00,67.3,81.73,89.8,42.467729959821625,91.24826854543993
2025-07-23 09:00:00+00:00,53.5,68.41,85.65,29.929139281798214,81.00223586169851
2025-07-23 10:00:00+00:00,33.72,39.63,81.96,11.503389616518717,59.62842273103589
2025-07-23 11:00:00+00:00,23.73,10.0,78.62,-3.607435709992899,38.89561305182645
2025-07-23 12:00:00+00:00,26.82,0.17,68.06,-9.096422619714573,30.124376767646993
2025-07-23 13:00:00+00:00,40.3,4.16,69.2,-3.170241435218628,32.50639522502785
2025-07-23 14:00:00+00:00,67.81,36.9,80.86,22.919134011518764,55.58817318025839
2025-07-23 15:00:00+00:00,78.05,75.79,89.09,55.78188203781484,83.5710601290188
2025-07-23 16:00:00+00:00,86.07,88.98,95.49,79.02643271489003,94.40238889859819
2025-07-23 17:00:00+00:00,105.0,108.57,108.37,105.80066937182767,111.41562928205876
2025-07-23 18:00:00+00:00,112.98,112.56,119.72,116.03438580532885,115.68605010615134
2025-07-23 19:00:00+00:00,119.74,113.22,129.04,118.575955615408,116.98553482225373
2025-07-23 20:00:00+00:00,110.54,108.48,120.71,111.47573288566807,110.26801919088807
2025-07-23 21:00:00+00:00,103.06,102.93,110.55,104.05576080855032,102.96272721685068
2025-07-23 22:00:00+00:00,97.82,87.65,103.76,91.3504313792086,85.55859898335127
2025-07-23 23:00:00+00:00,94.08,79.47,98.33,86.11343969055788,78.23376468238624
2025-07-24 00:00:00+00:00,89.29,78.5,89.96,85.1682308824119,75.816189201399
2025-07-24 02:00:00+00:00,93.45,77.69,85.76,89.84746588036089,74.26805306307142
2025-07-24 03:00:00+00:00,102.65,80.64,89.0,98.02842268485647,78.98099048138612
2025-07-24 04:00:00+00:00,112.05,91.35,104.05,112.98047148763385,93.91474621591524
2025-07-24 05:00:00+00:00,117.22,99.87,110.33,120.29021374487968,104.30883367805725
2025-07-24 06:00:00+00:00,110.4,96.5,105.92,114.46521816329306,103.30299357809385
2025-07-24 07:00:00+00:00,96.22,81.69,93.1,98.31364753487767,91.73462442423732
2025-07-24 08:00:00+00:00,89.17,67.3,85.0,81.87026328418175,79.52631423821792
2025-07-24 09:00:00+00:00,84.39,53.5,77.07,67.86722506105828,67.8175799548633
2025-07-24 10:00:00+00:00,82.17,33.72,70.17,50.42291554556962,49.52050525680345
2025-07-24 11:00:00+00:00,80.43,23.73,55.26,39.91542658575615,36.90332984345935
2025-07-24 12:00:00+00:00,82.05,26.82,49.78,38.09141528489714,35.06859686398676
2025-07-24 13:00:00+00:00,84.77,40.3,66.18,47.205114513255296,44.361636022649385
2025-07-24 14:00:00+00:00,93.34,67.81,74.79,67.70254355061816,65.38010928053069
2025-07-24 15:00:00+00:00,100.6,78.05,82.71,82.05353682772748,76.40086226465843
2025-07-24 16:00:00+00:00,109.2,86.07,94.98,96.9965898830911,85.46703235525898
2025-07-24 17:00:00+00:00,130.0,105.0,109.73,117.99197746229342,103.013192382447
2025-07-24 18:00:00+00:00,154.16,112.98,120.75,127.52751175640469,110.53585994498611
2025-07-24 19:00:00+00:00,140.64,119.74,132.0,130.57945774349702,115.86316946494114
2025-07-24 20:00:00+00:00,118.38,110.54,125.07,120.23874035112235,107.47205315555571
2025-07-24 21:00:00+00:00,109.39,103.06,114.18,109.58439011169779,98.74103726244645
2025-07-24 22:00:00+00:00,111.27,97.82,106.8,106.32389217611856,95.51974829577401
2025-07-24 23:00:00+00:00,103.67,94.08,99.15,101.28882879079629,90.61155882614369
2025-07-25 00:00:00+00:00,97.05,89.29,95.36,97.52813784516992,86.30303785407838
2025-07-25 02:00:00+00:00,96.97,93.45,98.66,103.37644204029961,89.34587268271787
2025-07-25 03:00:00+00:00,98.2,102.65,108.23,114.22880632767449,98.43488908237173
2025-07-25 04:00:00+00:00,108.87,112.05,115.92,126.3337015380414,110.43526841986514
2025-07-25 05:00:00+00:00,112.95,117.22,116.17,130.7444594795587,118.30261958274144
2025-07-25 06:00:00+00:00,110.85,110.4,109.39,121.41598533375515,114.75905474550832
2025-07-25 07:00:00+00:00,98.2,96.22,98.13,102.64120270227876,102.16730732015164
2025-07-25 08:00:00+00:00,94.08,89.17,84.98,88.68971203970115,94.01538008592233
2025-07-25 09:00:00+00:00,85.15,84.39,82.02,78.85227015335411,87.95856306174106
2025-07-25 10:00:00+00:00,83.09,82.17,80.0,70.38968413772822,81.90738492062405
2025-07-25 11:00:00+00:00,78.7,80.43,73.02,62.92429886250058,76.15806424782454
2025-07-25 12:00:00+00:00,76.31,82.05,71.2,60.08750193995796,73.87853627470155
2025-07-25 13:00:00+00:00,79.27,84.77,72.68,61.22604484433306,75.23301299277443
2025-07-25 14:00:00+00:00,81.09,93.34,79.99,70.40399003793956,83.42688827832919
2025-07-25 15:00:00+00:00,84.02,100.6,84.07,82.25486456703462,89.96534097191163
2025-07-25 16:00:00+00:00,90.45,109.2,99.92,99.66760502928122,99.75552279298662
2025-07-25 17:00:00+00:00,101.81,130.0,120.0,123.66804036825884,118.76576711643945
2025-07-25 18:00:00+00:00,109.28,154.16,146.55,144.85533335061274,139.0620763738109
2025-07-25 19:00:00+00:00,121.21,140.64,144.44,138.10399103809516,130.39264364282022
2025-07-25 20:00:00+00:00,112.6,118.38,125.88,120.24786793177223,111.5131531576631
2025-07-25 21:00:00+00:00,110.25,109.39,113.48,109.21063881086013,101.53222269773431
2025-07-25 22:00:00+00:00,106.76,111.27,107.6,107.38298938411229,100.23629597666289
2025-07-25 23:00:00+00:00,100.7,103.67,105.35,99.85703581319719,92.01184616171791
2025-07-26 00:00:00+00:00,97.73,97.05,103.19,93.68537205969535,84.29977081795546
2025-07-26 02:00:00+00:00,96.45,96.97,98.38,91.07826660220854,77.72990724540887
2025-07-26 03:00:00+00:00,94.89,98.2,93.69,91.19610302752032,74.9519361019449
2025-07-26 04:00:00+00:00,97.13,108.87,98.39,96.44424083398195,80.49553907007461
2025-07-26 05:00:00+00:00,96.1,112.95,86.89,93.41917123021209,80.86954826213024
2025-07-26 06:00:00+00:00,87.96,110.85,78.89,84.43835919826915,77.97287124581106
2025-07-26 07:00:00+00:00,85.85,98.2,52.98,66.5819048896526,64.90709694631097
2025-07-26 08:00:00+00:00,79.59,94.08,10.0,52.10062184854968,54.82680272151171
2025-07-26 09:00:00+00:00,75.2,85.15,0.65,41.136457757586214,46.27530259347577
2025-07-26 10:00:00+00:00,66.42,83.09,0.0,35.2698841916785,43.45197302606097
2025-07-26 11:00:00+00:00,49.87,78.7,-0.01,30.039669019435408,39.40296814739415
2025-07-26 12:00:00+00:00,50.09,76.31,0.0,28.586647731187753,37.70796371779251
2025-07-26 13:00:00+00:00,68.07,79.27,2.08,34.33004993488278,41.66283682526337
2025-07-26 14:00:00+00:00,74.81,81.09,29.33,47.397088088026074,50.546851487391116
2025-07-26 15:00:00+00:00,84.2,84.02,76.85,67.42355254668182,64.13832906033903
2025-07-26 16:00:00+00:00,98.2,90.45,98.4,88.48700893695647,76.84013857344557
2025-07-26 17:00:00+00:00,106.6,101.81,114.47,108.66153589016307,91.65815486978217
2025-07-26 18:00:00+00:00,121.95,109.28,112.87,118.91410714189577,100.85338630260975
2025-07-26 19:00:00+00:00,127.07,121.21,108.08,124.01546014237859,108.43705856097094
2025-07-26 20:00:00+00:00,116.72,112.6,105.63,116.10332296921497,101.50460072130275
2025-07-26 21:00:00+00:00,108.8,110.25,98.07,109.90018629541612,97.391096067427
2025-07-26 22:00:00+00:00,104.64,106.76,91.29,111.7452818534151,101.15796764067233
2025-07-26 23:00:00+00:00,99.47,100.7,88.94,104.50434431579507,94.04241981180397
2025-07-27 00:00:00+00:00,95.01,97.73,89.27,99.84807316659861,89.23461131520712
2025-07-27 01:00:00+00:00,92.07,96.65,100.41,98.19373860117508,86.79897519601484
2025-07-27 02:00:00+00:00,91.99,96.45,101.7,96.77769764818568,83.91898044382579
2025-07-27 03:00:00+00:00,89.88,94.89,98.27,94.84084484747633,79.41793935878364
2025-07-27 04:00:00+00:00,88.79,97.13,97.2,94.27131694419312,78.74977894052024
2025-07-27 05:00:00+00:00,86.58,96.1,80.59,87.8856456171883,74.84219611579049
2025-07-27 06:00:00+00:00,83.76,87.96,77.86,77.5060415545055,68.8251900878734
2025-07-27 07:00:00+00:00,81.71,85.85,44.58,64.413968406625,61.58173908713243
2025-07-27 08:00:00+00:00,75.91,79.59,9.04,50.24314624759352,51.95688171115046
2025-07-27 09:00:00+00:00,70.52,75.2,2.07,41.619938381702724,46.536236101703594
2025-07-27 10:00:00+00:00,45.93,66.42,0.0,32.470905312171126,39.77052144817958
2025-07-27 11:00:00+00:00,15.04,49.87,-0.01,21.706712554983426,28.617505119846896
2025-07-27 12:00:00+00:00,8.85,50.09,0.0,21.56286501009869,28.71284048532553
2025-07-27 13:00:00+00:00,17.3,68.07,9.09,34.48709000757165,43.42155773700126
2025-07-27 14:00:00+00:00,45.74,74.81,69.33,52.76641583477813,59.19856318666512
2025-07-27 15:00:00+00:00,82.36,84.2,92.74,70.98314711752579,73.34257680664687
2025-07-27 16:00:00+00:00,95.66,98.2,100.26,91.45205878114744,88.89804858928224
2025-07-27 17:00:00+00:00,102.47,106.6,112.0,108.34367543475658,101.3416985955203
2025-07-27 18:00:00+00:00,107.95,121.95,116.0,123.36529528592098,115.88922603864951
2025-07-27 19:00:00+00:00,114.71,127.07,115.01,128.05473930541194,122.66823807952247
2025-07-27 20:00:00+00:00,107.33,116.72,114.85,120.29310658712967,116.24485782942364
2025-07-27 21:00:00+00:00,102.69,108.8,105.05,110.99818643194496,108.89007601930743
2025-07-27 22:00:00+00:00,100.0,104.64,87.08,109.97506737558307,110.09769995519675
2025-07-27 23:00:00+00:00,88.77,99.47,79.73,103.4717113224377,104.76214999897171
2025-07-28 00:00:00+00:00,83.5,95.01,83.48,99.8349457772006,101.97728689339166
2025-07-28 01:00:00+00:00,79.67,92.07,83.3,98.1924488893664,100.11811794960684
2025-07-28 02:00:00+00:00,79.51,91.99,83.49,100.28893945551133,100.83523021943441
2025-07-28 03:00:00+00:00,89.52,89.88,96.22,106.85746553070216,104.07632542114487
2025-07-28 04:00:00+00:00,108.88,88.79,113.96,116.97992510721852,111.68289431260565
2025-07-28 05:00:00+00:00,121.97,86.58,126.56,122.24740521882102,116.63776336462477
2025-07-28 06:00:00+00:00,118.37,83.76,123.91,119.44550227099093,116.44651237217194
2025-07-28 07:00:00+00:00,105.45,81.71,109.64,110.528737455244,113.31732102993345
2025-07-28 08:00:00+00:00,97.25,75.91,105.99,99.6573663869014,108.0761390808639
2025-07-28 09:00:00+00:00,90.96,70.52,98.88,88.92127344510823,102.06250857190118
2025-07-28 10:00:00+00:00,81.79,45.93,84.9,68.83069530714951,82.36081599380283
2025-07-28 11:00:00+00:00,77.52,15.04,81.73,47.55774803886328,59.2411037979635
2025-07-28 12:00:00+00:00,68.33,8.85,85.79,40.42242299931863,54.06580633117208
2025-07-28 13:00:00+00:00,73.97,17.3,87.96,42.79998396362252,59.93097662167995
2025-07-28 14:00:00+00:00,77.28,45.74,90.95,58.24447824726488,78.54546255330601
2025-07-28 15:00:00+00:00,88.12,82.36,104.3,83.56144728565754,105.35868115471132
2025-07-28 16:00:00+00:00,97.2,95.66,105.82,101.30962063147265,116.94116571938427
2025-07-28 17:00:00+00:00,103.59,102.47,119.69,117.55387867640873,125.36757458197148
2025-07-28 18:00:00+00:00,114.14,107.95,123.25,125.85740406296269,130.78540771219832
2025-07-28 19:00:00+00:00,114.34,114.71,120.09,126.9977249000427,134.65806568463555
2025-07-28 20:00:00+00:00,105.26,107.33,108.76,116.15947817389358,126.10745161831406
2025-07-28 21:00:00+00:00,92.43,102.69,100.04,106.48568550463142,119.23092539476008
2025-07-28 22:00:00+00:00,87.51,100.0,92.79,90.08279357170402,106.5040596407664
2025-07-28 23:00:00+00:00,84.1,88.77,87.2,81.41602234065314,97.0441328464502
2025-07-29 00:00:00+00:00,82.9,83.5,85.48,77.80530509390277,92.3555187571069
2025-07-29 01:00:00+00:00,82.1,79.67,82.0,76.98861610492327,89.05623176430103
2025-07-29 02:00:00+00:00,83.89,79.51,81.0,80.17248770514595,89.08299918197538
2025-07-29 03:00:00+00:00,92.88,89.52,89.28,92.0560597715763,98.36975757912057
2025-07-29 04:00:00+00:00,101.07,108.88,108.8,111.10012569549815,117.7372035446333
2025-07-29 05:00:00+00:00,109.25,121.97,109.28,120.21065222361662,130.33050303375867
2025-07-29 06:00:00+00:00,99.02,118.37,102.49,111.9122349899717,128.80532895657862
2025-07-29 07:00:00+00:00,80.2,105.45,91.29,93.93074630090803,118.45197446688239
2025-07-29 08:00:00+00:00,66.37,97.25,81.73,77.8950592659258,110.46756848549109
2025-07-29 09:00:00+00:00,54.0,90.96,68.41,64.675818223418,103.17765164522889
2025-07-29 10:00:00+00:00,25.6,81.79,39.63,48.450762511761184,89.40454887409886
2025-07-29 11:00:00+00:00,4.34,77.52,10.0,35.573396314620965,77.34127614226568
2025-07-29 12:00:00+00:00,1.07,68.33,0.17,25.82975507571929,66.99844169708557
2025-07-29 13:00:00+00:00,6.2,73.97,4.16,30.864084967506628,70.79184125371259
2025-07-29 14:00:00+00:00,44.41,77.28,36.9,43.57003344632456,78.86627829103747
2025-07-29 15:00:00+00:00,78.24,88.12,75.79,66.6900467677713,94.72973554340118
2025-07-29 16:00:00+00:00,94.81,97.2,88.98,88.87583018307461,104.7233123565389
2025-07-29 17:00:00+00:00,105.32,103.59,108.57,108.40001399854997,112.49740676567936
2025-07-29 18:00:00+00:00,123.56,114.14,112.56,120.56603532602216,120.28613249707115
2025-07-29 19:00:00+00:00,126.01,114.34,113.22,120.3503133932021,120.69278257932649
2025-07-29 20:00:00+00:00,111.94,105.26,108.48,110.62892973590269,112.55805441147862
2025-07-29 21:00:00+00:00,102.07,92.43,102.93,98.10051985817618,101.34560830520184
2025-07-29 22:00:00+00:00,94.92,87.51,87.65,79.01562796201145,83.99204053824023
2025-07-29 23:00:00+00:00,90.88,84.1,79.47,73.46858091945359,78.99900443461105
2025-07-30 00:00:00+00:00,86.93,82.9,78.5,70.90030547559978,77.0268810882757
2025-07-30 01:00:00+00:00,83.24,82.1,76.04,70.25842488961294,75.90235383039605
2025-07-30 02:00:00+00:00,84.89,83.89,77.69,73.50787972650548,77.752900354844
2025-07-30 03:00:00+00:00,94.72,92.88,80.64,82.98921846377797,86.3201937218651
2025-07-30 04:00:00+00:00,100.38,101.07,91.35,94.61894116956657,98.86052340025705
2025-07-30 05:00:00+00:00,97.47,109.25,99.87,100.83572469722634,110.29269588980685
2025-07-30 06:00:00+00:00,93.88,99.02,96.5,88.88565272210337,104.78523767054217
2025-07-30 07:00:00+00:00,79.02,80.2,81.69,66.71023809821925,89.0546649261464
2025-07-30 08:00:00+00:00,63.29,66.37,67.3,50.00901847212944,76.73131421998082
2025-07-30 09:00:00+00:00,40.43,54.0,53.5,37.83696837015441,65.66787842355643
2025-07-30 10:00:00+00:00,24.79,25.6,33.72,17.48669045925574,42.85802739740672
2025-07-30 11:00:00+00:00,17.69,4.34,23.73,2.859494154471804,26.23929609130215
2025-07-30 12:00:00+00:00,10.7,1.07,26.82,-1.2446174726738803,22.508938122670614
2025-07-30 13:00:00+00:00,28.03,6.2,40.3,3.7333568772389896,27.845495211631714
2025-07-30 14:00:00+00:00,45.61,44.41,67.81,29.757443097533212,56.5275689646947
2025-07-30 15:00:00+00:00,75.68,78.24,78.05,56.300851538971784,81.83355552358039
2025-07-30 16:00:00+00:00,93.97,94.81,86.07,77.21350152299746,95.90583977291446
2025-07-30 17:00:00+00:00,101.86,105.32,105.0,95.97691859893493,107.1403281261698
2025-07-30 18:00:00+00:00,109.07,123.56,112.98,110.4836753170858,120.66172156899971
2025-07-30 19:00:00+00:00,109.0,126.01,119.74,110.93367856548372,122.99128975685237
2025-07-30 20:00:00+00:00,104.0,111.94,110.54,97.17148135166309,110.25374943947992
2025-07-30 21:00:00+00:00,92.41,102.07,103.06,85.41619636945595,100.32184462798543
2025-07-30 22:00:00+00:00,88.93,94.92,97.82,71.40978682106051,87.52903094498
2025-07-30 23:00:00+00:00,82.11,90.88,94.08,65.95138820758106,83.26102924126491
2025-07-31 00:00:00+00:00,79.0,86.93,89.29,61.68415444666245,79.13616117124027
2025-07-31 02:00:00+00:00,78.51,84.89,93.45,64.1338782354367,78.55015949872227
2025-07-31 03:00:00+00:00,85.43,94.72,102.65,77.08630094084933,89.71493453874274
2025-07-31 04:00:00+00:00,98.14,100.38,112.05,88.7410536575997,100.02098267905572
2025-07-31 05:00:00+00:00,100.46,97.47,117.22,92.21587483558537,103.94506065717121
2025-07-31 06:00:00+00:00,94.09,93.88,110.4,86.68975700946166,101.76563496003008
2025-07-31 07:00:00+00:00,88.91,79.02,96.22,71.50335773828986,89.49353199684727
2025-07-31 08:00:00+00:00,74.17,63.29,89.17,57.26123767912489,77.4267231121619
2025-07-31 09:00:00+00:00,70.04,40.43,84.39,40.62714088802751,60.66269529059536
2025-07-31 10:00:00+00:00,61.15,24.79,82.17,26.544050033571935,45.87846141427139
2025-07-31 11:00:00+00:00,48.05,17.69,80.43,17.595477771493293,37.03419212932834
2025-07-31 12:00:00+00:00,35.06,10.7,82.05,10.684188571239929,30.14739228181054
2025-07-31 13:00:00+00:00,55.07,28.03,84.77,19.628912241442322,40.67300462458754
2025-07-31 14:00:00+00:00,72.43,45.61,93.34,35.75365343769944,56.10700221760255
2025-07-31 15:00:00+00:00,84.56,75.68,100.6,61.36263200952048,79.30620256171089
2025-07-31 16:00:00+00:00,96.9,93.97,109.2,83.97813794345787,94.43402561789996
2025-07-31 17:00:00+00:00,111.92,101.86,130.0,103.33138752544392,105.0110509825999
2025-07-31 18:00:00+00:00,128.27,109.07,154.16,115.4501345163437,114.60120735965374
2025-07-31 19:00:00+00:00,125.11,109.0,140.64,111.64542552198397,111.97919220408136
2025-07-31 20:00:00+00:00,114.16,104.0,118.38,101.15793811030132,102.92585694473004
2025-07-31 21:00:00+00:00,102.79,92.41,109.39,89.2382434584967,91.47774575277356
2025-07-31 22:00:00+00:00,105.31,88.93,111.27,90.51608295347478,90.44766398088626
2025-07-31 23:00:00+00:00,98.54,82.11,103.67,84.53399573118946,83.96008234595118
2025-08-01 00:00:00+00:00,92.15,79.0,97.05,81.18593874828002,80.05268549449804
2025-08-01 01:00:00+00:00,89.17,77.27,92.94,80.94923439154115,77.96041844279675
2025-08-01 02:00:00+00:00,94.21,78.51,96.97,84.82871417483302,79.60763264102647
2025-08-01 03:00:00+00:00,100.58,85.43,98.2,93.83169823699177,86.69805501721412
2025-08-01 04:00:00+00:00,106.69,98.14,108.87,108.95307806680783,101.13523683164759
2025-08-01 05:00:00+00:00,110.71,100.46,112.95,113.76556744875504,106.21753699952023
2025-08-01 06:00:00+00:00,106.64,94.09,110.85,109.35592034049517,103.66643903137489
2025-08-01 07:00:00+00:00,103.67,88.91,98.2,99.3105414897718,97.67656473560022
2025-08-01 08:00:00+00:00,97.95,74.17,94.08,84.40632348176663,86.20060824116432
2025-08-01 09:00:00+00:00,84.1,70.04,85.15,72.11247073771025,78.81738748677783
2025-08-01 10:00:00+00:00,77.05,61.15,83.09,58.28348033639851,68.81925718224527
2025-08-01 11:00:00+00:00,61.97,48.05,78.7,44.35757305986714,56.59514043812701
2025-08-01 12:00:00+00:00,49.06,35.06,76.31,30.672918017089387,44.27995374311586
2025-08-01 13:00:00+00:00,49.1,55.07,79.27,39.76617181954093,57.66170175702259
2025-08-01 14:00:00+00:00,69.93,72.43,81.09,51.991758781405814,69.722785326297
2025-08-01 15:00:00+00:00,83.59,84.56,84.02,67.05075666628987,80.63592641923465
2025-08-01 16:00:00+00:00,96.45,96.9,90.45,86.52762721653423,91.9554458041711
2025-08-01 17:00:00+00:00,109.51,111.92,101.81,107.72953861641571,105.03779565889066
2025-08-01 18:00:00+00:00,119.23,128.27,109.28,122.30857310470262,117.36427896219772
2025-08-01 19:00:00+00:00,117.51,125.11,121.21,121.11330037182175,116.64082608738994
2025-08-01 20:00:00+00:00,110.72,114.16,112.6,109.42363307738847,106.72534155168967
2025-08-01 21:00:00+00:00,102.73,102.79,110.25,96.94524184650683,96.12785089377229
2025-08-01 22:00:00+00:00,104.47,105.31,106.76,96.22180524569771,96.42303869912273
2025-08-01 23:00:00+00:00,100.32,98.54,100.7,87.78218181484448,88.03626624672215
2025-08-02 00:00:00+00:00,97.79,92.15,97.73,80.71851605116886,80.48610336686387
2025-08-02 01:00:00+00:00,92.16,89.17,96.65,76.70043909262503,75.30647278857514
2025-08-02 02:00:00+00:00,91.29,94.21,96.45,77.87743148806943,75.34029747947231
2025-08-02 03:00:00+00:00,90.77,100.58,94.89,80.06278614669642,75.91689760211548
2025-08-02 04:00:00+00:00,89.67,106.69,97.13,83.10528355616728,78.39200817451301
2025-08-02 05:00:00+00:00,84.7,110.71,96.1,83.3983477873499,80.10589701828535
2025-08-02 06:00:00+00:00,78.4,106.64,87.96,76.20450280809658,75.88114737334675
2025-08-02 07:00:00+00:00,65.68,103.67,85.85,68.08726688655763,73.12377588789158
2025-08-02 08:00:00+00:00,31.09,97.95,79.59,56.91533550714419,66.83286074765219
2025-08-02 09:00:00+00:00,5.68,84.1,75.2,42.92434688923785,56.233880343775226
2025-08-02 10:00:00+00:00,2.95,77.05,66.42,31.68808697548826,48.19028283893168
2025-08-02 11:00:00+00:00,0.0,61.97,49.87,16.92207915386203,33.94841745525254
2025-08-02 14:00:00+00:00,5.3,69.93,74.81,30.073392858021293,48.496155682867006
2025-08-02 15:00:00+00:00,60.69,83.59,84.2,48.78469513028434,64.12838686273837
2025-08-02 16:00:00+00:00,91.32,96.45,98.2,69.97577996376407,79.94403431691937
2025-08-02 17:00:00+00:00,102.0,109.51,106.6,88.7861368662068,94.09568128970513
2025-08-02 18:00:00+00:00,109.49,119.23,121.95,101.59917523634239,106.20449684027787
2025-08-02 19:00:00+00:00,108.42,117.51,127.07,100.76465642238183,107.17841469683054
2025-08-02 20:00:00+00:00,104.34,110.72,116.72,92.51655061874546,101.20701113018788
2025-08-02 21:00:00+00:00,95.0,102.73,108.8,82.39778035730528,93.03788784290018
2025-08-02 22:00:00+00:00,85.09,104.47,104.64,83.37753545435038,100.22598867814793
2025-08-02 23:00:00+00:00,77.52,100.32,99.47,76.16885231609194,93.96725110223161
2025-08-03 00:00:00+00:00,71.95,97.79,95.01,71.09142004993876,88.69912871524065
2025-08-03 01:00:00+00:00,68.14,92.16,92.07,65.83476718657772,81.64621070083791
2025-08-03 02:00:00+00:00,65.77,91.29,91.99,64.51768989887006,78.32258397632835
2025-08-03 03:00:00+00:00,59.98,90.77,89.88,64.53933515097705,75.19013181989453
2025-08-03 04:00:00+00:00,46.8,89.67,88.79,63.42525640776738,72.31215245238262
2025-08-03 05:00:00+00:00,26.0,84.7,86.58,58.59588025488301,68.06981675401963
2025-08-03 06:00:00+00:00,6.16,78.4,83.76,50.42451351967314,63.218463754902714
2025-08-03 07:00:00+00:00,0.0,65.68,81.71,37.33808859923356,54.35975210918062
2025-08-03 08:00:00+00:00,-1.01,31.09,75.91,16.614589992502417,31.166079346312117
2025-08-03 09:00:00+00:00,-2.1,5.68,70.52,-1.6591785844902063,13.294536228350509
2025-08-03 10:00:00+00:00,-3.0,2.95,45.93,-9.806150148319006,7.256583005308187
2025-08-03 11:00:00+00:00,-9.9,0.0,15.04,-17.258150230322528,-0.3705460086010959
2025-08-03 14:00:00+00:00,-1.5,5.3,45.74,-4.165344003421154,12.466927108944603
2025-08-03 15:00:00+00:00,3.61,60.69,82.36,36.279406746412164,58.671589251084846
2025-08-03 16:00:00+00:00,71.13,91.32,95.66,68.39262314524572,86.01994632963871
2025-08-03 17:00:00+00:00,88.13,102.0,102.47,89.59972158273118,99.09125842501128
2025-08-03 18:00:00+00:00,97.87,109.49,107.95,101.54082557144469,108.9921801730494
2025-08-03 19:00:00+00:00,95.99,108.42,114.71,101.31074594927561,111.63746529049784
2025-08-03 20:00:00+00:00,97.3,104.34,107.33,94.06217655761252,108.3662604981582
2025-08-03 21:00:00+00:00,85.09,95.0,102.69,82.32459107394212,100.25530517982362
2025-08-03 22:00:00+00:00,81.05,85.09,100.0,72.80161910685968,99.66607041796262
2025-08-03 23:00:00+00:00,70.07,77.52,88.77,63.256879463570094,92.51273095283071
2025-08-04 00:00:00+00:00,69.97,71.95,83.5,58.69939310473463,87.92415467588953
2025-08-04 01:00:00+00:00,70.62,68.14,79.67,58.05338773564304,84.53706216574159
2025-08-04 02:00:00+00:00,74.03,65.77,79.51,61.64854293121262,83.81937672377646
2025-08-04 03:00:00+00:00,82.94,59.98,89.52,68.93589263138938,84.63205858517294
2025-08-04 04:00:00+00:00,95.12,46.8,108.88,76.61703776632083,85.03341969684358
2025-08-04 05:00:00+00:00,102.72,26.0,121.97,76.23605511740419,77.70136634675889
2025-08-04 06:00:00+00:00,101.44,6.16,118.37,71.09761474395305,66.92957787930996
2025-08-04 07:00:00+00:00,97.05,0.0,105.45,66.02866175405222,61.303920654844895
2025-08-04 08:00:00+00:00,80.05,-1.01,97.25,58.75729347626686,56.655955984706374
2025-08-04 09:00:00+00:00,56.33,-2.1,90.96,49.96321265173434,52.632849054762154
2025-08-04 10:00:00+00:00,14.84,-3.0,81.79,40.31588398846338,49.073692442225656
2025-08-04 11:00:00+00:00,4.05,-9.9,77.52,27.50238757290515,41.544965869058565
2025-08-04 14:00:00+00:00,22.09,-1.5,77.28,25.01518891859422,43.586149451309986
2025-08-04 15:00:00+00:00,67.24,3.61,88.12,38.171161907330834,52.60047879081795
2025-08-04 16:00:00+00:00,80.91,71.13,97.2,83.02502938288646,100.90250103400585
2025-08-04 17:00:00+00:00,84.54,88.13,103.59,100.2149664005937,115.29538773232116
2025-08-04 18:00:00+00:00,80.21,97.87,114.14,105.7762275542011,123.83888626722201
2025-08-04 19:00:00+00:00,72.7,95.99,114.34,97.08791705679624,122.11641928895281
2025-08-04 20:00:00+00:00,66.63,97.3,105.26,87.42160571538572,119.97178714561619
2025-08-04 21:00:00+00:00,47.69,85.09,92.43,70.92089376351856,107.72547136109877
2025-08-04 22:00:00+00:00,21.52,81.05,87.51,56.687635317352985,94.75248278629952
2025-08-04 23:00:00+00:00,15.34,70.07,84.1,48.8538584741356,85.484513912781
2025-08-05 00:00:00+00:00,15.9,69.97,82.9,49.68489879534807,84.0014355558055
2025-08-05 01:00:00+00:00,23.96,70.62,82.1,53.71581516531276,83.79803915048731
2025-08-05 02:00:00+00:00,54.47,74.03,83.89,61.34284889697428,86.24514792832696
2025-08-05 03:00:00+00:00,76.19,82.94,92.88,75.02059971525621,94.51547543109069
2025-08-05 04:00:00+00:00,92.25,95.12,101.07,90.75414523837213,106.60232508832047
2025-08-05 05:00:00+00:00,92.08,102.72,109.25,98.58344967683288,114.61291659471019
2025-08-05 06:00:00+00:00,74.74,101.44,99.02,92.3286821891141,112.22527689665044
2025-08-05 07:00:00+00:00,3.89,97.05,80.2,77.55456112818146,105.46343971895593
2025-08-05 08:00:00+00:00,-0.21,80.05,66.37,60.48163673991252,90.94478312057737
2025-08-05 09:00:00+00:00,-2.01,56.33,54.0,39.693340246661855,72.6701986846876
2025-08-05 10:00:00+00:00,-4.94,14.84,25.6,8.994529019135086,39.95333910564542
2025-08-05 11:00:00+00:00,-9.5,4.05,4.34,-4.277463619576935,27.047602845363627
2025-08-05 12:00:00+00:00,-11.83,0.66,1.07,-11.555671975873366,22.420348508876685
2025-08-05 13:00:00+00:00,-9.92,0.02,6.2,-13.164073418887,22.91934871369989
2025-08-05 14:00:00+00:00,-5.07,22.09,44.41,2.388514039413195,41.867941761345485
2025-08-05 15:00:00+00:00,-0.52,67.24,78.24,33.15100387447392,75.98135907399879
2025-08-05 16:00:00+00:00,1.07,80.91,94.81,52.200331162245945,93.52121134395024
2025-08-05 17:00:00+00:00,72.48,84.54,105.32,69.19402967420189,99.36829498544722
2025-08-05 18:00:00+00:00,89.97,80.21,123.56,76.85038593848539,100.35539577286106
2025-08-05 19:00:00+00:00,107.15,72.7,126.01,73.31834067504093,95.69739485081247
2025-08-05 20:00:00+00:00,87.18,66.63,111.94,65.4775428234377,88.86922866970832
2025-08-05 21:00:00+00:00,81.0,47.69,102.07,49.976688764008344,72.63895719969237
2025-08-05 22:00:00+00:00,75.13,21.52,94.92,23.15992881994117,42.81270455288287
2025-08-05 23:00:00+00:00,59.89,15.34,90.88,18.2952170220494,36.91890767448262
2025-08-06 00:00:00+00:00,60.76,15.9,86.93,18.799564766603112,36.39043911697035
2025-08-06 01:00:00+00:00,61.01,23.96,83.24,24.461485504940242,41.19122162659088
2025-08-06 02:00:00+00:00,60.35,54.47,84.89,43.19675200613223,61.83751367256459
2025-08-06 03:00:00+00:00,81.7,76.19,94.72,61.20156144856671,79.46193396672571
2025-08-06 04:00:00+00:00,103.77,92.25,100.38,77.37737384485821,95.70713826951543
2025-08-06 05:00:00+00:00,102.94,92.08,97.47,76.81437987251296,99.31999900836499
2025-08-06 06:00:00+00:00,83.94,74.74,93.88,56.56783768461276,89.81062556997611
2025-08-06 07:00:00+00:00,27.74,3.89,79.02,3.6188670544417505,42.040748617718954
2025-08-06 08:00:00+00:00,-0.01,-0.21,63.29,-10.547588079429218,35.428842101722786
2025-08-06 09:00:00+00:00,-2.05,-2.01,40.43,-21.455790433393915,28.967346360210612
2025-08-06 10:00:00+00:00,-8.47,-4.94,24.79,-29.41133860737716,19.58956786242659
2025-08-06 11:00:00+00:00,-11.79,-9.5,17.69,-33.737668131834596,12.424389176029607
2025-08-06 12:00:00+00:00,-6.0,-11.83,10.7,-34.8407355610467,7.590547837240678
2025-08-06 13:00:00+00:00,-3.11,-9.92,28.03,-26.26146303302062,10.227012928515748
2025-08-06 14:00:00+00:00,-1.01,-5.07,45.61,-12.144523250639992,16.89729802172573
2025-08-06 15:00:00+00:00,52.15,-0.52,75.68,7.294138480776198,27.90725552316681
2025-08-06 16:00:00+00:00,97.19,1.07,93.97,30.35366211255942,34.012822605676114
2025-08-06 17:00:00+00:00,113.7,72.48,101.86,84.71094153485987,82.79508657325817
2025-08-06 18:00:00+00:00,170.16,89.97,109.07,103.15371859764905,95.97356566883273
2025-08-06 19:00:00+00:00,157.08,107.15,109.0,113.45577141978956,106.73647831304045
2025-08-06 20:00:00+00:00,110.0,87.18,104.0,100.30306373680908,91.09182567180487
2025-08-06 21:00:00+00:00,101.6,81.0,92.41,92.14135718314041,82.32423518999799
2025-08-06 22:00:00+00:00,97.58,75.13,88.93,82.64219460648567,70.68247704543266
2025-08-06 23:00:00+00:00,97.04,59.89,82.11,72.64898860192889,58.54397586170855
2025-08-07 00:00:00+00:00,91.44,60.76,79.0,72.06589632394797,58.14626173255591
2025-08-07 01:00:00+00:00,88.79,61.01,77.27,72.20463061230828,58.22043746549702
2025-08-07 02:00:00+00:00,88.93,60.35,78.51,73.87405206315549,59.97082109516126
2025-08-07 03:00:00+00:00,92.85,81.7,85.43,89.6483852467754,77.64032853754951
2025-08-07 04:00:00+00:00,107.46,103.77,98.14,107.44001374071962,98.41982738648053
2025-08-07 05:00:00+00:00,106.5,102.94,100.46,103.95495654989132,101.34150135128749
2025-08-07 06:00:00+00:00,100.48,83.94,94.09,80.835373788894,88.91241155183937
2025-08-07 07:00:00+00:00,77.63,27.74,88.91,35.750137886269705,47.54395617944437
2025-08-07 08:00:00+00:00,22.23,-0.01,74.17,7.424282665495866,27.507767470453018
2025-08-07 09:00:00+00:00,0.0,-2.05,70.04,-5.183388863860998,24.278550691060744
2025-08-07 10:00:00+00:00,-0.12,-8.47,61.15,-17.107963914989924,16.381130804711006
2025-08-07 11:00:00+00:00,-1.99,-11.79,48.05,-24.04397967124018,10.588317353130009
2025-08-07 12:00:00+00:00,-0.29,-6.0,35.06,-23.870162343085084,10.299095198129777
2025-08-07 13:00:00+00:00,-0.01,-3.11,55.07,-16.598336645236344,13.50522539249934
2025-08-07 14:00:00+00:00,2.0,-1.01,72.43,-4.2151685129193766,17.69727743054375
2025-08-07 15:00:00+00:00,65.59,52.15,84.56,38.78168452738865,54.46746998777639
2025-08-07 16:00:00+00:00,94.23,97.19,96.9,82.04393444350985,86.32545716810583
2025-08-07 17:00:00+00:00,111.95,113.7,111.92,110.1922592270763,105.44257389451808
2025-08-07 18:00:00+00:00,141.94,170.16,128.27,146.3757909778556,146.21166787457864
2025-08-07 19:00:00+00:00,127.5,157.08,125.11,140.28571423399538,139.19315293943453
2025-08-07 20:00:00+00:00,110.0,110.0,114.16,110.50225681752937,104.29001752741648
2025-08-07 21:00:00+00:00,101.28,101.6,102.79,99.3483696817341,94.8516748296044
2025-08-07 22:00:00+00:00,93.9,97.58,105.31,98.34745792688318,94.82603249216788
2025-08-07 23:00:00+00:00,89.49,97.04,98.54,93.63722299654296,91.16686901899438
2025-08-08 00:00:00+00:00,86.13,91.44,92.15,88.02749442199922,85.9884427126764
2025-08-08 01:00:00+00:00,82.66,88.79,89.17,85.8622769589792,83.65073471964514
2025-08-08 02:00:00+00:00,81.45,88.93,94.21,88.28973623366863,84.66308426787334
2025-08-08 03:00:00+00:00,91.14,92.85,100.58,96.95137217227062,91.57071958362086
2025-08-08 04:00:00+00:00,100.43,107.46,106.69,112.78659949596364,107.98487598780706
2025-08-08 05:00:00+00:00,103.05,106.5,110.71,113.4237368308082,111.75444911721586
2025-08-08 06:00:00+00:00,109.14,100.48,106.64,101.3410484458101,108.09062400669693
2025-08-08 07:00:00+00:00,89.9,77.63,103.67,74.86167662918578,87.77262558846459
2025-08-08 08:00:00+00:00,66.0,22.23,97.95,34.54613297315834,49.21306883345775
2025-08-08 09:00:00+00:00,8.39,0.0,84.1,10.58915716433296,31.880413718350255
2025-08-08 10:00:00+00:00,0.0,-0.12,77.05,-0.6686939678704391,27.628644999126834
2025-08-08 11:00:00+00:00,-0.01,-1.99,61.97,-9.640903747068691,21.681285071481255
2025-08-08 12:00:00+00:00,-0.02,-0.29,49.06,-13.714662220298791,18.698043204033937
2025-08-08 13:00:00+00:00,-0.01,-0.01,49.1,-10.985642650855837,17.524649060896834
2025-08-08 14:00:00+00:00,10.49,2.0,69.93,2.7456065749970833,21.937098307726927
2025-08-08 15:00:00+00:00,71.74,65.59,83.59,54.74555491860584,69.68542053711764
2025-08-08 16:00:00+00:00,103.86,94.23,96.45,92.02701719044245,93.8242203145781
2025-08-08 17:00:00+00:00,113.97,111.95,109.51,119.37360101109807,109.00930779582069
2025-08-08 18:00:00+00:00,144.62,141.94,119.23,142.01359868593843,133.74310158902466
2025-08-08 19:00:00+00:00,151.51,127.5,117.51,133.02320555112937,122.74767284320916
2025-08-08 20:00:00+00:00,121.59,110.0,110.72,117.7525436866691,105.20658916082817
2025-08-08 21:00:00+00:00,108.46,101.28,102.73,108.39819504932325,96.03120773496407
2025-08-08 22:00:00+00:00,101.93,93.9,104.47,103.71200602469035,90.0724784184547
2025-08-08 23:00:00+00:00,100.43,89.49,100.32,98.00982207974229,83.90962666128716
2025-08-09 00:00:00+00:00,99.94,86.13,97.79,93.59429406977861,78.17347981730413
2025-08-09 01:00:00+00:00,97.8,82.66,92.16,89.72497483763343,72.13450348496426
2025-08-09 02:00:00+00:00,96.87,81.45,91.29,88.19794058820347,68.14255209328842
2025-08-09 03:00:00+00:00,97.01,91.14,90.77,92.42057805755798,71.26016270314696
2025-08-09 04:00:00+00:00,97.26,100.43,89.67,95.77141456790329,75.77287224762382
2025-08-09 05:00:00+00:00,93.45,103.05,84.7,87.91294950578015,75.74321212607462
2025-08-09 06:00:00+00:00,70.19,109.14,78.4,74.6269308966357,78.61302548995462
2025-08-09 07:00:00+00:00,15.34,89.9,65.68,46.426362962108975,62.60049450077748
2025-08-09 08:00:00+00:00,-0.02,66.0,31.09,16.48187112861804,37.394327011614024
2025-08-09 09:00:00+00:00,-1.0,8.39,5.68,-25.03401909972834,-5.559348814315285
2025-08-09 10:00:00+00:00,-6.63,0.0,2.95,-35.61022874881084,-12.590954238877984
2025-08-09 11:00:00+00:00,-15.14,-0.01,0.0,-39.10607861573777,-14.71452546380361
2025-08-09 14:00:00+00:00,-0.04,10.49,5.3,-17.157353883351092,-2.953848638142162
2025-08-09 15:00:00+00:00,6.29,71.74,60.69,36.009481893347996,52.92353348229476
2025-08-09 16:00:00+00:00,85.9,103.86,91.32,76.74246269468863,84.2475868464896
2025-08-09 17:00:00+00:00,104.2,113.97,102.0,99.52448123633063,97.3936321572162
2025-08-09 18:00:00+00:00,127.62,144.62,109.49,121.83120090757454,123.43579861329698
2025-08-09 19:00:00+00:00,119.31,151.51,108.42,123.16115766568394,128.53700813456322
2025-08-09 20:00:00+00:00,107.89,121.59,104.34,103.10359448770532,107.73822174225998
2025-08-09 21:00:00+00:00,94.97,108.46,95.0,89.93334617381825,96.39947832539197
2025-08-09 22:00:00+00:00,84.79,101.93,85.09,87.22413325959363,97.27788898357448
2025-08-09 23:00:00+00:00,83.23,100.43,77.52,81.10881486358768,92.5783292441911
2025-08-10 00:00:00+00:00,83.1,99.94,71.95,77.30077805699591,88.76744043902309
2025-08-10 01:00:00+00:00,77.95,97.8,68.14,73.90470699061046,83.62024039727089
2025-08-10 02:00:00+00:00,80.68,96.87,65.77,73.06802926139528,79.5433363153841
2025-08-10 03:00:00+00:00,83.69,97.01,59.98,74.72659840250373,76.55125897942719
2025-08-10 04:00:00+00:00,82.27,97.26,46.8,74.84421788732959,73.08795899684692
2025-08-10 05:00:00+00:00,74.7,93.45,26.0,65.75697101108281,66.80088864442824
2025-08-10 06:00:00+00:00,26.36,70.19,6.16,37.60587275411386,49.58007941332336
2025-08-10 07:00:00+00:00,-0.01,15.34,0.0,-6.2823202451074,12.340557811300854
2025-08-10 08:00:00+00:00,-3.11,-0.02,-1.01,-27.20945530422084,0.4540006261750591
2025-08-10 09:00:00+00:00,-15.6,-1.0,-2.1,-36.647208837651334,-4.96760526214922
2025-08-10 10:00:00+00:00,-40.03,-6.63,-3.0,-44.35979040334513,-10.35392985752182
2025-08-10 11:00:00+00:00,-61.08,-15.14,-9.9,-51.25067465608379,-17.770685622460903
2025-08-10 12:00:00+00:00,-50.94,-15.37,-10.08,-49.38143228126523,-18.104364046243404
2025-08-10 13:00:00+00:00,-22.12,-4.1,-4.98,-36.91578330533295,-8.726597971450616
2025-08-10 14:00:00+00:00,-1.21,-0.04,-1.5,-23.599967507570724,-1.716036077837913
2025-08-10 15:00:00+00:00,2.13,6.29,3.61,1.0138232855490372,12.81591808800033
2025-08-10 16:00:00+00:00,82.64,85.9,71.13,75.09866053861809,80.19735793804436
2025-08-10 17:00:00+00:00,108.55,104.2,88.13,107.61510380902529,99.22098289497019
2025-08-10 18:00:00+00:00,118.95,127.62,97.87,129.18781515824912,121.47845137692147
2025-08-10 19:00:00+00:00,122.45,119.31,95.99,125.30559447795216,118.62720932182106
2025-08-10 20:00:00+00:00,106.98,107.89,97.3,116.49014213078222,110.05047801023993
2025-08-10 21:00:00+00:00,98.9,94.97,85.09,104.88019929715246,98.4134207006377
2025-08-10 22:00:00+00:00,99.82,84.79,81.05,101.43334851251129,97.10235247642002
2025-08-10 23:00:00+00:00,91.97,83.23,70.07,98.82660092685188,94.08687721895956
2025-08-11 00:00:00+00:00,87.44,83.1,69.97,99.61418719610889,93.83272552603319
2025-08-11 01:00:00+00:00,85.19,77.95,70.62,99.21209617652337,90.51597163435571
2025-08-11 02:00:00+00:00,92.85,80.68,74.03,104.74773454429531,93.47534070873851
2025-08-11 03:00:00+00:00,103.51,83.69,82.94,114.15857737500116,99.67123564735384
2025-08-11 04:00:00+00:00,129.22,82.27,95.12,123.36406943556656,106.30437168973852
2025-08-11 05:00:00+00:00,133.49,74.7,102.72,117.46892852817616,106.09786582654097
2025-08-11 06:00:00+00:00,105.35,26.36,101.44,78.4391182222727,75.79994902165478
2025-08-11 07:00:00+00:00,90.75,-0.01,97.05,46.39225187474384,54.73521634823333
2025-08-11 08:00:00+00:00,50.0,-3.11,80.05,27.194007463860018,48.46215552139467
2025-08-11 09:00:00+00:00,2.54,-15.6,56.33,8.693981260808272,36.318247892514144
2025-08-11 10:00:00+00:00,0.0,-40.03,14.84,-14.679733226125848,13.090631937823503
2025-08-11 13:00:00+00:00,9.0,-22.12,0.02,-4.217860478773133,17.69715453427486
2025-08-11 14:00:00+00:00,56.14,-1.21,22.09,19.499924740231762,33.9160671312143
2025-08-11 15:00:00+00:00,92.25,2.13,67.24,43.945688968922305,42.99265702849717
2025-08-11 16:00:00+00:00,108.26,82.64,80.91,110.63994252701923,104.49477314100395
2025-08-11 17:00:00+00:00,154.0,108.55,84.54,140.9806677248695,125.10431459666584
2025-08-11 18:00:00+00:00,191.95,118.95,80.21,148.1343622463614,133.81146506589712
2025-08-11 19:00:00+00:00,138.88,122.45,72.7,144.02420592219505,134.31881186348232
2025-08-11 20:00:00+00:00,108.87,106.98,66.63,128.5455197085853,121.2538377073638
2025-08-11 21:00:00+00:00,96.0,98.9,47.69,115.82434095544147,110.43354626537504
2025-08-11 22:00:00+00:00,93.0,99.82,21.52,101.67809315848493,97.49198485767108
2025-08-11 23:00:00+00:00,89.67,91.97,15.34,95.6412134965583,90.48428296779258
2025-08-12 00:00:00+00:00,85.41,87.44,15.9,93.46331774639324,86.83652954546197
2025-08-12 01:00:00+00:00,85.13,85.19,23.96,94.9242002446297,85.82354665521423
2025-08-12 02:00:00+00:00,86.48,92.85,54.47,105.70709781097696,95.17909495481643
2025-08-12 03:00:00+00:00,93.97,103.51,76.19,119.28737282926672,106.89400016084082
2025-08-12 04:00:00+00:00,106.91,129.22,92.25,140.66234776152655,130.09844709674846
2025-08-12 05:00:00+00:00,104.63,133.49,92.08,140.1132902838138,136.1942533414745
2025-08-12 06:00:00+00:00,98.71,105.35,74.74,109.03180154559374,113.74019047986101
2025-08-12 07:00:00+00:00,92.49,90.75,3.89,76.46620620664021,92.38592777902248
2025-08-12 08:00:00+00:00,79.53,50.0,-0.21,41.88439390073915,64.26287654353149
2025-08-12 09:00:00+00:00,40.41,2.54,-2.01,6.738103284577477,31.165643568945853
2025-08-12 10:00:00+00:00,8.38,0.0,-4.94,-4.686234869570711,24.073989541678714
2025-08-12 13:00:00+00:00,35.05,9.0,-9.92,0.6888264902639776,24.06506962958737
2025-08-12 14:00:00+00:00,73.12,56.14,-5.07,34.75893775029564,55.75949072885822
2025-08-12 15:00:00+00:00,94.06,92.25,-0.52,67.7039540794086,80.31979994078418
2025-08-12 16:00:00+00:00,106.1,108.26,1.07,96.46074409376413,98.5051315798114
2025-08-12 17:00:00+00:00,149.31,154.0,72.48,139.79676784636132,140.58495913479894
2025-08-12 18:00:00+00:00,156.16,191.95,89.97,160.89167539690715,169.0600712406267
2025-08-12 19:00:00+00:00,140.4,138.88,107.15,129.87333172128606,137.81588742758754
2025-08-12 20:00:00+00:00,114.07,108.87,87.18,104.20778366802566,113.20478040505155
2025-08-12 21:00:00+00:00,97.73,96.0,81.0,90.80777243377243,101.47433296200784
2025-08-12 22:00:00+00:00,95.72,93.0,75.13,78.38304227692237,87.65566332311795
2025-08-12 23:00:00+00:00,90.0,89.67,59.89,74.55223069215917,81.79367835726758
2025-08-13 00:00:00+00:00,86.89,85.41,60.76,74.2167256284572,78.24395253903835
2025-08-13 01:00:00+00:00,84.71,85.13,61.01,77.4325936209402,77.6884968139233
2025-08-13 02:00:00+00:00,87.07,86.48,60.35,83.4238928331877,79.61241192201206
2025-08-13 03:00:00+00:00,93.3,93.97,81.7,96.64378184541395,89.67968122609548
2025-08-13 04:00:00+00:00,108.87,106.91,103.77,114.0058743436556,107.00154236198884
2025-08-13 05:00:00+00:00,107.52,104.63,102.94,111.30199953363659,108.71349233931645
2025-08-13 06:00:00+00:00,105.87,98.71,83.94,95.7892053273094,102.78536874577553
2025-08-13 07:00:00+00:00,93.6,92.49,27.74,71.71998539466415,90.30006541942986
2025-08-13 08:00:00+00:00,89.26,79.53,-0.01,46.758022140026604,74.02442413898392
2025-08-13 09:00:00+00:00,68.2,40.41,-2.05,13.96935103774716,43.25723850433257
2025-08-13 10:00:00+00:00,44.29,8.38,-8.47,-10.99875908185993,18.746208672353703
2025-08-13 13:00:00+00:00,70.9,35.05,-3.11,7.178616090589969,33.13705301538433
2025-08-13 14:00:00+00:00,84.3,73.12,-1.01,38.31993235125004,61.03944698684507
2025-08-13 15:00:00+00:00,96.64,94.06,52.15,73.0749963451329,85.76682285072475
2025-08-13 16:00:00+00:00,115.34,106.1,97.19,103.740543426553,102.03578501464693
2025-08-13 17:00:00+00:00,193.3,149.31,113.7,142.02210188053402,136.87436657729398
2025-08-13 18:00:00+00:00,226.64,156.16,170.16,155.0813683926726,152.74427174453712
2025-08-13 19:00:00+00:00,154.52,140.4,157.08,138.98257646924395,137.19076073755056
2025-08-13 20:00:00+00:00,123.21,114.07,110.0,112.71392495403711,110.0755928317408
2025-08-13 21:00:00+00:00,106.27,97.73,101.6,98.23929372916467,95.57063891969698
2025-08-13 22:00:00+00:00,98.1,95.72,97.58,92.85489171412023,87.65073621368772
2025-08-13 23:00:00+00:00,92.0,90.0,97.04,89.5719170959055,82.62668391526623
2025-08-14 00:00:00+00:00,88.45,86.89,91.44,88.37245325661888,78.97761939792692
2025-08-14 01:00:00+00:00,88.2,84.71,88.79,89.27660437958177,76.88884586043652
2025-08-14 02:00:00+00:00,88.53,87.07,88.93,93.75970646670629,78.6320496814896
2025-08-14 03:00:00+00:00,97.52,93.3,92.85,102.98735279531414,85.40305562637054
2025-08-14 04:00:00+00:00,107.94,108.87,107.46,119.79061904312655,102.67411754408936
2025-08-14 05:00:00+00:00,109.92,107.52,106.5,117.33391267025766,105.10832655369019
2025-08-14 06:00:00+00:00,99.51,105.87,100.48,104.54864033527588,104.97190426424486
2025-08-14 07:00:00+00:00,91.1,93.6,77.63,80.35077946618061,93.36182354550103
2025-08-14 08:00:00+00:00,81.26,89.26,22.23,57.519340417871256,81.1781228190794
2025-08-14 09:00:00+00:00,67.57,68.2,0.0,32.650222473805194,60.53527880774269
2025-08-14 10:00:00+00:00,54.09,44.29,-0.12,12.115511125534852,40.49029966000774
2025-08-14 11:00:00+00:00,41.02,27.89,-1.99,0.6458899766659698,27.357297246193127
2025-08-14 12:00:00+00:00,54.9,41.66,-0.29,8.523460459092362,34.29863704467143
2025-08-14 13:00:00+00:00,69.43,70.9,-0.01,29.969512701679434,53.87357776000456
2025-08-14 14:00:00+00:00,78.99,84.3,2.0,49.31140373140605,65.00094603556205
2025-08-14 15:00:00+00:00,97.22,96.64,65.59,79.44850361161795,83.67191850957894
2025-08-14 16:00:00+00:00,115.54,115.34,94.23,110.38632637014155,102.39456649061174
2025-08-14 17:00:00+00:00,233.8,193.3,111.95,165.00237712529105,160.27939828035952
2025-08-14 18:00:00+00:00,283.89,226.64,141.94,188.35845338940322,187.74847896326085
2025-08-14 19:00:00+00:00,155.84,154.52,127.5,147.15439909377292,138.72698073485873
2025-08-14 20:00:00+00:00,120.71,123.21,110.0,123.11787782751976,112.7585623212816
2025-08-14 21:00:00+00:00,105.95,106.27,101.28,108.19376599990102,97.42757011055662
2025-08-14 22:00:00+00:00,99.59,98.1,93.9,102.13437728366362,93.81134737518194
2025-08-14 23:00:00+00:00,98.97,92.0,89.49,95.8313890780988,87.54612732178292
2025-08-15 00:00:00+00:00,93.9,88.45,86.13,92.04840082055848,83.6386557719793
2025-08-15 01:00:00+00:00,90.33,88.2,82.66,91.65700243155833,82.21073130857025
2025-08-15 02:00:00+00:00,92.0,88.53,81.45,93.93282428080396,82.26611349245394
2025-08-15 03:00:00+00:00,96.91,97.52,91.14,104.3405346717638,90.71326286879201
2025-08-15 04:00:00+00:00,101.66,107.94,100.43,116.9368791588136,102.59423617601576
2025-08-15 05:00:00+00:00,101.31,109.92,103.05,117.1507566583077,107.37044174198363
2025-08-15 06:00:00+00:00,96.6,99.51,109.14,101.61401849529067,103.42737769535194
2025-08-15 07:00:00+00:00,83.47,91.1,89.9,79.22836870759302,94.79878498576443
2025-08-15 08:00:00+00:00,43.9,81.26,66.0,57.12855668967093,84.13154445201991
2025-08-15 09:00:00+00:00,3.0,67.57,8.39,30.794553816301928,64.5188867288914
2025-08-15 10:00:00+00:00,0.08,54.09,0.0,14.134553400467183,50.806437958781665
2025-08-15 11:00:00+00:00,0.0,41.02,-0.01,2.978825071273235,38.726390971327824
2025-08-15 13:00:00+00:00,1.72,69.43,-0.01,21.36992174142169,56.022173810990246
2025-08-15 14:00:00+00:00,27.66,78.99,10.49,36.02879459203623,64.70374065790456
2025-08-15 15:00:00+00:00,77.96,97.22,71.74,66.41530648104126,87.15242721523404
2025-08-15 16:00:00+00:00,105.89,115.54,103.86,94.6902346111765,106.1777567088505
2025-08-15 17:00:00+00:00,114.38,233.8,113.97,168.38461736456986,191.67356264725623
2025-08-15 18:00:00+00:00,124.01,283.89,144.62,201.88317047873875,232.78249147479062
2025-08-15 19:00:00+00:00,111.5,155.84,151.51,133.00864715605778,146.27679961013854
2025-08-15 20:00:00+00:00,105.94,120.71,121.59,105.94975618053817,116.0709017686859
2025-08-15 21:00:00+00:00,95.96,105.95,108.46,92.97820538244198,102.11683940170539
2025-08-15 22:00:00+00:00,96.11,99.59,101.93,92.89896950975029,96.18639752015906
2025-08-15 23:00:00+00:00,90.92,98.97,100.43,90.19544563001357,92.70939680157075
2025-08-16 00:00:00+00:00,89.78,93.9,99.94,85.29375480997217,86.47043887365719
2025-08-16 01:00:00+00:00,85.35,90.33,97.8,81.55442813637465,80.97231833175502
2025-08-16 02:00:00+00:00,84.05,92.0,96.87,81.3487000180082,78.75984372592228
2025-08-16 03:00:00+00:00,87.09,96.91,97.01,84.28530912886022,79.48810525284257
2025-08-16 04:00:00+00:00,91.01,101.66,97.26,87.51946901712529,80.78921660156949
2025-08-16 05:00:00+00:00,90.02,101.31,93.45,83.92474781243675,78.89397417798216
2025-08-16 06:00:00+00:00,80.99,96.6,70.19,71.17386712582835,72.0115186470442
2025-08-16 07:00:00+00:00,67.94,83.47,15.34,48.687280538433704,55.58702524958556
2025-08-16 08:00:00+00:00,25.12,43.9,-0.02,17.124151679233364,26.752936616564796
2025-08-16 09:00:00+00:00,3.8,3.0,-1.0,-12.45089793985018,-1.2968512521301534
2025-08-16 10:00:00+00:00,0.17,0.08,-6.63,-23.40753802861508,-6.379579614893743
2025-08-16 11:00:00+00:00,-0.01,0.0,-15.14,-30.4628343032947,-9.574335552237457
2025-08-16 14:00:00+00:00,0.71,27.66,-0.04,-5.464551412695911,18.545766872999522
2025-08-16 15:00:00+00:00,16.21,77.96,6.29,33.273118098290084,57.85934309312666
2025-08-16 16:00:00+00:00,69.92,105.89,85.9,74.26461041352111,92.7348051910049
2025-08-16 17:00:00+00:00,95.0,114.38,104.2,98.23553517772001,113.54380845995787
2025-08-16 18:00:00+00:00,102.62,124.01,127.62,109.33165400536336,128.35166538700042
2025-08-16 19:00:00+00:00,100.61,111.5,119.31,96.23951535250163,111.1143818518925
2025-08-16 20:00:00+00:00,95.0,105.94,107.89,89.66062202247899,103.70850003834197
2025-08-16 21:00:00+00:00,90.0,95.96,94.97,80.8208232484242,93.38772623109413
2025-08-16 22:00:00+00:00,91.28,96.11,84.79,86.12993976931129,97.66644335604708
2025-08-16 23:00:00+00:00,85.34,90.92,83.23,82.68438577847257,91.71217426948957
2025-08-17 00:00:00+00:00,86.86,89.78,83.1,81.64675062433592,87.99373018643423
2025-08-17 01:00:00+00:00,86.63,85.35,77.95,79.01260911623083,81.32934409860144
2025-08-17 02:00:00+00:00,87.73,84.05,80.68,79.73298335971154,77.89081784746301
2025-08-17 03:00:00+00:00,89.93,87.09,83.69,83.57784900543729,77.5331552909769
2025-08-17 04:00:00+00:00,89.89,91.01,82.27,87.60447570786742,77.9899563288083
2025-08-17 05:00:00+00:00,81.03,90.02,74.7,82.7781710156153,75.01412552001908
2025-08-17 06:00:00+00:00,76.24,80.99,26.36,61.58243181182737,61.994271853752686
2025-08-17 07:00:00+00:00,32.59,67.94,-0.01,39.55379822683716,48.452604583615425
2025-08-17 08:00:00+00:00,9.96,25.12,-3.11,8.516554877929948,16.931855040914996
2025-08-17 09:00:00+00:00,0.1,3.8,-15.6,-11.782903233987966,-2.732343315882062
2025-08-17 10:00:00+00:00,-0.2,0.17,-40.03,-21.305749107823402,-9.803821172731361
2025-08-17 11:00:00+00:00,-0.93,-0.01,-61.08,-26.91283785882149,-13.60165183828859
2025-08-17 14:00:00+00:00,13.81,0.71,-1.21,-2.448024907020823,1.058431748077183
2025-08-17 15:00:00+00:00,72.4,16.21,2.13,23.74550708940808,20.235173528708046
2025-08-17 16:00:00+00:00,96.69,69.92,82.64,80.90333371546868,72.47453372333928
2025-08-17 17:00:00+00:00,110.0,95.0,108.55,112.83427934517877,97.66334464473537
2025-08-17 18:00:00+00:00,110.66,102.62,118.95,123.55641036610213,108.90640010483466
2025-08-17 19:00:00+00:00,110.14,100.61,122.45,121.55717940549823,109.42951389508791
2025-08-17 20:00:00+00:00,105.1,95.0,106.98,114.18792435995199,103.96645091136006
2025-08-17 21:00:00+00:00,102.54,90.0,98.9,107.52955491096553,98.15410442869513
2025-08-17 22:00:00+00:00,91.99,91.28,99.82,112.41957594577589,105.34996612721551
2025-08-17 23:00:00+00:00,87.13,85.34,91.97,108.10533898601585,99.50994991632044
2025-08-18 00:00:00+00:00,84.33,86.86,87.44,109.16749975851441,99.66231904317013
2025-08-18 01:00:00+00:00,83.85,86.63,85.19,110.73868752873567,98.78741443489953
2025-08-18 02:00:00+00:00,89.46,87.73,92.85,115.95231859368525,101.0234463919745
2025-08-18 03:00:00+00:00,99.27,89.93,103.51,125.44326206208257,106.93789664237119
2025-08-18 04:00:00+00:00,118.51,89.89,129.22,138.3545421638574,116.72972343751161
2025-08-18 05:00:00+00:00,130.13,81.03,133.49,132.55087748013605,115.40047975176896
2025-08-18 06:00:00+00:00,109.87,76.24,105.35,112.0129839000178,110.10631060787168
2025-08-18 07:00:00+00:00,88.84,32.59,90.75,70.38258795356026,79.3415913950144
2025-08-18 08:00:00+00:00,72.06,9.96,50.0,37.25110074914253,55.088345829246755
2025-08-18 09:00:00+00:00,45.93,0.1,2.54,15.136354857120239,39.47926655572197
2025-08-18 10:00:00+00:00,20.04,-0.2,0.0,8.718376676170607,36.93887408344066
2025-08-18 14:00:00+00:00,70.94,13.81,56.14,36.39873548046963,48.05396128371655
2025-08-18 15:00:00+00:00,90.32,72.4,92.25,86.0113465919467,92.07202690930961
2025-08-18 16:00:00+00:00,109.87,96.69,108.26,123.29927808492704,116.11273768882029
2025-08-18 17:00:00+00:00,185.5,110.0,154.0,151.8573894835946,135.11715337375315
2025-08-18 18:00:00+00:00,197.42,110.66,191.95,158.24494497459585,141.9763515671563
2025-08-18 19:00:00+00:00,124.67,110.14,138.88,146.74415439869819,134.276037433384
2025-08-18 20:00:00+00:00,107.49,105.1,108.87,134.38147378070454,125.12770673394294
2025-08-18 21:00:00+00:00,102.0,102.54,96.0,125.89808318753694,119.17136249575245
2025-08-18 22:00:00+00:00,101.01,91.99,93.0,111.51783792181065,103.51430443380603
2025-08-18 23:00:00+00:00,94.82,87.13,89.67,107.51300963959028,98.45595365968963
2025-08-19 00:00:00+00:00,88.2,84.33,85.41,105.66579964540358,95.38880257819673
2025-08-19 01:00:00+00:00,86.37,83.85,85.13,107.27516950598297,94.78042265639428
2025-08-19 02:00:00+00:00,90.09,89.46,86.48,113.55871299675674,98.81318214647608
2025-08-19 03:00:00+00:00,102.5,99.27,93.97,125.3903830982471,108.16969100716157
2025-08-19 04:00:00+00:00,111.1,118.51,106.91,144.72856395233202,126.92165760419486
2025-08-19 05:00:00+00:00,109.95,130.13,104.63,148.5545359875889,137.43719097911458
2025-08-19 06:00:00+00:00,98.05,109.87,98.71,122.65776787538414,124.93548770056495
2025-08-19 07:00:00+00:00,88.57,88.84,92.49,91.43414003038066,106.58101431220358
2025-08-19 08:00:00+00:00,69.64,72.06,79.53,65.13649307030732,91.03880016046539
2025-08-19 09:00:00+00:00,43.23,45.93,40.41,35.034675235181446,66.61742334333789
2025-08-19 10:00:00+00:00,22.85,20.04,8.38,9.42191102953592,42.66722081482728
2025-08-19 11:00:00+00:00,8.97,14.23,3.0,1.6439784829402555,35.473057404299986
2025-08-19 12:00:00+00:00,15.26,18.34,5.15,4.23273151884122,36.45124881627604
2025-08-19 13:00:00+00:00,30.89,54.56,35.05,31.608633762537124,63.42547904315017
2025-08-19 14:00:00+00:00,60.6,70.94,73.12,54.694468577741475,79.44943647367099
2025-08-19 15:00:00+00:00,91.48,90.32,94.06,85.85307630694996,100.68946912742003
2025-08-19 16:00:00+00:00,101.91,109.87,106.1,117.30902856662244,118.34362824782389
2025-08-19 17:00:00+00:00,120.51,185.5,149.31,173.73532249200142,175.0134838484086
2025-08-19 18:00:00+00:00,128.62,197.42,156.16,182.26042223106919,184.33084572524984
2025-08-19 19:00:00+00:00,111.06,124.67,140.4,140.73390796350927,135.2696025260402
2025-08-19 20:00:00+00:00,104.41,107.49,114.07,123.89405582522402,118.81009423137262
2025-08-19 21:00:00+00:00,97.2,102.0,97.73,114.84196427782629,110.76929491864009
2025-08-19 22:00:00+00:00,97.7,101.01,95.72,103.23660715236689,97.74285492413459
2025-08-19 23:00:00+00:00,93.18,94.82,90.0,98.63920382423726,91.53072486435747
2025-08-20 00:00:00+00:00,87.64,88.2,86.89,94.6782212785753,85.95991946901535
2025-08-20 01:00:00+00:00,85.78,86.37,84.71,94.28999281183104,84.16461423642687
2025-08-20 02:00:00+00:00,89.66,90.09,87.07,98.53763679608103,87.66241015747431
2025-08-20 03:00:00+00:00,98.8,102.5,93.3,110.1496580918101,99.08688034342451
2025-08-20 04:00:00+00:00,108.84,111.1,108.87,123.94168682273393,112.47922134233752
2025-08-20 05:00:00+00:00,110.12,109.95,107.52,122.40880744466244,115.43893302158779
2025-08-20 06:00:00+00:00,103.91,98.05,105.87,106.57394997896247,108.57872008981012
2025-08-20 07:00:00+00:00,90.05,88.57,93.6,86.05795856001495,98.94320475332451
2025-08-20 08:00:00+00:00,80.98,69.64,89.26,63.8223585724336,83.85758191404722
2025-08-20 09:00:00+00:00,69.06,43.23,68.2,38.8806661684689,60.5308564824193
2025-08-20 10:00:00+00:00,49.07,22.85,44.29,18.796169547092475,39.32613145324964
2025-08-20 11:00:00+00:00,35.0,8.97,27.89,8.432183000280205,25.921395031216903
2025-08-20 12:00:00+00:00,42.03,15.26,41.66,14.713873499802162,30.41474675341263
2025-08-20 13:00:00+00:00,73.02,30.89,70.9,31.944580971881862,46.248652045609425
2025-08-20 14:00:00+00:00,81.45,60.6,84.3,56.65798206254681,68.18971253547913
2025-08-20 15:00:00+00:00,101.69,91.48,96.64,86.74272650921633,92.76158810666074
2025-08-20 16:00:00+00:00,109.16,101.91,115.34,108.07875353674714,105.01930838097316
2025-08-20 17:00:00+00:00,135.15,120.51,193.3,136.64189224112573,134.4764615046933
2025-08-20 18:00:00+00:00,126.11,128.62,226.64,142.51149707640363,145.55992049547336
2025-08-20 19:00:00+00:00,114.95,111.06,154.52,116.8698340416577,119.04165415442237
2025-08-20 20:00:00+00:00,103.49,104.41,123.21,104.09982984002107,107.53769906122318
2025-08-20 21:00:00+00:00,97.34,97.2,106.27,95.41225273048373,98.41171926851915
2025-08-20 22:00:00+00:00,96.11,97.7,98.1,91.48208314282085,92.0338715435657
2025-08-20 23:00:00+00:00,90.73,93.18,92.0,89.06033244404053,86.88071293319675
2025-08-21 00:00:00+00:00,87.52,87.64,88.45,87.36830473302523,81.89796583586353
2025-08-21 01:00:00+00:00,90.88,85.78,88.2,88.80615617944039,80.23857658096857
2025-08-21 02:00:00+00:00,92.37,89.66,88.53,93.95971436342613,83.14385432635015
2025-08-21 03:00:00+00:00,108.59,98.8,97.52,105.08682769224538,93.05736298312428
2025-08-21 04:00:00+00:00,115.6,108.84,107.94,118.91113341366645,105.9193192866889
2025-08-21 05:00:00+00:00,116.89,110.12,109.92,120.56930456576862,110.3111931836919
2025-08-21 06:00:00+00:00,107.79,103.91,99.51,108.28307944219407,105.48951499286225
2025-08-21 07:00:00+00:00,97.32,90.05,91.1,88.5340289587116,94.39143307267511
2025-08-21 08:00:00+00:00,85.85,80.98,81.26,70.334169280523,84.55133454666816
2025-08-21 09:00:00+00:00,77.64,69.06,67.57,52.014893443200414,71.5112789282284
2025-08-21 10:00:00+00:00,69.49,49.07,54.09,32.794951145059834,52.84106261838601
2025-08-21 11:00:00+00:00,66.09,35.0,41.02,19.66163320193465,38.78745666094289
2025-08-21 12:00:00+00:00,56.26,42.03,54.9,21.872523288327912,43.12370050028162
2025-08-21 13:00:00+00:00,68.2,73.02,69.43,38.49164154154509,64.60682785173792
2025-08-21 14:00:00+00:00,72.39,81.45,78.99,47.49542180007163,73.26989711191362
2025-08-21 15:00:00+00:00,92.88,101.69,97.22,67.88167711519522,92.1513307634893
2025-08-21 16:00:00+00:00,103.2,109.16,115.54,84.59159423299707,102.24986540777462
2025-08-21 17:00:00+00:00,106.39,135.15,233.8,120.3287082261044,137.77093327757456
2025-08-21 18:00:00+00:00,110.73,126.11,283.89,123.09202215335009,139.60181617893448
2025-08-21 20:00:00+00:00,105.0,103.49,120.71,84.80267202421831,99.85890867422489
2025-08-21 21:00:00+00:00,95.78,97.34,105.95,76.25112533636748,91.31593908134903
2025-08-21 22:00:00+00:00,89.27,96.11,99.59,78.72087939546356,92.22274536414533
2025-08-21 23:00:00+00:00,81.99,90.73,98.97,76.02086326770005,87.50724488076814
2025-08-22 00:00:00+00:00,78.59,87.52,93.9,74.32855964633522,83.8622981007821
2025-08-22 01:00:00+00:00,77.52,90.88,90.33,77.21695371578284,85.26640306642012
2025-08-22 02:00:00+00:00,77.65,92.37,92.0,81.50211457159206,87.12945713688451
2025-08-22 03:00:00+00:00,87.9,108.59,96.91,96.4861735587122,100.80375727179346
2025-08-22 04:00:00+00:00,105.76,115.6,101.66,110.00936566444308,111.30627109004834
2025-08-22 05:00:00+00:00,107.45,116.89,101.31,111.17117912524833,115.02444166080454
2025-08-22 06:00:00+00:00,102.32,107.79,96.6,96.96080876215208,110.17966731079802
2025-08-22 07:00:00+00:00,90.02,97.32,83.47,74.72747059708871,100.14140467763637
2025-08-22 08:00:00+00:00,72.44,85.85,43.9,51.4471079895836,85.72258267385904
2025-08-22 09:00:00+00:00,42.5,77.64,3.0,33.18909669778218,72.00320847875135
2025-08-22 10:00:00+00:00,14.07,69.49,0.08,20.76181719564778,61.794000728707935
2025-08-22 11:00:00+00:00,3.84,66.09,0.0,12.550796194852495,55.48248413676017
2025-08-22 13:00:00+00:00,4.01,68.2,1.72,12.349639123187657,57.044172052219686
2025-08-22 14:00:00+00:00,40.64,72.39,27.66,23.740714069156624,63.78101465517155
2025-08-22 15:00:00+00:00,73.14,92.88,77.96,53.32531693135445,87.05497511230202
2025-08-22 16:00:00+00:00,95.17,103.2,105.89,76.82316516380124,99.05135449366807
2025-08-22 17:00:00+00:00,106.07,106.39,114.38,92.91718332430457,104.88573846479024
2025-08-22 18:00:00+00:00,113.0,110.73,124.01,99.84312558801876,108.22527843079536
2025-08-22 20:00:00+00:00,103.09,105.0,105.94,90.64414462127895,98.9279269178399
2025-08-22 21:00:00+00:00,94.37,95.78,95.96,80.86839272255878,89.12970270242275
2025-08-22 22:00:00+00:00,95.33,89.27,96.11,75.90327917220948,83.93775767069178
2025-08-22 23:00:00+00:00,89.32,81.99,90.92,67.73327389598865,75.64994465474462
2025-08-23 00:00:00+00:00,87.76,78.59,89.78,62.71651916085028,70.48287690706368
2025-08-23 01:00:00+00:00,85.21,77.52,85.35,59.68192986465807,66.6190375038747
2025-08-23 02:00:00+00:00,85.56,77.65,84.05,58.07880616494197,63.547492136803946
2025-08-23 03:00:00+00:00,85.6,87.9,87.09,62.83069860300901,68.61018810582758
2025-08-23 04:00:00+00:00,86.67,105.76,91.01,72.19518352949444,78.83123027848303
2025-08-23 05:00:00+00:00,86.78,107.45,90.02,69.84227577037953,78.48348186418868
2025-08-23 06:00:00+00:00,83.57,102.32,80.99,57.96244643581967,73.41715793202602
2025-08-23 07:00:00+00:00,62.9,90.02,67.94,37.81432110981452,63.0016672586374
2025-08-23 08:00:00+00:00,14.69,72.44,25.12,11.03999728022454,43.9462317513009
2025-08-23 09:00:00+00:00,3.29,42.5,3.8,-13.79040697152766,20.315257603764834
2025-08-23 10:00:00+00:00,1.32,14.07,0.17,-31.225902966362867,0.17452096686547236
2025-08-23 11:00:00+00:00,0.06,3.84,-0.01,-36.81769982536005,-7.200995446950074
2025-08-23 14:00:00+00:00,12.1,40.64,0.71,-0.7542916298161373,23.46242075869276
2025-08-23 15:00:00+00:00,72.19,73.14,16.21,32.880973531926095,52.640785190510684
2025-08-23 16:00:00+00:00,100.31,95.17,69.92,70.17794730779302,79.38032752901141
2025-08-23 17:00:00+00:00,112.22,106.07,95.0,96.25317315324874,93.77266695277451
2025-08-23 18:00:00+00:00,123.67,113.0,102.62,108.10229075328945,102.09814166829005
2025-08-23 20:00:00+00:00,111.16,103.09,95.0,102.92130401102611,96.35347992711813
2025-08-23 21:00:00+00:00,105.28,94.37,90.0,95.53569388758316,88.3058111086374
2025-08-23 22:00:00+00:00,100.5,95.33,91.28,99.34824139870263,94.9013618601535
2025-08-23 23:00:00+00:00,95.13,89.32,85.34,92.5875288000343,87.35662787522371
2025-08-24 00:00:00+00:00,94.41,87.76,86.86,88.98019201696245,83.71873214153628
2025-08-24 01:00:00+00:00,92.13,85.21,86.63,85.22655994303604,79.11392210581013
2025-08-24 02:00:00+00:00,91.2,85.56,87.73,83.90803361061147,76.43850925083862
2025-08-24 03:00:00+00:00,90.97,85.6,89.93,84.01149297260363,74.41361774208275
2025-08-24 04:00:00+00:00,90.0,86.67,89.89,85.8279509165821,74.48888134500552
2025-08-24 05:00:00+00:00,85.01,86.78,81.03,78.87595916142818,72.12062798018044
2025-08-24 06:00:00+00:00,72.84,83.57,76.24,63.008157969898534,68.71090388261703
2025-08-24 07:00:00+00:00,4.8,62.9,32.59,32.34011886408098,48.5155975429652
2025-08-24 08:00:00+00:00,-0.01,14.69,9.96,-5.0566777924906745,12.687640068305797
2025-08-24 09:00:00+00:00,-0.07,3.29,0.1,-19.021602951502473,1.0229842977962136
2025-08-24 10:00:00+00:00,-1.98,1.32,-0.2,-23.20980100845233,-3.701806383780422
2025-08-24 11:00:00+00:00,-7.45,0.06,-0.93,-24.623460935813455,-6.74076176520866
2025-08-24 12:00:00+00:00,-7.4,0.07,-1.25,-24.071132354554052,-7.684006815812609
2025-08-24 13:00:00+00:00,-0.1,3.52,0.65,-18.329218741224963,-3.820361312622879
2025-08-24 14:00:00+00:00,0.0,12.1,13.81,-2.189451550062728,9.73314423858379
2025-08-24 15:00:00+00:00,63.36,72.19,72.4,51.438097261995786,63.62598030987405
2025-08-24 16:00:00+00:00,99.81,100.31,96.69,88.66347181973495,91.76681538373764
2025-08-24 17:00:00+00:00,110.5,112.22,110.0,113.87818982820795,107.13677397046229
2025-08-24 18:00:00+00:00,117.31,123.67,110.66,126.58081633943097,119.3222178566916
2025-08-24 19:00:00+00:00,114.32,120.43,110.14,124.1190093036117,119.02115509476123
2025-08-24 20:00:00+00:00,107.5,111.16,105.1,115.76445860109233,112.51322608938236
2025-08-24 21:00:00+00:00,100.52,105.28,102.54,108.32653575355164,106.81436306574847
2025-08-24 22:00:00+00:00,95.28,100.5,91.99,107.8820765733561,109.52644793647033
2025-08-24 23:00:00+00:00,87.03,95.13,87.13,103.70335690238855,104.41310505575099
2025-08-25 00:00:00+00:00,84.02,94.41,84.33,103.70775976985172,103.4082962623025
2025-08-25 01:00:00+00:00,82.9,92.13,83.85,104.21038928530997,101.70437039219765
2025-08-25 02:00:00+00:00,83.46,91.2,89.46,108.02575534259297,102.57440913341924
2025-08-25 03:00:00+00:00,102.46,90.97,99.27,116.09440657309314,106.60033574921573
2025-08-25 04:00:00+00:00,115.38,90.0,118.51,128.46967396383513,114.77588487735065
2025-08-25 05:00:00+00:00,125.0,85.01,130.13,127.44642914102845,117.10746341099292
2025-08-25 06:00:00+00:00,110.04,72.84,109.87,106.6925745467569,108.44552554335289
2025-08-25 07:00:00+00:00,91.97,4.8,88.84,53.689923086641706,60.97382950739769
2025-08-25 08:00:00+00:00,72.98,-0.01,72.06,31.47830888695823,50.7404262233425
2025-08-25 09:00:00+00:00,35.02,-0.07,45.93,17.34396941988952,45.077210027871125
2025-08-25 10:00:00+00:00,10.0,-1.98,20.04,6.5738018895062,38.24871257658871
2025-08-25 11:00:00+00:00,5.93,-7.45,14.23,0.08676373701941031,31.928327633438244
2025-08-25 12:00:00+00:00,6.78,-7.4,18.34,0.3265707464555163,30.421433277505642
2025-08-25 13:00:00+00:00,25.2,-0.1,54.56,12.823663024375506,38.5336242625775
2025-08-25 14:00:00+00:00,56.43,0.0,70.94,26.683626903447106,41.17305887706784
2025-08-25 15:00:00+00:00,86.67,63.36,90.32,80.5787889677872,89.96802926315618
2025-08-25 16:00:00+00:00,111.54,99.81,109.87,124.17840786118857,120.55443294006878
2025-08-25 17:00:00+00:00,159.03,110.5,185.5,155.45242646975217,140.95582694264291
2025-08-25 18:00:00+00:00,232.82,117.31,197.42,163.86948041150552,148.59887704405435
2025-08-25 19:00:00+00:00,138.04,114.32,124.67,150.69920817042023,136.54569930343604
2025-08-25 20:00:00+00:00,115.04,107.5,107.49,140.3631270695097,127.62824316784526
2025-08-25 21:00:00+00:00,105.15,100.52,102.0,131.04553170939505,119.68423797359192
2025-08-25 22:00:00+00:00,105.8,95.28,101.01,117.35855803621115,106.08253950469832
2025-08-25 23:00:00+00:00,100.44,87.03,94.82,110.66827440233999,98.63312293465961
2025-08-26 00:00:00+00:00,96.58,84.02,88.2,107.54329745782577,95.01688422795745
2025-08-26 01:00:00+00:00,94.79,82.9,86.37,107.52785201962052,93.67158362505603
2025-08-26 02:00:00+00:00,96.27,83.46,90.09,110.60460876065956,94.81250812776725
2025-08-26 03:00:00+00:00,106.6,102.46,102.5,126.5692149940904,110.68317854369462
2025-08-26 04:00:00+00:00,124.59,115.38,111.1,142.2148324041472,124.94673970705837
2025-08-26 05:00:00+00:00,123.45,125.0,109.95,145.5695396486409,134.24055477147678
2025-08-26 06:00:00+00:00,106.79,110.04,98.05,122.19513708585603,123.30912183866701
2025-08-26 07:00:00+00:00,90.0,91.97,88.57,91.82921148515157,104.19014899433058
2025-08-26 08:00:00+00:00,77.47,72.98,69.64,64.91805783854497,87.66955272548297
2025-08-26 09:00:00+00:00,61.6,35.02,43.23,31.846345789835567,58.00872716829776
2025-08-26 10:00:00+00:00,41.95,10.0,22.85,9.641559583372697,36.404118854773266
2025-08-26 11:00:00+00:00,26.28,5.93,8.97,3.048085195383692,29.103412641047484
2025-08-26 12:00:00+00:00,38.05,6.78,15.26,6.357171353196193,28.547743461299874
2025-08-26 13:00:00+00:00,72.39,25.2,30.89,25.928662058750135,42.78522799457516
2025-08-26 14:00:00+00:00,88.26,56.43,60.6,57.19969859471326,66.25493810974174
2025-08-26 15:00:00+00:00,105.05,86.67,91.48,96.39686386206218,95.88206079128734
2025-08-26 16:00:00+00:00,131.09,111.54,101.91,128.66166675487375,117.96059968480398
2025-08-26 17:00:00+00:00,196.88,159.03,120.51,162.63414644888456,153.17186313055223
2025-08-26 18:00:00+00:00,180.17,232.82,128.62,197.84302117650878,203.33242478074504
2025-08-26 19:00:00+00:00,123.3,138.04,111.06,140.2996945673372,139.73821109669504
2025-08-26 20:00:00+00:00,109.47,115.04,104.41,118.30466000207944,122.04919127332408
2025-08-26 21:00:00+00:00,97.67,105.15,97.2,104.79743243234415,112.08165286243647
2025-08-26 22:00:00+00:00,96.59,105.8,97.7,93.07554512006436,100.92981393877669
2025-08-26 23:00:00+00:00,89.98,100.44,93.18,88.09990580797191,95.3020336546881
2025-08-27 00:00:00+00:00,86.52,96.58,87.64,86.29273076673236,91.25707235999094
2025-08-27 01:00:00+00:00,87.25,94.79,85.78,88.05770167155316,89.33740738866233
2025-08-27 02:00:00+00:00,90.0,96.27,89.66,94.3357540723225,91.2564659166182
2025-08-27 03:00:00+00:00,97.73,106.6,98.8,108.19124278742876,102.45543116195235
2025-08-27 04:00:00+00:00,110.0,124.59,108.84,127.80399175926127,120.74002404296438
2025-08-27 05:00:00+00:00,115.19,123.45,110.12,130.13315656293835,123.88781390353579
2025-08-27 06:00:00+00:00,113.64,106.79,103.91,117.06526298842476,113.90132265809142
2025-08-27 07:00:00+00:00,101.63,90.0,90.05,96.97318473672274,100.13917339083686
2025-08-27 08:00:00+00:00,86.0,77.47,80.98,76.20095371372125,88.66985716453486
2025-08-27 09:00:00+00:00,79.29,61.6,69.06,53.78177242018364,72.71128775251742
2025-08-27 10:00:00+00:00,64.38,41.95,49.07,31.366482488883392,52.682387001033995
2025-08-27 11:00:00+00:00,50.68,26.28,35.0,18.51158184079378,37.949033835946445
2025-08-27 12:00:00+00:00,50.94,38.05,42.03,27.012208342053228,44.31422397503797
2025-08-27 13:00:00+00:00,76.18,72.39,73.02,54.16525293777942,70.37879197277077
2025-08-27 14:00:00+00:00,85.1,88.26,81.45,75.19046468692923,83.66830438397534
2025-08-27 15:00:00+00:00,104.94,105.05,101.69,102.92172861059437,100.927243626779
2025-08-27 16:00:00+00:00,134.63,131.09,109.16,132.3813490416473,121.57347013049315
2025-08-27 17:00:00+00:00,222.07,196.88,135.15,178.90095812898102,172.2766849053226
2025-08-27 18:00:00+00:00,222.04,180.17,126.11,171.0958067835403,166.38413349151864
2025-08-27 19:00:00+00:00,128.87,123.3,114.95,133.9436824079444,120.91355603607838
2025-08-27 20:00:00+00:00,113.63,109.47,103.49,118.99527482319671,106.98374035136332
2025-08-27 21:00:00+00:00,103.57,97.67,97.34,106.75905710144485,95.96077628621217
2025-08-27 22:00:00+00:00,97.15,96.59,96.11,98.82414556877067,88.94105574676082
2025-08-27 23:00:00+00:00,91.92,89.98,90.73,92.61323916350146,82.80094553656016
2025-08-28 00:00:00+00:00,87.89,86.52,87.52,89.73974293720941,79.4569413609376
2025-08-28 01:00:00+00:00,87.09,87.25,90.88,91.6283879937386,80.0093624630658
2025-08-28 02:00:00+00:00,90.23,90.0,92.37,96.33570474260047,82.45869758509372
2025-08-28 03:00:00+00:00,98.72,97.73,108.59,108.92688568314605,92.84538765153233
2025-08-28 04:00:00+00:00,121.63,110.0,115.6,125.82819287711193,107.76887200361789
2025-08-28 05:00:00+00:00,143.79,115.19,116.89,132.60618178615536,114.39189734116754
2025-08-28 06:00:00+00:00,143.95,113.64,107.79,129.34074110234172,112.94445442734688
2025-08-28 07:00:00+00:00,121.84,101.63,97.32,118.14298796591494,102.59252495927687
2025-08-28 08:00:00+00:00,112.27,86.0,85.85,105.8179918930206,89.65011564755733
2025-08-28 09:00:00+00:00,108.13,79.29,77.64,98.37131137366238,81.57063320539923
2025-08-28 10:00:00+00:00,100.89,64.38,69.49,85.58404929688848,66.45926885640739
2025-08-28 11:00:00+00:00,100.96,50.68,66.09,76.0167929623282,53.64204761556946
2025-08-28 12:00:00+00:00,100.89,50.94,56.26,75.03800891122927,51.44480691819512
2025-08-28 13:00:00+00:00,100.66,76.18,68.2,90.59480129224863,70.96042708518911
2025-08-28 14:00:00+00:00,96.1,85.1,72.39,97.80997358935139,78.65053517715808
2025-08-28 15:00:00+00:00,129.84,104.94,92.88,114.01395625906369,96.15116004543513
2025-08-28 16:00:00+00:00,160.85,134.63,103.2,135.57314086025144,120.12681237490335
2025-08-28 17:00:00+00:00,210.0,222.07,106.39,184.68017947447822,183.49379476786265
2025-08-28 18:00:00+00:00,153.16,222.04,110.73,183.24895501528948,183.62774119888988
2025-08-28 20:00:00+00:00,107.11,113.63,105.0,115.57976374625446,105.69721421342489
2025-08-28 21:00:00+00:00,92.15,103.57,95.78,103.01109609518149,94.91518499064281
2025-08-28 22:00:00+00:00,85.04,97.15,89.27,101.50890268568517,93.23592414809204
2025-08-28 23:00:00+00:00,83.27,91.92,81.99,96.00747908741768,87.58989002801673
2025-08-29 00:00:00+00:00,83.1,87.89,78.59,92.69758910523856,83.72373308862439
2025-08-29 01:00:00+00:00,81.59,87.09,77.52,92.71261962386369,82.9273774461916
2025-08-29 02:00:00+00:00,83.01,90.23,77.65,96.11651088162773,85.34728665927256
2025-08-29 03:00:00+00:00,91.0,98.72,87.9,106.49444870049699,94.64791862322232
2025-08-29 04:00:00+00:00,117.55,121.63,105.76,129.0972601102038,117.35947446698648
2025-08-29 05:00:00+00:00,121.39,143.79,107.45,144.2977433136921,135.15580889496192
2025-08-29 06:00:00+00:00,120.0,143.95,102.32,142.32898259383995,136.90601653353409
2025-08-29 07:00:00+00:00,110.36,121.84,90.02,121.77019060037863,119.8204449945107
2025-08-29 08:00:00+00:00,84.25,112.27,72.44,103.67104262751451,109.00716391479844
2025-08-29 09:00:00+00:00,78.08,108.13,42.5,86.21830861967774,99.50089663945181
2025-08-29 10:00:00+00:00,67.44,100.89,14.07,68.5732972365265,86.44088308372103
2025-08-29 11:00:00+00:00,53.96,100.96,3.84,61.321901294719076,80.91706416931211
2025-08-29 12:00:00+00:00,59.64,100.89,0.02,59.50861846865196,77.72596555168363
2025-08-29 13:00:00+00:00,73.06,100.66,4.01,65.02395185822652,79.32396502051559
2025-08-29 14:00:00+00:00,85.0,96.1,40.64,75.8227043053617,81.75608395362924
2025-08-29 15:00:00+00:00,104.82,129.84,73.14,109.26281123520117,110.88286631889832
2025-08-29 16:00:00+00:00,118.51,160.85,95.17,139.80417573648194,137.19681102485814
2025-08-29 17:00:00+00:00,147.68,210.0,106.07,174.30015976940484,178.23026584654707
2025-08-29 18:00:00+00:00,116.5,153.16,113.0,142.59779902598,143.02888866003153
2025-08-29 19:00:00+00:00,111.96,124.18,107.63,117.6527404410566,116.74394589362882
2025-08-29 20:00:00+00:00,95.7,107.11,103.09,100.93005717475314,102.45801655642548
2025-08-29 21:00:00+00:00,86.07,92.15,94.37,85.87197004847819,88.92480355547899
2025-08-29 22:00:00+00:00,92.5,85.04,95.33,79.89977475005196,83.2863747763933
2025-08-29 23:00:00+00:00,86.56,83.27,89.32,75.31762165980699,78.46500172235706
2025-08-30 00:00:00+00:00,83.3,83.1,87.76,72.95577551533545,75.16564612541839
2025-08-30 01:00:00+00:00,81.51,81.59,85.21,71.12196328359963,70.86677136741531
2025-08-30 02:00:00+00:00,83.39,83.01,85.56,71.7956731054523,68.75991419908647
2025-08-30 03:00:00+00:00,87.72,91.0,85.6,76.36408649528289,71.25541353425513
2025-08-30 04:00:00+00:00,95.02,117.55,86.67,91.71442222115327,87.98326745640522
2025-08-30 05:00:00+00:00,98.09,121.39,86.78,91.84174027271047,90.62557915192008
2025-08-30 06:00:00+00:00,89.64,120.0,83.57,83.8821714017691,89.36344162580413
2025-08-30 07:00:00+00:00,78.6,110.36,62.9,66.09742972645694,78.85226276750635
2025-08-30 08:00:00+00:00,36.46,84.25,14.69,36.80931895840837,54.13343854397373
2025-08-30 09:00:00+00:00,5.23,78.08,3.29,23.621615204801998,47.228856923034996
2025-08-30 10:00:00+00:00,0.0,67.44,1.32,11.973326322461133,37.89571120524372
2025-08-30 11:00:00+00:00,-0.01,53.96,0.06,3.823245777488154,28.086021755738557
2025-08-30 13:00:00+00:00,-0.38,73.06,3.52,20.2870861936411,42.98560297725214
2025-08-30 14:00:00+00:00,9.48,85.0,12.1,37.6790033977328,54.739610995048544
2025-08-30 15:00:00+00:00,81.1,104.82,72.19,74.34769973702731,82.68900711493447
2025-08-30 16:00:00+00:00,103.9,118.51,100.31,107.68426434823196,102.48842483979158
2025-08-30 17:00:00+00:00,127.07,147.68,112.22,139.22958265849766,130.22201375000392
2025-08-30 18:00:00+00:00,129.98,116.5,123.67,125.41817451332432,110.15751875991613
2025-08-30 19:00:00+00:00,120.39,111.96,120.43,118.19629462618963,106.10938360493361
2025-08-30 20:00:00+00:00,104.94,95.7,111.16,102.665725158632,93.45831077989126
2025-08-30 21:00:00+00:00,90.3,86.07,105.28,89.66179326526742,84.25744663546546
2025-08-30 22:00:00+00:00,88.74,92.5,100.5,90.90620121384055,93.16246282601578
2025-08-30 23:00:00+00:00,78.91,86.56,95.13,81.18753234282158,86.314698592039
2025-08-31 00:00:00+00:00,70.53,83.3,94.41,74.72447269529265,81.65953864157228
2025-08-31 01:00:00+00:00,67.02,81.51,92.13,70.54366183733612,77.24404007089693
2025-08-31 02:00:00+00:00,63.79,83.39,91.2,69.85373955293304,75.34532360444791
2025-08-31 03:00:00+00:00,64.56,87.72,90.97,71.89387618853792,75.72806947968594
2025-08-31 04:00:00+00:00,65.0,95.02,90.0,77.42391588640025,80.74712708085396
2025-08-31 05:00:00+00:00,62.13,98.09,85.01,74.04988876799055,81.33277856507158
2025-08-31 06:00:00+00:00,22.3,89.64,72.84,57.210320087474685,73.98188072297022
2025-08-31 07:00:00+00:00,5.2,78.6,4.8,32.25452418467416,56.80405347666638
2025-08-31 08:00:00+00:00,-0.01,36.46,-0.01,1.8093341062374435,26.740216622419453
2025-08-31 09:00:00+00:00,-0.02,5.23,-0.07,-17.570909782860255,5.9972731558346055
2025-08-31 10:00:00+00:00,-0.11,0.0,-1.98,-20.432002637419146,1.0823990611714862
2025-08-31 11:00:00+00:00,-1.0,-0.01,-7.45,-18.33850749410219,-1.2134280698919184
2025-08-31 13:00:00+00:00,0.0,-0.38,-0.1,-3.005849948517451,2.9782331773730277
2025-08-31 14:00:00+00:00,25.47,9.48,0.0,15.989051414414618,13.842734621016461
2025-08-31 15:00:00+00:00,79.74,81.1,63.36,78.96621833042329,74.54219486608048
2025-08-31 16:00:00+00:00,117.59,103.9,99.81,114.16125933896956,99.93396876308047
2025-08-31 17:00:00+00:00,135.1,127.07,110.5,138.84770392392187,123.35814034085122
2025-08-31 18:00:00+00:00,132.07,129.98,117.31,140.58876385697332,127.70774120115566
2025-08-31 19:00:00+00:00,114.15,120.39,114.32,130.86809683075842,122.75109339496939
2025-08-31 20:00:00+00:00,102.63,104.94,107.5,115.42178157472534,111.04826723846043
2025-08-31 21:00:00+00:00,89.76,90.3,100.52,100.26071217857768,99.04962668204267
2025-08-31 22:00:00+00:00,84.08,88.74,95.28,91.14022319594851,101.45672478506849
2025-08-31 23:00:00+00:00,81.43,78.91,87.03,83.78045720350477,93.08560480352772
2025-09-01 00:00:00+00:00,80.97,70.53,84.02,80.21693260361442,87.09515400688346
2025-09-01 01:00:00+00:00,80.03,67.02,82.9,80.99359823889523,84.56040579044802
2025-09-01 02:00:00+00:00,81.37,63.79,83.46,83.75325461520153,83.36679985247275
2025-09-01 03:00:00+00:00,92.58,64.56,102.46,93.92812774827546,89.85649361996818
2025-09-01 04:00:00+00:00,120.43,65.0,115.38,107.08878402755323,99.23517070375678
2025-09-01 05:00:00+00:00,125.67,62.13,125.0,110.13248921658592,103.48013676008031
2025-09-01 06:00:00+00:00,116.1,22.3,110.04,84.17503511513777,78.15704100979559
2025-09-01 07:00:00+00:00,98.19,5.2,91.97,66.63036825353964,64.52499768858864
2025-09-01 08:00:00+00:00,82.0,-0.01,72.98,52.868560733116446,54.50371502399904
2025-09-01 09:00:00+00:00,69.4,-0.02,35.02,39.755974446261604,45.572533163079314
2025-09-01 10:00:00+00:00,38.27,-0.11,10.0,31.888957581611663,39.871491810214366
2025-09-01 11:00:00+00:00,25.03,-1.0,5.93,29.867703154817193,36.72347031065053
2025-09-01 13:00:00+00:00,67.76,0.0,25.2,39.115815834129556,36.32415321075145
2025-09-01 14:00:00+00:00,84.67,25.47,56.43,65.05561111949167,57.035847699118754
2025-09-01 15:00:00+00:00,109.7,79.74,86.67,110.37019418692704,102.26480572496706
2025-09-01 16:00:00+00:00,155.32,117.59,111.54,145.50438027693662,134.00372915247408
2025-09-01 17:00:00+00:00,250.65,135.1,159.03,168.1042271790057,155.89808805632128
2025-09-01 18:00:00+00:00,210.56,132.07,232.82,174.05058727369368,164.73245805460482
2025-09-01 19:00:00+00:00,125.2,114.15,138.04,148.59819153257206,139.22135348129686
2025-09-01 20:00:00+00:00,112.4,102.63,115.04,133.58971731799974,125.7048331479757
2025-09-01 21:00:00+00:00,100.53,89.76,105.15,119.63504374868825,112.58697635013347
2025-09-01 22:00:00+00:00,95.01,84.08,105.8,104.79745359656945,99.40059070459952
2025-09-01 23:00:00+00:00,90.11,81.43,100.44,100.78617178742377,95.29359185810327
2025-09-02 00:00:00+00:00,90.84,80.97,96.58,99.29063300072988,93.11514874848169
2025-09-02 01:00:00+00:00,92.5,80.03,94.79,100.11145055610169,91.78893497442046
2025-09-02 02:00:00+00:00,94.8,81.37,96.27,104.1776226270668,92.7992065463755
2025-09-02 03:00:00+00:00,106.85,92.58,106.6,117.25761725846706,103.46588121779955
2025-09-02 04:00:00+00:00,134.39,120.43,124.59,143.19877817865276,128.82458056651774
2025-09-02 05:00:00+00:00,153.67,125.67,123.45,151.39676238531231,135.809304433081
2025-09-02 06:00:00+00:00,147.48,116.1,106.79,141.49007225733183,125.89586990560927
2025-09-02 07:00:00+00:00,121.05,98.19,90.0,122.7377139115544,109.54135792183965
2025-09-02 08:00:00+00:00,102.14,82.0,77.47,104.19368780475995,95.32160564607263
2025-09-02 09:00:00+00:00,84.66,69.4,61.6,87.68949947991996,82.95526603345627
2025-09-02 10:00:00+00:00,78.94,38.27,41.95,62.313101541926194,57.392555958764476
2025-09-02 11:00:00+00:00,79.73,25.03,26.28,47.26635653775123,44.02597977851674
2025-09-02 12:00:00+00:00,78.54,42.73,38.05,52.80921130513001,54.605783995448434
2025-09-02 13:00:00+00:00,84.37,67.76,72.39,69.6528848209003,74.7018652180397
2025-09-02 14:00:00+00:00,95.0,84.67,88.26,85.4880344464455,89.24603100337634
2025-09-02 15:00:00+00:00,108.97,109.7,105.05,113.56703929354597,113.10747380720565
2025-09-02 16:00:00+00:00,173.16,155.32,131.09,155.68084957021628,150.61967219992883
2025-09-02 17:00:00+00:00,311.51,250.65,196.88,223.25978190906835,224.57111918534636
2025-09-02 18:00:00+00:00,263.79,210.56,180.17,200.4763544857762,197.06080540558435
2025-09-02 19:00:00+00:00,140.92,125.2,123.3,144.24055354506507,132.74461790044037
2025-09-02 20:00:00+00:00,110.47,112.4,109.47,126.87558980250618,120.04530019107477
2025-09-02 21:00:00+00:00,91.21,100.53,97.67,109.6608344445109,107.49163891563289
2025-09-02 22:00:00+00:00,97.25,95.01,96.59,86.86658736141675,91.92775793376975
2025-09-02 23:00:00+00:00,90.74,90.11,89.98,77.90832555410611,86.96876696318773
2025-09-03 00:00:00+00:00,85.95,90.84,86.52,74.57423081134982,86.46747553412716
2025-09-03 01:00:00+00:00,81.72,92.5,87.25,74.26004648528898,87.25437734656082
2025-09-03 02:00:00+00:00,81.23,94.8,90.0,76.55193905010032,89.66925438674032
2025-09-03 03:00:00+00:00,86.97,106.85,97.73,87.51787176405197,101.26934240792599
2025-09-03 04:00:00+00:00,103.2,134.39,110.0,110.47782579117498,127.26705120356085
2025-09-03 05:00:00+00:00,112.34,153.67,115.19,120.88291904936969,143.70665418813093
2025-09-03 06:00:00+00:00,109.13,147.48,113.64,110.92837337024991,141.39602293123926
2025-09-03 07:00:00+00:00,85.3,121.05,101.63,83.56275664845445,121.68588597016256
2025-09-03 08:00:00+00:00,29.04,102.14,86.0,57.26038522076339,105.22142482009123
2025-09-03 09:00:00+00:00,0.03,84.66,79.29,35.22655266406418,90.54568653868401
2025-09-03 10:00:00+00:00,-0.1,78.94,64.38,22.602103841433447,79.44536716830959
2025-09-03 12:00:00+00:00,-0.28,78.54,50.94,19.18407701932186,73.09311247418513
2025-09-03 13:00:00+00:00,0.0,84.37,76.18,29.586967680526215,80.92359831451722
2025-09-03 14:00:00+00:00,3.89,95.0,85.1,42.879369632829665,89.90095982875309
2025-09-03 15:00:00+00:00,63.46,108.97,104.94,66.47814300320952,105.16206794996704
2025-09-03 16:00:00+00:00,102.35,173.16,134.63,118.56046966249785,154.95718050577676
2025-09-03 17:00:00+00:00,110.92,311.51,222.07,210.8508162824345,264.6038233371375
2025-09-03 18:00:00+00:00,104.0,263.79,222.04,184.04623456117383,232.18160524144193
2025-09-03 19:00:00+00:00,94.17,140.92,128.87,102.35375003579031,134.07669009557077
2025-09-03 20:00:00+00:00,80.68,110.47,113.63,79.02215113832054,109.47021855917393
2025-09-03 21:00:00+00:00,54.25,91.21,103.57,63.23374516332465,92.97373363430174
2025-09-03 22:00:00+00:00,21.65,97.25,97.15,56.72103851135892,89.70042716577932
2025-09-03 23:00:00+00:00,17.7,90.74,91.92,52.326261422010916,83.40759609643065
2025-09-04 00:00:00+00:00,17.87,85.95,87.89,51.31225190754031,79.46762640371432
2025-09-04 01:00:00+00:00,30.02,81.72,87.09,52.787466852427556,76.75672800223063
2025-09-04 02:00:00+00:00,59.92,81.23,90.23,58.44303902467177,77.33933380386529
2025-09-04 03:00:00+00:00,83.89,86.97,98.72,71.81820651094058,85.55257496319354
2025-09-04 04:00:00+00:00,107.87,103.2,121.63,95.75562318447136,106.2912095208763
2025-09-04 05:00:00+00:00,120.0,112.34,143.79,109.33184731318389,120.44274573409842
2025-09-04 06:00:00+00:00,108.09,109.13,143.95,103.41177717880969,120.29894684797388
2025-09-04 07:00:00+00:00,77.81,85.3,121.84,77.80612320000265,100.39229718528392
2025-09-04 08:00:00+00:00,41.45,29.04,112.27,40.27672689328703,62.00684341928121
2025-09-04 09:00:00+00:00,5.79,0.03,108.13,20.373644628328293,41.10383297342902
2025-09-04 10:00:00+00:00,3.2,-0.1,100.89,17.52525297822254,37.931212149538254
2025-09-04 12:00:00+00:00,34.89,-0.28,100.89,24.03042755752446,34.087713718469345
2025-09-04 13:00:00+00:00,71.0,0.0,100.66,34.112476821706814,34.21979157018745
2025-09-04 14:00:00+00:00,90.05,3.89,96.1,49.51860321909946,37.34200500481232
2025-09-04 15:00:00+00:00,109.13,63.46,129.84,98.99106265531856,81.75184868910513
2025-09-04 16:00:00+00:00,191.8,102.35,160.85,138.17444484363108,117.07866856986863
2025-09-04 17:00:00+00:00,350.0,110.92,210.0,156.40403224401055,139.7170081412211
2025-09-04 18:00:00+00:00,218.82,104.0,153.16,137.52448207692458,123.13420928104267
2025-09-04 19:00:00+00:00,124.93,94.17,124.18,118.78829295145127,103.34186795403322
2025-09-04 20:00:00+00:00,112.14,80.68,107.11,101.51543734221177,88.3295582330836
2025-09-04 21:00:00+00:00,101.3,54.25,92.15,78.65203511721501,65.7765799207991
2025-09-04 22:00:00+00:00,95.25,21.65,85.04,62.04165091734319,47.88294490335025
2025-09-04 23:00:00+00:00,86.1,17.7,83.27,57.640463937811546,44.10601419012283
2025-09-05 00:00:00+00:00,85.26,17.87,83.1,57.14792246157273,43.66143771683311
2025-09-05 01:00:00+00:00,85.2,30.02,81.59,64.12295635167955,51.05548064228546
2025-09-05 02:00:00+00:00,85.6,59.92,83.01,81.48290719620289,70.86928876107214
2025-09-05 03:00:00+00:00,97.36,83.89,91.0,99.9910083744549,89.97537666017685
2025-09-05 04:00:00+00:00,119.16,107.87,117.55,125.35786139963159,115.2037916203625
2025-09-05 05:00:00+00:00,132.13,120.0,121.39,136.7782495078234,127.44390287059949
2025-09-05 06:00:00+00:00,125.75,108.09,120.0,129.41573747321254,121.50750684235291
2025-09-05 07:00:00+00:00,100.4,77.81,110.36,105.56861699233878,98.73257423906453
2025-09-05 08:00:00+00:00,87.83,41.45,84.25,73.10116403180945,65.66758128665603
2025-09-05 09:00:00+00:00,84.15,5.79,78.08,45.27693351690346,37.83669990949127
2025-09-05 10:00:00+00:00,78.25,3.2,67.44,35.017784454886275,31.91732924245838
2025-09-05 12:00:00+00:00,70.17,34.89,59.64,39.91496314238486,45.46112832978545
2025-09-05 13:00:00+00:00,77.53,71.0,73.06,59.983627461483714,69.31125798856564
2025-09-05 14:00:00+00:00,85.0,90.05,85.0,76.75186169232231,82.71989799878159
2025-09-05 15:00:00+00:00,90.96,109.13,104.82,103.74992786496144,103.78649175743226
2025-09-05 16:00:00+00:00,108.95,191.8,118.51,163.5366713804002,163.95429321177699
2025-09-05 17:00:00+00:00,154.53,350.0,147.68,259.23742843659414,273.04841888704243
2025-09-05 18:00:00+00:00,150.75,218.82,116.5,191.29831334473226,184.80266483977948
2025-09-05 19:00:00+00:00,117.1,124.93,111.96,140.60286262021654,122.50043014291822
2025-09-05 20:00:00+00:00,107.71,112.14,95.7,127.00920119382913,109.47013275296283
2025-09-05 21:00:00+00:00,100.7,101.3,86.07,115.10501497400774,97.08672713284543
2025-09-05 22:00:00+00:00,101.21,95.25,92.5,111.91842979351816,90.02568863614215
2025-09-05 23:00:00+00:00,100.59,86.1,86.56,103.59485586971027,80.03356379697863
2025-09-06 00:00:00+00:00,99.57,85.26,83.3,100.74037643977667,76.09041899592673
2025-09-06 01:00:00+00:00,97.84,85.2,81.51,99.51841335195809,73.43577909447896
2025-09-06 02:00:00+00:00,96.96,85.6,83.39,100.29666346488472,72.73416524798935
2025-09-06 03:00:00+00:00,98.01,97.36,87.72,106.93525155818698,78.70705666936499
2025-09-06 04:00:00+00:00,102.6,119.16,95.02,120.23823713362634,92.51461447800924
2025-09-06 05:00:00+00:00,100.91,132.13,98.09,124.08319558058015,100.58041414558663
2025-09-06 06:00:00+00:00,95.98,125.75,89.64,107.51376035317345,94.4399423097753
2025-09-06 07:00:00+00:00,79.11,100.4,78.6,75.75939605051127,74.25420637977459
2025-09-06 08:00:00+00:00,11.35,87.83,36.46,46.73747447090497,56.758908165277255
2025-09-06 09:00:00+00:00,0.0,84.15,5.23,27.7358996865934,45.46062952893634
2025-09-06 10:00:00+00:00,-0.02,78.25,0.0,17.45569217186369,38.46990308895053
2025-09-06 11:00:00+00:00,-0.86,72.19,-0.01,11.914679239121014,32.461808085005515
2025-09-06 13:00:00+00:00,-0.01,77.53,-0.38,26.525283171166066,41.900855823541825
2025-09-06 14:00:00+00:00,40.99,85.0,9.48,46.63346105244557,52.516290632255256
2025-09-06 15:00:00+00:00,87.6,90.96,81.1,80.76640322765927,71.9582924282536
2025-09-06 16:00:00+00:00,116.47,108.95,103.9,117.02940294515149,97.93102164512229
2025-09-06 17:00:00+00:00,158.39,154.53,127.07,152.380381547589,144.4028987189944
2025-09-06 18:00:00+00:00,139.54,150.75,129.98,141.37223265556523,134.76352417625108
2025-09-06 19:00:00+00:00,109.95,117.1,120.39,114.02613709433791,106.59888731246178
2025-09-06 20:00:00+00:00,92.95,107.71,104.94,100.2200880059438,97.94474330058668
2025-09-06 21:00:00+00:00,82.56,100.7,90.3,87.7752467131244,89.65254004533166
2025-09-06 22:00:00+00:00,89.72,101.21,88.74,90.12574637567168,95.44887773777971
2025-09-06 23:00:00+00:00,85.02,100.59,78.91,83.87525743710835,90.70228098147024
2025-09-07 00:00:00+00:00,80.77,99.57,70.53,79.30293092996973,86.30697655329114
2025-09-07 01:00:00+00:00,83.4,97.84,67.02,76.17948691106642,81.8664435680146
2025-09-07 02:00:00+00:00,82.92,96.96,63.79,73.99506024947382,77.80370984044022
2025-09-07 03:00:00+00:00,82.67,98.01,64.56,73.93344376450285,76.44579562757357
2025-09-07 04:00:00+00:00,81.5,102.6,65.0,76.4322560994374,79.06673125679556
2025-09-07 05:00:00+00:00,55.48,100.91,62.13,70.61008330683758,77.39477593335538
2025-09-07 06:00:00+00:00,0.0,95.98,22.3,50.5596395510405,68.48138648113894
2025-09-07 07:00:00+00:00,-0.09,79.11,5.2,28.767742840009106,53.36653458266403
2025-09-07 08:00:00+00:00,-4.0,11.35,-0.01,-16.66550860941888,8.690140708097104
2025-09-07 09:00:00+00:00,-20.09,0.0,-0.02,-32.51032645792088,1.1908616788427508
2025-09-07 10:00:00+00:00,-40.02,-0.02,-0.11,-37.31164511930791,0.16105533264105532
2025-09-07 11:00:00+00:00,-53.4,-0.86,-1.0,-37.8708008336869,-1.4834799656913873
2025-09-07 12:00:00+00:00,-49.99,-0.99,-0.61,-33.55810539405266,-1.134659193328929
2025-09-07 13:00:00+00:00,-21.21,-0.01,0.0,-24.39522544258945,2.223043404450266
2025-09-07 14:00:00+00:00,-2.47,40.99,25.47,12.489917864539862,35.79261101522794
2025-09-07 15:00:00+00:00,3.36,87.6,79.74,58.849745216720436,78.24202229516287
2025-09-07 16:00:00+00:00,95.91,116.47,117.59,99.41193469839081,109.26568040149613
2025-09-07 17:00:00+00:00,108.3,158.39,135.1,131.75522198645461,147.21853240540088
2025-09-07 18:00:00+00:00,96.25,139.54,132.07,117.80679437182488,137.5910298824371
2025-09-07 19:00:00+00:00,86.02,109.95,114.15,95.479659143688,115.42481931290254
2025-09-07 20:00:00+00:00,85.01,92.95,102.63,83.33224366207983,102.9563988086594
2025-09-07 21:00:00+00:00,86.06,82.56,89.76,74.09717976774601,93.14913747927704
2025-09-07 22:00:00+00:00,79.66,89.72,84.08,80.91952265569478,103.36840890345096
2025-09-07 23:00:00+00:00,85.74,85.02,81.43,79.3460330778019,99.73502244092086
2025-09-08 00:00:00+00:00,84.7,80.77,80.97,79.57479797696551,96.82434814746041
2025-09-08 01:00:00+00:00,82.27,83.4,80.03,84.1976126288767,98.44435715785039
2025-09-08 02:00:00+00:00,83.79,82.92,81.37,88.77394994044923,99.04101236841393
2025-09-08 03:00:00+00:00,95.6,82.67,92.58,99.3312209616236,104.68399996493382
2025-09-08 04:00:00+00:00,109.9,81.5,120.43,115.81102337024872,115.82065975363066
2025-09-08 05:00:00+00:00,148.14,55.48,125.67,108.84247483732123,104.2848666070083
2025-09-08 06:00:00+00:00,125.53,0.0,116.1,75.5038995727096,69.59125949474723
2025-09-08 07:00:00+00:00,102.05,-0.09,98.19,64.1927445611036,65.76185476243349
2025-09-08 08:00:00+00:00,85.83,-4.0,82.0,49.94805150841113,55.06237581464755
2025-09-08 09:00:00+00:00,76.14,-20.09,69.4,34.25543315473386,40.97765391476763
2025-09-08 10:00:00+00:00,65.35,-40.02,38.27,18.378364169980685,22.117672461245604
2025-09-08 11:00:00+00:00,60.84,-53.4,25.03,11.930044979009793,9.838173282684025
2025-09-08 12:00:00+00:00,69.65,-49.99,42.73,21.047306628664444,12.807653668121034
2025-09-08 13:00:00+00:00,78.46,-21.21,67.76,46.52834732315116,34.061469981192914
2025-09-08 14:00:00+00:00,99.72,-2.47,84.67,70.24596339960652,51.823243760078384
2025-09-08 15:00:00+00:00,124.28,3.36,109.7,91.89894282623807,64.50209197663585
2025-09-08 16:00:00+00:00,196.61,95.91,155.32,155.6923860011024,133.88295870242524
2025-09-08 17:00:00+00:00,413.66,108.3,250.65,178.9560852760822,159.16144802015953
2025-09-08 18:00:00+00:00,308.52,96.25,210.56,162.99448572002956,144.7585769081913
2025-09-08 19:00:00+00:00,152.0,86.02,125.2,140.556722392335,123.10316693993857
2025-09-08 20:00:00+00:00,123.93,85.01,112.4,132.32860369325164,117.09258932220493
2025-09-08 21:00:00+00:00,113.12,86.06,100.53,126.75681913375432,112.99004559230292
2025-09-08 22:00:00+00:00,114.52,79.66,95.01,113.74255399443506,99.17105348130703
2025-09-08 23:00:00+00:00,112.46,85.74,90.11,114.90852934461947,101.30750191122334
2025-09-09 00:00:00+00:00,110.35,84.7,90.84,113.99199510034884,99.94293249489324
2025-09-09 01:00:00+00:00,109.8,82.27,92.5,114.15225876393218,98.64071817106337
2025-09-09 02:00:00+00:00,110.86,83.79,94.8,117.79594252771975,100.26407861051614
2025-09-09 03:00:00+00:00,118.18,95.6,106.85,130.72400771218867,111.89098540179039
2025-09-09 04:00:00+00:00,182.39,109.9,134.39,150.3158444637533,130.14101502790692
2025-09-09 05:00:00+00:00,300.0,148.14,153.67,174.83419259216623,159.31219114073323
2025-09-09 06:00:00+00:00,196.98,125.53,147.48,156.07716840914577,141.1596733870253
2025-09-09 07:00:00+00:00,127.59,102.05,121.05,133.10314907187217,121.722798073964
2025-09-09 08:00:00+00:00,101.73,85.83,102.14,115.00344955157684,106.91375874442895
2025-09-09 09:00:00+00:00,99.25,76.14,84.66,101.35364810908929,95.23189590263014
2025-09-09 10:00:00+00:00,87.18,65.35,78.94,88.5745212489746,82.87549638005797
2025-09-09 11:00:00+00:00,85.69,60.84,79.73,80.89496396509783,75.16834548344059
2025-09-09 12:00:00+00:00,85.51,69.65,78.54,82.38913765180368,77.27056415991099
2025-09-09 13:00:00+00:00,92.49,78.46,84.37,89.0528024854349,83.72677406513449
2025-09-09 14:00:00+00:00,103.35,99.72,95.0,105.25193994480534,99.08586255619883
2025-09-09 15:00:00+00:00,127.41,124.28,108.97,126.21772689570024,117.49389934874105
2025-09-09 16:00:00+00:00,192.68,196.61,173.16,184.06323610259443,182.07252550420677
2025-09-09 17:00:00+00:00,386.4,413.66,311.51,321.16881813955047,346.0614203143788
2025-09-09 18:00:00+00:00,215.59,308.52,263.79,263.39813004288095,272.5216535989451
2025-09-09 19:00:00+00:00,133.37,152.0,140.92,167.88149738543936,154.00998831320533
2025-09-09 20:00:00+00:00,115.79,123.93,110.47,145.70329586489436,129.87227986094783
2025-09-09 21:00:00+00:00,109.3,113.12,91.21,133.54469458775407,118.32200668764023
2025-09-09 22:00:00+00:00,106.93,114.52,97.25,121.83100591793814,107.25970162291114
2025-09-09 23:00:00+00:00,107.29,112.46,90.74,120.09522777685567,104.81523037920732
2025-09-10 00:00:00+00:00,103.73,110.35,85.95,119.34201221323161,101.96627129496939
2025-09-10 01:00:00+00:00,104.81,109.8,81.72,120.63731549661232,100.66147556329753
2025-09-10 02:00:00+00:00,104.55,110.86,81.23,124.61385211083046,101.91244624187104
2025-09-10 03:00:00+00:00,114.28,118.18,86.97,135.87422000046783,110.91346826736526
2025-09-10 04:00:00+00:00,133.35,182.39,103.2,180.83855005847937,161.271795543668
2025-09-10 05:00:00+00:00,223.39,300.0,112.34,249.89243361592392,246.54427573219704
2025-09-10 06:00:00+00:00,171.94,196.98,109.13,195.3624700428006,179.4374419452592
2025-09-10 07:00:00+00:00,129.46,127.59,85.3,148.50162061439656,128.45927618104707
2025-09-10 08:00:00+00:00,107.33,101.73,29.04,118.77332233954019,101.20317676094655
2025-09-10 09:00:00+00:00,102.39,99.25,0.03,105.9050278288096,93.29708710472553
2025-09-10 10:00:00+00:00,88.85,87.18,-0.1,92.73915266327113,82.04000896124984
2025-09-10 12:00:00+00:00,87.8,85.51,-0.28,87.9912269352098,76.33456797403906
2025-09-10 13:00:00+00:00,90.8,92.49,0.0,94.70699769376424,80.08181082034022
2025-09-10 14:00:00+00:00,105.07,103.35,3.89,107.5410891768813,88.57910131638093
2025-09-10 15:00:00+00:00,127.78,127.41,63.46,137.0919768546826,114.59308639216057
2025-09-10 16:00:00+00:00,170.59,192.68,102.35,186.66850116886422,169.19356102104854
2025-09-10 17:00:00+00:00,275.19,386.4,110.92,293.9195049408954,312.7415436157321
2025-09-10 18:00:00+00:00,169.07,215.59,104.0,200.6235655277983,195.02988332109425
2025-09-10 19:00:00+00:00,122.94,133.37,94.17,146.8478549018306,129.16300733331911
2025-09-10 20:00:00+00:00,101.58,115.79,80.68,125.81597526346779,111.65789279990021
2025-09-10 21:00:00+00:00,87.63,109.3,54.25,110.46004020768754,101.15147089572835
2025-09-10 22:00:00+00:00,88.21,106.93,21.65,95.78231021176958,90.87263769256836
2025-09-10 23:00:00+00:00,85.0,107.29,17.7,90.47363940368436,89.42954868941963
2025-09-11 00:00:00+00:00,77.13,103.73,17.87,86.49051735619251,86.92187286199976
2025-09-11 01:00:00+00:00,70.67,104.81,30.02,88.13197773403442,89.07402176997309
2025-09-11 03:00:00+00:00,79.05,114.28,83.89,104.04463278860156,104.37094853858838
2025-09-11 04:00:00+00:00,111.18,133.35,107.87,126.17502610445628,129.80167685954794
2025-09-11 05:00:00+00:00,125.33,223.39,120.0,177.53062655639735,201.2187071364039
2025-09-11 06:00:00+00:00,120.36,171.94,108.09,142.91284081422353,161.11603960033943
2025-09-11 07:00:00+00:00,102.05,129.46,77.81,106.16480434477478,124.4336394115962
2025-09-11 08:00:00+00:00,73.64,107.33,41.45,77.58244795830151,102.66609482846279
2025-09-11 09:00:00+00:00,8.23,102.39,5.79,56.80491268599547,92.39992171575507
2025-09-11 10:00:00+00:00,-0.01,88.85,3.2,39.08288366139702,80.47962137860037
2025-09-11 11:00:00+00:00,-0.07,86.09,3.36,32.11339868744697,77.30533022094744
2025-09-11 12:00:00+00:00,-0.72,87.8,34.89,35.102597643624314,81.10950789182986
2025-09-11 13:00:00+00:00,0.0,90.8,71.0,45.43885875467502,86.92890767745736
2025-09-11 14:00:00+00:00,8.96,105.07,90.05,65.26914622401637,99.26221038163682
2025-09-11 15:00:00+00:00,75.82,127.78,109.13,95.47345553860048,119.24026644422352
2025-09-11 16:00:00+00:00,118.57,170.59,191.8,147.05263893350644,164.9795827528783
2025-09-11 17:00:00+00:00,132.86,275.19,350.0,229.33817872373302,267.8828872640322
2025-09-11 18:00:00+00:00,125.25,169.07,218.82,151.49402847352087,169.92544391175358
2025-09-11 19:00:00+00:00,111.45,122.94,124.93,107.25472260878425,121.07379394647008
2025-09-11 20:00:00+00:00,84.81,101.58,112.14,86.77861542365241,102.58430060561155
2025-09-11 21:00:00+00:00,63.89,87.63,101.3,70.6973136757753,89.62742820761544
2025-09-11 22:00:00+00:00,32.83,88.21,95.25,66.1374095785103,91.50978325532323
2025-09-11 23:00:00+00:00,33.23,85.0,86.1,61.354129094273766,87.43349128564412
2025-09-12 00:00:00+00:00,20.94,77.13,85.26,57.92221212419762,81.98345301475311
2025-09-12 01:00:00+00:00,16.35,70.67,85.2,56.82918701773547,78.13160602395817
2025-09-12 03:00:00+00:00,51.84,79.05,97.36,73.48084356114757,88.89619411268903
2025-09-12 04:00:00+00:00,95.29,111.18,119.16,101.29096707374323,118.88415015587691
2025-09-12 05:00:00+00:00,105.73,125.33,132.13,116.84605880118147,140.06963204094927
2025-09-12 06:00:00+00:00,102.01,120.36,125.75,107.56921649895659,133.8977461550542
2025-09-12 07:00:00+00:00,48.07,102.05,100.4,80.61883271708538,115.42329530491001
2025-09-12 08:00:00+00:00,1.85,73.64,87.83,49.285367255982955,93.49330625443417
2025-09-12 09:00:00+00:00,-1.66,8.23,84.15,13.273737356054397,50.466339801228564
2025-09-12 10:00:00+00:00,-5.11,-0.01,78.25,2.34034608564491,41.724851161009454
2025-09-12 11:00:00+00:00,-8.66,-0.07,72.19,-0.8323662918679986,38.59822192761054
2025-09-12 12:00:00+00:00,-6.19,-0.72,70.17,-0.9004354870771465,35.7930870872264
2025-09-12 13:00:00+00:00,-4.0,0.0,77.53,6.753472731847964,37.253283754544
2025-09-12 14:00:00+00:00,-0.01,8.96,85.0,24.475918890101752,45.97687027831391
2025-09-12 15:00:00+00:00,57.69,75.82,90.96,73.49573328044372,92.70830050614343
2025-09-12 16:00:00+00:00,108.71,118.57,108.95,119.93458934584453,126.79021738393968
2025-09-12 17:00:00+00:00,155.36,132.86,154.53,143.54303251046554,149.5203907014006
2025-09-12 18:00:00+00:00,152.24,125.25,150.75,132.65201358118838,135.8477806971037
2025-09-12 19:00:00+00:00,113.96,111.45,117.1,113.86472960750268,117.84155183435497
2025-09-12 20:00:00+00:00,102.85,84.81,107.71,91.1599947954423,95.92184286414039
2025-09-12 21:00:00+00:00,96.66,63.89,100.7,72.28058995305778,78.38636909733391
2025-09-12 22:00:00+00:00,85.89,32.83,101.21,50.65054256050156,57.76534127286547
2025-09-12 23:00:00+00:00,72.75,33.23,100.59,46.42293469425657,55.304021192325514
2025-09-13 00:00:00+00:00,72.45,20.94,99.57,37.974229800006185,44.326762833966995
2025-09-13 03:00:00+00:00,72.75,51.84,98.01,51.96350539518094,54.951945529442774
2025-09-13 04:00:00+00:00,74.71,95.29,102.6,75.81121310981597,83.4385283403631
2025-09-13 05:00:00+00:00,74.11,105.73,100.91,80.72894869954777,89.51056792832364
2025-09-13 06:00:00+00:00,72.45,102.01,95.98,73.77465805096043,85.83202542805172
2025-09-13 07:00:00+00:00,53.85,48.07,79.11,39.08809129864673,47.60379502529055
2025-09-13 08:00:00+00:00,14.3,1.85,11.35,0.08284742857885874,6.717149970651974
2025-09-13 09:00:00+00:00,2.37,-1.66,0.0,-16.639448376777707,-3.7912811268692934
2025-09-13 10:00:00+00:00,0.0,-5.11,-0.02,-28.647147991267047,-8.3553736018374
2025-09-13 11:00:00+00:00,-0.01,-8.66,-0.86,-35.29514113617819,-12.124458021620754
2025-09-13 14:00:00+00:00,3.88,-0.01,40.99,-2.907122989895953,4.203948735783598
2025-09-13 15:00:00+00:00,74.11,57.69,87.6,52.65757511786455,56.945275850262895
2025-09-13 16:00:00+00:00,108.1,108.71,116.47,100.76698283737551,102.01694024168575
2025-09-13 17:00:00+00:00,121.9,155.36,158.39,137.58263636042668,143.3141014169178
2025-09-13 18:00:00+00:00,118.77,152.24,139.54,133.0303689550436,141.3153471537586
2025-09-13 19:00:00+00:00,111.17,113.96,109.95,107.36685855197436,113.2432381526014
2025-09-13 20:00:00+00:00,100.0,102.85,92.95,96.27815406436855,102.25318166632353
2025-09-13 21:00:00+00:00,87.18,96.66,82.56,88.28626423842348,94.13566086913184
2025-09-13 22:00:00+00:00,85.69,85.89,89.72,86.39401602993271,92.35244141610637
2025-09-13 23:00:00+00:00,77.57,72.75,85.02,78.05107158387119,80.85112860323623
2025-09-14 00:00:00+00:00,80.61,72.45,80.77,76.5921969216204,76.46205522193867
2025-09-14 02:00:00+00:00,93.77,69.79,82.92,77.4231032508863,69.06355518966274
2025-09-14 03:00:00+00:00,99.82,72.75,82.67,80.84514471856382,68.98048937063822
2025-09-14 04:00:00+00:00,100.75,74.71,81.5,85.28457032512571,70.74743328352096
2025-09-14 05:00:00+00:00,105.36,74.11,55.48,83.44468506633,66.33353505329994
2025-09-14 06:00:00+00:00,108.48,72.45,0.0,72.65902880439072,57.42971488307766
2025-09-14 07:00:00+00:00,87.78,53.85,-0.09,54.255416568392064,41.53448422150704
2025-09-14 08:00:00+00:00,61.68,14.3,-4.0,22.073199319541473,11.593383749027296
2025-09-14 09:00:00+00:00,17.58,2.37,-20.09,2.546457657249661,0.39959824805603716
2025-09-14 10:00:00+00:00,6.52,0.0,-40.02,-10.983629940732328,-5.4904560388692545
2025-09-14 11:00:00+00:00,0.0,-0.01,-53.4,-19.589045890795575,-9.209808880922608
2025-09-14 14:00:00+00:00,19.33,3.88,-2.47,5.935894442918396,5.195878627215805
2025-09-14 15:00:00+00:00,98.2,74.11,3.36,65.04042911005747,60.49083567094245
2025-09-14 16:00:00+00:00,124.34,108.1,95.91,117.75899783441852,103.97650129294823
2025-09-14 17:00:00+00:00,153.29,121.9,108.3,136.55619493519737,122.70894303496549
2025-09-14 18:00:00+00:00,126.01,118.77,96.25,129.72940543934186,122.3239433938162
2025-09-14 19:00:00+00:00,97.37,111.17,86.02,115.08147489505757,114.97594604477545
2025-09-14 20:00:00+00:00,77.02,100.0,85.01,97.75521163842363,107.27170587611053
2025-09-14 21:00:00+00:00,14.27,87.18,86.06,78.16623092970087,97.59736079253969
2025-09-14 22:00:00+00:00,20.0,85.69,79.66,69.5547687865371,101.4895582758147
2025-09-14 23:00:00+00:00,3.87,77.57,85.74,58.005897588030344,95.63344664544867
2025-09-15 00:00:00+00:00,1.39,80.61,84.7,54.60264163388625,97.29700238418775
2025-09-15 02:00:00+00:00,0.0,93.77,83.79,57.06620128046205,105.9944104189217
2025-09-15 03:00:00+00:00,0.9,99.82,95.6,66.17777043202543,115.13418545991215
2025-09-15 04:00:00+00:00,20.27,100.75,109.9,77.19273528540613,124.69222467968424
2025-09-15 05:00:00+00:00,54.31,105.36,148.14,90.0540458181104,137.50066873297607
2025-09-15 06:00:00+00:00,40.4,108.48,125.53,86.32716962009039,138.79002256684208
2025-09-15 07:00:00+00:00,0.9,87.78,102.05,61.39799715607185,120.88985418467986
2025-09-15 08:00:00+00:00,-0.47,61.68,85.83,34.86159194378127,97.73152179427714
2025-09-15 09:00:00+00:00,-2.61,17.58,76.14,0.6021098457157734,66.03149167721467
2025-09-15 10:00:00+00:00,-8.0,6.52,65.35,-14.677833618779232,55.52405435002499
2025-09-15 11:00:00+00:00,-14.27,0.0,60.84,-22.625081892856016,48.63130004331505
2025-09-15 14:00:00+00:00,-5.24,19.33,99.72,6.93589529506697,63.95548219750369
2025-09-15 15:00:00+00:00,-0.53,98.2,124.28,64.45173548209749,123.63447598392655
2025-09-15 16:00:00+00:00,14.01,124.34,196.61,101.14588168604809,154.73886113748603
2025-09-15 17:00:00+00:00,53.93,153.29,413.66,151.19150045785807,205.49045556490904
2025-09-15 18:00:00+00:00,47.37,126.01,308.52,122.02312847394562,174.12002562323696
2025-09-15 19:00:00+00:00,5.33,97.37,152.0,80.04664903462907,132.61030618927654
2025-09-15 20:00:00+00:00,2.91,77.02,123.93,58.24206393906151,112.52165265610964
2025-09-15 21:00:00+00:00,0.06,14.27,113.12,18.18873332683158,67.96981285340163
2025-09-15 22:00:00+00:00,-0.01,20.0,114.52,12.435794085956786,63.346264465234526
2025-09-15 23:00:00+00:00,-0.09,3.87,112.46,2.205534810537827,51.392298217007166
2025-09-16 00:00:00+00:00,-0.23,1.39,110.35,0.02809742910777402,49.338282283306825
2025-09-16 01:00:00+00:00,-1.05,0.01,109.8,0.18612716280821928,49.129017162415025
2025-09-16 02:00:00+00:00,-1.33,0.0,110.86,2.7495129741377724,50.66083900376856
2025-09-16 03:00:00+00:00,-0.01,0.9,118.18,9.47849901737554,55.22453400889028
2025-09-16 04:00:00+00:00,2.32,20.27,182.39,31.348963330071697,81.67157839896315
2025-09-16 05:00:00+00:00,16.21,54.31,300.0,65.95945480113957,123.49408349819133
2025-09-16 06:00:00+00:00,3.81,40.4,196.98,40.80776236373696,102.70713153481074
2025-09-16 07:00:00+00:00,-1.01,0.9,127.59,3.2333887881792265,66.23957405378336
2025-09-16 08:00:00+00:00,-5.11,-0.47,101.73,-11.708516417736092,59.57161476855851
2025-09-16 09:00:00+00:00,-10.38,-2.61,99.25,-19.68475130050912,53.78692919138773
2025-09-16 10:00:00+00:00,-20.05,-8.0,87.18,-26.689925336578625,45.950935905898035
2025-09-16 11:00:00+00:00,-18.03,-14.27,85.69,-30.977271149376023,39.47109023674297
2025-09-16 12:00:00+00:00,-11.17,-13.7,85.51,-30.004028180071643,37.39223996195989
2025-09-16 13:00:00+00:00,-9.99,-8.9,92.49,-20.873604866888968,40.493319481153875
2025-09-16 14:00:00+00:00,-3.24,-5.24,103.35,-6.844767143874506,45.61388108737062
2025-09-16 15:00:00+00:00,0.0,-0.53,127.41,12.257257489542084,58.75332076087649
2025-09-16 16:00:00+00:00,72.64,14.01,192.68,43.27280470961221,80.03618282373297
2025-09-16 17:00:00+00:00,103.33,53.93,386.4,93.90302989116937,134.32487347641774
2025-09-16 18:00:00+00:00,112.97,47.37,215.59,66.87213057633849,104.76451476435045
2025-09-16 19:00:00+00:00,92.97,5.33,133.37,29.409142002828716,62.72785525459382
2025-09-16 20:00:00+00:00,80.55,2.91,115.79,19.98233193663154,54.819403034418684
2025-09-16 21:00:00+00:00,65.44,0.06,109.3,10.998212940328557,45.23692585174088
2025-09-16 22:00:00+00:00,70.8,-0.01,106.93,2.0851970832424485,34.06736734191573
2025-09-16 23:00:00+00:00,63.47,-0.09,107.29,0.38413113947009947,31.87887914936745
2025-09-17 00:00:00+00:00,50.95,-0.23,103.73,0.6001013918541247,30.51153832560169
2025-09-17 01:00:00+00:00,48.53,-1.05,104.81,3.0433876606511916,30.044356698265076
2025-09-17 02:00:00+00:00,60.01,-1.33,104.55,7.200229594076021,30.427604099742126
2025-09-17 03:00:00+00:00,73.82,-0.01,114.28,15.84432629659635,34.729097965657644
2025-09-17 04:00:00+00:00,98.85,2.32,133.35,30.06027320964455,45.219996249395855
2025-09-17 05:00:00+00:00,117.34,16.21,223.39,53.6436703569835,71.46939737124521
2025-09-17 06:00:00+00:00,112.74,3.81,171.94,36.936461623343085,57.62416733961616
2025-09-17 07:00:00+00:00,95.14,-1.01,129.46,18.810867607118325,45.67835828919585
2025-09-17 08:00:00+00:00,69.14,-5.11,107.33,5.970292916218085,39.7116112519128
2025-09-17 09:00:00+00:00,41.38,-10.38,102.39,-3.070639864306159,34.33440675828329
2025-09-17 10:00:00+00:00,10.5,-20.05,88.85,-14.436849619832529,23.41631743973251
2025-09-17 11:00:00+00:00,7.88,-18.03,86.09,-16.250680606767432,21.27486272660086
2025-09-17 12:00:00+00:00,10.59,-11.17,87.8,-13.206972070059095,23.40910878730223
2025-09-17 13:00:00+00:00,43.09,-9.99,90.8,-7.349310574169223,23.696831413617957
2025-09-17 14:00:00+00:00,81.17,-3.24,105.07,7.2400202139356935,29.777808651859146
2025-09-17 15:00:00+00:00,110.0,0.0,127.78,25.841073218670886,36.51207370252561
2025-09-17 16:00:00+00:00,123.31,72.64,170.59,80.65586370981384,91.55982205248364
2025-09-17 17:00:00+00:00,142.58,103.33,275.19,113.82684985934397,129.7780550406327
2025-09-17 18:00:00+00:00,123.52,112.97,169.07,101.19487598115822,122.04130178696565
2025-09-17 19:00:00+00:00,94.2,92.97,122.94,76.39004955907626,98.39097131857933
2025-09-17 20:00:00+00:00,86.1,80.55,101.58,59.568005188889174,84.79980653316093
2025-09-17 21:00:00+00:00,73.07,65.44,87.63,44.15885984080555,70.7691472945639
2025-09-17 22:00:00+00:00,53.12,70.8,88.21,38.590069386253724,69.81063698888948
2025-09-17 23:00:00+00:00,48.29,63.47,85.0,32.91734226178425,63.604397249051516
2025-09-18 00:00:00+00:00,38.47,50.95,77.13,26.1697250425608,54.15184820429159
2025-09-18 01:00:00+00:00,37.96,48.53,70.67,25.91289189113361,51.572783830446255
2025-09-18 03:00:00+00:00,74.15,73.82,79.05,47.54453403671702,70.02150400672755
2025-09-18 04:00:00+00:00,105.81,98.85,111.18,73.99503550902533,95.1489259429663
2025-09-18 05:00:00+00:00,117.21,117.34,125.33,92.45852343647756,113.25892311283009
2025-09-18 06:00:00+00:00,111.28,112.74,120.36,85.4928517452175,110.16987249795922
2025-09-18 07:00:00+00:00,90.8,95.14,102.05,63.518780951126985,95.02459593640685
2025-09-18 08:00:00+00:00,65.1,69.14,73.64,35.5734287497902,72.86399916164706
2025-09-18 09:00:00+00:00,5.89,41.38,8.23,1.2158803211559928,43.42586021745865
2025-09-18 10:00:00+00:00,0.2,10.5,-0.01,-24.845368388458255,18.826537163345364
2025-09-18 11:00:00+00:00,0.0,7.88,-0.07,-30.17621333212425,15.505885676594147
2025-09-18 13:00:00+00:00,0.52,43.09,0.0,-9.123545610270682,34.726569147921126
2025-09-18 14:00:00+00:00,15.31,81.17,8.96,22.084458387325796,60.092568737967184
2025-09-18 15:00:00+00:00,89.79,110.0,75.82,62.774753168877645,89.17277587839693
2025-09-18 16:00:00+00:00,115.45,123.31,118.57,94.68505283346346,110.77028039580864
2025-09-18 17:00:00+00:00,134.23,142.58,132.86,110.3340419685639,127.99539317820586
2025-09-18 18:00:00+00:00,128.68,123.52,125.25,95.79387336858848,115.48641395891656
2025-09-18 19:00:00+00:00,110.0,94.2,111.45,73.35178702637954,92.43452887397922
2025-09-18 20:00:00+00:00,98.94,86.1,84.81,60.034322584363544,80.96092612142955
2025-09-18 21:00:00+00:00,88.2,73.07,63.89,45.45788864763794,66.66928644117394
2025-09-18 22:00:00+00:00,74.09,53.12,32.83,29.648875465763,52.69439057553651
2025-09-18 23:00:00+00:00,72.47,48.29,33.23,26.170247284737968,47.86321162348665
2025-09-19 00:00:00+00:00,73.45,38.47,20.94,21.575794453257046,38.91223503871463
2025-09-19 01:00:00+00:00,73.7,37.96,16.35,24.40150714096451,37.935932838725776
2025-09-19 02:00:00+00:00,74.02,48.12,29.15,37.33534676376508,47.72906719319194
2025-09-19 03:00:00+00:00,89.59,74.15,51.84,62.26649643051798,71.46554707338407
2025-09-19 04:00:00+00:00,118.92,105.81,95.29,95.98538063849762,105.00653601662482
2025-09-19 05:00:00+00:00,143.42,117.21,105.73,111.48349768243213,119.51372680591962
2025-09-19 06:00:00+00:00,118.29,111.28,102.01,101.3816324477501,116.51199152820674
2025-09-19 07:00:00+00:00,95.18,90.8,48.07,69.58637951707124,93.55820619695774
2025-09-19 08:00:00+00:00,53.7,65.1,1.85,36.129584647870296,68.28156099156249
2025-09-19 09:00:00+00:00,13.03,5.89,-1.66,-5.2292484855659325,26.973948218185512
2025-09-19 10:00:00+00:00,0.99,0.2,-5.11,-16.707905539390055,19.031750616499124
2025-09-19 11:00:00+00:00,0.0,0.0,-8.66,-21.212841089408485,15.491571359775534
2025-09-19 13:00:00+00:00,11.97,0.52,-4.0,-9.276961091624813,13.908319341105823
2025-09-19 14:00:00+00:00,74.46,15.31,-0.01,19.24594565712877,28.841029822451503
2025-09-19 15:00:00+00:00,119.44,89.79,57.69,85.90974210424018,87.24723355985101
2025-09-19 16:00:00+00:00,255.21,115.45,108.71,123.58346289302216,112.51047826167772
2025-09-19 17:00:00+00:00,409.24,134.23,155.36,142.14440265125376,133.99557467941665
2025-09-19 18:00:00+00:00,167.59,128.68,152.24,129.29622226037648,128.2834236715083
2025-09-19 19:00:00+00:00,111.82,110.0,113.96,102.61756623132185,106.9101125410348
2025-09-19 20:00:00+00:00,86.04,98.94,102.85,84.09931572962755,95.06408329901062
2025-09-19 21:00:00+00:00,78.93,88.2,96.66,68.98045987308447,84.19869919431855
2025-09-19 22:00:00+00:00,87.24,74.09,85.89,51.077428886352976,70.61675080713087
2025-09-19 23:00:00+00:00,77.91,72.47,72.75,44.28910828317609,64.97427430817012
2025-09-20 00:00:00+00:00,74.99,73.45,72.45,42.436168608451666,62.05717407506243
2025-09-20 02:00:00+00:00,74.79,74.02,69.79,41.796662437075454,56.317317135416424
2025-09-20 03:00:00+00:00,80.21,89.59,72.75,51.5786744607243,65.55899620602568
2025-09-20 04:00:00+00:00,88.51,118.92,74.71,69.15058461728252,84.95511402288544
2025-09-20 05:00:00+00:00,86.97,143.42,74.11,81.77215522726105,100.39820048105544
2025-09-20 06:00:00+00:00,75.29,118.29,72.45,60.20298584528341,83.7271354030117
2025-09-20 07:00:00+00:00,24.9,95.18,53.85,34.883609144658884,65.06397353572159
2025-09-20 08:00:00+00:00,3.02,53.7,14.3,-0.7944751649300201,30.815634722190097
2025-09-20 09:00:00+00:00,-0.28,13.03,2.37,-32.73324271861898,-2.485712545036151
2025-09-20 10:00:00+00:00,-6.1,0.99,0.0,-45.0298931398014,-12.381031131217554
2025-09-20 11:00:00+00:00,-10.86,0.0,-0.01,-47.93511972173985,-14.489994653656893
2025-09-20 14:00:00+00:00,26.36,74.46,3.88,17.411825680981565,38.116450829428906
2025-09-20 15:00:00+00:00,93.84,119.44,74.11,73.32459401940491,86.44613380537284
2025-09-20 16:00:00+00:00,124.58,255.21,108.1,165.42448885227958,186.2228853484122
2025-09-20 17:00:00+00:00,134.1,409.24,121.9,253.58984472894772,295.51190214913834
2025-09-20 18:00:00+00:00,99.08,167.59,118.77,130.2985551525077,142.57065818707403
2025-09-20 19:00:00+00:00,81.95,111.82,111.17,95.52943973647787,105.60026536580574
2025-09-20 20:00:00+00:00,74.5,86.04,100.0,76.06373257499845,86.89282251561197
2025-09-20 21:00:00+00:00,48.3,78.93,87.18,65.33019919792588,78.72015991140685
2025-09-20 22:00:00+00:00,8.07,87.24,85.69,70.69751897900451,89.11531665228318
2025-09-20 23:00:00+00:00,3.7,77.91,77.57,60.381849453237535,79.60500442596408
2025-09-21 00:00:00+00:00,3.46,74.99,80.61,56.42210356032656,75.85699357416955
2025-09-21 01:00:00+00:00,1.65,74.8,85.93,54.72473972829415,73.53910077687726
2025-09-21 02:00:00+00:00,2.08,74.79,93.77,53.93481522683176,71.455177669646
2025-09-21 03:00:00+00:00,3.23,80.21,99.82,56.986518169210726,73.97670938831186
2025-09-21 04:00:00+00:00,4.41,88.51,100.75,63.032031866058816,79.8355733904722
2025-09-21 05:00:00+00:00,5.23,86.97,105.36,63.57513702549459,80.2927979245105
2025-09-21 06:00:00+00:00,3.01,75.29,108.48,51.494129956799604,71.04729067797692
2025-09-21 07:00:00+00:00,1.31,24.9,87.78,15.664708874674886,34.54077942617729
2025-09-21 08:00:00+00:00,0.0,3.02,61.68,-6.462749981612177,13.99291376527151
2025-09-21 09:00:00+00:00,-0.09,-0.28,17.58,-19.853149074798466,2.3594288567615536
2025-09-21 10:00:00+00:00,-1.2,-6.1,6.52,-27.18251167863869,-5.047541776438237
2025-09-21 11:00:00+00:00,-2.02,-10.86,0.0,-29.789829590178087,-10.298900396862066
2025-09-21 13:00:00+00:00,-0.01,-0.04,0.0,-10.879360958742197,-1.0853603201658473
2025-09-21 14:00:00+00:00,9.47,26.36,19.33,20.454318236131257,26.717053328473128
2025-09-21 15:00:00+00:00,85.18,93.84,98.2,81.18816377653506,88.82418651752329
2025-09-21 16:00:00+00:00,113.96,124.58,124.34,117.81761829212985,127.86773621566556
2025-09-21 17:00:00+00:00,120.57,134.1,153.29,131.25422856215727,151.68185357796222
2025-09-21 18:00:00+00:00,118.84,99.08,126.01,102.07927086350405,110.34550655353745
2025-09-21 19:00:00+00:00,104.68,81.95,97.37,86.55039521735713,92.55553780293685
2025-09-21 20:00:00+00:00,96.35,74.5,77.02,77.09601119572694,83.42658584549277
2025-09-21 21:00:00+00:00,91.68,48.3,14.27,52.43941121454568,56.715511000629434
2025-09-21 22:00:00+00:00,87.33,8.07,20.0,33.31094950053326,37.913226409610246
2025-09-21 23:00:00+00:00,83.57,3.7,3.87,28.1944267071068,32.11383079808461
2025-09-22 00:00:00+00:00,79.21,3.46,1.39,27.95149434094813,31.389878881970645
2025-09-22 02:00:00+00:00,80.35,2.08,0.0,31.825292266093143,31.41624410285803
2025-09-22 03:00:00+00:00,93.59,3.23,0.9,40.86540154932956,36.70148300424992
2025-09-22 04:00:00+00:00,118.69,4.41,20.27,57.41674157791068,48.704902080815884
2025-09-22 05:00:00+00:00,130.0,5.23,54.31,71.36915915667531,58.675299787456424
2025-09-22 07:00:00+00:00,108.57,1.31,0.9,59.27917257819923,46.03567784088912
2025-09-22 08:00:00+00:00,91.82,0.0,-0.47,50.909361485130596,42.15536538237003
2025-09-22 09:00:00+00:00,77.86,-0.09,-2.61,41.56931319503822,39.81667510717307
2025-09-22 10:00:00+00:00,74.04,-1.2,-8.0,33.720260112889484,35.75075975043272
2025-09-22 11:00:00+00:00,71.17,-2.02,-14.27,30.055363406971892,31.952719726813797
2025-09-22 12:00:00+00:00,70.23,-1.31,-13.7,29.711231616557882,30.978819772092947
2025-09-22 13:00:00+00:00,78.39,-0.01,-8.9,32.89858911303174,31.719565327591965
2025-09-22 14:00:00+00:00,84.79,9.47,-5.24,44.114481957929975,40.417178704653224
2025-09-22 15:00:00+00:00,100.13,85.18,-0.53,91.95877807225969,96.20289360871632
2025-09-22 16:00:00+00:00,128.08,113.96,14.01,116.48369324894568,121.10125045135436
2025-09-22 17:00:00+00:00,140.92,120.57,53.93,126.99360815699505,133.54500568189056
2025-09-22 18:00:00+00:00,130.0,118.84,47.37,121.01666742255031,128.9757829919655
2025-09-22 19:00:00+00:00,114.24,104.68,5.33,104.0427273371883,111.40309252867311
2025-09-22 20:00:00+00:00,97.72,96.35,2.91,94.32173941283973,102.88476287573891
2025-09-22 21:00:00+00:00,89.99,91.68,0.06,86.42912556036669,95.14599469086393
2025-09-22 22:00:00+00:00,88.6,87.33,-0.01,76.5268563318093,80.66605197540565
2025-09-22 23:00:00+00:00,90.0,83.57,-0.09,73.56967663621916,76.70023963186884
2025-09-23 00:00:00+00:00,89.73,79.21,-0.23,71.68419487135554,72.8585098378975
2025-09-23 02:00:00+00:00,91.34,80.35,-1.33,77.71796552744465,73.23509252852337
2025-09-23 03:00:00+00:00,98.11,93.59,-0.01,91.55962025878235,84.45904713985666
2025-09-23 04:00:00+00:00,122.01,118.69,2.32,116.03209093293889,106.43962837925822
2025-09-23 05:00:00+00:00,172.36,130.0,16.21,131.17583451808105,119.19333751924498
2025-09-23 07:00:00+00:00,125.76,108.57,-1.01,105.55250280002218,102.72201534457216
2025-09-23 08:00:00+00:00,93.92,91.82,-5.11,85.833349770759,89.4195280970317
2025-09-23 09:00:00+00:00,85.51,77.86,-10.38,68.81374770186011,77.47629894873745
2025-09-23 10:00:00+00:00,77.54,74.04,-20.05,58.68724170211926,70.7828760337582
2025-09-23 11:00:00+00:00,74.24,71.17,-18.03,53.05256192556302,66.03900121705394
2025-09-23 12:00:00+00:00,74.25,70.23,-11.17,51.13550017131381,63.674167217759475
2025-09-23 13:00:00+00:00,84.11,78.39,-9.99,56.774507077795754,67.62172301791864
2025-09-23 14:00:00+00:00,85.76,84.79,-3.24,66.32638774171423,72.55360443501593
2025-09-23 15:00:00+00:00,102.9,100.13,0.0,87.67407939167609,90.28693190252997
2025-09-23 16:00:00+00:00,136.83,128.08,72.64,120.1330426485692,122.55532998520655
2025-09-23 17:00:00+00:00,149.58,140.92,103.33,130.21531305749488,137.72664637628904
2025-09-23 18:00:00+00:00,115.81,130.0,112.97,119.30557167176461,131.98834049931384
2025-09-23 19:00:00+00:00,94.0,114.24,92.97,101.27972058056372,116.6339444523478
2025-09-23 20:00:00+00:00,84.91,97.72,80.55,85.06637312700306,101.69238113127315
2025-09-23 21:00:00+00:00,84.1,89.99,65.44,74.39596262860611,92.25864390638186
2025-09-23 22:00:00+00:00,82.67,88.6,70.8,62.46793470333379,80.31382748134627
2025-09-23 23:00:00+00:00,82.32,90.0,63.47,61.682545058326404,79.230559734652
2025-09-24 00:00:00+00:00,81.61,89.73,50.95,60.70990018098592,76.53184144224096
2025-09-24 02:00:00+00:00,78.59,91.34,60.01,67.09484550933449,79.68710802815566
2025-09-24 03:00:00+00:00,82.67,98.11,73.82,77.78974984795587,89.5066550559441
2025-09-24 04:00:00+00:00,109.76,122.01,98.85,102.67313106929683,116.20283483868909
2025-09-24 05:00:00+00:00,118.01,172.36,117.34,137.68261862282694,157.13801136817466
2025-09-24 07:00:00+00:00,107.0,125.76,95.14,101.12526302230008,122.86378724279683
2025-09-24 08:00:00+00:00,85.54,93.92,69.14,72.65367725608823,96.04520753645573
2025-09-24 09:00:00+00:00,70.09,85.51,41.38,54.20129986179818,84.2164421022099
2025-09-24 10:00:00+00:00,27.1,77.54,10.5,37.532042865013864,72.24826160211583
2025-09-24 11:00:00+00:00,10.66,74.24,7.88,30.713261429230258,67.43591122384485
2025-09-24 12:00:00+00:00,9.9,74.25,10.59,28.047222899030032,65.5365374216325
2025-09-24 13:00:00+00:00,15.0,84.11,43.09,37.834139874971726,75.50673742781687
2025-09-24 14:00:00+00:00,66.1,85.76,81.17,49.22743064427581,82.19338609733295
2025-09-24 15:00:00+00:00,85.69,102.9,110.0,72.01466121974906,99.69964993205386
2025-09-24 16:00:00+00:00,113.08,136.83,123.31,99.65963827653921,127.85174381105055
2025-09-24 17:00:00+00:00,115.93,149.58,142.58,108.4143743933908,141.8794153885519
2025-09-24 18:00:00+00:00,113.95,115.81,123.52,82.72727868019646,116.67773493905224
2025-09-24 19:00:00+00:00,91.29,94.0,94.2,60.95374944129786,96.50258181261972
2025-09-24 20:00:00+00:00,85.5,84.91,86.1,49.59982172540727,85.82347457883535
2025-09-24 21:00:00+00:00,69.68,84.1,73.07,43.0469737017209,80.63044447364786
2025-09-24 22:00:00+00:00,73.3,82.67,53.12,32.758596025991004,71.70900704637151
2025-09-24 23:00:00+00:00,69.69,82.32,48.29,31.675753875253307,69.99249203783285
2025-09-25 00:00:00+00:00,67.81,81.61,38.47,31.950989387186695,67.91998983180221
2025-09-25 01:00:00+00:00,68.09,77.95,37.96,32.89078419962615,65.52804729142426
2025-09-25 02:00:00+00:00,71.69,78.59,48.12,37.84325475906133,67.65454353604795
2025-09-25 03:00:00+00:00,77.33,82.67,74.15,49.411160989376846,76.67753637082095
2025-09-25 04:00:00+00:00,108.55,109.76,105.81,76.62441508313796,105.61952398985993
2025-09-25 05:00:00+00:00,124.26,118.01,117.21,91.07998214692282,120.56018218536525
2025-09-25 06:00:00+00:00,124.99,120.45,111.28,92.25359046794058,122.47259387264944
2025-09-25 07:00:00+00:00,104.88,107.0,90.8,78.09910829132679,107.79718629171408
2025-09-25 08:00:00+00:00,77.95,85.54,65.1,56.48487832620486,86.93017849219666
2025-09-25 09:00:00+00:00,69.24,70.09,5.89,33.47478000901983,67.2347573619936
2025-09-25 10:00:00+00:00,38.18,27.1,0.2,6.093490460102672,36.95743456772084
2025-09-25 11:00:00+00:00,16.03,10.66,0.0,-4.209093930966077,25.09152704349698
2025-09-25 13:00:00+00:00,43.66,15.0,0.52,1.408442863645874,26.455033635585238
2025-09-25 14:00:00+00:00,75.0,66.1,15.31,35.393851365400245,61.35033988877328
2025-09-25 15:00:00+00:00,88.79,85.69,89.79,65.24416434571104,87.14030318844019
2025-09-25 16:00:00+00:00,117.04,113.08,115.45,91.39103530102484,113.18988086822512
2025-09-25 17:00:00+00:00,121.47,115.93,134.23,95.80192403996679,119.94211043813226
2025-09-25 18:00:00+00:00,123.75,113.95,128.68,88.75948699619408,114.75526191280044
2025-09-25 19:00:00+00:00,105.83,91.29,110.0,69.57170663984778,94.3765941317134
2025-09-25 20:00:00+00:00,94.77,85.5,98.94,61.26297730461879,86.34478215208561
2025-09-25 21:00:00+00:00,81.09,69.68,88.2,48.43315815418011,72.34239490856154
2025-09-25 22:00:00+00:00,78.48,73.3,74.09,51.34964430615127,75.29864665580472
2025-09-25 23:00:00+00:00,75.0,69.69,72.47,50.12756390170831,71.72431036734395
2025-09-26 00:00:00+00:00,73.17,67.81,73.45,51.30638478525442,70.15065992617605
2025-09-26 01:00:00+00:00,73.18,68.09,73.7,54.037801010788606,70.16662780791935
2025-09-26 02:00:00+00:00,74.93,71.69,74.02,59.42395849283669,73.1420174496163
2025-09-26 03:00:00+00:00,82.0,77.33,89.59,70.32007598435933,81.51616855519256
2025-09-26 04:00:00+00:00,107.74,108.55,118.92,100.1097688158273,113.2491517022574
2025-09-26 05:00:00+00:00,120.33,124.26,143.42,119.40903758182047,131.64133656411428
2025-09-26 06:00:00+00:00,123.56,124.99,118.29,118.50054792254153,131.06231721311283
2025-09-26 07:00:00+00:00,110.41,104.88,95.18,99.91207119519733,113.19837745952793
2025-09-26 08:00:00+00:00,89.84,77.95,53.7,73.5629653650329,87.46695791531818
2025-09-26 09:00:00+00:00,85.36,69.24,13.03,57.036792383228295,73.56293744253034
2025-09-26 10:00:00+00:00,78.96,38.18,0.99,33.612230165695244,46.51021660309753
2025-09-26 11:00:00+00:00,73.16,16.03,0.0,19.083833596712054,28.335783356957876
2025-09-26 13:00:00+00:00,79.99,43.66,11.97,33.823191239739664,43.06226714003901
2025-09-26 14:00:00+00:00,98.81,75.0,74.46,65.66262801745852,75.72083799181948
2025-09-26 15:00:00+00:00,109.8,88.79,119.44,88.22533296104274,93.75991934854356
2025-09-26 16:00:00+00:00,123.65,117.04,255.21,126.86194398695594,134.20865321354472
2025-09-26 17:00:00+00:00,133.02,121.47,409.24,147.04636223686177,159.02722896082622
2025-09-26 18:00:00+00:00,119.61,123.75,167.59,112.83041170544477,127.23856641086086
2025-09-26 19:00:00+00:00,106.21,105.83,111.82,90.72793708111026,104.72751941644773
2025-09-26 20:00:00+00:00,96.9,94.77,86.04,78.049294762219,91.56346191252035
2025-09-26 21:00:00+00:00,89.9,81.09,78.93,66.775050151444,78.32877579067829
2025-09-26 22:00:00+00:00,84.99,78.48,87.24,65.457808286805,77.14202254039056
2025-09-26 23:00:00+00:00,83.26,75.0,77.91,61.40161226837081,70.71062958403473
2025-09-27 00:00:00+00:00,82.7,73.17,74.99,59.641463429907716,66.3112028570275
2025-09-27 01:00:00+00:00,82.51,73.18,74.8,59.71454171311521,63.503835488834625
2025-09-27 02:00:00+00:00,85.28,74.93,74.79,60.884051260555275,61.76720396262047
2025-09-27 03:00:00+00:00,89.19,82.0,80.21,65.72321012641737,64.05076610552351
2025-09-27 04:00:00+00:00,90.57,107.74,88.51,82.1822195313405,81.61674879328132
2025-09-27 05:00:00+00:00,105.45,120.33,86.97,90.64644689174665,89.56919460891727
2025-09-27 06:00:00+00:00,109.71,123.56,75.29,89.11185399094047,90.4840937182793
2025-09-27 07:00:00+00:00,96.92,110.41,24.9,71.74416898583573,74.36361812696342
2025-09-27 08:00:00+00:00,87.86,89.84,3.02,52.246941252122284,55.630899679949025
2025-09-27 09:00:00+00:00,75.0,85.36,-0.28,43.69288942230291,49.500136538314706
2025-09-27 10:00:00+00:00,59.77,78.96,-6.1,34.77408473280241,40.08066372995185
2025-09-27 11:00:00+00:00,36.11,73.16,-10.86,27.685852806002387,31.847862184885145
2025-09-27 12:00:00+00:00,48.54,75.05,-5.1,28.87669027194444,32.97638632160061
2025-09-27 13:00:00+00:00,78.22,79.99,-0.04,37.70502165121404,40.3117384880207
2025-09-27 14:00:00+00:00,93.1,98.81,26.36,62.02088438797853,60.94963260851845
2025-09-27 15:00:00+00:00,112.01,109.8,93.84,91.48948302673769,82.59964597471982
2025-09-27 16:00:00+00:00,133.35,123.65,124.58,115.33711342475982,102.63604916289127
2025-09-27 17:00:00+00:00,148.61,133.02,134.1,122.60883438335176,113.89496841309473
2025-09-27 18:00:00+00:00,122.53,119.61,99.08,109.08854759297829,102.99975563405123
2025-09-27 19:00:00+00:00,114.4,106.21,81.95,96.9000353894718,91.58249829605035
2025-09-27 20:00:00+00:00,107.56,96.9,74.5,88.8473792917492,84.0250112877436
2025-09-27 21:00:00+00:00,99.54,89.9,48.3,78.81455327261494,73.71158180464649
2025-09-27 22:00:00+00:00,97.56,84.99,8.07,77.10958617213046,71.40153571858829
2025-09-27 23:00:00+00:00,95.31,83.26,3.7,74.09706766595858,67.09744126055853
2025-09-28 00:00:00+00:00,94.32,82.7,3.46,73.03732967976902,63.965198498446455
2025-09-28 01:00:00+00:00,91.47,82.51,1.65,72.7756758468368,60.85828055297981
2025-09-28 02:00:00+00:00,97.77,85.28,2.08,74.35246202871275,59.76724449104892
2025-09-28 03:00:00+00:00,97.58,89.19,3.23,77.22382618036445,60.11905056876949
2025-09-28 04:00:00+00:00,100.91,90.57,4.41,81.26030035790056,61.51884281848326
2025-09-28 05:00:00+00:00,105.79,105.45,5.23,89.62246779263299,70.6826365077054
2025-09-28 06:00:00+00:00,98.77,109.71,3.01,85.11830047017966,73.26423053903603
2025-09-28 07:00:00+00:00,95.04,96.92,1.31,67.8232190904107,64.18493685973627
2025-09-28 08:00:00+00:00,82.08,87.86,0.0,50.736748458569636,56.191305661809366
2025-09-28 09:00:00+00:00,37.47,75.0,-0.09,34.16360073503283,46.79675500773895
2025-09-28 10:00:00+00:00,17.11,59.77,-1.2,20.600094040468775,35.67875515391538
2025-09-28 11:00:00+00:00,8.53,36.11,-2.02,7.72236175838367,19.1446436200048
2025-09-28 12:00:00+00:00,13.0,48.54,-1.31,17.56165860908851,27.20598852430885
2025-09-28 13:00:00+00:00,61.33,78.22,-0.01,41.6880124914981,48.54253838727055
2025-09-28 14:00:00+00:00,86.0,93.1,9.47,66.45363479524812,64.57769788853683
2025-09-28 15:00:00+00:00,105.89,112.01,85.18,104.92996433796658,92.8229096311893
2025-09-28 16:00:00+00:00,131.02,133.35,113.96,134.2419238664648,117.28240384837673
2025-09-28 17:00:00+00:00,137.97,148.61,120.57,143.37966892326259,133.1386239478965
2025-09-28 18:00:00+00:00,125.93,122.53,118.84,124.87989315358416,117.7674860718792
2025-09-28 19:00:00+00:00,113.51,114.4,104.68,114.58851915905672,110.78858691207765
2025-09-28 20:00:00+00:00,102.29,107.56,96.35,107.52101196796752,105.051667947923
2025-09-28 21:00:00+00:00,95.74,99.54,91.68,100.54492366757711,97.73263715434106
2025-09-28 22:00:00+00:00,90.95,97.56,87.33,103.1026641059062,102.21610174098306
2025-09-28 23:00:00+00:00,88.76,95.31,83.57,102.44930835963193,99.79324307737579
2025-09-29 00:00:00+00:00,87.88,94.32,79.21,103.24211872688407,98.38119541284458
2025-09-29 02:00:00+00:00,88.31,97.77,80.35,112.08008464535726,101.95110023102262
2025-09-29 03:00:00+00:00,98.37,97.58,93.59,121.8633047707611,107.9395610764193
2025-09-29 04:00:00+00:00,134.98,100.91,118.69,139.43504643051187,121.27228025493704
2025-09-29 05:00:00+00:00,222.1,105.79,130.0,151.58535618374614,132.1491965761695
2025-09-29 07:00:00+00:00,122.06,95.04,108.57,127.7931999314211,123.50142308933283
2025-09-29 08:00:00+00:00,90.21,82.08,91.82,107.83753971201659,111.2911110483521
2025-09-29 09:00:00+00:00,84.95,37.47,77.86,74.08241051811827,78.63796224373951
2025-09-29 10:00:00+00:00,78.71,17.11,74.04,57.301829932431886,62.44373332924517
2025-09-29 11:00:00+00:00,77.08,8.53,71.17,51.40752475758006,52.8274447709676
2025-09-29 12:00:00+00:00,83.33,13.0,70.23,57.41984800467671,54.82576687678938
2025-09-29 13:00:00+00:00,87.4,61.33,78.39,89.56776232424338,88.30360051015577
2025-09-29 14:00:00+00:00,99.98,86.0,84.79,113.98409852366798,106.33369151626985
2025-09-29 15:00:00+00:00,140.79,105.89,100.13,140.40946175076107,124.10143032179991
2025-09-29 16:00:00+00:00,302.65,131.02,128.08,166.76630644748445,148.18547906602862
2025-09-29 17:00:00+00:00,406.78,137.97,140.92,169.79593020158003,156.95187080373736
2025-09-29 18:00:00+00:00,167.6,125.93,130.0,153.7309927857962,145.02532428944977
2025-09-29 19:00:00+00:00,123.85,113.51,114.24,138.24392863573763,132.6580694882481
2025-09-29 20:00:00+00:00,108.3,102.29,97.72,124.05898622574824,120.40085620050633
2025-09-29 21:00:00+00:00,93.68,95.74,89.99,114.31030789968551,111.93186624071053
2025-09-29 22:00:00+00:00,101.1,90.95,88.6,103.63716257122304,98.68118961768124
2025-09-29 23:00:00+00:00,98.43,88.76,90.0,101.80043642197373,96.22746869090608
2025-09-30 00:00:00+00:00,98.93,87.88,89.73,101.9124740253197,95.0475151600946
2025-09-30 01:00:00+00:00,94.99,87.94,89.93,103.82148932928268,94.85387240044244
2025-09-30 02:00:00+00:00,99.12,88.31,91.34,107.61958947245041,96.44877500205791
2025-09-30 03:00:00+00:00,112.08,98.37,98.11,119.3788706062916,106.4983862720033
2025-09-30 04:00:00+00:00,141.86,134.98,122.01,150.60306107398992,139.22803137799076
2025-09-30 05:00:00+00:00,244.0,222.1,172.36,208.81418749703607,207.27762353187592
2025-09-30 06:00:00+00:00,209.23,166.91,162.8,179.26131359723962,171.91218848064003
2025-09-30 07:00:00+00:00,141.85,122.06,125.76,145.38015620664308,137.1383532402872
2025-09-30 08:00:00+00:00,115.2,90.21,93.92,116.60311158490248,110.46579655977375
2025-09-30 09:00:00+00:00,96.72,84.95,85.51,102.26399495056376,101.07525231988907
2025-09-30 10:00:00+00:00,87.91,78.71,77.54,91.32096842789794,91.89115127051704
2025-09-30 11:00:00+00:00,86.04,77.08,74.24,87.97064689032106,86.97950204453016
2025-09-30 12:00:00+00:00,87.26,83.33,74.25,91.6681212622145,88.25597498469878
2025-09-30 13:00:00+00:00,96.8,87.4,84.11,100.81233635684917,94.65292427517878
2025-09-30 14:00:00+00:00,104.03,99.98,85.76,115.8896547868435,104.89764783550136
2025-09-30 15:00:00+00:00,142.64,140.79,102.9,148.86321341611233,136.32220014613253
2025-09-30 16:00:00+00:00,294.54,302.65,136.83,244.76673125842947,251.05026115347664
2025-09-30 17:00:00+00:00,357.77,406.78,149.58,301.475836374793,324.59345361952785
2025-09-30 18:00:00+00:00,147.28,167.6,115.81,172.55946022678802,165.09424983320906
2025-09-30 19:00:00+00:00,116.04,123.85,94.0,140.84263131947873,131.20850779334359
2025-09-30 20:00:00+00:00,101.63,108.3,84.91,125.96980647695344,116.80224632981766
2025-09-30 21:00:00+00:00,92.54,93.68,84.1,114.44950521344575,104.34939647977568
