timestamp_utc,price_eur_mwh,lag_24_pred,lag_168_pred,elasticnet_full_pred,elasticnet_tier1_pred
2022-12-31 23:00:00+00:00,-5.17,-0.03,120.28,-24.01608646085137,21.065403236538586
2023-01-01 00:00:00+00:00,-1.07,-0.07,112.11,-29.09083814201844,16.56788029123325
2023-01-01 01:00:00+00:00,-1.47,-0.03,106.65,-32.3760347678363,12.63421087132248
2023-01-01 02:00:00+00:00,-5.08,-0.04,90.84,-35.70677205236848,6.799885768599253
2023-01-01 03:00:00+00:00,-4.49,-0.03,85.7,-36.09734750732332,3.0818905383208204
2023-01-01 04:00:00+00:00,-5.4,-0.02,85.65,-37.553095746320025,-1.5999911828242261
2023-01-01 05:00:00+00:00,-5.02,-0.01,85.64,-39.97420657208647,-7.085423756271055
2023-01-01 06:00:00+00:00,-1.3,-0.05,92.7,-36.18596202526939,-8.843798416316801
2023-01-01 07:00:00+00:00,-1.44,0.63,110.1,-31.23490416481829,-7.942490504860814
2023-01-01 08:00:00+00:00,-1.09,-0.03,113.28,-31.85039435766572,-8.180297126184342
2023-01-01 09:00:00+00:00,-1.07,-0.3,119.6,-33.03472741489779,-7.9860009566923935
2023-01-01 11:00:00+00:00,-0.79,-3.78,101.01,-32.49363750327538,-13.105617645659791
2023-01-01 12:00:00+00:00,-0.27,-3.44,95.6,-25.84357433678369,-13.766724323713234
2023-01-01 13:00:00+00:00,0.85,-2.07,92.89,-18.430450696792974,-11.81679629380642
2023-01-01 14:00:00+00:00,23.53,-1.98,110.08,-4.825558239006895,-6.328051411661335
2023-01-01 15:00:00+00:00,36.54,-0.9,112.91,4.674400327801891,-0.6233978110863347
2023-01-01 16:00:00+00:00,46.03,0.0,130.42,13.082852864764746,9.614949521752138
2023-01-01 17:00:00+00:00,55.57,-0.01,120.38,11.880831332687805,12.202289773690268
2023-01-01 18:00:00+00:00,54.95,-1.01,110.09,7.567804645631327,12.327177623981342
2023-01-01 19:00:00+00:00,49.23,-1.39,118.21,5.459303563321157,13.069331390962006
2023-01-01 20:00:00+00:00,44.99,-1.04,106.52,2.818192290148403,13.340060682936937
2023-01-01 21:00:00+00:00,45.96,-1.07,102.25,2.1969056063806534,14.863983534169336
2023-01-01 22:00:00+00:00,35.0,-0.68,100.0,-1.9442867388897014,13.658359045913386
2023-01-01 23:00:00+00:00,57.91,-5.17,50.3,3.3594695877772836,17.945464645213107
2023-01-02 00:00:00+00:00,51.67,-1.07,36.98,2.33665625124965,17.993398159842997
2023-01-02 01:00:00+00:00,52.93,-1.47,27.02,-0.6135363002206162,16.122652441113004
2023-01-02 02:00:00+00:00,44.09,-5.08,21.3,-3.68095921788219,13.317629280695641
2023-01-02 03:00:00+00:00,50.08,-4.49,17.9,-1.9466310334309185,14.597709127783276
2023-01-02 04:00:00+00:00,69.72,-5.4,16.33,1.5009400437025988,16.150976826711982
2023-01-02 05:00:00+00:00,105.08,-5.02,18.11,9.864028357434648,21.917514793085374
2023-01-02 06:00:00+00:00,140.64,-1.3,23.29,19.99592533696476,28.89117699694195
2023-01-02 07:00:00+00:00,145.98,-1.44,38.68,24.659881795812424,31.877278940996987
2023-01-02 08:00:00+00:00,147.05,-1.09,53.57,23.47317090806837,33.78647511316204
2023-01-02 09:00:00+00:00,145.61,-1.07,59.3,19.490333752007984,33.7459657127383
2023-01-02 11:00:00+00:00,144.38,-0.79,54.9,15.94297305219645,31.17259672482426
2023-01-02 12:00:00+00:00,143.76,-0.27,29.99,15.631875071382595,26.896540074254403
2023-01-02 13:00:00+00:00,148.2,0.85,32.64,19.767282024897924,26.28958358749034
2023-01-02 14:00:00+00:00,155.34,23.53,33.99,36.335932868940006,41.930863175861866
2023-01-02 15:00:00+00:00,162.89,36.54,47.63,47.98334246444529,53.91514878086915
2023-01-02 16:00:00+00:00,170.0,46.03,54.98,56.77176840621764,64.82269694363501
2023-01-02 17:00:00+00:00,174.74,55.57,52.2,61.28447862624688,73.08458997201484
2023-01-02 18:00:00+00:00,164.46,54.95,59.17,58.67163191753647,73.84588317972195
2023-01-02 19:00:00+00:00,153.0,49.23,58.43,52.02038954386887,68.67166825118741
2023-01-02 20:00:00+00:00,141.67,44.99,59.04,46.84188011467132,64.6871581171934
2023-01-02 21:00:00+00:00,134.91,45.96,48.55,44.586542871838056,63.166068192465396
2023-01-02 22:00:00+00:00,124.22,35.0,19.48,32.59453650512236,50.23235811220058
2023-01-02 23:00:00+00:00,130.01,57.91,23.36,33.63772884350979,52.41490604302188
2023-01-03 00:00:00+00:00,120.0,51.67,9.98,29.988581157219755,45.996759355661986
2023-01-03 01:00:00+00:00,118.76,52.93,5.69,32.333218966677876,45.63660128545646
2023-01-03 02:00:00+00:00,115.0,44.09,5.0,30.676451523407906,39.022663431007025
2023-01-03 03:00:00+00:00,113.63,50.08,11.46,40.70944201292166,45.01494226736772
2023-01-03 04:00:00+00:00,116.27,69.72,19.59,60.616522030406784,61.189047383729594
2023-01-03 05:00:00+00:00,138.92,105.08,30.42,94.3725684552233,91.65053281671328
2023-01-03 06:00:00+00:00,159.92,140.64,80.96,134.3622285243369,128.0213116171474
2023-01-03 07:00:00+00:00,169.17,145.98,95.9,146.96093014616753,135.90941357873837
2023-01-03 08:00:00+00:00,171.18,147.05,100.08,148.13681914633614,137.20748347578416
2023-01-03 09:00:00+00:00,168.57,145.61,95.93,144.07454760492092,134.76711849889426
2023-01-03 11:00:00+00:00,164.5,144.38,110.38,141.60638808245875,133.88659850701129
2023-01-03 12:00:00+00:00,160.91,143.76,124.36,141.69090648758322,132.8868422072164
2023-01-03 13:00:00+00:00,163.06,148.2,139.08,146.8711013395226,135.27366037499124
2023-01-03 14:00:00+00:00,167.73,155.34,143.32,155.39437539388922,141.23355758633681
2023-01-03 15:00:00+00:00,166.61,162.89,147.56,160.61801513122933,148.52477737894156
2023-01-03 16:00:00+00:00,170.72,170.0,158.69,163.36557355249235,157.78044757064174
2023-01-03 17:00:00+00:00,168.93,174.74,164.69,161.98156477710668,163.852592571718
2023-01-03 18:00:00+00:00,160.99,164.46,156.93,147.6011572314346,155.9741933449683
2023-01-03 19:00:00+00:00,149.62,153.0,147.56,130.1744970015816,145.01224392674644
2023-01-03 20:00:00+00:00,130.99,141.67,128.8,111.85826638576481,132.82349017755945
2023-01-03 21:00:00+00:00,114.27,134.91,107.84,97.56964260019262,123.91492946454807
2023-01-03 22:00:00+00:00,93.66,124.22,85.62,79.59951353660156,110.19382734457336
2023-01-03 23:00:00+00:00,80.89,130.01,40.28,60.952050817060744,95.47639322970431
2023-01-04 00:00:00+00:00,70.67,120.0,33.13,48.18239968992028,85.79119788841645
2023-01-04 01:00:00+00:00,40.0,118.76,10.31,39.424929835087724,80.93910785305998
2023-01-04 02:00:00+00:00,8.68,115.0,0.05,33.74562550018996,75.34327755537285
2023-01-04 03:00:00+00:00,0.85,113.63,0.03,33.56810719303387,74.35011315440022
2023-01-04 04:00:00+00:00,11.02,116.27,0.1,33.18592166823849,78.30256352173691
2023-01-04 05:00:00+00:00,61.02,138.92,16.97,50.432074238389525,102.22432549807476
2023-01-04 06:00:00+00:00,79.2,159.92,31.41,72.16417426904792,125.40855171134356
2023-01-04 07:00:00+00:00,84.2,169.17,43.24,81.76762983465943,135.05537738511146
2023-01-04 08:00:00+00:00,83.32,171.18,63.63,85.08606219551729,138.82760434797197
2023-01-04 09:00:00+00:00,70.07,168.57,68.38,83.84699368772912,137.08649500335386
2023-01-04 10:00:00+00:00,79.74,169.49,59.95,83.66091217317961,136.17460734453533
2023-01-04 11:00:00+00:00,80.89,164.5,52.08,80.11265042625351,131.03136258194363
2023-01-04 12:00:00+00:00,79.72,160.91,47.09,76.06214500332023,125.82429171295539
2023-01-04 13:00:00+00:00,80.22,163.06,71.1,78.46185767580387,128.36257869485775
2023-01-04 14:00:00+00:00,79.74,167.73,71.08,80.78439668318126,131.32320220839392
2023-01-04 15:00:00+00:00,80.82,166.61,85.77,82.36604533214256,133.71715565936796
2023-01-04 16:00:00+00:00,86.16,170.72,89.71,87.204239242445,140.6551951031307
2023-01-04 17:00:00+00:00,72.28,168.93,87.43,84.40906867542019,140.74909728491306
2023-01-04 18:00:00+00:00,66.61,160.99,71.77,73.55590076435062,132.8280966726785
2023-01-04 19:00:00+00:00,43.2,149.62,55.1,58.31358382322096,120.23415809973676
2023-01-04 20:00:00+00:00,31.25,130.99,46.42,42.73171648565531,104.41763943228884
2023-01-04 21:00:00+00:00,34.96,114.27,35.45,30.239811594812693,90.71752177593967
2023-01-04 22:00:00+00:00,9.09,93.66,21.05,12.400503551612402,72.48883821556255
2023-01-04 23:00:00+00:00,0.05,80.89,-1.01,1.5369441484800603,57.517149466827654
2023-01-05 00:00:00+00:00,0.07,70.67,-1.05,-2.8519242333270682,50.00299602097075
2023-01-05 02:00:00+00:00,0.12,8.68,-2.18,-28.123285579559195,11.8981499096883
2023-01-05 03:00:00+00:00,2.23,0.85,-2.05,-25.62283558249409,10.217209765593168
2023-01-05 04:00:00+00:00,10.07,11.02,-0.98,-12.311627096256686,21.63584800450066
2023-01-05 05:00:00+00:00,61.04,61.02,-0.05,25.530070696636457,63.075732392615016
2023-01-05 06:00:00+00:00,87.19,79.2,0.09,44.68764883802727,79.16639053080706
2023-01-05 07:00:00+00:00,95.84,84.2,8.98,55.77202142974923,85.25368651142205
2023-01-05 08:00:00+00:00,125.55,83.32,5.97,59.408953978737756,84.30133013730854
2023-01-05 09:00:00+00:00,131.92,70.07,5.28,55.49796295441252,74.51406767015328
2023-01-05 10:00:00+00:00,143.07,79.74,4.01,63.84556054201614,80.28918654124988
2023-01-05 11:00:00+00:00,140.91,80.89,1.99,67.18331927065282,79.32377172697352
2023-01-05 12:00:00+00:00,142.58,79.72,3.4,69.70886829564274,76.34376301121458
2023-01-05 13:00:00+00:00,151.03,80.22,19.95,78.6337356019936,76.86860061828342
2023-01-05 14:00:00+00:00,159.48,79.74,24.54,88.24564557036248,76.544770364122
2023-01-05 15:00:00+00:00,172.73,80.82,27.2,96.76534408009752,78.29046145305773
2023-01-05 16:00:00+00:00,194.7,86.16,34.54,106.95175429173077,85.7709314727201
2023-01-05 17:00:00+00:00,194.67,72.28,51.41,103.22531462020876,79.47206447293507
2023-01-05 18:00:00+00:00,177.98,66.61,47.94,96.787407819226,74.1210428049141
2023-01-05 19:00:00+00:00,163.99,43.2,26.62,75.16481777095238,52.3993213034997
2023-01-05 20:00:00+00:00,152.0,31.25,25.01,62.011694262360905,41.3894888495662
2023-01-05 21:00:00+00:00,144.64,34.96,26.31,57.30144427469692,41.81058046119903
2023-01-05 22:00:00+00:00,127.0,9.09,21.07,34.380688404297885,20.344059591025385
2023-01-05 23:00:00+00:00,107.21,0.05,11.17,23.509010080012672,16.362260210633195
2023-01-06 00:00:00+00:00,101.1,0.07,5.09,19.132994916836054,14.532258927710075
2023-01-06 02:00:00+00:00,82.34,0.12,0.65,11.74738104565374,9.177538448190461
2023-01-06 03:00:00+00:00,81.93,2.23,0.57,11.551943384655132,10.15279695591488
2023-01-06 04:00:00+00:00,84.03,10.07,4.88,17.637735742383967,17.88540273005526
2023-01-06 05:00:00+00:00,97.25,61.04,10.93,51.07094928677213,60.04558416525705
2023-01-06 06:00:00+00:00,106.51,87.19,24.13,71.09166021770574,83.79074192109874
2023-01-06 07:00:00+00:00,120.7,95.84,27.69,75.67121533745495,90.84485690802279
2023-01-06 08:00:00+00:00,116.86,125.55,29.08,88.33934675174234,110.64933299421594
2023-01-06 09:00:00+00:00,112.85,131.92,26.09,88.25350268353627,113.35425618962894
2023-01-06 10:00:00+00:00,113.37,143.07,24.72,94.84598964831119,121.61896786032781
2023-01-06 11:00:00+00:00,115.0,140.91,17.74,93.38088612545317,118.34568135301541
2023-01-06 12:00:00+00:00,109.78,142.58,19.87,95.44382769165048,117.69960996242764
2023-01-06 13:00:00+00:00,119.71,151.03,25.64,105.21360971495228,122.45537931724648
2023-01-06 14:00:00+00:00,125.83,159.48,27.97,117.92988513401058,128.62790698341013
2023-01-06 15:00:00+00:00,139.57,172.73,21.01,132.38016733070327,139.1380832977606
2023-01-06 16:00:00+00:00,155.93,194.7,30.78,154.4822017727215,160.78848691350493
2023-01-06 17:00:00+00:00,163.5,194.67,22.4,155.25021684705825,160.4113465692398
2023-01-06 18:00:00+00:00,146.74,177.98,13.79,143.76320072388233,147.56369283923033
2023-01-06 19:00:00+00:00,139.38,163.99,2.63,131.16656610591346,133.40103082173988
2023-01-06 20:00:00+00:00,131.8,152.0,0.69,121.24973764569191,122.50992114370536
2023-01-06 21:00:00+00:00,129.94,144.64,0.4,115.68951746611017,116.64760472808148
2023-01-06 22:00:00+00:00,121.3,127.0,0.0,101.37547267543252,100.19421036320547
2023-01-06 23:00:00+00:00,97.15,107.21,-0.03,82.58130763241779,81.21040200024606
2023-01-07 00:00:00+00:00,98.43,101.1,-0.07,75.10349404856504,72.93746969934816
2023-01-07 02:00:00+00:00,87.97,82.34,-0.04,58.24637731947875,52.69720305890399
2023-01-07 03:00:00+00:00,82.99,81.93,-0.03,54.88478373724638,47.91507607138371
2023-01-07 04:00:00+00:00,83.59,84.03,-0.02,53.099904399552756,44.58376449170316
2023-01-07 05:00:00+00:00,90.76,97.25,-0.01,62.20316745444763,53.981823373673045
2023-01-07 06:00:00+00:00,103.21,106.51,-0.05,71.95952641336152,61.36126057024623
2023-01-07 07:00:00+00:00,111.86,120.7,0.63,83.38018489653328,71.71084396400428
2023-01-07 08:00:00+00:00,112.0,116.86,-0.03,81.63215374774471,71.42685698303482
2023-01-07 09:00:00+00:00,100.0,112.85,-0.3,76.2651592933631,68.53781495211948
2023-01-07 10:00:00+00:00,88.32,113.37,-1.66,74.37007510029488,69.08777318274862
2023-01-07 11:00:00+00:00,87.9,115.0,-3.78,72.47918303160463,68.78317384701398
2023-01-07 12:00:00+00:00,94.05,109.78,-3.44,68.83292125193361,64.58952225624313
2023-01-07 13:00:00+00:00,88.98,119.71,-2.07,77.96204890864261,72.66994478642766
2023-01-07 14:00:00+00:00,85.56,125.83,-1.98,86.63697945404996,79.85318570831515
2023-01-07 15:00:00+00:00,94.1,139.57,-0.9,95.8968461487499,94.75191159861586
2023-01-07 16:00:00+00:00,96.81,155.93,0.0,104.08628714756267,113.57285764731256
2023-01-07 17:00:00+00:00,99.52,163.5,-0.01,104.09813852295488,122.89360256608879
2023-01-07 18:00:00+00:00,94.58,146.74,-1.01,88.86741638266724,112.39874134003536
2023-01-07 19:00:00+00:00,87.86,139.38,-1.39,78.91068699092953,106.6892419833953
2023-01-07 20:00:00+00:00,61.47,131.8,-1.04,70.848504231882,101.24891070384709
2023-01-07 21:00:00+00:00,50.0,129.94,-1.07,69.02593069193063,100.4528618209664
2023-01-07 22:00:00+00:00,38.25,121.3,-0.68,60.753112187732945,92.29469657548509
2023-01-07 23:00:00+00:00,10.93,97.15,-5.17,45.78242923966505,78.39929724312476
2023-01-08 00:00:00+00:00,9.07,98.43,-1.07,47.91109920200802,77.75142124464091
2023-01-08 01:00:00+00:00,9.1,96.05,-1.47,46.23028037512927,73.24334002808024
2023-01-08 02:00:00+00:00,4.16,87.97,-5.08,40.863834925772835,62.361819868394115
2023-01-08 03:00:00+00:00,5.58,82.99,-4.49,39.93532356896312,56.329129345751994
2023-01-08 04:00:00+00:00,9.92,83.59,-5.4,40.23743503465756,52.83705474520761
2023-01-08 05:00:00+00:00,9.02,90.76,-5.02,45.587932795155176,54.75474855195694
2023-01-08 06:00:00+00:00,16.47,103.21,-1.3,56.511771360351986,62.73404463382271
2023-01-08 07:00:00+00:00,49.42,111.86,-1.44,65.25831583983737,68.68673479034236
2023-01-08 08:00:00+00:00,82.8,112.0,-1.09,67.2070660122105,68.12983635552659
2023-01-08 09:00:00+00:00,93.7,100.0,-1.07,62.49506460484103,59.90939004386879
2023-01-08 11:00:00+00:00,101.69,87.9,-0.79,60.236100937573966,52.78747471537614
2023-01-08 12:00:00+00:00,99.0,94.05,-0.27,64.88466067934878,56.018538330710726
2023-01-08 13:00:00+00:00,104.29,88.98,0.85,66.74485880025391,53.962614159277166
2023-01-08 14:00:00+00:00,103.64,85.56,23.53,73.03613291480347,57.2287841118286
2023-01-08 15:00:00+00:00,109.11,94.1,36.54,83.57508021880437,70.0163536756121
2023-01-08 16:00:00+00:00,118.04,96.81,46.03,90.05767538284601,81.11209992450505
2023-01-08 17:00:00+00:00,122.61,99.52,55.57,92.05564621762362,89.43227467518193
2023-01-08 18:00:00+00:00,109.11,94.58,54.95,84.52036100846973,87.37287824519194
2023-01-08 19:00:00+00:00,103.93,87.86,49.23,74.98632394223822,82.4988752191445
2023-01-08 20:00:00+00:00,98.43,61.47,44.99,56.677858923244685,65.08217432095431
2023-01-08 21:00:00+00:00,99.37,50.0,45.96,49.37743272714543,59.453616965229116
2023-01-08 22:00:00+00:00,81.34,38.25,35.0,37.70447416621807,49.21907583458233
2023-01-08 23:00:00+00:00,75.13,10.93,57.91,29.894025847594563,42.313498790080594
2023-01-09 00:00:00+00:00,64.38,9.07,51.67,29.88382347949991,41.37722594103635
2023-01-09 01:00:00+00:00,60.28,9.1,52.93,31.458933441557832,42.138389167966146
2023-01-09 02:00:00+00:00,39.41,4.16,44.09,30.620307385849543,38.56868006199519
2023-01-09 03:00:00+00:00,47.25,5.58,50.08,38.315938304523065,42.67483293564374
2023-01-09 04:00:00+00:00,69.07,9.92,69.72,51.395054253446965,51.63367883847955
2023-01-09 05:00:00+00:00,107.13,9.02,105.08,68.26414915448407,62.85466955681921
2023-01-09 06:00:00+00:00,160.0,16.47,140.64,87.18454632844576,77.89904243921423
2023-01-09 07:00:00+00:00,180.0,49.42,145.98,109.66085821474809,102.49729428047026
2023-01-09 08:00:00+00:00,177.14,82.8,147.05,127.05802217271368,124.6936286831634
2023-01-09 09:00:00+00:00,159.07,93.7,145.61,130.5256861232648,130.15881428484985
2023-01-09 10:00:00+00:00,160.57,103.87,143.35,134.28421053656956,135.5368725335238
2023-01-09 11:00:00+00:00,140.56,101.69,144.38,132.64087042897552,133.07150086054634
2023-01-09 12:00:00+00:00,137.67,99.0,143.76,131.68160680207754,129.5117672840923
2023-01-09 13:00:00+00:00,143.57,104.29,148.2,137.32659960084504,131.2549531205384
2023-01-09 14:00:00+00:00,151.02,103.64,155.34,142.10492690296977,130.75935925579483
2023-01-09 15:00:00+00:00,161.96,109.11,162.89,148.20006912326602,136.67631850917778
2023-01-09 16:00:00+00:00,176.07,118.04,170.0,155.4558849636131,147.0864337813166
2023-01-09 17:00:00+00:00,182.18,122.61,174.74,156.06260827634722,152.45465651177656
2023-01-09 18:00:00+00:00,170.79,109.11,164.46,142.21095558786362,142.16578518724282
2023-01-09 19:00:00+00:00,160.51,103.93,153.0,130.45228403046175,135.2193383249809
2023-01-09 20:00:00+00:00,138.93,98.43,141.67,118.15014141106575,126.57307356603981
2023-01-09 21:00:00+00:00,132.0,99.37,134.91,112.37092423405498,124.49047110473487
2023-01-09 22:00:00+00:00,108.31,81.34,124.22,94.22744749415457,107.55128956457305
2023-01-09 23:00:00+00:00,106.02,75.13,130.01,80.41685838357049,91.08563436194399
2023-01-10 00:00:00+00:00,96.71,64.38,120.0,71.70482629839591,81.03983257975773
2023-01-10 01:00:00+00:00,95.14,60.28,118.76,69.11458526829082,77.24050030175148
2023-01-10 02:00:00+00:00,90.36,39.41,115.0,58.424535821139685,61.99556794538004
2023-01-10 03:00:00+00:00,95.61,47.25,113.63,65.47930089065395,67.60658049449884
2023-01-10 04:00:00+00:00,108.6,69.07,116.27,82.80009075963787,84.30201987682678
2023-01-10 05:00:00+00:00,138.13,107.13,138.92,115.58529844356201,117.36267560741325
2023-01-10 06:00:00+00:00,154.73,160.0,159.92,154.03008372333846,157.8573462416742
2023-01-10 07:00:00+00:00,165.33,180.0,169.17,173.87176789246843,175.85485247159565
2023-01-10 08:00:00+00:00,160.42,177.14,171.18,176.33988577680194,176.69874977991424
2023-01-10 09:00:00+00:00,154.73,159.07,168.57,165.62097180240113,164.45791948603002
2023-01-10 10:00:00+00:00,146.45,160.57,169.49,165.25213174377566,166.32693511554712
2023-01-10 11:00:00+00:00,141.22,140.56,164.5,151.61035225097322,150.7986861721592
2023-01-10 12:00:00+00:00,141.68,137.67,160.91,147.1992326061776,145.72576161649624
2023-01-10 13:00:00+00:00,145.41,143.57,163.06,150.5202888323151,147.8549670530108
2023-01-10 14:00:00+00:00,145.92,151.02,167.73,156.9758929701463,152.45374619321933
2023-01-10 15:00:00+00:00,140.5,161.96,166.61,162.06131817383292,160.74650396553446
2023-01-10 16:00:00+00:00,146.34,176.07,170.72,168.7022263321471,174.96172269172368
2023-01-10 17:00:00+00:00,140.45,182.18,168.93,165.1530649395471,180.54099218622568
2023-01-10 18:00:00+00:00,124.44,170.79,160.99,148.3664607937048,171.05536782574873
2023-01-10 19:00:00+00:00,106.15,160.51,149.62,130.21343749145584,160.48287356053692
2023-01-10 20:00:00+00:00,86.53,138.93,130.99,105.88038303638434,141.33253011335333
2023-01-10 21:00:00+00:00,81.3,132.0,114.27,93.73550770833003,133.49234526183744
2023-01-10 22:00:00+00:00,42.96,108.31,93.66,70.12672380932729,111.26899534190447
2023-01-10 23:00:00+00:00,5.0,106.02,80.89,53.998996542573025,97.13945159630269
2023-01-11 00:00:00+00:00,0.16,96.71,70.67,46.47575885589257,87.64254085517592
2023-01-11 01:00:00+00:00,0.08,95.14,40.0,40.16526503889895,81.49601635425918
2023-01-11 02:00:00+00:00,0.01,90.36,8.68,32.660699460740545,71.98301223975893
2023-01-11 03:00:00+00:00,0.04,95.61,0.85,37.2461483032291,75.21391845772762
2023-01-11 04:00:00+00:00,2.75,108.6,11.02,49.774122560874,88.14231285438194
2023-01-11 05:00:00+00:00,57.88,138.13,61.02,82.86805219889916,122.12830095753817
2023-01-11 06:00:00+00:00,91.11,154.73,79.2,110.44259362487384,144.00170650425088
2023-01-11 07:00:00+00:00,127.44,165.33,84.2,126.96670683563825,154.1321901546905
2023-01-11 08:00:00+00:00,129.74,160.42,83.32,129.09443234300443,149.07542418638843
2023-01-11 09:00:00+00:00,131.71,154.73,70.07,126.56370392038576,141.09013176228729
2023-01-11 10:00:00+00:00,130.02,146.45,79.74,125.19540668797207,136.20670085593233
2023-01-11 11:00:00+00:00,117.47,141.22,80.89,121.77352504794854,130.00322133702642
2023-01-11 12:00:00+00:00,110.54,141.68,79.72,121.58088184206346,127.98094301915955
2023-01-11 13:00:00+00:00,115.74,145.41,80.22,124.02872916267042,129.05298043595656
2023-01-11 14:00:00+00:00,117.7,145.92,79.74,125.15548675237967,128.59089705207367
2023-01-11 15:00:00+00:00,119.2,140.5,80.82,123.25619213734412,126.15250802302162
2023-01-11 16:00:00+00:00,132.39,146.34,86.16,128.30173811885783,135.0080609644125
2023-01-11 17:00:00+00:00,132.88,140.45,72.28,118.31885821568827,130.80322933296824
2023-01-11 18:00:00+00:00,127.8,124.44,66.61,100.3083003307383,118.41865364788623
2023-01-11 19:00:00+00:00,114.56,106.15,43.2,76.38197080047183,100.4915403085475
2023-01-11 20:00:00+00:00,93.47,86.53,31.25,54.2304570562066,83.10697234598382
2023-01-11 21:00:00+00:00,91.71,81.3,34.96,45.36887703423303,78.97205619227394
2023-01-11 22:00:00+00:00,68.54,42.96,9.09,14.858643127197581,47.50029387268737
2023-01-11 23:00:00+00:00,19.88,5.0,0.05,-15.644665413380125,18.414210513537896
2023-01-12 00:00:00+00:00,5.55,0.16,0.07,-18.020420989654028,14.835252252241702
2023-01-12 02:00:00+00:00,0.1,0.01,0.12,-11.483802539994002,18.049444380276896
2023-01-12 03:00:00+00:00,2.03,0.04,2.23,-5.086451737595979,21.43941710187046
2023-01-12 04:00:00+00:00,24.94,2.75,10.07,4.918015892247837,28.610271713602387
2023-01-12 05:00:00+00:00,85.72,57.88,61.04,52.17183421892492,80.66283165663182
2023-01-12 06:00:00+00:00,111.55,91.11,87.19,80.61663135115047,110.83853988474014
2023-01-12 07:00:00+00:00,106.83,127.44,95.84,103.25833491173537,137.86415805738793
2023-01-12 08:00:00+00:00,97.83,129.74,125.55,104.9958614722445,141.61088054133617
2023-01-12 09:00:00+00:00,84.74,131.71,131.92,103.88621990691479,142.20857073014338
2023-01-12 10:00:00+00:00,87.38,130.02,143.07,102.82545756953584,141.33977071198666
2023-01-12 11:00:00+00:00,75.88,117.47,140.91,94.42126138819279,130.90976918908245
2023-01-12 12:00:00+00:00,81.84,110.54,142.58,90.03726038893925,124.26490744358127
2023-01-12 13:00:00+00:00,88.2,115.74,151.03,94.93417314719038,127.1804234426759
2023-01-12 14:00:00+00:00,95.18,117.7,159.48,99.54047274382981,128.9803716166332
2023-01-12 15:00:00+00:00,99.08,119.2,172.73,103.90989643784712,131.5018548895071
2023-01-12 16:00:00+00:00,112.01,132.39,194.7,117.47751667505538,146.5472375199678
2023-01-12 17:00:00+00:00,119.49,132.88,194.67,115.78790381704883,147.60222043299947
2023-01-12 18:00:00+00:00,100.79,127.8,177.98,104.3919476950243,140.74039163796613
2023-01-12 19:00:00+00:00,99.35,114.56,163.99,86.82560495296974,127.0164881705436
2023-01-12 20:00:00+00:00,84.77,93.47,152.0,66.51948882105737,108.34279086303478
2023-01-12 21:00:00+00:00,70.43,91.71,144.64,59.823007128436984,104.55416089556483
2023-01-12 22:00:00+00:00,39.57,68.54,127.0,37.663950183117485,81.67479994599996
2023-01-12 23:00:00+00:00,32.64,19.88,107.21,6.098090817523769,47.024391867705226
2023-01-13 00:00:00+00:00,16.99,5.55,101.1,-2.352351638484393,34.97453986326667
2023-01-13 01:00:00+00:00,9.0,4.69,96.73,-2.2185559763270106,33.002301677364045
2023-01-13 02:00:00+00:00,2.02,0.1,82.34,-2.556575800260802,28.380310647027727
2023-01-13 03:00:00+00:00,2.61,2.03,81.93,3.4639794051068975,30.61843156505128
2023-01-13 04:00:00+00:00,25.26,24.94,84.03,21.982768932227188,48.17818738918481
2023-01-13 05:00:00+00:00,54.74,85.72,97.25,69.00545996912334,99.8222233943605
2023-01-13 06:00:00+00:00,87.88,111.55,106.51,95.54703661050958,124.33191919335408
2023-01-13 07:00:00+00:00,105.95,106.83,120.7,98.72573887722122,125.91903179502934
2023-01-13 08:00:00+00:00,100.64,97.83,116.86,89.40971290549646,118.14852021855702
2023-01-13 09:00:00+00:00,94.85,84.74,112.85,76.35957923620867,107.93925386785965
2023-01-13 10:00:00+00:00,84.93,87.38,113.37,72.32388944492952,108.69277140781999
2023-01-13 11:00:00+00:00,76.53,75.88,115.0,61.4476008911574,98.73262574112056
2023-01-13 12:00:00+00:00,70.24,81.84,109.78,61.233940142389535,99.63295990793374
2023-01-13 13:00:00+00:00,73.55,88.2,119.71,66.07779063701832,103.580440731778
2023-01-13 14:00:00+00:00,79.85,95.18,125.83,73.97837333398098,108.53866735539181
2023-01-13 15:00:00+00:00,85.31,99.08,139.57,80.34373925858415,113.7135698782311
2023-01-13 16:00:00+00:00,96.9,112.01,155.93,91.48067153025876,128.39274760952765
2023-01-13 17:00:00+00:00,96.97,119.49,163.5,94.02605908416082,135.69098320068463
2023-01-13 18:00:00+00:00,95.91,100.79,146.74,76.94516079955113,120.30902046487788
2023-01-13 19:00:00+00:00,84.94,99.35,139.38,68.18839128040813,115.07597918196733
2023-01-13 20:00:00+00:00,76.89,84.77,131.8,53.761437520639994,101.02255031174985
2023-01-13 21:00:00+00:00,76.51,70.43,129.94,44.37586932458989,90.11310314412114
2023-01-13 22:00:00+00:00,68.3,39.57,121.3,23.38965030552329,64.87511969809358
2023-01-13 23:00:00+00:00,25.68,32.64,97.15,7.559987735812442,47.9742683444995
2023-01-14 00:00:00+00:00,34.62,16.99,98.43,-0.8547494790793166,33.55871600707374
2023-01-14 01:00:00+00:00,44.7,9.0,96.05,-4.854706459461568,24.91700593143564
2023-01-14 02:00:00+00:00,41.23,2.02,87.97,-8.085318317651712,15.844770478842051
2023-01-14 03:00:00+00:00,40.7,2.61,82.99,-5.196896319199013,12.907700110185644
2023-01-14 04:00:00+00:00,40.68,25.26,83.59,11.228413864833271,26.800648378312815
2023-01-14 05:00:00+00:00,45.1,54.74,90.76,33.241582347720254,49.47606624543349
2023-01-14 06:00:00+00:00,53.14,87.88,103.21,57.83716541887007,73.99620589950186
2023-01-14 07:00:00+00:00,52.34,105.95,111.86,70.11751116563381,86.35330449967798
2023-01-14 08:00:00+00:00,54.16,100.64,112.0,64.97703091487901,81.8841069072652
2023-01-14 09:00:00+00:00,50.47,94.85,100.0,56.0521185506779,75.05422830014244
2023-01-14 10:00:00+00:00,55.01,84.93,88.32,46.41170445561497,67.32390255037504
2023-01-14 11:00:00+00:00,48.91,76.53,87.9,37.832086524023495,59.8827333734755
2023-01-14 12:00:00+00:00,25.25,70.24,94.05,33.02257683518772,55.50374024307898
2023-01-14 13:00:00+00:00,13.42,73.55,88.98,31.62661453241816,57.505779613963306
2023-01-14 14:00:00+00:00,9.05,79.85,85.56,32.7245003999809,64.0147460546676
2023-01-14 15:00:00+00:00,9.04,85.31,94.1,36.2263558062821,73.05389749861223
2023-01-14 16:00:00+00:00,11.04,96.9,96.81,46.96496182048804,89.48403589779095
2023-01-14 17:00:00+00:00,13.69,96.97,99.52,48.304124636616905,95.24220659302082
2023-01-14 18:00:00+00:00,6.84,95.91,94.58,45.08382732195131,94.80523373717679
2023-01-14 19:00:00+00:00,9.03,84.94,87.86,35.6257992429782,86.6158950354318
2023-01-14 20:00:00+00:00,9.07,76.89,61.47,26.706363650971397,77.39081140617427
2023-01-14 21:00:00+00:00,5.9,76.51,50.0,25.857589828355486,75.245243020582
2023-01-14 22:00:00+00:00,5.19,68.3,38.25,16.243650554013428,64.1632895648379
2023-01-14 23:00:00+00:00,3.94,25.68,10.93,-8.724588525204624,37.05323043073185
2023-01-15 00:00:00+00:00,1.71,34.62,9.07,-5.703776322887293,38.71860312485995
2023-01-15 01:00:00+00:00,4.1,44.7,9.1,-2.139566321380528,41.212884087654714
2023-01-15 02:00:00+00:00,2.65,41.23,4.16,-5.482157566114154,33.95792197130338
2023-01-15 03:00:00+00:00,2.87,40.7,5.58,-5.892394690158099,29.79522985399086
2023-01-15 04:00:00+00:00,4.01,40.68,9.92,-4.117086792078965,28.06770685535298
2023-01-15 05:00:00+00:00,1.58,45.1,9.02,0.11069665379866933,30.01046743139301
2023-01-15 06:00:00+00:00,1.74,53.14,16.47,9.768447880276057,37.368776770691795
2023-01-15 07:00:00+00:00,9.08,52.34,49.42,15.346258140386112,41.584988833985236
2023-01-15 08:00:00+00:00,10.31,54.16,82.8,19.131440700181614,46.71799755636873
2023-01-15 09:00:00+00:00,9.01,50.47,93.7,14.123581880899536,45.39186938583894
2023-01-15 10:00:00+00:00,8.03,55.01,103.87,13.385081142985754,49.99601662116095
2023-01-15 11:00:00+00:00,6.76,48.91,101.69,6.176474834960771,44.961079075006054
2023-01-15 12:00:00+00:00,0.42,25.25,99.0,-7.917392456576437,27.477898828603713
2023-01-15 13:00:00+00:00,0.29,13.42,104.29,-12.06767799430287,21.226934403520602
2023-01-15 14:00:00+00:00,0.32,9.05,103.64,-10.548369125990902,21.281514405779376
2023-01-15 15:00:00+00:00,0.46,9.04,109.11,-4.330340433490576,27.105451399178122
2023-01-15 16:00:00+00:00,1.25,11.04,118.04,4.503709804274351,38.39497176338348
2023-01-15 17:00:00+00:00,26.95,13.69,122.61,8.51754126786824,46.2048434182501
2023-01-15 18:00:00+00:00,25.27,6.84,109.11,3.0536372931158553,42.32147833443979
2023-01-15 19:00:00+00:00,12.17,9.03,103.93,2.873213943011791,43.494868504103124
2023-01-15 20:00:00+00:00,19.69,9.07,98.43,3.425545238579815,43.5010434688365
2023-01-15 21:00:00+00:00,32.14,5.9,99.37,6.56481843898429,43.126660548797105
2023-01-15 22:00:00+00:00,37.47,5.19,81.34,5.298869779843713,38.35661397193356
2023-01-15 23:00:00+00:00,60.01,3.94,75.13,8.599562149101047,42.18769702462385
2023-01-16 01:00:00+00:00,62.72,4.1,60.28,18.527615261481714,41.27373204859398
2023-01-16 02:00:00+00:00,56.1,2.65,39.41,21.513223587450682,37.9984832066315
2023-01-16 03:00:00+00:00,63.3,2.87,47.25,31.470675959426714,41.06245411987489
2023-01-16 04:00:00+00:00,87.0,4.01,69.07,44.949477974518224,47.66400758031349
2023-01-16 05:00:00+00:00,154.63,1.58,107.13,63.534062363501015,58.597010318029184
2023-01-16 06:00:00+00:00,175.11,1.74,160.0,81.24934970505889,70.8642739597778
2023-01-16 07:00:00+00:00,185.99,9.08,180.0,89.28565118167096,79.12275432573819
2023-01-16 08:00:00+00:00,170.0,10.31,177.14,82.19341673320605,77.83607831765754
2023-01-16 09:00:00+00:00,150.2,9.01,159.07,72.7323584295335,72.79292422397927
2023-01-16 10:00:00+00:00,150.89,8.03,160.57,68.63982607648893,71.09092588443428
2023-01-16 11:00:00+00:00,147.04,6.76,140.56,62.05295149217462,65.100176079086
2023-01-16 12:00:00+00:00,140.87,0.42,137.67,56.00969036297085,56.59978237625035
2023-01-16 13:00:00+00:00,141.24,0.29,143.57,57.030484263809576,54.73651117054525
2023-01-16 14:00:00+00:00,145.69,0.32,151.02,59.199114816277785,54.32299306427803
2023-01-16 15:00:00+00:00,150.81,0.46,161.96,61.621122490469965,56.17885631448889
2023-01-16 16:00:00+00:00,166.79,1.25,176.07,65.70849849485975,61.95222563186737
2023-01-16 17:00:00+00:00,173.72,26.95,182.18,78.15635340026496,82.34967116418107
2023-01-16 18:00:00+00:00,150.5,25.27,170.79,70.1940062504362,79.68746702483004
2023-01-16 19:00:00+00:00,136.97,12.17,160.51,55.12556327436619,67.67205115968122
2023-01-16 20:00:00+00:00,127.74,19.69,138.93,50.531182997161075,68.4967908848406
2023-01-16 21:00:00+00:00,123.24,32.14,132.0,51.93168837053881,74.67817245733099
2023-01-16 22:00:00+00:00,109.4,37.47,108.31,47.07524308407285,73.4986720556795
2023-01-16 23:00:00+00:00,98.24,60.01,106.02,42.622516203279176,78.60084849445037
2023-01-17 01:00:00+00:00,91.91,62.72,95.14,41.90851461879101,77.93501889843665
2023-01-17 02:00:00+00:00,89.51,56.1,90.36,40.11518781178539,73.53117430263596
2023-01-17 03:00:00+00:00,91.77,63.3,95.61,49.119721618465384,80.39186145924776
2023-01-17 04:00:00+00:00,100.0,87.0,108.6,71.5373345201269,101.24385706255913
2023-01-17 05:00:00+00:00,116.96,154.63,138.13,127.53463674498995,158.5914065756731
2023-01-17 06:00:00+00:00,140.8,175.11,154.73,156.79493985122494,180.59164062321327
2023-01-17 07:00:00+00:00,151.96,185.99,165.33,173.0625824266401,191.88575918604096
2023-01-17 08:00:00+00:00,136.1,170.0,160.42,163.19114159150382,179.44664237974501
2023-01-17 09:00:00+00:00,126.17,150.2,154.73,148.75566716096,163.71896465317886
2023-01-17 10:00:00+00:00,122.75,150.89,146.45,146.41672560712396,161.99845651452952
2023-01-17 11:00:00+00:00,116.07,147.04,141.22,143.26499822780838,156.8335292529626
2023-01-17 12:00:00+00:00,129.56,140.87,141.68,141.19984508874998,149.45253294696764
2023-01-17 13:00:00+00:00,146.05,141.24,145.41,146.57329170594755,147.48423620981606
2023-01-17 14:00:00+00:00,163.85,145.69,145.92,156.57877330766965,148.50225998709254
2023-01-17 15:00:00+00:00,180.05,150.81,140.5,164.28272191337015,150.57311123357965
2023-01-17 16:00:00+00:00,188.83,166.79,146.34,175.50165721044186,164.16528720167466
2023-01-17 17:00:00+00:00,176.9,173.72,140.45,177.55065720190697,170.79427473920833
2023-01-17 18:00:00+00:00,175.56,150.5,124.44,158.86223621505985,152.2591502611788
2023-01-17 19:00:00+00:00,154.02,136.97,106.15,141.324201973448,136.2446670469486
2023-01-17 20:00:00+00:00,146.26,127.74,86.53,127.92047260709742,124.84866251337144
2023-01-17 21:00:00+00:00,139.94,123.24,81.3,120.8567889519512,119.39601788114129
2023-01-17 22:00:00+00:00,127.73,109.4,42.96,103.58303852091716,102.303971110535
2023-01-17 23:00:00+00:00,122.85,98.24,5.0,83.81596672124724,80.00716368722499
2023-01-18 01:00:00+00:00,124.64,91.91,0.08,81.4731064429417,73.81009362321026
2023-01-18 02:00:00+00:00,122.87,89.51,0.01,82.19577395481637,71.17136547053202
2023-01-18 03:00:00+00:00,119.91,91.77,0.04,87.32046870757111,73.26466325836573
2023-01-18 04:00:00+00:00,126.6,100.0,2.75,99.77254030276642,82.8434789664647
2023-01-18 05:00:00+00:00,152.72,116.96,57.88,130.72910744411686,111.89557316908979
2023-01-18 06:00:00+00:00,171.69,140.8,91.11,158.24337232049317,137.39467103572312
2023-01-18 07:00:00+00:00,188.67,151.96,127.44,172.02666378735037,150.24259304676266
2023-01-18 08:00:00+00:00,183.11,136.1,129.74,160.560479952355,137.27025565518517
2023-01-18 09:00:00+00:00,161.25,126.17,131.71,151.31445921834683,128.34216339316106
2023-01-18 10:00:00+00:00,152.45,122.75,130.02,147.4476972514261,125.13509071609843
2023-01-18 11:00:00+00:00,140.87,116.07,117.47,140.9742176626648,117.48653568858076
2023-01-18 12:00:00+00:00,141.24,129.56,110.54,145.9723578524977,123.53422955556333
2023-01-18 13:00:00+00:00,142.33,146.05,115.74,155.351016558641,133.44239527100032
2023-01-18 14:00:00+00:00,152.69,163.85,117.7,166.47697531691313,145.19567736715143
2023-01-18 15:00:00+00:00,153.81,180.05,119.2,175.47022902015132,157.34618794537658
2023-01-18 16:00:00+00:00,164.64,188.83,132.39,181.4969375112367,169.59317784503892
2023-01-18 17:00:00+00:00,158.96,176.9,132.88,169.91936603558338,163.58000159073106
2023-01-18 18:00:00+00:00,133.55,175.56,127.8,161.22991405115607,160.9337548947912
2023-01-18 19:00:00+00:00,137.48,154.02,114.56,139.22455417040305,141.99002313753914
2023-01-18 20:00:00+00:00,131.47,146.26,93.47,124.26449035128104,131.62364896586962
2023-01-18 21:00:00+00:00,128.99,139.94,91.71,114.51152645787197,125.56894629882035
2023-01-18 22:00:00+00:00,112.68,127.73,68.54,97.7662248106997,111.42222174084728
2023-01-18 23:00:00+00:00,111.53,122.85,19.88,70.9931860996547,95.29865425480017
2023-01-19 00:00:00+00:00,106.98,124.68,5.55,67.7275741383659,93.14518134963001
2023-01-19 01:00:00+00:00,104.97,124.64,4.69,65.8468820414148,91.76283351036088
2023-01-19 02:00:00+00:00,101.72,122.87,0.1,64.47447156548668,89.4317607348457
2023-01-19 03:00:00+00:00,99.14,119.91,2.03,65.67243466994393,88.27601616966442
2023-01-19 04:00:00+00:00,110.95,126.6,24.94,77.73781864720793,98.28444172073229
2023-01-19 05:00:00+00:00,118.22,152.72,85.72,110.46068408278202,130.5238775899693
2023-01-19 06:00:00+00:00,149.62,171.69,111.55,137.10931135060466,153.46040719970384
2023-01-19 07:00:00+00:00,159.93,188.67,106.83,151.84354933764462,166.23136491161404
2023-01-19 08:00:00+00:00,155.88,183.11,97.83,145.97043037410282,158.8252433595902
2023-01-19 09:00:00+00:00,154.81,161.25,84.74,130.68995337429706,139.96980166351645
2023-01-19 10:00:00+00:00,138.63,152.45,87.38,126.92129096650373,132.8293123955664
2023-01-19 11:00:00+00:00,150.07,140.87,75.88,119.37393147519664,120.69496137319584
2023-01-19 12:00:00+00:00,154.87,141.24,81.84,121.91763871773091,120.22001309183494
2023-01-19 13:00:00+00:00,160.49,142.33,88.2,127.63653147487655,121.19505679978312
2023-01-19 14:00:00+00:00,179.1,152.69,95.18,139.73488779545502,129.5972712130917
2023-01-19 15:00:00+00:00,186.29,153.81,99.08,145.05471730477132,132.42877458773557
2023-01-19 16:00:00+00:00,198.73,164.64,112.01,156.5049389598517,145.57388483916912
2023-01-19 17:00:00+00:00,197.57,158.96,119.49,153.01001885819628,143.12683699212454
2023-01-19 18:00:00+00:00,186.29,133.55,100.79,134.07491264977568,123.67918967055444
2023-01-19 19:00:00+00:00,169.93,137.48,99.35,130.56163947122465,122.86217702449602
2023-01-19 20:00:00+00:00,159.77,131.47,84.77,121.42293842000312,114.98313422267006
2023-01-19 21:00:00+00:00,162.14,128.99,70.43,115.29075731653492,110.08905155609958
2023-01-19 22:00:00+00:00,139.5,112.68,39.57,99.16828556588116,92.76148695096006
2023-01-19 23:00:00+00:00,146.89,111.53,32.64,100.14500417448026,93.68002992303671
2023-01-20 00:00:00+00:00,144.5,106.98,16.99,94.87240378867631,87.90586337101155
2023-01-20 01:00:00+00:00,142.44,104.97,9.0,94.3936460846374,85.50988668360819
2023-01-20 02:00:00+00:00,142.8,101.72,2.02,95.15876251051701,83.0867301059115
2023-01-20 03:00:00+00:00,144.98,99.14,2.61,97.9226767448409,81.90559668553723
2023-01-20 04:00:00+00:00,150.5,110.95,25.26,114.40240580697055,95.33355763544884
2023-01-20 05:00:00+00:00,176.01,118.22,54.74,134.99422682073788,111.42975427176583
2023-01-20 06:00:00+00:00,208.07,149.62,87.88,166.44451142471254,142.045790071549
2023-01-20 07:00:00+00:00,235.06,159.93,105.95,178.13251511640675,152.63141496229102
2023-01-20 08:00:00+00:00,221.7,155.88,100.64,172.41039505836616,147.06415974739724
2023-01-20 09:00:00+00:00,209.77,154.81,94.85,167.9271559213306,142.84907876580024
2023-01-20 10:00:00+00:00,201.52,138.63,84.93,156.8021239369338,128.7782949202966
2023-01-20 11:00:00+00:00,189.26,150.07,76.53,161.1205602748451,132.72246623635382
2023-01-20 12:00:00+00:00,181.63,154.87,70.24,163.42331204116027,132.9250394201792
2023-01-20 13:00:00+00:00,182.36,160.49,73.55,167.9148387374509,134.96033431051822
2023-01-20 14:00:00+00:00,192.0,179.1,79.85,182.4030005546233,148.4623138927841
2023-01-20 15:00:00+00:00,200.0,186.29,85.31,190.13426207514865,155.01479250443597
2023-01-20 16:00:00+00:00,208.22,198.73,96.9,201.78765963035448,169.24017908116446
2023-01-20 17:00:00+00:00,208.4,197.57,96.97,200.5500444903137,170.107086046135
2023-01-20 18:00:00+00:00,197.0,186.29,95.91,190.87458486511542,161.1202562885053
2023-01-20 19:00:00+00:00,175.7,169.93,84.94,175.36885427809713,147.25679364683245
2023-01-20 20:00:00+00:00,166.37,159.77,76.89,164.01076795238504,137.83801381945653
2023-01-20 21:00:00+00:00,163.1,162.14,76.51,161.12549652604233,138.4859364197361
2023-01-20 22:00:00+00:00,147.55,139.5,68.3,141.88712269982395,118.91600010094928
2023-01-20 23:00:00+00:00,144.13,146.89,25.68,135.07420180962464,116.92955935305488
2023-01-21 00:00:00+00:00,140.06,144.5,34.62,128.90694692807025,113.1456412430397
2023-01-21 01:00:00+00:00,140.19,142.44,44.7,123.8656019016789,109.07632217481853
2023-01-21 02:00:00+00:00,133.74,142.8,41.23,120.57877088242873,105.38851646547006
2023-01-21 03:00:00+00:00,131.24,144.98,40.7,118.3035908499822,102.23546663794554
2023-01-21 04:00:00+00:00,132.06,150.5,40.68,119.37747716459532,102.46326044624023
2023-01-21 05:00:00+00:00,130.47,176.01,45.1,132.4385020553259,116.73073625664789
2023-01-21 06:00:00+00:00,140.25,208.07,53.14,155.67793790245616,141.05840765602943
2023-01-21 07:00:00+00:00,152.48,235.06,52.34,175.17156374106807,160.546749466628
2023-01-21 08:00:00+00:00,171.66,221.7,54.16,170.45022117414237,151.8460405804579
2023-01-21 09:00:00+00:00,170.01,209.77,50.47,163.77463789086994,143.18977848771542
2023-01-21 10:00:00+00:00,156.94,201.52,55.01,157.60613751055718,136.35081860557932
2023-01-21 11:00:00+00:00,147.91,189.26,48.91,148.32826827508734,127.26274236547297
2023-01-21 12:00:00+00:00,137.02,181.63,25.25,137.68181002094514,118.09858413834586
2023-01-21 13:00:00+00:00,136.58,182.36,13.42,134.9591919780933,117.48575505436264
2023-01-21 14:00:00+00:00,135.9,192.0,9.05,141.50434280724315,127.24329763046043
2023-01-21 15:00:00+00:00,144.22,200.0,9.04,147.1465142267574,137.37807205046994
2023-01-21 16:00:00+00:00,173.92,208.22,11.04,154.08485537766674,150.8123951418719
2023-01-21 17:00:00+00:00,178.89,208.4,13.69,152.88235044544874,156.12153963370625
2023-01-21 18:00:00+00:00,143.52,197.0,6.84,140.654831558965,149.3978067349791
2023-01-21 19:00:00+00:00,138.53,175.7,9.03,122.71001866084309,134.4243558516326
2023-01-21 20:00:00+00:00,136.04,166.37,9.07,113.13505196092186,128.2407555903916
2023-01-21 21:00:00+00:00,131.88,163.1,5.9,109.84051783681419,127.23384452475018
2023-01-21 22:00:00+00:00,117.76,147.55,5.19,96.13350239521496,113.43449019242557
2023-01-21 23:00:00+00:00,127.6,144.13,3.94,102.4726927514317,117.67549814658491
2023-01-22 00:00:00+00:00,119.01,140.06,1.71,98.41338359361822,112.11574868753243
2023-01-22 01:00:00+00:00,116.77,140.19,4.1,97.33497370703466,109.32259119863562
2023-01-22 02:00:00+00:00,118.35,133.74,2.65,94.68040517317345,102.54839519237314
2023-01-22 03:00:00+00:00,122.12,131.24,2.87,94.1057157466028,97.82134259577198
2023-01-22 04:00:00+00:00,117.79,132.06,4.01,96.04386114815746,95.54655330869483
2023-01-22 05:00:00+00:00,127.6,130.47,1.58,97.0454010363473,92.37712038624724
2023-01-22 07:00:00+00:00,137.51,152.48,9.08,123.07778291596452,110.32793091690368
2023-01-22 08:00:00+00:00,145.82,171.66,10.31,138.1623105606007,122.71107458733164
2023-01-22 09:00:00+00:00,151.28,170.01,9.01,140.78479154588805,120.77505665184133
2023-01-22 10:00:00+00:00,161.75,156.94,8.03,137.70628663068342,112.14148844859555
2023-01-22 11:00:00+00:00,161.55,147.91,6.76,134.40152421257307,104.8793389776491
2023-01-22 12:00:00+00:00,150.0,137.02,0.42,128.21517077654497,95.36682955585832
2023-01-22 13:00:00+00:00,154.9,136.58,0.29,128.96947071390838,94.98543261956031
2023-01-22 14:00:00+00:00,157.49,135.9,0.32,131.4001337827485,97.22015892728619
2023-01-22 15:00:00+00:00,171.03,144.22,0.46,138.90605304684854,107.38548984794755
2023-01-22 16:00:00+00:00,191.99,173.92,1.25,159.44633134713916,134.6896655589764
2023-01-22 17:00:00+00:00,202.07,178.89,26.95,166.6037016829584,146.08086636755982
2023-01-22 18:00:00+00:00,199.19,143.52,25.27,145.10763146079796,123.70011879322604
2023-01-22 19:00:00+00:00,179.01,138.53,12.17,137.01995377986492,118.08984379055916
2023-01-22 20:00:00+00:00,170.77,136.04,19.69,134.8401974967727,118.19441204593289
2023-01-22 21:00:00+00:00,162.86,131.88,32.14,134.45432324289845,119.02247792797397
2023-01-22 22:00:00+00:00,153.56,117.76,37.47,123.78600074247346,108.13531226013211
2023-01-22 23:00:00+00:00,148.96,127.6,60.01,137.19317607043615,125.91369448414022
2023-01-23 01:00:00+00:00,148.4,116.77,62.72,130.75252963490868,117.70483279634745
2023-01-23 02:00:00+00:00,147.59,118.35,56.1,133.17012036351906,118.25676869805892
2023-01-23 03:00:00+00:00,149.88,122.12,63.3,139.41977295742518,122.44210595339689
2023-01-23 04:00:00+00:00,150.32,117.79,87.0,146.85245784923882,125.46408334813357
2023-01-23 05:00:00+00:00,189.96,127.6,154.63,172.68692347361974,146.90053101585258
2023-01-23 07:00:00+00:00,257.92,137.51,185.99,197.19349510218996,164.16952446797072
2023-01-23 08:00:00+00:00,270.22,145.82,170.0,200.8794952438423,167.8149645171648
2023-01-23 09:00:00+00:00,249.94,151.28,150.2,201.87623975708462,167.99682803627445
2023-01-23 10:00:00+00:00,230.23,161.75,150.89,207.7699094117229,173.7228977296931
2023-01-23 11:00:00+00:00,220.95,161.55,147.04,206.4159554542071,171.33856749919715
2023-01-23 12:00:00+00:00,219.18,150.0,140.87,197.0998940415946,159.93228316940554
2023-01-23 13:00:00+00:00,219.69,154.9,141.24,197.48676821293364,161.2730251694903
2023-01-23 14:00:00+00:00,218.99,157.49,145.69,197.73182776067742,162.39166797763116
2023-01-23 15:00:00+00:00,224.58,171.03,150.81,204.2287024117324,172.86819126970147
2023-01-23 16:00:00+00:00,248.9,191.99,166.79,219.1284842596118,194.31992629737198
2023-01-23 17:00:00+00:00,248.07,202.07,173.72,223.923881858045,204.47920336862336
2023-01-23 18:00:00+00:00,223.19,199.19,150.5,214.84517763424276,197.94865871829916
2023-01-23 19:00:00+00:00,203.53,179.01,136.97,196.77397624969123,180.81674622682567
2023-01-23 20:00:00+00:00,184.01,170.77,127.74,186.0695224050425,172.512796771439
2023-01-23 21:00:00+00:00,172.09,162.86,123.24,177.22218088311382,165.30353163201568
2023-01-23 22:00:00+00:00,163.48,153.56,109.4,165.13823440344413,154.10822446006824
2023-01-23 23:00:00+00:00,164.85,148.96,98.24,148.05229792113855,138.40083517851377
2023-01-24 00:00:00+00:00,160.07,149.0,94.61,145.36023492100077,135.90391604411587
2023-01-24 01:00:00+00:00,154.79,148.4,91.91,144.10129088763046,133.97856621739604
2023-01-24 02:00:00+00:00,149.05,147.59,89.51,145.21383168160395,133.32727659193313
2023-01-24 03:00:00+00:00,153.65,149.88,91.77,149.8882528851766,135.84860860363048
2023-01-24 04:00:00+00:00,163.34,150.32,100.0,156.72858785683027,138.73011853372563
2023-01-24 05:00:00+00:00,183.61,189.96,116.96,192.01740645307297,173.83432329396217
2023-01-24 07:00:00+00:00,251.1,257.92,151.96,251.05688504616973,231.08701358304398
2023-01-24 08:00:00+00:00,256.43,270.22,136.1,258.41535125941607,237.70844552553785
2023-01-24 09:00:00+00:00,238.66,249.94,126.17,247.60754010467846,222.67949209726626
2023-01-24 10:00:00+00:00,229.98,230.23,122.75,237.75479767491447,209.38493257176722
2023-01-24 11:00:00+00:00,217.92,220.95,116.07,231.21936032149313,200.88277103767638
2023-01-24 12:00:00+00:00,206.05,219.18,129.56,229.77580380797602,198.12335990138703
2023-01-24 13:00:00+00:00,215.28,219.69,146.05,231.3553675963983,198.68734175089023
2023-01-24 14:00:00+00:00,217.98,218.99,163.85,233.67282515517897,199.3215042510698
2023-01-24 15:00:00+00:00,224.58,224.58,180.05,239.9107876592097,206.09037226195875
2023-01-24 16:00:00+00:00,250.0,248.9,188.83,256.5752343099732,228.05526439001926
2023-01-24 18:00:00+00:00,231.15,223.19,175.56,238.15912379805073,212.15580554051374
2023-01-24 19:00:00+00:00,214.02,203.53,154.02,219.2005477259863,193.26793903896748
2023-01-24 20:00:00+00:00,187.37,184.01,146.26,202.44164918718366,177.03192532416472
2023-01-24 21:00:00+00:00,172.43,172.09,139.94,190.80004570513012,166.6618884546092
2023-01-24 22:00:00+00:00,162.24,163.48,127.73,179.18065148647094,156.67490959429605
2023-01-24 23:00:00+00:00,149.17,164.85,122.85,167.37082099763194,144.2754575069102
2023-01-25 00:00:00+00:00,150.83,160.07,124.68,161.7620000174799,139.712759335727
2023-01-25 01:00:00+00:00,150.71,154.79,124.64,157.86694047236267,135.3165631776312
2023-01-25 02:00:00+00:00,147.57,149.05,122.87,156.1385979849918,131.58324190134033
2023-01-25 03:00:00+00:00,146.7,153.65,119.91,161.2793759208567,135.18374311011377
2023-01-25 04:00:00+00:00,150.85,163.34,126.6,172.73945685446884,144.5242777426826
2023-01-25 05:00:00+00:00,170.6,183.61,152.72,199.7636802686834,170.12660601083692
2023-01-25 06:00:00+00:00,200.09,210.08,171.69,226.70044156526563,196.93401123203722
2023-01-25 07:00:00+00:00,225.04,251.1,188.67,255.66614532386282,229.6525445528776
2023-01-25 08:00:00+00:00,225.0,256.43,183.11,257.1594824063579,232.2785835018861
2023-01-25 09:00:00+00:00,212.42,238.66,161.25,241.8297400369483,215.27648941084817
2023-01-25 10:00:00+00:00,200.98,229.98,152.45,232.73434831225276,206.06285074301996
2023-01-25 11:00:00+00:00,193.2,217.92,140.87,221.49146281529116,194.31173417626002
2023-01-25 12:00:00+00:00,185.2,206.05,141.24,211.74959702830176,183.8412092521814
2023-01-25 13:00:00+00:00,191.7,215.28,142.33,215.32479131785706,188.32659506225326
2023-01-25 14:00:00+00:00,197.3,217.98,152.69,218.96781505318467,190.67982327601186
2023-01-25 15:00:00+00:00,199.19,224.58,153.81,223.67006878109214,195.75046452430303
2023-01-25 16:00:00+00:00,206.35,250.0,164.64,241.43320943787597,218.99728519900418
2023-01-25 18:00:00+00:00,193.21,231.15,133.55,222.26852804237683,203.3166780540543
2023-01-25 19:00:00+00:00,174.29,214.02,137.48,207.34670778116015,189.08845953639468
2023-01-25 20:00:00+00:00,165.95,187.37,131.47,186.99614223381462,167.59230290068115
2023-01-25 21:00:00+00:00,163.61,172.43,128.99,174.4346677722261,155.54469792885203
2023-01-25 22:00:00+00:00,153.23,162.24,112.68,161.9310990743286,144.06960952511392
2023-01-25 23:00:00+00:00,150.0,149.17,111.53,151.6764844288175,130.02621622868563
2023-01-26 00:00:00+00:00,140.33,150.83,106.98,149.77662011061926,129.26296127105013
2023-01-26 01:00:00+00:00,137.13,150.71,104.97,149.00440998103045,127.92340117590328
2023-01-26 02:00:00+00:00,134.63,147.57,101.72,148.84281675135975,125.38612236351209
2023-01-26 03:00:00+00:00,136.01,146.7,99.14,151.84429602219817,125.66187843302396
2023-01-26 04:00:00+00:00,143.85,150.85,110.95,162.0654836559257,132.74318093446715
2023-01-26 05:00:00+00:00,165.68,170.6,118.22,186.23576368176083,154.5870096465271
2023-01-26 06:00:00+00:00,186.98,200.09,149.62,215.43177664265704,184.29702999169464
2023-01-26 07:00:00+00:00,198.95,225.04,159.93,235.0935851531758,206.10587976370275
2023-01-26 08:00:00+00:00,202.91,225.0,155.88,233.91459038917802,204.55397750756651
2023-01-26 09:00:00+00:00,197.11,212.42,154.81,225.1740244802015,193.59941707785708
2023-01-26 10:00:00+00:00,194.23,200.98,138.63,215.961131668878,182.45042988405186
2023-01-26 11:00:00+00:00,187.19,193.2,150.07,210.6564672349981,175.95764047789555
2023-01-26 12:00:00+00:00,184.72,185.2,154.87,203.85863362572104,168.16680748054213
2023-01-26 13:00:00+00:00,181.28,191.7,160.49,205.71387707678744,171.87048295454173
2023-01-26 14:00:00+00:00,175.62,197.3,179.1,209.38849074336395,177.22439023736308
2023-01-26 15:00:00+00:00,168.86,199.19,186.29,209.63254578268615,180.1965972659733
2023-01-26 16:00:00+00:00,186.2,206.35,198.73,214.2249861847768,190.8450442379215
2023-01-26 18:00:00+00:00,170.55,193.21,186.29,195.46209953899682,181.37204073639003
2023-01-26 19:00:00+00:00,158.99,174.29,169.93,174.99078909646167,163.6130094663129
2023-01-26 20:00:00+00:00,154.44,165.95,159.77,161.9847563484941,153.39824767817203
2023-01-26 21:00:00+00:00,149.75,163.61,162.14,155.57703358514874,149.9815250304452
2023-01-26 22:00:00+00:00,137.91,153.23,139.5,141.63007274335092,137.6081947422749
2023-01-26 23:00:00+00:00,135.0,150.0,146.89,144.85904771435608,139.09397887175064
2023-01-27 00:00:00+00:00,132.23,140.33,144.5,136.08008079658015,131.2431437414502
2023-01-27 01:00:00+00:00,130.32,137.13,142.44,132.80905268066252,128.6167588944503
2023-01-27 02:00:00+00:00,125.11,134.63,142.8,132.76413627861888,127.40640593458161
2023-01-27 03:00:00+00:00,128.31,136.01,144.98,136.48564823510694,129.37105899409283
2023-01-27 04:00:00+00:00,134.12,143.85,150.5,146.86074132096948,137.58952877499974
2023-01-27 05:00:00+00:00,151.01,165.68,176.01,173.99104359809937,162.68262187215092
2023-01-27 06:00:00+00:00,176.1,186.98,208.07,200.7621092187544,187.2524185442693
2023-01-27 07:00:00+00:00,195.0,198.95,235.06,217.24713834078983,201.53614494699238
2023-01-27 08:00:00+00:00,199.19,202.91,221.7,219.15925103592667,201.32122685044635
2023-01-27 09:00:00+00:00,195.0,197.11,209.77,214.93635028119724,193.78789896059214
2023-01-27 10:00:00+00:00,190.0,194.23,201.52,212.64558488985017,188.78727961197603
2023-01-27 11:00:00+00:00,183.06,187.19,189.26,205.5650380112762,179.21622098624624
2023-01-27 12:00:00+00:00,180.0,184.72,181.63,201.9018500720646,173.79851331187854
2023-01-27 13:00:00+00:00,181.5,181.28,182.36,199.20980962998317,169.61007411148034
2023-01-27 14:00:00+00:00,185.0,175.62,192.0,197.21971544570906,166.08303865685122
2023-01-27 15:00:00+00:00,188.0,168.86,200.0,194.26969241529054,162.8265837337421
2023-01-27 16:00:00+00:00,198.05,186.2,208.22,205.1502185472022,178.6147402219455
2023-01-27 17:00:00+00:00,200.7,180.73,208.4,201.42673374096643,177.16879210853799
2023-01-27 18:00:00+00:00,193.7,170.55,197.0,191.21720111658135,168.12415665647018
2023-01-27 19:00:00+00:00,181.5,158.99,175.7,176.80968262986357,154.53034217569655
2023-01-27 20:00:00+00:00,166.25,154.44,166.37,168.68915751403063,148.09002540560655
2023-01-27 21:00:00+00:00,155.12,149.75,163.1,162.96623398704202,143.4383904114229
2023-01-27 22:00:00+00:00,146.0,137.91,147.55,151.18724691030323,131.14746843153867
2023-01-27 23:00:00+00:00,139.9,135.0,144.13,149.00866129791905,126.96355456652684
2023-01-28 00:00:00+00:00,135.06,132.23,140.06,143.37736831477525,120.91403176392299
2023-01-28 01:00:00+00:00,133.38,130.32,140.19,140.2625566917054,116.65137218999033
2023-01-28 02:00:00+00:00,129.59,125.11,133.74,136.04469842386393,109.83011897290231
2023-01-28 03:00:00+00:00,125.28,128.31,131.24,136.71285091752196,108.70455864989513
2023-01-28 04:00:00+00:00,122.83,134.12,132.06,139.5539597442071,109.73422242995899
2023-01-28 05:00:00+00:00,128.85,151.01,130.47,150.24445908373576,119.66320763893083
2023-01-28 06:00:00+00:00,136.32,176.1,140.25,169.03340307602457,138.01731770963613
2023-01-28 07:00:00+00:00,145.43,195.0,152.48,184.67494636081722,152.6917228902816
2023-01-28 08:00:00+00:00,160.16,199.19,171.66,190.10337675716647,157.85612717627558
2023-01-28 09:00:00+00:00,161.57,195.0,170.01,185.73409444358677,153.50482703124865
2023-01-28 10:00:00+00:00,157.3,190.0,156.94,179.717577674768,147.6714802132735
2023-01-28 11:00:00+00:00,141.56,183.06,147.91,172.38889811046164,140.21034393385207
2023-01-28 12:00:00+00:00,135.32,180.0,137.02,166.9029631316834,135.39641216308183
2023-01-28 13:00:00+00:00,138.16,181.5,136.58,166.86028525528394,135.9194723857672
2023-01-28 14:00:00+00:00,147.14,185.0,135.9,171.15477750079037,139.56456254171448
2023-01-28 15:00:00+00:00,154.27,188.0,144.22,177.50840010631867,146.13472401656415
2023-01-28 16:00:00+00:00,164.93,198.05,173.92,191.484052503158,164.8168050495951
2023-01-28 17:00:00+00:00,174.06,200.7,178.89,194.33956287893727,172.36909788550878
2023-01-28 18:00:00+00:00,163.56,193.7,143.52,183.57102044389825,165.13018249130673
2023-01-28 19:00:00+00:00,149.96,181.5,138.53,171.76830669447813,156.18299878625857
2023-01-28 20:00:00+00:00,146.13,166.25,136.04,159.56120773629493,146.06238226262428
2023-01-28 21:00:00+00:00,142.23,155.12,131.88,151.19754311794887,139.07817207268633
2023-01-28 22:00:00+00:00,139.78,146.0,117.76,139.81770299595942,129.18340630947768
2023-01-28 23:00:00+00:00,154.85,139.9,127.6,140.57469884764907,132.77741214740607
2023-01-29 00:00:00+00:00,129.66,135.06,119.01,132.78456796624528,125.93716804377983
2023-01-29 01:00:00+00:00,126.23,133.38,116.77,127.816596435353,121.75548317640863
2023-01-29 02:00:00+00:00,123.63,129.59,118.35,122.90289833042624,116.14656055021315
2023-01-29 03:00:00+00:00,123.87,125.28,122.12,119.30129934114326,110.7542302359629
2023-01-29 04:00:00+00:00,123.13,122.83,117.79,115.92116855474089,105.25085378910106
2023-01-29 05:00:00+00:00,127.74,128.85,127.6,119.29581222247577,107.88387431647743
2023-01-29 07:00:00+00:00,148.07,145.43,137.51,131.595286040053,120.57966605507477
2023-01-29 08:00:00+00:00,155.77,160.16,145.82,137.95373010464098,131.85946893683922
2023-01-29 09:00:00+00:00,124.76,161.57,151.28,134.96453279478976,132.95135122488034
2023-01-29 10:00:00+00:00,121.06,157.3,161.75,131.37893153037524,131.50858795398878
2023-01-29 11:00:00+00:00,115.31,141.56,161.55,119.62299891864379,119.75635665385082
2023-01-29 12:00:00+00:00,114.97,135.32,150.0,111.76442129306221,112.78180309481007
2023-01-29 13:00:00+00:00,121.03,138.16,154.9,113.79736780432948,115.22706003601499
2023-01-29 14:00:00+00:00,125.5,147.14,157.49,121.8120752470456,123.58930296380176
2023-01-29 15:00:00+00:00,130.09,154.27,171.03,130.74110046769698,134.22256879344997
2023-01-29 16:00:00+00:00,156.14,164.93,191.99,142.29440727366494,151.7468992375033
2023-01-29 17:00:00+00:00,153.36,174.06,202.07,146.45630536859233,164.90341318743052
2023-01-29 18:00:00+00:00,128.65,163.56,199.19,132.8275025342379,159.3324935610259
2023-01-29 19:00:00+00:00,99.84,149.96,179.01,114.69238148185482,148.11338085044753
2023-01-29 20:00:00+00:00,85.0,146.13,170.77,104.6108587812314,144.92686283608566
2023-01-29 21:00:00+00:00,79.83,142.23,162.86,98.38934735761136,142.7706575197268
2023-01-29 22:00:00+00:00,64.36,139.78,153.56,88.97395904765364,138.67892033355884
2023-01-29 23:00:00+00:00,45.0,154.85,148.96,97.02714042148514,157.4359316198304
2023-01-30 00:00:00+00:00,5.9,129.66,149.0,81.40840820645843,139.25819855784496
2023-01-30 01:00:00+00:00,5.07,126.23,148.4,79.1521876446531,136.55714810019845
2023-01-30 02:00:00+00:00,2.03,123.63,147.59,78.87041651389113,134.92614780930563
2023-01-30 03:00:00+00:00,9.03,123.87,149.88,80.82241017152462,136.05774437616506
2023-01-30 04:00:00+00:00,37.47,123.13,150.32,84.54984979978147,138.16783993413188
2023-01-30 05:00:00+00:00,88.1,127.74,189.96,102.06574732677124,153.31840775519618
2023-01-30 06:00:00+00:00,102.18,133.26,226.54,120.09119177156145,166.6177368550962
2023-01-30 07:00:00+00:00,115.5,148.07,257.92,136.3117935356979,182.22721165727108
2023-01-30 08:00:00+00:00,100.8,155.77,270.22,141.11666922465596,189.12579911498165
2023-01-30 09:00:00+00:00,96.81,124.76,249.94,118.85185983770145,164.93958958878244
2023-01-30 10:00:00+00:00,88.23,121.06,230.23,112.07582281676028,159.07802245186676
2023-01-30 11:00:00+00:00,86.1,115.31,220.95,105.64065976377947,151.73373408627342
2023-01-30 12:00:00+00:00,83.38,114.97,219.18,103.01174553433026,148.94122193362435
2023-01-30 13:00:00+00:00,88.36,121.03,219.69,105.51420185375987,151.35468014080354
2023-01-30 14:00:00+00:00,86.12,125.5,218.99,110.45065813087204,154.7221234875924
2023-01-30 15:00:00+00:00,89.69,130.09,224.58,116.40134441683152,159.23075165589086
2023-01-30 16:00:00+00:00,98.62,156.14,248.9,137.34638827752443,183.3841744785377
2023-01-30 17:00:00+00:00,96.29,153.36,248.07,136.97056581236507,184.15734033318188
2023-01-30 18:00:00+00:00,100.7,128.65,223.19,117.30274155985745,163.79260687350487
2023-01-30 19:00:00+00:00,89.95,99.84,203.53,93.84480548171281,139.4405103979849
2023-01-30 20:00:00+00:00,86.85,85.0,184.01,80.30643904581981,125.97711200425658
2023-01-30 21:00:00+00:00,88.15,79.83,172.09,76.15787329664543,120.40819764414675
2023-01-30 22:00:00+00:00,90.8,64.36,163.48,64.92969917858346,107.8622219211213
2023-01-30 23:00:00+00:00,94.01,45.0,164.85,51.89759587702621,87.43286335574949
2023-01-31 00:00:00+00:00,98.15,5.9,160.07,32.81824896045346,59.747789210534584
2023-01-31 02:00:00+00:00,100.91,2.03,149.05,39.453846134469,58.83491724738516
2023-01-31 03:00:00+00:00,105.29,9.03,153.65,50.629053967008126,66.52829750477713
2023-01-31 04:00:00+00:00,109.53,37.47,163.34,75.47202377459058,90.10441758645433
2023-01-31 05:00:00+00:00,144.34,88.1,183.61,116.89321899952306,133.11884231398065
2023-01-31 06:00:00+00:00,171.4,102.18,210.08,135.9341815724298,149.5155803260187
2023-01-31 07:00:00+00:00,182.98,115.5,251.1,149.17559876668062,165.0620685832007
2023-01-31 08:00:00+00:00,169.94,100.8,256.43,137.75398389889648,154.96382801634363
2023-01-31 09:00:00+00:00,167.11,96.81,238.66,128.2584664151421,146.64778622125016
2023-01-31 10:00:00+00:00,146.33,88.23,229.98,118.52595433850087,138.68900232667082
2023-01-31 11:00:00+00:00,138.23,86.1,217.92,110.58565736447858,133.63110886484472
2023-01-31 12:00:00+00:00,123.71,83.38,206.05,102.3671862395497,128.0340960700099
2023-01-31 13:00:00+00:00,106.62,88.36,215.28,102.24235880742542,130.72382017562757
2023-01-31 14:00:00+00:00,108.1,86.12,217.98,99.86139920353664,129.0845456841926
2023-01-31 15:00:00+00:00,101.73,89.69,224.58,101.42191436008738,132.45774032980427
2023-01-31 16:00:00+00:00,103.18,98.62,250.0,110.74048698419114,145.75453333255464
2023-01-31 18:00:00+00:00,100.28,100.7,231.15,103.1523329770955,144.55186385467545
2023-01-31 19:00:00+00:00,94.92,89.95,214.02,88.22557391478853,130.8011907011163
2023-01-31 20:00:00+00:00,86.19,86.85,187.37,77.81569693870627,122.50864748011165
2023-01-31 21:00:00+00:00,86.1,88.15,172.43,73.16346056587022,119.71830073304334
2023-01-31 22:00:00+00:00,69.56,90.8,162.24,67.90736570159956,116.86447471281708
2023-01-31 23:00:00+00:00,79.94,94.01,149.17,60.26805850332643,106.90175057354809
2023-02-01 00:00:00+00:00,67.55,98.15,150.83,57.267987432081355,104.48992762032304
2023-02-01 02:00:00+00:00,66.82,100.91,147.57,56.02041226259013,102.33651234427869
2023-02-01 03:00:00+00:00,57.59,105.29,146.7,57.593739680808255,103.6523115487167
2023-02-01 04:00:00+00:00,74.96,109.53,150.85,64.53446935169019,109.88286633558837
2023-02-01 05:00:00+00:00,95.98,144.34,170.6,99.57047421793985,146.7117010490308
2023-02-01 06:00:00+00:00,112.75,171.4,200.09,130.40494693895346,175.73575981606422
2023-02-01 07:00:00+00:00,120.74,182.98,225.04,145.82705778986434,189.87102545870403
2023-02-01 08:00:00+00:00,111.29,169.94,225.0,137.8356664239119,179.54834459443524
2023-02-01 09:00:00+00:00,105.03,167.11,212.42,132.24847006967858,174.84119001650845
2023-02-01 10:00:00+00:00,101.45,146.33,200.98,117.11660440641134,158.08570918842906
2023-02-01 11:00:00+00:00,99.34,138.23,193.2,108.1202583451922,149.35025170584674
2023-02-01 12:00:00+00:00,98.53,123.71,185.2,96.9376325349434,136.00150117935272
2023-02-01 13:00:00+00:00,95.97,106.62,191.7,87.07281249891722,122.93697599292295
2023-02-01 14:00:00+00:00,98.56,108.1,197.3,88.84952283216175,123.03279277214678
2023-02-01 15:00:00+00:00,102.69,101.73,199.19,85.92147048762578,118.69443511659506
2023-02-01 16:00:00+00:00,109.12,103.18,206.35,90.12532100306021,123.87428058501848
2023-02-01 17:00:00+00:00,111.58,108.96,208.62,94.18976272237762,130.58262766468098
2023-02-01 18:00:00+00:00,100.88,100.28,193.21,83.49207667654827,122.5637806083646
2023-02-01 19:00:00+00:00,97.65,94.92,174.29,71.29455280538954,113.41867599650668
2023-02-01 20:00:00+00:00,94.75,86.19,165.95,60.09001831248977,104.48407604628063
2023-02-01 21:00:00+00:00,86.42,86.1,163.61,57.234108007965915,103.15791708036197
2023-02-01 22:00:00+00:00,78.59,69.56,153.23,43.369178270998525,89.283687636774
2023-02-01 23:00:00+00:00,74.3,79.94,150.0,43.08143448111698,90.40838395236838
2023-02-02 00:00:00+00:00,67.77,67.55,140.33,34.914278238461165,80.57994466100013
2023-02-02 02:00:00+00:00,76.75,66.82,134.63,39.19037652378566,80.4257814917858
2023-02-02 03:00:00+00:00,88.55,57.59,136.01,40.49724117064119,75.94287151869011
2023-02-02 04:00:00+00:00,93.11,74.96,143.85,60.234580429462916,91.62983974129989
2023-02-02 05:00:00+00:00,116.21,95.98,165.68,90.01097061649531,117.14145455931877
2023-02-02 06:00:00+00:00,139.22,112.75,186.98,114.88265878187948,136.30422641023108
2023-02-02 07:00:00+00:00,169.87,120.74,198.95,128.65601831076373,143.60846922863794
2023-02-02 08:00:00+00:00,178.2,111.29,202.91,128.13034404173374,134.66279619807577
2023-02-02 09:00:00+00:00,170.09,105.03,197.11,127.7271646192946,127.95328086012799
2023-02-02 10:00:00+00:00,167.21,101.45,194.23,127.9491805677815,122.70111350452146
2023-02-02 11:00:00+00:00,156.86,99.34,187.19,127.17667987982576,117.60286959307305
2023-02-02 12:00:00+00:00,152.74,98.53,184.72,127.42179414478115,113.29709281914938
2023-02-02 13:00:00+00:00,161.44,95.97,181.28,128.712947488204,107.78688235470497
2023-02-02 14:00:00+00:00,163.39,98.56,175.62,134.3107008841509,107.77128245306503
2023-02-02 15:00:00+00:00,167.28,102.69,168.86,138.317052603096,109.44887755857569
2023-02-02 16:00:00+00:00,178.17,109.12,186.2,144.50604569038887,118.43054154495321
2023-02-02 17:00:00+00:00,183.12,111.58,180.73,143.1982458933971,122.31962290542788
2023-02-02 18:00:00+00:00,172.18,100.88,170.55,128.7502114465987,113.18017672728797
2023-02-02 19:00:00+00:00,142.09,97.65,158.99,115.29794920766837,107.10490487498127
2023-02-02 20:00:00+00:00,143.54,94.75,154.44,103.54225762196488,102.1154005217805
2023-02-02 21:00:00+00:00,130.15,86.42,149.75,90.62590078391696,94.4091831046025
2023-02-02 22:00:00+00:00,103.93,78.59,137.91,75.69665289735057,84.26934678200362
2023-02-02 23:00:00+00:00,108.3,74.3,135.0,64.44544555547112,84.85483142364387
2023-02-03 00:00:00+00:00,100.27,67.77,132.23,52.81999204677939,78.05979710870126
2023-02-03 01:00:00+00:00,93.82,71.35,130.32,48.37035932807495,79.3896433658462
2023-02-03 02:00:00+00:00,87.83,76.75,125.11,47.45344942634539,82.87951994292557
2023-02-03 03:00:00+00:00,84.03,88.55,128.31,51.1167599043989,90.76892047738362
2023-02-03 04:00:00+00:00,89.02,93.11,134.12,55.834267115914905,97.69709315715401
2023-02-03 05:00:00+00:00,100.27,116.21,151.01,78.33774437065844,123.00952527078171
2023-02-03 06:00:00+00:00,107.73,139.22,176.1,103.41085845880814,148.10679693914977
2023-02-03 07:00:00+00:00,110.39,169.87,195.0,127.12124308046762,173.92329546195805
2023-02-03 08:00:00+00:00,110.01,178.2,199.19,132.59466973837746,179.45840938732164
2023-02-03 09:00:00+00:00,97.73,170.09,195.0,127.07986955302289,172.45177070582014
2023-02-03 10:00:00+00:00,102.81,167.21,190.0,123.79304524935165,168.96655116739478
2023-02-03 11:00:00+00:00,102.0,156.86,183.06,114.91603587637698,159.33373093654436
2023-02-03 12:00:00+00:00,99.19,152.74,180.0,109.49598203393222,153.57164239441735
2023-02-03 13:00:00+00:00,97.91,161.44,181.5,112.68872935312083,156.65851902428028
2023-02-03 14:00:00+00:00,102.0,163.39,185.0,115.8012450498961,157.59100265111698
2023-02-03 15:00:00+00:00,107.72,167.28,188.0,120.57133829186363,161.1318408226548
2023-02-03 16:00:00+00:00,112.4,178.17,198.05,131.28307888098965,172.81849648289705
2023-02-03 17:00:00+00:00,113.52,183.12,200.7,136.02770754593774,179.28360655634754
2023-02-03 18:00:00+00:00,108.07,172.18,193.7,126.34585946505076,170.05188617722933
2023-02-03 19:00:00+00:00,103.7,142.09,181.5,103.54996109247014,145.24761522342715
2023-02-03 20:00:00+00:00,102.95,143.54,166.25,99.73032681478068,141.85532772042893
2023-02-03 21:00:00+00:00,113.19,130.15,155.12,91.1002505190748,128.80311893598912
2023-02-03 22:00:00+00:00,107.8,103.93,146.0,76.51221672004414,107.12900908104639
2023-02-03 23:00:00+00:00,99.36,108.3,139.9,77.05754208441107,103.51529345873824
2023-02-04 00:00:00+00:00,106.25,100.27,135.06,76.80463275245936,93.62592473207634
2023-02-04 01:00:00+00:00,113.15,93.82,133.38,79.23626888990741,86.0700334544849
2023-02-04 02:00:00+00:00,121.77,87.83,129.59,82.7093885878861,78.68149710072223
2023-02-04 03:00:00+00:00,125.38,84.03,125.28,86.82557677953325,73.08725224309913
2023-02-04 04:00:00+00:00,127.44,89.02,122.83,94.98481998229194,72.99718284660764
2023-02-04 05:00:00+00:00,137.34,100.27,128.85,108.34108858390877,80.14819509517741
2023-02-04 06:00:00+00:00,156.31,107.73,136.32,121.35417934009271,86.63116445925685
2023-02-04 07:00:00+00:00,164.19,110.39,145.43,130.7323855842414,91.76102298764474
2023-02-04 08:00:00+00:00,169.83,110.01,160.16,132.74244427594752,93.41139965101938
2023-02-04 09:00:00+00:00,164.11,97.73,161.57,123.49261307805568,84.1104427690592
2023-02-04 10:00:00+00:00,156.39,102.81,157.3,123.10576999512233,86.34952974776789
2023-02-04 11:00:00+00:00,148.84,102.0,141.56,117.81926389728602,81.90486979643632
2023-02-04 12:00:00+00:00,133.37,99.19,135.32,114.46494648183601,77.95997440162128
2023-02-04 13:00:00+00:00,134.09,97.91,138.16,116.0928432282417,77.84900275986467
2023-02-04 14:00:00+00:00,141.61,102.0,147.14,125.58057558045273,83.58372265966644
2023-02-04 15:00:00+00:00,155.36,107.72,154.27,137.3088417194322,91.92498563344898
2023-02-04 16:00:00+00:00,170.29,112.4,164.93,147.08784668680488,102.91357200692578
2023-02-04 17:00:00+00:00,184.16,113.52,174.06,149.70802280504196,110.0929661193812
2023-02-04 18:00:00+00:00,179.96,108.07,163.56,140.49583226068563,105.5923074688802
2023-02-04 19:00:00+00:00,167.89,103.7,149.96,128.94400943912743,98.69721973681085
2023-02-04 20:00:00+00:00,158.13,102.95,146.13,121.77837081153265,97.83456560880978
2023-02-04 21:00:00+00:00,152.38,113.19,142.23,121.28748195149979,103.92907389704848
2023-02-04 22:00:00+00:00,136.67,107.8,139.78,110.58193955777308,96.58606404245572
2023-02-04 23:00:00+00:00,135.51,99.36,154.85,109.91712211916737,99.1634909176778
2023-02-05 00:00:00+00:00,136.97,106.25,129.66,105.24637737931047,97.49590873293596
2023-02-05 01:00:00+00:00,129.03,113.15,126.23,104.80480234746202,98.30053337525884
2023-02-05 02:00:00+00:00,130.68,121.77,123.63,106.96329453092041,100.37530009489396
2023-02-05 03:00:00+00:00,116.2,125.38,123.87,107.34195520893664,99.50725322884898
2023-02-05 04:00:00+00:00,113.27,127.44,123.13,106.6355580798196,97.39989048579287
2023-02-05 05:00:00+00:00,114.21,137.34,127.74,112.77371395838973,102.26884561829152
2023-02-05 06:00:00+00:00,115.6,156.31,133.26,126.87168578522854,114.86730610614731
2023-02-05 07:00:00+00:00,120.48,164.19,148.07,134.82216351558714,122.52109151168744
2023-02-05 08:00:00+00:00,117.68,169.83,155.77,136.91348322051033,128.20688215235606
2023-02-05 09:00:00+00:00,117.3,164.11,124.76,127.07479731435737,119.88033748117242
2023-02-05 10:00:00+00:00,122.09,156.39,121.06,122.58556548111586,115.56473400521354
2023-02-05 11:00:00+00:00,116.09,148.84,115.31,115.34851295365885,108.43921427824972
2023-02-05 12:00:00+00:00,107.01,133.37,114.97,104.30018099561268,96.18967875351656
2023-02-05 13:00:00+00:00,109.75,134.09,121.03,104.64624699004601,96.81206887397087
2023-02-05 14:00:00+00:00,116.32,141.61,125.5,111.5816230237044,104.0244268301615
2023-02-05 15:00:00+00:00,125.16,155.36,130.09,125.57781767904632,118.00590061514379
2023-02-05 16:00:00+00:00,147.57,170.29,156.14,145.69768052102688,139.01854826758026
2023-02-05 17:00:00+00:00,171.44,184.16,153.36,158.76882559192606,155.3006973858951
2023-02-05 18:00:00+00:00,170.92,179.96,128.65,154.016196462499,152.65842935294387
2023-02-05 19:00:00+00:00,165.9,167.89,99.84,142.86463695270947,142.0114818517502
2023-02-05 20:00:00+00:00,153.67,158.13,85.0,136.01274354709648,134.9490610217951
2023-02-05 21:00:00+00:00,155.77,152.38,79.83,134.21884865068205,132.77597812853065
2023-02-05 22:00:00+00:00,144.18,136.67,64.36,122.20887839362679,118.30823015141121
2023-02-05 23:00:00+00:00,145.0,135.51,45.0,132.6684227153564,123.34408308133784
2023-02-06 00:00:00+00:00,143.73,136.97,5.9,128.5488258134638,118.47798951112692
2023-02-06 01:00:00+00:00,145.41,129.03,5.07,126.0097044570068,112.97110331576826
2023-02-06 02:00:00+00:00,142.09,130.68,2.03,129.67274536955614,114.51290122853023
2023-02-06 03:00:00+00:00,140.1,116.2,9.03,128.08689070873797,107.31786066157872
2023-02-06 04:00:00+00:00,148.93,113.27,37.47,138.39958107926256,112.27325155200568
2023-02-06 05:00:00+00:00,175.67,114.21,88.1,159.4813080850444,127.05304880555951
2023-02-06 06:00:00+00:00,200.65,115.6,102.18,173.4632188315881,135.93473074821154
2023-02-06 07:00:00+00:00,213.39,120.48,115.5,181.40316288543144,143.0011507378528
2023-02-06 08:00:00+00:00,200.65,117.68,100.8,174.7917957616006,139.11048435907776
2023-02-06 09:00:00+00:00,185.08,117.3,96.81,169.57849081358236,137.15264649317587
2023-02-06 10:00:00+00:00,179.84,122.09,88.23,167.98053270345397,138.06615397420492
2023-02-06 11:00:00+00:00,168.72,116.09,86.1,161.89793693832212,131.48478555358346
2023-02-06 12:00:00+00:00,161.16,107.01,83.38,155.49933957993895,122.40180599546697
2023-02-06 13:00:00+00:00,163.9,109.75,88.36,158.296629695184,122.96925494491661
2023-02-06 14:00:00+00:00,170.67,116.32,86.12,165.29327489239387,126.71703352880903
2023-02-06 15:00:00+00:00,181.8,125.16,89.69,174.538285776961,134.0640656986649
2023-02-06 16:00:00+00:00,198.94,147.57,98.62,190.7909574705625,153.96448927936677
2023-02-06 17:00:00+00:00,213.5,171.44,96.29,202.72060521044898,173.67926001448552
2023-02-06 18:00:00+00:00,205.38,170.92,100.7,197.23579714562305,173.52623570087366
2023-02-06 19:00:00+00:00,186.21,165.9,89.95,185.4292367230292,165.9923396269558
2023-02-06 20:00:00+00:00,166.48,153.67,86.85,171.6729942533591,155.0185356966751
2023-02-06 21:00:00+00:00,159.82,155.77,88.15,167.4026402362793,155.18646960201664
2023-02-06 22:00:00+00:00,154.0,144.18,90.8,154.83667037655886,144.56247627136185
2023-02-06 23:00:00+00:00,145.78,145.0,94.01,140.91493238243683,132.51410036471867
2023-02-07 00:00:00+00:00,142.21,143.73,98.15,137.90555207604157,131.22865546525435
2023-02-07 02:00:00+00:00,139.44,142.09,100.91,139.00149505573,130.00802526291912
2023-02-07 03:00:00+00:00,141.6,140.1,105.29,142.17036352365758,128.94955397210776
2023-02-07 04:00:00+00:00,145.87,148.93,109.53,154.27984342227856,137.40452331370025
2023-02-07 05:00:00+00:00,170.54,175.67,144.34,186.05331923966338,166.18910294544432
2023-02-07 06:00:00+00:00,198.04,200.65,171.4,215.2629012573327,192.1127494786104
2023-02-07 07:00:00+00:00,214.16,213.39,182.98,224.41414476215277,204.45671310290874
2023-02-07 08:00:00+00:00,191.85,200.65,169.94,204.0784095517764,193.05091447942718
2023-02-07 09:00:00+00:00,172.52,185.08,167.11,183.76504470162536,180.56598210572793
2023-02-07 10:00:00+00:00,141.83,179.84,146.33,172.3024998826125,173.61971724225097
2023-02-07 11:00:00+00:00,140.33,168.72,138.23,161.20982374768005,162.14444671645506
2023-02-07 12:00:00+00:00,134.86,161.16,123.71,155.07775141602366,152.04570227183365
2023-02-07 13:00:00+00:00,148.34,163.9,106.62,159.41040286078032,148.9542606226843
2023-02-07 14:00:00+00:00,171.86,170.67,108.1,174.94172644327608,152.60549349045675
2023-02-07 15:00:00+00:00,189.98,181.8,101.73,193.0456822431253,159.6396251323898
2023-02-07 16:00:00+00:00,222.26,198.94,103.18,211.29831084412584,175.96378234459297
2023-02-07 17:00:00+00:00,245.6,213.5,108.96,222.1945085727034,191.97991880082432
2023-02-07 18:00:00+00:00,229.0,205.38,100.28,213.26540041026965,185.84693912518287
2023-02-07 19:00:00+00:00,199.03,186.21,94.92,195.4192252360931,169.99088540082505
2023-02-07 20:00:00+00:00,188.18,166.48,86.19,177.06420456082668,152.99121698062564
2023-02-07 21:00:00+00:00,173.36,159.82,86.1,168.85228334471662,147.59403191087813
2023-02-07 22:00:00+00:00,163.08,154.0,69.56,157.56415668947068,138.50378016204175
2023-02-07 23:00:00+00:00,160.05,145.78,79.94,139.401733265732,121.36100539879845
2023-02-08 00:00:00+00:00,155.16,142.21,67.55,133.75902763677135,116.46716292455648
2023-02-08 01:00:00+00:00,150.0,140.42,65.69,132.05130494743628,114.65198991198469
2023-02-08 02:00:00+00:00,147.97,139.44,66.82,132.52889380599095,114.09226342506355
2023-02-08 03:00:00+00:00,145.97,141.6,57.59,134.69906392475792,114.80463565459743
2023-02-08 04:00:00+00:00,149.18,145.87,74.96,145.06441976833713,123.03489840064353
2023-02-08 05:00:00+00:00,175.69,170.54,95.98,173.0068534599116,150.43593433356548
2023-02-08 06:00:00+00:00,196.64,198.04,112.75,199.23340325439762,176.9611284461594
2023-02-08 07:00:00+00:00,216.19,214.16,120.74,205.38360597932757,190.65627427848113
2023-02-08 08:00:00+00:00,177.75,191.85,111.29,175.91127259182912,172.01434467152964
2023-02-08 09:00:00+00:00,128.0,172.52,105.03,151.38837092816954,155.53531722235147
2023-02-08 10:00:00+00:00,126.33,141.83,101.45,127.58413892162832,132.7980147840289
2023-02-08 11:00:00+00:00,124.95,140.33,99.34,122.92714134234944,128.98341105055675
2023-02-08 12:00:00+00:00,124.96,134.86,98.53,120.15247799492883,122.93096808775373
2023-02-08 13:00:00+00:00,124.95,148.34,95.97,132.69021012020798,130.2357680350459
2023-02-08 14:00:00+00:00,134.49,171.86,98.56,156.29724801544336,145.75307720244666
2023-02-08 15:00:00+00:00,156.86,189.98,102.69,178.03517783196693,159.49310237705168
2023-02-08 16:00:00+00:00,183.99,222.26,109.12,198.7685531957718,186.56308561463499
2023-02-08 17:00:00+00:00,192.45,245.6,111.58,205.28952634027604,207.92339456101587
2023-02-08 18:00:00+00:00,153.0,229.0,100.88,185.37343077797942,195.95142242837676
2023-02-08 19:00:00+00:00,145.45,199.03,97.65,159.0412019381119,172.36847984446354
2023-02-08 20:00:00+00:00,133.81,188.18,94.75,144.9683920566536,161.5251541975943
2023-02-08 21:00:00+00:00,127.73,173.36,86.42,131.56147783432067,149.03938510615131
2023-02-08 22:00:00+00:00,118.94,163.08,78.59,120.99658637475964,138.97107252763016
2023-02-08 23:00:00+00:00,109.56,160.05,74.3,116.17489488298011,130.4891345834319
2023-02-09 00:00:00+00:00,118.36,155.16,67.77,112.17749867096741,124.80221970659643
2023-02-09 01:00:00+00:00,115.12,150.0,71.35,109.84465163681192,121.0615808426731
2023-02-09 02:00:00+00:00,115.46,147.97,76.75,110.88522121572241,120.41060202905075
2023-02-09 03:00:00+00:00,120.47,145.97,88.55,114.38039467009735,121.38765300920387
2023-02-09 04:00:00+00:00,132.57,149.18,93.11,122.71950952182729,126.72507314526412
2023-02-09 05:00:00+00:00,155.24,175.69,116.21,152.5524635547471,155.4023257639393
2023-02-09 06:00:00+00:00,174.46,196.64,139.22,177.16456792400595,178.4847600307363
2023-02-09 07:00:00+00:00,173.02,216.19,169.87,190.83234882859023,197.3475061568543
2023-02-09 08:00:00+00:00,111.36,177.75,178.2,159.2164559125054,169.16882690512801
2023-02-09 09:00:00+00:00,114.01,128.0,170.09,123.67710513174828,132.01696327483526
2023-02-09 10:00:00+00:00,111.77,126.33,167.21,118.66824630604071,127.38808899801619
2023-02-09 11:00:00+00:00,111.18,124.95,156.86,114.73039617782726,122.95727770233688
2023-02-09 12:00:00+00:00,110.19,124.96,152.74,115.02998208383758,119.81045352069349
2023-02-09 13:00:00+00:00,121.46,124.95,161.44,122.34761123022643,119.92214125841906
2023-02-09 14:00:00+00:00,157.91,134.49,163.39,138.45918501011204,127.55686091123574
2023-02-09 15:00:00+00:00,165.04,156.86,167.28,160.48827585401892,144.60595772572668
2023-02-09 16:00:00+00:00,173.25,183.99,178.17,181.0449932341316,169.59498196709526
2023-02-09 17:00:00+00:00,166.33,192.45,183.12,183.36612192812092,180.64040305725132
2023-02-09 18:00:00+00:00,134.89,153.0,172.18,153.5547611174026,152.14551981349308
2023-02-09 19:00:00+00:00,115.77,145.45,142.09,135.81102404341812,139.2530267824201
2023-02-09 20:00:00+00:00,135.77,133.81,143.54,122.32731559547405,129.4195608741873
2023-02-09 21:00:00+00:00,119.93,127.73,130.15,111.98216625188272,121.575899704736
2023-02-09 22:00:00+00:00,117.95,118.94,103.93,99.43949796659453,110.18789662796956
2023-02-09 23:00:00+00:00,122.69,109.56,108.3,99.74402330358085,108.35999283696215
2023-02-10 00:00:00+00:00,123.09,118.36,100.27,103.69748160929173,112.0938730926271
2023-02-10 01:00:00+00:00,116.32,115.12,93.82,103.30589493766855,108.82645469752235
2023-02-10 02:00:00+00:00,116.7,115.46,87.83,106.49431004928482,108.65577669020013
2023-02-10 03:00:00+00:00,118.51,120.47,84.03,113.59757396873792,112.40740334920491
2023-02-10 04:00:00+00:00,125.47,132.57,89.02,128.26039644628304,123.76721443650213
2023-02-10 05:00:00+00:00,153.99,155.24,100.27,154.58810747136988,147.69585443827594
2023-02-10 06:00:00+00:00,185.91,174.46,107.73,176.61806931100466,166.96007036523213
2023-02-10 07:00:00+00:00,196.23,173.02,110.39,175.80971814934537,167.35368259841266
2023-02-10 08:00:00+00:00,158.72,111.36,110.01,133.3674304633656,121.36862116522269
2023-02-10 09:00:00+00:00,140.35,114.01,97.73,123.74628298377624,116.81551570093312
2023-02-10 10:00:00+00:00,131.68,111.77,102.81,116.14185286078985,114.47557515522816
2023-02-10 11:00:00+00:00,118.84,111.18,102.0,108.55376503506086,111.56472581289243
2023-02-10 12:00:00+00:00,117.94,110.19,99.19,103.72519582442459,108.34394460876788
2023-02-10 13:00:00+00:00,110.12,121.46,97.91,109.102845955353,113.12658686104248
2023-02-10 14:00:00+00:00,127.95,157.91,102.0,135.0592397621632,137.77447272429413
2023-02-10 15:00:00+00:00,123.76,165.04,107.72,147.0384181960593,145.03078471519245
2023-02-10 16:00:00+00:00,158.93,173.25,112.4,154.45403362026104,155.98333577157675
2023-02-10 17:00:00+00:00,129.55,166.33,113.52,147.02384767232374,155.48711403428692
2023-02-10 18:00:00+00:00,108.29,134.89,108.07,119.12370126073598,131.21173866365137
2023-02-10 19:00:00+00:00,108.26,115.77,103.7,97.33308069588544,115.46953726328049
2023-02-10 20:00:00+00:00,94.66,135.77,102.95,98.00944517049727,126.2313886846488
2023-02-10 21:00:00+00:00,89.19,119.93,113.19,84.51890089886989,115.37807154028758
2023-02-10 22:00:00+00:00,45.0,117.95,107.8,76.600878031129,111.09494559510043
2023-02-10 23:00:00+00:00,89.89,122.69,99.36,78.00151345639028,111.33701322979377
2023-02-11 00:00:00+00:00,85.38,123.09,106.25,75.59159066007518,109.77432036174983
2023-02-11 01:00:00+00:00,85.03,116.32,113.15,69.75786360173325,102.56532638364789
2023-02-11 02:00:00+00:00,81.87,116.7,121.77,70.10571820864581,101.01931368795785
2023-02-11 03:00:00+00:00,82.31,118.51,125.38,71.36076854539797,99.72521758193872
2023-02-11 04:00:00+00:00,80.88,125.47,127.44,75.85843533773306,101.92798754753271
2023-02-11 05:00:00+00:00,82.95,153.99,137.34,93.4612258389646,120.62019210570753
2023-02-11 06:00:00+00:00,86.59,185.91,156.31,117.28664613540631,144.4064560694552
2023-02-11 07:00:00+00:00,93.13,196.23,164.19,127.42818869627527,152.21518433482274
2023-02-11 08:00:00+00:00,93.95,158.72,169.83,107.27487963344821,123.12174332075772
2023-02-11 09:00:00+00:00,93.01,140.35,164.11,96.33828325699119,109.41412006023278
2023-02-11 10:00:00+00:00,89.93,131.68,156.39,89.4755801727451,101.66361378330295
2023-02-11 11:00:00+00:00,93.23,118.84,148.84,79.48510190318993,90.85290487148652
2023-02-11 12:00:00+00:00,90.92,117.94,133.37,75.32163076126167,86.73943536035102
2023-02-11 13:00:00+00:00,93.89,110.12,134.09,74.85625397060038,81.9748258417767
2023-02-11 14:00:00+00:00,101.13,127.95,141.61,94.05981421415278,98.86976994987974
2023-02-11 15:00:00+00:00,118.36,123.76,155.36,103.41150557057631,101.80376888849935
2023-02-11 16:00:00+00:00,153.94,158.93,170.29,134.40852882049316,133.99724859035854
2023-02-11 17:00:00+00:00,152.79,129.55,184.16,128.38648421950668,121.90409933137974
2023-02-11 18:00:00+00:00,140.73,108.29,179.96,117.5577607779677,107.46220475140603
2023-02-11 19:00:00+00:00,140.42,108.26,167.89,114.46993332296819,104.73683848354875
2023-02-11 20:00:00+00:00,138.28,94.66,158.13,107.80579962294567,97.0112445753374
2023-02-11 21:00:00+00:00,143.76,89.19,152.38,105.1257111593862,92.99267507100863
2023-02-11 22:00:00+00:00,138.06,45.0,136.67,79.9162145481389,61.30502104061862
2023-02-11 23:00:00+00:00,129.72,89.89,135.51,111.98227500248144,97.60819062558423
2023-02-12 00:00:00+00:00,125.49,85.38,136.97,108.8018842162853,92.68188834542934
2023-02-12 01:00:00+00:00,131.79,85.03,129.03,107.44027799979006,88.67760084714044
2023-02-12 02:00:00+00:00,127.57,81.87,130.68,106.98131856133078,84.44602234676411
2023-02-12 03:00:00+00:00,118.46,82.31,116.2,106.40795034431918,80.07633170568775
2023-02-12 04:00:00+00:00,118.89,80.88,113.27,106.91979711570718,76.20129309716852
2023-02-12 05:00:00+00:00,108.02,82.95,114.21,110.23189909105805,76.43708656936107
2023-02-12 06:00:00+00:00,116.17,86.59,115.6,114.99007701558725,78.76101384600105
2023-02-12 07:00:00+00:00,149.4,93.13,120.48,120.71010323588823,83.29163893799542
2023-02-12 08:00:00+00:00,144.27,93.95,117.68,119.20588445938066,80.80158805560646
2023-02-12 09:00:00+00:00,145.56,93.01,117.3,116.41498453209687,79.03972535650368
2023-02-12 10:00:00+00:00,140.07,89.93,122.09,114.20257212108581,78.10496832083746
2023-02-12 11:00:00+00:00,129.89,93.23,116.09,111.34857545711692,77.91363054389211
2023-02-12 12:00:00+00:00,120.0,90.92,107.01,105.35035668212993,73.51307404765818
2023-02-12 14:00:00+00:00,124.63,101.13,116.32,117.76628017358398,83.20148383006003
2023-02-12 15:00:00+00:00,135.16,118.36,125.16,135.29869672376725,99.13459748849858
2023-02-12 16:00:00+00:00,158.54,153.94,147.57,165.83771430004512,135.11443207139462
2023-02-12 17:00:00+00:00,167.51,152.79,171.44,171.68690469167262,142.42470296833883
2023-02-12 18:00:00+00:00,169.49,140.73,170.92,163.31230864561263,135.97905015274284
2023-02-12 19:00:00+00:00,160.0,140.42,165.9,159.3513308220368,136.58259773844813
2023-02-12 20:00:00+00:00,140.89,138.28,153.67,153.32277268686454,133.75931193420365
2023-02-12 21:00:00+00:00,151.91,143.76,155.77,155.3596034299411,139.1422273340172
2023-02-12 22:00:00+00:00,137.98,138.06,144.18,143.9133384242618,128.6126289461014
2023-02-12 23:00:00+00:00,137.5,129.72,145.0,145.78153094017904,135.52621042932117
2023-02-13 00:00:00+00:00,132.68,125.49,143.73,140.81090013645712,131.04765371348935
2023-02-13 01:00:00+00:00,132.64,131.79,145.41,144.8500294565176,135.34379629285758
2023-02-13 02:00:00+00:00,129.04,127.57,142.09,143.86596500146277,131.9812584611014
2023-02-13 03:00:00+00:00,130.84,118.46,140.1,142.73173416928398,126.65793944916582
2023-02-13 04:00:00+00:00,137.36,118.89,148.93,150.587002591206,130.4033564134661
2023-02-13 05:00:00+00:00,163.19,108.02,175.67,161.87851127649958,133.64645855127165
2023-02-13 06:00:00+00:00,196.08,116.17,200.65,179.99234240399346,147.012969612897
2023-02-13 07:00:00+00:00,215.87,149.4,213.39,202.48839879554498,172.37648269735058
2023-02-13 08:00:00+00:00,196.2,144.27,200.65,193.43686650100483,165.8811029444493
2023-02-13 09:00:00+00:00,173.35,145.56,185.08,185.46118764163157,162.99638045217563
2023-02-13 10:00:00+00:00,154.42,140.07,179.84,174.26642950446094,156.30509597204374
2023-02-13 11:00:00+00:00,140.0,129.89,168.72,161.20112013159445,145.91335532809217
2023-02-13 12:00:00+00:00,136.87,120.0,161.16,151.9637092164232,135.70808096494693
2023-02-13 14:00:00+00:00,157.45,124.63,170.67,164.60797500726926,136.77049657211342
2023-02-13 15:00:00+00:00,166.06,135.16,181.8,181.7028863411137,146.22820592426348
2023-02-13 16:00:00+00:00,188.06,158.54,198.94,204.72480724852022,169.4426008648175
2023-02-13 17:00:00+00:00,221.8,167.51,213.5,213.40213092073162,181.02533300645115
2023-02-13 18:00:00+00:00,206.6,169.49,205.38,211.05173359883298,181.75704637470167
2023-02-13 19:00:00+00:00,187.86,160.0,186.21,197.88030133719477,171.28485179257052
2023-02-13 20:00:00+00:00,168.95,140.89,166.48,179.58954389388032,153.86974309061665
2023-02-13 21:00:00+00:00,160.97,151.91,159.82,181.01797097442073,159.69861718503103
2023-02-13 22:00:00+00:00,150.12,137.98,154.0,168.79007914613857,147.46277812293732
2023-02-13 23:00:00+00:00,135.62,137.5,145.78,151.61094125135148,132.78628871192333
2023-02-14 00:00:00+00:00,132.32,132.68,142.21,146.61962812192354,127.836080671557
2023-02-14 01:00:00+00:00,132.16,132.64,140.42,146.6649995445002,127.79611364776092
2023-02-14 02:00:00+00:00,132.12,129.04,139.44,145.89746786585033,125.1818267220928
2023-02-14 03:00:00+00:00,132.32,130.84,141.6,149.96661217216547,126.91152952927715
2023-02-14 04:00:00+00:00,141.93,137.36,145.87,159.93007821711814,134.14698353688243
2023-02-14 05:00:00+00:00,166.22,163.19,170.54,187.91414645183747,159.70035181292297
2023-02-14 06:00:00+00:00,199.99,196.08,198.04,219.80644386326213,190.84692592440632
2023-02-14 07:00:00+00:00,206.98,215.87,214.16,236.22874243194534,210.73255380929862
2023-02-14 08:00:00+00:00,180.6,196.2,191.85,214.69064584963013,192.9917163959617
2023-02-14 09:00:00+00:00,138.26,173.35,172.52,190.66967192513633,173.63075738881815
2023-02-14 10:00:00+00:00,139.16,154.42,141.83,168.61692368127845,155.01390016319772
2023-02-14 11:00:00+00:00,130.36,140.0,140.33,153.8249563793823,142.01094791492176
2023-02-14 12:00:00+00:00,125.41,136.87,134.86,148.55758762920064,136.17052841591527
2023-02-14 14:00:00+00:00,132.32,157.45,171.86,175.4233367979782,151.43130988335267
2023-02-14 15:00:00+00:00,152.7,166.06,189.98,194.95369091103078,159.91519049637228
2023-02-14 16:00:00+00:00,180.81,188.06,222.26,220.82563308618785,183.33691138110575
2023-02-14 17:00:00+00:00,199.99,221.8,245.6,245.04218750494616,214.09095892275045
2023-02-14 18:00:00+00:00,192.97,206.6,229.0,232.40091446627906,203.24262812172884
2023-02-14 19:00:00+00:00,175.81,187.86,199.03,211.68581229044236,184.5543607314039
2023-02-14 20:00:00+00:00,160.09,168.95,188.18,192.60637428084812,166.94357256895688
2023-02-14 21:00:00+00:00,151.03,160.97,173.36,182.11102074535503,159.22756063598337
2023-02-14 22:00:00+00:00,141.73,150.12,163.08,169.75211669088233,147.6251600525561
2023-02-14 23:00:00+00:00,134.81,135.62,160.05,149.0130975917188,125.98643358689436
2023-02-15 00:00:00+00:00,130.95,132.32,155.16,144.67561651712927,121.71755066139765
2023-02-15 01:00:00+00:00,130.0,132.16,150.0,144.33985295787224,120.7083923120708
2023-02-15 02:00:00+00:00,130.01,132.12,147.97,145.91772761034446,120.50169043179045
2023-02-15 03:00:00+00:00,126.66,132.32,145.97,149.38344925187766,121.42991566977393
2023-02-15 04:00:00+00:00,136.53,141.93,149.18,161.17855738924968,131.1153984542962
2023-02-15 05:00:00+00:00,161.2,166.22,175.69,189.60741662761552,158.57783976094402
2023-02-15 06:00:00+00:00,185.0,199.99,196.64,218.63251208942583,189.74043455905917
2023-02-15 07:00:00+00:00,188.76,206.98,216.19,222.49508065621845,198.63317169787484
2023-02-15 08:00:00+00:00,171.22,180.6,177.75,190.65472002372897,172.99046928745776
2023-02-15 09:00:00+00:00,152.52,138.26,128.0,149.7121842498262,135.43660184276314
2023-02-15 10:00:00+00:00,132.16,139.16,126.33,140.99144712823275,133.32985098504065
2023-02-15 11:00:00+00:00,120.79,130.36,124.95,129.71556338204388,124.06660544353673
2023-02-15 12:00:00+00:00,121.45,125.41,124.96,125.36765829406978,118.46732119224384
2023-02-15 13:00:00+00:00,121.38,126.93,124.95,129.57930398511724,117.60085781216651
2023-02-15 14:00:00+00:00,128.71,132.32,134.49,144.17557358968895,122.63978008664526
2023-02-15 15:00:00+00:00,144.99,152.7,156.86,170.3384880913852,139.8032783098764
2023-02-15 16:00:00+00:00,158.8,180.81,183.99,194.93384143779667,166.13897095576158
2023-02-15 17:00:00+00:00,173.52,199.99,192.45,204.22690704476457,186.19350214469023
2023-02-15 18:00:00+00:00,165.25,192.97,153.0,186.24218538615497,176.45406442567236
2023-02-15 19:00:00+00:00,143.59,175.81,145.45,163.94892264511407,160.83658038492624
2023-02-15 20:00:00+00:00,133.97,160.09,133.81,143.58312589441917,145.6694116489348
2023-02-15 21:00:00+00:00,133.14,151.03,127.73,130.4654406185593,136.98333564294413
2023-02-15 22:00:00+00:00,119.1,141.73,118.94,116.99619323581682,126.71592930318175
2023-02-15 23:00:00+00:00,112.86,134.81,109.56,103.92867022034078,113.87375586237393
2023-02-16 00:00:00+00:00,117.48,130.95,118.36,101.86515309635678,111.20218859396867
2023-02-16 01:00:00+00:00,114.52,130.0,115.12,101.65624685926231,109.82001939606033
2023-02-16 02:00:00+00:00,113.35,130.01,115.46,104.26656330588287,110.25364789269946
2023-02-16 03:00:00+00:00,115.0,126.66,120.47,107.42741930042703,109.59250257958868
2023-02-16 04:00:00+00:00,119.96,136.53,132.57,121.6227390396861,120.92897198809082
2023-02-16 05:00:00+00:00,145.6,161.2,155.24,150.36286699981073,148.2095010832453
2023-02-16 06:00:00+00:00,166.5,185.0,174.46,175.34055596570198,172.92514792690042
2023-02-16 07:00:00+00:00,175.34,188.76,173.02,175.14419429158698,176.10761704543296
2023-02-16 08:00:00+00:00,166.44,171.22,111.36,147.63080699694322,153.2765179832229
2023-02-16 09:00:00+00:00,150.28,152.52,114.01,130.28544468373056,136.5517287934354
2023-02-16 10:00:00+00:00,132.94,132.16,111.77,118.42821012413322,121.28038836358454
2023-02-16 11:00:00+00:00,118.18,120.79,111.18,110.71682240755129,110.57306990876216
2023-02-16 12:00:00+00:00,118.63,121.45,110.19,111.64700231868864,108.51364318151899
2023-02-16 13:00:00+00:00,127.93,121.38,121.46,116.95845480786716,107.79755160233121
2023-02-16 14:00:00+00:00,134.95,128.71,157.91,133.36451862100913,116.64643907247805
2023-02-16 15:00:00+00:00,140.96,144.99,165.04,150.1054006966479,129.91308814803247
2023-02-16 16:00:00+00:00,166.0,158.8,173.25,162.41720810734063,144.7622437633802
2023-02-16 17:00:00+00:00,166.92,173.52,166.33,168.8013657381281,158.66575610889416
2023-02-16 18:00:00+00:00,160.59,165.25,134.89,153.67144896233984,149.2631593481147
2023-02-16 19:00:00+00:00,143.57,143.59,115.77,129.66008728949248,129.09864821565756
2023-02-16 20:00:00+00:00,137.96,133.97,135.77,117.91300142272806,122.30580934729844
2023-02-16 21:00:00+00:00,127.52,133.14,119.93,108.27874267093867,117.67937868426083
2023-02-16 22:00:00+00:00,108.07,119.1,117.95,93.10621465207322,105.1299588956393
2023-02-16 23:00:00+00:00,106.05,112.86,122.69,82.56343690284541,105.71304987775078
2023-02-17 00:00:00+00:00,98.61,117.48,123.09,82.04669242273306,107.4884951324559
2023-02-17 01:00:00+00:00,92.71,114.52,116.32,77.63582487260709,104.2606910298462
2023-02-17 02:00:00+00:00,86.12,113.35,116.7,77.06067605274815,104.01150135913913
2023-02-17 03:00:00+00:00,80.63,115.0,118.51,79.39347369325934,106.26391288361745
2023-02-17 04:00:00+00:00,90.9,119.96,125.47,87.41299959916981,113.84697964714886
2023-02-17 05:00:00+00:00,105.12,145.6,153.99,114.88959914427753,142.6426770101347
2023-02-17 06:00:00+00:00,122.65,166.5,185.91,136.7449333492891,166.35132998255978
2023-02-17 07:00:00+00:00,129.9,175.34,196.23,142.4033140961091,174.73075074490382
2023-02-17 08:00:00+00:00,114.52,166.44,158.72,127.95132197328763,161.77368616283115
2023-02-17 09:00:00+00:00,101.56,150.28,140.35,111.1231347102387,146.02850209775303
2023-02-17 10:00:00+00:00,91.96,132.94,131.68,94.80349647530261,130.68816576888415
2023-02-17 11:00:00+00:00,90.8,118.18,118.84,79.21065588674483,116.4476039771968
2023-02-17 12:00:00+00:00,67.63,118.63,117.94,74.34581079956908,114.3426002413867
2023-02-17 13:00:00+00:00,36.68,127.93,110.12,74.34777697060484,116.92183670979158
2023-02-17 14:00:00+00:00,33.71,134.95,127.95,79.57496806201631,123.14812599327168
2023-02-17 15:00:00+00:00,69.63,140.96,123.76,82.76985645355084,127.1907925652496
2023-02-17 16:00:00+00:00,79.92,166.0,158.93,104.35684235921873,151.93589619110065
2023-02-17 17:00:00+00:00,90.53,166.92,129.55,105.87119843371003,153.64552617882396
2023-02-17 18:00:00+00:00,85.05,160.59,108.29,98.37184468153987,146.65999815114162
2023-02-17 19:00:00+00:00,59.96,143.57,108.26,84.10264101495194,131.42225914872847
2023-02-17 20:00:00+00:00,46.9,137.96,94.66,75.84903186364494,123.37539996149992
2023-02-17 21:00:00+00:00,43.82,127.52,89.19,67.98210069781288,113.96437518407488
2023-02-17 22:00:00+00:00,22.22,108.07,45.0,49.238317264479406,92.6078110644131
2023-02-17 23:00:00+00:00,28.14,106.05,89.89,52.40603321753534,95.10598747097048
2023-02-18 00:00:00+00:00,36.44,98.61,85.38,47.88582692097175,87.3117646181052
2023-02-18 01:00:00+00:00,35.82,92.71,85.03,45.34694708079148,80.93949240316418
2023-02-18 02:00:00+00:00,44.41,86.12,81.87,42.73227197052712,73.50001505568409
2023-02-18 03:00:00+00:00,62.98,80.63,82.31,41.9781013490724,67.28833479927606
2023-02-18 04:00:00+00:00,70.1,90.9,80.88,50.79177346961735,71.31614768162476
2023-02-18 05:00:00+00:00,82.26,105.12,82.95,62.8615697789983,80.39541960700274
2023-02-18 06:00:00+00:00,93.37,122.65,86.59,78.4218648391419,92.94576028002517
2023-02-18 07:00:00+00:00,109.95,129.9,93.13,86.04544964527076,99.22672075287954
2023-02-18 08:00:00+00:00,114.92,114.52,93.95,76.6209841289863,88.1521459422055
2023-02-18 09:00:00+00:00,107.64,101.56,93.01,65.54049657764291,77.53503358130146
2023-02-18 10:00:00+00:00,102.8,91.96,89.93,56.03708747396661,68.86204817671874
2023-02-18 11:00:00+00:00,94.47,90.8,93.23,51.53375891100049,66.15719274213893
2023-02-18 12:00:00+00:00,83.29,67.63,90.92,36.79379274147267,49.28401764875444
2023-02-18 13:00:00+00:00,86.37,36.68,93.89,24.670836435675284,30.626619356564717
2023-02-18 14:00:00+00:00,96.6,33.71,101.13,31.88581480033561,32.9338900824514
2023-02-18 15:00:00+00:00,109.98,69.63,118.36,61.50659307194615,63.05217934828691
2023-02-18 16:00:00+00:00,128.8,79.92,153.94,80.6090999959668,81.4762554758536
2023-02-18 17:00:00+00:00,147.08,90.53,152.79,93.15065566780584,94.67705345302392
2023-02-18 18:00:00+00:00,149.95,85.05,140.73,89.08782924706253,91.24253519074134
2023-02-18 19:00:00+00:00,135.49,59.96,140.42,73.54557903182832,73.44761711771373
2023-02-18 20:00:00+00:00,120.64,46.9,138.28,65.7202905987818,64.86017438921984
2023-02-18 21:00:00+00:00,116.99,43.82,143.76,64.47571424985198,63.568400439405984
2023-02-18 22:00:00+00:00,113.66,22.22,138.06,49.732285757246885,46.2977484744164
2023-02-18 23:00:00+00:00,109.04,28.14,129.72,54.99785204451602,55.00941731369138
2023-02-19 00:00:00+00:00,104.12,36.44,125.49,55.56188545781331,57.55590183488485
2023-02-19 01:00:00+00:00,99.53,35.82,131.79,53.673975375780884,55.71406716441564
2023-02-19 02:00:00+00:00,93.0,44.41,127.57,55.955258929995296,58.39659125502627
2023-02-19 03:00:00+00:00,92.55,62.98,118.46,63.539574539738354,66.60235487059782
2023-02-19 04:00:00+00:00,97.78,70.1,118.89,67.51191072844213,68.81444244143663
2023-02-19 05:00:00+00:00,98.5,82.26,108.02,72.84754623781953,72.73970373261227
2023-02-19 06:00:00+00:00,107.77,93.37,116.17,83.53258633060497,80.25774976157308
2023-02-19 07:00:00+00:00,113.86,109.95,149.4,100.00621794622326,95.43138312777376
2023-02-19 08:00:00+00:00,118.32,114.92,144.27,103.18339357950067,97.39497372810324
2023-02-19 09:00:00+00:00,116.17,107.64,145.56,99.35492069676214,92.11185064593167
2023-02-19 10:00:00+00:00,113.87,102.8,140.07,96.45251991580794,88.57757214366204
2023-02-19 11:00:00+00:00,108.52,94.47,129.89,89.4101256451006,81.00630755094775
2023-02-19 12:00:00+00:00,101.18,83.29,120.0,78.88201700250106,69.06618466393503
2023-02-19 14:00:00+00:00,107.7,96.6,124.63,92.34597994722093,76.63820152109426
2023-02-19 15:00:00+00:00,120.72,109.98,135.16,112.95963987167976,93.1767903540433
2023-02-19 16:00:00+00:00,141.11,128.8,158.54,135.4561609344081,115.87889769905756
2023-02-19 17:00:00+00:00,158.7,147.08,167.51,150.81409833983827,138.11844385912656
2023-02-19 18:00:00+00:00,158.38,149.95,169.49,148.14336879804387,143.69951084946987
2023-02-19 19:00:00+00:00,138.31,135.49,160.0,132.10837524984782,132.46311840412827
2023-02-19 20:00:00+00:00,127.1,120.64,140.89,115.18167590827335,120.18920588418689
2023-02-19 21:00:00+00:00,117.68,116.99,151.91,109.10903350866234,119.87200480101507
2023-02-19 22:00:00+00:00,94.85,113.66,137.98,96.59050155321465,112.22117453679908
2023-02-19 23:00:00+00:00,78.87,109.04,137.5,90.67468899958385,117.60249802184445
2023-02-20 00:00:00+00:00,51.06,104.12,132.68,82.53854272804026,112.64644162625154
2023-02-20 01:00:00+00:00,48.86,99.53,132.64,75.2454747960133,108.54382372984585
2023-02-20 02:00:00+00:00,34.0,93.0,129.04,68.20735860171062,103.92095577956623
2023-02-20 03:00:00+00:00,29.13,92.55,130.84,68.25806996847925,106.1323630648949
2023-02-20 04:00:00+00:00,38.24,97.78,137.36,74.54795661217324,113.43132096213036
2023-02-20 05:00:00+00:00,72.3,98.5,163.19,86.71323619111199,124.51955152817816
2023-02-20 06:00:00+00:00,78.18,107.77,196.08,102.77279002813401,139.92227781673176
2023-02-20 07:00:00+00:00,75.75,113.86,215.87,107.45060617724744,148.82994473940266
2023-02-20 08:00:00+00:00,49.92,118.32,196.2,100.24799484347255,148.8725064783306
2023-02-20 09:00:00+00:00,41.96,116.17,173.35,88.60820448063258,143.07825426473525
2023-02-20 10:00:00+00:00,23.93,113.87,154.42,78.38668224360318,137.8508213838877
2023-02-20 11:00:00+00:00,23.81,108.52,140.0,68.26002036600188,129.82108406774873
2023-02-20 12:00:00+00:00,22.01,101.18,136.87,61.90817820229783,121.3890770311054
2023-02-20 13:00:00+00:00,41.52,98.54,140.0,63.63431911923284,117.89806659947345
2023-02-20 14:00:00+00:00,52.34,107.7,157.45,79.17068220020886,125.68355979111739
2023-02-20 15:00:00+00:00,57.15,120.72,166.06,98.04338188099733,136.12856619618773
2023-02-20 16:00:00+00:00,94.99,141.11,188.06,120.7884470563882,156.14588760933003
2023-02-20 17:00:00+00:00,112.54,158.7,221.8,139.11644239816536,177.66003924555542
2023-02-20 18:00:00+00:00,109.04,158.38,206.6,135.5450134814405,177.13724132437528
2023-02-20 19:00:00+00:00,92.57,138.31,187.86,116.68921558253885,158.56555486175066
2023-02-20 20:00:00+00:00,87.73,127.1,168.95,103.2543907021845,145.94580114549748
2023-02-20 21:00:00+00:00,89.47,117.68,160.97,94.19251583428905,136.98398275784012
2023-02-20 22:00:00+00:00,68.64,94.85,150.12,77.06328702733506,118.31322776613749
2023-02-20 23:00:00+00:00,50.5,78.87,135.62,54.72714026696114,94.39523727358053
2023-02-21 00:00:00+00:00,46.01,51.06,132.32,41.960226852542824,75.30329228370618
2023-02-21 01:00:00+00:00,47.76,48.86,132.16,44.20787541191158,74.55504871760976
2023-02-21 02:00:00+00:00,53.28,34.0,132.12,41.5887308954204,65.73704505275887
2023-02-21 03:00:00+00:00,69.15,29.13,132.32,46.26625551562318,64.74316907328628
2023-02-21 04:00:00+00:00,94.87,38.24,141.93,62.19459658234004,75.77771042657292
2023-02-21 05:00:00+00:00,127.67,72.3,166.22,96.84010830755193,107.91899216685411
2023-02-21 06:00:00+00:00,148.87,78.18,199.99,114.30208315043265,119.72684022064402
2023-02-21 07:00:00+00:00,153.96,75.75,206.98,116.46872061306377,119.67506846663417
2023-02-21 08:00:00+00:00,130.7,49.92,180.6,97.44430416284025,98.17674651047484
2023-02-21 09:00:00+00:00,129.24,41.96,138.26,86.02304027231247,86.77548081527478
2023-02-21 10:00:00+00:00,116.51,23.93,139.16,76.68296247792527,74.57369492766713
2023-02-21 11:00:00+00:00,112.53,23.81,130.36,76.03041212503402,71.66244652832862
2023-02-21 12:00:00+00:00,114.14,22.01,125.41,76.5532426132053,67.83532282804998
2023-02-21 13:00:00+00:00,119.3,41.52,126.93,91.37921129612339,78.77897720580653
2023-02-21 14:00:00+00:00,130.56,52.34,132.32,107.55556747886395,86.21783995359638
2023-02-21 15:00:00+00:00,148.99,57.15,152.7,124.43630562597907,92.67143971086504
2023-02-21 16:00:00+00:00,164.85,94.99,180.81,157.1660934467194,124.6924032617533
2023-02-21 17:00:00+00:00,178.13,112.54,199.99,173.02412833516874,143.09943745520638
2023-02-21 18:00:00+00:00,177.1,109.04,192.97,168.58218034775427,140.27747711739897
2023-02-21 19:00:00+00:00,170.0,92.57,175.81,151.51964230927692,123.51090731263446
2023-02-21 20:00:00+00:00,158.8,87.73,160.09,141.30776472977985,115.38961926395048
2023-02-21 21:00:00+00:00,153.2,89.47,151.03,136.36241187122326,113.02298209765954
2023-02-21 22:00:00+00:00,142.58,68.64,141.73,118.62726393705928,94.03375045491079
2023-02-21 23:00:00+00:00,139.9,50.5,134.81,98.48357974589929,68.512068682147
2023-02-22 00:00:00+00:00,128.53,46.01,130.95,91.9240082835455,62.06290971247346
2023-02-22 01:00:00+00:00,125.3,47.76,130.0,91.36239548774344,62.38921571825015
2023-02-22 02:00:00+00:00,128.53,53.28,130.01,94.32192240230529,65.12675419026247
2023-02-22 03:00:00+00:00,129.53,69.15,126.66,104.35046689462395,75.62008617853431
2023-02-22 04:00:00+00:00,139.19,94.87,136.53,124.3761507572016,96.76608136560614
2023-02-22 05:00:00+00:00,157.49,127.67,161.2,157.5410408232351,130.74494055851025
2023-02-22 06:00:00+00:00,173.13,148.87,185.0,180.43985148106572,152.87416453518375
2023-02-22 07:00:00+00:00,176.34,153.96,188.76,182.69340428234412,158.08163296485665
2023-02-22 08:00:00+00:00,164.55,130.7,171.22,158.93135996656204,137.00565459623513
2023-02-22 09:00:00+00:00,152.53,129.24,152.52,148.1582783517275,132.15311172211545
2023-02-22 10:00:00+00:00,136.99,116.51,132.16,132.0339726126137,118.26761501332038
2023-02-22 11:00:00+00:00,129.56,112.53,120.79,123.89054683574123,111.1386248182967
2023-02-22 12:00:00+00:00,129.18,114.14,121.45,123.15656521695466,108.55527645849168
2023-02-22 13:00:00+00:00,136.04,119.3,121.38,128.96882269065995,110.30228379028543
2023-02-22 14:00:00+00:00,150.91,130.56,128.71,142.99507837538175,118.24901780014983
2023-02-22 15:00:00+00:00,156.96,148.99,144.99,161.7241767316703,132.5173512584237
2023-02-22 16:00:00+00:00,165.01,164.85,158.8,177.7173836296508,149.95134456159278
2023-02-22 17:00:00+00:00,175.0,178.13,173.52,187.8278508159278,166.1567304613539
2023-02-22 18:00:00+00:00,172.73,177.1,165.25,182.97350166986405,165.4910930024704
2023-02-22 19:00:00+00:00,162.06,170.0,143.59,170.92190540873884,155.62803981903184
2023-02-22 20:00:00+00:00,154.02,158.8,133.97,158.87489128657865,144.85728657321823
2023-02-22 21:00:00+00:00,149.6,153.2,133.14,152.6759684402472,139.70718876395483
2023-02-22 22:00:00+00:00,134.47,142.58,119.1,140.57139252253444,126.6606139614463
2023-02-22 23:00:00+00:00,134.68,139.9,112.86,128.2122973676644,114.76609992237677
2023-02-23 00:00:00+00:00,131.4,128.53,117.48,120.2303677686726,104.90274328047526
2023-02-23 01:00:00+00:00,129.0,125.3,114.52,118.10301967392967,100.97473170912383
2023-02-23 02:00:00+00:00,124.78,128.53,113.35,120.99992809683562,102.23705984981751
2023-02-23 03:00:00+00:00,125.17,129.53,115.0,125.46252277051379,104.14792635660729
2023-02-23 04:00:00+00:00,129.93,139.19,119.96,138.29849561990528,114.93841140443553
2023-02-23 05:00:00+00:00,153.98,157.49,145.6,164.15769557331475,138.44363637032478
2023-02-23 06:00:00+00:00,170.0,173.13,166.5,184.09145401129496,156.48691703500646
2023-02-23 07:00:00+00:00,178.08,176.34,175.34,188.0630915709312,160.46234211090228
2023-02-23 08:00:00+00:00,169.6,164.55,166.44,175.25685426299358,147.79615232721852
2023-02-23 09:00:00+00:00,154.59,152.53,150.28,162.58902122714878,136.30901352601384
2023-02-23 10:00:00+00:00,149.83,136.99,132.94,147.4617923646292,121.50924311341615
2023-02-23 11:00:00+00:00,142.22,129.56,118.18,136.31907384631083,111.728382342202
2023-02-23 12:00:00+00:00,136.7,129.18,118.63,131.44918629499554,108.80628626871032
2023-02-23 13:00:00+00:00,135.3,136.04,127.93,132.45684316960546,112.42507081509075
2023-02-23 14:00:00+00:00,135.39,150.91,134.95,141.36023874335183,123.04653123086308
2023-02-23 15:00:00+00:00,139.54,156.96,140.96,148.17699291920408,129.4134075881358
2023-02-23 16:00:00+00:00,152.36,165.01,166.0,160.14272168362805,141.53580522865263
2023-02-23 17:00:00+00:00,165.22,175.0,166.92,168.94216689277602,153.34144800606538
2023-02-23 18:00:00+00:00,165.0,172.73,160.59,164.57595394289265,152.22428636954623
2023-02-23 19:00:00+00:00,155.91,162.06,143.57,149.98930575941614,140.8548847794245
2023-02-23 20:00:00+00:00,151.14,154.02,137.96,137.63816005657574,132.40121364796576
2023-02-23 21:00:00+00:00,145.61,149.6,127.52,127.88670952041517,126.41755476142622
2023-02-23 22:00:00+00:00,131.46,134.47,108.07,111.12553170260493,111.20129251404832
2023-02-23 23:00:00+00:00,133.68,134.68,106.05,113.11376443406284,114.48862470738851
2023-02-24 00:00:00+00:00,118.18,131.4,98.61,107.87314073440108,109.88657042886456
2023-02-24 01:00:00+00:00,117.55,129.0,92.71,104.1530842065173,107.15127105555189
2023-02-24 02:00:00+00:00,114.76,124.78,86.12,101.27096351325554,104.30913827743029
2023-02-24 03:00:00+00:00,117.55,125.17,80.63,102.22906992441774,104.8229712007583
2023-02-24 04:00:00+00:00,117.23,129.93,90.9,110.1647703205045,112.28065104748319
2023-02-24 05:00:00+00:00,137.12,153.98,105.12,133.17382172796326,137.03154138722903
2023-02-24 06:00:00+00:00,155.05,170.0,122.65,149.54988112122646,154.38140348168827
2023-02-24 07:00:00+00:00,155.0,178.08,129.9,153.6480418151287,161.71736755508158
2023-02-24 08:00:00+00:00,150.26,169.6,114.52,140.0273468646575,152.248631515151
2023-02-24 09:00:00+00:00,131.43,154.59,101.56,123.61553456646105,138.7974639687495
2023-02-24 10:00:00+00:00,109.02,149.83,91.96,113.22545206358937,132.2779346652104
2023-02-24 11:00:00+00:00,112.76,142.22,90.8,103.53313660641417,124.43174005252062
2023-02-24 12:00:00+00:00,107.88,136.7,67.63,94.74713332166479,115.15531880493914
2023-02-24 13:00:00+00:00,101.49,135.3,36.68,88.41239935466221,107.96339128666483
2023-02-24 14:00:00+00:00,109.08,135.39,33.71,89.48527183618083,107.93746821078194
2023-02-24 15:00:00+00:00,110.49,139.54,69.63,98.31121262436484,115.6338122656296
2023-02-24 16:00:00+00:00,119.69,152.36,79.92,108.90346350561562,127.95270628332874
2023-02-24 17:00:00+00:00,136.41,165.22,90.53,118.51685423836217,142.0599039276669
2023-02-24 18:00:00+00:00,116.96,165.0,85.05,113.84050390914832,141.8779857415152
2023-02-24 19:00:00+00:00,91.35,155.91,59.96,98.88483808467925,130.06283867386625
2023-02-24 20:00:00+00:00,104.61,151.14,46.9,89.04801181659505,123.33607240634899
2023-02-24 21:00:00+00:00,93.13,145.61,43.82,81.38846876051315,117.82176197635278
2023-02-24 22:00:00+00:00,78.58,131.46,22.22,65.29409693932355,102.60343606393548
2023-02-24 23:00:00+00:00,90.55,133.68,28.14,68.29560067889463,105.81960008290082
2023-02-25 00:00:00+00:00,83.14,118.18,36.44,57.53138826729626,93.58393186146174
2023-02-25 01:00:00+00:00,78.93,117.55,35.82,53.53297166683315,90.3620796750966
2023-02-25 02:00:00+00:00,75.23,114.76,44.41,51.6966061436264,86.62577101258613
2023-02-25 03:00:00+00:00,82.03,117.55,62.98,55.39703685324096,87.76946445018568
2023-02-25 04:00:00+00:00,77.97,117.23,70.1,56.74228107768023,85.25770816587146
2023-02-25 05:00:00+00:00,76.77,137.12,82.26,70.81137465958385,98.78347730530197
2023-02-25 06:00:00+00:00,84.47,155.05,93.37,84.90004873650119,111.63762438356709
2023-02-25 07:00:00+00:00,89.89,155.0,109.95,88.63001502454892,113.96265462221231
2023-02-25 08:00:00+00:00,87.02,150.26,114.92,86.06332704165438,110.87458347796455
2023-02-25 09:00:00+00:00,74.4,131.43,107.64,72.08132151090545,96.1992143887266
2023-02-25 10:00:00+00:00,65.17,109.02,102.8,57.57886256794683,80.25185452073266
2023-02-25 11:00:00+00:00,59.43,112.76,94.47,55.83638882243491,80.10506660696873
2023-02-25 12:00:00+00:00,44.9,107.88,83.29,49.710812814778365,74.01916344359975
2023-02-25 13:00:00+00:00,62.68,101.49,86.37,47.31595797084428,70.05438752477102
2023-02-25 14:00:00+00:00,81.85,109.08,96.6,59.120841613506514,78.14353617853769
2023-02-25 15:00:00+00:00,96.54,110.49,109.98,73.41498062901674,84.41582777122025
2023-02-25 16:00:00+00:00,123.4,119.69,128.8,95.20581192711175,99.34408201516611
2023-02-25 17:00:00+00:00,136.48,136.41,147.08,114.5915413373042,119.87532176392546
2023-02-25 18:00:00+00:00,130.85,116.96,149.95,103.84892142097877,109.8923757036792
2023-02-25 19:00:00+00:00,116.64,91.35,135.49,84.85126954799439,91.0244360746064
2023-02-25 20:00:00+00:00,102.27,104.61,120.64,87.6937910171498,98.51240488870977
2023-02-25 21:00:00+00:00,114.93,93.13,116.99,80.85656805352359,91.03985966271559
2023-02-25 22:00:00+00:00,107.43,78.58,113.66,70.61477507681555,79.1873431550836
2023-02-25 23:00:00+00:00,106.39,90.55,109.04,80.87432790579092,93.42822704571658
2023-02-26 00:00:00+00:00,102.94,83.14,104.12,74.86441960195258,84.64196299431643
2023-02-26 01:00:00+00:00,102.77,78.93,99.53,71.88850863175426,79.3844827550351
2023-02-26 02:00:00+00:00,106.26,75.23,93.0,69.79640002097926,74.08952248186353
2023-02-26 03:00:00+00:00,104.1,82.03,92.55,73.64577200560153,76.20271939563634
2023-02-26 04:00:00+00:00,105.54,77.97,97.78,71.54603519274268,70.58070114083915
2023-02-26 05:00:00+00:00,107.04,76.77,98.5,71.170311784332,67.30495468174212
2023-02-26 06:00:00+00:00,109.55,84.47,107.77,77.88558663143087,71.97531262533778
2023-02-26 07:00:00+00:00,109.02,89.89,113.86,78.62858099572745,75.3334263453554
2023-02-26 08:00:00+00:00,105.54,87.02,118.32,72.16985588781965,73.03998486182167
2023-02-26 09:00:00+00:00,97.34,74.4,116.17,59.692543153718304,63.09540691373652
2023-02-26 10:00:00+00:00,92.94,65.17,113.87,50.23129468162074,55.732157398172674
2023-02-26 11:00:00+00:00,85.0,59.43,108.52,44.39426948043008,50.981827395832546
2023-02-26 12:00:00+00:00,55.0,44.9,101.18,34.960229146777564,39.41289171610185
2023-02-26 13:00:00+00:00,55.28,62.68,98.54,45.683009394264396,50.512935077985496
2023-02-26 14:00:00+00:00,85.04,81.85,107.7,64.75787700533293,66.90597963875133
2023-02-26 15:00:00+00:00,98.92,96.54,120.72,87.19185585720872,81.71721893304776
2023-02-26 16:00:00+00:00,129.9,123.4,141.11,120.12156839756409,109.02059735313013
2023-02-26 17:00:00+00:00,153.7,136.48,158.7,138.38822592488728,128.62144055969387
2023-02-26 18:00:00+00:00,156.91,130.85,158.38,134.91385372693256,127.18113483212109
2023-02-26 19:00:00+00:00,153.64,116.64,138.31,122.70729591525466,114.91511066571725
2023-02-26 20:00:00+00:00,141.64,102.27,127.1,114.27257448846723,106.54870131369267
2023-02-26 21:00:00+00:00,138.29,114.93,117.68,121.82501975602696,115.52468077227985
2023-02-26 22:00:00+00:00,132.98,107.43,94.85,113.34523406941743,105.60222580607528
2023-02-26 23:00:00+00:00,122.83,106.39,78.87,117.30950358657645,112.36411534178808
2023-02-27 00:00:00+00:00,132.91,102.94,51.06,112.28339647647917,105.51865848203967
2023-02-27 01:00:00+00:00,132.9,102.77,48.86,113.6859980365158,104.93744334605705
2023-02-27 02:00:00+00:00,125.03,106.26,34.0,116.78876390465639,105.83976253005349
2023-02-27 03:00:00+00:00,120.07,104.1,29.13,119.76065886380786,105.51576510673428
2023-02-27 04:00:00+00:00,139.83,105.54,38.24,127.89292127636375,109.56669198283512
2023-02-27 05:00:00+00:00,164.23,107.04,72.3,144.71701264797804,120.59559619312488
2023-02-27 06:00:00+00:00,186.66,109.55,78.18,154.63030933077712,127.1436257042287
2023-02-27 07:00:00+00:00,186.95,109.02,75.75,149.8639390272334,127.82627379257733
2023-02-27 08:00:00+00:00,166.57,105.54,49.92,135.54300279206797,121.17862535946388
2023-02-27 09:00:00+00:00,152.91,97.34,41.96,123.01883825373913,113.30609470901379
2023-02-27 10:00:00+00:00,135.87,92.94,23.93,113.80262727006578,106.45188337984973
2023-02-27 11:00:00+00:00,138.59,85.0,23.81,105.74276918581401,98.15216154815404
2023-02-27 12:00:00+00:00,135.52,55.0,22.01,87.90359468692621,73.81186996938767
2023-02-27 13:00:00+00:00,131.51,55.28,41.52,93.44951391600871,75.57194247065483
2023-02-27 14:00:00+00:00,132.2,85.04,52.34,116.79268173445516,97.23703654922353
2023-02-27 15:00:00+00:00,153.45,98.92,57.15,132.51334407647312,107.77093851263703
2023-02-27 16:00:00+00:00,170.69,129.9,94.99,162.4315273004901,137.31446509949097
2023-02-27 17:00:00+00:00,190.01,153.7,112.54,181.3568196394662,160.58863705071627
2023-02-27 18:00:00+00:00,198.15,156.91,109.04,180.0951039100875,163.2897734610196
2023-02-27 19:00:00+00:00,174.49,153.64,92.57,171.2429433030681,157.05287209368973
2023-02-27 20:00:00+00:00,160.3,141.64,87.73,159.50856659424898,146.11600541802062
2023-02-27 21:00:00+00:00,153.46,138.29,89.47,155.677402750069,144.27589222170252
2023-02-27 22:00:00+00:00,149.46,132.98,68.64,146.54997894553446,135.8340238381395
2023-02-27 23:00:00+00:00,134.0,122.83,50.5,127.12380096882968,115.2536774502237
2023-02-28 00:00:00+00:00,124.82,132.91,46.01,130.56873117036466,120.3194520731676
2023-02-28 01:00:00+00:00,123.83,132.9,47.76,131.20675982111393,120.29657188171456
2023-02-28 02:00:00+00:00,124.59,125.03,53.28,129.83088011951935,116.2840980646907
2023-02-28 03:00:00+00:00,126.25,120.07,69.15,131.92815630080153,115.31990891051521
2023-02-28 04:00:00+00:00,141.41,139.83,94.87,151.26148945814452,134.0066586142708
2023-02-28 05:00:00+00:00,162.47,164.23,127.67,179.95510380147778,160.47956123752044
2023-02-28 06:00:00+00:00,177.99,186.66,148.87,202.82214184473364,182.60644164964617
2023-02-28 07:00:00+00:00,186.04,186.95,153.96,199.42074832249622,184.7143454518622
2023-02-28 08:00:00+00:00,160.31,166.57,130.7,174.83012844201218,166.75822153723294
2023-02-28 09:00:00+00:00,130.38,152.91,129.24,156.81940240382733,156.04676780263625
2023-02-28 10:00:00+00:00,124.2,135.87,116.51,138.47134864983641,141.47679178264974
2023-02-28 11:00:00+00:00,116.71,138.59,112.53,134.24049107222527,139.36269622705052
2023-02-28 12:00:00+00:00,119.19,135.52,114.14,128.94989473284954,131.23126449128134
2023-02-28 13:00:00+00:00,123.41,131.51,119.3,128.90829700365657,125.06299157556116
2023-02-28 14:00:00+00:00,133.2,132.2,130.56,139.83499672457017,127.05000893843291
2023-02-28 15:00:00+00:00,154.42,153.45,148.99,165.63889494881536,143.44440951738756
2023-02-28 16:00:00+00:00,173.13,170.69,164.85,189.52870059370196,161.3775549041423
2023-02-28 17:00:00+00:00,193.87,190.01,178.13,206.09523631025905,182.06375401650297
2023-02-28 18:00:00+00:00,193.78,198.15,177.1,207.21999614513095,189.07217420662124
2023-02-28 19:00:00+00:00,174.89,174.49,170.0,188.00613226991004,170.93596893672424
2023-02-28 20:00:00+00:00,158.27,160.3,158.8,173.18966177313564,157.68069488253892
2023-02-28 21:00:00+00:00,153.78,153.46,153.2,164.845349301381,151.12450031362715
2023-02-28 22:00:00+00:00,142.14,149.46,142.58,156.74520425260891,144.68184153078033
2023-02-28 23:00:00+00:00,133.08,134.0,139.9,138.70270561607396,123.22284958778644
2023-03-01 00:00:00+00:00,125.46,124.82,128.53,131.43544393531926,115.57764944868086
2023-03-01 01:00:00+00:00,124.96,123.83,125.3,131.2109697092709,114.38484941258835
2023-03-01 02:00:00+00:00,127.66,124.59,128.53,133.92802995472792,115.08383532636314
2023-03-01 03:00:00+00:00,130.58,126.25,129.53,137.69864528724497,116.53910869513528
2023-03-01 04:00:00+00:00,141.35,141.41,139.19,153.7093123473504,131.81703257739193
2023-03-01 05:00:00+00:00,163.45,162.47,157.49,179.47209772705042,155.89929559664566
2023-03-01 06:00:00+00:00,186.03,177.99,173.13,196.58685606218518,173.121628440672
2023-03-01 08:00:00+00:00,152.9,160.31,164.55,167.6204737321001,158.6229967565675
2023-03-01 09:00:00+00:00,126.69,130.38,152.53,139.7232681084305,135.36525578702594
2023-03-01 10:00:00+00:00,118.72,124.2,136.99,125.93694216398653,126.9812066736079
2023-03-01 11:00:00+00:00,115.79,116.71,129.56,115.96263105316844,119.43522926627568
2023-03-01 12:00:00+00:00,114.12,119.19,129.18,115.81441512459104,118.8522005839635
2023-03-01 13:00:00+00:00,116.09,123.41,136.04,121.29986736505448,120.19080381346618
2023-03-01 14:00:00+00:00,122.81,133.2,150.91,136.75936369974409,127.53363758031148
2023-03-01 15:00:00+00:00,135.46,154.42,156.96,162.2147461389328,143.71241949265334
2023-03-01 16:00:00+00:00,162.74,173.13,165.01,184.68701066258495,160.79474152650582
2023-03-01 17:00:00+00:00,183.69,193.87,175.0,198.7711297905926,181.18044635247617
2023-03-01 18:00:00+00:00,182.48,193.78,172.73,193.67816787102936,182.6221069949052
2023-03-01 19:00:00+00:00,162.74,174.89,162.06,174.48908825707673,165.078395581329
2023-03-01 20:00:00+00:00,144.85,158.27,154.02,159.13501978650493,150.466237064892
2023-03-01 21:00:00+00:00,142.05,153.78,149.6,152.25910679049414,145.15503587846945
2023-03-01 22:00:00+00:00,131.51,142.14,134.47,140.00479262668006,133.01568602767128
2023-03-01 23:00:00+00:00,125.82,133.08,134.68,129.65405017898905,120.30756064384957
2023-03-02 00:00:00+00:00,128.57,125.46,131.4,123.33516354107178,113.1291192940974
2023-03-02 01:00:00+00:00,130.03,124.96,129.0,122.74081283439665,112.03989056687499
2023-03-02 02:00:00+00:00,131.47,127.66,124.78,125.53291744763433,113.77939168062525
2023-03-02 03:00:00+00:00,130.01,130.58,125.17,130.34321878126298,116.70724302982494
2023-03-02 04:00:00+00:00,135.58,141.35,129.93,143.81696492502118,128.24276738631175
2023-03-02 05:00:00+00:00,164.99,163.45,153.98,171.7087923359142,153.78669579222748
2023-03-02 06:00:00+00:00,181.11,186.03,170.0,193.5211970797626,175.47391772806063
2023-03-02 08:00:00+00:00,141.44,152.9,169.6,161.2293231722278,151.16628260984743
2023-03-02 09:00:00+00:00,124.36,126.69,154.59,136.7115900830234,128.28346852054457
2023-03-02 10:00:00+00:00,116.79,118.72,149.83,124.79838311523744,120.51126847038118
2023-03-02 11:00:00+00:00,115.39,115.79,142.22,117.08315455003833,114.91384212477391
2023-03-02 12:00:00+00:00,113.64,114.12,136.7,114.22875465052418,111.07384878992224
2023-03-02 13:00:00+00:00,117.69,116.09,135.3,117.66390502911271,110.15295694336601
2023-03-02 14:00:00+00:00,128.62,122.81,135.39,130.35957812124067,114.28819211135098
2023-03-02 15:00:00+00:00,152.64,135.46,139.54,151.51113318829002,124.97167527539534
2023-03-02 16:00:00+00:00,166.38,162.74,152.36,178.43198613740498,148.36021174657776
2023-03-02 17:00:00+00:00,184.91,183.69,165.22,193.41289559436095,169.3232653153307
2023-03-02 18:00:00+00:00,184.13,182.48,165.0,189.537203389973,169.81648264549955
2023-03-02 19:00:00+00:00,163.43,162.74,155.91,171.58190913248518,152.0327464855389
2023-03-02 20:00:00+00:00,159.31,144.85,151.14,156.51854192223664,136.49735902713263
2023-03-02 21:00:00+00:00,149.53,142.05,145.61,151.2945555206167,132.46037976881726
2023-03-02 22:00:00+00:00,139.9,131.51,131.46,139.8079536963901,120.64926207302652
2023-03-02 23:00:00+00:00,140.3,125.82,133.68,137.9963612401794,119.76818948038999
2023-03-03 00:00:00+00:00,130.18,128.57,118.18,135.26045261803318,118.0717461873314
2023-03-03 01:00:00+00:00,130.59,130.03,117.55,136.2618392747755,118.74533437081325
2023-03-03 02:00:00+00:00,128.43,131.47,114.76,138.69885588778578,119.95573589852874
2023-03-03 03:00:00+00:00,127.78,130.01,117.55,141.7914946771958,120.58072940947052
2023-03-03 04:00:00+00:00,135.0,135.58,117.23,151.2903959688024,127.60317901539909
2023-03-03 05:00:00+00:00,162.19,164.99,137.12,181.1397652975,156.87790208282303
2023-03-03 06:00:00+00:00,187.03,181.11,155.05,200.01412384006778,175.11228841070567
2023-03-03 08:00:00+00:00,166.48,141.44,150.26,166.58580567825453,144.9303417470604
2023-03-03 09:00:00+00:00,131.12,124.36,131.43,144.4717540821784,128.07189021486892
2023-03-03 10:00:00+00:00,123.01,116.79,109.02,127.69284236964896,118.25486829738117
2023-03-03 11:00:00+00:00,114.69,115.39,112.76,119.0135226676604,115.30242391090651
2023-03-03 12:00:00+00:00,112.1,113.64,107.88,112.16539845880246,110.91869765701091
2023-03-03 13:00:00+00:00,110.89,117.69,101.49,111.78919268491987,110.4799732733668
2023-03-03 14:00:00+00:00,114.69,128.62,109.08,123.43420596040858,118.13683567341077
2023-03-03 15:00:00+00:00,129.31,152.64,110.49,145.4671968510393,134.95601531852697
2023-03-03 16:00:00+00:00,155.98,166.38,119.69,163.28496672665375,149.6130619787644
2023-03-03 17:00:00+00:00,165.0,184.91,136.41,175.92342224073226,169.94356938039377
2023-03-03 18:00:00+00:00,152.94,184.13,116.96,165.469089335209,168.64376262801028
2023-03-03 19:00:00+00:00,133.31,163.43,91.35,140.15247721214104,148.10756714776642
2023-03-03 20:00:00+00:00,122.2,159.31,104.61,130.3530774569894,144.0698963529032
2023-03-03 21:00:00+00:00,112.09,149.53,93.13,117.59794180801624,134.7312592151816
2023-03-03 22:00:00+00:00,101.63,139.9,78.58,104.0870846247912,123.58685295021453
2023-03-03 23:00:00+00:00,108.27,140.3,90.55,103.83695163851533,122.94194325305136
2023-03-04 00:00:00+00:00,95.86,130.18,83.14,93.87017251832066,112.63445459600578
2023-03-04 01:00:00+00:00,92.18,130.59,78.93,90.89819076124864,109.86384760049725
2023-03-04 02:00:00+00:00,97.96,128.43,75.23,88.03184812363888,105.31715368063443
2023-03-04 03:00:00+00:00,97.69,127.78,82.03,87.5988974111742,102.41007948548537
2023-03-04 04:00:00+00:00,96.98,135.0,77.97,90.74990930863088,103.49196968058396
2023-03-04 05:00:00+00:00,94.1,162.19,76.77,107.45963893559657,121.10188790545439
2023-03-04 06:00:00+00:00,98.82,187.03,84.47,125.01274483398349,138.5322990905667
2023-03-04 07:00:00+00:00,100.69,195.39,89.89,128.38509726209566,144.44220130419743
2023-03-04 08:00:00+00:00,96.89,166.48,87.02,106.58668838843684,121.85366365170965
2023-03-04 09:00:00+00:00,97.04,131.12,74.4,79.93318327838067,94.58506332656678
2023-03-04 10:00:00+00:00,94.71,123.01,65.17,71.16321147913176,87.21173549385408
2023-03-04 11:00:00+00:00,89.37,114.69,59.43,62.961717407543034,79.49915521129894
2023-03-04 12:00:00+00:00,91.26,112.1,44.9,60.24243666638072,74.20621020036376
2023-03-04 13:00:00+00:00,95.35,110.89,62.68,65.21008473824185,75.12476939365294
2023-03-04 14:00:00+00:00,101.77,114.69,81.85,79.70285937396216,82.35904208878725
2023-03-04 15:00:00+00:00,106.9,129.31,96.54,102.04559622953518,98.67334054428491
2023-03-04 16:00:00+00:00,140.0,155.98,123.4,133.8579263899032,126.90402317393591
2023-03-04 17:00:00+00:00,151.66,165.0,136.48,148.92014824233482,142.34561766473874
2023-03-04 18:00:00+00:00,145.0,152.94,130.85,140.86974159187335,135.97260787545363
2023-03-04 19:00:00+00:00,138.68,133.31,116.64,123.84413656453441,119.51191003700941
2023-03-04 20:00:00+00:00,117.71,122.2,102.27,113.8464604869474,110.85176891744872
2023-03-04 21:00:00+00:00,121.02,112.09,114.93,108.58617814683883,106.17831387231757
2023-03-04 22:00:00+00:00,109.41,101.63,107.43,97.49685144894801,96.29582144870432
2023-03-04 23:00:00+00:00,107.53,108.27,106.39,103.25343519349038,107.0499430664098
2023-03-05 00:00:00+00:00,106.25,95.86,102.94,92.68740867949973,95.63581159824759
2023-03-05 01:00:00+00:00,105.55,92.18,102.77,87.90234910944963,91.16339158917448
2023-03-05 02:00:00+00:00,106.84,97.96,106.26,89.16967296815538,92.98501002228772
2023-03-05 03:00:00+00:00,104.99,97.69,104.1,87.30353797767162,89.64579623286616
2023-03-05 04:00:00+00:00,105.81,96.98,105.54,86.6805176615294,86.69285278555134
2023-03-05 05:00:00+00:00,105.94,94.1,107.04,85.9484135799399,83.32743824157824
2023-03-05 06:00:00+00:00,108.39,98.82,109.55,91.26004995942917,86.27698416986621
2023-03-05 07:00:00+00:00,107.72,100.69,109.02,91.74475229218444,87.05650529542594
2023-03-05 08:00:00+00:00,107.73,96.89,105.54,85.72608316163138,82.17540763961465
2023-03-05 09:00:00+00:00,105.18,97.04,97.34,81.97590220136757,79.5314807085286
2023-03-05 10:00:00+00:00,107.55,94.71,92.94,81.55609190451369,78.12541123247176
2023-03-05 11:00:00+00:00,110.25,89.37,85.0,77.82296174920664,72.33853047850792
2023-03-05 12:00:00+00:00,107.73,91.26,55.0,74.99265987658343,68.5614022627765
2023-03-05 13:00:00+00:00,110.22,95.35,55.28,79.17081021021724,70.75004605253687
2023-03-05 14:00:00+00:00,115.14,101.77,85.04,92.79723474520301,80.19038442615859
2023-03-05 15:00:00+00:00,129.37,106.9,98.92,109.38100500893152,90.08130881098478
2023-03-05 16:00:00+00:00,145.14,140.0,129.9,145.39837802808364,123.71884790403135
2023-03-05 17:00:00+00:00,166.67,151.66,153.7,163.79942711597175,141.879878345116
2023-03-05 18:00:00+00:00,172.37,145.0,156.91,160.30785392760424,140.43424891618724
2023-03-05 19:00:00+00:00,160.23,138.68,153.64,152.90464154490715,135.7210106518661
2023-03-05 20:00:00+00:00,152.49,117.71,141.64,137.80024356911514,120.95329141865108
2023-03-05 21:00:00+00:00,143.66,121.02,138.29,138.01077924361527,124.0841493942306
2023-03-05 22:00:00+00:00,130.13,109.41,132.98,126.53150166579928,113.61739787874868
2023-03-05 23:00:00+00:00,136.1,107.53,122.83,131.2553491740597,120.57313761790012
2023-03-06 00:00:00+00:00,125.09,106.25,132.91,129.19022990592777,119.29760875786174
2023-03-06 01:00:00+00:00,123.31,105.55,132.9,128.90491854267844,118.62605553552143
2023-03-06 02:00:00+00:00,123.12,106.84,125.03,130.76926868286958,119.39652413230878
2023-03-06 03:00:00+00:00,123.75,104.99,120.07,132.44776652656904,118.25467991030212
2023-03-06 04:00:00+00:00,137.44,105.81,139.83,142.11031616061192,124.05415140756241
2023-03-06 05:00:00+00:00,159.8,105.94,164.23,158.20165295648746,133.97970063582193
2023-03-06 06:00:00+00:00,185.0,108.39,186.66,170.99818340260848,142.38145512567695
2023-03-06 07:00:00+00:00,217.09,107.72,186.95,173.00991380234996,143.1020958898947
2023-03-06 08:00:00+00:00,188.35,107.73,166.57,168.34776290230428,139.56019547415178
2023-03-06 09:00:00+00:00,170.26,105.18,152.91,162.69276316287875,135.42053292026452
2023-03-06 10:00:00+00:00,160.84,107.55,135.87,159.56309452643256,133.88321103967382
2023-03-06 11:00:00+00:00,149.92,110.25,138.59,157.94903636179143,133.76741025738454
2023-03-06 12:00:00+00:00,144.95,107.73,135.52,152.77418527511657,129.51275615915281
2023-03-06 13:00:00+00:00,144.3,110.22,131.51,150.99100146234343,128.54883154514988
2023-03-06 14:00:00+00:00,145.78,115.14,132.2,154.8961056447036,131.13039817807203
2023-03-06 15:00:00+00:00,152.0,129.37,153.45,168.1061772724484,143.18296928312526
2023-03-06 16:00:00+00:00,162.01,145.14,170.69,184.97547404931794,160.20167540266277
2023-03-06 17:00:00+00:00,184.86,166.67,190.01,200.31064483441946,181.57362072909234
2023-03-06 18:00:00+00:00,174.61,172.37,198.15,197.8558651872143,187.76150321582793
2023-03-06 19:00:00+00:00,147.95,160.23,174.49,177.1169472110587,174.7386207463453
2023-03-06 20:00:00+00:00,130.39,152.49,160.3,159.8804234522193,164.89448026510587
2023-03-06 21:00:00+00:00,120.65,143.66,153.46,144.77348588911704,157.03310821609378
2023-03-06 22:00:00+00:00,108.58,130.13,149.46,126.51153183012136,144.2612243815439
2023-03-06 23:00:00+00:00,98.06,136.1,134.0,99.835062812314,134.69494803812879
2023-03-07 00:00:00+00:00,94.26,125.09,124.82,88.12967253789989,125.15830725281536
2023-03-07 01:00:00+00:00,85.0,123.31,123.83,82.8582634466876,123.40499919243642
2023-03-07 02:00:00+00:00,78.96,123.12,124.59,80.98370189837613,123.8094902928001
2023-03-07 03:00:00+00:00,78.52,123.75,126.25,82.2104922573136,125.41811536254536
2023-03-07 04:00:00+00:00,85.57,137.44,141.41,95.74758047443913,138.99187515078694
2023-03-07 05:00:00+00:00,98.71,159.8,162.47,120.76097964734501,162.83239387518105
2023-03-07 06:00:00+00:00,99.57,185.0,177.99,146.96116035673276,186.97400104577565
2023-03-07 07:00:00+00:00,105.59,217.09,186.04,167.2015269685006,211.09887853460054
2023-03-07 08:00:00+00:00,91.92,188.35,160.31,145.2462016208875,187.7799342516521
2023-03-07 09:00:00+00:00,93.86,170.26,130.38,128.28132499624354,170.83290063751957
2023-03-07 10:00:00+00:00,94.26,160.84,124.2,121.83077079123835,162.82959761128018
2023-03-07 11:00:00+00:00,87.57,149.92,116.71,115.07280602970202,152.32376981621982
2023-03-07 12:00:00+00:00,93.86,144.95,119.19,113.72917883345822,146.17146372449113
2023-03-07 13:00:00+00:00,95.07,144.3,123.41,117.1451721847765,143.44420153070774
2023-03-07 14:00:00+00:00,97.6,145.78,133.2,126.54557908199612,144.45230498593253
2023-03-07 15:00:00+00:00,109.22,152.0,154.42,141.38263315223688,151.40669211243753
2023-03-07 16:00:00+00:00,142.97,162.01,173.13,160.0809335445078,163.06508427672765
2023-03-07 17:00:00+00:00,164.08,184.86,193.87,182.36460961976888,185.97664980826994
2023-03-07 18:00:00+00:00,143.91,174.61,193.78,176.6426421898118,180.67423520253007
2023-03-07 19:00:00+00:00,152.14,147.95,174.89,154.82511153733253,157.66471832554313
2023-03-07 20:00:00+00:00,136.43,130.39,158.27,139.15028538383802,141.78136477428987
2023-03-07 21:00:00+00:00,122.21,120.65,153.78,129.81924905953903,132.69615758198285
2023-03-07 22:00:00+00:00,115.49,108.58,142.14,117.92022028175302,120.1832155302739
2023-03-07 23:00:00+00:00,114.3,98.06,133.08,104.01189741718906,100.91746958719354
2023-03-08 00:00:00+00:00,112.1,94.26,125.46,100.33605595861333,96.2467433433143
2023-03-08 01:00:00+00:00,112.02,85.0,124.96,97.7487646017825,90.4699566098197
2023-03-08 02:00:00+00:00,111.0,78.96,127.66,99.93063246704607,88.23697304538518
2023-03-08 04:00:00+00:00,118.23,85.57,141.35,122.82016174332875,100.42696964864257
2023-03-08 05:00:00+00:00,140.68,98.71,163.45,147.95709242722836,119.9706991666074
2023-03-08 06:00:00+00:00,158.53,99.57,186.03,157.99170839787226,126.44306257885097
2023-03-08 08:00:00+00:00,163.0,91.92,152.9,148.69436941212123,116.44499062208733
2023-03-08 09:00:00+00:00,152.99,93.86,126.69,145.66485470639182,112.74596526465152
2023-03-08 10:00:00+00:00,144.17,94.26,118.72,144.40152771076785,110.9184276589202
2023-03-08 11:00:00+00:00,137.17,87.57,115.79,138.28081501318,103.46008457919841
2023-03-08 12:00:00+00:00,135.93,93.86,114.12,139.00340719885878,105.18777923067638
2023-03-08 13:00:00+00:00,137.44,95.07,116.09,137.34429147840314,103.88104101345985
2023-03-08 14:00:00+00:00,141.09,97.6,122.81,138.90924298856424,104.95825069665808
2023-03-08 15:00:00+00:00,144.47,109.22,135.46,147.47217860429225,113.94725785517076
2023-03-08 16:00:00+00:00,153.01,142.97,162.74,172.1122456680451,142.23637128477935
2023-03-08 17:00:00+00:00,166.89,164.08,183.69,189.8897394098543,164.2628681849106
2023-03-08 18:00:00+00:00,170.02,143.91,182.48,176.31479500972193,150.62579159991077
2023-03-08 19:00:00+00:00,153.77,152.14,162.74,171.18899436968303,149.89463173371956
2023-03-08 20:00:00+00:00,134.64,136.43,144.85,154.1377242901866,134.10692243605138
2023-03-08 21:00:00+00:00,128.82,122.21,142.05,141.42824656487235,122.87396703846707
2023-03-08 22:00:00+00:00,119.0,115.49,131.51,129.2133363103119,113.89968936414455
2023-03-08 23:00:00+00:00,113.66,114.3,125.82,108.36978595789199,106.4700726993311
2023-03-09 00:00:00+00:00,111.39,112.1,128.57,103.61223678162804,103.58118969644012
2023-03-09 01:00:00+00:00,111.02,112.02,130.03,102.13213054673628,102.47833555269872
2023-03-09 02:00:00+00:00,109.38,111.0,131.47,102.12560159765759,101.62293069574615
2023-03-09 04:00:00+00:00,113.02,118.23,135.58,115.91413267083584,110.37920750925207
2023-03-09 05:00:00+00:00,137.39,140.68,164.99,143.837504243654,135.5720823374633
2023-03-09 06:00:00+00:00,150.0,158.53,181.11,166.8580977338538,154.94362706542725
2023-03-09 07:00:00+00:00,159.06,173.1,177.62,178.52328614033155,166.66898966571364
2023-03-09 08:00:00+00:00,150.93,163.0,141.44,166.66688800378765,153.20023484339862
2023-03-09 09:00:00+00:00,142.36,152.99,124.36,157.65756463086908,142.94491826778895
2023-03-09 10:00:00+00:00,131.81,144.17,116.79,150.23765152600984,134.1162329561073
2023-03-09 11:00:00+00:00,122.0,137.17,115.39,143.51776271668885,126.18215293990426
2023-03-09 12:00:00+00:00,116.45,135.93,113.64,139.55636702654647,122.40782857625084
2023-03-09 13:00:00+00:00,116.19,137.44,117.69,139.1860342956691,120.94070697429326
2023-03-09 14:00:00+00:00,116.72,141.09,128.62,144.2921803315756,122.93194435835746
2023-03-09 15:00:00+00:00,118.36,144.47,152.64,153.57901546211298,128.30074582573076
2023-03-09 16:00:00+00:00,135.85,153.01,166.38,166.62730624751305,139.5112395765178
2023-03-09 17:00:00+00:00,147.22,166.89,184.91,179.8103600815075,155.80671650525744
2023-03-09 18:00:00+00:00,145.04,170.02,184.13,178.21006852335938,158.1744196114779
2023-03-09 19:00:00+00:00,135.1,153.77,163.43,158.55712450533431,143.16976361764864
2023-03-09 20:00:00+00:00,125.09,134.64,159.31,138.6990989614498,127.15202319760802
2023-03-09 21:00:00+00:00,123.82,128.82,149.53,126.03316075812077,119.84758125555194
2023-03-09 22:00:00+00:00,109.7,119.0,139.9,110.81397434841266,109.45663899113777
2023-03-09 23:00:00+00:00,102.89,113.66,140.3,101.33358296443885,108.57332635157903
2023-03-10 00:00:00+00:00,100.68,111.39,130.18,93.15978561503158,104.47174448174809
2023-03-10 01:00:00+00:00,99.06,111.02,130.59,90.70969176356512,103.99855300866366
2023-03-10 02:00:00+00:00,98.84,109.38,128.43,89.69623928808889,103.11291128794926
2023-03-10 04:00:00+00:00,105.0,113.02,135.0,100.46768436199768,110.58442964718013
2023-03-10 05:00:00+00:00,119.81,137.39,162.19,128.50089525858084,137.79385004884398
2023-03-10 06:00:00+00:00,136.91,150.0,187.03,146.06031891168215,153.97275393457903
2023-03-10 07:00:00+00:00,140.91,159.06,195.39,153.65104574992387,163.34634000827697
2023-03-10 08:00:00+00:00,136.61,150.93,166.48,141.8414484503237,152.52930319635516
2023-03-10 09:00:00+00:00,131.89,142.36,131.12,130.32407869910975,140.50749791701702
2023-03-10 10:00:00+00:00,125.1,131.81,123.01,123.28628583698321,130.71195116251505
2023-03-10 11:00:00+00:00,116.42,122.0,114.69,117.47583381708279,120.41247163955279
2023-03-10 12:00:00+00:00,112.84,116.45,112.1,115.12094724042716,114.06190134106383
2023-03-10 13:00:00+00:00,114.91,116.19,110.89,114.71993183674472,111.55066431050733
2023-03-10 14:00:00+00:00,112.62,116.72,114.69,116.03610873615891,111.90993072589393
2023-03-10 15:00:00+00:00,110.1,118.36,129.31,118.24313747961676,114.73613474715528
2023-03-10 16:00:00+00:00,129.34,135.85,155.98,129.94328991988596,131.90969616333317
2023-03-10 17:00:00+00:00,135.48,147.22,165.0,134.789102775724,144.54626394315596
2023-03-10 18:00:00+00:00,133.92,145.04,152.94,125.8163673533997,142.80871585504843
2023-03-10 19:00:00+00:00,115.41,135.1,133.31,107.07053424386078,129.96303207135387
2023-03-10 20:00:00+00:00,108.96,125.09,122.2,91.52524882623217,118.59654765452215
2023-03-10 21:00:00+00:00,100.35,123.82,112.09,84.01375000174991,114.98574617795315
2023-03-10 22:00:00+00:00,87.59,109.7,101.63,68.62700126449168,101.87774039593928
2023-03-10 23:00:00+00:00,70.22,102.89,108.27,58.36727826313815,96.78998943254659
2023-03-11 00:00:00+00:00,71.11,100.68,95.86,54.152130107049366,91.46353153150521
2023-03-11 01:00:00+00:00,73.08,99.06,92.18,53.38228670461616,87.70079940760479
2023-03-11 02:00:00+00:00,82.42,98.84,97.96,56.55838925838744,85.72862165950858
2023-03-11 03:00:00+00:00,87.87,99.09,97.69,60.95658897318194,83.10827351016182
2023-03-11 04:00:00+00:00,96.18,105.0,96.98,69.30585740744644,83.65090793431699
2023-03-11 05:00:00+00:00,104.24,119.81,94.1,84.15022806193586,92.1560776251537
2023-03-11 06:00:00+00:00,110.09,136.91,98.82,99.25883471485922,103.07152235864815
2023-03-11 07:00:00+00:00,114.01,140.91,100.69,102.3109329771876,106.70459157565669
2023-03-11 08:00:00+00:00,106.37,136.61,96.89,95.1323309458813,102.50550707041481
2023-03-11 09:00:00+00:00,93.81,131.89,97.04,87.16202975880154,98.37880481931664
2023-03-11 10:00:00+00:00,81.95,125.1,94.71,77.12361658371748,91.95412783099611
2023-03-11 11:00:00+00:00,78.66,116.42,89.37,66.65676263368309,83.22556763102023
2023-03-11 12:00:00+00:00,60.0,112.84,91.26,61.31996967583187,79.41085548477648
2023-03-11 13:00:00+00:00,60.38,114.91,95.35,64.35607769358818,81.0852700353738
2023-03-11 14:00:00+00:00,82.63,112.62,101.77,72.27239380640296,81.84035947215037
2023-03-11 15:00:00+00:00,101.24,110.1,106.9,85.82384999767984,84.39026345813365
2023-03-11 16:00:00+00:00,130.02,129.34,140.0,116.0800022252561,107.89506642811216
2023-03-11 17:00:00+00:00,145.0,135.48,151.66,129.46050581047518,120.19490059172557
2023-03-11 18:00:00+00:00,136.63,133.92,145.0,126.8779087760276,120.96416014787313
2023-03-11 19:00:00+00:00,131.58,115.41,138.68,111.58125641232878,107.12191011061412
2023-03-11 20:00:00+00:00,119.96,108.96,117.71,102.66445056216602,100.08167170238565
2023-03-11 21:00:00+00:00,120.56,100.35,121.02,97.43409489435648,95.53284324438798
2023-03-11 22:00:00+00:00,108.51,87.59,109.41,86.02548502428753,83.75885157150964
2023-03-11 23:00:00+00:00,121.01,70.22,107.53,86.71171071086987,78.69352125826265
2023-03-12 00:00:00+00:00,101.18,71.11,106.25,84.04430486685094,76.86995866405054
2023-03-12 02:00:00+00:00,90.43,82.42,106.84,88.06658199188368,80.03918456885657
2023-03-12 03:00:00+00:00,91.81,87.87,104.99,90.49944716998478,80.41641488373251
2023-03-12 04:00:00+00:00,92.08,96.18,105.81,94.86770014966724,82.74898965337113
2023-03-12 05:00:00+00:00,90.81,104.24,105.94,98.09975370154325,84.85788445109378
2023-03-12 06:00:00+00:00,89.05,110.09,108.39,101.40609444117914,87.90808264999805
2023-03-12 07:00:00+00:00,90.27,114.01,107.72,102.02596225934018,90.25078473756723
2023-03-12 08:00:00+00:00,93.98,106.37,107.73,95.40339433483382,84.6814100474391
2023-03-12 09:00:00+00:00,92.0,93.81,105.18,86.13594771917462,75.86439097864425
2023-03-12 10:00:00+00:00,87.79,81.95,107.55,78.4689477975224,68.74053867491448
2023-03-12 11:00:00+00:00,80.4,78.66,110.25,73.23137345980001,65.45964760490448
2023-03-12 12:00:00+00:00,68.96,60.0,107.73,59.782654170961884,51.56801143950216
2023-03-12 13:00:00+00:00,70.0,60.38,110.22,59.77792960711114,52.96362218607703
2023-03-12 14:00:00+00:00,74.9,82.63,115.14,73.19505648516423,70.35873320578341
2023-03-12 15:00:00+00:00,85.05,101.24,129.37,87.99543630434317,87.97905042082509
2023-03-12 16:00:00+00:00,100.91,130.02,145.14,111.54074816201077,116.50959851280344
2023-03-12 17:00:00+00:00,119.85,145.0,166.67,126.15393890025908,136.42259467309808
2023-03-12 18:00:00+00:00,141.04,136.63,172.37,120.66913663066128,135.30136770092037
2023-03-12 19:00:00+00:00,129.97,131.58,160.23,110.90860363786373,130.39225828901579
2023-03-12 20:00:00+00:00,104.69,119.96,152.49,98.53933402848389,122.43754489817437
2023-03-12 21:00:00+00:00,94.87,120.56,143.66,95.41648090090406,122.83263559007483
2023-03-12 22:00:00+00:00,80.55,108.51,130.13,81.73286390650901,110.66513081028742
2023-03-12 23:00:00+00:00,45.99,121.01,136.1,85.27449941190349,127.78829721090861
2023-03-13 00:00:00+00:00,37.09,101.18,125.09,70.99038076672495,112.02833024279269
2023-03-13 02:00:00+00:00,16.89,90.43,123.12,63.94564245737602,105.45690642067476
2023-03-13 03:00:00+00:00,7.51,91.81,123.75,66.15755344379733,108.20674101656687
2023-03-13 04:00:00+00:00,16.89,92.08,137.44,71.75663360070173,113.61950291732569
2023-03-13 05:00:00+00:00,38.49,90.81,159.8,83.02647056737803,123.22045564334861
2023-03-13 06:00:00+00:00,77.71,89.05,185.0,90.72966907040623,130.04960540207387
2023-03-13 07:00:00+00:00,79.81,90.27,217.09,95.29945151603431,137.1408851726269
2023-03-13 08:00:00+00:00,42.46,93.98,188.35,88.48738854607525,134.8932750111794
2023-03-13 09:00:00+00:00,30.51,92.0,170.26,79.38018019213546,129.71318785474696
2023-03-13 10:00:00+00:00,22.32,87.79,160.84,70.55888370683763,123.81382979448723
2023-03-13 11:00:00+00:00,2.07,80.4,149.92,61.320265422809385,115.24793443538148
2023-03-13 12:00:00+00:00,-0.02,68.96,144.95,51.68622069798492,103.41618067316902
2023-03-13 13:00:00+00:00,-0.03,70.0,144.3,51.7346067270461,101.57358994988694
2023-03-13 14:00:00+00:00,0.26,74.9,145.78,61.51945175054292,105.6569837331516
2023-03-13 15:00:00+00:00,9.03,85.05,152.0,77.27554424343856,114.31483947510984
2023-03-13 16:00:00+00:00,53.37,100.91,162.01,98.53338941631695,130.36401900751673
2023-03-13 17:00:00+00:00,88.59,119.85,184.86,116.39243355270195,150.0757086752517
2023-03-13 18:00:00+00:00,95.0,141.04,174.61,125.27647130007465,164.10059514738592
2023-03-13 19:00:00+00:00,82.33,129.97,147.95,110.28446173672253,151.14090776648578
2023-03-13 20:00:00+00:00,52.94,104.69,130.39,88.91131408697815,129.33909090828075
2023-03-13 21:00:00+00:00,35.45,94.87,120.65,78.46081757247335,120.56358162252829
2023-03-13 22:00:00+00:00,23.32,80.55,108.58,62.64700224504362,106.5900049327243
2023-03-13 23:00:00+00:00,9.57,45.99,98.06,28.899941675167966,71.22256009349078
2023-03-14 00:00:00+00:00,4.46,37.09,94.26,20.87503490307313,63.22480861706083
2023-03-14 02:00:00+00:00,1.84,16.89,78.96,10.524630002069003,49.77695811966295
2023-03-14 03:00:00+00:00,3.5,7.51,78.52,10.512753923352165,46.49296145632263
2023-03-14 04:00:00+00:00,9.03,16.89,85.57,24.3345051197454,57.98163854018376
2023-03-14 05:00:00+00:00,42.6,38.49,98.71,48.46992153248591,81.01775116036718
2023-03-14 06:00:00+00:00,90.42,77.71,99.57,73.60040723992857,109.08588431337174
2023-03-14 07:00:00+00:00,94.84,79.81,105.59,74.97755854408706,111.86760947011628
2023-03-14 08:00:00+00:00,83.37,42.46,91.92,48.66627293282405,84.3642578294762
2023-03-14 09:00:00+00:00,73.78,30.51,93.86,39.169223674342476,76.27589611150225
2023-03-14 10:00:00+00:00,60.94,22.32,94.26,34.93469861320369,70.17850610279886
2023-03-14 11:00:00+00:00,53.26,2.07,87.57,22.525880730050233,53.73879073754158
2023-03-14 12:00:00+00:00,61.07,-0.02,93.86,21.538475245550984,50.84159302105961
2023-03-14 13:00:00+00:00,65.45,-0.03,95.07,22.653061533587163,49.52104351923586
2023-03-14 14:00:00+00:00,59.82,0.26,97.6,25.61629504820293,49.864267763175796
2023-03-14 15:00:00+00:00,78.83,9.03,109.22,36.866428304390084,58.16164608420152
2023-03-14 16:00:00+00:00,122.85,53.37,142.97,73.83109052339694,95.30305066936722
2023-03-14 17:00:00+00:00,144.86,88.59,164.08,103.35081511803102,125.84309064788053
2023-03-14 18:00:00+00:00,152.21,95.0,143.91,108.00591399990203,129.91924931997102
2023-03-14 19:00:00+00:00,140.93,82.33,152.14,98.30333056542055,119.15127398925722
2023-03-14 20:00:00+00:00,129.72,52.94,136.43,76.44159085109122,93.47285636613658
2023-03-14 21:00:00+00:00,122.84,35.45,122.21,62.40536023497394,77.90752049064793
2023-03-14 22:00:00+00:00,105.32,23.32,115.49,50.58755647964008,65.51130314244071
2023-03-14 23:00:00+00:00,105.64,9.57,114.3,33.72076958170055,41.8596166489403
2023-03-15 00:00:00+00:00,105.8,4.46,112.1,29.871198302244792,36.74392956744573
2023-03-15 01:00:00+00:00,103.97,4.0,112.02,30.786104792749384,36.31259021435194
2023-03-15 02:00:00+00:00,105.23,1.84,111.0,32.191147546844874,34.230402643513926
2023-03-15 04:00:00+00:00,121.43,9.03,118.23,50.314032239605496,43.7932232893976
2023-03-15 05:00:00+00:00,143.47,42.6,140.68,84.5161081432991,76.48025942901837
2023-03-15 06:00:00+00:00,160.0,90.42,158.53,120.619850877691,118.04080999064227
2023-03-15 07:00:00+00:00,159.58,94.84,173.1,122.80160318759357,124.82437231486466
2023-03-15 08:00:00+00:00,129.99,83.37,163.0,105.9406238606546,112.08617821436707
2023-03-15 09:00:00+00:00,114.15,73.78,152.99,91.28256542836615,102.45777369282277
2023-03-15 10:00:00+00:00,97.0,60.94,144.17,79.12144830696015,91.0082490466888
2023-03-15 11:00:00+00:00,90.85,53.26,137.17,69.01166005671348,80.87297287316814
2023-03-15 12:00:00+00:00,90.84,61.07,135.93,70.29158705728182,83.4186651066512
2023-03-15 13:00:00+00:00,96.25,65.45,137.44,71.98057841243151,83.64519108670733
2023-03-15 14:00:00+00:00,102.83,59.82,141.09,72.72027117694864,77.88921964688703
2023-03-15 15:00:00+00:00,116.99,78.83,144.47,92.84893073877456,91.17460243467814
2023-03-15 16:00:00+00:00,150.8,122.85,153.01,133.6680512527056,126.91817296574439
2023-03-15 17:00:00+00:00,182.3,144.86,166.89,158.2740557254383,150.0038877299372
2023-03-15 18:00:00+00:00,199.28,152.21,170.02,164.6696213058954,158.23465439465295
2023-03-15 19:00:00+00:00,168.98,140.93,153.77,152.75464420621506,146.05999070255706
2023-03-15 20:00:00+00:00,147.36,129.72,134.64,140.08318851185584,132.30857747678948
2023-03-15 21:00:00+00:00,139.35,122.84,128.82,132.4455615669787,123.94327743372696
2023-03-15 22:00:00+00:00,127.63,105.32,119.0,117.40065569871834,107.15292947157766
2023-03-15 23:00:00+00:00,117.39,105.64,113.66,106.67682996851892,98.79489541325982
2023-03-16 00:00:00+00:00,107.61,105.8,111.39,101.44925210502869,96.26382099492513
2023-03-16 01:00:00+00:00,103.8,103.97,111.02,97.16334736980755,93.76948388402764
2023-03-16 02:00:00+00:00,100.0,105.23,109.38,95.77084447280573,93.35972166568611
2023-03-16 03:00:00+00:00,98.07,105.67,111.22,95.87060334449369,93.08177943509445
2023-03-16 04:00:00+00:00,103.86,121.43,113.02,108.11306002561001,105.36049896997122
2023-03-16 05:00:00+00:00,130.32,143.47,137.39,133.54665308341174,130.78781936575888
2023-03-16 06:00:00+00:00,142.35,160.0,150.0,150.05341306816635,151.03641658706636
2023-03-16 07:00:00+00:00,138.03,159.58,159.06,145.93324690733527,153.43454282198923
2023-03-16 08:00:00+00:00,117.12,129.99,150.93,119.65622364494658,130.06713891751366
2023-03-16 09:00:00+00:00,103.2,114.15,142.36,103.34574733675564,116.50003803550993
2023-03-16 10:00:00+00:00,91.51,97.0,131.81,85.07247565945038,100.82531374506608
2023-03-16 11:00:00+00:00,85.4,90.85,122.0,74.8897926872485,92.5141669438561
2023-03-16 12:00:00+00:00,78.49,90.84,116.45,70.85628508242047,90.23408358670704
2023-03-16 13:00:00+00:00,80.48,96.25,116.19,72.98606502982773,91.7323342565748
2023-03-16 14:00:00+00:00,84.89,102.83,116.72,80.37853937303046,93.78729228434842
2023-03-16 15:00:00+00:00,95.58,116.99,118.36,96.00690613872288,103.61586712420318
2023-03-16 16:00:00+00:00,119.22,150.8,135.85,125.71528562847989,133.43341959302336
2023-03-16 17:00:00+00:00,131.85,182.3,147.22,143.9858749245921,160.88391950418128
2023-03-16 18:00:00+00:00,129.97,199.28,145.04,147.03540548899414,175.12648074084294
2023-03-16 19:00:00+00:00,110.0,168.98,135.1,119.81955075119373,150.90364611310955
2023-03-16 20:00:00+00:00,98.14,147.36,125.09,99.39478182065773,132.685836280593
2023-03-16 21:00:00+00:00,86.07,139.35,123.82,90.26807848029392,125.14902547739806
2023-03-16 22:00:00+00:00,80.44,127.63,109.7,77.26873402010739,111.76451131158773
2023-03-16 23:00:00+00:00,48.45,117.39,102.89,73.12691151597986,107.66651926203946
2023-03-17 00:00:00+00:00,49.97,107.61,100.68,68.92517196203731,99.95688097212486
2023-03-17 01:00:00+00:00,50.06,103.8,99.06,68.03357924569201,96.94134310366194
2023-03-17 02:00:00+00:00,59.93,100.0,98.84,69.12020282941816,94.88683618454532
2023-03-17 03:00:00+00:00,62.79,98.07,99.09,72.52101092325421,94.64838376694347
2023-03-17 04:00:00+00:00,81.59,103.86,105.0,84.17389296406998,103.07666331436504
2023-03-17 05:00:00+00:00,105.07,130.32,119.81,112.1022468365057,129.87288859507157
2023-03-17 06:00:00+00:00,112.17,142.35,136.91,125.2455765852716,144.0877123667338
2023-03-17 07:00:00+00:00,104.56,138.03,140.91,120.4844483808887,142.61543076178907
2023-03-17 08:00:00+00:00,90.29,117.12,136.61,102.8434093925987,124.85246405751215
2023-03-17 09:00:00+00:00,84.04,103.2,131.89,90.9495216912477,112.38458608666811
2023-03-17 10:00:00+00:00,79.95,91.51,125.1,80.99938588947967,101.15483708187085
2023-03-17 11:00:00+00:00,75.76,85.4,116.42,76.18115519248059,93.19102817232967
2023-03-17 12:00:00+00:00,74.05,78.49,112.84,75.22252157623441,85.87677408524051
2023-03-17 13:00:00+00:00,88.05,80.48,114.91,82.05692314746187,85.5015051543568
2023-03-17 14:00:00+00:00,99.03,84.89,112.62,93.79670231509857,87.62670517294478
2023-03-17 15:00:00+00:00,109.54,95.58,110.1,109.49748357511862,95.34667815598796
2023-03-17 16:00:00+00:00,126.79,119.22,129.34,130.9405044865148,117.42433370967575
2023-03-17 17:00:00+00:00,134.36,131.85,135.48,137.68763101840807,131.08419213663464
2023-03-17 18:00:00+00:00,134.23,129.97,133.92,130.45832334296767,131.89987755567415
2023-03-17 19:00:00+00:00,126.35,110.0,115.41,107.76118517697415,111.6939536688295
2023-03-17 20:00:00+00:00,109.97,98.14,108.96,94.2786472339619,99.65740113227957
2023-03-17 21:00:00+00:00,107.09,86.07,100.35,84.2910704404338,89.1565383726801
2023-03-17 22:00:00+00:00,102.25,80.44,87.59,77.40853168096926,81.47001730114653
2023-03-17 23:00:00+00:00,106.35,48.45,70.22,59.694790708844195,54.712426160513864
2023-03-18 00:00:00+00:00,98.25,49.97,71.11,57.418941081111896,53.244529037651645
2023-03-18 01:00:00+00:00,96.84,50.06,73.08,55.38787936425875,50.82615665957466
2023-03-18 02:00:00+00:00,95.0,59.93,82.42,60.68017622623854,55.85095872244291
2023-03-18 03:00:00+00:00,96.18,62.79,87.87,62.90829030928033,55.44855820529476
2023-03-18 04:00:00+00:00,99.8,81.59,96.18,74.60856307271855,66.13155697732003
2023-03-18 05:00:00+00:00,103.5,105.07,104.24,90.30138250587385,81.6576953543708
2023-03-18 06:00:00+00:00,105.43,112.17,110.09,95.61364751187887,86.68717395180502
2023-03-18 07:00:00+00:00,100.74,104.56,114.01,89.00302501216433,81.8640817624373
2023-03-18 08:00:00+00:00,102.65,90.29,106.37,75.42535060417433,69.66845172972938
2023-03-18 09:00:00+00:00,97.0,84.04,93.81,65.09155133327025,61.59998536744459
2023-03-18 10:00:00+00:00,91.14,79.95,81.95,55.92366891230141,54.84941180552117
2023-03-18 11:00:00+00:00,84.06,75.76,78.66,52.57533769195571,50.64821962824113
2023-03-18 12:00:00+00:00,80.42,74.05,60.0,50.2810056310213,45.31299874678231
2023-03-18 13:00:00+00:00,87.52,88.05,60.38,62.521979585689834,54.200557136655114
2023-03-18 14:00:00+00:00,92.08,99.03,82.63,81.86912468871029,66.0007705547744
2023-03-18 15:00:00+00:00,104.43,109.54,101.24,106.14835817925405,79.42157692494771
2023-03-18 16:00:00+00:00,130.74,126.79,130.02,136.3459331599081,101.89642290969
2023-03-18 17:00:00+00:00,156.95,134.36,145.0,151.16232898671154,116.53089864069958
2023-03-18 18:00:00+00:00,169.54,134.23,136.63,149.06662049259003,119.48550958439445
2023-03-18 19:00:00+00:00,144.15,126.35,131.58,137.28082645700096,112.38237067603274
2023-03-18 20:00:00+00:00,132.92,109.97,119.96,121.28849442849022,99.44125189000115
2023-03-18 21:00:00+00:00,129.95,107.09,120.56,115.32522874383203,97.26266046734287
2023-03-18 22:00:00+00:00,118.46,102.25,108.51,105.49272267025407,90.55559903617572
2023-03-18 23:00:00+00:00,110.03,106.35,121.01,106.03894132340159,97.81828317822944
2023-03-19 00:00:00+00:00,106.0,98.25,101.18,94.68748820950152,86.79644123030468
2023-03-19 02:00:00+00:00,99.18,95.0,90.43,86.68176580615689,77.53831142432857
2023-03-19 03:00:00+00:00,98.74,96.18,91.81,86.80886247803494,75.420628102732
2023-03-19 04:00:00+00:00,103.36,99.8,92.08,89.45436934958718,75.73042707776567
2023-03-19 05:00:00+00:00,100.0,103.5,90.81,92.03875367843749,76.1533351009588
2023-03-19 06:00:00+00:00,102.45,105.43,89.05,92.99153872756789,75.73620500541413
2023-03-19 07:00:00+00:00,101.44,100.74,90.27,89.4983255048084,72.12022987364892
2023-03-19 08:00:00+00:00,102.26,102.65,93.98,89.24219352438483,72.77370083971923
2023-03-19 09:00:00+00:00,100.41,97.0,92.0,85.48290091625041,68.31240348191636
2023-03-19 10:00:00+00:00,99.18,91.14,87.79,82.70539913710911,64.57227937929436
2023-03-19 11:00:00+00:00,97.39,84.06,80.4,78.03613328342789,57.89696081043405
2023-03-19 12:00:00+00:00,94.04,80.42,68.96,74.01850788929121,51.914539524770106
2023-03-19 13:00:00+00:00,95.01,87.52,70.0,80.65953626269541,57.61195492382601
2023-03-19 14:00:00+00:00,98.67,92.08,74.9,90.35473608256893,63.89214986543462
2023-03-19 15:00:00+00:00,106.09,104.43,85.05,107.32634641664333,77.59808258922365
2023-03-19 16:00:00+00:00,133.17,130.74,100.91,135.28552700104535,104.70265157005589
2023-03-19 17:00:00+00:00,145.0,156.95,119.85,159.85058784676517,132.58402308184992
2023-03-19 18:00:00+00:00,152.91,169.54,141.04,170.86783067698673,148.99367136862818
2023-03-19 19:00:00+00:00,144.71,144.15,129.97,152.29644295505588,131.4506405892678
2023-03-19 20:00:00+00:00,135.27,132.92,104.69,139.04147640421576,120.80546683319773
2023-03-19 21:00:00+00:00,132.9,129.95,94.87,133.72966996263213,118.88212896680197
2023-03-19 22:00:00+00:00,130.0,118.46,80.55,120.86565462923272,107.82324249310973
2023-03-19 23:00:00+00:00,124.0,110.03,45.99,115.18931489795632,106.53763860066839
2023-03-20 00:00:00+00:00,114.94,106.0,37.09,108.16343711722882,101.1182873420131
2023-03-20 01:00:00+00:00,113.06,99.6,33.36,103.84711066632248,96.46942294672871
2023-03-20 02:00:00+00:00,110.18,99.18,16.89,102.67008470742704,94.76900307255546
2023-03-20 03:00:00+00:00,110.25,98.74,7.51,104.68517035130559,94.96199433432042
2023-03-20 04:00:00+00:00,116.4,103.36,16.89,116.19013690506225,103.31956326476079
2023-03-20 05:00:00+00:00,135.77,100.0,38.49,130.93267536412728,111.89803239701766
2023-03-20 06:00:00+00:00,148.43,102.45,77.71,144.16903739770277,123.3751803015943
2023-03-20 07:00:00+00:00,148.51,101.44,79.81,143.48334828139286,124.66128773958772
2023-03-20 08:00:00+00:00,137.56,102.26,42.46,133.7096466430569,119.76923508649912
2023-03-20 09:00:00+00:00,122.75,100.41,30.51,125.36920617351498,115.80841711347013
2023-03-20 10:00:00+00:00,115.79,99.18,22.32,117.93017787120809,112.70398879853241
2023-03-20 11:00:00+00:00,104.59,97.39,2.07,108.23570418924052,106.43006767839472
2023-03-20 12:00:00+00:00,99.96,94.04,-0.02,102.67993586742199,101.56150398844935
2023-03-20 13:00:00+00:00,101.73,95.01,-0.03,103.20719769554962,100.14456832076796
2023-03-20 14:00:00+00:00,104.74,98.67,0.26,109.31560383433678,100.8644789983305
2023-03-20 15:00:00+00:00,113.83,106.09,9.03,122.29515428136557,107.3461117997747
2023-03-20 16:00:00+00:00,132.84,133.17,53.37,151.3824631549048,134.26131249954858
2023-03-20 17:00:00+00:00,150.96,145.0,88.59,168.60281595782368,151.9415540671783
2023-03-20 18:00:00+00:00,165.47,152.91,95.0,172.43765566016643,160.46738731504766
2023-03-20 19:00:00+00:00,152.36,144.71,82.33,158.19570945344196,149.25178261299857
2023-03-20 20:00:00+00:00,135.49,135.27,52.94,142.76362774996588,136.27638473421968
2023-03-20 21:00:00+00:00,127.5,132.9,35.45,134.41968056817572,130.53326749970154
2023-03-20 22:00:00+00:00,117.04,130.0,23.32,126.03236436466872,123.75530285169933
2023-03-20 23:00:00+00:00,120.79,124.0,9.57,113.8914938625176,104.36522368747286
2023-03-21 00:00:00+00:00,112.28,114.94,4.46,106.8299062420733,96.11064538092872
2023-03-21 01:00:00+00:00,111.56,113.06,4.0,105.87771387283374,93.86036697108261
2023-03-21 02:00:00+00:00,108.65,110.18,1.84,105.60847407534037,91.75114723707232
2023-03-21 03:00:00+00:00,110.0,110.25,3.5,109.4326152748803,93.29675435791502
2023-03-21 04:00:00+00:00,118.21,116.4,9.03,119.46075873190918,101.44146932683766
2023-03-21 05:00:00+00:00,129.81,135.77,42.6,143.54287169802046,124.35072436362105
2023-03-21 06:00:00+00:00,145.49,148.43,90.42,164.1601022510435,145.35252067863684
2023-03-21 07:00:00+00:00,143.45,148.51,94.84,163.46611592929116,148.50943787926295
2023-03-21 08:00:00+00:00,128.53,137.56,83.37,149.31963268805154,138.94921553918513
2023-03-21 09:00:00+00:00,115.01,122.75,73.78,134.28267348592405,126.89208421123419
2023-03-21 10:00:00+00:00,106.72,115.79,60.94,124.58704004221889,119.63196447252567
2023-03-21 11:00:00+00:00,101.98,104.59,53.26,113.82517269795392,108.80846324052764
2023-03-21 12:00:00+00:00,99.56,99.96,61.07,111.32085856856101,104.45132375276603
2023-03-21 13:00:00+00:00,98.67,101.73,65.45,112.51132848248302,103.66217829416861
2023-03-21 14:00:00+00:00,98.32,104.74,59.82,114.73395643537548,102.9906738195912
2023-03-21 15:00:00+00:00,101.21,113.83,78.83,125.81534092202608,111.56821278916222
2023-03-21 16:00:00+00:00,112.99,132.84,122.85,144.64993019641773,132.54834884794525
2023-03-21 17:00:00+00:00,132.08,150.96,144.86,158.2747714389381,151.42913389568298
2023-03-21 18:00:00+00:00,143.29,165.47,152.21,163.14043978579775,164.67524175556218
2023-03-21 19:00:00+00:00,125.25,152.36,140.93,145.59211398115468,152.18383179345892
2023-03-21 20:00:00+00:00,105.13,135.49,129.72,126.07452715670807,136.76727432682614
2023-03-21 21:00:00+00:00,99.69,127.5,122.84,113.43810449564742,128.54870231563447
2023-03-21 22:00:00+00:00,92.59,117.04,105.32,98.52582889377982,116.83844576813425
2023-03-21 23:00:00+00:00,77.06,120.79,105.64,86.15371616460537,105.83950825952682
2023-03-22 00:00:00+00:00,73.19,112.28,105.8,79.14112320110615,98.18124389346474
2023-03-22 01:00:00+00:00,73.5,111.56,103.97,77.56323656226581,96.96301527720472
2023-03-22 02:00:00+00:00,69.05,108.65,105.23,77.37632213584754,95.4240204934632
2023-03-22 03:00:00+00:00,66.67,110.0,105.67,81.0479690606548,97.5824910431402
2023-03-22 04:00:00+00:00,74.03,118.21,121.43,92.30622646679143,108.14306806503416
2023-03-22 05:00:00+00:00,92.03,129.81,143.47,109.6665622618868,125.84384860734825
2023-03-22 06:00:00+00:00,109.01,145.49,160.0,120.55756879737154,142.83349084081271
2023-03-22 07:00:00+00:00,110.21,143.45,159.58,111.11256406276456,142.90614364957554
2023-03-22 08:00:00+00:00,82.37,128.53,129.99,87.08048567915408,127.76946565353308
2023-03-22 09:00:00+00:00,58.35,115.01,114.15,67.49086664096885,114.88338862321443
2023-03-22 10:00:00+00:00,33.29,106.72,97.0,54.758405047481894,106.0159357793429
2023-03-22 11:00:00+00:00,22.93,101.98,90.85,48.99559144583955,99.27634303461639
2023-03-22 12:00:00+00:00,16.99,99.56,90.84,49.19973676461886,95.13369018879428
2023-03-22 13:00:00+00:00,39.43,98.67,96.25,54.000988652868244,93.41489609553383
2023-03-22 14:00:00+00:00,68.41,98.32,102.83,62.943175296901956,93.10357949172963
2023-03-22 15:00:00+00:00,81.12,101.21,116.99,77.2976590200497,96.85090772668694
2023-03-22 16:00:00+00:00,100.62,112.99,150.8,99.20424522291827,111.81000834925646
2023-03-22 17:00:00+00:00,119.25,132.08,182.3,117.87675130330547,131.96914051461218
2023-03-22 18:00:00+00:00,139.85,143.29,199.28,125.2081110617836,144.34900482685035
2023-03-22 19:00:00+00:00,125.31,125.25,168.98,106.05162923264126,125.82286390014318
2023-03-22 20:00:00+00:00,108.41,105.13,147.36,87.4461335305065,106.73147319680817
2023-03-22 21:00:00+00:00,99.9,99.69,139.35,79.50844616650178,100.09883460642192
2023-03-22 22:00:00+00:00,83.29,92.59,127.63,68.6344295973517,90.87321723763247
2023-03-22 23:00:00+00:00,68.05,77.06,117.39,46.35768324132053,74.43976735196955
2023-03-23 00:00:00+00:00,65.89,73.19,107.61,41.432287790801524,69.4008426351149
2023-03-23 01:00:00+00:00,55.29,73.5,103.8,40.68395840461213,69.44928928802202
2023-03-23 02:00:00+00:00,45.94,69.05,100.0,38.665389306116055,66.73247898144376
2023-03-23 03:00:00+00:00,33.17,66.67,98.07,39.91393487058323,66.65888060815098
2023-03-23 04:00:00+00:00,55.78,74.03,103.86,50.10171647397696,76.04805402908437
2023-03-23 05:00:00+00:00,80.64,92.03,130.32,71.72472093717637,98.46056067929263
2023-03-23 06:00:00+00:00,92.22,109.01,142.35,85.55009770180546,115.05513439547231
2023-03-23 07:00:00+00:00,95.0,110.21,138.03,83.06694246507027,116.18895678053366
2023-03-23 08:00:00+00:00,72.8,82.37,117.12,58.495402676945076,93.13162862976654
2023-03-23 09:00:00+00:00,40.74,58.35,103.2,38.37585046474412,74.37669522718892
2023-03-23 10:00:00+00:00,35.68,33.29,91.51,20.656877375253046,56.00683097582173
2023-03-23 11:00:00+00:00,36.52,22.93,85.4,14.003103146126946,47.18570815874891
2023-03-23 12:00:00+00:00,37.19,16.99,78.49,12.969484570929865,41.02000761924505
2023-03-23 13:00:00+00:00,51.28,39.43,80.48,29.387073534058786,54.358129384715184
2023-03-23 14:00:00+00:00,55.28,68.41,84.89,54.559057604502335,73.30363062407176
2023-03-23 15:00:00+00:00,89.9,81.12,95.58,75.26732486509071,82.76652720341893
2023-03-23 16:00:00+00:00,119.45,100.62,119.22,102.83937745692376,100.88242764725962
2023-03-23 17:00:00+00:00,136.86,119.25,131.85,120.75463380232728,118.61546514586021
2023-03-23 18:00:00+00:00,144.38,139.85,129.97,129.35335671382646,135.25817696100904
2023-03-23 19:00:00+00:00,122.12,125.31,110.0,108.52213994817963,119.88835549398706
2023-03-23 20:00:00+00:00,92.65,108.41,98.14,88.12192588314367,104.03232718321004
2023-03-23 21:00:00+00:00,88.85,99.9,86.07,73.97143108529986,94.69197846360804
2023-03-23 22:00:00+00:00,77.35,83.29,80.44,56.04726058700004,79.91451684649275
2023-03-23 23:00:00+00:00,55.12,68.05,48.45,46.98908386609989,68.23155722893445
2023-03-24 00:00:00+00:00,43.8,65.89,49.97,42.2069244266991,65.610516906443
2023-03-24 01:00:00+00:00,40.67,55.29,50.06,33.982199469195265,58.787222226902756
2023-03-24 02:00:00+00:00,40.18,45.94,59.93,28.186456561291195,54.22172147199024
2023-03-24 03:00:00+00:00,35.07,33.17,62.79,21.275634017308263,47.4506826011184
2023-03-24 04:00:00+00:00,40.19,55.78,81.59,38.374613925675746,68.49054576735739
2023-03-24 05:00:00+00:00,62.44,80.64,105.07,63.15974913848923,95.43340072996236
2023-03-24 06:00:00+00:00,81.23,92.22,112.17,75.40163450243799,108.73349246512356
2023-03-24 08:00:00+00:00,62.36,72.8,90.29,57.31650910414152,92.3648017946447
2023-03-24 09:00:00+00:00,36.95,40.74,84.04,32.43906806677245,67.18686296603389
2023-03-24 10:00:00+00:00,25.28,35.68,79.95,23.993329913038124,60.71611174382596
2023-03-24 11:00:00+00:00,11.47,36.52,75.76,18.090532145142404,57.39080397817219
2023-03-24 12:00:00+00:00,3.99,37.19,74.05,13.125239945329426,53.71326640883745
2023-03-24 13:00:00+00:00,2.07,51.28,88.05,20.8328140770589,63.15270056971478
2023-03-24 14:00:00+00:00,5.84,55.28,99.03,30.589550489379334,68.14287050017994
2023-03-24 15:00:00+00:00,29.59,89.9,109.54,62.15098955516417,92.41575218861219
2023-03-24 16:00:00+00:00,79.53,119.45,126.79,98.89362029875632,117.49260986675142
2023-03-24 17:00:00+00:00,101.02,136.86,134.36,122.08520975278388,134.6098265735467
2023-03-24 18:00:00+00:00,116.23,144.38,134.23,127.91934861729695,143.40867487763535
2023-03-24 19:00:00+00:00,96.92,122.12,126.35,105.93311563292421,124.55668364419135
2023-03-24 20:00:00+00:00,82.5,92.65,109.97,78.30898560654035,99.59934531869679
2023-03-24 21:00:00+00:00,76.2,88.85,107.09,67.89502811282316,94.51599722251052
2023-03-24 22:00:00+00:00,64.9,77.35,102.25,52.47794863331498,82.57284179427181
2023-03-24 23:00:00+00:00,15.3,55.12,106.35,33.623784603028795,64.45858225101573
2023-03-25 00:00:00+00:00,0.97,43.8,98.25,25.138747046726294,52.99672138739953
2023-03-25 01:00:00+00:00,0.11,40.67,96.84,19.872738983955585,47.252465277252846
2023-03-25 02:00:00+00:00,0.08,40.18,95.0,17.02254096932643,43.31615103985805
2023-03-25 03:00:00+00:00,0.29,35.07,96.18,13.26100337535729,36.19187615208821
2023-03-25 04:00:00+00:00,0.1,40.19,99.8,17.54058796478205,38.74234023081473
2023-03-25 05:00:00+00:00,3.53,62.44,103.5,27.61253268938411,53.18674521337383
2023-03-25 06:00:00+00:00,7.72,81.23,105.43,35.830332828718284,65.80248335747486
2023-03-25 08:00:00+00:00,0.06,62.36,102.65,10.450261148019777,52.407060261526155
2023-03-25 09:00:00+00:00,-0.06,36.95,97.0,-7.458692771808842,31.575808447713285
2023-03-25 10:00:00+00:00,-1.18,25.28,91.14,-17.472920401607823,22.1751368454037
2023-03-25 11:00:00+00:00,-3.62,11.47,84.06,-27.309124163761624,10.985179776836631
2023-03-25 12:00:00+00:00,-6.02,3.99,80.42,-31.839778006810974,4.4384430679671425
2023-03-25 13:00:00+00:00,-5.38,2.07,87.52,-27.347282257189377,5.058081154448715
2023-03-25 14:00:00+00:00,-0.87,5.84,92.08,-16.632811608971195,10.421127651635544
2023-03-25 15:00:00+00:00,-0.02,29.59,104.43,9.803108379761667,33.715370890093425
2023-03-25 16:00:00+00:00,23.9,79.53,130.74,49.10452182169506,77.39380085312607
2023-03-25 17:00:00+00:00,60.0,101.02,156.95,72.60143316185719,101.83001237557461
2023-03-25 18:00:00+00:00,77.04,116.23,169.54,83.37745937841771,118.11074351920196
2023-03-25 19:00:00+00:00,60.0,96.92,144.15,64.94516159477362,101.17318664247486
2023-03-25 20:00:00+00:00,41.84,82.5,132.92,51.20538672953969,88.80824227090388
2023-03-25 21:00:00+00:00,38.91,76.2,129.95,46.62570696790024,84.86770749701904
2023-03-25 22:00:00+00:00,33.36,64.9,118.46,36.7761321307988,73.89787852308021
2023-03-25 23:00:00+00:00,39.66,15.3,110.03,17.572987071754923,43.49140036000633
2023-03-26 00:00:00+00:00,39.23,0.97,106.0,9.534689475359855,30.37407153020422
2023-03-26 01:00:00+00:00,40.12,0.11,99.6,8.734226404799657,23.547785630645322
2023-03-26 02:00:00+00:00,40.88,0.08,99.18,14.132797150359664,21.327119078723868
2023-03-26 03:00:00+00:00,41.42,0.29,98.74,19.51885625506003,17.689157266808664
2023-03-26 04:00:00+00:00,63.49,0.1,103.36,25.759995838000933,14.751369570721266
2023-03-26 05:00:00+00:00,73.09,3.53,100.0,34.98314298579861,15.985812665704415
2023-03-26 06:00:00+00:00,77.24,7.72,102.45,43.737864882873275,20.734803101843326
2023-03-26 08:00:00+00:00,78.58,0.06,102.26,37.9830421793733,15.367690121710297
2023-03-26 09:00:00+00:00,76.0,-0.06,100.41,36.20932706383334,13.926575780353943
2023-03-26 10:00:00+00:00,61.89,-1.18,99.18,31.580581793322793,11.218268987177083
2023-03-26 11:00:00+00:00,55.44,-3.62,97.39,24.25884484432241,6.519131732103773
2023-03-26 12:00:00+00:00,50.46,-6.02,94.04,19.10894718502925,3.5982908667506166
2023-03-26 13:00:00+00:00,46.02,-5.38,95.01,20.311551913840574,5.771175595870787
2023-03-26 14:00:00+00:00,48.35,-0.87,98.67,27.093104964525352,12.67520819979326
2023-03-26 15:00:00+00:00,77.09,-0.02,106.09,38.243386172304014,21.80130654904788
2023-03-26 16:00:00+00:00,106.65,23.9,133.17,64.99242830246615,50.82946562001334
2023-03-26 17:00:00+00:00,117.86,60.0,145.0,88.96258960825594,82.45627020191684
2023-03-26 18:00:00+00:00,112.59,77.04,152.91,94.39210481331259,97.31684133033431
2023-03-26 19:00:00+00:00,104.63,60.0,144.71,78.38476041533575,84.25152540159566
2023-03-26 20:00:00+00:00,99.42,41.84,135.27,63.330405746671566,70.8780638409117
2023-03-26 21:00:00+00:00,94.64,38.91,132.9,55.06056764509643,66.61934695314591
2023-03-26 22:00:00+00:00,96.0,33.36,130.0,54.72050369409601,71.2590188568825
2023-03-26 23:00:00+00:00,93.15,39.66,124.0,53.56689831784138,70.37204277131458
2023-03-27 00:00:00+00:00,87.48,39.23,114.94,51.66568161528248,67.89152034666816
2023-03-27 01:00:00+00:00,83.99,40.12,113.06,53.112977607124655,68.51582800121516
2023-03-27 02:00:00+00:00,84.9,40.88,110.18,56.778064432567845,70.11793854596479
2023-03-27 03:00:00+00:00,92.85,41.42,110.25,63.91929059553556,73.27626833524215
2023-03-27 04:00:00+00:00,115.0,63.49,116.4,89.12131285666676,94.83630310408304
2023-03-27 05:00:00+00:00,142.99,73.09,135.77,107.01399365529483,108.15861312273844
2023-03-27 06:00:00+00:00,151.31,77.24,148.43,113.00562569991698,114.92927693331251
2023-03-27 07:00:00+00:00,118.76,79.6,148.51,104.68877703001962,116.00645269797245
2023-03-27 08:00:00+00:00,94.85,78.58,137.56,89.98121123562126,112.62992695109774
2023-03-27 09:00:00+00:00,80.93,76.0,122.75,77.59485402392771,107.81531767565333
2023-03-27 10:00:00+00:00,68.26,61.89,115.79,62.11875247650819,94.9071446440644
2023-03-27 11:00:00+00:00,54.91,55.44,104.59,51.97203671365031,86.17511346927341
2023-03-27 12:00:00+00:00,42.74,50.46,99.96,43.48403034192701,79.098782218829
2023-03-27 13:00:00+00:00,46.16,46.02,101.73,39.05236510264493,74.3329942302397
2023-03-27 14:00:00+00:00,49.62,48.35,104.74,41.772473190917374,75.05342479189139
2023-03-27 15:00:00+00:00,74.37,77.09,113.83,65.87741651928351,95.87325271854992
2023-03-27 16:00:00+00:00,95.95,106.65,132.84,98.57269102677378,122.0791216897522
2023-03-27 17:00:00+00:00,124.38,117.86,150.96,118.86387692316872,137.40056767515796
2023-03-27 18:00:00+00:00,116.07,112.59,165.47,116.40040869295046,136.1700206750447
2023-03-27 19:00:00+00:00,105.99,104.63,152.36,105.55891463922237,126.91439441499381
2023-03-27 20:00:00+00:00,103.52,99.42,135.49,95.3213333823632,118.73194220798051
2023-03-27 21:00:00+00:00,91.46,94.64,127.5,85.18623233100178,111.70824412145197
2023-03-27 22:00:00+00:00,78.68,96.0,117.04,67.74458999939543,100.68505843306022
2023-03-27 23:00:00+00:00,82.3,93.15,120.79,67.60808990918684,98.17222915748769
2023-03-28 00:00:00+00:00,84.67,87.48,112.28,67.23081750673606,92.83319020921437
2023-03-28 01:00:00+00:00,92.83,83.99,111.56,70.78181890489901,90.2683007153071
2023-03-28 02:00:00+00:00,92.5,84.9,108.65,78.32639695767891,91.0066051669626
2023-03-28 03:00:00+00:00,99.44,92.85,110.0,92.2148528952215,98.02853649641925
2023-03-28 04:00:00+00:00,130.05,115.0,118.21,120.86541725119861,120.73439711187278
2023-03-28 05:00:00+00:00,159.92,142.99,129.81,148.55487474358665,144.878966349675
2023-03-28 07:00:00+00:00,127.14,118.76,143.45,128.97664209565457,131.3422104942096
2023-03-28 08:00:00+00:00,104.28,94.85,128.53,104.87248691274188,112.27997193583984
2023-03-28 09:00:00+00:00,94.89,80.93,115.01,89.63424219213509,100.00309863176798
2023-03-28 10:00:00+00:00,94.84,68.26,106.72,76.35071217250027,86.93975422947594
2023-03-28 11:00:00+00:00,92.99,54.91,101.98,65.89605296137353,74.5648376151008
2023-03-28 12:00:00+00:00,91.76,42.74,99.56,59.160142112289186,63.69152465056017
2023-03-28 13:00:00+00:00,94.67,46.16,98.67,65.11451487590526,64.20729719924483
2023-03-28 14:00:00+00:00,96.22,49.62,98.32,75.09326628502235,66.1096737917212
2023-03-28 15:00:00+00:00,108.59,74.37,101.21,103.40214919862365,86.61429941053039
2023-03-28 16:00:00+00:00,136.87,95.95,112.99,131.00882812226413,106.9446825167233
2023-03-28 17:00:00+00:00,160.98,124.38,132.08,154.8261374915603,131.5308172129594
2023-03-28 18:00:00+00:00,161.0,116.07,143.29,145.03101579396278,125.97870040406147
2023-03-28 19:00:00+00:00,133.02,105.99,125.25,128.86081910476128,115.02156220544086
2023-03-28 20:00:00+00:00,127.09,103.52,105.13,116.65738689270955,109.1555953832644
2023-03-28 21:00:00+00:00,110.98,91.46,99.69,100.35751394853139,97.59551486045491
2023-03-28 22:00:00+00:00,97.53,78.68,92.59,77.87720098125777,78.1535169612281
2023-03-28 23:00:00+00:00,95.1,82.3,77.06,74.33107363953698,77.54409393099772
2023-03-29 00:00:00+00:00,97.13,84.67,73.19,73.78083855647043,77.99152769422851
2023-03-29 01:00:00+00:00,98.78,92.83,73.5,79.29090327290092,83.40469249926483
2023-03-29 02:00:00+00:00,98.18,92.5,69.05,81.91201380464054,83.43449388357877
2023-03-29 03:00:00+00:00,99.2,99.44,66.67,91.92151142795723,90.69846689352617
2023-03-29 04:00:00+00:00,117.04,130.05,74.03,121.35136648476214,119.15915008045963
2023-03-29 05:00:00+00:00,144.13,159.92,92.03,149.02793790421933,146.83130814792918
2023-03-29 07:00:00+00:00,144.17,127.14,110.21,133.85810995743813,124.98137747061435
2023-03-29 08:00:00+00:00,130.03,104.28,82.37,117.56316876938124,104.1829404043234
2023-03-29 09:00:00+00:00,119.05,94.89,58.35,106.64939575679158,92.69513428912344
2023-03-29 10:00:00+00:00,110.98,94.84,33.29,97.71616721881284,86.39835139373567
2023-03-29 11:00:00+00:00,105.6,92.99,22.93,89.72720847363283,80.07556801084529
2023-03-29 12:00:00+00:00,101.55,91.76,16.99,83.88053705393497,74.25163131786402
2023-03-29 13:00:00+00:00,104.94,94.67,39.43,88.58932841186868,77.17397154210995
2023-03-29 14:00:00+00:00,106.2,96.22,68.41,96.0837605797918,80.44968650648663
2023-03-29 15:00:00+00:00,128.15,108.59,81.12,112.59430791036318,93.01611522246608
2023-03-29 16:00:00+00:00,145.41,136.87,100.62,138.71647584767476,118.53912725963833
2023-03-29 17:00:00+00:00,149.87,160.98,119.25,157.66222589912175,142.20696761008097
2023-03-29 18:00:00+00:00,132.28,161.0,139.85,152.54540447290293,144.34102829671247
2023-03-29 19:00:00+00:00,114.92,133.02,125.31,124.82492855395313,121.34020035960404
2023-03-29 20:00:00+00:00,109.9,127.09,108.41,109.92537092406175,113.79210600911475
2023-03-29 21:00:00+00:00,94.8,110.98,99.9,89.91131570185117,98.55877270291563
2023-03-29 22:00:00+00:00,89.71,97.53,83.29,68.71597659253598,79.4972843907411
2023-03-29 23:00:00+00:00,82.25,95.1,68.05,61.1937484073337,74.99381132314092
2023-03-30 00:00:00+00:00,80.75,97.13,65.89,58.6745442794916,75.6025342648604
2023-03-30 01:00:00+00:00,78.77,98.78,55.29,57.95375483578228,76.32918982746213
2023-03-30 02:00:00+00:00,77.91,98.18,45.94,57.292465202718525,75.52903979059184
2023-03-30 03:00:00+00:00,76.8,99.2,33.17,60.93502421702918,77.91369070090148
2023-03-30 04:00:00+00:00,89.77,117.04,55.78,82.73854705649089,100.84419087489717
2023-03-30 05:00:00+00:00,119.37,144.13,80.64,105.93848951890605,127.71147265032269
2023-03-30 07:00:00+00:00,110.0,144.17,95.0,98.90742952979186,127.20167227243681
2023-03-30 08:00:00+00:00,90.66,130.03,72.8,81.91367580711048,112.92835993960007
2023-03-30 09:00:00+00:00,80.0,119.05,40.74,64.19653200774671,99.70835445966746
2023-03-30 10:00:00+00:00,64.83,110.98,35.68,51.19538144105582,91.56198866915332
2023-03-30 11:00:00+00:00,25.59,105.6,36.52,41.76085055479992,85.50034091337054
2023-03-30 12:00:00+00:00,5.75,101.55,37.19,34.332737642312566,80.33509399602455
2023-03-30 13:00:00+00:00,10.05,104.94,51.28,36.984093686064625,83.10573561998474
2023-03-30 14:00:00+00:00,39.62,106.2,55.28,41.38909779385332,83.64020147877588
2023-03-30 15:00:00+00:00,72.44,128.15,89.9,68.0871591060936,104.92930377998253
2023-03-30 16:00:00+00:00,97.55,145.41,119.45,96.54485085679784,124.63819846540815
2023-03-30 17:00:00+00:00,120.0,149.87,136.86,111.8870686334684,133.80159766598163
2023-03-30 18:00:00+00:00,119.37,132.28,144.38,102.05280046686997,122.41051254395883
2023-03-30 19:00:00+00:00,103.28,114.92,122.12,85.39619177570721,104.8246717132605
2023-03-30 20:00:00+00:00,100.05,109.9,92.65,74.89378065000818,95.85394820887686
2023-03-30 21:00:00+00:00,90.76,94.8,88.85,60.76490627621868,81.97650261649748
2023-03-30 22:00:00+00:00,65.13,89.71,77.35,51.352183963859,79.12777933027753
2023-03-30 23:00:00+00:00,64.9,82.25,55.12,44.38587600410125,70.25426224275738
2023-03-31 00:00:00+00:00,57.1,80.75,43.8,43.89644641471309,67.89858042938536
2023-03-31 01:00:00+00:00,48.62,78.77,40.67,47.23154016375841,66.9878087159706
2023-03-31 02:00:00+00:00,68.84,77.91,40.18,54.49038744648828,67.7478035548994
2023-03-31 03:00:00+00:00,79.97,76.8,35.07,64.39737412048514,69.20145732780065
2023-03-31 04:00:00+00:00,111.72,89.77,40.19,87.85841731847442,85.9019449224851
2023-03-31 05:00:00+00:00,132.12,119.37,62.44,116.25296907685032,113.39615747885672
2023-03-31 06:00:00+00:00,137.64,129.3,81.23,126.830262835909,123.58902400848758
2023-03-31 08:00:00+00:00,124.2,90.66,62.36,95.42212643596949,92.05190703479995
2023-03-31 09:00:00+00:00,119.67,80.0,36.95,81.22222569857712,80.0709481646949
2023-03-31 10:00:00+00:00,103.77,64.83,25.28,65.99112182017757,66.20887519224829
2023-03-31 11:00:00+00:00,97.14,25.59,11.47,40.69879829533303,36.88400513752471
2023-03-31 12:00:00+00:00,93.05,5.75,3.99,27.706643377963033,21.478927957893774
2023-03-31 13:00:00+00:00,94.72,10.05,2.07,30.40869304529832,23.836910354290623
2023-03-31 14:00:00+00:00,101.89,39.62,5.84,49.89906582634858,44.12765399222981
2023-03-31 15:00:00+00:00,103.51,72.44,29.59,77.07634364546226,71.85196195815625
2023-03-31 16:00:00+00:00,114.97,97.55,79.53,103.15408786356284,98.0233830632426
2023-03-31 17:00:00+00:00,115.56,120.0,101.02,119.03687975158522,117.95674961745365
2023-03-31 18:00:00+00:00,109.98,119.37,116.23,113.65189284034489,117.52077508889717
2023-03-31 19:00:00+00:00,98.83,103.28,96.92,94.15013708279218,101.4858285529483
2023-03-31 20:00:00+00:00,86.73,100.05,82.5,83.46995465254636,95.84967452181043
2023-03-31 21:00:00+00:00,80.0,90.76,76.2,69.88430634298729,85.7801358281842
2023-03-31 22:00:00+00:00,82.19,65.13,64.9,57.41564479892065,68.88757042489729
2023-03-31 23:00:00+00:00,63.9,64.9,15.3,46.26425944172361,59.239173664364245
2023-04-01 00:00:00+00:00,53.84,57.1,0.97,35.959177079573124,49.38149199744817
2023-04-01 01:00:00+00:00,38.83,48.62,0.11,29.001518442383983,41.19725993523648
2023-04-01 02:00:00+00:00,36.05,68.84,0.08,37.96667707675662,52.007712574888664
2023-04-01 03:00:00+00:00,35.33,79.97,0.29,42.341981714857326,55.70192895715378
2023-04-01 04:00:00+00:00,34.36,111.72,0.1,59.89041346437513,74.7333552307415
2023-04-01 05:00:00+00:00,51.71,132.12,3.53,75.2897692073125,90.07589190887926
2023-04-01 06:00:00+00:00,61.16,137.64,7.72,82.83145557348402,95.8004752453926
2023-04-01 07:00:00+00:00,60.41,132.19,5.93,79.56175120668948,91.41514235314644
2023-04-01 08:00:00+00:00,49.57,124.2,0.06,73.23886382376196,84.31796073181316
2023-04-01 09:00:00+00:00,46.09,119.67,-0.06,69.09540536694942,79.84365229702263
2023-04-01 10:00:00+00:00,40.96,103.77,-1.18,56.614476295929414,65.83482636888203
2023-04-01 11:00:00+00:00,38.62,97.14,-3.62,47.10383972673144,55.957412377989016
2023-04-01 12:00:00+00:00,33.5,93.05,-6.02,40.542181443852144,50.0474389845812
2023-04-01 13:00:00+00:00,36.37,94.72,-5.38,40.73030245857678,51.77054871927734
2023-04-01 14:00:00+00:00,40.57,101.89,-0.87,49.365256164609114,62.273089205556644
2023-04-01 15:00:00+00:00,52.06,103.51,-0.02,56.00867000519926,70.0245668156675
2023-04-01 16:00:00+00:00,84.89,114.97,23.9,71.58122376712915,87.89368210482337
2023-04-01 17:00:00+00:00,90.89,115.56,60.0,79.400765548077,98.64712188956551
2023-04-01 18:00:00+00:00,84.89,109.98,77.04,75.14516333508021,98.47157482581936
2023-04-01 19:00:00+00:00,75.6,98.83,60.0,62.45969818522785,88.05278127665332
2023-04-01 20:00:00+00:00,79.95,86.73,41.84,51.08541038842436,77.57101933102714
2023-04-01 21:00:00+00:00,66.64,80.0,38.91,43.37955013553741,71.00413734164084
2023-04-01 22:00:00+00:00,69.59,82.19,33.36,48.148128316989514,75.78414216186243
2023-04-01 23:00:00+00:00,60.46,63.9,39.66,37.81035767337894,61.66073323123534
2023-04-02 00:00:00+00:00,58.51,53.84,39.23,32.119926700395524,52.24059270352278
2023-04-02 01:00:00+00:00,60.46,38.83,40.12,25.179030207393197,39.306491553851906
2023-04-02 02:00:00+00:00,58.51,36.05,40.88,26.029068250184196,36.29797785792421
2023-04-02 03:00:00+00:00,60.46,35.33,41.42,27.41192412334891,33.62957052525897
2023-04-02 04:00:00+00:00,58.72,34.36,63.49,30.997116078000374,34.17730756972608
2023-04-02 05:00:00+00:00,70.08,51.71,73.09,43.90778314341585,46.27738876719257
2023-04-02 06:00:00+00:00,75.55,61.16,77.24,50.444458671458854,53.06176391122068
2023-04-02 07:00:00+00:00,66.09,60.41,79.6,48.49762199084292,52.883951951687095
2023-04-02 08:00:00+00:00,51.66,49.57,78.58,41.092286603045494,45.5705763966211
2023-04-02 09:00:00+00:00,50.24,46.09,76.0,37.64980980032637,43.48581510014786
2023-04-02 10:00:00+00:00,42.64,40.96,61.89,28.064184970670055,36.51556769849215
2023-04-02 11:00:00+00:00,26.07,38.62,55.44,19.93608718852518,32.27631713580814
2023-04-02 12:00:00+00:00,14.21,33.5,50.46,13.209728138113462,28.209880024150237
2023-04-02 13:00:00+00:00,14.79,36.37,46.02,16.117634141082988,31.661988329773052
2023-04-02 14:00:00+00:00,31.85,40.57,48.35,24.947505031745152,38.3049447162506
2023-04-02 15:00:00+00:00,41.74,52.06,77.09,46.43114858513038,55.207493030588275
2023-04-02 16:00:00+00:00,100.41,84.89,106.65,82.42292012102828,87.65166763208849
2023-04-02 17:00:00+00:00,130.0,90.89,117.86,95.04442697521813,97.52373267677474
2023-04-02 18:00:00+00:00,131.5,84.89,112.59,89.72531046854557,94.98450743001138
2023-04-02 19:00:00+00:00,120.6,75.6,104.63,80.93540242896424,88.53926029671075
2023-04-02 20:00:00+00:00,112.68,79.95,99.42,82.26353235861214,91.58890060687574
2023-04-02 21:00:00+00:00,109.12,66.64,94.64,72.26883954562199,80.02794603085648
2023-04-02 22:00:00+00:00,108.53,69.59,96.0,80.15480184825932,90.40275268543341
2023-04-02 23:00:00+00:00,107.68,60.46,93.15,75.65733149201498,81.73904522121192
2023-04-03 00:00:00+00:00,108.04,58.51,87.48,76.34851294697029,79.27352560562215
2023-04-03 01:00:00+00:00,103.9,60.46,83.99,80.13638222329296,79.53783781880776
2023-04-03 02:00:00+00:00,100.43,58.51,84.9,83.91901386513376,79.10447947478514
2023-04-03 03:00:00+00:00,110.07,60.46,92.85,92.82442695069818,83.49212253522161
2023-04-03 04:00:00+00:00,139.22,58.72,115.0,106.87138297346152,90.75597469165218
2023-04-03 05:00:00+00:00,167.54,70.08,142.99,124.07429607200055,106.66971100228648
2023-04-03 06:00:00+00:00,163.79,75.55,151.31,125.19635862009069,113.51108666005558
2023-04-03 07:00:00+00:00,128.38,66.09,118.76,104.0756010745629,102.24547333921852
2023-04-03 08:00:00+00:00,103.8,51.66,94.85,80.48119744556834,88.3510544520486
2023-04-03 09:00:00+00:00,88.76,50.24,80.93,67.0914057906102,84.2654780676566
2023-04-03 10:00:00+00:00,80.98,42.64,68.26,54.36672616730323,75.39841402243816
2023-04-03 11:00:00+00:00,74.9,26.07,54.91,41.38637124036205,60.74581846981468
2023-04-03 12:00:00+00:00,71.66,14.21,42.74,33.688768438751666,48.97072937033276
2023-04-03 13:00:00+00:00,78.91,14.79,46.16,39.44668233140811,49.3455601346909
2023-04-03 14:00:00+00:00,82.0,31.85,49.62,56.83325407911246,61.15226315117315
2023-04-03 15:00:00+00:00,100.35,41.74,74.37,79.071605972685,73.52474108272544
2023-04-03 16:00:00+00:00,133.77,100.41,95.95,129.77883922093048,120.52041003649285
2023-04-03 17:00:00+00:00,158.11,130.0,124.38,158.93195211526051,147.36258387073698
2023-04-03 18:00:00+00:00,156.25,131.5,116.07,157.41007157567907,148.13721443830744
2023-04-03 19:00:00+00:00,142.94,120.6,105.99,145.24829959660224,137.94814004985585
2023-04-03 20:00:00+00:00,132.02,112.68,103.52,137.77940735110053,131.70580196330036
2023-04-03 21:00:00+00:00,113.12,109.12,91.46,130.96639180633548,124.85550591584962
2023-04-03 22:00:00+00:00,110.85,108.53,78.68,117.46739608415625,111.9237159981131
2023-04-03 23:00:00+00:00,110.0,107.68,82.3,117.71112531396108,110.1696606269556
2023-04-04 00:00:00+00:00,113.68,108.04,84.67,120.17514557156014,110.28321131776725
2023-04-04 01:00:00+00:00,115.42,103.9,92.83,123.15858610235492,109.1027240192973
2023-04-04 02:00:00+00:00,116.64,100.43,92.5,126.65814031781676,107.71199400339094
2023-04-04 03:00:00+00:00,121.91,110.07,99.44,139.83936852289855,117.30426372281859
2023-04-04 04:00:00+00:00,145.35,139.22,130.05,170.73979234392147,145.82498359835543
2023-04-04 05:00:00+00:00,180.38,167.54,159.92,196.81045524424968,173.0159458465601
2023-04-04 07:00:00+00:00,147.63,128.38,127.14,155.37559201856578,142.57409496178508
2023-04-04 08:00:00+00:00,118.43,103.8,104.28,129.02445275221282,121.27400162168703
2023-04-04 09:00:00+00:00,112.02,88.76,94.89,112.93587741304074,108.52638567340504
2023-04-04 10:00:00+00:00,108.86,80.98,94.84,102.35161773787635,100.36490049299759
2023-04-04 11:00:00+00:00,108.12,74.9,92.99,94.09150848981099,92.05464537425038
2023-04-04 12:00:00+00:00,107.31,71.66,91.76,89.47493438660385,85.20171286761875
2023-04-04 13:00:00+00:00,108.71,78.91,94.67,95.48805751701391,87.69474671595297
2023-04-04 14:00:00+00:00,112.73,82.0,96.22,103.96797370451607,89.52464706947052
2023-04-04 15:00:00+00:00,122.0,100.35,108.59,126.66172896104882,104.42631619107189
2023-04-04 16:00:00+00:00,147.1,133.77,136.87,163.39714673670667,136.70435453571025
2023-04-04 17:00:00+00:00,180.0,158.11,160.98,187.71959049428816,160.70077520064083
2023-04-04 18:00:00+00:00,177.32,156.25,161.0,184.190011560273,160.28885907734863
2023-04-04 19:00:00+00:00,155.56,142.94,133.02,167.3903571726359,145.95079198368293
2023-04-04 20:00:00+00:00,141.19,132.02,127.09,155.78870195897048,136.17806473447956
2023-04-04 21:00:00+00:00,129.93,113.12,110.98,138.54097360814936,119.01122838239041
2023-04-04 22:00:00+00:00,127.51,110.85,97.53,122.27661332482506,102.87275625742014
2023-04-04 23:00:00+00:00,118.26,110.0,95.1,120.4666887403782,101.11946210263302
2023-04-05 00:00:00+00:00,119.61,113.68,97.13,123.46632904016555,103.6687570356608
2023-04-05 01:00:00+00:00,118.25,115.42,98.78,127.07611964641193,104.9887542517748
2023-04-05 02:00:00+00:00,124.99,116.64,98.18,131.26477649367675,106.06502002722347
2023-04-05 03:00:00+00:00,134.46,121.91,99.2,141.08223397473284,112.61378967227242
2023-04-05 04:00:00+00:00,165.82,145.35,117.04,167.80585198600622,137.82709834645345
2023-04-05 05:00:00+00:00,207.92,180.38,144.13,195.8504701503214,170.0964583111725
2023-04-05 06:00:00+00:00,179.74,178.53,152.0,187.89734283544476,170.76318141475286
2023-04-05 07:00:00+00:00,142.16,147.63,144.17,153.4786174676873,145.04437849004665
2023-04-05 08:00:00+00:00,119.6,118.43,130.03,123.27781719398253,120.86091449263797
2023-04-05 09:00:00+00:00,115.0,112.02,119.05,111.28533460752847,112.3856043145076
2023-04-05 10:00:00+00:00,113.59,108.86,110.98,106.05004452220048,106.31859475497811
2023-04-05 11:00:00+00:00,113.84,108.12,105.6,103.69532021915444,101.91257831776227
2023-04-05 12:00:00+00:00,113.81,107.31,101.55,103.28823274594673,97.5230948222637
2023-04-05 13:00:00+00:00,113.59,108.71,104.94,108.17491186675585,97.49035067739706
2023-04-05 14:00:00+00:00,116.3,112.73,106.2,116.84376323949664,99.39386903672218
2023-04-05 15:00:00+00:00,135.61,122.0,128.15,136.7903421062505,111.4915522464168
2023-04-05 16:00:00+00:00,156.52,147.1,145.41,165.09942494612446,135.14942345727354
2023-04-05 17:00:00+00:00,199.56,180.0,149.87,191.2746237039235,162.45431379538223
2023-04-05 18:00:00+00:00,191.68,177.32,132.28,185.713747384446,159.1578605845528
2023-04-05 19:00:00+00:00,164.98,155.56,114.92,165.9228509538441,140.48338237620635
2023-04-05 20:00:00+00:00,151.39,141.19,109.9,151.27728431935566,128.04416495358907
2023-04-05 21:00:00+00:00,139.13,129.93,94.8,135.96255956970282,114.80952964897807
2023-04-05 22:00:00+00:00,135.54,127.51,89.71,124.19804660729861,106.79132286766972
2023-04-05 23:00:00+00:00,124.12,118.26,82.25,115.68664550677563,98.71714568654542
2023-04-06 00:00:00+00:00,120.0,119.61,80.75,115.39561430961541,99.35328225205684
2023-04-06 01:00:00+00:00,115.33,118.25,78.77,115.96708517694157,98.69040873759694
2023-04-06 02:00:00+00:00,114.85,124.99,77.91,122.02558670822079,103.69136678570193
2023-04-06 03:00:00+00:00,124.91,134.46,76.8,132.6868203794594,112.58929201513946
2023-04-06 04:00:00+00:00,142.51,165.82,89.77,161.39254614749353,142.0372817068433
2023-04-06 05:00:00+00:00,161.63,207.92,119.37,192.39635974925716,180.3673563314935
2023-04-06 06:00:00+00:00,155.96,179.74,129.3,167.99066508642983,163.39482343311488
2023-04-06 07:00:00+00:00,129.45,142.16,110.0,129.0594360910515,132.26978233554655
2023-04-06 08:00:00+00:00,114.63,119.6,90.66,101.56947398537446,111.78431724403237
2023-04-06 09:00:00+00:00,105.1,115.0,80.0,88.11295170408795,105.50109512107996
2023-04-06 10:00:00+00:00,104.02,113.59,64.83,81.86703025633696,100.71046275944803
2023-04-06 11:00:00+00:00,103.1,113.84,25.59,77.80114299644924,93.98714426536782
2023-04-06 12:00:00+00:00,106.01,113.81,5.75,78.17333564779128,88.93623168859968
2023-04-06 13:00:00+00:00,108.13,113.59,10.05,83.25733995198492,87.6388158395872
2023-04-06 14:00:00+00:00,109.87,116.3,39.62,96.31763427165286,92.68456074688939
2023-04-06 15:00:00+00:00,121.16,135.61,72.44,122.50796937722114,112.07515287147201
2023-04-06 16:00:00+00:00,140.0,156.52,97.55,147.61733355320501,133.13114165418676
2023-04-06 17:00:00+00:00,150.0,199.56,120.0,177.28764767104732,169.76836138009452
2023-04-06 18:00:00+00:00,144.08,191.68,119.37,166.19761473894036,165.21819775282577
2023-04-06 19:00:00+00:00,129.43,164.98,103.28,139.72817401678054,142.76619234305863
2023-04-06 20:00:00+00:00,115.38,151.39,100.05,124.26177088431314,130.93083868014156
2023-04-06 21:00:00+00:00,107.62,139.13,90.76,110.3057969923927,118.49767385108365
2023-04-06 22:00:00+00:00,100.31,135.54,65.13,97.25121755139357,109.28375086551718
2023-04-06 23:00:00+00:00,98.73,124.12,64.9,91.07854467149889,99.7544941988596
2023-04-07 00:00:00+00:00,100.07,120.0,57.1,90.4440194381165,95.85623013476365
2023-04-07 01:00:00+00:00,101.79,115.33,48.62,89.8337704881151,91.39909766101225
2023-04-07 02:00:00+00:00,103.15,114.85,68.84,95.15531374234338,93.86000612505109
2023-04-07 03:00:00+00:00,106.95,124.91,79.97,104.38610357769598,101.8532542914215
2023-04-07 04:00:00+00:00,102.94,142.51,111.72,120.30044948954671,118.50553537207169
2023-04-07 05:00:00+00:00,106.66,161.63,132.12,135.3864474640825,136.69133446181962
2023-04-07 06:00:00+00:00,110.74,155.96,137.64,130.27618612439568,132.44226424867276
2023-04-07 07:00:00+00:00,103.95,129.45,132.19,110.46696773244697,112.34289703068438
2023-04-07 08:00:00+00:00,101.76,114.63,124.2,96.29011613396978,100.34293241315903
2023-04-07 09:00:00+00:00,100.9,105.1,119.67,87.18893699633611,93.32194524056509
2023-04-07 10:00:00+00:00,91.96,104.02,103.77,81.12018899890198,89.06156394422628
2023-04-07 11:00:00+00:00,86.77,103.1,97.14,77.22221172751213,84.97446481212624
2023-04-07 12:00:00+00:00,85.0,106.01,93.05,77.60808299399073,83.98762664042162
2023-04-07 13:00:00+00:00,92.12,108.13,94.72,82.20013515449897,84.95311897519413
2023-04-07 14:00:00+00:00,100.81,109.87,101.89,90.08079701227466,87.29611695387821
2023-04-07 15:00:00+00:00,107.74,121.16,103.51,106.5487797460444,98.68953082620358
2023-04-07 16:00:00+00:00,127.78,140.0,114.97,127.59351162365677,116.63275889955034
2023-04-07 17:00:00+00:00,138.55,150.0,115.56,138.34394607898332,128.53169193231165
2023-04-07 18:00:00+00:00,135.07,144.08,109.98,131.40121694050737,124.11022929421347
2023-04-07 19:00:00+00:00,135.0,129.43,98.83,118.19024691209727,111.33571028405477
2023-04-07 20:00:00+00:00,136.6,115.38,86.73,107.1310179924007,99.86458970906594
2023-04-07 21:00:00+00:00,131.78,107.62,80.0,99.84512150110407,92.23074489746125
2023-04-07 22:00:00+00:00,123.85,100.31,82.19,98.38228893601165,89.29329137153628
2023-04-07 23:00:00+00:00,113.74,98.73,63.9,94.06120194321743,83.0409655792534
2023-04-08 00:00:00+00:00,114.26,100.07,53.84,92.95236684800801,80.14627048404984
2023-04-08 01:00:00+00:00,110.75,101.79,38.83,92.11155094552537,76.54836887445398
2023-04-08 02:00:00+00:00,110.78,103.15,36.05,93.19110937602318,74.49055318622813
2023-04-08 03:00:00+00:00,112.16,106.95,35.33,95.86256628944756,74.62483836408241
2023-04-08 04:00:00+00:00,114.74,102.94,34.36,94.96290028156321,70.2804325696431
2023-04-08 05:00:00+00:00,129.35,106.66,51.71,99.84868184646169,74.33081500385126
2023-04-08 06:00:00+00:00,133.2,110.74,61.16,102.67092605946556,77.86061015617733
2023-04-08 07:00:00+00:00,129.35,103.95,60.41,95.69610914493077,71.30055186414924
2023-04-08 08:00:00+00:00,114.74,101.76,49.57,89.50710841397972,67.26435157211044
2023-04-08 09:00:00+00:00,106.95,100.9,46.09,85.36418298771913,65.37022485107615
2023-04-08 10:00:00+00:00,101.84,91.96,40.96,76.13062126747502,57.13882512153977
2023-04-08 11:00:00+00:00,99.0,86.77,38.62,71.15397427088567,52.332546069379674
2023-04-08 12:00:00+00:00,95.36,85.0,33.5,70.32810594380561,50.950629949383824
2023-04-08 13:00:00+00:00,94.4,92.12,36.37,78.09729142622042,57.90622016159958
2023-04-08 14:00:00+00:00,98.12,100.81,40.57,89.6312548483084,67.39750882086244
2023-04-08 15:00:00+00:00,107.0,107.74,52.06,104.30035278647257,79.14620247237872
2023-04-08 16:00:00+00:00,121.9,127.78,84.89,128.82781470772522,102.68084121253683
2023-04-08 17:00:00+00:00,135.01,138.55,90.89,140.39956932569035,115.20027146103166
2023-04-08 18:00:00+00:00,139.77,135.07,84.89,135.21740902829626,113.65930603746239
2023-04-08 19:00:00+00:00,137.31,135.0,75.6,130.24273601336256,112.66529631489723
2023-04-08 20:00:00+00:00,134.9,136.6,79.95,129.0602435586926,114.19905177624412
2023-04-08 21:00:00+00:00,126.98,131.78,66.64,121.26289475481575,107.48946701492207
2023-04-08 22:00:00+00:00,127.99,123.85,69.59,122.34379081892278,107.78647932784851
2023-04-08 23:00:00+00:00,117.86,113.74,60.46,113.38721883986581,97.129931267861
2023-04-09 00:00:00+00:00,119.83,114.26,58.51,111.49662897163554,94.3683283962027
2023-04-09 01:00:00+00:00,117.99,110.75,60.46,109.37839143242148,89.59865334314186
2023-04-09 02:00:00+00:00,118.24,110.78,58.51,108.96294545388857,86.37466648408056
2023-04-09 03:00:00+00:00,117.86,112.16,60.46,109.0018043302327,83.76371552547863
2023-04-09 04:00:00+00:00,120.0,114.74,58.72,106.80493211478229,79.34814023978103
2023-04-09 05:00:00+00:00,118.9,129.35,70.08,113.49098314564202,87.84854149450848
2023-04-09 06:00:00+00:00,122.98,133.2,75.55,110.19322494501691,91.08773953310562
2023-04-09 07:00:00+00:00,112.21,129.35,66.09,96.96678125991646,86.92671514706932
2023-04-09 08:00:00+00:00,100.0,114.74,51.66,76.66105992786969,74.82102586975591
2023-04-09 09:00:00+00:00,87.0,106.95,50.24,67.54420780479397,69.57187222943122
2023-04-09 10:00:00+00:00,81.96,101.84,42.64,61.47903415865676,63.31208028656518
2023-04-09 11:00:00+00:00,60.01,99.0,26.07,56.67740132281115,57.03736193396227
2023-04-09 12:00:00+00:00,55.0,95.36,14.21,54.61961463144394,52.11222131726071
2023-04-09 13:00:00+00:00,56.0,94.4,14.79,59.28215262842079,53.55850685432158
2023-04-09 14:00:00+00:00,74.0,98.12,31.85,72.82776937602216,62.08915994054263
2023-04-09 15:00:00+00:00,86.35,107.0,41.74,92.67056472634245,74.98656219864222
2023-04-09 16:00:00+00:00,115.2,121.9,100.41,123.70752205174084,99.67084477609818
2023-04-09 17:00:00+00:00,129.97,135.01,130.0,142.71815791083114,117.66787166821129
2023-04-09 18:00:00+00:00,133.46,139.77,131.5,144.08474749869046,124.49648125154832
2023-04-09 19:00:00+00:00,126.39,137.31,120.6,137.01239479414465,123.71293380767261
2023-04-09 20:00:00+00:00,115.0,134.9,112.68,131.08961874887797,123.18641598378203
2023-04-09 21:00:00+00:00,106.94,126.98,109.12,120.1923265510136,116.10871058439517
2023-04-09 22:00:00+00:00,98.21,127.99,108.53,116.70255499551448,123.72951622466377
2023-04-09 23:00:00+00:00,81.85,117.86,107.68,108.65749356589964,115.23574787837792
2023-04-10 00:00:00+00:00,78.14,119.83,108.04,108.6580382481756,116.28443148181267
2023-04-10 01:00:00+00:00,71.9,117.99,103.9,107.10219803877834,114.08304754955736
2023-04-10 02:00:00+00:00,70.0,118.24,100.43,107.73598026732213,113.75059782502012
2023-04-10 03:00:00+00:00,72.96,117.86,110.07,109.75942522896008,114.45890268465254
2023-04-10 04:00:00+00:00,80.0,120.0,139.22,114.33849938105553,118.65325493772123
2023-04-10 05:00:00+00:00,77.61,118.9,167.54,114.18313492052373,122.24987737218417
2023-04-10 06:00:00+00:00,69.43,122.98,163.79,105.4805761646798,126.01554003849216
2023-04-10 07:00:00+00:00,54.88,112.21,128.38,84.24762215078232,115.1260343304493
2023-04-10 08:00:00+00:00,22.07,100.0,103.8,65.35291770878231,103.1852444722582
2023-04-10 09:00:00+00:00,0.2,87.0,88.76,47.654722384189256,91.99246177536251
2023-04-10 10:00:00+00:00,-1.01,81.96,80.98,36.8465307164726,86.0676263200969
2023-04-10 11:00:00+00:00,-8.82,60.01,74.9,23.16189003175525,68.38447305148225
2023-04-10 12:00:00+00:00,-7.77,55.0,71.66,20.440321533047836,62.98526719374991
2023-04-10 13:00:00+00:00,-4.07,56.0,78.91,24.522956855278764,63.86513048261225
2023-04-10 14:00:00+00:00,-0.07,74.0,82.0,41.87895070769059,77.2672933752607
2023-04-10 15:00:00+00:00,19.49,86.35,100.35,64.76640059239568,91.5437514432762
2023-04-10 16:00:00+00:00,44.58,115.2,133.77,97.42949271338819,119.44545528949078
2023-04-10 17:00:00+00:00,65.54,129.97,158.11,111.38474051460166,136.26513345263973
2023-04-10 18:00:00+00:00,40.84,133.46,156.25,106.58577145990029,140.31619848778837
2023-04-10 19:00:00+00:00,21.81,126.39,142.94,94.16457553709866,134.515269562952
2023-04-10 20:00:00+00:00,11.52,115.0,132.02,81.70746954452405,125.55762174543453
2023-04-10 21:00:00+00:00,0.1,106.94,113.12,69.51225274405806,116.1057374426981
2023-04-10 22:00:00+00:00,1.45,98.21,110.85,61.614654828438916,105.54982437591971
2023-04-10 23:00:00+00:00,0.99,81.85,110.0,54.06656782283213,93.12320684944885
2023-04-11 00:00:00+00:00,0.72,78.14,113.68,55.112413372858704,91.27139602829256
2023-04-11 01:00:00+00:00,1.09,71.9,115.42,55.797035496569876,87.86562629331411
2023-04-11 02:00:00+00:00,6.1,70.0,116.64,60.27039877744471,88.32308976965892
2023-04-11 03:00:00+00:00,34.02,72.96,121.91,69.43930080246065,93.49874742129869
2023-04-11 04:00:00+00:00,93.8,80.0,145.35,88.0198828798379,106.88457176345364
2023-04-11 05:00:00+00:00,105.63,77.61,180.38,98.83473047011701,113.28138189857933
2023-04-11 06:00:00+00:00,108.26,69.43,178.53,94.56241399862262,109.19586628825873
2023-04-11 07:00:00+00:00,93.8,54.88,147.63,74.97475776400431,93.99382920498371
2023-04-11 08:00:00+00:00,54.25,22.07,118.43,44.61505158352175,67.27251760536444
2023-04-11 09:00:00+00:00,9.03,0.2,112.02,24.06210187999666,51.05868809445732
2023-04-11 10:00:00+00:00,0.07,-1.01,108.86,16.44596861688629,48.96120318565945
2023-04-11 11:00:00+00:00,-0.1,-8.82,108.12,6.0241117025826725,40.944957377015925
2023-04-11 12:00:00+00:00,-0.09,-7.77,107.31,2.53398828099688,39.77689590772185
2023-04-11 13:00:00+00:00,-0.01,-4.07,108.71,6.713092332605413,42.01732636375614
2023-04-11 14:00:00+00:00,6.61,-0.07,112.73,17.78091961183044,46.62186825528894
2023-04-11 15:00:00+00:00,82.2,19.49,122.0,48.05043589711559,64.4331804376655
2023-04-11 16:00:00+00:00,130.8,44.58,147.1,89.89906479605501,89.15444611535086
2023-04-11 17:00:00+00:00,162.46,65.54,180.0,125.80022213301675,110.5447376376309
2023-04-11 18:00:00+00:00,165.38,40.84,177.32,117.96112164884032,94.02104689951389
2023-04-11 19:00:00+00:00,141.39,21.81,155.56,102.50337696701517,76.57094732858293
2023-04-11 20:00:00+00:00,130.8,11.52,141.19,89.57648876164204,65.53244609448404
2023-04-11 21:00:00+00:00,111.0,0.1,129.93,73.77333906419796,53.62934869396065
2023-04-11 22:00:00+00:00,97.6,1.45,127.51,54.56550385290172,41.03834157095979
2023-04-11 23:00:00+00:00,86.23,0.99,118.26,45.44598232699554,36.84484102374775
2023-04-12 00:00:00+00:00,80.63,0.72,119.61,41.23710041133678,36.373941366570605
2023-04-12 01:00:00+00:00,78.71,1.09,118.25,39.42916255122316,36.38350721765404
2023-04-12 02:00:00+00:00,80.2,6.1,124.99,43.39598135841209,41.60618014143415
2023-04-12 03:00:00+00:00,85.8,34.02,134.46,62.73963684839388,64.50000348754706
2023-04-12 04:00:00+00:00,108.22,93.8,165.82,105.89603512732167,115.13034605846279
2023-04-12 05:00:00+00:00,124.87,105.63,207.92,121.04829311086684,132.6757517756456
2023-04-12 06:00:00+00:00,136.41,108.26,179.74,118.35733201864626,132.07867840820987
2023-04-12 07:00:00+00:00,131.99,93.8,142.16,103.44476346239911,115.90851134990308
2023-04-12 08:00:00+00:00,120.0,54.25,119.6,77.4401185546432,83.43415817948406
2023-04-12 09:00:00+00:00,111.56,9.03,115.0,50.00152004986411,49.5647580781381
2023-04-12 10:00:00+00:00,100.72,0.07,113.59,42.79868720169458,41.16313976588664
2023-04-12 11:00:00+00:00,97.36,-0.1,113.84,41.42502632480915,37.97427461424974
2023-04-12 12:00:00+00:00,97.62,-0.09,113.81,41.3942448742289,35.627520104387074
2023-04-12 13:00:00+00:00,97.07,-0.01,113.59,44.63163389515734,34.61714388816377
2023-04-12 14:00:00+00:00,100.34,6.61,116.3,52.1738681848292,38.85733348029292
2023-04-12 15:00:00+00:00,109.92,82.2,135.61,102.3018946498878,95.2956245659855
2023-04-12 16:00:00+00:00,134.66,130.8,156.52,139.62330032568264,135.3314219328135
2023-04-12 17:00:00+00:00,145.0,162.46,199.56,167.9901893075347,166.94843227862611
2023-04-12 18:00:00+00:00,129.7,165.38,191.68,165.84170234960737,167.25865199999146
2023-04-12 19:00:00+00:00,122.76,141.39,164.98,142.32482747046413,145.54313642707012
2023-04-12 20:00:00+00:00,109.3,130.8,151.39,125.55981729302397,134.24408527468898
2023-04-12 21:00:00+00:00,97.95,111.0,139.13,102.7280459879515,115.67037900093592
2023-04-12 22:00:00+00:00,97.23,97.6,135.54,90.30220803427423,98.9335831669661
2023-04-12 23:00:00+00:00,85.09,86.23,124.12,76.17199150594162,87.9923342034532
2023-04-13 00:00:00+00:00,79.33,80.63,120.0,68.00881717906614,82.32405050255872
2023-04-13 01:00:00+00:00,72.86,78.71,115.33,65.1816620826887,79.83167471798713
2023-04-13 02:00:00+00:00,71.27,80.2,114.85,66.16140512574825,80.89708733743782
2023-04-13 03:00:00+00:00,82.5,85.8,124.91,75.73680097889996,90.07628539059492
2023-04-13 04:00:00+00:00,102.06,108.22,142.51,102.05730284746267,117.42405095626914
2023-04-13 05:00:00+00:00,115.04,124.87,161.63,118.73480592128232,134.5311303515416
2023-04-13 06:00:00+00:00,118.96,136.41,155.96,124.53637480813592,143.0756392062733
2023-04-13 07:00:00+00:00,102.81,131.99,129.45,114.0726554600132,135.74527785086997
2023-04-13 08:00:00+00:00,85.98,120.0,114.63,98.92356822068277,122.42280506416692
2023-04-13 09:00:00+00:00,89.22,111.56,105.1,89.93698428267481,110.89902840112502
2023-04-13 10:00:00+00:00,90.12,100.72,104.02,84.57977947443365,100.66521918152182
2023-04-13 11:00:00+00:00,93.77,97.36,103.1,82.05825609278745,94.57090107042787
2023-04-13 12:00:00+00:00,92.48,97.62,106.01,82.21017936856467,91.13637733842522
2023-04-13 13:00:00+00:00,105.02,97.07,108.13,83.62830418561069,87.47946243157645
2023-04-13 14:00:00+00:00,93.23,100.34,109.87,87.41135515611742,85.58780901409817
2023-04-13 15:00:00+00:00,110.14,109.92,121.16,107.52242263106142,99.50212626634828
2023-04-13 16:00:00+00:00,129.86,134.66,140.0,137.15008008605568,123.4418747552248
2023-04-13 17:00:00+00:00,171.44,145.0,150.0,154.3355030100784,135.31255307312324
2023-04-13 18:00:00+00:00,180.93,129.7,144.08,145.42643830382528,124.23277696720798
2023-04-13 19:00:00+00:00,160.59,122.76,129.43,133.94456158566456,114.58254897159856
2023-04-13 20:00:00+00:00,139.28,109.3,115.38,118.79388005491174,101.22876960747328
2023-04-13 21:00:00+00:00,132.72,97.95,107.62,105.62101068685465,89.24829433401652
2023-04-13 22:00:00+00:00,118.09,97.23,100.31,103.41612352152362,89.95141691546561
2023-04-13 23:00:00+00:00,112.8,85.09,98.73,95.98446826370025,79.93623685017293
2023-04-14 00:00:00+00:00,116.54,79.33,100.07,93.58071394294868,75.68082343445786
2023-04-14 01:00:00+00:00,112.8,72.86,101.79,93.04967616324433,71.96483994038
2023-04-14 02:00:00+00:00,113.14,71.27,103.15,96.6253022194522,72.29769725383552
2023-04-14 03:00:00+00:00,127.4,82.5,106.95,109.67050392714751,83.04463921733708
2023-04-14 04:00:00+00:00,144.74,102.06,102.94,131.2467390393061,102.48410583000394
2023-04-14 05:00:00+00:00,171.76,115.04,106.66,145.3430422189587,116.79494769554123
2023-04-14 06:00:00+00:00,176.11,118.96,110.74,146.0275361289183,122.11620484462792
2023-04-14 07:00:00+00:00,150.88,102.81,103.95,129.5448067289384,109.45952679923761
2023-04-14 08:00:00+00:00,129.86,85.98,101.76,114.6111131399329,97.01812043933376
2023-04-14 09:00:00+00:00,118.66,89.22,100.9,111.84103421313796,97.78311476733452
2023-04-14 10:00:00+00:00,107.54,90.12,91.96,105.5617339603258,94.17080400370764
2023-04-14 11:00:00+00:00,105.8,93.77,86.77,102.15173662731394,92.85380401461661
2023-04-14 12:00:00+00:00,106.22,92.48,85.0,97.45340317214449,88.94704629590188
2023-04-14 13:00:00+00:00,109.3,105.02,92.12,104.42429414845533,96.59931174198394
2023-04-14 14:00:00+00:00,105.24,93.23,100.81,102.06651906142845,89.18498850755233
2023-04-14 15:00:00+00:00,116.54,110.14,107.74,118.88556279806375,103.11552247883876
2023-04-14 16:00:00+00:00,138.16,129.86,127.78,140.2067089378956,122.05760479088437
2023-04-14 17:00:00+00:00,151.69,171.44,138.55,170.06039456561703,154.61698240605176
2023-04-14 18:00:00+00:00,152.21,180.93,135.07,172.46805366480783,160.39147618222734
2023-04-14 19:00:00+00:00,151.0,160.59,135.0,155.35592557347042,145.35744062506075
2023-04-14 20:00:00+00:00,134.33,139.28,136.6,137.50461987388366,128.79293192267062
2023-04-14 21:00:00+00:00,120.29,132.72,131.78,127.0860251576411,120.66696038276329
2023-04-14 22:00:00+00:00,123.9,118.09,123.85,113.78688021639184,106.3596158213033
2023-04-14 23:00:00+00:00,112.0,112.8,113.74,106.08886640077903,97.7845643637063
2023-04-15 00:00:00+00:00,114.38,116.54,114.26,104.89532571173547,96.7040269672302
2023-04-15 01:00:00+00:00,108.0,112.8,110.75,99.90779255640085,89.94146741070148
2023-04-15 02:00:00+00:00,105.14,113.14,110.78,97.92298416103152,86.75475774278097
2023-04-15 03:00:00+00:00,103.55,127.4,112.16,103.82306513916589,93.83291801529155
2023-04-15 04:00:00+00:00,105.56,144.74,114.74,112.35299215280425,104.19436780299807
2023-04-15 05:00:00+00:00,104.85,171.76,129.35,127.30451562294022,123.77276299795722
2023-04-15 06:00:00+00:00,106.21,176.11,133.2,128.8312949644009,128.0986216177336
2023-04-15 07:00:00+00:00,101.83,150.88,129.35,111.0213731710636,109.57535127473238
2023-04-15 08:00:00+00:00,97.96,129.86,114.74,93.3275742608509,91.96052837929334
2023-04-15 09:00:00+00:00,93.95,118.66,106.95,84.91321929276586,83.19342225041389
2023-04-15 10:00:00+00:00,88.55,107.54,101.84,76.33096034563427,73.71907601069746
2023-04-15 11:00:00+00:00,83.63,105.8,99.0,74.01023127730856,71.41707342886733
2023-04-15 12:00:00+00:00,82.17,106.22,95.36,73.53607896845494,70.68990260348923
2023-04-15 13:00:00+00:00,84.9,109.3,94.4,78.05975533411272,74.73964610511024
2023-04-15 14:00:00+00:00,92.97,105.24,98.12,81.05733477057524,74.35908225761207
2023-04-15 15:00:00+00:00,98.81,116.54,107.0,96.34505310927578,88.80214848850393
2023-04-15 16:00:00+00:00,112.66,138.16,121.9,117.54970421000337,111.15482966343228
2023-04-15 17:00:00+00:00,132.79,151.69,135.01,131.77901636888217,128.56098601171
2023-04-15 18:00:00+00:00,134.51,152.21,139.77,131.52750554787707,131.6067430555542
2023-04-15 19:00:00+00:00,127.8,151.0,137.31,128.1291100924367,129.6694257136088
2023-04-15 20:00:00+00:00,127.71,134.33,134.9,117.79663084154919,117.1572058829596
2023-04-15 21:00:00+00:00,119.3,120.29,126.98,107.12449232580795,104.9939759088883
2023-04-15 22:00:00+00:00,111.55,123.9,127.99,109.67201827098928,112.10176140600194
2023-04-15 23:00:00+00:00,103.49,112.0,117.86,99.3299904567332,99.28050056397882
2023-04-16 00:00:00+00:00,102.68,114.38,119.83,99.5274717243547,98.5889334545278
2023-04-16 01:00:00+00:00,101.09,108.0,117.99,95.69119926509111,91.30271341214099
2023-04-16 02:00:00+00:00,102.63,105.14,118.24,94.31446783227706,86.59987753826397
2023-04-16 03:00:00+00:00,103.5,103.55,117.86,94.4265502390663,83.46116471963637
2023-04-16 05:00:00+00:00,103.37,104.85,118.9,97.60778732661659,81.62832161605932
2023-04-16 06:00:00+00:00,110.43,106.21,122.98,100.80222541089452,83.130879101332
2023-04-16 07:00:00+00:00,114.68,101.83,112.21,96.88511780992681,77.51645703074675
2023-04-16 08:00:00+00:00,111.04,97.96,100.0,91.88244783451499,72.19665402158047
2023-04-16 09:00:00+00:00,107.83,93.95,87.0,86.95586724146948,67.75233118022551
2023-04-16 10:00:00+00:00,104.05,88.55,81.96,79.40388231038968,61.5984947220518
2023-04-16 11:00:00+00:00,98.16,83.63,60.01,71.08475874706389,54.35377865668751
2023-04-16 12:00:00+00:00,94.71,82.17,55.0,68.61371711985592,52.92129611898455
2023-04-16 13:00:00+00:00,94.26,84.9,56.0,71.52098001361712,56.71921803609932
2023-04-16 14:00:00+00:00,96.04,92.97,74.0,82.56026642856392,67.24751921220016
2023-04-16 15:00:00+00:00,100.97,98.81,86.35,95.55231347731436,78.52500671844615
2023-04-16 16:00:00+00:00,115.21,112.66,115.2,116.9171216091215,98.684722151373
2023-04-16 17:00:00+00:00,132.88,132.79,129.97,135.3477768467367,119.11150795126204
2023-04-16 18:00:00+00:00,140.0,134.51,133.46,137.0865957341061,123.83119338499162
2023-04-16 19:00:00+00:00,135.0,127.8,126.39,130.39200992751978,120.03243837421564
2023-04-16 20:00:00+00:00,129.97,127.71,115.0,128.27003077644844,119.57614959971495
2023-04-16 21:00:00+00:00,125.35,119.3,106.94,118.86879693713946,110.76307306305705
2023-04-16 22:00:00+00:00,114.75,111.55,98.21,123.15325734451676,115.81465582941263
2023-04-16 23:00:00+00:00,111.14,103.49,81.85,115.0602737685438,106.72939704781056
2023-04-17 00:00:00+00:00,108.96,102.68,78.14,114.34935431095971,105.7937963397556
2023-04-17 01:00:00+00:00,110.44,101.09,71.9,114.72375233528003,104.1184019125082
2023-04-17 02:00:00+00:00,110.0,102.63,70.0,119.53763212235944,106.30757711279028
2023-04-17 03:00:00+00:00,115.03,103.5,72.96,127.0753136064712,110.05987399836967
2023-04-17 05:00:00+00:00,178.68,103.37,77.61,145.88734309300153,121.15672398879408
2023-04-17 06:00:00+00:00,200.51,110.43,69.43,148.2659629632849,126.5894253087016
2023-04-17 07:00:00+00:00,163.14,114.68,54.88,142.78514473465174,126.61306846717514
2023-04-17 08:00:00+00:00,135.61,111.04,22.07,129.1531476082732,119.31930488965762
2023-04-17 09:00:00+00:00,118.18,107.83,0.2,115.65761520808383,112.98515759408336
2023-04-17 10:00:00+00:00,105.35,104.05,-1.01,104.148003508268,107.97574435223912
2023-04-17 11:00:00+00:00,102.25,98.16,-8.82,91.85450750197495,99.9688674763088
2023-04-17 12:00:00+00:00,97.16,94.71,-7.77,84.12415886557564,94.72547243542112
2023-04-17 13:00:00+00:00,96.94,94.26,-4.07,83.15489872582528,93.61095452070944
2023-04-17 14:00:00+00:00,96.76,96.04,-0.07,86.73585346023603,94.82469021196533
2023-04-17 15:00:00+00:00,100.99,100.97,19.49,99.31766147975227,102.53433268368818
2023-04-17 16:00:00+00:00,122.33,115.21,44.58,120.52999185510333,118.40860104476258
2023-04-17 17:00:00+00:00,143.61,132.88,65.54,141.34903947008604,137.07314667965528
2023-04-17 18:00:00+00:00,142.78,140.0,40.84,139.8749367788421,139.45996963438637
2023-04-17 19:00:00+00:00,134.25,135.0,21.81,128.34229689721246,132.30512700416276
2023-04-17 20:00:00+00:00,122.82,129.97,11.52,119.12040538219928,125.90557591236785
2023-04-17 21:00:00+00:00,109.16,125.35,0.1,110.56653203608528,118.5262642869403
2023-04-17 22:00:00+00:00,105.31,114.75,1.45,88.91187247511326,97.25390498720833
2023-04-17 23:00:00+00:00,102.07,111.14,0.99,85.03499029187837,92.94995873384141
2023-04-18 00:00:00+00:00,101.1,108.96,0.72,84.02276671357717,91.10156481065323
2023-04-18 01:00:00+00:00,101.29,110.44,1.09,86.20235773576506,92.38358395037038
2023-04-18 02:00:00+00:00,100.55,110.0,6.1,89.72979444727224,94.19508445834855
2023-04-18 03:00:00+00:00,101.27,115.03,34.02,101.77715730880789,103.98989805512343
2023-04-18 05:00:00+00:00,140.27,178.68,105.63,164.92681674517286,167.87903428805163
2023-04-18 06:00:00+00:00,154.88,200.51,108.26,178.988803407842,186.43744466184114
2023-04-18 07:00:00+00:00,133.99,163.14,93.8,151.18564536645493,158.98555936972903
2023-04-18 08:00:00+00:00,106.21,135.61,54.25,124.392479928921,134.68036508381354
2023-04-18 09:00:00+00:00,103.58,118.18,9.03,102.87551309391455,116.07096970319199
2023-04-18 10:00:00+00:00,94.94,105.35,0.07,87.72241700214681,104.19975191630728
2023-04-18 11:00:00+00:00,84.96,102.25,-0.1,79.41020243560193,99.05108145533552
2023-04-18 12:00:00+00:00,84.7,97.16,-0.09,71.08219439334974,92.40593921827677
2023-04-18 13:00:00+00:00,77.63,96.94,-0.01,69.319599134735,90.79709111398476
2023-04-18 14:00:00+00:00,79.39,96.76,6.61,71.93622077685356,90.55535700747217
2023-04-18 15:00:00+00:00,94.39,100.99,82.2,90.37236537308209,104.75783217800249
2023-04-18 16:00:00+00:00,108.21,122.33,130.8,117.8797709674091,128.30605691957638
2023-04-18 17:00:00+00:00,130.46,143.61,162.46,141.59632957457512,150.44568940965917
2023-04-18 18:00:00+00:00,135.01,142.78,165.38,138.83090586693655,151.37223009320653
2023-04-18 19:00:00+00:00,121.48,134.25,141.39,123.95219367238536,141.0346407788696
2023-04-18 20:00:00+00:00,108.76,122.82,130.8,110.4622835217561,129.76358820337305
2023-04-18 21:00:00+00:00,99.96,109.16,111.0,95.91633561595134,115.35032840020888
2023-04-18 22:00:00+00:00,102.3,105.31,97.6,79.47226879850447,96.92496581593663
2023-04-18 23:00:00+00:00,97.54,102.07,86.23,76.0124781430741,91.94967674690943
2023-04-19 00:00:00+00:00,99.92,101.1,80.63,76.35685392212415,90.08350951953082
2023-04-19 01:00:00+00:00,98.95,101.29,78.71,79.8077786915939,90.71783623731685
2023-04-19 02:00:00+00:00,101.33,100.55,80.2,83.94862201523476,91.55822624111103
2023-04-19 03:00:00+00:00,105.87,101.27,85.8,92.4669644900556,96.26871807687355
2023-04-19 04:00:00+00:00,130.0,127.0,108.22,120.19937572127246,124.02929280644625
2023-04-19 05:00:00+00:00,138.96,140.27,124.87,134.22902057043666,141.1174334511739
2023-04-19 06:00:00+00:00,139.28,154.88,136.41,139.5737184358953,154.0280578330166
2023-04-19 07:00:00+00:00,118.83,133.99,131.99,115.600027808625,134.9881959967172
2023-04-19 08:00:00+00:00,90.39,106.21,120.0,85.09989953501974,111.60894732950511
2023-04-19 09:00:00+00:00,64.68,103.58,111.56,71.69529417447967,106.63772431247381
2023-04-19 10:00:00+00:00,29.6,94.94,100.72,56.685024102133156,97.02734490823302
2023-04-19 11:00:00+00:00,5.29,84.96,97.36,44.12673061537939,87.65586881115254
2023-04-19 12:00:00+00:00,0.09,84.7,97.62,39.29816878660267,84.36256657275602
2023-04-19 13:00:00+00:00,2.71,77.63,97.07,35.822178552919965,78.46607063380509
2023-04-19 14:00:00+00:00,22.74,79.39,100.34,41.31812745046456,79.73308414227509
2023-04-19 15:00:00+00:00,72.31,94.39,109.92,60.13606336891957,93.00890993049336
2023-04-19 16:00:00+00:00,94.79,108.21,134.66,83.95712034334582,108.76945887532275
2023-04-19 17:00:00+00:00,119.69,130.46,145.0,108.52066434779336,128.5764587846424
2023-04-19 18:00:00+00:00,130.73,135.01,129.7,109.42561785460907,129.53678010605216
2023-04-19 19:00:00+00:00,122.82,121.48,122.76,97.94110130462775,117.85193516504108
2023-04-19 20:00:00+00:00,109.9,108.76,109.3,86.11220336655686,105.18639869646364
2023-04-19 21:00:00+00:00,101.66,99.96,97.95,75.57649446221345,94.21508068703321
2023-04-19 22:00:00+00:00,100.19,102.3,97.23,69.67472441694605,89.21792610592254
2023-04-19 23:00:00+00:00,94.35,97.54,85.09,64.9606193986901,83.10032294947054
2023-04-20 00:00:00+00:00,96.76,99.92,79.33,66.58811831373953,83.54938333227582
2023-04-20 01:00:00+00:00,94.98,98.95,72.86,68.75905756269981,82.58518910287948
2023-04-20 02:00:00+00:00,97.18,101.33,71.27,74.86245906801935,84.92021606570616
2023-04-20 03:00:00+00:00,102.78,105.87,82.5,87.10616876979857,92.45448295527788
2023-04-20 04:00:00+00:00,127.97,130.0,102.06,114.79254682962717,118.65005676482659
2023-04-20 05:00:00+00:00,144.48,138.96,115.04,127.8690070234816,130.7594283711412
2023-04-20 06:00:00+00:00,144.7,139.28,118.96,127.53574796660901,133.4946966074662
2023-04-20 07:00:00+00:00,130.07,118.83,102.81,108.14543439339536,115.15245685799798
2023-04-20 08:00:00+00:00,107.97,90.39,85.98,83.9299720409571,91.06637664061036
2023-04-20 09:00:00+00:00,96.94,64.68,89.22,65.83034375505459,73.3498136186247
2023-04-20 10:00:00+00:00,94.23,29.6,90.12,43.51712996215079,48.7337177376205
2023-04-20 11:00:00+00:00,89.61,5.29,93.77,28.641386922848284,31.917268299974154
2023-04-20 12:00:00+00:00,88.71,0.09,92.48,24.07787210026514,27.807092120259014
2023-04-20 13:00:00+00:00,86.68,2.71,105.02,26.2369889020668,30.364987830201343
2023-04-20 14:00:00+00:00,92.09,22.74,93.23,39.28447247947325,42.93808298610243
2023-04-20 15:00:00+00:00,103.76,72.31,110.14,75.66774368570573,80.99342583381102
2023-04-20 16:00:00+00:00,128.99,94.79,129.86,99.06306185172785,100.96794890438251
2023-04-20 17:00:00+00:00,142.1,119.69,171.44,123.03662258465636,126.49195830003029
2023-04-20 18:00:00+00:00,146.45,130.73,180.93,126.0657369051404,135.8833577454962
2023-04-20 19:00:00+00:00,134.57,122.82,160.59,110.39034144993471,125.79100757773422
2023-04-20 20:00:00+00:00,129.18,109.9,139.28,93.05355718769752,111.99317523284078
2023-04-20 21:00:00+00:00,106.21,101.66,132.72,80.66671566968779,102.62213636796041
2023-04-20 22:00:00+00:00,98.42,100.19,118.09,77.82789577563298,103.4519607785039
2023-04-20 23:00:00+00:00,91.88,94.35,112.8,71.62070074959482,97.11517857666945
2023-04-21 00:00:00+00:00,91.01,96.76,116.54,73.79661361942206,99.06376433122401
2023-04-21 01:00:00+00:00,92.98,94.98,112.8,75.14395219222388,97.77832173784
2023-04-21 02:00:00+00:00,92.6,97.18,113.14,80.69225538121023,100.41313556553618
2023-04-21 03:00:00+00:00,95.23,102.78,127.4,92.98931796608807,108.99155300665643
2023-04-21 04:00:00+00:00,120.92,127.97,144.74,120.28343193479722,135.19422249243115
2023-04-21 05:00:00+00:00,135.0,144.48,171.76,137.01139778690435,154.103051731724
2023-04-21 06:00:00+00:00,134.5,144.7,176.11,134.22853223346561,155.88163185666718
2023-04-21 07:00:00+00:00,106.25,130.07,150.88,114.14149417952865,140.1783632550269
2023-04-21 08:00:00+00:00,90.0,107.97,129.86,87.20074807419527,119.67987552795611
2023-04-21 09:00:00+00:00,77.43,96.94,118.66,68.28891149312855,107.71629468172868
2023-04-21 10:00:00+00:00,28.35,94.23,107.54,52.05582557122719,98.80118174440464
2023-04-21 11:00:00+00:00,0.09,89.61,105.8,40.10475156445028,89.77831762678811
2023-04-21 12:00:00+00:00,0.05,88.71,106.22,35.034584277726864,84.61113073353154
2023-04-21 13:00:00+00:00,5.29,86.68,109.3,34.75879742478104,80.03039248039498
2023-04-21 14:00:00+00:00,58.57,92.09,105.24,42.70969154795243,81.1939924096182
2023-04-21 15:00:00+00:00,90.07,103.76,116.54,67.74286106694711,96.1818283378076
2023-04-21 16:00:00+00:00,123.0,128.99,138.16,103.09508735090338,119.25146432827485
2023-04-21 17:00:00+00:00,140.57,142.1,151.69,123.91411724112363,133.56640392664528
2023-04-21 18:00:00+00:00,143.88,146.45,152.21,123.03788704525483,137.7252457428291
2023-04-21 19:00:00+00:00,126.22,134.57,151.0,108.86775077791762,127.76445557640606
2023-04-21 20:00:00+00:00,106.03,129.18,134.33,97.69696359279388,119.4415109157869
2023-04-21 21:00:00+00:00,99.06,106.21,120.29,78.16250335420838,99.18473695280527
2023-04-21 22:00:00+00:00,99.04,98.42,123.9,70.71580209943696,90.64370536257287
2023-04-21 23:00:00+00:00,95.19,91.88,112.0,64.31080404991664,81.4639687662303
2023-04-22 00:00:00+00:00,92.1,91.01,114.38,61.83938906075021,78.43350961641485
2023-04-22 01:00:00+00:00,92.95,92.98,108.0,62.22449899648131,76.01392598358652
2023-04-22 02:00:00+00:00,91.29,92.6,105.14,62.205446403593044,72.52267067086572
2023-04-22 03:00:00+00:00,95.99,95.23,103.55,64.4905231701708,71.55262202857531
2023-04-22 04:00:00+00:00,99.82,120.92,105.56,80.12456819179943,87.95500419111457
2023-04-22 05:00:00+00:00,102.58,135.0,104.85,85.35574906910941,97.08067616820678
2023-04-22 06:00:00+00:00,99.1,134.5,106.21,80.41451196599537,97.12064236189406
2023-04-22 07:00:00+00:00,86.0,106.25,101.83,58.84984923542066,76.7044908316999
2023-04-22 08:00:00+00:00,76.41,90.0,97.96,42.01954017561781,63.765975494965915
2023-04-22 09:00:00+00:00,45.06,77.43,93.95,29.3041357859274,54.0058900625737
2023-04-22 10:00:00+00:00,26.2,28.35,88.55,0.4546786495202184,20.464932741098508
2023-04-22 11:00:00+00:00,10.02,0.09,83.63,-13.531903412994751,1.3122097632700758
2023-04-22 12:00:00+00:00,5.62,0.05,82.17,-7.455087867957346,2.5941212618654674
2023-04-22 13:00:00+00:00,29.95,5.29,84.9,3.9757911271766773,9.160298015648209
2023-04-22 14:00:00+00:00,76.68,58.57,92.97,44.59223798427685,49.583840178853315
2023-04-22 15:00:00+00:00,95.0,90.07,98.81,78.02253330146966,77.44427754052992
2023-04-22 16:00:00+00:00,112.97,123.0,112.66,111.4944641206366,108.08555457029148
2023-04-22 17:00:00+00:00,131.84,140.57,132.79,129.13045352112752,126.9503663908799
2023-04-22 18:00:00+00:00,130.22,143.88,134.51,128.0562132696174,131.84252762075016
2023-04-22 19:00:00+00:00,127.0,126.22,127.8,113.31520274034762,118.94077766532999
2023-04-22 20:00:00+00:00,105.0,106.03,127.71,99.42693984405332,105.24052921992276
2023-04-22 21:00:00+00:00,101.18,99.06,119.3,89.70524844630445,96.11519622421714
2023-04-22 22:00:00+00:00,105.1,99.04,111.55,99.51353278036254,100.37897307938994
2023-04-22 23:00:00+00:00,97.31,95.19,103.49,93.86967793884517,93.6183511766699
2023-04-23 00:00:00+00:00,94.97,92.1,102.68,90.77226147984736,88.73098640929184
2023-04-23 01:00:00+00:00,89.39,92.95,101.09,91.49263236326343,86.64102220837638
2023-04-23 02:00:00+00:00,86.63,91.29,102.63,91.26202109713878,82.71374767514735
2023-04-23 03:00:00+00:00,88.74,95.99,103.5,94.0172196172656,82.6820598336675
2023-04-23 05:00:00+00:00,93.78,102.58,103.37,97.46329228353017,83.54963364871489
2023-04-23 06:00:00+00:00,93.43,99.1,110.43,94.60306245621165,81.94611758813271
2023-04-23 07:00:00+00:00,90.41,86.0,114.68,82.71838994742637,72.36177304730234
2023-04-23 08:00:00+00:00,79.33,76.41,111.04,69.3685501096339,64.54287375045683
2023-04-23 09:00:00+00:00,48.16,45.06,107.83,46.80541580613593,43.29966913950679
2023-04-23 10:00:00+00:00,35.5,26.2,104.05,28.145490358454992,25.74124492927986
2023-04-23 11:00:00+00:00,10.02,10.02,98.16,12.340950028545748,10.099525020111741
2023-04-23 12:00:00+00:00,4.88,5.62,94.71,9.15587254552662,5.875794758590104
2023-04-23 13:00:00+00:00,34.71,29.95,94.26,27.669939694153385,23.435854430329044
2023-04-23 14:00:00+00:00,64.15,76.68,96.04,66.91052643768312,62.01408273116721
2023-04-23 15:00:00+00:00,100.25,95.0,100.97,95.92545021538022,82.63343711235379
2023-04-23 16:00:00+00:00,125.74,112.97,115.21,125.37913257970014,104.72947557901853
2023-04-23 17:00:00+00:00,138.14,131.84,132.88,147.04660450903344,125.46801106228725
2023-04-23 18:00:00+00:00,137.13,130.22,140.0,146.43822340353896,129.03496689082007
2023-04-23 19:00:00+00:00,125.02,127.0,135.0,137.05008381482278,126.7673694108196
2023-04-23 20:00:00+00:00,116.95,105.0,129.97,117.69815384274634,111.15390432906285
2023-04-23 21:00:00+00:00,109.6,101.18,125.35,106.70984375158862,105.91024300591042
2023-04-23 22:00:00+00:00,87.7,105.1,114.75,100.30153479029516,115.99483984710142
2023-04-23 23:00:00+00:00,83.58,97.31,111.14,91.2370004371343,109.19403071554527
2023-04-24 00:00:00+00:00,82.09,94.97,108.96,88.74603495616697,106.94297761368925
2023-04-24 01:00:00+00:00,76.4,89.39,110.44,87.63545516306263,103.90772318199296
2023-04-24 02:00:00+00:00,75.08,86.63,110.0,89.44625625759873,103.39928601328012
2023-04-24 03:00:00+00:00,86.55,88.74,115.03,97.71678852109767,109.0643996615126
2023-04-24 04:00:00+00:00,114.6,89.88,140.82,113.69097694602144,120.49216678379884
2023-04-24 05:00:00+00:00,133.8,93.78,178.68,126.08498852426195,132.35864275383597
2023-04-24 06:00:00+00:00,135.0,93.43,200.51,125.36005626446646,136.21537066176438
2023-04-24 07:00:00+00:00,126.92,90.41,163.14,110.09016666485216,127.8167912710949
2023-04-24 08:00:00+00:00,110.81,79.33,135.61,92.15431253589992,115.3393341775469
2023-04-24 09:00:00+00:00,108.01,48.16,118.18,66.62961910007135,88.99635494118701
2023-04-24 10:00:00+00:00,98.07,35.5,105.35,51.22679930324415,75.96941969179089
2023-04-24 11:00:00+00:00,94.9,10.02,102.25,30.204428645643915,55.01299422937933
2023-04-24 12:00:00+00:00,87.0,4.88,97.16,20.98905614458991,48.08324491692648
2023-04-24 13:00:00+00:00,84.91,34.71,96.94,37.08392077289628,68.66410873891617
2023-04-24 14:00:00+00:00,85.89,64.15,96.76,56.944838435076086,91.24115778860327
2023-04-24 15:00:00+00:00,97.61,100.25,100.99,85.8235351495805,118.93170045281637
2023-04-24 16:00:00+00:00,117.41,125.74,122.33,115.81602101747742,141.95346224286698
2023-04-24 17:00:00+00:00,134.57,138.14,143.61,137.8661692891209,156.6635076054498
2023-04-24 18:00:00+00:00,135.97,137.13,142.78,140.18842223721978,156.25587628705605
2023-04-24 19:00:00+00:00,132.13,125.02,134.25,129.66597789176572,145.8525899488425
2023-04-24 20:00:00+00:00,120.23,116.95,122.82,118.55384915772541,135.77172880335232
2023-04-24 21:00:00+00:00,101.25,109.6,109.16,106.78230849829153,126.21536398842551
2023-04-24 22:00:00+00:00,96.41,87.7,105.31,80.9625153098898,99.6257708508142
2023-04-24 23:00:00+00:00,95.27,83.58,102.07,77.03889703394708,94.62519352929704
2023-04-25 00:00:00+00:00,93.63,82.09,101.1,76.8641433708946,93.01999646521237
2023-04-25 01:00:00+00:00,92.02,76.4,101.29,76.68783827061516,89.23753201671474
2023-04-25 02:00:00+00:00,91.82,75.08,100.55,80.68608025084396,89.34665585007745
2023-04-25 03:00:00+00:00,97.41,86.55,101.27,94.44102875833897,100.3078037907965
2023-04-25 04:00:00+00:00,121.6,114.6,127.0,123.75977544656922,128.5342547848373
2023-04-25 05:00:00+00:00,134.1,133.8,140.27,140.50513977717713,147.21450779603958
2023-04-25 06:00:00+00:00,134.93,135.0,154.88,139.73580937184443,151.18272602334073
2023-04-25 07:00:00+00:00,109.76,126.92,133.99,124.93342918950691,142.03508702132405
2023-04-25 08:00:00+00:00,96.24,110.81,106.21,106.02491300906617,125.89115137605468
2023-04-25 09:00:00+00:00,85.07,108.01,103.58,97.09864850571569,120.08982962410062
2023-04-25 10:00:00+00:00,78.56,98.07,94.94,83.1236768571096,109.11718614766994
2023-04-25 11:00:00+00:00,73.11,94.9,84.96,71.41983556776985,100.20948728787414
2023-04-25 12:00:00+00:00,64.48,87.0,84.7,58.16088705631485,89.83195258515741
2023-04-25 13:00:00+00:00,64.69,84.91,77.63,53.243276250374315,87.24688815885534
2023-04-25 14:00:00+00:00,74.18,85.89,79.39,56.23284898433204,89.24478293341447
2023-04-25 15:00:00+00:00,83.73,97.61,94.39,73.4487739575904,102.77429093643664
2023-04-25 16:00:00+00:00,101.23,117.41,108.21,98.57565839563372,121.21896395019989
2023-04-25 17:00:00+00:00,132.12,134.57,130.46,124.58981520415821,138.6321616188601
2023-04-25 18:00:00+00:00,144.16,135.97,135.01,130.46414685760436,140.2024001404758
2023-04-25 19:00:00+00:00,133.53,132.13,121.48,124.68943799907437,134.3280591136907
2023-04-25 20:00:00+00:00,124.6,120.23,108.76,112.34748712787135,122.64795661180204
2023-04-25 21:00:00+00:00,101.26,101.25,99.96,94.99302818148887,105.5683784236518
2023-04-25 22:00:00+00:00,95.48,96.41,102.3,79.36939031067017,89.27934738093643
2023-04-25 23:00:00+00:00,93.25,95.27,97.54,76.09733704616593,86.4003462148825
2023-04-26 00:00:00+00:00,94.2,93.63,99.92,74.82939885773736,84.92644045355497
2023-04-26 01:00:00+00:00,92.3,92.02,98.95,74.8721167315612,83.26831740409047
2023-04-26 02:00:00+00:00,93.33,91.82,101.33,77.98849242220453,83.74552220231803
2023-04-26 03:00:00+00:00,100.59,97.41,105.87,89.00573289424179,91.42731815603067
2023-04-26 04:00:00+00:00,125.16,121.6,130.0,117.73891919366821,118.60755324377266
2023-04-26 05:00:00+00:00,139.91,134.1,138.96,129.51096307961745,132.67857865765802
2023-04-26 06:00:00+00:00,129.97,134.93,139.28,123.33017659043459,134.65141907502337
2023-04-26 07:00:00+00:00,95.21,109.76,118.83,94.97133778497118,113.69770692516376
2023-04-26 08:00:00+00:00,88.23,96.24,90.39,78.11002926432383,99.75812771166713
2023-04-26 09:00:00+00:00,95.4,85.07,64.68,68.03400654924558,88.26900661096641
2023-04-26 10:00:00+00:00,94.27,78.56,29.6,59.378353332419145,77.71464043599232
2023-04-26 11:00:00+00:00,94.54,73.11,5.29,53.133844173068496,69.54620250932504
2023-04-26 12:00:00+00:00,94.37,64.48,0.09,46.955599393600586,60.51016030007615
2023-04-26 13:00:00+00:00,92.85,64.69,2.71,50.06671153417797,60.04755994187787
2023-04-26 14:00:00+00:00,98.2,74.18,22.74,62.59493205756755,68.1942400151334
2023-04-26 15:00:00+00:00,112.19,83.73,72.31,83.63467985869764,82.55640761660807
2023-04-26 16:00:00+00:00,127.88,101.23,94.79,106.62251195463301,99.53562044593832
2023-04-26 17:00:00+00:00,148.11,132.12,119.69,136.00246503028387,125.8114451758428
2023-04-26 18:00:00+00:00,154.97,144.16,130.73,145.85252059236848,135.19402274140293
2023-04-26 19:00:00+00:00,146.12,133.53,122.82,135.80785480974654,126.02722050871444
2023-04-26 20:00:00+00:00,130.0,124.6,109.9,124.29016358057783,116.09096262954232
2023-04-26 21:00:00+00:00,120.77,101.26,101.66,104.85258282070066,95.64998063239358
2023-04-26 22:00:00+00:00,107.12,95.48,100.19,95.8370055272997,85.17613107547288
2023-04-26 23:00:00+00:00,100.58,93.25,94.35,92.09216436947396,81.90538037738185
2023-04-27 00:00:00+00:00,98.0,94.2,96.76,92.56520528794441,82.39359747625274
2023-04-27 01:00:00+00:00,96.46,92.3,94.98,93.07698167262723,81.02559288345891
2023-04-27 02:00:00+00:00,97.42,93.33,97.18,97.70021545249783,82.86348034405691
2023-04-27 03:00:00+00:00,107.19,100.59,102.78,110.22179173471926,91.80652725873743
2023-04-27 04:00:00+00:00,126.1,125.16,127.97,138.46070123676694,118.73561853907215
2023-04-27 05:00:00+00:00,142.79,139.91,144.48,150.04319957856052,134.58557444432162
2023-04-27 06:00:00+00:00,135.61,129.97,144.7,136.51371056976694,129.07086055054538
2023-04-27 07:00:00+00:00,108.53,95.21,130.07,101.34304918372597,100.93602635377543
2023-04-27 08:00:00+00:00,94.64,88.23,107.97,83.36418659740988,91.50280164638926
2023-04-27 09:00:00+00:00,94.19,95.4,96.94,80.6834953682517,93.10717394958519
2023-04-27 10:00:00+00:00,92.78,94.27,94.23,78.10832624449853,89.44993132447775
2023-04-27 11:00:00+00:00,90.97,94.54,89.61,77.19318730320606,86.25471543675089
2023-04-27 12:00:00+00:00,92.55,94.37,88.71,77.40758821255454,82.88954625639435
2023-04-27 13:00:00+00:00,94.64,92.85,86.68,79.20961026557069,79.80937759411647
2023-04-27 14:00:00+00:00,96.28,98.2,92.09,90.05888356816718,83.89108329342635
2023-04-27 15:00:00+00:00,102.35,112.19,103.76,110.72209240552424,96.67116533636516
2023-04-27 16:00:00+00:00,125.98,127.88,128.99,134.99515135551164,113.200373672824
2023-04-27 17:00:00+00:00,153.85,148.11,142.1,157.6916164232884,132.38522519402633
2023-04-27 18:00:00+00:00,163.57,154.97,146.45,162.41713524617563,138.94000947011145
2023-04-27 19:00:00+00:00,141.5,146.12,134.57,149.66886343645962,130.32490670919165
2023-04-27 20:00:00+00:00,125.42,130.0,129.18,131.59788631998632,116.7385433024319
2023-04-27 21:00:00+00:00,101.54,120.77,106.21,113.55464447345983,103.20747346385544
2023-04-27 22:00:00+00:00,102.03,107.12,98.42,106.2079289329046,95.37938909479769
2023-04-27 23:00:00+00:00,92.97,100.58,91.88,98.09111725875611,89.27330514298394
2023-04-28 00:00:00+00:00,90.35,98.0,91.01,94.4391376025787,86.98607641416868
2023-04-28 01:00:00+00:00,92.68,96.46,92.98,93.70221232813245,86.27878315931743
2023-04-28 02:00:00+00:00,92.91,97.42,92.6,95.21406056040652,87.69758253084116
2023-04-28 03:00:00+00:00,95.85,107.19,95.23,104.95065359875393,97.77065031906795
2023-04-28 04:00:00+00:00,113.77,126.1,120.92,126.3608869754558,120.8116075065698
2023-04-28 05:00:00+00:00,123.82,142.79,135.0,141.69168221586136,139.38595188045505
2023-04-28 06:00:00+00:00,126.81,135.61,134.5,138.32064394736653,134.7656568272454
2023-04-28 07:00:00+00:00,120.69,108.53,106.25,117.93065625935995,108.8201232317085
2023-04-28 08:00:00+00:00,113.18,94.64,90.0,107.44606309388101,96.18283661485235
2023-04-28 09:00:00+00:00,106.17,94.19,77.43,104.98282017388463,93.74902338256608
2023-04-28 10:00:00+00:00,102.05,92.78,28.35,95.26436244928529,84.67741541749133
2023-04-28 11:00:00+00:00,93.09,90.97,0.09,86.77104609542715,77.41435154570252
2023-04-28 12:00:00+00:00,90.19,92.55,0.05,82.98810826740076,75.63670034739474
2023-04-28 13:00:00+00:00,89.0,94.64,5.29,83.2259190218821,76.24578109502572
2023-04-28 14:00:00+00:00,90.61,96.28,58.57,91.31698884497428,83.76784494464852
2023-04-28 15:00:00+00:00,100.24,102.35,90.07,102.66021418952396,93.7006095419902
2023-04-28 16:00:00+00:00,115.7,125.98,123.0,123.88709054612102,116.07173635004233
2023-04-28 17:00:00+00:00,120.04,153.85,140.57,145.0977020692813,140.04085385970168
2023-04-28 18:00:00+00:00,125.4,163.57,143.88,149.77768912758253,148.04442493869215
2023-04-28 19:00:00+00:00,124.34,141.5,126.22,130.774089284845,129.98154937743305
2023-04-28 20:00:00+00:00,116.71,125.42,106.03,112.61883064318627,113.62838124732194
2023-04-28 21:00:00+00:00,105.48,101.54,99.06,92.42642670942635,93.57935275446677
2023-04-28 22:00:00+00:00,115.59,102.03,99.04,92.22103254775845,90.32612783270923
2023-04-28 23:00:00+00:00,108.56,92.97,95.19,83.98396987034468,80.29753546212329
2023-04-29 00:00:00+00:00,106.1,90.35,92.1,80.14928866090716,74.94348144785991
2023-04-29 01:00:00+00:00,105.0,92.68,92.95,81.66844193758877,73.83860408137028
2023-04-29 02:00:00+00:00,101.24,92.91,91.29,82.07583403180044,70.71707292325468
2023-04-29 03:00:00+00:00,102.75,95.85,95.99,85.48365313557116,70.84231573588016
2023-04-29 04:00:00+00:00,103.24,113.77,99.82,96.75032183443498,81.848261080782
2023-04-29 05:00:00+00:00,109.4,123.82,102.58,102.70661330902583,88.77598289988389
2023-04-29 06:00:00+00:00,115.64,126.81,99.1,103.11590570309174,90.24102900824398
2023-04-29 07:00:00+00:00,106.61,120.69,86.0,94.36975173508101,82.8785597814589
2023-04-29 08:00:00+00:00,103.59,113.18,76.41,83.01644573800617,74.98577118269654
2023-04-29 09:00:00+00:00,92.87,106.17,45.06,69.35575151314285,65.26522564887544
2023-04-29 10:00:00+00:00,82.23,102.05,26.2,59.149955593385904,58.783573719346435
2023-04-29 11:00:00+00:00,78.96,93.09,10.02,46.89572323484349,48.98158622598943
2023-04-29 12:00:00+00:00,66.2,90.19,5.62,41.166854127303,46.084256693348244
2023-04-29 13:00:00+00:00,69.05,89.0,29.95,45.08538302309585,49.8029334379537
2023-04-29 14:00:00+00:00,80.0,90.61,76.68,58.38253271726021,60.026051926071275
2023-04-29 15:00:00+00:00,85.0,100.24,95.0,77.45527088760599,74.18513681740507
2023-04-29 16:00:00+00:00,100.1,115.7,112.97,101.99617051429327,93.03230920283585
2023-04-29 17:00:00+00:00,118.36,120.04,131.84,117.27977756325613,103.55048711827277
2023-04-29 18:00:00+00:00,119.45,125.4,130.22,122.39813942799482,109.7372086537125
2023-04-29 19:00:00+00:00,120.0,124.34,127.0,118.30266951369475,108.46909705976097
2023-04-29 20:00:00+00:00,115.57,116.71,105.0,108.37519912546433,99.88142109008875
2023-04-29 21:00:00+00:00,110.0,105.48,101.18,97.17657470623229,88.50917045290123
2023-04-29 22:00:00+00:00,99.28,115.59,105.1,101.98527623528858,100.64118409536516
2023-04-29 23:00:00+00:00,91.09,108.56,97.31,94.2616084280902,91.566204256487
2023-04-30 00:00:00+00:00,88.38,106.1,94.97,90.76526187370688,86.54621931322504
2023-04-30 01:00:00+00:00,85.61,105.0,89.39,89.21834441896459,82.40726074231557
2023-04-30 02:00:00+00:00,85.52,101.24,86.63,87.08349921687625,76.43756672023576
2023-04-30 03:00:00+00:00,88.27,102.75,88.74,88.74987952014695,74.5417663340602
2023-04-30 04:00:00+00:00,85.84,103.24,89.88,88.4961318118858,72.39233415887963
2023-04-30 05:00:00+00:00,82.0,109.4,93.78,87.89137186767414,75.78617442918247
2023-04-30 06:00:00+00:00,75.0,115.64,93.43,83.24904346792277,79.8901542336306
2023-04-30 07:00:00+00:00,50.0,106.61,90.41,67.08861792052843,73.03504856262441
2023-04-30 08:00:00+00:00,27.7,103.59,79.33,53.469861188529634,68.65876107522514
2023-04-30 09:00:00+00:00,5.64,92.87,48.16,39.37767528151195,57.92610182673944
2023-04-30 10:00:00+00:00,-2.55,82.23,35.5,28.342936963346673,48.135850517331235
2023-04-30 11:00:00+00:00,-5.33,78.96,10.02,20.23252007914644,40.615270665315364
2023-04-30 12:00:00+00:00,-3.08,66.2,4.88,14.223358227174657,31.50168560789639
2023-04-30 13:00:00+00:00,1.19,69.05,34.71,25.256240126090603,38.95023120596663
2023-04-30 14:00:00+00:00,14.0,80.0,64.15,45.54588699896555,52.73657909589561
2023-04-30 15:00:00+00:00,70.57,85.0,100.25,71.01579821633042,66.65353829381021
2023-04-30 16:00:00+00:00,106.96,100.1,125.74,102.57124540957975,86.71480722151135
2023-04-30 17:00:00+00:00,121.16,118.36,138.14,127.40840443624028,105.5221118606252
2023-04-30 18:00:00+00:00,123.6,119.45,137.13,130.76648996935546,110.35160295578004
2023-04-30 19:00:00+00:00,122.2,120.0,125.02,125.96474728812356,111.6500603087858
2023-04-30 20:00:00+00:00,117.12,115.57,116.95,118.6052550569053,108.85378696102937
2023-04-30 21:00:00+00:00,108.71,110.0,109.6,108.39402861233627,102.09767250759344
2023-04-30 22:00:00+00:00,109.9,99.28,87.7,104.24274963991515,105.44246461862579
2023-04-30 23:00:00+00:00,99.9,91.09,83.58,95.43745268651153,98.00984706286681
2023-05-01 00:00:00+00:00,95.49,88.38,82.09,91.53245459005446,95.22730771740225
2023-05-01 01:00:00+00:00,89.98,85.61,76.4,89.7570646944327,92.44038017489889
2023-05-01 02:00:00+00:00,87.29,85.52,75.08,91.44173988476719,92.09852333191915
2023-05-01 03:00:00+00:00,88.0,88.27,86.55,97.11868371164329,95.15355379610111
2023-05-01 04:00:00+00:00,87.16,85.84,114.6,101.42380140367291,96.48865386300554
2023-05-01 05:00:00+00:00,84.2,82.0,133.8,101.40997111387883,96.98052403695822
2023-05-01 06:00:00+00:00,83.14,75.0,135.0,97.65654617200595,94.40459255659387
2023-05-01 07:00:00+00:00,84.04,50.0,126.92,82.29811185525,77.66034477397834
2023-05-01 08:00:00+00:00,74.29,27.7,110.81,65.28378064081572,61.636526525577885
2023-05-01 09:00:00+00:00,67.99,5.64,108.01,52.67212185923776,47.73365822068866
2023-05-01 10:00:00+00:00,54.63,-2.55,98.07,46.80155340285634,40.6615205796248
2023-05-01 11:00:00+00:00,34.69,-5.33,94.9,45.22335993293757,36.956359411643085
2023-05-01 12:00:00+00:00,29.99,-3.08,87.0,48.73694413177893,35.73650586825684
2023-05-01 13:00:00+00:00,41.19,1.19,84.91,56.224603012215866,38.7765546795137
2023-05-01 14:00:00+00:00,76.25,14.0,85.89,70.77958940799853,49.62226330707776
2023-05-01 15:00:00+00:00,95.58,70.57,97.61,111.1738340433988,91.742495506615
2023-05-01 16:00:00+00:00,116.37,106.96,117.41,141.69469524825382,122.49381542369967
2023-05-01 17:00:00+00:00,124.64,121.16,134.57,156.96568531723446,137.6862796243225
2023-05-01 18:00:00+00:00,125.8,123.6,135.97,158.92429888474464,141.1711468129693
2023-05-01 19:00:00+00:00,121.72,122.2,132.13,154.92971448560394,141.29690207834372
2023-05-01 20:00:00+00:00,117.9,117.12,120.23,145.69654001890166,136.6621932694062
2023-05-01 21:00:00+00:00,111.04,108.71,101.25,131.3194437663323,126.85752900649913
2023-05-01 22:00:00+00:00,98.48,109.9,96.41,119.95968534623542,118.9929444454408
2023-05-01 23:00:00+00:00,85.6,99.9,95.27,109.94179437298803,110.71559034751868
2023-05-02 00:00:00+00:00,83.3,95.49,93.63,104.252651138259,106.91370537339144
2023-05-02 01:00:00+00:00,80.9,89.98,92.02,100.32544682649447,103.11996061057323
2023-05-02 02:00:00+00:00,81.22,87.29,91.82,100.50655200266233,102.52678476399319
2023-05-02 03:00:00+00:00,90.39,88.0,97.41,107.41593064161856,106.79457988485021
2023-05-02 04:00:00+00:00,111.06,87.16,121.6,120.66755343223326,115.13085535771427
2023-05-02 05:00:00+00:00,127.45,84.2,134.1,126.48100341475492,118.72609948960088
2023-05-02 06:00:00+00:00,135.17,83.14,134.93,125.45663274092809,119.18016927548828
2023-05-02 07:00:00+00:00,122.99,84.04,109.76,116.80133403121002,113.61854063890537
2023-05-02 08:00:00+00:00,115.69,74.29,96.24,105.11592009925708,103.08335955973929
2023-05-02 09:00:00+00:00,108.96,67.99,85.07,94.78980305141643,94.59121202509502
2023-05-02 10:00:00+00:00,98.46,54.63,78.56,79.94237682664337,82.05344165672105
2023-05-02 11:00:00+00:00,92.76,34.69,73.11,61.93166385728192,65.2374259152482
2023-05-02 12:00:00+00:00,86.32,29.99,64.48,51.94093038691925,58.240538848946066
2023-05-02 13:00:00+00:00,81.97,41.19,64.69,55.98937523127715,63.95685757591876
2023-05-02 14:00:00+00:00,87.2,76.25,74.18,77.78932132956736,87.6152349994345
2023-05-02 15:00:00+00:00,94.43,95.58,83.73,99.87802565333159,106.48557538165332
2023-05-02 16:00:00+00:00,117.38,116.37,101.23,126.83634479873439,126.4122690912671
2023-05-02 17:00:00+00:00,130.0,124.64,132.12,146.29678386846,137.98537513237557
2023-05-02 18:00:00+00:00,142.86,125.8,144.16,151.01891124033656,140.31234447489646
2023-05-02 19:00:00+00:00,133.69,121.72,133.53,144.68103467526169,135.6298305273021
2023-05-02 20:00:00+00:00,124.02,117.9,124.6,137.00753907821843,130.13358040582804
2023-05-02 21:00:00+00:00,116.13,111.04,101.26,125.60027806224335,119.66945685187972
2023-05-02 22:00:00+00:00,107.65,98.48,95.48,104.23229535324417,96.6396783628379
2023-05-02 23:00:00+00:00,102.63,85.6,93.25,95.29523296486045,85.96124424725409
2023-05-03 00:00:00+00:00,100.97,83.3,94.2,94.28114821784806,83.79489377514705
2023-05-03 01:00:00+00:00,97.8,80.9,92.3,95.19827845867559,81.9784388790002
2023-05-03 02:00:00+00:00,105.25,81.22,93.33,100.05324040204073,83.52095702794
2023-05-03 03:00:00+00:00,111.92,90.39,100.59,113.6906290072996,93.77182699877405
2023-05-03 04:00:00+00:00,125.52,111.06,125.16,138.34037014783948,116.65421782104104
2023-05-03 05:00:00+00:00,133.3,127.45,139.91,150.6776625785422,133.08876501684793
2023-05-03 06:00:00+00:00,125.1,135.17,129.97,147.58981883697336,138.60885136654906
2023-05-03 07:00:00+00:00,110.1,122.99,95.21,125.70306391484881,125.1545968087405
2023-05-03 08:00:00+00:00,91.16,115.69,88.23,112.1205449417337,117.80134291606099
2023-05-03 09:00:00+00:00,84.16,108.96,95.4,103.40827920889683,112.42415124798603
2023-05-03 10:00:00+00:00,77.83,98.46,94.27,91.37184834456951,102.4064030398565
2023-05-03 11:00:00+00:00,80.02,92.76,94.54,81.69040962747928,94.55746135300802
2023-05-03 12:00:00+00:00,75.13,86.32,94.37,72.08601732566547,86.32042060040011
2023-05-03 13:00:00+00:00,73.5,81.97,92.85,69.1887514961017,81.47159574892594
2023-05-03 14:00:00+00:00,83.86,87.2,98.2,80.86025335842272,87.19866437934255
2023-05-03 15:00:00+00:00,97.59,94.43,112.19,101.13442086929109,95.96941098329653
2023-05-03 16:00:00+00:00,124.09,117.38,127.88,132.63981881648783,116.20393897147663
2023-05-03 17:00:00+00:00,140.08,130.0,148.11,153.0873269945094,129.2058176217697
2023-05-03 18:00:00+00:00,171.58,142.86,154.97,160.30826892227776,138.9880203755032
2023-05-03 19:00:00+00:00,132.25,133.69,146.12,148.55954588727747,131.32203232765613
2023-05-03 20:00:00+00:00,120.95,124.02,130.0,134.24573580516181,121.08037275972565
2023-05-03 21:00:00+00:00,114.73,116.13,120.77,121.98432482671195,111.69279322080796
2023-05-03 22:00:00+00:00,100.13,107.65,107.12,104.65310893694293,96.2238699659487
2023-05-03 23:00:00+00:00,95.24,102.63,100.58,98.5742253184116,90.06034041096575
2023-05-04 00:00:00+00:00,94.16,100.97,98.0,96.86802485729143,87.81919299781003
2023-05-04 01:00:00+00:00,95.26,97.8,96.46,96.8299430369133,85.38160796033503
2023-05-04 02:00:00+00:00,95.91,105.25,97.42,104.10698071387841,90.9803174977601
2023-05-04 03:00:00+00:00,106.94,111.92,107.19,115.53870847143594,99.67278240368549
2023-05-04 04:00:00+00:00,125.0,125.52,126.1,135.4121806505261,118.77983231651808
2023-05-04 05:00:00+00:00,130.0,133.3,142.79,141.0002235194217,130.74041873636264
2023-05-04 06:00:00+00:00,119.9,125.1,135.61,128.04153621072965,126.13453399853343
2023-05-04 07:00:00+00:00,104.42,110.1,108.53,103.9874223776475,110.31119352748
2023-05-04 08:00:00+00:00,90.0,91.16,94.64,79.71317319602798,94.08692849344547
2023-05-04 09:00:00+00:00,79.6,84.16,94.19,68.05473736982961,88.12297775049801
2023-05-04 10:00:00+00:00,70.06,77.83,92.78,58.23250082450252,81.27961201371402
2023-05-04 11:00:00+00:00,60.21,80.02,90.97,56.60402360090164,80.38113509112732
2023-05-04 12:00:00+00:00,56.69,75.13,92.55,53.612768789976556,74.71615759822693
2023-05-04 13:00:00+00:00,65.28,73.5,94.64,56.991564205040405,72.6011830784591
2023-05-04 14:00:00+00:00,78.88,83.86,96.28,70.77151975198392,79.63111832989888
2023-05-04 15:00:00+00:00,99.6,97.59,102.35,91.4331130636218,91.15741137533615
2023-05-04 16:00:00+00:00,115.57,124.09,125.98,121.22419995852651,115.38516950330926
2023-05-04 17:00:00+00:00,122.01,140.08,153.85,139.2834681806118,132.5410409421428
2023-05-04 18:00:00+00:00,120.74,171.58,163.57,153.37622116065205,156.74420101032885
2023-05-04 19:00:00+00:00,114.77,132.25,141.5,119.94414245279805,126.51430835276112
2023-05-04 20:00:00+00:00,105.5,120.95,125.42,102.74081721894991,114.52786428319087
2023-05-04 21:00:00+00:00,94.12,114.73,101.54,88.71618963894375,103.94700333841847
2023-05-04 22:00:00+00:00,91.5,100.13,102.03,80.80500383483697,97.43461449896758
2023-05-04 23:00:00+00:00,81.8,95.24,92.97,75.94354303531175,91.71699733255821
2023-05-05 00:00:00+00:00,78.49,94.16,90.35,74.76470490955253,90.1723789297977
2023-05-05 01:00:00+00:00,79.51,95.26,92.68,77.3516756583012,91.31909751268354
2023-05-05 02:00:00+00:00,78.49,95.91,92.91,80.71666828145723,93.26958514515034
2023-05-05 03:00:00+00:00,87.52,106.94,95.85,92.43419675118639,103.85058925788303
2023-05-05 04:00:00+00:00,101.22,125.0,113.77,112.98182747876088,124.61115492668618
2023-05-05 05:00:00+00:00,113.75,130.0,123.82,119.9917159496203,133.97786109587452
2023-05-05 06:00:00+00:00,110.7,119.9,126.81,111.51865742126235,128.02355243488694
2023-05-05 07:00:00+00:00,97.28,104.42,120.69,93.81549284515242,114.43529642938537
2023-05-05 08:00:00+00:00,90.12,90.0,113.18,75.77860813762915,101.71781094964447
2023-05-05 09:00:00+00:00,80.94,79.6,106.17,62.66808065674249,92.13359230846282
2023-05-05 10:00:00+00:00,78.44,70.06,102.05,54.28095312989309,82.7221771772962
2023-05-05 11:00:00+00:00,77.01,60.21,93.09,49.33882840090968,72.96480072778942
2023-05-05 12:00:00+00:00,78.9,56.69,90.19,51.36945023687868,67.5037223186217
2023-05-05 13:00:00+00:00,81.08,65.28,89.0,61.90785643599699,72.07218818926957
2023-05-05 14:00:00+00:00,91.16,78.88,90.61,77.72399114916189,81.6815384511959
2023-05-05 15:00:00+00:00,100.17,99.6,100.24,99.27813175429873,98.82885201787049
2023-05-05 16:00:00+00:00,112.8,115.57,115.7,117.48426179412604,115.01384871079098
2023-05-05 17:00:00+00:00,120.54,122.01,120.04,125.31216980622196,122.55635885533268
2023-05-05 18:00:00+00:00,128.57,120.74,125.4,122.90587711568291,123.82975484018043
2023-05-05 19:00:00+00:00,126.31,114.77,124.34,113.42899993474255,116.45865462449824
2023-05-05 20:00:00+00:00,115.56,105.5,116.71,101.68482305938414,106.72869009727435
2023-05-05 21:00:00+00:00,103.34,94.12,105.48,88.43254140774005,94.87953656880133
2023-05-05 22:00:00+00:00,106.71,91.5,115.59,83.55982059064267,89.968933875813
2023-05-05 23:00:00+00:00,99.62,81.8,108.56,76.07405475399658,79.35207962753336
2023-05-06 00:00:00+00:00,95.71,78.49,106.1,71.8959606630374,73.9113355436134
2023-05-06 01:00:00+00:00,91.7,79.51,105.0,73.10569892420212,72.18166222972806
2023-05-06 02:00:00+00:00,89.93,78.49,101.24,73.41102715230979,68.0654746019566
2023-05-06 03:00:00+00:00,91.7,87.52,102.75,80.37594053467348,71.77401485755861
2023-05-06 04:00:00+00:00,97.2,101.22,103.24,89.62403506964081,79.41104403699654
2023-05-06 05:00:00+00:00,99.02,113.75,109.4,96.68578686444464,87.48824912747351
2023-05-06 06:00:00+00:00,95.13,110.7,115.64,93.08370226199634,85.66677707848008
2023-05-06 07:00:00+00:00,93.28,97.28,106.61,79.59028891835715,74.46863932624254
2023-05-06 08:00:00+00:00,82.53,90.12,103.59,68.23660407886993,67.46526818036435
2023-05-06 09:00:00+00:00,74.42,80.94,92.87,54.97902743581035,57.68902950885351
2023-05-06 10:00:00+00:00,71.02,78.44,82.23,46.477901782984354,52.702644049705626
2023-05-06 11:00:00+00:00,55.75,77.01,78.96,40.130717937794515,48.572701333444684
2023-05-06 12:00:00+00:00,50.0,78.9,66.2,37.87110089635673,47.08048076543329
2023-05-06 13:00:00+00:00,63.16,81.08,69.05,44.10194512057848,51.315450823209424
2023-05-06 14:00:00+00:00,74.64,91.16,80.0,58.94181357932572,63.08177718354277
2023-05-06 15:00:00+00:00,90.3,100.17,85.0,76.1786448518179,75.6834972851994
2023-05-06 16:00:00+00:00,102.7,112.8,100.1,97.49759836233576,92.09648096617828
2023-05-06 17:00:00+00:00,108.05,120.54,118.36,111.69235249119312,103.92412121314521
2023-05-06 18:00:00+00:00,111.81,128.57,119.45,117.11661351918492,111.89159714973168
2023-05-06 19:00:00+00:00,108.71,126.31,120.0,113.30040501562607,112.10652174700503
2023-05-06 20:00:00+00:00,103.12,115.56,115.57,102.96298339498227,104.05122262039627
2023-05-06 21:00:00+00:00,92.38,103.34,110.0,90.14225233128299,92.47936977600521
2023-05-06 22:00:00+00:00,92.65,106.71,99.28,89.6689960633659,98.01923512989053
2023-05-06 23:00:00+00:00,86.17,99.62,91.09,81.65654343288651,88.96651518137337
2023-05-07 00:00:00+00:00,82.66,95.71,88.38,76.83736459386586,82.94971833104373
2023-05-07 01:00:00+00:00,83.51,91.7,85.61,73.40879777726335,77.19765500171263
2023-05-07 02:00:00+00:00,82.94,89.93,85.52,71.67713772806687,72.73663310047684
2023-05-07 03:00:00+00:00,84.07,91.7,88.27,72.54565311517266,71.55316442238356
2023-05-07 04:00:00+00:00,83.14,97.2,85.84,72.22918740374845,72.20568162343355
2023-05-07 05:00:00+00:00,81.87,99.02,82.0,68.12998161084398,72.01636145047988
2023-05-07 06:00:00+00:00,75.87,95.13,75.0,59.62883977380642,68.16815841168585
2023-05-07 07:00:00+00:00,67.6,93.28,50.0,47.87983516111116,63.318503072294426
2023-05-07 08:00:00+00:00,33.9,82.53,27.7,31.982048664363546,53.38952264322545
2023-05-07 09:00:00+00:00,5.09,74.42,5.64,20.268274259567576,45.04782574170184
2023-05-07 10:00:00+00:00,-0.04,71.02,-2.55,15.768267261439533,41.31490358961468
2023-05-07 11:00:00+00:00,-0.99,55.75,-5.33,6.971429887192869,29.147730642696303
2023-05-07 12:00:00+00:00,-0.03,50.0,-3.08,7.065429317273157,25.800927613545014
2023-05-07 13:00:00+00:00,15.44,63.16,1.19,19.22446748241053,36.63145440205937
2023-05-07 14:00:00+00:00,56.62,74.64,14.0,37.02313343087198,49.944810147627564
2023-05-07 15:00:00+00:00,75.97,90.3,70.57,64.86207918074808,72.90960940528934
2023-05-07 16:00:00+00:00,94.94,102.7,106.96,89.19298068909728,92.27041527873793
2023-05-07 17:00:00+00:00,99.36,108.05,121.16,102.03865522780353,102.44252341462557
2023-05-07 18:00:00+00:00,106.45,111.81,123.6,105.3848515296558,108.95786493536667
2023-05-07 19:00:00+00:00,105.02,108.71,122.2,100.52928127544206,109.17127684646461
2023-05-07 20:00:00+00:00,99.3,103.12,117.12,93.19565457583097,104.98630690418337
2023-05-07 21:00:00+00:00,96.07,92.38,108.71,81.43266697865312,94.3555877894496
2023-05-07 22:00:00+00:00,85.92,92.65,109.9,85.40105255017124,104.15445866914096
2023-05-07 23:00:00+00:00,83.93,86.17,99.9,81.12059212947584,97.35500036483083
2023-05-08 00:00:00+00:00,83.78,82.66,95.49,80.17035766564439,94.1219048992882
2023-05-08 01:00:00+00:00,83.13,83.51,89.98,83.05531076224979,94.07919821139835
2023-05-08 02:00:00+00:00,84.09,82.94,87.29,87.0689358578429,94.54070709852834
2023-05-08 03:00:00+00:00,90.91,84.07,88.0,95.52523650097604,98.86551226700857
2023-05-08 04:00:00+00:00,104.12,83.14,87.16,106.5676001004999,105.6053299240436
2023-05-08 05:00:00+00:00,119.45,81.87,84.2,110.41781307839628,108.94739568145985
2023-05-08 06:00:00+00:00,110.97,75.87,83.14,104.059069266331,106.19125471022545
2023-05-08 07:00:00+00:00,100.01,67.6,84.04,89.92892105179212,99.81546085094963
2023-05-08 08:00:00+00:00,91.83,33.9,74.29,62.64564192226865,75.47184288454699
2023-05-08 09:00:00+00:00,81.64,5.09,67.99,41.55310209278879,55.60130113069918
2023-05-08 10:00:00+00:00,80.41,-0.04,54.63,34.46854737854456,50.38531722532352
2023-05-08 11:00:00+00:00,74.32,-0.99,34.69,30.350169240965414,45.60732243748195
2023-05-08 12:00:00+00:00,74.09,-0.03,29.99,30.607345462165412,44.03154717263279
2023-05-08 13:00:00+00:00,78.0,15.44,41.19,45.17238781498379,56.37476243698644
2023-05-08 14:00:00+00:00,84.01,56.62,76.25,77.71486634508364,88.4864277159745
2023-05-08 15:00:00+00:00,97.05,75.97,95.58,100.70570587443459,105.89600687549905
2023-05-08 16:00:00+00:00,110.04,94.94,116.37,125.15386994630023,123.57588021911542
2023-05-08 17:00:00+00:00,132.9,99.36,124.64,136.50407402036979,129.13103211620674
2023-05-08 18:00:00+00:00,128.41,106.45,125.8,137.86980731989252,134.36473238494966
2023-05-08 19:00:00+00:00,121.99,105.02,121.72,128.37123777063394,132.23892956983116
2023-05-08 20:00:00+00:00,112.56,99.3,117.9,116.54368381552142,125.78368200540856
2023-05-08 21:00:00+00:00,99.38,96.07,111.04,107.23533237479768,119.75637093629314
2023-05-08 22:00:00+00:00,95.96,85.92,98.48,84.02805665206006,98.33183187374571
2023-05-08 23:00:00+00:00,87.52,83.93,85.6,80.3370232847487,94.42736233112717
2023-05-09 00:00:00+00:00,84.6,83.78,83.3,79.81671368456301,93.29435700914529
2023-05-09 01:00:00+00:00,84.17,83.13,80.9,81.61373932119282,92.97571048410782
2023-05-09 02:00:00+00:00,85.25,84.09,81.22,85.85084316693705,94.52486146943959
2023-05-09 03:00:00+00:00,92.45,90.91,90.39,96.90070748552385,102.97499567628638
2023-05-09 04:00:00+00:00,111.58,104.12,111.06,115.05407268991505,120.70770113495404
2023-05-09 05:00:00+00:00,121.0,119.45,127.45,126.57901689069637,137.51180222998363
2023-05-09 06:00:00+00:00,117.88,110.97,135.17,117.92228870066477,133.71983907945636
2023-05-09 07:00:00+00:00,104.96,100.01,122.99,100.47073708496939,123.144323103201
2023-05-09 08:00:00+00:00,88.84,91.83,115.69,83.62410619938947,113.19720303367359
2023-05-09 09:00:00+00:00,70.95,81.64,108.96,68.55200095036498,101.7268989497191
2023-05-09 10:00:00+00:00,65.76,80.41,98.46,60.787944262070326,96.58522475948624
2023-05-09 11:00:00+00:00,61.91,74.32,92.76,53.016764451033026,88.42422930749274
2023-05-09 12:00:00+00:00,68.29,74.09,86.32,49.993105817288054,83.39097872360088
2023-05-09 13:00:00+00:00,80.8,78.0,81.97,54.4984870679791,83.6022915997104
2023-05-09 14:00:00+00:00,84.44,84.01,87.2,67.60708839716419,90.16075619019473
2023-05-09 15:00:00+00:00,100.06,97.05,94.43,87.65459345818687,101.96657891356249
2023-05-09 16:00:00+00:00,116.34,110.04,117.38,108.83050378510494,116.44457311391547
2023-05-09 17:00:00+00:00,121.93,132.9,130.0,128.55978778574914,135.19240546411694
2023-05-09 18:00:00+00:00,121.05,128.41,142.86,125.79495836752591,134.50860538274907
2023-05-09 19:00:00+00:00,110.97,121.99,133.69,115.67762090974502,128.7537086056789
2023-05-09 20:00:00+00:00,104.67,112.56,124.02,102.9812739400598,119.05133819255613
2023-05-09 21:00:00+00:00,89.93,99.38,116.13,89.29533147022633,106.58538315026969
2023-05-09 22:00:00+00:00,94.79,95.96,107.65,75.57852850000845,90.44770101660131
2023-05-09 23:00:00+00:00,90.05,87.52,102.63,69.0357765825594,82.81421971975709
2023-05-10 00:00:00+00:00,88.38,84.6,100.97,67.7451493110886,80.04086277632298
2023-05-10 01:00:00+00:00,86.19,84.17,97.8,69.85720737977016,79.49608941092424
2023-05-10 02:00:00+00:00,88.39,85.25,105.25,75.65658270164074,82.07382204983034
2023-05-10 03:00:00+00:00,90.18,92.45,111.92,87.91538585319044,90.90249404651551
2023-05-10 04:00:00+00:00,107.57,111.58,125.52,111.83361188108891,112.71270069060927
2023-05-10 05:00:00+00:00,120.6,121.0,133.3,124.92364129050117,124.96508706483559
2023-05-10 06:00:00+00:00,133.0,117.88,125.1,123.71350537722375,122.17440608317746
2023-05-10 07:00:00+00:00,110.22,104.96,110.1,110.90242122217498,109.41676457636609
2023-05-10 08:00:00+00:00,105.89,88.84,91.16,96.28706399588151,94.37257740517494
2023-05-10 09:00:00+00:00,100.94,70.95,84.16,83.91840433645201,79.81277879562239
2023-05-10 10:00:00+00:00,96.83,65.76,77.83,78.30123993222045,73.74221140137915
2023-05-10 11:00:00+00:00,92.91,61.91,80.02,75.16655214834182,69.05408890960787
2023-05-10 12:00:00+00:00,91.72,68.29,75.13,77.86897519668078,70.60516786828428
2023-05-10 13:00:00+00:00,96.3,80.8,73.5,86.58459249168155,77.6507837344767
2023-05-10 14:00:00+00:00,107.92,84.44,83.86,93.90317196711408,81.16544817954424
2023-05-10 15:00:00+00:00,117.48,100.06,97.59,110.74178066906535,95.45274898942114
2023-05-10 16:00:00+00:00,120.39,116.34,124.09,129.86163458355338,112.33435440019628
2023-05-10 17:00:00+00:00,140.38,121.93,140.08,140.11139519341273,121.0819289046895
2023-05-10 18:00:00+00:00,147.49,121.05,171.58,143.10369572086609,124.0185196945127
2023-05-10 19:00:00+00:00,134.4,110.97,132.25,129.48701807525254,111.45985924436224
2023-05-10 20:00:00+00:00,117.59,104.67,120.95,118.82373782986446,103.2976359685968
2023-05-10 21:00:00+00:00,109.84,89.93,114.73,103.60230972524869,88.96713386065744
2023-05-10 22:00:00+00:00,100.0,94.79,100.13,99.93002278138727,84.62716660529985
2023-05-10 23:00:00+00:00,96.94,90.05,95.24,93.9989382316235,78.97791862605463
2023-05-11 00:00:00+00:00,96.0,88.38,94.16,92.19824914299761,76.91272822815957
2023-05-11 01:00:00+00:00,97.28,86.19,95.26,92.83614217855181,75.68655527121487
2023-05-11 02:00:00+00:00,97.9,88.39,95.91,97.57231390040731,78.17784843799589
2023-05-11 03:00:00+00:00,104.23,90.18,106.94,107.01903646074655,84.23117786800009
2023-05-11 04:00:00+00:00,121.11,107.57,125.0,130.0451304302662,105.93266611344086
2023-05-11 05:00:00+00:00,148.33,120.6,130.0,142.81684089468484,119.28532310066882
2023-05-11 06:00:00+00:00,167.78,133.0,119.9,148.7029795877486,127.0123536226573
2023-05-11 07:00:00+00:00,135.47,110.22,104.42,130.58090197279012,107.61458490785488
2023-05-11 08:00:00+00:00,126.71,105.89,90.0,121.93354867139885,100.61441228188399
2023-05-11 09:00:00+00:00,115.79,100.94,79.6,113.38780765230229,93.69239786842427
2023-05-11 10:00:00+00:00,104.53,96.83,70.06,105.43111685836385,87.35936928511845
2023-05-11 11:00:00+00:00,100.01,92.91,60.21,98.53340084621144,80.87729550047648
2023-05-11 12:00:00+00:00,99.37,91.72,56.69,94.43112909941335,77.25074102847111
2023-05-11 13:00:00+00:00,109.51,96.3,65.28,96.59053653288984,80.2177002286719
2023-05-11 14:00:00+00:00,113.54,107.92,78.88,104.96709883754262,89.27273296629298
2023-05-11 15:00:00+00:00,115.27,117.48,99.6,116.73447368729495,100.8858513928843
2023-05-11 16:00:00+00:00,123.63,120.39,115.57,124.29819399622062,107.57748556979995
2023-05-11 17:00:00+00:00,147.0,140.38,122.01,138.2659146718608,124.12891531808181
2023-05-11 18:00:00+00:00,132.8,147.49,120.74,138.94885947113974,129.24102428195428
2023-05-11 19:00:00+00:00,118.4,134.4,114.77,124.89566932327932,119.16039901453253
2023-05-11 20:00:00+00:00,113.99,117.59,105.5,106.5923963882457,104.58062608823198
2023-05-11 21:00:00+00:00,101.66,109.84,94.12,92.53210634852171,94.01845412312545
2023-05-11 22:00:00+00:00,98.53,100.0,91.5,87.03676493034574,91.28526218740541
2023-05-11 23:00:00+00:00,90.55,96.94,81.8,82.51974622707708,86.3033713210939
2023-05-12 00:00:00+00:00,89.84,96.0,78.49,81.5308833040487,84.41574564216785
2023-05-12 01:00:00+00:00,90.0,97.28,79.51,84.93647236110833,85.1233262520651
2023-05-12 02:00:00+00:00,90.84,97.9,78.49,89.34943210564641,86.1533163594369
2023-05-12 03:00:00+00:00,98.99,104.23,87.52,100.60650402373378,94.15719828261615
2023-05-12 04:00:00+00:00,116.99,121.11,101.22,122.16857343187814,114.35337593593708
2023-05-12 05:00:00+00:00,130.0,148.33,113.75,143.5551028601448,139.19469661250514
2023-05-12 06:00:00+00:00,137.98,167.78,110.7,154.7946821451422,154.72397063586553
2023-05-12 07:00:00+00:00,113.3,135.47,97.28,128.89212586049942,128.44849569013124
2023-05-12 08:00:00+00:00,101.6,126.71,90.12,114.74750397442288,120.38694245418625
2023-05-12 09:00:00+00:00,97.48,115.79,80.94,97.85960243445335,109.891435726234
2023-05-12 10:00:00+00:00,83.42,104.53,78.44,82.92490816929501,99.94364630095137
2023-05-12 11:00:00+00:00,76.67,100.01,77.01,73.44316558405023,93.66976174085823
2023-05-12 12:00:00+00:00,72.95,99.37,78.9,69.78944503947284,90.705434737734
2023-05-12 13:00:00+00:00,75.89,109.51,81.08,76.80465112552044,96.79351740996594
2023-05-12 14:00:00+00:00,80.94,113.54,91.16,85.19800472217703,101.41463375444307
2023-05-12 15:00:00+00:00,94.01,115.27,100.17,95.59663065012373,105.79001422709462
2023-05-12 16:00:00+00:00,107.98,123.63,112.8,110.8392037610893,114.69216684596574
2023-05-12 17:00:00+00:00,122.22,147.0,120.54,132.38658331672988,133.97225750591988
2023-05-12 18:00:00+00:00,124.98,132.8,128.57,124.83186109990417,125.32320829566365
2023-05-12 19:00:00+00:00,117.99,118.4,126.31,110.38389506573003,113.94662547112303
2023-05-12 20:00:00+00:00,101.18,113.99,115.56,99.85089523474565,106.8747423340809
2023-05-12 21:00:00+00:00,97.82,101.66,103.34,87.24814900923366,94.46153185166806
2023-05-12 22:00:00+00:00,104.91,98.53,106.71,84.71523326884291,88.68756515314689
2023-05-12 23:00:00+00:00,99.98,90.55,99.62,77.79420986084028,79.38362745413036
2023-05-13 00:00:00+00:00,95.85,89.84,95.71,75.96891459250314,75.65881746128787
2023-05-13 01:00:00+00:00,98.55,90.0,91.7,76.52780229220069,72.83976715490496
2023-05-13 02:00:00+00:00,99.49,90.84,89.93,77.41164849002351,70.21774300232138
2023-05-13 03:00:00+00:00,100.18,98.99,91.7,82.60058301957301,73.14617015513099
2023-05-13 04:00:00+00:00,96.96,116.99,97.2,92.72745517575846,84.31891701941063
2023-05-13 05:00:00+00:00,94.72,130.0,99.02,98.98685195435107,94.2359092886666
2023-05-13 06:00:00+00:00,94.47,137.98,95.13,100.43650409730162,100.34854251075798
2023-05-13 07:00:00+00:00,89.08,113.3,93.28,79.09151565773597,80.68648915700126
2023-05-13 08:00:00+00:00,73.1,101.6,82.53,61.79572237008669,69.93989899493533
2023-05-13 09:00:00+00:00,30.12,97.48,74.42,51.82927064799867,64.89223111396329
2023-05-13 10:00:00+00:00,15.53,83.42,71.02,40.286328713489986,53.2354301231098
2023-05-13 11:00:00+00:00,5.55,76.67,55.75,33.95380345043853,45.6649870528516
2023-05-13 12:00:00+00:00,5.06,72.95,50.0,31.65667663333987,42.28581547652665
2023-05-13 13:00:00+00:00,6.17,75.89,63.16,39.806443130906345,48.71517595984925
2023-05-13 14:00:00+00:00,27.72,80.94,74.64,51.75072591674981,56.75091784432928
2023-05-13 15:00:00+00:00,77.26,94.01,90.3,72.12007559469504,72.18911161296688
2023-05-13 16:00:00+00:00,105.98,107.98,102.7,94.07074712091296,88.55350315748025
2023-05-13 17:00:00+00:00,111.12,122.22,108.05,112.9272924450529,103.97688465984051
2023-05-13 18:00:00+00:00,119.32,124.98,111.81,116.50269712195168,107.5732434798752
2023-05-13 19:00:00+00:00,114.43,117.99,108.71,109.33775809921252,103.41053865599791
2023-05-13 20:00:00+00:00,109.96,101.18,103.12,95.76637921984883,91.40458153520507
2023-05-13 21:00:00+00:00,104.97,97.82,92.38,88.35376174506251,85.23524522089818
2023-05-13 22:00:00+00:00,102.37,104.91,92.65,96.48316794551144,95.25804380872658
2023-05-13 23:00:00+00:00,98.18,99.98,86.17,91.88851954195188,88.02821941594976
2023-05-14 00:00:00+00:00,94.3,95.85,82.66,88.11073490940366,82.04493929745297
2023-05-14 01:00:00+00:00,85.95,98.55,83.51,89.54536966550934,81.29891021702764
2023-05-14 02:00:00+00:00,87.29,99.49,82.94,89.63119859256534,78.65659402830829
2023-05-14 03:00:00+00:00,95.08,100.18,84.07,89.61085755380645,76.10969029237393
2023-05-14 04:00:00+00:00,81.33,96.96,83.14,84.92594105061809,71.19258195023642
2023-05-14 05:00:00+00:00,73.87,94.72,81.87,78.49400959074049,68.55233831568108
2023-05-14 06:00:00+00:00,75.69,94.47,75.87,72.46886525918774,68.16797943032161
2023-05-14 07:00:00+00:00,54.9,89.08,67.6,60.055089837608996,61.91450661032772
2023-05-14 08:00:00+00:00,25.09,73.1,33.9,40.864008967523695,46.714142041121825
2023-05-14 09:00:00+00:00,13.89,30.12,5.09,14.49944766655176,16.085237216262854
2023-05-14 10:00:00+00:00,9.73,15.53,-0.04,7.056723681399788,5.259340085885398
2023-05-14 11:00:00+00:00,1.85,5.55,-0.99,3.2987459630069225,-2.1152667245133046
2023-05-14 12:00:00+00:00,0.16,5.06,-0.03,5.981028817712996,-2.0702081487980166
2023-05-14 13:00:00+00:00,1.78,6.17,15.44,14.251622688494791,3.1456392343087174
2023-05-14 14:00:00+00:00,32.29,27.72,56.62,40.30897806956705,27.377649252665393
2023-05-14 15:00:00+00:00,90.5,77.26,75.97,81.98356293350557,69.5035778198595
2023-05-14 16:00:00+00:00,105.63,105.98,94.94,113.83055184501703,98.03274232767194
2023-05-14 17:00:00+00:00,116.0,111.12,99.36,127.71779559399488,107.37621293008236
2023-05-14 18:00:00+00:00,127.13,119.32,106.45,137.71703265450003,117.55203315511929
2023-05-14 19:00:00+00:00,127.99,114.43,105.02,134.20921109302267,116.1438683150416
2023-05-14 20:00:00+00:00,119.14,109.96,99.3,128.8915760279068,112.53702786248148
2023-05-14 21:00:00+00:00,107.92,104.97,96.07,121.13877323436175,106.67509867160285
2023-05-14 22:00:00+00:00,119.04,102.37,85.92,126.15417085918602,112.83700421855077
2023-05-14 23:00:00+00:00,107.61,98.18,83.93,122.84340164682288,108.98823615925781
2023-05-15 00:00:00+00:00,103.54,94.3,83.78,120.64701888413325,105.77663222640143
2023-05-15 01:00:00+00:00,108.87,85.95,83.13,118.13110688262282,100.76681744300181
2023-05-15 02:00:00+00:00,108.03,87.29,84.09,122.50034562491437,103.12086506860274
2023-05-15 03:00:00+00:00,126.15,95.08,90.91,133.80930586580843,112.16591238280384
2023-05-15 04:00:00+00:00,151.03,81.33,104.12,137.95162330011516,111.4587260199284
2023-05-15 05:00:00+00:00,168.79,73.87,119.45,137.36770795333734,112.82769173265561
2023-05-15 06:00:00+00:00,149.12,75.69,110.97,132.20263798047887,114.6254464328022
2023-05-15 07:00:00+00:00,124.81,54.9,100.01,109.56859054576682,98.10773646770721
2023-05-15 08:00:00+00:00,105.58,25.09,91.83,83.67964084835383,75.43713948535607
2023-05-15 09:00:00+00:00,99.62,13.89,81.64,69.23803985869881,62.76099127074603
2023-05-15 10:00:00+00:00,94.75,9.73,80.41,62.712658163150536,57.4009652970726
2023-05-15 11:00:00+00:00,90.77,1.85,74.32,54.723393345860956,48.84440792405636
2023-05-15 12:00:00+00:00,89.42,0.16,74.09,49.87109632511074,45.274626549152664
2023-05-15 13:00:00+00:00,90.54,1.78,78.0,48.625550727455504,45.57231798097546
2023-05-15 14:00:00+00:00,91.39,32.29,84.01,66.88937908141436,67.66901583189703
2023-05-15 15:00:00+00:00,100.05,90.5,97.05,107.23847133920333,113.45894457755716
2023-05-15 16:00:00+00:00,117.84,105.63,110.04,127.18299141803053,129.21762730303672
2023-05-15 17:00:00+00:00,124.98,116.0,132.9,143.7840485258195,141.0726442705476
2023-05-15 18:00:00+00:00,131.79,127.13,128.41,151.09764601461603,148.87423562666845
2023-05-15 19:00:00+00:00,124.07,127.99,121.99,146.54159454671702,148.07759996960505
2023-05-15 20:00:00+00:00,110.59,119.14,112.56,133.97392418946131,139.1523513233421
2023-05-15 21:00:00+00:00,93.79,107.92,99.38,118.92896704825117,127.03123393561208
2023-05-15 22:00:00+00:00,78.96,119.04,95.96,107.17591940574536,122.89245430975406
2023-05-15 23:00:00+00:00,73.1,107.61,87.52,97.99088477467313,113.01010059029295
2023-05-16 00:00:00+00:00,70.01,103.54,84.6,93.83296524169853,109.23378735754136
2023-05-16 01:00:00+00:00,63.56,108.87,84.17,96.92781620077592,112.558156926549
2023-05-16 02:00:00+00:00,65.9,108.03,85.25,99.43408627995302,113.33621009149729
2023-05-16 03:00:00+00:00,74.39,126.15,92.45,115.94314844248439,129.56906790500503
2023-05-16 04:00:00+00:00,99.77,151.03,111.58,141.24038565430584,154.38968099784273
2023-05-16 05:00:00+00:00,114.99,168.79,121.0,155.76871193788395,171.53597450565817
2023-05-16 06:00:00+00:00,119.54,149.12,117.88,142.54342267622008,159.68181058779186
2023-05-16 07:00:00+00:00,102.83,124.81,104.96,119.44262969913993,138.89841165580708
2023-05-16 08:00:00+00:00,82.77,105.58,88.84,98.43734590832995,120.16959374032932
2023-05-16 09:00:00+00:00,76.0,99.62,70.95,85.69363271778442,111.15621266196098
2023-05-16 10:00:00+00:00,66.84,94.75,65.76,74.7727851641128,103.82821786208379
2023-05-16 11:00:00+00:00,52.09,90.77,61.91,64.72704291424482,96.29052224605532
2023-05-16 12:00:00+00:00,21.25,89.42,68.29,58.16810926294944,91.68843887961069
2023-05-16 13:00:00+00:00,12.59,90.54,80.8,57.15183514474964,90.45778755417892
2023-05-16 14:00:00+00:00,43.23,91.39,84.44,59.77412539967807,91.55928258910194
2023-05-16 15:00:00+00:00,74.0,100.05,100.06,75.19695372207812,104.59574868311883
2023-05-16 16:00:00+00:00,87.44,117.84,116.34,96.17736190096443,121.4631187721087
2023-05-16 17:00:00+00:00,105.0,124.98,121.93,110.02595666758073,129.27807148773203
2023-05-16 18:00:00+00:00,110.09,131.79,121.05,118.2372960332709,134.68441655016227
2023-05-16 19:00:00+00:00,106.52,124.07,110.97,111.39863491737458,128.02308845168355
2023-05-16 20:00:00+00:00,104.99,110.59,104.67,98.63128167017776,116.02484783627308
2023-05-16 21:00:00+00:00,97.23,93.79,89.93,81.67653507108278,99.57299225816013
2023-05-16 22:00:00+00:00,77.65,78.96,94.79,63.495506873021895,80.07163670780804
2023-05-16 23:00:00+00:00,70.39,73.1,90.05,58.54291027162829,74.08183204354528
2023-05-17 00:00:00+00:00,70.65,70.01,88.38,57.291438443459185,71.30287711271386
2023-05-17 01:00:00+00:00,70.0,63.56,86.19,57.65799979438545,68.20567338121131
2023-05-17 02:00:00+00:00,72.52,65.9,88.39,64.15956467031532,71.42232835027681
2023-05-17 03:00:00+00:00,79.83,74.39,90.18,76.72641899906205,81.33704328762781
2023-05-17 04:00:00+00:00,105.16,99.77,107.57,101.88485772998473,108.17039022308538
2023-05-17 05:00:00+00:00,113.18,114.99,120.6,111.30318775391456,124.30687092935261
2023-05-17 06:00:00+00:00,109.99,119.54,133.0,106.32631096152129,127.730006437238
2023-05-17 07:00:00+00:00,94.7,102.83,110.22,83.61306322259705,110.49114487261572
2023-05-17 08:00:00+00:00,76.08,82.77,105.89,64.73853204460673,94.28009974239363
2023-05-17 09:00:00+00:00,58.41,76.0,100.94,55.84564062877142,87.9654895069828
2023-05-17 10:00:00+00:00,27.57,66.84,96.83,46.11774763010209,79.35542753616807
2023-05-17 11:00:00+00:00,15.62,52.09,92.91,35.77183508418487,67.25343390075413
2023-05-17 12:00:00+00:00,8.57,21.25,91.72,19.05930989074463,45.12123681350088
2023-05-17 13:00:00+00:00,10.07,12.59,96.3,19.63230750284214,39.93544313544603
2023-05-17 14:00:00+00:00,47.19,43.23,107.92,44.90716051975346,62.15464199416929
2023-05-17 15:00:00+00:00,79.09,74.0,117.48,73.98814137303867,85.4347565183813
2023-05-17 16:00:00+00:00,102.15,87.44,120.39,97.30142835362321,97.9072771655885
2023-05-17 17:00:00+00:00,119.59,105.0,140.38,122.40023617326563,114.16626628091298
2023-05-17 18:00:00+00:00,133.5,110.09,147.49,131.52743630898811,119.0557147326823
2023-05-17 19:00:00+00:00,130.16,106.52,134.4,125.63698004398506,114.0542469398068
2023-05-17 20:00:00+00:00,111.0,104.99,117.59,116.96463115912971,108.34695050366994
2023-05-17 21:00:00+00:00,102.94,97.23,109.84,105.81067006575219,98.25342525454717
2023-05-17 22:00:00+00:00,100.59,77.65,100.0,84.96774692503857,74.59127373541267
2023-05-17 23:00:00+00:00,96.35,70.39,96.94,79.08660278543636,67.60386493602124
2023-05-18 00:00:00+00:00,89.24,70.65,96.0,78.76056176411103,66.26137681410302
2023-05-18 01:00:00+00:00,90.01,70.0,97.28,80.42756046903055,65.06159266539206
2023-05-18 02:00:00+00:00,96.93,72.52,97.9,84.24793097140555,66.31135060933738
2023-05-18 03:00:00+00:00,100.47,79.83,104.23,90.6066299586497,71.09266071384734
2023-05-18 04:00:00+00:00,100.42,105.16,121.11,105.49744045370504,90.66355221279514
2023-05-18 05:00:00+00:00,94.83,113.18,148.33,108.9870520887652,101.06847396460662
2023-05-18 06:00:00+00:00,90.29,109.99,167.78,101.43990153218643,102.7029401246036
2023-05-18 07:00:00+00:00,80.34,94.7,135.47,79.16217374872991,87.72637424929093
2023-05-18 08:00:00+00:00,72.06,76.08,126.71,59.647619998395086,72.52919575868313
2023-05-18 09:00:00+00:00,65.03,58.41,115.79,46.44785973186967,59.62115574654462
2023-05-18 10:00:00+00:00,62.87,27.57,104.53,25.902908033516496,35.86642137890448
2023-05-18 11:00:00+00:00,43.52,15.62,100.01,16.12950361582176,23.841781685610385
2023-05-18 12:00:00+00:00,29.41,8.57,99.37,11.776617424619914,15.083844838319465
2023-05-18 13:00:00+00:00,43.08,10.07,109.51,17.993896605665654,15.871415200486183
2023-05-18 14:00:00+00:00,71.56,47.19,113.54,47.6142973881518,43.966371686085985
2023-05-18 15:00:00+00:00,84.59,79.09,115.27,76.4831556515351,69.02238540326695
2023-05-18 16:00:00+00:00,103.08,102.15,123.63,102.2333128916488,89.2037101766851
2023-05-18 17:00:00+00:00,115.53,119.59,147.0,123.58366131762065,107.3198968078288
2023-05-18 18:00:00+00:00,125.87,133.5,132.8,131.31268040209983,116.75187693875529
2023-05-18 19:00:00+00:00,117.18,130.16,118.4,125.62169533325165,114.61970351537329
2023-05-18 20:00:00+00:00,109.61,111.0,113.99,110.85791004529202,101.84998189872891
2023-05-18 21:00:00+00:00,98.76,102.94,101.66,100.04362879076017,93.11001947427762
2023-05-18 22:00:00+00:00,93.02,100.59,98.53,101.34447782572231,96.32137308866176
2023-05-18 23:00:00+00:00,83.2,96.35,90.55,97.24624859876438,90.89526841144584
2023-05-19 00:00:00+00:00,80.23,89.24,89.84,94.4078524538854,85.52090134352389
2023-05-19 01:00:00+00:00,77.03,90.01,90.0,97.2362396018882,85.90053058581191
2023-05-19 02:00:00+00:00,84.16,96.93,90.84,104.78206835637167,91.51758999151762
2023-05-19 03:00:00+00:00,99.33,100.47,98.99,114.02597534825543,97.76899328908557
2023-05-19 04:00:00+00:00,111.0,100.42,116.99,124.58504584351047,107.0040641046869
2023-05-19 05:00:00+00:00,109.97,94.83,130.0,124.68805702323284,109.26864760314653
2023-05-19 06:00:00+00:00,106.0,90.29,137.98,117.54397920746628,108.33993136841083
2023-05-19 07:00:00+00:00,93.89,80.34,113.3,96.62016372016917,96.75168468501934
2023-05-19 08:00:00+00:00,70.37,72.06,101.6,78.47366359999016,87.50646341000501
2023-05-19 09:00:00+00:00,60.56,65.03,97.48,67.30932889196909,80.32666111247104
2023-05-19 10:00:00+00:00,60.91,62.87,83.42,60.2658381399572,72.36000819526502
2023-05-19 11:00:00+00:00,57.79,43.52,76.67,49.26957321348206,54.68086796521756
2023-05-19 12:00:00+00:00,57.93,29.41,72.95,41.922521706162684,41.39450992170291
2023-05-19 13:00:00+00:00,63.62,43.08,75.89,51.10351439877235,48.840944285486835
2023-05-19 14:00:00+00:00,72.15,71.56,80.94,72.42700227977218,70.55177766662621
2023-05-19 15:00:00+00:00,87.19,84.59,94.01,88.23926306700989,84.44109753048657
2023-05-19 16:00:00+00:00,103.67,103.08,107.98,106.08121925295274,101.54442130021522
2023-05-19 17:00:00+00:00,116.29,115.53,122.22,119.30071959188376,113.91024986661532
2023-05-19 18:00:00+00:00,115.93,125.87,124.98,124.01170062106999,121.74709205201727
2023-05-19 19:00:00+00:00,105.02,117.18,117.99,112.10132106184221,114.49918461931094
2023-05-19 20:00:00+00:00,99.79,109.61,101.18,98.46301275455116,104.73889719708063
2023-05-19 21:00:00+00:00,85.78,98.76,97.82,86.38223650169593,94.15568754747402
2023-05-19 22:00:00+00:00,78.74,93.02,104.91,78.0382810349131,88.72827678722373
2023-05-19 23:00:00+00:00,74.0,83.2,99.98,70.46061484639567,78.29415616737796
2023-05-20 00:00:00+00:00,68.08,80.23,95.85,65.93430312664711,72.18451939008992
2023-05-20 01:00:00+00:00,65.83,77.03,98.55,63.528123220951215,67.6307759412302
2023-05-20 02:00:00+00:00,65.05,84.16,99.49,66.67941972248863,70.04827743653962
2023-05-20 03:00:00+00:00,65.7,99.33,100.18,73.30197209256544,77.06152775253271
2023-05-20 04:00:00+00:00,62.08,111.0,96.96,77.69243375645517,82.36937973051155
2023-05-20 05:00:00+00:00,62.46,109.97,94.72,76.13955468551593,80.62829888453277
2023-05-20 06:00:00+00:00,59.76,106.0,94.47,70.73199790046161,78.27529042842711
2023-05-20 07:00:00+00:00,40.04,93.89,89.08,54.298437333923026,68.60507887743141
2023-05-20 08:00:00+00:00,4.44,70.37,73.1,29.367305296358055,49.48535323900895
2023-05-20 09:00:00+00:00,0.28,60.56,30.12,11.726290015823125,36.45133476137862
2023-05-20 10:00:00+00:00,-1.43,60.91,15.53,5.337578457167496,33.023734856862646
2023-05-20 11:00:00+00:00,-1.27,57.79,5.55,-2.040556039818142,26.245658391675846
2023-05-20 12:00:00+00:00,-0.09,57.93,5.06,-3.334674036887904,24.172372046826837
2023-05-20 13:00:00+00:00,0.0,63.62,6.17,4.6458589807054835,30.240153385012675
2023-05-20 14:00:00+00:00,1.32,72.15,27.72,21.34218045668986,43.693627217715246
2023-05-20 15:00:00+00:00,25.94,87.19,77.26,47.5333902862417,65.45681943881326
2023-05-20 16:00:00+00:00,53.68,103.67,105.98,74.93522594276985,86.60573790585589
2023-05-20 17:00:00+00:00,78.44,116.29,111.12,94.04170156066678,100.560012776376
2023-05-20 18:00:00+00:00,87.69,115.93,119.32,97.64061610459294,103.85958537428442
2023-05-20 19:00:00+00:00,81.06,105.02,114.43,87.2412131687371,96.98803914535372
2023-05-20 20:00:00+00:00,78.6,99.79,109.96,78.84174558751617,92.5559294005387
2023-05-20 21:00:00+00:00,73.02,85.78,104.97,65.90875321655635,80.03423805509343
2023-05-20 22:00:00+00:00,52.2,78.74,102.37,65.46836801482246,80.74749072939132
2023-05-20 23:00:00+00:00,40.04,74.0,98.18,61.15346897113811,73.63653203014734
2023-05-21 00:00:00+00:00,33.88,68.08,94.3,56.68927384564232,66.25304362508197
2023-05-21 01:00:00+00:00,28.76,65.83,85.95,54.83283433596034,60.84839594830257
2023-05-21 02:00:00+00:00,29.95,65.05,87.29,55.40516585411031,58.13966002172509
2023-05-21 03:00:00+00:00,28.26,65.7,95.08,56.66353779176466,56.82545769617822
2023-05-21 04:00:00+00:00,30.79,62.08,81.33,49.70521283362822,49.29895571422397
2023-05-21 05:00:00+00:00,27.55,62.46,73.87,45.37303948260053,46.81888661124558
2023-05-21 06:00:00+00:00,20.0,59.76,75.69,39.610189057369716,45.056779745807745
2023-05-21 07:00:00+00:00,2.14,40.04,54.9,18.437685298931584,29.124810557798185
2023-05-21 08:00:00+00:00,0.0,4.44,25.09,-14.399590854218602,0.6417295568408576
2023-05-21 09:00:00+00:00,-0.48,0.28,13.89,-23.187453853777455,-2.79949346479313
2023-05-21 10:00:00+00:00,-7.92,-1.43,9.73,-28.697871149991926,-4.3154315389409845
2023-05-21 11:00:00+00:00,-25.03,-1.27,1.85,-32.609330589052774,-6.017574777966729
2023-05-21 12:00:00+00:00,-41.37,-0.09,0.16,-29.865804254276213,-4.773405638373717
2023-05-21 13:00:00+00:00,-19.58,0.0,1.78,-21.956308340908393,-1.5484663964445389
2023-05-21 14:00:00+00:00,-0.41,1.32,32.29,-4.9692368100415365,7.787222303757275
2023-05-21 15:00:00+00:00,2.22,25.94,90.5,29.38384617644232,38.58926820016204
2023-05-21 16:00:00+00:00,41.34,53.68,105.63,63.0246573973245,66.17912130183922
2023-05-21 17:00:00+00:00,85.49,78.44,116.0,88.32901429037028,88.84591442843511
2023-05-21 18:00:00+00:00,90.87,87.69,127.13,96.38016960241683,99.35258133505151
2023-05-21 19:00:00+00:00,91.0,81.06,127.99,89.06201423983856,96.53830604417634
2023-05-21 20:00:00+00:00,89.94,78.6,119.14,82.8935767370507,94.59241810732745
2023-05-21 21:00:00+00:00,83.5,73.02,107.92,74.02241483325804,86.81636214114815
2023-05-21 22:00:00+00:00,88.29,52.2,119.04,68.43401935822739,82.53203254860689
2023-05-21 23:00:00+00:00,80.06,40.04,107.61,62.00139532839836,71.8372725525593
2023-05-22 00:00:00+00:00,78.31,33.88,103.54,59.553429724218844,66.49436054893368
2023-05-22 01:00:00+00:00,77.8,28.76,108.87,60.90733244969117,63.99351071346498
2023-05-22 02:00:00+00:00,81.0,29.95,108.03,66.47319450218217,65.97400095777942
2023-05-22 03:00:00+00:00,99.03,28.26,126.15,74.6625789640578,69.76581264377673
2023-05-22 04:00:00+00:00,115.78,30.79,151.03,89.67550778898762,81.39173911842607
2023-05-22 05:00:00+00:00,120.0,27.55,168.79,93.22706114409769,86.4819428361876
2023-05-22 06:00:00+00:00,113.42,20.0,149.12,80.48514401321633,80.0001808384757
2023-05-22 07:00:00+00:00,104.31,2.14,124.81,56.20627897157816,62.72670934712424
2023-05-22 08:00:00+00:00,89.97,0.0,105.58,40.419396483651795,55.418373295469884
2023-05-22 09:00:00+00:00,78.39,-0.48,99.62,31.925588565081128,53.339151827597355
2023-05-22 10:00:00+00:00,68.38,-7.92,94.75,22.51544226597207,46.16639808062879
2023-05-22 11:00:00+00:00,65.06,-25.03,90.77,12.857092939762595,33.06708048298957
2023-05-22 12:00:00+00:00,68.01,-41.37,89.42,7.37565567854098,20.43342764932352
2023-05-22 13:00:00+00:00,72.21,-19.58,90.54,25.045673380643436,34.20165944834761
2023-05-22 14:00:00+00:00,84.26,-0.41,91.39,44.23842249695498,47.051414302229
2023-05-22 15:00:00+00:00,101.47,2.22,100.05,59.965280413034435,52.770639709479646
2023-05-22 16:00:00+00:00,110.55,41.34,117.84,96.78868226746619,85.36780864088449
2023-05-22 17:00:00+00:00,144.26,85.49,124.98,130.49423787579548,119.27738223057924
2023-05-22 18:00:00+00:00,158.57,90.87,131.79,134.94507368882063,124.6048028679572
2023-05-22 19:00:00+00:00,125.04,91.0,124.07,128.49973510534736,122.75433859888423
2023-05-22 20:00:00+00:00,110.33,89.94,110.59,119.55988146566327,118.60880692029264
2023-05-22 21:00:00+00:00,101.45,83.5,93.79,107.55436146832577,109.16750624374548
2023-05-22 22:00:00+00:00,91.39,88.29,78.96,92.7691346448911,97.88429420408262
2023-05-22 23:00:00+00:00,78.61,80.06,73.1,86.08299214896384,89.74478265261352
2023-05-23 00:00:00+00:00,77.09,78.31,70.01,84.05760832537894,87.411587019623
2023-05-23 01:00:00+00:00,69.58,77.8,63.56,83.45943607012447,85.90653884677482
2023-05-23 02:00:00+00:00,70.0,81.0,65.9,87.44852551028498,89.43240617061012
2023-05-23 03:00:00+00:00,78.64,99.03,74.39,102.45708059808294,105.4331530277798
2023-05-23 04:00:00+00:00,101.09,115.78,99.77,123.1803768079332,126.93230723816711
2023-05-23 05:00:00+00:00,105.39,120.0,114.99,129.89794553425065,135.8763698516048
2023-05-23 06:00:00+00:00,101.0,113.42,119.54,122.91412857294617,132.4713966761521
2023-05-23 07:00:00+00:00,91.87,104.31,102.83,109.57727653363013,121.40809441033791
2023-05-23 08:00:00+00:00,84.6,89.97,82.77,93.52452439369242,107.7209620144157
2023-05-23 09:00:00+00:00,74.53,78.39,76.0,80.46301710883284,97.91400575258844
2023-05-23 10:00:00+00:00,43.88,68.38,66.84,65.71364403858887,86.95590908375466
2023-05-23 11:00:00+00:00,24.04,65.06,52.09,52.22011494441949,78.39700279581967
2023-05-23 12:00:00+00:00,5.55,68.01,21.25,39.030040188981886,70.91576372128138
2023-05-23 13:00:00+00:00,3.54,72.21,12.59,35.9745607230211,71.25976431377089
2023-05-23 14:00:00+00:00,12.81,84.26,43.23,46.78292149453914,82.52892844239496
2023-05-23 15:00:00+00:00,61.72,101.47,74.0,62.98953710836108,96.69731832883012
2023-05-23 16:00:00+00:00,78.09,110.55,87.44,79.84577817044374,108.11695852108956
2023-05-23 17:00:00+00:00,95.27,144.26,105.0,112.6201128112189,138.23728008536668
2023-05-23 18:00:00+00:00,100.95,158.57,110.09,126.74433383127376,149.58759049107204
2023-05-23 19:00:00+00:00,103.34,125.04,106.52,107.97105808037261,126.07385932243452
2023-05-23 20:00:00+00:00,100.09,110.33,104.99,96.50821772768924,114.40403890844964
2023-05-23 21:00:00+00:00,93.78,101.45,97.23,86.14938814260847,104.21387077344052
2023-05-23 22:00:00+00:00,83.0,91.39,77.65,68.316582298469,83.60770824651786
2023-05-23 23:00:00+00:00,76.09,78.61,70.39,59.789954864510705,72.78949703439287
2023-05-24 00:00:00+00:00,75.13,77.09,70.65,60.910022103869935,71.4273819653196
2023-05-24 01:00:00+00:00,76.31,69.58,70.0,61.29247458747305,66.3273013231376
2023-05-24 02:00:00+00:00,76.58,70.0,72.52,68.1313595671961,68.00526901501303
2023-05-24 03:00:00+00:00,86.4,78.64,79.83,82.71383791415782,78.69043076888984
2023-05-24 04:00:00+00:00,108.45,101.09,105.16,107.90123941816485,103.74067713985963
2023-05-24 05:00:00+00:00,124.15,105.39,113.18,114.87124504417139,111.87207771277305
2023-05-24 06:00:00+00:00,109.66,101.0,109.99,109.70605511669564,109.55499203623458
2023-05-24 07:00:00+00:00,99.01,91.87,94.7,96.65019941788329,99.69064119830702
2023-05-24 08:00:00+00:00,85.92,84.6,76.08,86.04812663932616,90.3210642143371
2023-05-24 09:00:00+00:00,81.0,74.53,58.41,76.6696197900415,80.00214553100827
2023-05-24 10:00:00+00:00,80.58,43.88,27.57,54.27514153072998,53.27726928454361
2023-05-24 11:00:00+00:00,83.0,24.04,15.62,41.5293008450482,36.95138613229479
2023-05-24 12:00:00+00:00,75.21,5.55,8.57,31.309311794710766,23.153035500024686
2023-05-24 13:00:00+00:00,88.06,3.54,10.07,32.724519696828864,21.65605830405164
2023-05-24 14:00:00+00:00,95.6,12.81,47.19,47.25519283993282,33.38255147037786
2023-05-24 15:00:00+00:00,107.78,61.72,79.09,85.25868721216182,72.76347833280846
2023-05-24 16:00:00+00:00,116.24,78.09,102.15,105.89422021739728,89.07915894500746
2023-05-24 17:00:00+00:00,170.56,95.27,119.59,125.33540854641114,106.22076293029903
2023-05-24 18:00:00+00:00,182.68,100.95,133.5,130.9187147052826,111.83611390327164
2023-05-24 19:00:00+00:00,153.51,103.34,130.16,126.55310482607719,110.01470918246113
2023-05-24 20:00:00+00:00,116.24,100.09,111.0,115.22107981155102,102.83555385127795
2023-05-24 21:00:00+00:00,103.4,93.78,102.94,103.65423261264996,94.54714871550368
2023-05-24 22:00:00+00:00,102.22,83.0,100.59,90.0782712623716,80.42598314544239
2023-05-24 23:00:00+00:00,93.84,76.09,96.35,82.56800887343043,73.43114259860144
2023-05-25 00:00:00+00:00,90.95,75.13,89.24,79.6666254267193,71.33048033131631
2023-05-25 01:00:00+00:00,88.88,76.31,90.01,81.11948810797259,72.02734349152348
2023-05-25 02:00:00+00:00,90.71,76.58,96.93,84.34928856384141,73.79373685001947
2023-05-25 03:00:00+00:00,99.64,86.4,100.47,95.26018255738548,83.68294701249016
2023-05-25 04:00:00+00:00,122.58,108.45,100.42,115.25847817312211,105.8348231429798
2023-05-25 05:00:00+00:00,124.48,124.15,94.83,124.66820269026428,120.66308748551417
2023-05-25 06:00:00+00:00,104.0,109.66,90.29,109.9822340415231,111.63986660544234
2023-05-25 07:00:00+00:00,83.35,99.01,80.34,91.03376633322463,101.63582548121092
2023-05-25 08:00:00+00:00,70.85,85.92,72.06,72.61421243225222,90.58977350695297
2023-05-25 09:00:00+00:00,55.56,81.0,65.03,60.814782812328474,84.47896085574246
2023-05-25 10:00:00+00:00,41.28,80.58,62.87,51.84429127140666,79.24554621456144
2023-05-25 11:00:00+00:00,16.7,83.0,43.52,44.668704431080656,74.02688422109671
2023-05-25 12:00:00+00:00,20.26,75.21,29.41,33.07134927512867,62.046630198520084
2023-05-25 13:00:00+00:00,10.27,88.06,43.08,40.535869705744176,69.33164947045088
2023-05-25 14:00:00+00:00,40.99,95.6,71.56,50.397954717340255,75.73041726765884
2023-05-25 15:00:00+00:00,73.33,107.78,84.59,71.58471927008083,90.2834002460505
2023-05-25 16:00:00+00:00,94.16,116.24,103.08,92.21954438889901,100.86327301101817
2023-05-25 17:00:00+00:00,110.64,170.56,115.53,136.67205882132424,143.2376437389544
2023-05-25 18:00:00+00:00,124.8,182.68,125.87,148.72976620325477,154.48946445113842
2023-05-25 19:00:00+00:00,108.69,153.51,117.18,127.72053737686173,133.81579295931587
2023-05-25 20:00:00+00:00,100.48,116.24,109.61,100.28222579810343,106.10700560923065
2023-05-25 21:00:00+00:00,90.94,103.4,98.76,86.28033604004665,92.93664155628201
2023-05-25 22:00:00+00:00,88.11,102.22,93.02,89.95932427126112,93.62779140440101
2023-05-25 23:00:00+00:00,76.4,93.84,83.2,83.2190465774846,84.95039396062634
2023-05-26 00:00:00+00:00,74.57,90.95,80.23,81.247167882229,81.78662136981849
2023-05-26 01:00:00+00:00,74.63,88.88,77.03,81.37970191075699,80.13196594246975
2023-05-26 02:00:00+00:00,78.99,90.71,84.16,86.15321144912059,83.03783073402676
2023-05-26 03:00:00+00:00,89.59,99.64,99.33,98.25548190383869,93.65709894217669
2023-05-26 04:00:00+00:00,104.94,122.58,111.0,120.92628705017137,117.85259429861637
2023-05-26 05:00:00+00:00,105.6,124.48,109.97,124.75568993567003,124.82337146377385
2023-05-26 06:00:00+00:00,100.65,104.0,106.0,105.40421377106333,111.16755900263185
2023-05-26 07:00:00+00:00,81.44,83.35,93.89,79.3565317635645,94.01372739589603
2023-05-26 08:00:00+00:00,56.25,70.85,70.37,57.59887298076585,80.30577934847263
2023-05-26 09:00:00+00:00,33.16,55.56,60.56,41.143514089973834,67.73883363312146
2023-05-26 10:00:00+00:00,21.02,41.28,60.91,29.20402500869082,56.593272895035625
2023-05-26 11:00:00+00:00,0.97,16.7,57.79,13.955125160496422,38.39181913109547
2023-05-26 12:00:00+00:00,0.0,20.26,57.93,14.661515612036112,38.789754404704375
2023-05-26 13:00:00+00:00,0.07,10.27,63.62,13.967371660484204,33.5963454655179
2023-05-26 14:00:00+00:00,22.92,40.99,72.15,37.59208299899005,55.607535256996016
2023-05-26 15:00:00+00:00,53.59,73.33,87.19,68.94444467309444,81.21600825200434
2023-05-26 16:00:00+00:00,88.28,94.16,103.67,97.36125203111787,99.61416130676174
2023-05-26 17:00:00+00:00,110.82,110.64,116.29,121.11851602539707,117.07279593485224
2023-05-26 18:00:00+00:00,115.62,124.8,115.93,130.57906832663846,126.53346320449819
2023-05-26 19:00:00+00:00,110.0,108.69,105.02,114.99420949012135,111.39755810837026
2023-05-26 20:00:00+00:00,99.5,100.48,99.79,102.9142922087584,101.2979023102424
2023-05-26 21:00:00+00:00,92.5,90.94,85.78,91.60447016471782,90.11475693291452
2023-05-26 22:00:00+00:00,89.69,88.11,78.74,87.24463896959368,83.92730139953849
2023-05-26 23:00:00+00:00,83.53,76.4,74.0,78.87630929007037,72.34234731123648
2023-05-27 00:00:00+00:00,84.73,74.57,68.08,76.31284409907502,67.31973772598113
2023-05-27 01:00:00+00:00,86.33,74.63,65.83,76.54336953292581,64.16908650194398
2023-05-27 02:00:00+00:00,91.25,78.99,65.05,79.80763117017253,64.24115787813324
2023-05-27 03:00:00+00:00,90.0,89.59,65.7,85.3852264805904,68.29367449933223
2023-05-27 04:00:00+00:00,82.7,104.94,62.08,91.07796759516164,76.7076859592665
2023-05-27 05:00:00+00:00,82.99,105.6,62.46,85.75902639086802,76.21768679121364
2023-05-27 06:00:00+00:00,72.61,100.65,59.76,73.0616297505532,71.35369259345579
2023-05-27 07:00:00+00:00,55.06,81.44,40.04,48.25207858299055,54.266606259495205
2023-05-27 08:00:00+00:00,16.37,56.25,4.44,21.01054653795275,31.46209443706212
2023-05-27 09:00:00+00:00,1.45,33.16,0.28,1.749190981834957,13.764642835321567
2023-05-27 10:00:00+00:00,0.0,21.02,-1.43,-9.174584245370397,3.7578178983126946
2023-05-27 11:00:00+00:00,-6.03,0.97,-1.27,-23.156785124565317,-12.45449927944972
2023-05-27 12:00:00+00:00,-2.39,0.0,-0.09,-21.983038174676693,-12.429976945063828
2023-05-27 13:00:00+00:00,0.51,0.07,0.0,-16.556917483665615,-11.940426940261858
2023-05-27 14:00:00+00:00,2.26,22.92,1.32,8.36544766886864,8.950073443826184
2023-05-27 15:00:00+00:00,55.08,53.59,25.94,46.75845143733676,40.10573360037443
2023-05-27 16:00:00+00:00,84.85,88.28,53.68,89.30743089415726,73.47796633333175
2023-05-27 17:00:00+00:00,100.38,110.82,78.44,119.33733886296338,96.76078294790726
2023-05-27 18:00:00+00:00,124.93,115.62,87.69,126.78485064449237,104.16313690025704
2023-05-27 19:00:00+00:00,113.08,110.0,81.06,120.68765297393183,100.13402467853736
2023-05-27 20:00:00+00:00,100.03,99.5,78.6,111.15359928740125,93.18997331183436
2023-05-27 21:00:00+00:00,94.71,92.5,73.02,101.3978536426494,85.59463122627307
2023-05-27 22:00:00+00:00,87.09,89.69,52.2,96.91717972051458,85.83247599464771
2023-05-27 23:00:00+00:00,84.0,83.53,40.04,88.60573337987249,76.57317228136012
2023-05-28 00:00:00+00:00,81.92,84.73,33.88,86.86167967528203,73.87813978701178
2023-05-28 01:00:00+00:00,77.87,86.33,28.76,86.60808495347207,71.24866065950653
2023-05-28 02:00:00+00:00,77.86,91.25,29.95,89.56460517699914,71.74024999924649
2023-05-28 03:00:00+00:00,76.47,90.0,28.26,87.25191950132168,67.0113137001699
2023-05-28 04:00:00+00:00,72.02,82.7,30.79,77.93076184029036,58.618939432280584
2023-05-28 05:00:00+00:00,64.84,82.99,27.55,68.69590758216914,56.48559385732869
2023-05-28 06:00:00+00:00,37.7,72.61,20.0,51.1317620830826,48.279141972131086
2023-05-28 07:00:00+00:00,0.0,55.06,2.14,27.45746120411664,32.896515225467255
2023-05-28 08:00:00+00:00,-3.08,16.37,0.0,-3.6788129766088105,4.5515323758282165
2023-05-28 09:00:00+00:00,-18.05,1.45,-0.48,-17.106307781801405,-6.012291558546195
2023-05-28 10:00:00+00:00,-48.72,0.0,-7.92,-23.228725491276236,-9.414348818686946
2023-05-28 11:00:00+00:00,-129.91,-6.03,-25.03,-32.54983902623451,-18.610997725908987
2023-05-28 12:00:00+00:00,-129.96,-2.39,-41.37,-33.23524385249925,-18.769677694170937
2023-05-28 13:00:00+00:00,-98.08,0.51,-19.58,-23.975999781323807,-12.596372276194359
2023-05-28 14:00:00+00:00,-18.68,2.26,-0.41,-9.067662811597586,-3.210974889270588
2023-05-28 15:00:00+00:00,-0.06,55.08,2.22,34.69903005130854,39.71790176792463
2023-05-28 16:00:00+00:00,50.0,84.85,41.34,71.01770221735661,73.07851450548891
2023-05-28 17:00:00+00:00,72.9,100.38,85.49,97.88549192297205,95.22543011580238
2023-05-28 18:00:00+00:00,80.01,124.93,90.87,116.10576113032319,116.50407102470004
2023-05-28 19:00:00+00:00,77.84,113.08,91.0,108.48932371421982,111.7808093505479
2023-05-28 20:00:00+00:00,73.8,100.03,89.94,97.7591068750815,104.09479477226631
2023-05-28 21:00:00+00:00,69.5,94.71,83.5,89.73677015749175,97.98765901724045
2023-05-28 22:00:00+00:00,59.23,87.09,88.29,93.3452006371026,102.39888534557966
2023-05-28 23:00:00+00:00,53.9,84.0,80.06,91.08251444284166,98.00935231441063
2023-05-29 00:00:00+00:00,51.82,81.92,78.31,90.81001375463902,95.73287608067226
2023-05-29 01:00:00+00:00,48.51,77.87,77.8,89.90944188830179,92.10929796051445
2023-05-29 02:00:00+00:00,54.52,77.86,81.0,92.5078236109913,92.41418587318466
2023-05-29 03:00:00+00:00,63.36,76.47,99.03,94.75619104925798,92.59811683260405
2023-05-29 04:00:00+00:00,67.65,72.02,115.78,92.89357933820853,90.40259565577742
2023-05-29 05:00:00+00:00,58.71,64.84,120.0,85.42460048623136,87.1130354669503
2023-05-29 06:00:00+00:00,29.92,37.7,113.42,61.67330268586548,69.15072908069816
2023-05-29 07:00:00+00:00,0.0,0.0,104.31,29.49084383850696,43.09578118618342
2023-05-29 08:00:00+00:00,-2.11,-3.08,89.97,16.882089597077808,37.12980661817928
2023-05-29 09:00:00+00:00,-21.08,-18.05,78.39,2.109697484438172,24.925520687466815
2023-05-29 10:00:00+00:00,-55.02,-48.72,68.38,-16.808828986272232,2.859929993155731
2023-05-29 11:00:00+00:00,-95.11,-129.91,65.06,-57.27281348027185,-50.58641043983452
2023-05-29 12:00:00+00:00,-109.45,-129.96,68.01,-54.434999406834464,-49.29854153018535
2023-05-29 13:00:00+00:00,-80.69,-98.08,72.21,-31.28770414229578,-26.191500058769606
2023-05-29 14:00:00+00:00,-19.97,-18.68,84.26,15.72488769604908,28.439494889345298
2023-05-29 15:00:00+00:00,-4.98,-0.06,101.47,39.82994702956968,49.06817081450362
2023-05-29 16:00:00+00:00,19.2,50.0,110.55,81.27508629117881,88.79040046364216
2023-05-29 17:00:00+00:00,72.08,72.9,144.26,109.1537980699448,111.79683595020941
2023-05-29 18:00:00+00:00,83.75,80.01,158.57,118.43062725042957,121.17130230922517
2023-05-29 19:00:00+00:00,85.88,77.84,125.04,110.2844628999637,115.88564044054357
2023-05-29 20:00:00+00:00,80.48,73.8,110.33,103.18399165527232,111.32478811708714
2023-05-29 21:00:00+00:00,74.26,69.5,101.45,96.99593612954473,105.75101856310732
2023-05-29 22:00:00+00:00,75.02,59.23,91.39,83.94400348756974,88.81822898757561
2023-05-29 23:00:00+00:00,71.05,53.9,78.61,80.96576992984892,82.46917510959666
2023-05-30 00:00:00+00:00,68.9,51.82,77.09,81.54495511677348,80.20373965969381
2023-05-30 01:00:00+00:00,70.03,48.51,69.58,81.82104868890612,76.80402386103219
2023-05-30 02:00:00+00:00,76.68,54.52,70.0,89.7942026986607,81.90117215303275
2023-05-30 03:00:00+00:00,85.07,63.36,78.64,101.59256414948888,90.93410241094053
2023-05-30 04:00:00+00:00,97.91,67.65,101.09,115.08814197943026,102.4168540976024
2023-05-30 05:00:00+00:00,117.96,58.71,105.39,113.47636471028542,101.54317295711944
2023-05-30 06:00:00+00:00,108.64,29.92,101.0,91.09320271601531,81.35261679080065
2023-05-30 07:00:00+00:00,90.06,0.0,91.87,61.86382888653817,56.334145586732554
2023-05-30 08:00:00+00:00,82.37,-2.11,84.6,50.52206236436025,52.91013122605471
2023-05-30 09:00:00+00:00,70.27,-21.08,74.53,33.741303312570864,37.494035180314974
2023-05-30 10:00:00+00:00,64.49,-55.02,43.88,7.212027784956177,6.990104492993794
2023-05-30 11:00:00+00:00,57.36,-95.11,24.04,-23.83255222822838,-31.44301493314991
2023-05-30 12:00:00+00:00,56.48,-109.45,5.55,-35.09650065580047,-45.889969339603866
2023-05-30 13:00:00+00:00,62.66,-80.69,3.54,-16.74972995489361,-26.582836225799724
2023-05-30 14:00:00+00:00,72.07,-19.97,12.81,26.03824368321831,20.41330230695992
2023-05-30 15:00:00+00:00,88.55,-4.98,61.72,52.021472010882974,39.204190297738286
2023-05-30 16:00:00+00:00,97.97,19.2,78.09,82.26453131718426,63.05819457696293
2023-05-30 17:00:00+00:00,124.9,72.08,95.27,123.20167523810883,103.61805536235401
2023-05-30 18:00:00+00:00,154.56,83.75,100.95,131.2257544924102,112.28367668834156
2023-05-30 19:00:00+00:00,125.77,85.88,103.34,127.49133425377408,113.46036432664994
2023-05-30 20:00:00+00:00,97.31,80.48,100.09,117.18646932649173,107.9721068141393
2023-05-30 21:00:00+00:00,89.65,74.26,93.78,106.15818623591436,100.29516338300283
2023-05-30 22:00:00+00:00,85.92,75.02,83.0,87.969418913615,84.8486172607659
2023-05-30 23:00:00+00:00,82.17,71.05,76.09,84.07307495611036,79.7573109821981
2023-05-31 00:00:00+00:00,74.2,68.9,75.13,83.62197785613739,77.4127541315176
2023-05-31 01:00:00+00:00,80.02,70.03,76.31,87.3645407326268,78.17627672421233
2023-05-31 02:00:00+00:00,85.26,76.68,76.58,96.31739834334232,84.24000476429237
2023-05-31 03:00:00+00:00,91.98,85.07,86.4,109.17702696839247,94.2586745339667
2023-05-31 04:00:00+00:00,119.01,97.91,108.45,127.44446542677261,112.31916785912345
2023-05-31 05:00:00+00:00,118.42,117.96,124.15,140.52946990078,132.6192753584126
2023-05-31 06:00:00+00:00,105.83,108.64,109.66,123.52326682361083,124.33991222755688
2023-05-31 07:00:00+00:00,86.41,90.06,99.01,95.9068651093271,106.8114252433501
2023-05-31 08:00:00+00:00,66.92,82.37,85.92,76.85406350782709,98.47263948849246
2023-05-31 09:00:00+00:00,46.42,70.27,81.0,59.81478255530749,87.10401069322654
2023-05-31 10:00:00+00:00,9.06,64.49,80.58,46.81320559878098,77.58255185463771
2023-05-31 11:00:00+00:00,-0.02,57.36,83.0,33.886194289965886,65.49689416227955
2023-05-31 12:00:00+00:00,-0.81,56.48,75.21,25.092560253400762,57.15628830685531
2023-05-31 13:00:00+00:00,-0.17,62.66,88.06,28.650081944237073,59.76336813925381
2023-05-31 14:00:00+00:00,20.16,72.07,95.6,41.189690524740044,68.68941874921748
2023-05-31 15:00:00+00:00,69.45,88.55,107.78,63.122773815017624,81.94096797090347
2023-05-31 16:00:00+00:00,86.43,97.97,116.24,85.11442690214585,92.04037728952429
2023-05-31 17:00:00+00:00,108.26,124.9,170.56,121.50691472023541,122.64750343060676
2023-05-31 18:00:00+00:00,119.6,154.56,182.68,142.98663338678074,145.7091979777582
2023-05-31 19:00:00+00:00,103.69,125.77,153.51,120.01632389530945,122.63052867832953
2023-05-31 20:00:00+00:00,94.28,97.31,116.24,92.995018594049,97.04960351453896
2023-05-31 21:00:00+00:00,83.13,89.65,103.4,80.85739960371075,87.30154802268191
2023-05-31 22:00:00+00:00,84.15,85.92,102.22,72.29981102554456,81.22171318449597
2023-05-31 23:00:00+00:00,74.3,82.17,93.84,67.58392957547059,75.86683117796674
2023-06-01 00:00:00+00:00,70.1,74.2,90.95,62.62319500318613,69.36922607002089
2023-06-01 01:00:00+00:00,66.72,80.02,88.88,67.1976452502328,72.9204099607865
2023-06-01 02:00:00+00:00,67.7,85.26,90.71,74.3570077447538,77.88321678826743
2023-06-01 03:00:00+00:00,80.45,91.98,99.64,84.96851777723467,86.13479308151688
2023-06-01 04:00:00+00:00,97.04,119.01,122.58,110.84699244936186,114.40847155959682
2023-06-01 05:00:00+00:00,108.23,118.42,124.48,112.4241224964644,120.46261593939595
2023-06-01 06:00:00+00:00,99.07,105.83,104.0,96.37901354688248,110.38331061696037
2023-06-01 07:00:00+00:00,87.3,86.41,83.35,69.77402951786793,92.17278910827427
2023-06-01 08:00:00+00:00,68.19,66.92,70.85,45.816264515687536,76.3683522371563
2023-06-01 09:00:00+00:00,59.92,46.42,55.56,24.1079162296531,59.3444366950569
2023-06-01 10:00:00+00:00,38.86,9.06,41.28,-3.443096637432049,31.274213510264218
2023-06-01 11:00:00+00:00,9.35,-0.02,16.7,-14.990152346311149,20.39258549409118
2023-06-01 12:00:00+00:00,3.01,-0.81,20.26,-15.859122616904074,18.797428039742485
2023-06-01 13:00:00+00:00,13.35,-0.17,10.27,-11.898526478207046,18.215637778401174
2023-06-01 14:00:00+00:00,56.14,20.16,40.99,10.634549155261979,36.394294938742405
2023-06-01 15:00:00+00:00,72.0,69.45,73.33,53.89160988110079,75.80308617649939
2023-06-01 16:00:00+00:00,87.86,86.43,94.16,81.15775291786176,92.56970187502962
2023-06-01 17:00:00+00:00,100.46,108.26,110.64,107.94442745928127,112.67776162426017
2023-06-01 18:00:00+00:00,120.04,119.6,124.8,120.24604470281469,123.57382871671234
2023-06-01 19:00:00+00:00,103.43,103.69,108.69,104.78899600763691,107.94804449290511
2023-06-01 20:00:00+00:00,95.41,94.28,100.48,92.20318951475761,97.60182219093805
2023-06-01 21:00:00+00:00,86.53,83.13,90.94,79.83357012406987,85.89940517892556
2023-06-01 22:00:00+00:00,83.59,84.15,88.11,80.87234691234946,88.5113072851787
2023-06-01 23:00:00+00:00,79.4,74.3,76.4,75.17139100488167,79.13573081362169
2023-06-02 00:00:00+00:00,79.85,70.1,74.57,74.15663167417927,74.8001716187812
2023-06-02 01:00:00+00:00,77.42,66.72,74.63,76.59309660404851,73.16566659739641
2023-06-02 02:00:00+00:00,81.12,67.7,78.99,82.71374809162646,75.44406895023245
2023-06-02 03:00:00+00:00,90.88,80.45,89.59,97.18486517181255,87.48719098750514
2023-06-02 04:00:00+00:00,118.97,97.04,104.94,117.74301884686179,108.15876265990981
2023-06-02 05:00:00+00:00,125.58,108.23,105.6,125.3467862984012,120.19978007716459
2023-06-02 06:00:00+00:00,96.19,99.07,100.65,112.27015269231333,113.476947762068
2023-06-02 07:00:00+00:00,84.37,87.3,81.44,90.12704569217595,100.49419639470077
2023-06-02 08:00:00+00:00,72.09,68.19,56.25,64.5419130301027,81.98145238449567
2023-06-02 09:00:00+00:00,63.15,59.92,33.16,47.68043636481312,70.54655961060831
2023-06-02 10:00:00+00:00,56.06,38.86,21.02,25.894436181115665,49.02829919838681
2023-06-02 11:00:00+00:00,42.61,9.35,0.97,3.6696525232909067,23.533248816853856
2023-06-02 12:00:00+00:00,36.82,3.01,0.0,-1.5865322153384085,17.06178343994405
2023-06-02 13:00:00+00:00,44.9,13.35,0.07,5.546153748923658,22.599571601219154
2023-06-02 14:00:00+00:00,58.27,56.14,22.92,36.196490286387714,54.19244007683511
2023-06-02 15:00:00+00:00,76.62,72.0,53.59,60.608333361559716,73.01248970693312
2023-06-02 16:00:00+00:00,85.96,87.86,88.28,87.40657059333031,91.40004346751769
2023-06-02 17:00:00+00:00,101.12,100.46,110.82,108.3584711473658,105.89452366083849
2023-06-02 18:00:00+00:00,110.5,120.04,115.62,121.68313106935668,119.99912476964278
2023-06-02 19:00:00+00:00,101.31,103.43,110.0,105.76871644025903,106.72163383127533
2023-06-02 20:00:00+00:00,92.56,95.41,99.5,91.91942279045284,98.31261060055878
2023-06-02 21:00:00+00:00,85.06,86.53,92.5,78.78154524215095,88.06180881658118
2023-06-02 22:00:00+00:00,84.95,83.59,89.69,75.88727039676121,83.64542645351625
2023-06-02 23:00:00+00:00,80.3,79.4,83.53,70.54783417503776,76.33160896464953
2023-06-03 00:00:00+00:00,77.79,79.85,84.73,70.60215348524889,73.60232437045474
2023-06-03 01:00:00+00:00,75.2,77.42,86.33,70.72974549367314,69.05850693403991
2023-06-03 02:00:00+00:00,80.71,81.12,91.25,74.83778912578074,69.00700023106813
2023-06-03 03:00:00+00:00,78.64,90.88,90.0,80.46508010366169,72.50772879706406
2023-06-03 04:00:00+00:00,77.76,118.97,82.7,93.32576539441177,89.21121768090157
2023-06-03 05:00:00+00:00,73.63,125.58,82.99,93.76133049617303,94.34927803034346
2023-06-03 06:00:00+00:00,70.0,96.19,72.61,70.08001199197227,72.94242075528207
2023-06-03 07:00:00+00:00,59.97,84.37,55.06,49.56388520771765,61.26274905518293
2023-06-03 08:00:00+00:00,27.36,72.09,16.37,26.874493463085244,46.216016946317524
2023-06-03 09:00:00+00:00,5.0,63.15,1.45,12.286512688426257,36.929075896250495
2023-06-03 10:00:00+00:00,-0.01,56.06,0.0,2.910616927885627,28.990526990901145
2023-06-03 11:00:00+00:00,-4.91,42.61,-6.03,-7.777901108022476,15.266578795925113
2023-06-03 12:00:00+00:00,-3.39,36.82,-2.39,-9.393770853626634,10.207786423419762
2023-06-03 13:00:00+00:00,-0.05,44.9,0.51,0.6637671328288519,16.957630822080077
2023-06-03 14:00:00+00:00,5.38,58.27,2.26,19.63078349712407,32.03573460353782
2023-06-03 15:00:00+00:00,45.66,76.62,55.08,51.318634464226506,56.634085825747235
2023-06-03 16:00:00+00:00,75.0,85.96,84.85,77.0662034504516,72.8968035124264
2023-06-03 17:00:00+00:00,84.96,101.12,100.38,99.89927394508796,89.86025762316984
2023-06-03 18:00:00+00:00,94.9,110.5,124.93,111.71749148127543,102.5301662895821
2023-06-03 20:00:00+00:00,87.89,92.56,100.03,90.60972448208553,88.57936128711454
2023-06-03 21:00:00+00:00,81.17,85.06,94.71,80.74203166238112,80.6550706891905
2023-06-03 22:00:00+00:00,81.12,84.95,87.09,82.87239998814437,85.08005145213261
2023-06-03 23:00:00+00:00,74.9,80.3,84.0,78.94656748328605,78.74654973961808
2023-06-04 00:00:00+00:00,72.51,77.79,81.92,76.95763173660511,73.99710421172125
2023-06-04 01:00:00+00:00,71.65,75.2,77.87,75.73073244298894,68.72946074776974
2023-06-04 02:00:00+00:00,73.14,80.71,77.86,79.48141266710776,69.48587306541076
2023-06-04 03:00:00+00:00,72.23,78.64,76.47,77.14038666640367,64.22664628688297
2023-06-04 04:00:00+00:00,69.07,77.76,72.02,72.2992398188616,61.30245735434436
2023-06-04 05:00:00+00:00,64.77,73.63,64.84,61.371253477075584,56.4301849095103
2023-06-04 06:00:00+00:00,50.81,70.0,37.7,45.23202483259978,48.32064178451687
2023-06-04 07:00:00+00:00,21.93,59.97,0.0,22.973770901275188,35.92647119580188
2023-06-04 08:00:00+00:00,5.11,27.36,-3.08,-4.272399200010611,13.494574781311599
2023-06-04 09:00:00+00:00,0.0,5.0,-18.05,-21.88428142226698,-2.0115579100724688
2023-06-04 10:00:00+00:00,-4.98,-0.01,-48.72,-30.755039166122515,-9.504364355188585
2023-06-04 11:00:00+00:00,-29.45,-4.91,-129.91,-43.732496074637055,-24.084407151196757
2023-06-04 12:00:00+00:00,-36.35,-3.39,-129.96,-40.41890194031612,-23.062588071353517
2023-06-04 13:00:00+00:00,-4.33,-0.05,-98.08,-27.33998266611715,-14.158979144550912
2023-06-04 14:00:00+00:00,0.0,5.38,-18.68,-2.857732668511275,3.922197190892419
2023-06-04 15:00:00+00:00,34.5,45.66,-0.06,37.95824733106804,39.82663334466845
2023-06-04 16:00:00+00:00,78.21,75.0,50.0,77.84257591422505,72.10034874612052
2023-06-04 17:00:00+00:00,98.94,84.96,72.9,99.32793081160952,86.65672784346344
2023-06-04 18:00:00+00:00,109.79,94.9,80.01,111.102230172904,97.77064311792174
2023-06-04 20:00:00+00:00,99.0,87.89,73.8,101.26637542313368,95.27203717555183
2023-06-04 21:00:00+00:00,86.98,81.17,69.5,92.16193675745616,88.15419239029482
2023-06-04 22:00:00+00:00,78.71,81.12,59.23,96.84329025208754,96.82861020648858
2023-06-04 23:00:00+00:00,71.1,74.9,53.9,92.52857444324232,90.82604518448905
2023-06-05 00:00:00+00:00,70.07,72.51,51.82,92.34724330553333,88.62150956847907
2023-06-05 01:00:00+00:00,71.14,71.65,48.51,94.34315542768599,87.52283627582759
2023-06-05 02:00:00+00:00,74.26,73.14,54.52,100.80464519763524,90.6299144932457
2023-06-05 03:00:00+00:00,88.36,72.23,63.36,107.81324804898226,93.35243910310395
2023-06-05 04:00:00+00:00,122.09,69.07,67.65,115.3878027355147,98.61728285388999
2023-06-05 05:00:00+00:00,113.79,64.77,58.71,112.9534437951533,99.7655238843587
2023-06-05 06:00:00+00:00,99.95,50.81,29.92,95.03556832297332,88.64643316410249
2023-06-05 07:00:00+00:00,86.41,21.93,0.0,63.263974966962834,63.95506450596245
2023-06-05 08:00:00+00:00,75.0,5.11,-2.11,41.806143400779376,49.33184545569398
2023-06-05 09:00:00+00:00,70.08,0.0,-21.08,29.345972145481227,41.50555931297792
2023-06-05 10:00:00+00:00,69.37,-4.98,-55.02,18.298526281868163,32.10050535726636
2023-06-05 11:00:00+00:00,69.33,-29.45,-95.11,-0.7074780151049254,8.799529622441653
2023-06-05 12:00:00+00:00,68.07,-36.35,-109.45,-4.760325941817584,1.0330192492616845
2023-06-05 13:00:00+00:00,69.85,-4.33,-80.69,19.11915338544665,24.79125720378765
2023-06-05 14:00:00+00:00,78.89,0.0,-19.97,35.49919966774388,34.91327137946523
2023-06-05 15:00:00+00:00,89.8,34.5,-4.98,68.04408576881454,64.15985065127319
2023-06-05 16:00:00+00:00,100.76,78.21,19.2,107.1043391395978,100.66793388148308
2023-06-05 17:00:00+00:00,135.35,98.94,72.08,133.35246705612968,123.2696215391945
2023-06-05 18:00:00+00:00,157.37,109.79,83.75,142.86021485805531,132.67978666235638
2023-06-05 20:00:00+00:00,101.04,99.0,80.48,125.45045524312084,122.89559718449459
2023-06-05 21:00:00+00:00,88.98,86.98,74.26,112.60642604269799,111.28654577211971
2023-06-05 22:00:00+00:00,80.23,78.71,75.02,95.49455364769182,94.4969272666268
2023-06-05 23:00:00+00:00,79.37,71.1,71.05,90.77459791954705,87.38582495630467
2023-06-06 00:00:00+00:00,79.27,70.07,68.9,91.27521922401301,85.828226730374
2023-06-06 01:00:00+00:00,82.23,71.14,70.03,95.35627893760355,86.70147403855803
2023-06-06 02:00:00+00:00,86.2,74.26,76.68,102.91419329482892,90.70839974116015
2023-06-06 03:00:00+00:00,90.55,88.36,85.07,116.92152371060804,102.76095794177179
2023-06-06 04:00:00+00:00,146.4,122.09,97.91,145.62112219637888,133.14743336384564
2023-06-06 05:00:00+00:00,153.28,113.79,117.96,147.22240506170044,134.94874625832279
2023-06-06 06:00:00+00:00,122.54,99.95,108.64,135.0703873718794,125.52956603890564
2023-06-06 07:00:00+00:00,94.9,86.41,90.06,114.70932155408016,110.87074465213149
2023-06-06 08:00:00+00:00,86.73,75.0,82.37,98.09512092891734,99.6542567754612
2023-06-06 09:00:00+00:00,82.06,70.08,70.27,87.51911647022197,93.51158735845104
2023-06-06 10:00:00+00:00,77.69,69.37,64.49,80.43558333741936,89.4222636890715
2023-06-06 11:00:00+00:00,74.59,69.33,57.36,73.57243390290816,82.90125936702337
2023-06-06 12:00:00+00:00,70.61,68.07,56.48,67.92573396710885,76.8366887210158
2023-06-06 13:00:00+00:00,75.64,69.85,62.66,69.5199968467022,77.63479707583717
2023-06-06 14:00:00+00:00,81.17,78.89,72.07,76.4782402822499,82.30094728656688
2023-06-06 15:00:00+00:00,87.91,89.8,88.55,92.17449036728561,94.15002247321104
2023-06-06 16:00:00+00:00,98.84,100.76,97.97,111.14507327966831,107.53386313532337
2023-06-06 17:00:00+00:00,134.17,135.35,124.9,142.7178017930562,137.53287016999263
2023-06-06 18:00:00+00:00,152.4,157.37,154.56,162.34598570795086,157.46823668815338
2023-06-06 19:00:00+00:00,126.53,128.4,125.77,141.33571588707144,133.50088623304916
2023-06-06 20:00:00+00:00,102.04,101.04,97.31,118.69499847277501,110.12059683146308
2023-06-06 21:00:00+00:00,89.99,88.98,89.65,105.979704921684,97.73825399990463
2023-06-06 22:00:00+00:00,93.56,80.23,85.92,90.75456010315466,79.50000691179265
2023-06-06 23:00:00+00:00,89.83,79.37,82.17,87.96354481809422,76.5294405390108
2023-06-07 00:00:00+00:00,90.26,79.27,74.2,86.63613454762546,74.45539847091042
2023-06-07 01:00:00+00:00,90.2,82.23,80.02,91.02085173980186,77.13116977480534
2023-06-07 02:00:00+00:00,90.68,86.2,85.26,97.42300652678387,81.22425610800143
2023-06-07 03:00:00+00:00,97.9,90.55,91.98,106.33787625475321,87.74067895394508
2023-06-07 04:00:00+00:00,127.66,146.4,119.01,149.64582806420327,137.62456100169828
2023-06-07 05:00:00+00:00,146.49,153.28,118.42,154.77382188036947,145.73123779178815
2023-06-07 06:00:00+00:00,114.66,122.54,105.83,131.8183726823329,124.02857482321488
2023-06-07 07:00:00+00:00,98.53,94.9,86.41,105.04811754713319,100.97478547508139
2023-06-07 08:00:00+00:00,93.13,86.73,66.92,89.6276077271046,91.31512350927898
2023-06-07 09:00:00+00:00,86.6,82.06,46.42,77.86991656171983,84.58373797653752
2023-06-07 10:00:00+00:00,79.95,77.69,9.06,65.07612972798026,74.56948154602965
2023-06-07 11:00:00+00:00,77.9,74.59,-0.02,58.41313254920963,69.19095472108451
2023-06-07 12:00:00+00:00,76.45,70.61,-0.81,53.41250471869405,63.984277632402154
2023-06-07 13:00:00+00:00,79.05,75.64,-0.17,56.963907269758664,65.9499169678398
2023-06-07 14:00:00+00:00,79.71,81.17,20.16,66.77485420852162,72.0880084124875
2023-06-07 15:00:00+00:00,94.22,87.91,69.45,86.10007883626331,84.90674760886479
2023-06-07 16:00:00+00:00,101.07,98.84,86.43,105.58847956168549,96.85666808048717
2023-06-07 17:00:00+00:00,138.52,134.17,108.26,137.26520984692448,127.3936185398964
2023-06-07 18:00:00+00:00,147.7,152.4,119.6,152.0503577725283,142.81451623109902
2023-06-07 19:00:00+00:00,127.55,126.53,103.69,132.37392558473317,120.7462413340107
2023-06-07 20:00:00+00:00,105.82,102.04,94.28,112.0758050182968,100.45755996125806
2023-06-07 21:00:00+00:00,94.9,89.99,83.13,98.23023966556778,87.96710947349978
2023-06-07 22:00:00+00:00,93.93,93.56,84.15,89.95485112531358,81.94579125073108
2023-06-07 23:00:00+00:00,89.26,89.83,74.3,85.12247686994543,76.77623650865011
2023-06-08 00:00:00+00:00,83.04,90.26,70.1,84.39541035646687,75.62518243762969
2023-06-08 01:00:00+00:00,79.9,90.2,66.72,85.28249621338966,74.75894963292231
2023-06-08 02:00:00+00:00,82.04,90.68,67.7,87.90255783290942,75.09807034236523
2023-06-08 03:00:00+00:00,88.44,97.9,80.45,94.06067800677887,80.46932947728256
2023-06-08 04:00:00+00:00,94.01,127.66,97.04,114.36841108307542,107.23099597731166
2023-06-08 05:00:00+00:00,93.26,146.49,108.23,123.28073539444212,123.57262220404559
2023-06-08 06:00:00+00:00,91.4,114.66,99.07,96.72204068566549,99.85704691502869
2023-06-08 07:00:00+00:00,83.78,98.53,87.3,75.66233015649144,85.69786416387501
2023-06-08 08:00:00+00:00,74.64,93.13,68.19,61.78317974063802,79.02548219772967
2023-06-08 09:00:00+00:00,68.5,86.6,59.92,52.15348760020535,73.00210791736652
2023-06-08 10:00:00+00:00,64.22,79.95,38.86,41.58791352570468,63.95179280835924
2023-06-08 11:00:00+00:00,63.84,77.9,9.35,34.13600214418885,56.44533328564748
2023-06-08 12:00:00+00:00,64.06,76.45,3.01,32.80550489235718,52.71865258429443
2023-06-08 13:00:00+00:00,67.93,79.05,13.35,38.105554685289576,54.66918548186826
2023-06-08 14:00:00+00:00,71.17,79.71,56.14,49.55424124760553,60.816381971300146
2023-06-08 15:00:00+00:00,76.1,94.22,72.0,68.69426064462026,74.89716943726167
2023-06-08 16:00:00+00:00,90.46,101.07,87.86,85.99582723061528,84.38682902525328
2023-06-08 17:00:00+00:00,102.03,138.52,100.46,118.4137972930169,115.51523197766275
2023-06-08 18:00:00+00:00,113.84,147.7,120.04,130.37902000614432,126.21149044092792
2023-06-08 19:00:00+00:00,105.0,127.55,103.43,114.83845816362772,109.44569567639776
2023-06-08 20:00:00+00:00,96.58,105.82,95.41,97.02047961094421,92.49690043077867
2023-06-08 21:00:00+00:00,91.0,94.9,86.53,85.1030594060215,81.90376038827358
2023-06-08 22:00:00+00:00,95.0,93.93,83.59,90.55935073177363,86.88776988865374
2023-06-08 23:00:00+00:00,89.7,89.26,79.4,87.56362231116668,82.67595643362543
2023-06-09 00:00:00+00:00,79.73,83.04,79.85,84.82634939815718,78.36193548521109
2023-06-09 01:00:00+00:00,76.0,79.9,77.42,85.06613669575178,76.09667293069872
2023-06-09 02:00:00+00:00,76.27,82.04,81.12,89.56005770386791,78.26886161858765
2023-06-09 03:00:00+00:00,89.06,88.44,90.88,97.36519306596614,84.890483481166
2023-06-09 04:00:00+00:00,103.74,94.01,118.97,111.49868536448582,100.10340655698555
2023-06-09 05:00:00+00:00,103.97,93.26,125.58,112.73846009697523,106.10558703574259
2023-06-09 06:00:00+00:00,103.94,91.4,96.19,100.20023365957691,100.30108254666388
2023-06-09 07:00:00+00:00,91.39,83.78,84.37,81.11263014163315,91.3582292023165
2023-06-09 08:00:00+00:00,82.26,74.64,72.09,62.99384537297353,82.82484517944418
2023-06-09 09:00:00+00:00,75.43,68.5,63.15,50.96603563532964,76.96328072062222
2023-06-09 10:00:00+00:00,70.03,64.22,56.06,42.549638458862646,71.43600369540454
2023-06-09 11:00:00+00:00,65.0,63.84,42.61,36.96392552203896,67.34399173221242
2023-06-09 12:00:00+00:00,64.06,64.06,36.82,33.8777090922725,64.44721200530927
2023-06-09 13:00:00+00:00,68.39,67.93,44.9,37.974793157165564,66.68690037841623
2023-06-09 14:00:00+00:00,72.64,71.17,58.27,45.27738160772593,69.93244092018456
2023-06-09 15:00:00+00:00,80.63,76.1,76.62,58.87227438453676,77.25930680238172
2023-06-09 16:00:00+00:00,95.0,90.46,85.96,78.5875978325173,89.81607060565155
2023-06-09 17:00:00+00:00,104.12,102.03,101.12,96.04278871605075,102.70044565356785
2023-06-09 18:00:00+00:00,106.45,113.84,110.5,103.51514866623836,111.6737624991105
2023-06-09 19:00:00+00:00,104.12,105.0,101.31,89.77095889544927,102.56767605538447
2023-06-09 20:00:00+00:00,97.48,96.58,92.56,77.23491638570206,94.36607734985479
2023-06-09 21:00:00+00:00,86.0,91.0,85.06,67.44150489059035,87.00164246804086
2023-06-09 22:00:00+00:00,89.03,95.0,84.95,69.3802956325248,88.52893731225531
2023-06-09 23:00:00+00:00,84.1,89.7,80.3,65.98392393344488,81.43360687773044
2023-06-10 00:00:00+00:00,84.13,79.73,77.79,59.67242423042874,71.14085507255504
2023-06-10 01:00:00+00:00,80.32,76.0,75.2,58.186420104929354,65.5341228830475
2023-06-10 02:00:00+00:00,77.44,76.27,80.71,58.74439842291517,62.935202966538654
2023-06-10 03:00:00+00:00,79.87,89.06,78.64,62.894897148066335,66.86245000776798
2023-06-10 04:00:00+00:00,79.43,103.74,77.76,70.49285948095063,75.57691146246445
2023-06-10 05:00:00+00:00,85.0,103.97,73.63,68.01900484712928,75.2505646396356
2023-06-10 06:00:00+00:00,81.8,103.94,70.0,60.8894991709386,74.66615674835037
2023-06-10 07:00:00+00:00,63.99,91.39,59.97,41.23637195230906,63.52641725968409
2023-06-10 08:00:00+00:00,26.91,82.26,27.36,21.46978490673368,52.20104257310814
2023-06-10 09:00:00+00:00,12.51,75.43,5.0,7.611931459095217,44.297176169035836
2023-06-10 10:00:00+00:00,0.08,70.03,-0.01,-1.0408787431858713,39.0486762775416
2023-06-10 11:00:00+00:00,-19.96,65.0,-4.91,-4.758642453436181,34.51190117588773
2023-06-10 12:00:00+00:00,-20.03,64.06,-3.39,-4.967995522236407,33.340748899723096
2023-06-10 13:00:00+00:00,-4.97,68.39,-0.05,1.5366424201278335,37.70452478773261
2023-06-10 14:00:00+00:00,2.54,72.64,5.38,10.436775018876276,43.1150502154989
2023-06-10 15:00:00+00:00,44.5,80.63,45.66,30.44746352591865,57.48662093740084
2023-06-10 16:00:00+00:00,74.97,95.0,75.0,55.10168716973203,76.11996106267677
2023-06-10 17:00:00+00:00,86.16,104.12,84.96,72.25248047909281,87.86990024010923
2023-06-10 18:00:00+00:00,86.07,106.45,94.9,78.23628189322424,93.33327168016827
2023-06-10 20:00:00+00:00,80.99,97.48,87.89,65.37327290508459,89.0614653250103
2023-06-10 21:00:00+00:00,69.55,86.0,81.17,54.340792046131625,79.22931654510911
2023-06-10 22:00:00+00:00,64.77,89.03,81.12,62.970708059026144,88.2513523742357
2023-06-10 23:00:00+00:00,58.07,84.1,74.9,59.29500896997781,81.70696962977499
2023-06-11 00:00:00+00:00,52.88,84.13,72.51,57.940306399168314,78.03128536477087
2023-06-11 01:00:00+00:00,49.93,80.32,71.65,55.993690683990444,72.11507855363257
2023-06-11 02:00:00+00:00,51.92,77.44,73.14,54.6194290887928,66.63639620067212
2023-06-11 03:00:00+00:00,49.13,79.87,72.23,54.306985173149044,64.17948966470853
2023-06-11 04:00:00+00:00,49.97,79.43,69.07,52.977867577377715,62.38185089406672
2023-06-11 05:00:00+00:00,46.72,85.0,64.77,52.71358591474113,64.66264255605833
2023-06-11 06:00:00+00:00,28.44,81.8,50.81,43.43608909192865,60.22183380197331
2023-06-11 07:00:00+00:00,15.9,63.99,21.93,19.428201051816785,43.30464322402668
2023-06-11 08:00:00+00:00,0.01,26.91,5.11,-10.625848089255328,17.19508199909731
2023-06-11 09:00:00+00:00,-1.68,12.51,0.0,-19.992619900064483,8.974913778930087
2023-06-11 10:00:00+00:00,-19.62,0.08,-4.98,-29.184773723257422,0.7405770460948986
2023-06-11 11:00:00+00:00,-34.99,-19.96,-29.45,-42.94778286323833,-15.208539722788501
2023-06-11 12:00:00+00:00,-34.95,-20.03,-36.35,-41.41386371204544,-15.013802357539817
2023-06-11 13:00:00+00:00,-10.93,-4.97,-4.33,-24.939822397534556,0.784584968476338
2023-06-11 14:00:00+00:00,-0.09,2.54,0.0,-11.428492687817226,9.701332096713472
2023-06-11 15:00:00+00:00,27.92,44.5,34.5,25.526750334188804,47.33184332079905
2023-06-11 16:00:00+00:00,83.82,74.97,78.21,64.08634346288864,79.84304350852781
2023-06-11 17:00:00+00:00,99.91,86.16,98.94,86.12416341553944,94.54112140707974
2023-06-11 18:00:00+00:00,106.95,86.07,109.79,92.31988026820203,98.75284817664637
2023-06-11 19:00:00+00:00,106.6,78.63,102.6,84.41565723498144,95.06305171851763
2023-06-11 20:00:00+00:00,98.35,80.99,99.0,82.63023370390519,98.36642685869514
2023-06-11 21:00:00+00:00,88.89,69.55,86.98,70.73420801592093,87.31105490383766
2023-06-11 22:00:00+00:00,94.33,64.77,78.71,73.25076977893227,92.43230909408253
2023-06-11 23:00:00+00:00,85.08,58.07,71.1,71.57341909934857,86.10897718861258
2023-06-12 00:00:00+00:00,85.02,52.88,70.07,71.16063678802689,82.2818537140209
2023-06-12 01:00:00+00:00,81.63,49.93,71.14,74.09838177837008,80.51945342695875
2023-06-12 02:00:00+00:00,83.95,51.92,74.26,80.87809373166567,82.78286174444382
2023-06-12 03:00:00+00:00,95.08,49.13,88.36,86.46374278906927,83.92080688068847
2023-06-12 04:00:00+00:00,107.43,49.97,122.09,100.77208570908071,95.62969146496616
2023-06-12 05:00:00+00:00,126.84,46.72,113.79,101.12952017537762,97.98340876917389
2023-06-12 06:00:00+00:00,124.39,28.44,99.95,84.38727286649376,85.56623770218026
2023-06-12 07:00:00+00:00,106.01,15.9,86.41,62.10980194727974,73.3137316858939
2023-06-12 08:00:00+00:00,89.97,0.01,75.0,37.62080277940795,58.4231158226347
2023-06-12 09:00:00+00:00,75.96,-1.68,70.08,26.269860370774992,55.81242591932517
2023-06-12 10:00:00+00:00,66.63,-19.62,69.37,10.015811477056332,41.434851739319626
2023-06-12 11:00:00+00:00,61.01,-34.99,69.33,-1.5192638029293732,27.7408019174632
2023-06-12 12:00:00+00:00,64.22,-34.95,68.07,-2.0503861149312286,25.389022421672337
2023-06-12 13:00:00+00:00,75.96,-10.93,69.85,15.219072236892174,41.74360113169148
2023-06-12 14:00:00+00:00,84.82,-0.09,78.89,28.107215223851355,49.71839048224
2023-06-12 15:00:00+00:00,97.6,27.92,89.8,56.86520531973265,73.91460958217947
2023-06-12 16:00:00+00:00,109.68,83.82,100.76,101.71142498516386,116.34746356234433
2023-06-12 17:00:00+00:00,133.04,99.91,135.35,125.12908024704106,133.31945127395377
2023-06-12 18:00:00+00:00,142.89,106.95,157.37,133.81905462390597,140.95933823213934
2023-06-12 19:00:00+00:00,116.93,106.6,128.4,123.45856861851723,136.30212246679625
2023-06-12 20:00:00+00:00,107.0,98.35,101.04,109.59386481136102,127.6219783180345
2023-06-12 21:00:00+00:00,98.1,88.89,88.98,98.30767110445535,117.39063799574616
2023-06-12 22:00:00+00:00,89.11,94.33,80.23,89.67644750723966,108.66170118039176
2023-06-12 23:00:00+00:00,82.78,85.08,79.37,87.86810080280766,101.29185939805777
2023-06-13 00:00:00+00:00,83.29,85.02,79.27,91.32663384998283,100.52251593157537
2023-06-13 01:00:00+00:00,82.75,81.63,82.23,95.04587579111927,98.64340498162781
2023-06-13 02:00:00+00:00,84.77,83.95,86.2,101.92057739506348,101.19413646004811
2023-06-13 03:00:00+00:00,90.04,95.08,90.55,112.80961766353661,109.82937768789935
2023-06-13 04:00:00+00:00,115.14,107.43,146.4,135.0205710552238,132.04387259534033
2023-06-13 05:00:00+00:00,119.53,126.84,153.28,148.01582706632047,150.5560881892686
2023-06-13 06:00:00+00:00,120.04,124.39,122.54,136.20192286834984,145.241413536603
2023-06-13 07:00:00+00:00,103.12,106.01,94.9,108.5588945690955,126.98288673708352
2023-06-13 08:00:00+00:00,85.08,89.97,86.73,83.85024849561907,112.5666652206023
2023-06-13 09:00:00+00:00,77.27,75.96,82.06,65.28904522007215,101.30571237119358
2023-06-13 10:00:00+00:00,56.12,66.63,77.69,51.05323610579774,90.18216363923352
2023-06-13 11:00:00+00:00,50.2,61.01,74.59,42.04803738980253,81.05884221232492
2023-06-13 12:00:00+00:00,48.5,64.22,70.61,39.05880526973047,78.10874447911031
2023-06-13 13:00:00+00:00,63.07,75.96,75.64,46.89749459814698,85.07544952810974
2023-06-13 14:00:00+00:00,73.38,84.82,81.17,54.830015557737994,89.55799216076772
2023-06-13 15:00:00+00:00,84.63,97.6,87.91,71.44340195006876,100.68456782336966
2023-06-13 16:00:00+00:00,101.38,109.68,98.84,93.5277035101148,115.77524986690332
2023-06-13 17:00:00+00:00,111.99,133.04,134.17,121.70884027135472,138.74022168851207
2023-06-13 18:00:00+00:00,120.08,142.89,152.4,134.84654404520677,148.21198006578368
2023-06-13 19:00:00+00:00,115.0,116.93,126.53,114.56954030629352,126.66839905196883
2023-06-13 20:00:00+00:00,105.0,107.0,102.04,101.48995701432393,116.09363846758339
2023-06-13 21:00:00+00:00,98.38,98.1,89.99,91.22354862514456,106.29021239531704
2023-06-13 22:00:00+00:00,96.28,89.11,93.56,78.27816253048599,88.96911786966601
2023-06-13 23:00:00+00:00,88.68,82.78,89.83,75.92378396172708,82.62733307297057
2023-06-14 00:00:00+00:00,86.98,83.29,90.26,78.1612338591592,82.66882958774833
2023-06-14 01:00:00+00:00,86.25,82.75,90.2,81.3789734892124,82.3461967043984
2023-06-14 02:00:00+00:00,88.27,84.77,90.68,86.53857307416291,84.16225350872587
2023-06-14 03:00:00+00:00,98.14,90.04,97.9,94.5382726097681,90.13265321916403
2023-06-14 04:00:00+00:00,126.93,115.14,127.66,120.53099292513589,118.31553080047229
2023-06-14 05:00:00+00:00,136.21,119.53,146.49,127.57299483761543,129.2001531797256
2023-06-14 06:00:00+00:00,128.0,120.04,114.66,117.5927392772623,127.06992423116856
2023-06-14 07:00:00+00:00,103.32,103.12,98.53,91.8286835458957,111.59680460832901
2023-06-14 08:00:00+00:00,87.66,85.08,93.13,69.2541379426877,97.23481241729029
2023-06-14 09:00:00+00:00,78.41,77.27,86.6,57.055640660105766,89.34074314930167
2023-06-14 10:00:00+00:00,74.13,56.12,79.95,41.564629218679514,71.70136234443036
2023-06-14 11:00:00+00:00,75.25,50.2,77.9,37.851497756573835,64.98835525653827
2023-06-14 12:00:00+00:00,77.93,48.5,76.45,38.36842700205983,61.91714548531245
2023-06-14 13:00:00+00:00,78.46,63.07,79.05,50.9341587165412,71.50521669429992
2023-06-14 14:00:00+00:00,83.52,73.38,79.71,62.71201706835309,78.20995857391753
2023-06-14 15:00:00+00:00,98.56,84.63,94.22,80.42690974170033,89.37530853792178
2023-06-14 16:00:00+00:00,114.77,101.38,101.07,101.01359956025227,103.34960928221973
2023-06-14 17:00:00+00:00,142.07,111.99,138.52,121.0485331743811,117.81556892609439
2023-06-14 18:00:00+00:00,152.18,120.08,147.7,130.8496622815856,124.8288255420522
2023-06-14 19:00:00+00:00,139.91,115.0,127.55,122.02947011497596,115.99860953704936
2023-06-14 20:00:00+00:00,119.77,105.0,105.82,110.07671076728903,105.68388378407982
2023-06-14 21:00:00+00:00,108.87,98.38,94.9,100.65251466958426,97.45287572074936
2023-06-14 22:00:00+00:00,107.12,96.28,93.93,92.01040848437634,88.67875765918878
2023-06-14 23:00:00+00:00,102.77,88.68,89.26,88.81748136791026,81.78790531366464
2023-06-15 00:00:00+00:00,100.62,86.98,83.04,88.99839196770988,79.63371053666233
2023-06-15 01:00:00+00:00,100.38,86.25,79.9,91.67856723055671,78.90558102077492
2023-06-15 02:00:00+00:00,100.37,88.27,82.04,96.59178144827453,80.63960238852763
2023-06-15 03:00:00+00:00,113.96,98.14,88.44,107.40991899064717,89.47485794689736
2023-06-15 04:00:00+00:00,163.92,126.93,94.01,134.2900259430882,118.65468819919212
2023-06-15 05:00:00+00:00,166.1,136.21,93.26,139.45248957607063,129.27517551351306
2023-06-15 06:00:00+00:00,140.07,128.0,91.4,127.2537463961383,124.569269623185
2023-06-15 07:00:00+00:00,116.0,103.32,83.78,101.22021435149802,104.92784817087593
2023-06-15 08:00:00+00:00,103.66,87.66,74.64,82.2447567092743,91.36062071014074
2023-06-15 09:00:00+00:00,98.02,78.41,68.5,70.99390847905141,82.98311872953094
2023-06-15 10:00:00+00:00,92.24,74.13,64.22,63.65567936527176,76.13928222902103
2023-06-15 11:00:00+00:00,90.0,75.25,63.84,61.46784783470664,74.0176498411286
2023-06-15 13:00:00+00:00,92.01,78.46,67.93,59.237399857576676,71.7849255687953
2023-06-15 14:00:00+00:00,96.75,83.52,71.17,64.29778929304345,74.69091042352883
2023-06-15 15:00:00+00:00,104.9,98.56,76.1,80.82167381479277,86.90314630441672
2023-06-15 16:00:00+00:00,125.39,114.77,90.46,102.82143130221525,102.075448261445
2023-06-15 17:00:00+00:00,156.32,142.07,102.03,130.42053622940085,124.55872305879748
2023-06-15 18:00:00+00:00,179.28,152.18,113.84,143.82648547909997,134.13219552879858
2023-06-15 19:00:00+00:00,172.54,139.91,105.0,135.99526650839553,124.29724828981878
2023-06-15 20:00:00+00:00,149.96,119.77,96.58,120.6911247902476,108.48586841064966
2023-06-15 21:00:00+00:00,125.02,108.87,91.0,109.58422152227234,97.91633486111296
2023-06-15 22:00:00+00:00,126.16,107.12,95.0,114.59863648532232,102.35747140409342
2023-06-15 23:00:00+00:00,121.62,102.77,89.7,110.27334335156424,97.17538281144988
2023-06-16 00:00:00+00:00,115.59,100.62,79.73,107.6169288991255,93.56547900485637
2023-06-16 01:00:00+00:00,112.7,100.38,76.0,108.84326341610841,92.98122805587343
2023-06-16 02:00:00+00:00,113.08,100.37,76.27,111.28144465553655,93.15386792612648
2023-06-16 03:00:00+00:00,117.77,113.96,89.06,122.41907398913497,104.36633011662155
2023-06-16 04:00:00+00:00,142.9,163.92,103.74,160.15639837562924,148.257988385675
2023-06-16 05:00:00+00:00,153.74,166.1,103.97,163.55495457362537,155.66253527088054
2023-06-16 06:00:00+00:00,145.59,140.07,103.94,142.81089115706055,139.12247121949514
2023-06-16 07:00:00+00:00,124.16,116.0,91.39,116.18773445935012,118.65076825673786
2023-06-16 08:00:00+00:00,112.2,103.66,82.26,99.07111432264425,107.50149116804705
2023-06-16 09:00:00+00:00,108.99,98.02,75.43,89.67558378806072,100.97038280963855
2023-06-16 10:00:00+00:00,107.35,92.24,70.03,81.12973597270042,93.5315018787003
2023-06-16 11:00:00+00:00,101.4,90.0,65.0,75.22213823539518,88.69445580313186
2023-06-16 13:00:00+00:00,101.65,92.01,68.39,73.13689851085822,86.15421486228394
2023-06-16 14:00:00+00:00,108.47,96.75,72.64,79.06264846693081,89.39266277224095
2023-06-16 15:00:00+00:00,115.04,104.9,80.63,93.0051187787953,98.02057698205992
2023-06-16 16:00:00+00:00,135.35,125.39,95.0,117.91322891716092,116.17791660459908
2023-06-16 17:00:00+00:00,161.19,156.32,104.12,147.32005037459794,141.03438866677547
2023-06-16 18:00:00+00:00,175.1,179.28,106.45,166.61759287747182,157.78694482240925
2023-06-16 19:00:00+00:00,170.39,172.54,104.12,162.59854328456657,151.81994366321845
2023-06-16 20:00:00+00:00,152.04,149.96,97.48,146.71360719983684,134.35703708288727
2023-06-16 21:00:00+00:00,138.69,125.02,86.0,126.91289153344081,113.45782596658594
2023-06-16 22:00:00+00:00,130.81,126.16,89.03,122.57585924102762,109.85456350080912
2023-06-16 23:00:00+00:00,122.8,121.62,84.1,116.59657157025828,103.38755146800897
2023-06-17 00:00:00+00:00,120.01,115.59,84.13,110.94861207589955,96.18334310403749
2023-06-17 01:00:00+00:00,116.45,112.7,80.32,108.04272890972251,90.92451918806272
2023-06-17 02:00:00+00:00,111.07,113.08,77.44,106.7364726617705,87.1863217383475
2023-06-17 03:00:00+00:00,110.0,117.77,79.87,107.18256896398992,86.67247926684983
2023-06-17 04:00:00+00:00,110.31,142.9,79.43,120.99270371953034,105.60388922105753
2023-06-17 05:00:00+00:00,108.05,153.74,85.0,122.85606705312381,113.55068869676111
2023-06-17 06:00:00+00:00,101.0,145.59,81.8,108.88427328717192,106.12566249496693
2023-06-17 07:00:00+00:00,95.6,124.16,63.99,83.16183362278792,87.12590140020433
2023-06-17 08:00:00+00:00,85.0,112.2,26.91,62.57112257192489,73.15499657322054
2023-06-17 09:00:00+00:00,69.99,108.99,12.51,53.89501344571706,68.70156909656717
2023-06-17 10:00:00+00:00,59.36,107.35,0.08,47.91986976321654,64.7048604783104
2023-06-17 11:00:00+00:00,48.4,101.4,-19.96,41.10674666405774,57.3340500913571
2023-06-17 13:00:00+00:00,56.08,101.65,-4.97,47.44324546830094,60.13833570402706
2023-06-17 14:00:00+00:00,85.0,108.47,2.54,59.171363974025624,67.59015594979348
2023-06-17 15:00:00+00:00,101.52,115.04,44.5,80.98641135188917,81.71427951094631
2023-06-17 16:00:00+00:00,115.31,135.35,74.97,111.90127727394355,104.8658985242758
2023-06-17 17:00:00+00:00,137.79,161.19,86.16,141.75857797852615,129.58161690962356
2023-06-17 18:00:00+00:00,146.97,175.1,86.07,156.6560567900694,142.68718816681488
2023-06-17 19:00:00+00:00,155.0,170.39,78.63,154.50420101786477,139.8840211724517
2023-06-17 20:00:00+00:00,146.37,152.04,80.99,143.2663120573889,127.7616889055784
2023-06-17 21:00:00+00:00,136.65,138.69,69.55,130.43590360044712,114.68066639897559
2023-06-17 22:00:00+00:00,128.6,130.81,64.77,129.42787855132917,115.23172100997046
2023-06-17 23:00:00+00:00,118.39,122.8,58.07,121.22065227715777,106.49532329794278
2023-06-18 00:00:00+00:00,111.01,120.01,52.88,116.3433262437674,100.85526359051637
2023-06-18 01:00:00+00:00,108.86,116.45,49.93,111.91308312665288,94.63588076118609
2023-06-18 02:00:00+00:00,104.0,111.07,51.92,107.91863104442123,87.85852616849985
2023-06-18 03:00:00+00:00,102.59,110.0,49.13,103.3725863882447,82.04827800054474
2023-06-18 04:00:00+00:00,98.03,110.31,49.97,100.71573652365441,81.88059188200447
2023-06-18 05:00:00+00:00,92.06,108.05,46.72,91.84819060030125,79.73387218296688
2023-06-18 06:00:00+00:00,85.0,101.0,28.44,74.98239899022845,71.9987913062398
2023-06-18 07:00:00+00:00,78.13,95.6,15.9,59.40674340449121,65.72378406402802
2023-06-18 08:00:00+00:00,63.36,85.0,0.01,44.94492759307344,57.4089963768937
2023-06-18 09:00:00+00:00,53.65,69.99,-1.68,33.58018797397024,48.43714590379288
2023-06-18 10:00:00+00:00,45.79,59.36,-19.62,23.976285796045403,39.481342735473106
2023-06-18 11:00:00+00:00,29.38,48.4,-34.99,15.707143234222755,29.64308433145453
2023-06-18 12:00:00+00:00,24.99,39.38,-34.95,14.618613160916865,24.465799194213446
2023-06-18 13:00:00+00:00,48.98,56.08,-10.93,32.96561895928458,40.421435548074754
2023-06-18 14:00:00+00:00,75.0,85.0,-0.09,59.1983061483252,63.88285036704409
2023-06-18 15:00:00+00:00,93.63,101.52,27.92,84.3393078500359,82.51655066884388
2023-06-18 16:00:00+00:00,107.23,115.31,83.82,114.56301954691126,105.14887958642782
2023-06-18 17:00:00+00:00,131.1,137.79,99.91,140.67167642063234,128.23658458535454
2023-06-18 18:00:00+00:00,140.25,146.97,106.95,152.06050448924412,139.30101438167938
2023-06-18 19:00:00+00:00,137.47,155.0,106.6,154.9955456917064,146.59712202049295
2023-06-18 21:00:00+00:00,117.62,136.65,88.89,132.3345481166557,131.76121499488812
2023-06-18 22:00:00+00:00,100.02,128.6,94.33,127.47151334769465,135.88902417084992
2023-06-18 23:00:00+00:00,93.72,118.39,85.08,118.65466361508581,126.88164561636498
2023-06-19 00:00:00+00:00,88.63,111.01,85.02,113.06968771211793,121.57721746219178
2023-06-19 01:00:00+00:00,89.72,108.86,81.63,112.8170850138626,119.77031097901634
2023-06-19 02:00:00+00:00,94.25,104.0,83.95,112.96642131785079,117.00594946570911
2023-06-19 03:00:00+00:00,95.95,102.59,95.08,118.78141329073142,119.36294767052863
2023-06-19 04:00:00+00:00,117.97,98.03,107.43,128.52939947802304,125.10533564855061
2023-06-19 05:00:00+00:00,134.13,92.06,126.84,133.10024543969053,128.33366685119466
2023-06-19 06:00:00+00:00,132.63,85.0,124.39,127.67948046273857,124.15415403115374
2023-06-19 07:00:00+00:00,115.65,78.13,106.01,117.01105556498958,116.49300516054524
2023-06-19 08:00:00+00:00,104.12,63.36,89.97,102.11750784986782,103.7767791874311
2023-06-19 09:00:00+00:00,97.27,53.65,75.96,90.39302063898678,94.1727511571042
2023-06-19 10:00:00+00:00,93.32,45.79,66.63,79.92136230267425,85.86422141621362
2023-06-19 11:00:00+00:00,90.06,29.38,61.01,66.93308074402442,72.14771695642985
2023-06-19 12:00:00+00:00,88.43,24.99,64.22,61.76791333285605,66.76114341277454
2023-06-19 13:00:00+00:00,94.23,48.98,75.96,79.31410198289733,84.3463621158468
2023-06-19 14:00:00+00:00,98.17,75.0,84.82,100.25208716650884,103.75390969306159
2023-06-19 15:00:00+00:00,110.08,93.63,97.6,122.43799864609772,119.45508534103283
2023-06-19 16:00:00+00:00,137.0,107.23,109.68,142.68718197544024,132.00515297826027
2023-06-19 17:00:00+00:00,170.31,131.1,133.04,168.28061550036392,153.56581949336748
2023-06-19 18:00:00+00:00,197.77,140.25,142.89,178.3726632850745,161.68338900806293
2023-06-19 19:00:00+00:00,178.48,137.47,116.93,171.4301693492886,156.11084526804643
2023-06-19 21:00:00+00:00,135.13,117.62,98.1,147.6516340193291,137.02476414856125
2023-06-19 22:00:00+00:00,121.19,100.02,89.11,120.75743029323488,111.22007749882779
2023-06-19 23:00:00+00:00,110.72,93.72,82.78,114.12751155544696,104.56463949161116
2023-06-20 00:00:00+00:00,104.19,88.63,83.29,111.28146231088365,100.90087795405778
2023-06-20 01:00:00+00:00,101.37,89.72,82.75,115.42326134442553,103.05054251557713
2023-06-20 02:00:00+00:00,101.1,94.25,84.77,120.12309232996108,106.18972780357574
2023-06-20 03:00:00+00:00,106.69,95.95,90.04,126.11561436016797,109.70217851048392
2023-06-20 04:00:00+00:00,129.95,117.97,115.14,150.33165113292807,134.59158523187614
2023-06-20 05:00:00+00:00,145.38,134.13,119.53,160.7750653995123,149.2499939467
2023-06-20 06:00:00+00:00,146.79,132.63,120.04,154.53746454947165,148.20244707296698
2023-06-20 07:00:00+00:00,130.94,115.65,103.12,133.51198670440286,133.21050627845176
2023-06-20 08:00:00+00:00,114.09,104.12,85.08,114.68743767212156,121.26401782084095
2023-06-20 09:00:00+00:00,105.61,97.27,77.27,101.44980188397652,114.51031307572518
2023-06-20 10:00:00+00:00,100.12,93.32,56.12,89.4102070235432,106.9068745640677
2023-06-20 11:00:00+00:00,95.65,90.06,50.2,81.07489922781437,99.77314023197947
2023-06-20 12:00:00+00:00,94.62,88.43,48.5,76.05325625755498,94.19083718597042
2023-06-20 13:00:00+00:00,101.18,94.23,63.07,82.65870391044976,98.8632198699645
2023-06-20 14:00:00+00:00,105.37,98.17,73.38,91.702774686578,103.08313838645132
2023-06-20 15:00:00+00:00,118.64,110.08,84.63,109.01173770118294,113.86735172145167
2023-06-20 16:00:00+00:00,140.0,137.0,101.38,135.8446469279221,136.00544376371315
2023-06-20 17:00:00+00:00,160.59,170.31,111.99,163.97955669893256,163.20305348330817
2023-06-20 18:00:00+00:00,165.08,197.77,120.08,184.81771228942665,184.83979809921158
2023-06-20 19:00:00+00:00,150.0,178.48,115.0,171.62942279812717,170.7600956581275
2023-06-20 21:00:00+00:00,120.27,135.13,98.38,136.83024731180228,136.26149521492724
2023-06-20 22:00:00+00:00,119.7,121.19,96.28,118.72903654022372,112.85688836552625
2023-06-20 23:00:00+00:00,110.79,110.72,88.68,111.48596710021435,103.16987221069745
2023-06-21 00:00:00+00:00,104.84,104.19,86.98,107.64261467055576,97.74097058672251
2023-06-21 01:00:00+00:00,103.93,101.37,86.25,107.96179387802462,95.74091344161731
2023-06-21 02:00:00+00:00,103.77,101.1,88.27,111.62072575482993,96.93057952797032
2023-06-21 03:00:00+00:00,107.03,106.69,98.14,120.43998771726777,104.0727186898126
2023-06-21 04:00:00+00:00,127.17,129.95,126.93,145.16810668251404,131.23725752198678
2023-06-21 05:00:00+00:00,137.67,145.38,136.21,156.17180634749326,147.56321936930496
2023-06-21 06:00:00+00:00,144.57,146.79,128.0,150.80010156899857,148.71606194338938
2023-06-21 07:00:00+00:00,126.2,130.94,103.32,129.47269250839966,132.9906519580975
2023-06-21 08:00:00+00:00,109.94,114.09,87.66,109.58616980084741,118.20139986218793
2023-06-21 09:00:00+00:00,103.01,105.61,78.41,97.79761976464412,110.11564206555131
2023-06-21 10:00:00+00:00,98.21,100.12,74.13,89.33071811925822,104.2296336858204
2023-06-21 11:00:00+00:00,94.79,95.65,75.25,84.21535933856808,99.33846289871563
2023-06-21 12:00:00+00:00,92.36,94.62,77.93,83.63754575368914,96.05652281902373
2023-06-21 13:00:00+00:00,97.88,101.18,78.46,87.43768766160494,97.23429844015664
2023-06-21 14:00:00+00:00,100.21,105.37,83.52,98.37218207648802,101.64991240298808
2023-06-21 15:00:00+00:00,113.66,118.64,98.56,116.62472592040018,114.05160607982411
2023-06-21 16:00:00+00:00,138.21,140.0,114.77,141.83932862096248,133.79686782519613
2023-06-21 17:00:00+00:00,167.51,160.59,142.07,166.10041449407493,154.25680547663342
2023-06-21 18:00:00+00:00,190.71,165.08,152.18,173.8719634127696,159.7020318904034
2023-06-21 19:00:00+00:00,181.22,150.0,139.91,161.17576233727448,145.5095327499314
2023-06-21 20:00:00+00:00,155.0,138.0,119.77,146.37837886749531,132.29737781116614
2023-06-21 21:00:00+00:00,134.88,120.27,108.87,128.61363949895673,115.83234597725459
2023-06-21 22:00:00+00:00,132.95,119.7,107.12,120.54566602612186,107.97761321249644
2023-06-21 23:00:00+00:00,123.52,110.79,102.77,112.86369963665132,99.87165884736349
2023-06-22 00:00:00+00:00,115.49,104.84,100.62,108.61027538362349,94.8360837723637
2023-06-22 01:00:00+00:00,111.34,103.93,100.38,109.13293117564423,93.9136330010031
2023-06-22 02:00:00+00:00,107.02,103.77,100.37,112.23821266254669,94.7409764566781
2023-06-22 03:00:00+00:00,115.75,107.03,113.96,120.11413731592873,100.82411464978085
2023-06-22 04:00:00+00:00,137.62,127.17,163.92,144.6491540463963,128.2582099199728
2023-06-22 05:00:00+00:00,152.72,137.67,166.1,153.80411547698517,141.74157388811966
2023-06-22 06:00:00+00:00,153.94,144.57,140.07,150.37406564917944,144.59009206503907
2023-06-22 07:00:00+00:00,130.12,126.2,116.0,128.87911283807608,127.46508756965777
2023-06-22 08:00:00+00:00,116.0,109.94,103.66,109.49095701960297,112.30586352769015
2023-06-22 09:00:00+00:00,107.74,103.01,98.02,100.58794385697195,105.51379947765571
2023-06-22 10:00:00+00:00,106.72,98.21,92.24,94.65672771128934,99.91992131674893
2023-06-22 11:00:00+00:00,106.79,94.79,90.0,91.92493110304048,95.54983066330705
2023-06-22 13:00:00+00:00,106.81,97.88,92.01,94.10030501233553,95.01791309419397
2023-06-22 14:00:00+00:00,108.19,100.21,96.75,98.40433359779423,97.10903534150873
2023-06-22 15:00:00+00:00,125.77,113.66,104.9,110.87200062124805,108.77714148652694
2023-06-22 16:00:00+00:00,137.3,138.21,125.39,131.3570177590458,130.60068132296348
2023-06-22 17:00:00+00:00,157.43,167.51,156.32,152.7218016600855,156.73682793525512
2023-06-22 18:00:00+00:00,155.0,190.71,179.28,167.36019345608167,175.70188717727154
2023-06-22 19:00:00+00:00,147.18,181.22,172.54,156.8501815791984,167.01420240604045
2023-06-22 20:00:00+00:00,134.34,155.0,149.96,134.5743956800378,144.58390444293224
2023-06-22 21:00:00+00:00,120.87,134.88,125.02,113.47380341905858,123.80009183735923
2023-06-22 22:00:00+00:00,103.8,132.95,126.16,108.00807802531426,126.5911492352949
2023-06-22 23:00:00+00:00,95.2,123.52,121.62,100.5360124129321,117.86542518955291
2023-06-23 00:00:00+00:00,91.79,115.49,115.59,94.4351557199974,110.49330847325756
2023-06-23 01:00:00+00:00,91.28,111.34,112.7,93.6509872582867,107.40567620275287
2023-06-23 02:00:00+00:00,90.94,107.02,113.08,94.99305200922389,105.38012215026313
2023-06-23 03:00:00+00:00,94.56,115.75,117.77,105.21742089218756,113.36479306067176
2023-06-23 04:00:00+00:00,115.09,137.62,142.9,131.85380855283117,138.59302487276338
2023-06-23 05:00:00+00:00,128.94,152.72,153.74,149.22535334524446,155.06620110000222
2023-06-23 06:00:00+00:00,130.87,153.94,145.59,150.32377535457266,156.39659779373847
2023-06-23 07:00:00+00:00,121.65,130.12,124.16,130.68177516412305,135.3415988290525
2023-06-23 08:00:00+00:00,106.27,116.0,112.2,114.98650425434803,121.21720687245758
2023-06-23 09:00:00+00:00,98.1,107.74,108.99,103.37070189914351,112.76083609725666
2023-06-23 10:00:00+00:00,93.0,106.72,107.35,97.07694186421729,109.94057565669618
2023-06-23 11:00:00+00:00,86.87,106.79,101.4,92.22375169128753,107.51652864085546
2023-06-23 12:00:00+00:00,79.98,106.46,99.31,86.97581171781351,104.18673272041066
2023-06-23 13:00:00+00:00,79.3,106.81,101.65,86.12752105670465,103.2769318295517
2023-06-23 14:00:00+00:00,86.87,108.19,108.47,89.42619162075721,104.14979406361086
2023-06-23 15:00:00+00:00,97.0,125.77,115.04,107.16551381034492,118.61485303171236
2023-06-23 16:00:00+00:00,107.49,137.3,135.35,128.3364597456671,132.16203179804864
2023-06-23 17:00:00+00:00,129.66,157.43,161.19,154.47472011769102,152.1689538770816
2023-06-23 18:00:00+00:00,137.1,155.0,175.1,161.1637156027483,153.15992233192264
2023-06-23 19:00:00+00:00,134.99,147.18,170.39,154.7589544845132,145.34491095981167
2023-06-23 20:00:00+00:00,130.68,134.34,152.04,141.21726428855942,132.08906857968302
2023-06-23 21:00:00+00:00,122.32,120.87,138.69,126.3498410552969,118.09440615022892
2023-06-23 22:00:00+00:00,117.34,103.8,130.81,114.62796072949948,102.10288195858193
2023-06-23 23:00:00+00:00,109.72,95.2,122.8,105.24455134722136,91.95502025795162
2023-06-24 00:00:00+00:00,102.88,91.79,120.01,99.43674243914576,85.47315698570195
2023-06-24 01:00:00+00:00,100.31,91.28,116.45,97.00226088423383,81.22520211755548
2023-06-24 02:00:00+00:00,94.33,90.94,111.07,95.48470335971653,76.91890263841407
2023-06-24 03:00:00+00:00,92.51,94.56,110.0,96.70771183742919,76.41649003061598
2023-06-24 04:00:00+00:00,92.29,115.09,110.31,106.62638690675102,89.9985598229866
2023-06-24 05:00:00+00:00,92.3,128.94,108.05,109.43901518413605,99.73336054168391
2023-06-24 06:00:00+00:00,90.57,130.87,101.0,100.28597479247746,99.88277876316992
2023-06-24 07:00:00+00:00,81.69,121.65,95.6,82.98899233215931,91.01372018476631
2023-06-24 08:00:00+00:00,57.64,106.27,85.0,63.18976016469398,77.83732415380547
2023-06-24 09:00:00+00:00,25.0,98.1,69.99,49.47429539739452,69.33543742705461
2023-06-24 10:00:00+00:00,14.99,93.0,59.36,41.022774300058146,63.79749045547359
2023-06-24 11:00:00+00:00,1.9,86.87,48.4,34.35299671171862,57.524313165151696
2023-06-24 12:00:00+00:00,0.31,79.98,39.38,31.371087346355154,52.08157634964838
2023-06-24 13:00:00+00:00,10.0,79.3,56.08,39.84110903145348,55.781755270237994
2023-06-24 14:00:00+00:00,28.2,86.87,85.0,57.076578540591456,67.0461787869619
2023-06-24 15:00:00+00:00,80.98,97.0,101.52,79.31484047854364,81.00018365958354
2023-06-24 16:00:00+00:00,99.77,107.49,115.31,103.95948387244154,95.10455798898353
2023-06-24 17:00:00+00:00,129.95,129.66,137.79,132.485732622089,117.32725754377066
2023-06-24 18:00:00+00:00,141.44,137.1,146.97,144.4040531532758,125.53435994011679
2023-06-24 19:00:00+00:00,150.72,134.99,155.0,144.1071847111832,125.57965392453661
2023-06-24 20:00:00+00:00,130.46,130.68,146.37,138.77179135785332,122.07930918493778
2023-06-24 21:00:00+00:00,118.31,122.32,136.65,128.3866261099252,113.1744027122651
2023-06-24 22:00:00+00:00,121.06,117.34,128.6,126.89312416976264,113.0044472538898
2023-06-24 23:00:00+00:00,113.0,109.72,118.39,117.2230944259296,103.09860217644967
2023-06-25 00:00:00+00:00,107.95,102.88,111.01,109.28225839293259,94.22389233047205
2023-06-25 01:00:00+00:00,106.49,100.31,108.86,105.74838622936834,89.04567012245124
2023-06-25 02:00:00+00:00,101.89,94.33,104.0,100.43004477193311,80.79345428696158
2023-06-25 03:00:00+00:00,101.93,92.51,102.59,96.61843815719767,75.13642047438941
2023-06-25 04:00:00+00:00,88.66,92.29,98.03,92.99465800114277,73.18761074731441
2023-06-25 05:00:00+00:00,79.37,92.3,92.06,85.79692370975131,72.5822754464552
2023-06-25 06:00:00+00:00,54.0,90.57,85.0,73.57560310180827,70.34731567804197
2023-06-25 07:00:00+00:00,32.55,81.69,78.13,56.908959088955854,63.09398939180404
2023-06-25 08:00:00+00:00,9.69,57.64,63.36,33.061867222440085,44.34742077100491
2023-06-25 09:00:00+00:00,0.1,25.0,53.65,11.223385736926389,22.29027091061937
2023-06-25 10:00:00+00:00,0.0,14.99,45.79,4.688432115027766,15.54757979098693
2023-06-25 11:00:00+00:00,-0.1,1.9,29.38,-1.9445861286505561,6.107703773749691
2023-06-25 13:00:00+00:00,-0.01,10.0,48.98,15.612091028810852,18.172217100295825
2023-06-25 14:00:00+00:00,9.69,28.2,75.0,37.84646845635119,36.84512389692754
2023-06-25 15:00:00+00:00,71.24,80.98,93.63,82.98187158717485,80.20772748688648
2023-06-25 16:00:00+00:00,106.54,99.77,107.23,112.61892926367268,100.79842719555134
2023-06-25 17:00:00+00:00,126.09,129.95,131.1,146.68428956708868,129.99555029444315
2023-06-25 18:00:00+00:00,153.81,141.44,140.25,161.89508795645546,143.21187698518133
2023-06-25 19:00:00+00:00,163.44,150.72,137.47,166.3565356449548,151.154879074333
2023-06-25 21:00:00+00:00,119.01,118.31,117.62,133.94646703513683,125.73127906255542
2023-06-25 22:00:00+00:00,119.09,121.06,100.02,130.62350647953727,134.05398723935895
2023-06-25 23:00:00+00:00,108.63,113.0,93.72,121.01790346865639,126.1560339682748
2023-06-26 00:00:00+00:00,95.6,107.95,88.63,115.1042044037814,121.79712169519753
2023-06-26 01:00:00+00:00,89.48,106.49,89.72,117.02748430371707,122.78577053561332
2023-06-26 02:00:00+00:00,87.63,101.89,94.25,118.2833571745778,121.39074356890374
2023-06-26 03:00:00+00:00,101.97,101.93,95.95,122.64697472763945,122.94552357007369
2023-06-26 04:00:00+00:00,128.0,88.66,117.97,127.7958907319618,123.6712814795358
2023-06-26 05:00:00+00:00,132.05,79.37,134.13,128.22207233361064,125.26184312373579
2023-06-26 06:00:00+00:00,120.58,54.0,132.63,108.96761422136966,109.84229397436003
2023-06-26 07:00:00+00:00,101.52,32.55,115.65,82.990310462972,92.45011688199452
2023-06-26 08:00:00+00:00,87.9,9.69,104.12,56.9996298624346,74.21813126898022
2023-06-26 09:00:00+00:00,82.84,0.1,97.27,42.59740127494615,64.78740200282343
2023-06-26 10:00:00+00:00,74.92,0.0,93.32,36.24294050295299,62.677817565742664
2023-06-26 11:00:00+00:00,58.76,-0.1,90.06,29.80220416279333,59.52996633711774
2023-06-26 13:00:00+00:00,54.03,-0.01,94.23,22.02417711481189,54.28344603819937
2023-06-26 14:00:00+00:00,64.32,9.69,98.17,33.91323535017524,64.03112801843943
2023-06-26 15:00:00+00:00,83.48,71.24,110.08,77.86313272002099,111.76451818909716
2023-06-26 16:00:00+00:00,97.0,106.54,137.0,110.85514804515012,141.27943674683183
2023-06-26 17:00:00+00:00,109.43,126.09,170.31,136.07289459006688,161.5632587031546
2023-06-26 18:00:00+00:00,118.0,153.81,197.77,161.10548571426256,184.50796561154385
2023-06-26 19:00:00+00:00,126.16,163.44,178.48,166.02794995114982,188.48087637736086
2023-06-26 20:00:00+00:00,129.37,145.3,150.31,153.01328438783193,171.2343726531057
2023-06-26 21:00:00+00:00,118.06,119.01,135.13,133.78379186669065,148.67918667076225
2023-06-26 22:00:00+00:00,114.23,119.09,121.19,117.0848742631401,132.9517823821986
2023-06-26 23:00:00+00:00,100.78,108.63,110.72,109.95941233187595,122.98206570511641
2023-06-27 00:00:00+00:00,93.22,95.6,104.19,101.51466385580966,112.00743512402394
2023-06-27 01:00:00+00:00,94.12,89.48,101.37,100.39235449032124,107.64691860113045
2023-06-27 02:00:00+00:00,89.27,87.63,101.1,103.87163110708858,107.26950809697492
2023-06-27 03:00:00+00:00,92.17,101.97,106.69,118.56900841186246,119.8986410395995
2023-06-27 04:00:00+00:00,115.29,128.0,129.95,145.16464609326925,146.0679519808986
2023-06-27 05:00:00+00:00,130.0,132.05,145.38,154.0015599056339,155.6858042179058
2023-06-27 06:00:00+00:00,127.05,120.58,146.79,138.94476377246667,147.2703922642986
2023-06-27 07:00:00+00:00,102.24,101.52,130.94,113.27858301838106,129.94674729452865
2023-06-27 08:00:00+00:00,90.0,87.9,114.09,92.8801862212347,116.10792424603446
2023-06-27 09:00:00+00:00,80.27,82.84,105.61,81.67487056135457,109.18288117877006
2023-06-27 10:00:00+00:00,72.27,74.92,100.12,70.7136978435926,100.57172360938185
2023-06-27 11:00:00+00:00,63.46,58.76,95.65,57.310067090266465,86.12543860905119
2023-06-27 13:00:00+00:00,77.95,54.03,101.18,49.7664195018278,75.90338592693713
2023-06-27 14:00:00+00:00,89.05,64.32,105.37,61.60969521210336,83.55815409278928
2023-06-27 15:00:00+00:00,96.4,83.48,118.64,84.65808100477857,103.23441753832215
2023-06-27 16:00:00+00:00,113.57,97.0,140.0,107.10834617603518,118.91226605152966
2023-06-27 17:00:00+00:00,130.41,109.43,160.59,126.49349944796205,132.14749965407927
2023-06-27 18:00:00+00:00,134.79,118.0,165.08,138.60209796998367,139.92015293995107
2023-06-27 19:00:00+00:00,130.83,126.16,150.0,141.07997398193896,142.78260903781788
2023-06-27 20:00:00+00:00,125.06,129.37,138.0,138.22751036884458,141.52561970486522
2023-06-27 21:00:00+00:00,116.16,118.06,120.27,124.15266292667633,127.56038560437969
2023-06-27 22:00:00+00:00,98.08,114.23,119.7,105.1291301391887,109.9483800368984
2023-06-27 23:00:00+00:00,90.59,100.78,110.79,95.79610894052215,98.36491714607162
2023-06-28 00:00:00+00:00,87.09,93.22,104.84,90.59378801288108,90.98743651571098
2023-06-28 01:00:00+00:00,86.29,94.12,103.93,93.2224514928672,91.1926053600768
2023-06-28 02:00:00+00:00,87.24,89.27,103.77,94.98684618024355,88.69529985002391
2023-06-28 03:00:00+00:00,94.39,92.17,107.03,103.31821011078364,93.92885159655462
2023-06-28 04:00:00+00:00,116.03,115.29,127.17,128.6560785470601,119.77156103638173
2023-06-28 05:00:00+00:00,131.5,130.0,137.67,141.6218775053182,135.82693497249164
2023-06-28 06:00:00+00:00,128.15,127.05,144.57,134.306045764732,135.01402410359256
2023-06-28 07:00:00+00:00,113.65,102.24,126.2,107.72133600063047,113.30353386385048
2023-06-28 08:00:00+00:00,101.89,90.0,109.94,92.77721511924435,101.93755699514266
2023-06-28 09:00:00+00:00,99.3,80.27,103.01,83.93996087039315,94.50210735427426
2023-06-28 10:00:00+00:00,101.18,72.27,98.21,76.09553992544869,86.63558702370185
2023-06-28 11:00:00+00:00,97.42,63.46,94.79,67.75613395065959,76.78570057128492
2023-06-28 12:00:00+00:00,95.59,68.12,92.36,67.86359387128002,76.39754473323204
2023-06-28 13:00:00+00:00,95.39,77.95,97.88,73.63070089019124,81.02340265614892
2023-06-28 14:00:00+00:00,97.6,89.05,100.21,83.62241342946375,87.90588887810122
2023-06-28 15:00:00+00:00,107.08,96.4,113.66,98.01671108009187,96.36826938190585
2023-06-28 16:00:00+00:00,128.92,113.57,138.21,121.37445712185131,113.1837902530752
2023-06-28 17:00:00+00:00,155.18,130.41,167.51,144.66676012626266,130.09544681953147
2023-06-28 18:00:00+00:00,167.62,134.79,190.71,155.09243945260596,136.4458815837378
2023-06-28 19:00:00+00:00,159.1,130.83,181.22,150.77179066360597,132.22608321407347
2023-06-28 20:00:00+00:00,140.0,125.06,155.0,140.70120755827048,124.42256752318436
2023-06-28 21:00:00+00:00,121.1,116.16,134.88,127.8283398863949,112.98864501073048
2023-06-28 22:00:00+00:00,119.46,98.08,132.95,109.45352783616038,94.15816317985316
2023-06-28 23:00:00+00:00,110.06,90.59,123.52,102.70672704626314,86.49435140949537
2023-06-29 00:00:00+00:00,101.72,87.09,115.49,99.47603981404774,82.31183665492972
2023-06-29 01:00:00+00:00,98.08,86.29,111.34,100.1791731580386,81.46660621179892
2023-06-29 02:00:00+00:00,99.92,87.24,107.02,103.19576343211517,81.96107108653615
2023-06-29 03:00:00+00:00,104.52,94.39,115.75,112.29432395350258,89.48024482190755
2023-06-29 04:00:00+00:00,121.81,116.03,137.62,135.26199142363663,114.82137518498155
2023-06-29 05:00:00+00:00,130.55,131.5,152.72,145.39256057391506,132.10112573877694
2023-06-29 06:00:00+00:00,130.31,128.15,153.94,135.63222041898933,130.44138752770607
2023-06-29 07:00:00+00:00,116.39,113.65,130.12,112.5616584121221,114.42739229498149
2023-06-29 08:00:00+00:00,105.95,101.89,116.0,95.5736130499748,103.22044514062769
2023-06-29 09:00:00+00:00,98.6,99.3,107.74,88.12687594133216,99.29381119939782
2023-06-29 10:00:00+00:00,99.84,101.18,106.72,85.6084987451874,97.94631311857164
2023-06-29 11:00:00+00:00,98.24,97.42,106.79,82.55839019323182,92.51424201834037
2023-06-29 12:00:00+00:00,98.6,95.59,106.46,81.57469424576277,88.86031667360206
2023-06-29 13:00:00+00:00,100.0,95.39,106.81,83.79804277061271,87.37321721805029
2023-06-29 14:00:00+00:00,101.12,97.6,108.19,91.47544568323308,89.52585055006865
2023-06-29 15:00:00+00:00,112.03,107.08,125.77,106.55192839269104,98.9423791395194
2023-06-29 16:00:00+00:00,131.26,128.92,137.3,128.72854303286806,117.02282199026988
2023-06-29 17:00:00+00:00,166.25,155.18,157.43,154.12430027218497,140.31576503925817
2023-06-29 18:00:00+00:00,171.58,167.62,155.0,164.56064176394983,149.56429486567387
2023-06-29 19:00:00+00:00,154.73,159.1,147.18,156.8421614145702,141.68239041838038
2023-06-29 20:00:00+00:00,141.81,140.0,134.34,140.51386716163745,125.90154945780584
2023-06-29 21:00:00+00:00,121.11,121.1,120.87,123.06461926419071,108.98294084410728
2023-06-29 22:00:00+00:00,115.6,119.46,103.8,121.70931305431935,110.75021918130717
2023-06-29 23:00:00+00:00,103.4,110.06,95.2,113.43181929177629,101.74412488032242
2023-06-30 00:00:00+00:00,96.56,101.72,91.79,107.50449574593664,94.74503700489102
2023-06-30 01:00:00+00:00,97.64,98.08,91.28,106.2937032505263,91.97106265840672
2023-06-30 02:00:00+00:00,96.11,99.92,90.94,110.4362531779591,93.94651536048471
2023-06-30 03:00:00+00:00,107.69,104.52,94.56,118.7116179881545,99.60610087631756
2023-06-30 04:00:00+00:00,126.75,121.81,115.09,141.33590021767284,121.28601538063015
2023-06-30 05:00:00+00:00,138.97,130.55,128.94,151.85819553581854,132.70094735291548
2023-06-30 06:00:00+00:00,133.41,130.31,130.87,149.29877070182283,132.65917322966422
2023-06-30 07:00:00+00:00,126.31,116.39,121.65,135.19937780984435,120.14281027399466
2023-06-30 08:00:00+00:00,109.86,105.95,106.27,121.59894557228085,109.46283151857824
2023-06-30 09:00:00+00:00,103.24,98.6,98.1,110.84570094710367,101.75942833520138
2023-06-30 10:00:00+00:00,100.86,99.84,93.0,104.59658093043562,100.26807052830229
2023-06-30 11:00:00+00:00,91.69,98.24,86.87,96.94329440027971,96.01689871487048
2023-06-30 12:00:00+00:00,88.46,98.6,79.98,91.7711966016804,93.25095955532716
2023-06-30 13:00:00+00:00,90.0,100.0,79.3,91.33292346611148,93.03994576076198
2023-06-30 14:00:00+00:00,92.01,101.12,86.87,95.15725225763822,94.72836972980221
2023-06-30 15:00:00+00:00,98.36,112.03,97.0,109.39044669057292,105.45205397396039
2023-06-30 16:00:00+00:00,109.73,131.26,107.49,131.25642604242995,122.84477611376418
2023-06-30 17:00:00+00:00,117.96,166.25,129.66,161.48759560516416,151.74678258653563
2023-06-30 18:00:00+00:00,133.43,171.58,137.1,169.35004414857872,156.67106353679966
2023-06-30 19:00:00+00:00,130.74,154.73,134.99,158.71265553985856,143.85897093600573
2023-06-30 20:00:00+00:00,122.39,141.81,130.68,146.87777578694303,133.03767110388728
2023-06-30 21:00:00+00:00,109.47,121.11,122.32,127.24301694107228,114.69854050116325
2023-06-30 22:00:00+00:00,109.74,115.6,117.34,111.316498567406,106.98398838163615
2023-06-30 23:00:00+00:00,108.91,103.4,109.72,97.32111935197811,94.70715678165661
2023-07-01 00:00:00+00:00,104.31,96.56,102.88,86.56607128397545,85.64256218978133
2023-07-01 01:00:00+00:00,99.14,97.64,100.31,82.55931714780704,82.60962283023511
2023-07-01 02:00:00+00:00,98.11,96.11,94.33,78.00084455324246,78.0641320245545
2023-07-01 03:00:00+00:00,84.11,107.69,92.51,79.64566351542477,82.08323860417691
2023-07-01 04:00:00+00:00,78.63,126.75,92.29,86.07008698430911,94.214969488125
2023-07-01 05:00:00+00:00,85.75,138.97,92.3,87.90487125373835,102.57828468861817
2023-07-01 06:00:00+00:00,78.03,133.41,90.57,78.96593118971177,98.40552947644842
2023-07-01 07:00:00+00:00,64.9,126.31,81.69,66.37814094684842,90.55715111402586
2023-07-01 08:00:00+00:00,43.79,109.86,57.64,48.28250776213077,75.34611023320105
2023-07-01 09:00:00+00:00,24.61,103.24,25.0,36.993478121977276,66.0137266072247
2023-07-01 10:00:00+00:00,16.83,100.86,14.99,32.558671068072925,62.20881521647843
2023-07-01 11:00:00+00:00,4.43,91.69,1.9,26.36386631336157,53.83307867929534
2023-07-01 12:00:00+00:00,0.07,88.46,0.31,27.170168040531735,52.108476024868985
2023-07-01 13:00:00+00:00,0.97,90.0,10.0,34.48689343442133,56.152684825136404
2023-07-01 14:00:00+00:00,12.31,92.01,28.2,44.641102584724784,62.42038390500382
2023-07-01 15:00:00+00:00,54.59,98.36,80.98,63.78643004583224,78.2908933440062
2023-07-01 16:00:00+00:00,77.14,109.73,99.77,81.93130434572285,94.39441490455394
2023-07-01 17:00:00+00:00,82.36,117.96,129.95,96.73243630664848,109.23260317157398
2023-07-01 18:00:00+00:00,89.6,133.43,141.44,108.71982904398445,122.83277615453383
2023-07-01 19:00:00+00:00,92.79,130.74,150.72,106.01409805059541,121.53873511700732
2023-07-01 20:00:00+00:00,92.97,122.39,130.46,97.14189352277833,114.04026958035976
2023-07-01 21:00:00+00:00,89.86,109.47,118.31,82.85302686055489,101.44907217461132
2023-07-01 22:00:00+00:00,16.45,109.74,121.06,76.6372761762508,107.40964364166098
2023-07-01 23:00:00+00:00,3.17,108.91,113.0,71.21568358408838,102.45357817736809
2023-07-02 00:00:00+00:00,0.01,104.31,107.95,64.31490832338474,94.96881378505182
2023-07-02 01:00:00+00:00,0.0,99.14,106.49,59.25075499924573,88.02866907737784
2023-07-02 02:00:00+00:00,-0.03,98.11,101.89,60.182335502842854,83.440217543404
2023-07-02 03:00:00+00:00,-0.05,84.11,101.93,51.70116995952308,71.1556845445201
2023-07-02 05:00:00+00:00,-0.5,85.75,79.37,43.70241857938216,67.97105195738092
2023-07-02 06:00:00+00:00,-2.95,78.03,54.0,27.065500006298507,59.07256453908478
2023-07-02 07:00:00+00:00,-15.07,64.9,32.55,4.580920815910659,48.06054164587545
2023-07-02 08:00:00+00:00,-37.0,43.79,9.69,-20.135578062309918,31.50757469147723
2023-07-02 09:00:00+00:00,-98.11,24.61,0.1,-36.4155408186156,19.519298577513382
2023-07-02 10:00:00+00:00,-167.96,16.83,0.0,-42.37409519219969,15.359163194746415
2023-07-02 11:00:00+00:00,-266.92,4.43,-0.1,-49.9962632889752,6.854871481427608
2023-07-02 13:00:00+00:00,-399.0,0.97,-0.01,-46.415228243054344,8.85716561951186
2023-07-02 14:00:00+00:00,-124.21,12.31,9.69,-31.581031357369625,21.209544667211688
2023-07-02 15:00:00+00:00,-35.18,54.59,71.24,8.502715872222467,61.05140110496221
2023-07-02 16:00:00+00:00,-6.01,77.14,106.54,40.657296087772195,87.0954112975757
2023-07-02 17:00:00+00:00,4.83,82.36,126.09,60.62394864651121,98.08277957507397
2023-07-02 18:00:00+00:00,69.09,89.6,153.81,85.05219429113814,110.77425578459895
2023-07-02 19:00:00+00:00,85.61,92.79,163.44,93.95622350682387,115.3417043480501
2023-07-02 20:00:00+00:00,94.9,92.97,145.3,93.22188871341069,113.81136954351572
2023-07-02 21:00:00+00:00,86.08,89.86,119.01,83.41060307377437,105.83759661105195
2023-07-02 22:00:00+00:00,66.0,16.45,119.09,47.485420732947915,64.72945670574404
2023-07-02 23:00:00+00:00,43.5,3.17,108.63,36.39118558857545,54.310478493075586
2023-07-03 00:00:00+00:00,24.09,0.01,95.6,31.263349404611375,49.97656789995187
2023-07-03 01:00:00+00:00,10.26,0.0,89.48,31.13571542861996,49.79909600172804
2023-07-03 02:00:00+00:00,15.8,-0.03,87.63,34.01590584993254,51.57125230364236
2023-07-03 03:00:00+00:00,54.0,-0.05,101.97,39.86236102957464,55.12704650270771
2023-07-03 05:00:00+00:00,110.89,-0.5,132.05,56.45419533122694,71.30913920848083
2023-07-03 06:00:00+00:00,104.91,-2.95,120.58,45.48361844910707,69.4328927484911
2023-07-03 07:00:00+00:00,61.71,-15.07,101.52,18.796306455334715,56.8985654794212
2023-07-03 08:00:00+00:00,1.0,-37.0,87.9,-5.69826307795276,40.063071783331644
2023-07-03 09:00:00+00:00,-0.06,-98.11,82.84,-38.832646165996124,0.21449544020660483
2023-07-03 10:00:00+00:00,-2.9,-167.96,74.92,-74.72311151691187,-44.882202717037146
2023-07-03 11:00:00+00:00,-5.68,-266.92,58.76,-121.0569044994283,-109.13234040645902
2023-07-03 12:00:00+00:00,-4.99,-500.0,50.93,-225.01045911991156,-253.54863022908955
2023-07-03 13:00:00+00:00,-2.75,-399.0,54.03,-162.81325504147884,-179.71802577957612
2023-07-03 14:00:00+00:00,-0.07,-124.21,64.32,-11.509119673430263,7.04833438637128
2023-07-03 15:00:00+00:00,22.5,-35.18,83.48,46.8740496733122,72.87942652848832
2023-07-03 16:00:00+00:00,88.35,-6.01,97.0,78.33636368201118,97.0743130081435
2023-07-03 17:00:00+00:00,116.38,4.83,109.43,99.90016768352798,106.78170448016847
2023-07-03 18:00:00+00:00,124.54,69.09,118.0,145.94235450499298,150.77307462348196
2023-07-03 19:00:00+00:00,128.09,85.61,126.16,158.0628641657167,161.74926962078365
2023-07-03 20:00:00+00:00,121.23,94.9,129.37,160.38748348640942,167.86897411278352
2023-07-03 21:00:00+00:00,114.5,86.08,118.06,146.6110359774949,158.18152348476613
2023-07-03 22:00:00+00:00,96.47,66.0,114.23,111.00237675009083,126.25956631506851
2023-07-03 23:00:00+00:00,80.8,43.5,100.78,90.48046789304344,107.65526697876405
2023-07-04 00:00:00+00:00,71.0,24.09,93.22,76.17126190912393,93.24030220616693
2023-07-04 01:00:00+00:00,64.38,10.26,94.12,70.32449686165832,84.28610232297785
2023-07-04 02:00:00+00:00,71.51,15.8,89.27,77.17399836614143,88.44872734933098
2023-07-04 03:00:00+00:00,85.09,54.0,92.17,103.75046171182676,116.67830235925186
2023-07-04 05:00:00+00:00,119.97,110.89,130.0,149.5979062597603,170.5446475152524
2023-07-04 06:00:00+00:00,113.29,104.91,127.05,139.30598253939797,167.78240619774934
2023-07-04 07:00:00+00:00,76.08,61.71,102.24,99.68862451764252,133.3681341996793
2023-07-04 08:00:00+00:00,33.64,1.0,90.0,56.41741185680506,89.18980146099676
2023-07-04 09:00:00+00:00,10.08,-0.06,80.27,47.62232933097819,82.78906698743997
2023-07-04 10:00:00+00:00,0.07,-2.9,72.27,38.45751643157982,72.0495270111292
2023-07-04 11:00:00+00:00,0.06,-5.68,63.46,26.552602667266598,56.3436897835576
2023-07-04 12:00:00+00:00,9.91,-4.99,68.12,0.7613597485673154,25.224699987014603
2023-07-04 13:00:00+00:00,39.22,-2.75,77.95,-6.1792247814928345,20.01123690113343
2023-07-04 14:00:00+00:00,83.84,-0.07,89.05,14.569321800256262,39.627146981136825
2023-07-04 15:00:00+00:00,93.68,22.5,96.4,44.711022305064276,61.47081713148293
2023-07-04 16:00:00+00:00,116.9,88.35,113.57,99.58498962591122,110.74579102510751
2023-07-04 17:00:00+00:00,148.2,116.38,130.41,133.22220029125933,133.21585867082504
2023-07-04 18:00:00+00:00,173.99,124.54,134.79,152.0547422185517,143.94398147667982
2023-07-04 19:00:00+00:00,171.93,128.09,130.83,155.95561027540958,146.20050924393632
2023-07-04 20:00:00+00:00,145.03,121.23,125.06,148.97298962560876,140.9868887968008
2023-07-04 21:00:00+00:00,124.09,114.5,116.16,137.53089538622777,132.77581737074442
2023-07-04 22:00:00+00:00,124.32,96.47,98.08,110.99729014404345,104.53966786736011
2023-07-04 23:00:00+00:00,110.41,80.8,90.59,93.14420474634923,90.25636804197366
2023-07-05 00:00:00+00:00,94.76,71.0,87.09,79.71547862729739,81.29282361290751
2023-07-05 01:00:00+00:00,86.81,64.38,86.29,69.34085891188681,75.2462289173425
2023-07-05 02:00:00+00:00,67.3,71.51,87.24,68.61725652235745,81.01586554679332
2023-07-05 03:00:00+00:00,67.87,85.09,94.39,75.46449396300899,95.434435267308
2023-07-05 04:00:00+00:00,76.64,113.73,116.03,95.21122656962874,125.07942268163875
2023-07-05 05:00:00+00:00,92.59,119.97,131.5,99.36441314655181,137.01168831375443
2023-07-05 06:00:00+00:00,98.35,113.29,128.15,88.32817263903095,132.38936403459988
2023-07-05 07:00:00+00:00,82.4,76.08,113.65,55.30988333096414,101.87100145874389
2023-07-05 08:00:00+00:00,73.44,33.64,101.89,18.895013328541665,66.83576775516329
2023-07-05 09:00:00+00:00,38.2,10.08,99.3,-2.458193561684425,50.00445957895503
2023-07-05 10:00:00+00:00,0.05,0.07,101.18,-15.279752803062351,41.57999785644551
2023-07-05 11:00:00+00:00,-3.09,0.06,97.42,-21.688575238938952,39.32783579749211
2023-07-05 12:00:00+00:00,-9.93,9.91,95.59,-20.29466330724118,43.74463766909414
2023-07-05 13:00:00+00:00,-9.9,39.22,95.39,-6.050581730859392,61.829331312819626
2023-07-05 14:00:00+00:00,-3.52,83.84,97.6,20.40734655682857,90.57435073811318
2023-07-05 15:00:00+00:00,23.33,93.68,107.08,35.95943256991774,99.1454877795602
2023-07-05 16:00:00+00:00,83.2,116.9,128.92,70.693015143801,123.95775602710383
2023-07-05 17:00:00+00:00,104.61,148.2,155.18,109.81875662834918,151.4262268590453
2023-07-05 18:00:00+00:00,118.44,173.99,167.62,138.6064636086836,170.85768954173716
2023-07-05 19:00:00+00:00,122.75,171.93,159.1,142.93439847281368,168.52125033480712
2023-07-05 20:00:00+00:00,121.34,145.03,140.0,126.62850748160187,147.04485016298756
2023-07-05 21:00:00+00:00,114.81,124.09,121.1,109.50533580296613,128.35285209718387
2023-07-05 22:00:00+00:00,91.62,124.32,119.46,97.77644939492271,121.45247116832408
2023-07-05 23:00:00+00:00,84.0,110.41,110.06,89.57829246401823,108.69811970313101
2023-07-06 00:00:00+00:00,82.4,94.76,101.72,81.05083947356442,95.71710703440178
2023-07-06 01:00:00+00:00,83.05,86.81,98.08,79.77357069541935,89.26866710155964
2023-07-06 02:00:00+00:00,85.01,67.3,99.92,76.47290769692026,78.01126529386836
2023-07-06 03:00:00+00:00,94.37,67.87,104.52,85.66425277873928,81.84557706002388
2023-07-06 04:00:00+00:00,113.75,76.64,121.81,103.46142327609881,97.27919828053713
2023-07-06 05:00:00+00:00,126.29,92.59,130.55,115.2976979916715,112.9473735227252
2023-07-06 06:00:00+00:00,124.85,98.35,130.31,108.74865220170696,116.50362097915708
2023-07-06 07:00:00+00:00,110.97,82.4,116.39,83.41801625191704,100.09756379346014
2023-07-06 08:00:00+00:00,95.03,73.44,105.95,66.64278730502481,89.40819511870235
2023-07-06 09:00:00+00:00,86.29,38.2,98.6,41.7520364820909,62.669194827691946
2023-07-06 10:00:00+00:00,78.17,0.05,99.84,19.117419376198754,35.63551085668672
2023-07-06 11:00:00+00:00,76.42,-3.09,98.24,16.527333249983926,31.848433963493818
2023-07-06 12:00:00+00:00,78.15,-9.93,98.6,13.94039259151208,26.307475807723307
2023-07-06 13:00:00+00:00,84.05,-9.9,100.0,19.520136587700264,27.705019827954658
2023-07-06 14:00:00+00:00,88.1,-3.52,101.12,32.462246366571634,34.80248945788918
2023-07-06 15:00:00+00:00,98.83,23.33,112.03,59.7120084886667,55.193624533925785
2023-07-06 16:00:00+00:00,116.42,83.2,131.26,109.29141074530601,100.61425623945098
2023-07-06 17:00:00+00:00,150.6,104.61,166.25,139.7993446402219,122.75188956623873
2023-07-06 18:00:00+00:00,184.13,118.44,171.58,154.1667447330432,134.1295596958251
2023-07-06 19:00:00+00:00,183.86,122.75,154.73,153.29228721989108,133.94076271636365
2023-07-06 20:00:00+00:00,137.57,121.34,141.81,146.06433513123142,128.76120789628047
2023-07-06 21:00:00+00:00,118.98,114.81,121.11,134.29244218745242,118.61213224117505
2023-07-06 22:00:00+00:00,114.0,91.62,115.6,118.92021247909528,103.45916776890749
2023-07-06 23:00:00+00:00,103.88,84.0,103.4,110.50028970573682,95.10683795363893
2023-07-07 00:00:00+00:00,97.6,82.4,96.56,99.3375232049505,86.28527906998077
2023-07-07 01:00:00+00:00,95.93,83.05,97.64,100.4633950765365,86.66751510953755
2023-07-07 02:00:00+00:00,98.01,85.01,96.11,105.77629703784159,89.12379876857432
2023-07-07 03:00:00+00:00,101.94,94.37,107.69,120.63136429196938,101.56493182985469
2023-07-07 04:00:00+00:00,135.47,113.75,126.75,140.21064576563785,123.2677399413635
2023-07-07 05:00:00+00:00,121.7,126.29,138.97,149.246714520725,139.5212716468233
2023-07-07 06:00:00+00:00,108.83,124.85,133.41,138.10341428008667,139.56667418952367
2023-07-07 07:00:00+00:00,91.79,110.97,126.31,115.16811900711598,127.08401169220853
2023-07-07 08:00:00+00:00,84.0,95.03,109.86,93.87868783105668,113.37777221364283
2023-07-07 09:00:00+00:00,79.12,86.29,103.24,79.92843072981655,102.95108638664608
2023-07-07 10:00:00+00:00,74.9,78.17,100.86,68.84187728508965,92.2592425818217
2023-07-07 11:00:00+00:00,66.57,76.42,91.69,63.92787198755941,87.32945236913955
2023-07-07 12:00:00+00:00,64.98,78.15,88.46,61.88020553406575,84.08403965776291
2023-07-07 13:00:00+00:00,66.18,84.05,90.0,66.727693850827,85.70322582097997
2023-07-07 14:00:00+00:00,80.29,88.1,92.01,72.45022720458303,85.8102870198133
2023-07-07 15:00:00+00:00,90.0,98.83,98.36,87.68739604583071,93.27536530371277
2023-07-07 16:00:00+00:00,117.65,116.42,109.73,113.31293856583852,110.22882392625505
2023-07-07 17:00:00+00:00,146.78,150.6,117.96,144.5689036074993,136.59979350858032
2023-07-07 18:00:00+00:00,173.24,184.13,133.43,168.47365024324608,162.79851156443064
2023-07-07 19:00:00+00:00,139.54,183.86,130.74,162.707328558087,162.54823748687699
2023-07-07 20:00:00+00:00,117.27,137.57,122.39,127.38596780692086,129.68332339929856
2023-07-07 21:00:00+00:00,101.56,118.98,109.47,105.93670548347568,112.91239923982077
2023-07-07 22:00:00+00:00,100.27,114.0,109.74,101.30040441706811,107.17616178601887
2023-07-07 23:00:00+00:00,92.14,103.88,108.91,91.44660592830084,96.62423522850996
2023-07-08 00:00:00+00:00,89.97,97.6,104.31,84.40070285110363,88.47927788281194
2023-07-08 01:00:00+00:00,87.06,95.93,99.14,81.79641300244535,83.42253180028058
2023-07-08 02:00:00+00:00,88.84,98.01,98.11,82.54810842828503,81.46883540573691
2023-07-08 03:00:00+00:00,88.57,101.94,84.11,82.44409164402882,78.96904533434746
2023-07-08 04:00:00+00:00,84.94,135.47,78.63,99.34870456833191,99.95854461429764
2023-07-08 05:00:00+00:00,85.26,121.7,85.75,90.62429491828534,92.03374020729598
2023-07-08 06:00:00+00:00,83.77,108.83,78.03,77.26866375029167,82.26829611920493
2023-07-08 07:00:00+00:00,76.04,91.79,64.9,57.05988978279223,68.00847083723482
2023-07-08 08:00:00+00:00,60.9,84.0,43.79,39.1438457414579,58.28747298781972
2023-07-08 09:00:00+00:00,46.32,79.12,24.61,26.25355839367404,51.76385488634165
2023-07-08 10:00:00+00:00,35.22,74.9,16.83,17.85896863688191,46.97600946533417
2023-07-08 11:00:00+00:00,16.71,66.57,4.43,10.037439264676863,39.13954300127526
2023-07-08 12:00:00+00:00,16.73,64.98,0.07,12.753127329694593,39.099547097598325
2023-07-08 13:00:00+00:00,40.0,66.18,0.97,21.77607780300282,42.63124215114355
2023-07-08 14:00:00+00:00,60.9,80.29,12.31,41.441506308328606,56.25258971176449
2023-07-08 15:00:00+00:00,83.4,90.0,54.59,65.7206847054882,71.84530578187342
2023-07-08 16:00:00+00:00,107.3,117.65,77.14,98.56319616170143,98.02053822896679
2023-07-08 17:00:00+00:00,121.0,146.78,82.36,126.68131951435248,123.87386893650326
2023-07-08 18:00:00+00:00,128.76,173.24,89.6,146.00168974418602,146.54011482868842
2023-07-08 19:00:00+00:00,132.86,139.54,92.79,123.22711162280316,125.00905436710474
2023-07-08 20:00:00+00:00,129.72,117.27,92.97,102.99508396321721,107.62574326052263
2023-07-08 21:00:00+00:00,115.92,101.56,89.86,88.0342389279844,94.49662901441741
2023-07-08 22:00:00+00:00,109.44,100.27,16.45,80.8532054712427,90.32550356151893
2023-07-08 23:00:00+00:00,101.74,92.14,3.17,73.5350866067518,80.02729523958881
2023-07-09 00:00:00+00:00,101.82,89.97,0.01,70.94133304489425,75.1319501871223
2023-07-09 01:00:00+00:00,95.44,87.06,0.0,69.23217320570522,69.73276288541624
2023-07-09 02:00:00+00:00,95.79,88.84,-0.03,71.10713448738738,67.74008503134993
2023-07-09 03:00:00+00:00,96.92,88.57,-0.05,70.27904014447026,63.44298776017909
2023-07-09 05:00:00+00:00,91.2,85.26,-0.5,62.269357612299686,58.90427048622214
2023-07-09 06:00:00+00:00,86.24,83.77,-2.95,51.59065537828809,56.03128718775791
2023-07-09 07:00:00+00:00,77.11,76.04,-15.07,35.761670271432834,48.40990481103652
2023-07-09 08:00:00+00:00,60.15,60.9,-37.0,16.52912550600429,35.33016501027633
2023-07-09 09:00:00+00:00,50.12,46.32,-98.11,-3.152782740435171,18.604894709811504
2023-07-09 10:00:00+00:00,45.69,35.22,-167.96,-19.185408174588886,2.77198392460042
2023-07-09 11:00:00+00:00,36.99,16.71,-266.92,-39.97417028570956,-22.364635489535686
2023-07-09 12:00:00+00:00,44.85,16.73,-500.0,-62.87254237604003,-49.733036210195266
2023-07-09 13:00:00+00:00,55.15,40.0,-399.0,-29.74944824579751,-18.936366319314885
2023-07-09 14:00:00+00:00,72.99,60.9,-124.21,26.363361515855274,33.70097357628653
2023-07-09 15:00:00+00:00,82.4,83.4,-35.18,63.312277173210816,64.90944938777648
2023-07-09 16:00:00+00:00,105.1,107.3,-6.01,93.1833606698653,90.58933447759382
2023-07-09 17:00:00+00:00,122.21,121.0,4.83,109.13975094326028,105.53714246821828
2023-07-09 18:00:00+00:00,132.12,128.76,69.09,125.90288520056446,123.10220181364416
2023-07-09 19:00:00+00:00,134.1,132.86,85.61,128.60594976719386,127.93279881681008
2023-07-09 20:00:00+00:00,132.12,129.72,94.9,125.45088467026615,127.72907105083354
2023-07-09 21:00:00+00:00,119.6,115.92,86.08,112.65944733828033,115.20043825717023
2023-07-09 22:00:00+00:00,112.49,109.44,66.0,113.46640159352457,117.55137740308892
2023-07-09 23:00:00+00:00,102.0,101.74,43.5,106.67576480729427,108.47808970363614
2023-07-10 00:00:00+00:00,94.3,101.82,24.09,105.60260468465258,106.18337919060978
2023-07-10 01:00:00+00:00,91.94,95.44,10.26,103.20280405516797,100.40987818581489
2023-07-10 02:00:00+00:00,93.31,95.79,15.8,108.14727275473267,102.72156473973611
2023-07-10 03:00:00+00:00,105.14,96.92,54.0,119.34881857399185,110.89327112174416
2023-07-10 04:00:00+00:00,121.67,94.68,86.0,130.5952701062097,118.96223970854558
2023-07-10 05:00:00+00:00,132.78,91.2,110.89,135.21740798939888,124.2987124982957
2023-07-10 06:00:00+00:00,134.27,86.24,104.91,126.98964674117073,121.29142434481506
2023-07-10 07:00:00+00:00,117.95,77.11,61.71,107.56165256168545,108.85428920807016
2023-07-10 08:00:00+00:00,105.28,60.15,1.0,81.22966878139724,88.75037204158785
2023-07-10 09:00:00+00:00,94.99,50.12,-0.06,65.90419623639157,80.5598525544367
2023-07-10 10:00:00+00:00,89.23,45.69,-2.9,53.66402552650689,74.91182524251664
2023-07-10 11:00:00+00:00,80.16,36.99,-5.68,39.81848061812633,65.15409404911222
2023-07-10 12:00:00+00:00,74.48,44.85,-4.99,36.34983345057438,67.14589494121387
2023-07-10 13:00:00+00:00,72.22,55.15,-2.75,41.12459553329819,73.7956884206354
2023-07-10 14:00:00+00:00,81.46,72.99,-0.07,55.91593054831165,86.6369007245591
2023-07-10 15:00:00+00:00,91.14,82.4,22.5,74.25191902327074,97.06145514049715
2023-07-10 16:00:00+00:00,122.67,105.1,88.35,111.08202123054252,123.63432737375689
2023-07-10 17:00:00+00:00,165.49,122.21,116.38,139.039160855289,140.34926805444687
2023-07-10 18:00:00+00:00,176.01,132.12,124.54,154.32865071170676,148.1110727334583
2023-07-10 19:00:00+00:00,180.07,134.1,128.09,157.93932135351872,149.79503809866102
2023-07-10 20:00:00+00:00,162.92,132.12,121.23,153.65797762819474,146.55070546667005
2023-07-10 21:00:00+00:00,133.7,119.6,114.5,142.01811039825157,134.62654879190939
2023-07-10 22:00:00+00:00,124.41,112.49,96.47,124.96717804863906,116.8234411607638
2023-07-10 23:00:00+00:00,115.74,102.0,80.8,115.73079681027409,106.81533335805106
2023-07-11 00:00:00+00:00,105.29,94.3,71.0,109.43099772209682,100.3073350232205
2023-07-11 01:00:00+00:00,100.68,91.94,64.38,107.1625338720534,97.79397484230729
2023-07-11 02:00:00+00:00,99.7,93.31,71.51,109.91761772276614,100.52197680340707
2023-07-11 03:00:00+00:00,112.74,105.14,85.09,119.49179004023375,111.26320515485735
2023-07-11 04:00:00+00:00,123.55,121.67,113.73,137.83056152693797,132.03097621107457
2023-07-11 05:00:00+00:00,125.39,132.78,119.97,140.97241924926436,143.1328839724353
2023-07-11 06:00:00+00:00,120.95,134.27,113.29,129.88018451519295,143.17176333581045
2023-07-11 07:00:00+00:00,105.1,117.95,76.08,102.89878170780031,125.92261958961399
2023-07-11 08:00:00+00:00,93.82,105.28,33.64,78.53064122851991,110.43746481086238
2023-07-11 09:00:00+00:00,81.09,94.99,10.08,61.13119043977804,99.01421476290318
2023-07-11 10:00:00+00:00,57.76,89.23,0.07,50.26721433912299,91.70970547532634
2023-07-11 11:00:00+00:00,46.39,80.16,0.06,41.248213599931105,82.67892545448963
2023-07-11 12:00:00+00:00,47.39,74.48,9.91,38.41828030762012,78.26615670677705
2023-07-11 13:00:00+00:00,66.65,72.22,39.22,45.365182579649044,80.12882453062961
2023-07-11 14:00:00+00:00,88.22,81.46,83.84,64.51632654025134,92.2285504144756
2023-07-11 15:00:00+00:00,95.41,91.14,93.68,83.44569803665478,99.82305243799038
2023-07-11 16:00:00+00:00,121.58,122.67,116.9,121.00369733732009,126.72448209457983
2023-07-11 17:00:00+00:00,172.01,165.49,148.2,161.5132038673504,162.20401826012096
2023-07-11 18:00:00+00:00,180.99,176.01,173.99,174.71866836321493,173.63468785273818
2023-07-11 19:00:00+00:00,135.0,180.07,171.93,172.72249830519866,176.56345383859573
2023-07-11 20:00:00+00:00,119.95,162.92,145.03,151.2629450666386,160.82004101772048
2023-07-11 21:00:00+00:00,103.18,133.7,124.09,124.6374455662082,135.87992382141636
2023-07-11 22:00:00+00:00,98.47,124.41,124.32,108.8205668682238,118.86317885299638
2023-07-11 23:00:00+00:00,91.0,115.74,110.41,98.58094151265212,109.56005717344479
2023-07-12 00:00:00+00:00,90.0,105.29,94.76,89.31840099556517,99.43813253311889
2023-07-12 01:00:00+00:00,82.09,100.68,86.81,87.18342648645675,95.31287955411432
2023-07-12 02:00:00+00:00,83.58,99.7,67.3,86.66500983279303,92.8826727952139
2023-07-12 03:00:00+00:00,85.13,112.74,67.87,97.29019950677312,103.92599768128755
2023-07-12 04:00:00+00:00,102.05,123.55,76.64,111.03670995466489,118.56586567189962
2023-07-12 05:00:00+00:00,118.04,125.39,92.59,116.54094619471294,127.37925983000109
2023-07-12 06:00:00+00:00,120.0,120.95,98.35,107.17802371361276,126.65677463988682
2023-07-12 07:00:00+00:00,104.84,105.1,82.4,82.10807642674023,111.9399051658311
2023-07-12 08:00:00+00:00,86.36,93.82,73.44,63.285946766416714,101.78566081263041
2023-07-12 09:00:00+00:00,69.77,81.09,38.2,42.79068756420371,88.0727043801642
2023-07-12 10:00:00+00:00,15.87,57.76,0.05,17.64243858820231,65.61300679047864
2023-07-12 11:00:00+00:00,12.92,46.39,-3.09,7.268179269183861,55.6424575102992
2023-07-12 12:00:00+00:00,19.33,47.39,-9.93,6.0677134180536285,53.233700373514516
2023-07-12 13:00:00+00:00,27.03,66.65,-9.9,20.42363334605875,64.93098487535312
2023-07-12 14:00:00+00:00,53.97,88.22,-3.52,41.34282423035796,80.01907931634861
2023-07-12 15:00:00+00:00,82.52,95.41,23.33,61.42884045400079,89.09047119148254
2023-07-12 16:00:00+00:00,99.36,121.58,83.2,100.13495572557676,117.68901374364269
2023-07-12 17:00:00+00:00,119.38,172.01,104.61,147.42276149288432,158.7959334728015
2023-07-12 18:00:00+00:00,146.26,180.99,118.44,164.32043192171358,166.96218988928996
2023-07-12 19:00:00+00:00,151.89,135.0,122.75,142.1280506023761,136.05658501191553
2023-07-12 20:00:00+00:00,126.41,119.95,121.34,130.07457751162147,123.40165790162253
2023-07-12 21:00:00+00:00,113.91,103.18,114.81,114.08652647442791,107.07974089450659
2023-07-12 22:00:00+00:00,105.09,98.47,91.62,97.22431084340023,93.90329346354262
2023-07-12 23:00:00+00:00,97.03,91.0,84.0,89.82358003626882,86.79519626850728
2023-07-13 00:00:00+00:00,95.04,90.0,82.4,86.64347127665069,84.87883243439771
2023-07-13 01:00:00+00:00,92.25,82.09,83.05,82.78128422745755,79.58452070813003
2023-07-13 02:00:00+00:00,92.1,83.58,85.01,85.93848423490286,81.49063935770641
2023-07-13 03:00:00+00:00,93.63,85.13,94.37,92.9224097911225,86.55884326412891
2023-07-13 04:00:00+00:00,107.39,102.05,113.75,111.9552345213753,106.59753167851898
2023-07-13 05:00:00+00:00,122.29,118.04,126.29,122.89870625459555,122.60383740394165
2023-07-13 06:00:00+00:00,119.1,120.0,124.85,115.43592702570305,123.96408553265088
2023-07-13 07:00:00+00:00,104.51,104.84,110.97,90.32087206758564,109.7007761454744
2023-07-13 08:00:00+00:00,91.17,86.36,95.03,65.49939877959103,93.40746552171991
2023-07-13 09:00:00+00:00,84.14,69.77,86.29,48.11124664244355,80.35541200476725
2023-07-13 10:00:00+00:00,77.3,15.87,78.17,13.446163325656329,41.24940142969907
2023-07-13 11:00:00+00:00,60.78,12.92,76.42,8.032980687013875,37.321714827120466
2023-07-13 12:00:00+00:00,50.02,19.33,78.15,10.082866350877936,40.53484469442589
2023-07-13 13:00:00+00:00,62.13,27.03,84.05,17.732820287249496,47.168018417149035
2023-07-13 14:00:00+00:00,76.3,53.97,88.1,39.65871491226041,67.2537954086925
2023-07-13 15:00:00+00:00,87.57,82.52,98.83,66.86211858781208,89.17837548224483
2023-07-13 16:00:00+00:00,93.7,99.36,116.42,93.86392310463147,106.05194442504308
2023-07-13 17:00:00+00:00,117.36,119.38,150.6,124.99045674303217,128.41004895630076
2023-07-13 18:00:00+00:00,130.86,146.26,184.13,151.86632903743393,150.38609765309235
2023-07-13 19:00:00+00:00,137.89,151.89,183.86,155.32040221437086,150.31510631820836
2023-07-13 20:00:00+00:00,129.67,126.41,137.57,133.18040453104294,125.26282697919724
2023-07-13 21:00:00+00:00,117.72,113.91,118.98,119.27143036897485,110.99783636552799
2023-07-13 22:00:00+00:00,101.0,105.09,114.0,115.36761999522241,106.52945408520706
2023-07-13 23:00:00+00:00,96.36,97.03,103.88,108.3011199337828,98.38128225511446
2023-07-14 00:00:00+00:00,92.91,95.04,97.6,106.08148646600934,95.46685669676036
2023-07-14 01:00:00+00:00,94.01,92.25,95.93,105.8304535447366,92.65546377550977
2023-07-14 02:00:00+00:00,93.35,92.1,98.01,110.08687333934105,93.88283093289434
2023-07-14 03:00:00+00:00,99.35,93.63,101.94,116.12789021142126,96.96840278914168
2023-07-14 04:00:00+00:00,114.0,107.39,135.47,134.78960380352981,116.7001727787867
2023-07-14 06:00:00+00:00,103.76,119.1,108.83,132.3665219709539,129.14251087102684
2023-07-14 07:00:00+00:00,85.07,104.51,91.79,108.69029370723099,114.72060070680966
2023-07-14 08:00:00+00:00,79.71,91.17,84.0,89.6100215239216,102.27834398475974
2023-07-14 09:00:00+00:00,76.54,84.14,79.12,78.16564522313892,94.06953797704497
2023-07-14 10:00:00+00:00,73.95,77.3,74.9,68.30857314218024,82.51739439057698
2023-07-14 11:00:00+00:00,69.99,60.78,66.57,56.60514586685835,67.52244927524612
2023-07-14 12:00:00+00:00,75.13,50.02,64.98,50.60139429156578,57.711904059304494
2023-07-14 13:00:00+00:00,80.05,62.13,66.18,59.68083271464248,64.1672537151895
2023-07-14 14:00:00+00:00,85.1,76.3,80.29,75.16859014001072,76.21989985483252
2023-07-14 15:00:00+00:00,97.46,87.57,90.0,92.32336232111678,87.76603828066817
2023-07-14 16:00:00+00:00,115.25,93.7,117.65,110.059555373356,97.78354390489326
2023-07-14 17:00:00+00:00,140.19,117.36,146.78,135.47707289708944,119.3351625005616
2023-07-14 18:00:00+00:00,139.92,130.86,173.24,149.26313518309652,133.6478526570732
2023-07-14 19:00:00+00:00,123.92,137.89,139.54,142.61225773273574,133.75288051963432
2023-07-14 20:00:00+00:00,95.25,129.67,117.27,122.59777684007261,122.39431943549981
2023-07-14 21:00:00+00:00,80.94,117.72,101.56,100.66431911606588,109.45877110125987
2023-07-14 22:00:00+00:00,72.28,101.0,100.27,79.90596653148306,96.99808472410595
2023-07-14 23:00:00+00:00,53.46,96.36,92.14,66.56300315183549,89.55600154184569
2023-07-15 00:00:00+00:00,29.15,92.91,89.97,58.17074832900102,83.96579373488252
2023-07-15 01:00:00+00:00,19.95,94.01,87.06,54.944465461799915,81.05153852863575
2023-07-15 02:00:00+00:00,16.98,93.35,88.84,53.16392929408354,77.46452963576948
2023-07-15 03:00:00+00:00,13.69,99.35,88.57,55.711493945833695,77.90746520027929
2023-07-15 04:00:00+00:00,19.9,114.0,84.94,61.62231447296884,85.26524697571253
2023-07-15 06:00:00+00:00,29.95,103.76,83.77,51.852381872669284,78.38297756269029
2023-07-15 07:00:00+00:00,17.41,85.07,76.04,34.658858917203744,63.54240734400552
2023-07-15 08:00:00+00:00,4.6,79.71,60.9,22.504434102979147,56.48578511597517
2023-07-15 09:00:00+00:00,0.0,76.54,46.32,14.058189239958082,51.663802526250905
2023-07-15 10:00:00+00:00,-0.02,73.95,35.22,7.858464356240134,47.407374671640504
2023-07-15 11:00:00+00:00,-0.13,69.99,16.71,0.89204694242693,40.88256840531646
2023-07-15 12:00:00+00:00,-1.03,75.13,16.73,4.026255227548802,43.03087385857783
2023-07-15 13:00:00+00:00,-0.1,80.05,40.0,16.45020699478043,51.87652614775998
2023-07-15 14:00:00+00:00,0.02,85.1,60.9,29.776361206213437,61.38140833812802
2023-07-15 15:00:00+00:00,15.54,97.46,83.4,50.85952597575034,76.70800910907707
2023-07-15 16:00:00+00:00,74.51,115.25,107.3,77.91416334833238,96.13821458333264
2023-07-15 17:00:00+00:00,84.18,140.19,121.0,104.18737665131655,119.72854365234541
2023-07-15 18:00:00+00:00,88.36,139.92,128.76,109.43742851307633,123.54570660910241
2023-07-15 19:00:00+00:00,83.63,123.92,132.86,98.69116367717143,114.79456985059663
2023-07-15 20:00:00+00:00,83.02,95.25,129.72,80.05439886916265,95.2814103693685
2023-07-15 21:00:00+00:00,71.82,80.94,115.92,68.2587691702879,82.19220227774653
2023-07-15 22:00:00+00:00,56.94,72.28,109.44,61.646161033108385,79.53612965941286
2023-07-15 23:00:00+00:00,19.7,53.46,101.74,49.182873267665194,63.772299282333194
2023-07-16 00:00:00+00:00,2.68,29.15,101.82,32.96473514274281,45.47961226335297
2023-07-16 01:00:00+00:00,0.07,19.95,95.44,24.858747498253805,36.80884756907185
2023-07-16 02:00:00+00:00,0.0,16.98,95.79,21.66506541358055,32.71225599481794
2023-07-16 03:00:00+00:00,-0.42,13.69,96.92,21.496193216912758,28.210299579109716
2023-07-16 04:00:00+00:00,-2.07,19.9,94.68,21.720217841836913,30.446477627481613
2023-07-16 06:00:00+00:00,-2.09,29.95,86.24,13.49817625801704,34.94834977561622
2023-07-16 07:00:00+00:00,-9.92,17.41,77.11,-6.065924990486678,24.83219513590528
2023-07-16 08:00:00+00:00,-19.34,4.6,60.15,-22.191016758741426,14.786154667140323
2023-07-16 09:00:00+00:00,-24.8,0.0,50.12,-30.622463923497207,11.806569173661273
2023-07-16 10:00:00+00:00,-38.39,-0.02,45.69,-36.31191490882108,11.440764256519287
2023-07-16 11:00:00+00:00,-50.09,-0.13,36.99,-40.535200678266534,10.223485150919942
2023-07-16 12:00:00+00:00,-60.04,-1.03,44.85,-38.69523661287789,11.82524071738392
2023-07-16 13:00:00+00:00,-48.31,-0.1,55.15,-30.585636465425637,15.987579427965798
2023-07-16 14:00:00+00:00,-26.57,0.02,72.99,-17.721884672035856,22.110107488952494
2023-07-16 15:00:00+00:00,-5.01,15.54,82.4,7.1044204146270715,38.868352765817285
2023-07-16 16:00:00+00:00,30.61,74.51,105.1,62.1358887966048,87.86580926961577
2023-07-16 17:00:00+00:00,92.51,84.18,122.21,90.46716249193325,101.9784257572668
2023-07-16 18:00:00+00:00,100.76,88.36,132.12,106.40726752253512,107.98877640534545
2023-07-16 19:00:00+00:00,109.21,83.63,134.1,107.36591545278569,105.31965445029957
2023-07-16 20:00:00+00:00,114.38,83.02,132.12,106.01876831005833,104.34651448842637
2023-07-16 21:00:00+00:00,110.0,71.82,119.6,93.89296856924736,92.97562724020219
2023-07-16 22:00:00+00:00,109.26,56.94,112.49,85.87989464689686,89.73936995395454
2023-07-16 23:00:00+00:00,102.17,19.7,102.0,61.57498395113002,61.82873213963044
2023-07-17 00:00:00+00:00,95.19,2.68,94.3,49.1217243014263,47.74683435156184
2023-07-17 01:00:00+00:00,88.1,0.07,91.94,47.891677989222615,45.82406442706877
2023-07-17 02:00:00+00:00,90.59,0.0,93.31,51.16776748332289,47.49674637311647
2023-07-17 03:00:00+00:00,97.23,-0.42,105.14,56.54333072394729,50.49902233330413
2023-07-17 04:00:00+00:00,120.02,-2.07,121.67,66.48877592099143,58.551423416292316
2023-07-17 05:00:00+00:00,129.66,-1.1,132.78,70.11539565516884,65.43657326402793
2023-07-17 06:00:00+00:00,112.47,-2.09,134.27,61.92992651707125,67.00225880058578
2023-07-17 07:00:00+00:00,94.14,-9.92,117.95,38.11945491097208,57.732810224058206
2023-07-17 08:00:00+00:00,77.9,-19.34,105.28,17.515746639044536,48.779212810457956
2023-07-17 09:00:00+00:00,45.07,-24.8,94.99,5.1061986419630045,44.01682860757827
2023-07-17 10:00:00+00:00,0.88,-38.39,89.23,-8.83854974507615,33.18242667754191
2023-07-17 11:00:00+00:00,0.63,-50.09,80.16,-19.35303029190105,22.890573497567374
2023-07-17 12:00:00+00:00,0.0,-60.04,74.48,-25.295132548524563,14.384132484102082
2023-07-17 13:00:00+00:00,7.18,-48.31,72.22,-15.540384203724798,21.77988644473318
2023-07-17 14:00:00+00:00,48.72,-26.57,81.46,3.5075303385112164,37.32014207131923
2023-07-17 15:00:00+00:00,75.51,-5.01,91.14,25.70801630180833,54.52039778200903
2023-07-17 16:00:00+00:00,85.28,30.61,122.67,63.01750286043003,87.60224964635006
2023-07-17 17:00:00+00:00,106.52,92.51,165.49,114.80024247681764,136.5403786480849
2023-07-17 18:00:00+00:00,119.78,100.76,176.01,129.4581462923931,143.55112298900744
2023-07-17 19:00:00+00:00,124.31,109.21,180.07,137.88350238294512,149.49627719575906
2023-07-17 20:00:00+00:00,125.0,114.38,162.92,138.12256610510263,150.3810153938802
2023-07-17 21:00:00+00:00,110.44,110.0,133.7,129.16509796432467,141.3923845311124
2023-07-17 22:00:00+00:00,100.05,109.26,124.41,117.82754737726341,127.403059298118
2023-07-17 23:00:00+00:00,96.3,102.17,115.74,111.35922756475627,118.42193880015317
2023-07-18 00:00:00+00:00,87.79,95.19,105.29,106.15339230775601,110.790047599442
2023-07-18 01:00:00+00:00,86.92,88.1,100.68,104.6918477252711,105.4409189586981
2023-07-18 02:00:00+00:00,88.04,90.59,99.7,110.86525447708654,107.67457719133401
2023-07-18 03:00:00+00:00,96.35,97.23,112.74,123.01408679787544,115.42686167055524
2023-07-18 04:00:00+00:00,103.39,120.02,123.55,145.35277907222508,136.81888598484355
2023-07-18 05:00:00+00:00,114.25,129.66,125.39,154.65182082897016,148.44662308480335
2023-07-18 06:00:00+00:00,110.0,112.47,120.95,136.72767685195862,137.0340648532524
2023-07-18 07:00:00+00:00,93.22,94.14,105.1,109.4282778918906,120.25533518223416
2023-07-18 08:00:00+00:00,82.74,77.9,93.82,86.93783543539902,105.50165783792689
2023-07-18 09:00:00+00:00,78.81,45.07,81.09,61.728944331551844,80.42677557246067
2023-07-18 10:00:00+00:00,79.16,0.88,57.76,31.73182393027996,44.41845235588942
2023-07-18 11:00:00+00:00,81.18,0.63,46.39,29.51055545593097,39.03696079817586
2023-07-18 12:00:00+00:00,90.03,0.0,47.39,29.337418152663304,34.27540368996229
2023-07-18 13:00:00+00:00,89.94,7.18,66.65,39.54074608852214,40.169786776308534
2023-07-18 14:00:00+00:00,87.5,48.72,88.22,69.72257100111153,70.43248432152495
2023-07-18 15:00:00+00:00,96.78,75.51,95.41,93.9641012471161,90.06748124767621
2023-07-18 16:00:00+00:00,121.62,85.28,121.58,115.89362652283452,102.92486543653365
2023-07-18 17:00:00+00:00,168.26,106.52,172.01,147.39321419177955,129.3004392221624
2023-07-18 18:00:00+00:00,188.0,119.78,180.99,160.15207726878094,139.8949218656988
2023-07-18 19:00:00+00:00,163.8,124.31,135.0,155.790270167257,137.64654911161705
2023-07-18 20:00:00+00:00,139.26,125.0,119.95,148.9850030775529,135.31006173894764
2023-07-18 21:00:00+00:00,111.76,110.44,103.18,133.33133493317382,121.067682431452
2023-07-18 22:00:00+00:00,108.11,100.05,98.47,112.85139489603637,99.7929136900034
2023-07-18 23:00:00+00:00,101.0,96.3,91.0,107.97213562602974,94.87414436639371
2023-07-19 00:00:00+00:00,97.25,87.79,90.0,103.11289733118767,88.32994405106781
2023-07-19 01:00:00+00:00,96.85,86.92,82.09,103.289207773287,86.62690296868841
2023-07-19 02:00:00+00:00,98.08,88.04,83.58,107.59363194259572,88.82013872931437
2023-07-19 03:00:00+00:00,104.43,96.35,85.13,117.20204853657499,96.85091221014233
2023-07-19 04:00:00+00:00,126.44,103.39,102.05,130.56479262824905,110.36395677106553
2023-07-19 05:00:00+00:00,124.99,114.25,118.04,140.01861565671516,125.12891955534405
2023-07-19 06:00:00+00:00,117.81,110.0,120.0,129.86151482948068,122.14112059975812
2023-07-19 07:00:00+00:00,99.9,93.22,104.84,107.37607762731285,106.51637898318805
2023-07-19 08:00:00+00:00,88.48,82.74,86.36,89.51565740890844,95.24188338389231
2023-07-19 09:00:00+00:00,80.74,78.81,69.77,78.24389213067332,87.77608473235323
2023-07-19 10:00:00+00:00,76.83,79.16,15.87,62.56776240061623,75.23794186649107
2023-07-19 11:00:00+00:00,68.66,81.18,12.92,55.995640354310325,73.15268968665629
2023-07-19 12:00:00+00:00,62.47,90.03,19.33,55.35110732986854,76.26944784525011
2023-07-19 13:00:00+00:00,62.24,89.94,27.03,53.255540339374235,74.45830788843472
2023-07-19 14:00:00+00:00,71.55,87.5,53.97,59.083818869782064,77.87717170078407
2023-07-19 15:00:00+00:00,75.82,96.78,82.52,75.71878883210788,89.82381225018301
2023-07-19 16:00:00+00:00,94.32,121.62,99.36,102.35482539617249,110.58401783470906
2023-07-19 17:00:00+00:00,112.81,168.26,119.38,140.68464614818788,147.2150272297145
2023-07-19 18:00:00+00:00,128.58,188.0,146.26,160.85085571526295,165.26091660329053
2023-07-19 19:00:00+00:00,123.87,163.8,151.89,148.5384310657218,149.3947172090951
2023-07-19 20:00:00+00:00,113.79,139.26,126.41,128.80979124481087,128.46162456187236
2023-07-19 21:00:00+00:00,100.59,111.76,113.91,106.84984740302599,105.14492962778436
2023-07-19 22:00:00+00:00,98.13,108.11,105.09,104.61647362083379,96.86409846431422
2023-07-19 23:00:00+00:00,94.35,101.0,97.03,98.14057631961846,90.4383702289195
2023-07-20 00:00:00+00:00,83.29,97.25,95.04,93.11528014950723,86.36583778014294
2023-07-20 01:00:00+00:00,82.86,96.85,92.25,91.91443754332813,85.51124474679705
2023-07-20 02:00:00+00:00,86.09,98.08,92.1,94.36891447545791,87.07648983382609
2023-07-20 03:00:00+00:00,86.36,104.43,93.63,103.11771303342839,94.25320939700728
2023-07-20 04:00:00+00:00,99.51,126.44,107.39,124.52459363911967,116.33950942209225
2023-07-20 05:00:00+00:00,113.95,124.99,122.29,127.18303968353644,120.91138773300013
2023-07-20 06:00:00+00:00,111.45,117.81,119.1,113.42909109789676,115.18633169893519
2023-07-20 07:00:00+00:00,98.87,99.9,104.51,87.80495454870757,98.61789976406995
2023-07-20 08:00:00+00:00,86.72,88.48,91.17,69.37325019832143,87.95117457651715
2023-07-20 09:00:00+00:00,79.16,80.74,84.14,57.48991210054662,81.0851539498837
2023-07-20 10:00:00+00:00,77.62,76.83,77.3,48.811390115388875,76.06687563181448
2023-07-20 11:00:00+00:00,69.41,68.66,60.78,39.26507708545837,67.61178740608213
2023-07-20 12:00:00+00:00,69.97,62.47,50.02,34.67027153955625,62.017311750810556
2023-07-20 13:00:00+00:00,74.11,62.24,62.13,38.1120052146843,62.27003357906846
2023-07-20 14:00:00+00:00,76.51,71.55,76.3,50.58057504383167,69.75335240808636
2023-07-20 15:00:00+00:00,85.45,75.82,87.57,65.39292861972844,75.39762670554914
2023-07-20 16:00:00+00:00,102.54,94.32,93.7,91.61003506692354,92.10579737476003
2023-07-20 17:00:00+00:00,126.15,112.81,117.36,119.63691246604475,112.09659039002847
2023-07-20 18:00:00+00:00,143.55,128.58,130.86,136.1390985348724,125.04928752958824
2023-07-20 19:00:00+00:00,139.3,123.87,137.89,133.16653402149709,120.20785560748062
2023-07-20 20:00:00+00:00,121.46,113.79,129.67,121.83883532155849,109.16713580422764
2023-07-20 21:00:00+00:00,109.4,100.59,117.72,107.63870614270583,94.71179183358772
2023-07-20 22:00:00+00:00,102.07,98.13,101.0,104.92831225629935,93.48944032137452
2023-07-20 23:00:00+00:00,99.67,94.35,96.36,100.6794195336369,89.1611678849436
2023-07-21 00:00:00+00:00,96.31,83.29,92.91,93.20920041302577,80.2503474965264
2023-07-21 01:00:00+00:00,94.46,82.86,94.01,94.16882733363889,80.0253109461399
2023-07-21 02:00:00+00:00,96.76,86.09,93.35,98.99232113924577,83.01299731890802
2023-07-21 03:00:00+00:00,100.67,86.36,99.35,105.21218705738899,86.1752355913398
2023-07-21 04:00:00+00:00,122.13,99.51,114.0,122.32822398047125,103.23493140887432
2023-07-21 06:00:00+00:00,123.26,111.45,103.76,127.93135601876297,115.36264996686594
2023-07-21 07:00:00+00:00,103.09,98.87,85.07,111.56646092435508,102.59234122686384
2023-07-21 08:00:00+00:00,97.9,86.72,79.71,97.09266814158356,91.74393895664691
2023-07-21 09:00:00+00:00,92.93,79.16,76.54,86.99998770624339,84.39016897519114
2023-07-21 10:00:00+00:00,92.42,77.62,73.95,82.10569246714816,81.15056232821233
2023-07-21 11:00:00+00:00,84.49,69.41,69.99,73.19914544959151,72.45462451745861
2023-07-21 12:00:00+00:00,83.95,69.97,75.13,71.08959963379063,71.13622564435317
2023-07-21 13:00:00+00:00,83.92,74.11,80.05,72.2925573401554,72.79821445292791
2023-07-21 14:00:00+00:00,89.27,76.51,85.1,74.97032475621121,74.80240455899384
2023-07-21 15:00:00+00:00,96.46,85.45,97.46,86.45915230026587,83.55925706959455
2023-07-21 16:00:00+00:00,103.06,102.54,115.25,106.59911005752254,99.87440388013094
2023-07-21 17:00:00+00:00,124.9,126.15,140.19,129.41563821264015,120.67429666095708
2023-07-21 18:00:00+00:00,132.38,143.55,139.92,142.29436739126433,133.54511543425414
2023-07-21 19:00:00+00:00,124.99,139.3,123.92,135.50616308946275,127.958673410563
2023-07-21 20:00:00+00:00,109.97,121.46,95.25,116.52356140067276,110.92156637407932
2023-07-21 21:00:00+00:00,96.77,109.4,80.94,100.57931183894172,97.98808994765699
2023-07-21 22:00:00+00:00,97.27,102.07,72.28,88.65789836921978,89.71706549960899
2023-07-21 23:00:00+00:00,98.42,99.67,53.46,79.23435519028904,82.9575819529852
2023-07-22 00:00:00+00:00,93.0,96.31,29.15,70.04796825629835,74.18332242554622
2023-07-22 01:00:00+00:00,94.36,94.46,19.95,65.81048408004219,68.65199472791272
2023-07-22 02:00:00+00:00,89.93,96.76,16.98,66.42709176439737,66.85720355279095
2023-07-22 03:00:00+00:00,88.0,100.67,13.69,68.33003915006225,65.42459288869152
2023-07-22 04:00:00+00:00,88.8,122.13,19.9,79.84692851013538,78.52412771554116
2023-07-22 05:00:00+00:00,86.18,153.77,22.6,96.24397840806525,101.43837301011148
2023-07-22 06:00:00+00:00,82.93,123.26,29.95,72.807223394831,81.3672374480203
2023-07-22 07:00:00+00:00,72.01,103.09,17.41,49.58879923874109,64.99496005552922
2023-07-22 08:00:00+00:00,59.08,97.9,4.6,36.46154493966381,58.47568931775029
2023-07-22 09:00:00+00:00,46.56,92.93,0.0,28.214791253133654,53.2469082326196
2023-07-22 10:00:00+00:00,40.15,92.42,-0.02,26.069563991371695,52.57108047973503
2023-07-22 11:00:00+00:00,22.34,84.49,-0.13,20.541856312338126,46.26351691296472
2023-07-22 12:00:00+00:00,19.52,83.95,-1.03,21.380588892499446,46.344709727758065
2023-07-22 13:00:00+00:00,29.05,83.92,-0.1,25.290138562055304,47.63785518794761
2023-07-22 14:00:00+00:00,46.92,89.27,0.02,35.658806356638266,53.696288563412054
2023-07-22 15:00:00+00:00,70.67,96.46,15.54,53.35813234012312,64.55756276107653
2023-07-22 16:00:00+00:00,86.01,103.06,74.51,80.16524929013221,82.14536592957404
2023-07-22 17:00:00+00:00,99.92,124.9,84.18,106.31196685684829,102.87655342462551
2023-07-22 18:00:00+00:00,106.83,132.38,88.36,116.99532064660761,110.85762234520212
2023-07-22 19:00:00+00:00,118.75,124.99,83.63,112.60336741426097,105.94082902111096
2023-07-22 20:00:00+00:00,106.43,109.97,83.02,101.6405950278963,95.35497822906791
2023-07-22 21:00:00+00:00,98.49,96.77,71.82,86.89563940068224,83.15499759268778
2023-07-22 22:00:00+00:00,87.3,97.27,56.94,84.15077825896937,88.3300543655369
2023-07-22 23:00:00+00:00,79.27,98.42,19.7,72.90610070792262,81.87425728605517
2023-07-23 00:00:00+00:00,67.89,93.0,2.68,60.169171550301826,72.59961887215493
2023-07-23 01:00:00+00:00,33.22,94.36,0.07,55.594572724221145,69.99935273573668
2023-07-23 02:00:00+00:00,15.78,89.93,0.0,49.511195668275,63.942248853901624
2023-07-23 03:00:00+00:00,11.09,88.0,-0.42,45.56306736566244,59.49710781675094
2023-07-23 04:00:00+00:00,5.08,88.8,-2.07,41.50311469274358,57.61571184846105
2023-07-23 05:00:00+00:00,2.88,86.18,-1.1,36.08316861875991,56.707803472150694
2023-07-23 06:00:00+00:00,3.42,82.93,-2.09,27.337351185165772,52.384125830303596
2023-07-23 07:00:00+00:00,0.09,72.01,-9.92,13.742159384198487,43.97137084398393
2023-07-23 08:00:00+00:00,0.0,59.08,-19.34,-1.29512309988705,34.488771789413235
2023-07-23 09:00:00+00:00,-0.03,46.56,-24.8,-10.068005732106144,26.04529209483428
2023-07-23 10:00:00+00:00,-0.05,40.15,-38.39,-17.827035018772648,20.449386802369204
2023-07-23 11:00:00+00:00,-7.78,22.34,-50.09,-29.394100468798882,6.480051404267016
2023-07-23 12:00:00+00:00,-12.17,19.52,-60.04,-29.53911664403708,4.634858676321514
2023-07-23 13:00:00+00:00,-7.03,29.05,-48.31,-18.7685289764171,15.023894329219218
2023-07-23 14:00:00+00:00,-3.81,46.92,-26.57,0.4534272166051778,34.0990629498594
2023-07-23 15:00:00+00:00,0.0,70.67,-5.01,20.799410741826875,56.97721112377078
2023-07-23 16:00:00+00:00,28.93,86.01,30.61,43.0353586750814,76.54893538544249
2023-07-23 17:00:00+00:00,66.78,99.92,92.51,70.0533695644536,99.30103519234747
2023-07-23 18:00:00+00:00,87.24,106.83,100.76,83.21636752633611,108.28551669639577
2023-07-23 19:00:00+00:00,91.76,118.75,109.21,92.84191172022187,118.82339430417795
2023-07-23 20:00:00+00:00,99.66,106.43,114.38,87.24028162957036,112.07018555758242
2023-07-23 21:00:00+00:00,92.64,98.49,110.0,78.44679584315746,104.07829303431183
2023-07-23 22:00:00+00:00,77.14,87.3,109.26,76.64169599810397,105.2615022483193
2023-07-23 23:00:00+00:00,70.02,79.27,102.17,71.85956256689319,98.60057940418017
2023-07-24 00:00:00+00:00,68.99,67.89,95.19,65.22462505817768,89.4264463902857
2023-07-24 01:00:00+00:00,72.01,33.22,88.1,49.916993128778785,66.3863500872248
2023-07-24 02:00:00+00:00,72.09,15.78,90.59,48.11720546675795,56.815871947977406
2023-07-24 03:00:00+00:00,87.11,11.09,97.23,55.632121687445775,57.5925771658089
2023-07-24 04:00:00+00:00,102.59,5.08,120.02,66.57643313975566,62.472905136031635
2023-07-24 05:00:00+00:00,113.97,2.88,129.66,73.7385563584412,67.129890057625
2023-07-24 06:00:00+00:00,115.08,3.42,112.47,71.68228711288417,67.328959233872
2023-07-24 07:00:00+00:00,105.0,0.09,94.14,62.41257854966203,61.862941635023276
2023-07-24 08:00:00+00:00,99.94,0.0,77.9,55.64559632500141,58.40475717081441
2023-07-24 09:00:00+00:00,94.62,-0.03,45.07,48.68215369303526,53.96315902224672
2023-07-24 10:00:00+00:00,87.45,-0.05,0.88,39.086147938523325,47.416101383882555
2023-07-24 11:00:00+00:00,81.59,-7.78,0.63,27.99779438989222,39.3973953068244
2023-07-24 12:00:00+00:00,74.97,-12.17,0.0,19.755343386153598,34.691004907253316
2023-07-24 13:00:00+00:00,67.27,-7.03,7.18,21.303028068957943,38.94753278732117
2023-07-24 14:00:00+00:00,63.73,-3.81,48.72,29.710493189495224,47.51115700056676
2023-07-24 15:00:00+00:00,77.06,0.0,75.51,41.92331820124399,56.225658607698094
2023-07-24 16:00:00+00:00,97.68,28.93,85.28,68.15597901185541,79.04168971679144
2023-07-24 17:00:00+00:00,106.96,66.78,106.52,97.98237519090272,107.93080247215174
2023-07-24 18:00:00+00:00,118.46,87.24,119.78,113.6613271314652,122.7826969734786
2023-07-24 19:00:00+00:00,113.99,91.76,124.31,114.45696622308695,125.75639843304434
2023-07-24 20:00:00+00:00,102.97,99.66,125.0,114.05764252409782,128.9404513536403
2023-07-24 21:00:00+00:00,102.03,92.64,110.44,103.24806261796947,119.59769870019124
2023-07-24 22:00:00+00:00,96.0,77.14,100.05,83.73453183203716,95.63507096323858
2023-07-24 23:00:00+00:00,86.55,70.02,96.3,78.26041838336297,88.98008050741188
2023-07-25 00:00:00+00:00,84.95,68.99,87.79,76.45170967788995,85.95585974199142
2023-07-25 01:00:00+00:00,86.83,72.01,86.92,79.53248973812796,85.34608966838142
2023-07-25 02:00:00+00:00,88.07,72.09,88.04,84.68573346366992,85.29794069902667
2023-07-25 03:00:00+00:00,97.49,87.11,96.35,101.6196483220513,98.50197013342643
2023-07-25 04:00:00+00:00,114.05,102.59,103.39,121.60065732382925,114.87444649036829
2023-07-25 05:00:00+00:00,150.45,113.97,114.25,136.3524714346768,128.63203288850846
2023-07-25 06:00:00+00:00,151.9,115.08,110.0,134.34926319857658,129.88459570507456
2023-07-25 07:00:00+00:00,113.74,105.0,93.22,120.13736691695823,119.28111826237179
2023-07-25 08:00:00+00:00,102.65,99.94,82.74,109.83166109641296,112.87650779998629
2023-07-25 09:00:00+00:00,100.92,94.62,78.81,102.28136931679009,107.99106230969642
2023-07-25 10:00:00+00:00,98.27,87.45,79.16,93.34484030658145,101.63012206845352
2023-07-25 11:00:00+00:00,90.12,81.59,81.18,84.047770385499,94.78698263684808
2023-07-25 12:00:00+00:00,87.58,74.97,90.03,76.34599985429602,87.76358797271914
2023-07-25 13:00:00+00:00,88.88,67.27,89.94,69.13045758460011,80.07478563292463
2023-07-25 14:00:00+00:00,90.12,63.73,87.5,66.03088267030425,75.58005386574652
2023-07-25 15:00:00+00:00,92.71,77.06,96.78,75.63919991643849,84.62258380564658
2023-07-25 16:00:00+00:00,112.01,97.68,121.62,95.90140573810976,103.75681838221703
2023-07-25 17:00:00+00:00,122.98,106.96,168.26,113.0089263071161,118.66598585344133
2023-07-25 18:00:00+00:00,119.04,118.46,188.0,125.3773510822553,129.79520498783378
2023-07-25 19:00:00+00:00,116.55,113.99,163.8,118.42066871656203,123.23129387644751
2023-07-25 20:00:00+00:00,109.35,102.97,139.26,105.13903879322778,111.98636629334305
2023-07-25 21:00:00+00:00,98.5,102.03,111.76,95.29628769023633,105.06545207021234
2023-07-25 22:00:00+00:00,97.96,96.0,108.11,77.02036003997031,86.97313115637142
2023-07-25 23:00:00+00:00,89.31,86.55,101.0,68.10554647923782,77.97289707784395
2023-07-26 00:00:00+00:00,86.26,84.95,97.25,65.80975712482389,75.95789588828312
2023-07-26 01:00:00+00:00,79.65,86.83,96.85,68.62718198730373,77.57316071103192
2023-07-26 02:00:00+00:00,79.64,88.07,98.08,74.01758155476598,79.82876998965283
2023-07-26 03:00:00+00:00,86.83,97.49,104.43,87.67591375987375,90.54380068790518
2023-07-26 04:00:00+00:00,101.77,114.05,126.44,108.57243855849175,110.09784323921406
2023-07-26 05:00:00+00:00,114.9,150.45,124.99,135.52400765525582,140.4450056928158
2023-07-26 06:00:00+00:00,120.75,151.9,117.81,133.16697483156952,142.90875088341116
2023-07-26 07:00:00+00:00,103.85,113.74,99.9,101.75146411981186,114.00355523683282
2023-07-26 08:00:00+00:00,95.68,102.65,88.48,85.8335850497972,103.96049404880509
2023-07-26 09:00:00+00:00,89.52,100.92,80.74,77.42494569777608,100.38652180579902
2023-07-26 10:00:00+00:00,86.04,98.27,76.83,70.08408523624546,96.15823686665873
2023-07-26 11:00:00+00:00,78.63,90.12,68.66,60.32216691891661,87.49869676739672
2023-07-26 12:00:00+00:00,74.67,87.58,62.47,54.389654291495546,82.37543702451791
2023-07-26 13:00:00+00:00,69.43,88.88,62.24,53.72082983146859,80.91157276880251
2023-07-26 14:00:00+00:00,80.82,90.12,71.55,56.4624228960424,80.96045019979042
2023-07-26 15:00:00+00:00,88.97,92.71,75.82,65.85398147418844,85.043660428166
2023-07-26 16:00:00+00:00,100.06,112.01,94.32,89.73595401491684,102.78707452931353
2023-07-26 17:00:00+00:00,115.22,122.98,112.81,109.40812967912781,113.67611478849537
2023-07-26 18:00:00+00:00,120.58,119.04,128.58,114.56945497683587,112.38090042619916
2023-07-26 19:00:00+00:00,118.04,116.55,123.87,111.00861510631425,109.112279602214
2023-07-26 20:00:00+00:00,110.23,109.35,113.79,100.21168800247875,101.06864244675307
2023-07-26 21:00:00+00:00,97.06,98.5,100.59,86.16194498739867,89.82299047251234
2023-07-26 22:00:00+00:00,98.36,97.96,98.13,77.14754247810757,83.35483965662478
2023-07-26 23:00:00+00:00,82.69,89.31,94.35,67.01876041733765,75.21146542181054
2023-07-27 00:00:00+00:00,76.0,86.26,83.29,61.36428145907753,71.30477259725495
2023-07-27 01:00:00+00:00,71.06,79.65,82.86,58.67039805206382,67.18281468168362
2023-07-27 02:00:00+00:00,72.0,79.64,86.09,63.0939748185927,68.96913215128923
2023-07-27 03:00:00+00:00,80.48,86.83,86.36,74.04921708950216,77.16391296147727
2023-07-27 04:00:00+00:00,96.9,101.77,99.51,91.77056793285311,94.46086828158283
2023-07-27 05:00:00+00:00,103.58,114.9,113.95,105.96266689691636,111.15051207489678
2023-07-27 06:00:00+00:00,104.3,120.75,111.45,108.80358857295761,115.66886353506216
2023-07-27 07:00:00+00:00,99.12,103.85,98.87,92.87881917940454,99.21875607169345
2023-07-27 08:00:00+00:00,96.8,95.68,86.72,83.7011414195508,91.32657296165124
2023-07-27 09:00:00+00:00,90.9,89.52,79.16,77.7581159192535,85.70943993097694
2023-07-27 10:00:00+00:00,86.45,86.04,77.62,73.25008273297878,81.68655489272977
2023-07-27 11:00:00+00:00,80.01,78.63,69.41,65.03399020010323,72.80962899504526
2023-07-27 12:00:00+00:00,78.33,74.67,69.97,60.455004817561516,67.69813160427827
2023-07-27 13:00:00+00:00,81.35,69.43,74.11,58.84895287383546,64.04458103526852
2023-07-27 14:00:00+00:00,93.89,80.82,76.51,66.99276095630162,71.69511410754068
2023-07-27 15:00:00+00:00,107.26,88.97,85.45,75.9717834948227,79.2082300994662
2023-07-27 16:00:00+00:00,114.91,100.06,102.54,88.14251404046807,91.48189888984359
2023-07-27 17:00:00+00:00,116.95,115.22,126.15,100.73335370762966,106.17101378370626
2023-07-27 18:00:00+00:00,109.97,120.58,143.55,103.84089046962775,111.0611699528444
2023-07-27 19:00:00+00:00,108.12,118.04,139.3,98.64321731546568,108.10628810577656
2023-07-27 20:00:00+00:00,105.56,110.23,121.46,87.91755230131423,98.95047613106641
2023-07-27 21:00:00+00:00,98.88,97.06,109.4,74.14948676042769,85.76728373658929
2023-07-27 22:00:00+00:00,88.63,98.36,102.07,77.24134953986923,88.90176674508793
2023-07-27 23:00:00+00:00,79.59,82.69,99.67,66.3237169312538,76.62377192057849
2023-07-28 00:00:00+00:00,78.13,76.0,96.31,62.10310735682339,71.29562986794686
2023-07-28 01:00:00+00:00,79.2,71.06,94.46,61.00364912583572,67.58269709142306
2023-07-28 02:00:00+00:00,80.02,72.0,96.76,66.37731417097783,69.94389804225565
2023-07-28 03:00:00+00:00,89.53,80.48,100.67,77.92561910550107,78.86558565325781
2023-07-28 04:00:00+00:00,100.09,96.9,122.13,97.49589134492467,97.49833618107385
2023-07-28 05:00:00+00:00,111.12,103.58,153.77,110.99218207936823,110.75173608681611
2023-07-28 06:00:00+00:00,112.99,104.3,123.26,107.03754263561794,108.81163314347813
2023-07-28 07:00:00+00:00,107.87,99.12,103.09,96.7058223996317,101.15152412255377
2023-07-28 08:00:00+00:00,99.54,96.8,97.9,88.97704238492315,97.58210693445379
2023-07-28 09:00:00+00:00,93.0,90.9,92.93,79.23044379783121,91.73688724171838
2023-07-28 10:00:00+00:00,85.9,86.45,92.42,71.04830204444066,86.66108459850308
2023-07-28 11:00:00+00:00,80.0,80.01,84.49,62.956010468144754,78.98123532301373
2023-07-28 12:00:00+00:00,75.65,78.33,83.95,59.84410652692635,75.20908283886686
2023-07-28 13:00:00+00:00,76.1,81.35,83.92,62.97691407107885,75.37627023057729
2023-07-28 14:00:00+00:00,80.0,93.89,89.27,75.15931479677303,84.64260560067859
2023-07-28 15:00:00+00:00,94.27,107.26,96.46,91.22795430956438,95.4711127056929
2023-07-28 16:00:00+00:00,103.59,114.91,103.06,106.3925825571612,103.55787042539475
2023-07-28 17:00:00+00:00,122.44,116.95,124.9,117.6821517276625,108.97383002560908
2023-07-28 18:00:00+00:00,130.0,109.97,132.38,116.9436499008281,104.93775996601275
2023-07-28 19:00:00+00:00,121.78,108.12,124.99,111.9568343990145,102.10067082486587
2023-07-28 20:00:00+00:00,111.09,105.56,109.97,102.54863226030652,96.47107188205035
2023-07-28 21:00:00+00:00,101.53,98.88,96.77,90.86693854698485,87.40089826386574
2023-07-28 22:00:00+00:00,103.09,88.63,97.27,85.25694167233586,79.60737661086594
2023-07-28 23:00:00+00:00,94.48,79.59,98.42,75.5861065227068,70.06070865580342
2023-07-29 00:00:00+00:00,91.17,78.13,93.0,69.74176631572122,64.84981013770076
2023-07-29 01:00:00+00:00,85.66,79.2,94.36,67.50638191103528,62.06994443463418
2023-07-29 02:00:00+00:00,88.97,80.02,89.93,65.5331013408792,58.7429542573488
2023-07-29 03:00:00+00:00,87.03,89.53,88.0,68.97046887276896,61.84787053594964
2023-07-29 04:00:00+00:00,85.7,100.09,88.8,73.430512659133,67.56893142237769
2023-07-29 05:00:00+00:00,87.91,111.12,86.18,77.1139516449904,74.21923647012746
2023-07-29 06:00:00+00:00,85.79,112.99,82.93,74.93027650006643,75.04278662682361
2023-07-29 07:00:00+00:00,81.71,107.87,72.01,65.57989941132865,69.8076693297422
2023-07-29 08:00:00+00:00,75.5,99.54,59.08,53.91521878845759,62.72340568020084
2023-07-29 09:00:00+00:00,63.75,93.0,46.56,41.595115567315815,55.394697927796955
2023-07-29 10:00:00+00:00,58.66,85.9,40.15,31.588439634559506,49.2123058335329
2023-07-29 11:00:00+00:00,40.48,80.0,22.34,22.984811650786497,43.06986078840117
2023-07-29 12:00:00+00:00,18.2,75.65,19.52,19.386363275404676,40.519805089810085
2023-07-29 13:00:00+00:00,19.67,76.1,29.05,23.045047373027998,43.649046777065635
2023-07-29 14:00:00+00:00,49.18,80.0,46.92,33.12728303160321,51.88580405765951
2023-07-29 15:00:00+00:00,58.66,94.27,70.67,53.25681239924522,68.8210201104738
2023-07-29 16:00:00+00:00,79.54,103.59,86.01,72.7137501573107,81.36194861605169
2023-07-29 17:00:00+00:00,92.28,122.44,99.92,95.10546993380295,98.55599875080917
2023-07-29 18:00:00+00:00,99.93,130.0,106.83,105.882671720664,105.7892172055551
2023-07-29 19:00:00+00:00,100.74,121.78,118.75,102.93602844107947,103.50121861998709
2023-07-29 20:00:00+00:00,99.93,111.09,106.43,91.32244682355088,95.13801486236707
2023-07-29 21:00:00+00:00,92.18,101.53,98.49,78.24096515062251,85.67294718009896
2023-07-29 22:00:00+00:00,84.5,103.09,87.3,83.7508018418161,90.99095398264339
2023-07-29 23:00:00+00:00,74.9,94.48,79.27,73.12178752555543,81.04087032085448
2023-07-30 00:00:00+00:00,67.81,91.17,67.89,65.29971298548605,74.23616840848157
2023-07-30 01:00:00+00:00,57.79,85.66,33.22,55.84326031621201,63.49817846407919
2023-07-30 02:00:00+00:00,51.6,88.97,15.78,54.184171390722234,60.75708230511014
2023-07-30 03:00:00+00:00,51.7,87.03,11.09,52.42309708234087,56.47210114278176
2023-07-30 04:00:00+00:00,47.34,85.7,5.08,49.33095510412069,52.150162262121206
2023-07-30 05:00:00+00:00,37.0,87.91,2.88,50.19018011494989,53.61299285090773
2023-07-30 06:00:00+00:00,29.82,85.79,3.42,43.75389048765149,52.509599314084454
2023-07-30 07:00:00+00:00,8.48,81.71,0.09,32.084806416498466,50.95450051859091
2023-07-30 08:00:00+00:00,-0.01,75.5,0.0,20.721127091632198,46.962076999138375
2023-07-30 09:00:00+00:00,-0.26,63.75,-0.03,7.780250399717062,39.75165149690602
2023-07-30 10:00:00+00:00,-16.69,58.66,-0.05,-0.6921589079707644,35.72684471193763
2023-07-30 11:00:00+00:00,-44.93,40.48,-7.78,-15.360597382897254,21.87665624063372
2023-07-30 12:00:00+00:00,-46.61,18.2,-12.17,-28.082132302102025,7.376743699862743
2023-07-30 13:00:00+00:00,-40.02,19.67,-7.03,-23.624951349521126,11.305772571638286
2023-07-30 14:00:00+00:00,-19.94,49.18,-3.81,-2.7511940840405487,34.62873251974047
2023-07-30 15:00:00+00:00,-1.0,58.66,0.0,11.745772045239491,47.11047829179498
2023-07-30 16:00:00+00:00,16.22,79.54,28.93,35.73088072227141,68.6320993530915
2023-07-30 17:00:00+00:00,74.37,92.28,66.78,64.17718525604815,86.39683495717233
2023-07-30 18:00:00+00:00,84.47,99.93,87.24,80.19237041471062,96.78947380861479
2023-07-30 19:00:00+00:00,88.46,100.74,91.76,82.87825083431335,99.65564581703543
2023-07-30 20:00:00+00:00,87.06,99.93,99.66,80.75399469886896,100.89577894190506
2023-07-30 21:00:00+00:00,70.05,92.18,92.64,67.98100016159663,92.29848711428716
2023-07-30 22:00:00+00:00,61.03,84.5,77.14,65.74565491213514,93.72053930685607
2023-07-30 23:00:00+00:00,50.51,74.9,70.02,57.0039434710133,85.1398132272848
2023-07-31 00:00:00+00:00,44.09,67.81,68.99,51.543699284534114,79.8208070790716
2023-07-31 01:00:00+00:00,30.3,57.79,72.01,47.30563390189434,73.45494805110522
2023-07-31 02:00:00+00:00,28.91,51.6,72.09,48.80121874542233,71.43930744491904
2023-07-31 03:00:00+00:00,50.31,51.7,87.11,57.85154346852369,76.30192368190762
2023-07-31 04:00:00+00:00,78.18,47.34,102.59,68.11239341157759,81.4296812273021
2023-07-31 05:00:00+00:00,86.58,37.0,113.97,70.35898953735591,80.64290226640573
2023-07-31 06:00:00+00:00,88.16,29.82,115.08,66.99736108991037,78.52020873728993
2023-07-31 07:00:00+00:00,86.0,8.48,105.0,49.867111601045565,63.93072045944623
2023-07-31 08:00:00+00:00,74.16,-0.01,99.94,38.13912717088897,57.44558520186319
2023-07-31 09:00:00+00:00,67.49,-0.26,94.62,32.193118127952474,55.94091033363772
2023-07-31 10:00:00+00:00,65.18,-16.69,87.45,19.2493552989623,43.40289137801101
2023-07-31 11:00:00+00:00,59.65,-44.93,81.59,0.8128568666882785,22.16781944238737
2023-07-31 12:00:00+00:00,59.14,-46.61,74.97,-2.752371847019674,17.96851782572388
2023-07-31 13:00:00+00:00,59.94,-40.02,67.27,1.6152402492101743,21.462096204155998
2023-07-31 14:00:00+00:00,67.66,-19.94,63.73,16.728305737939266,36.42689789926693
2023-07-31 15:00:00+00:00,75.97,-1.0,77.06,36.51055837836532,52.82311927434469
2023-07-31 16:00:00+00:00,89.68,16.22,97.68,56.38711070397312,69.26868904391065
2023-07-31 17:00:00+00:00,98.21,74.37,106.96,93.4564002561845,110.72933875196631
2023-07-31 18:00:00+00:00,99.97,84.47,118.46,99.72406446132312,118.030807532215
2023-07-31 19:00:00+00:00,99.25,88.46,113.99,98.35959315199034,119.30250956477582
2023-07-31 20:00:00+00:00,95.26,87.06,102.97,93.06346775941164,115.79082681591852
2023-07-31 21:00:00+00:00,87.63,70.05,102.03,78.80079602945929,101.31339772027495
2023-07-31 22:00:00+00:00,68.01,61.03,96.0,55.736177546375465,82.12245808455815
2023-07-31 23:00:00+00:00,58.86,50.51,86.55,46.09627974671412,72.32490601654827
2023-08-01 00:00:00+00:00,57.86,44.09,84.95,40.51061963477266,66.50633140723835
2023-08-01 01:00:00+00:00,56.94,30.3,86.83,34.851613051705144,57.26415809028945
2023-08-01 02:00:00+00:00,57.9,28.91,88.07,37.21394563758957,56.79274211545097
2023-08-01 03:00:00+00:00,63.4,50.31,97.49,56.39914057267695,75.10190305764561
2023-08-01 04:00:00+00:00,91.8,78.18,114.05,82.49784732154535,100.36475414303192
2023-08-01 05:00:00+00:00,94.44,86.58,150.45,100.23392308098457,114.87128441002912
2023-08-01 06:00:00+00:00,99.0,88.16,151.9,105.29820307601197,118.08906307739049
2023-08-01 07:00:00+00:00,92.19,86.0,113.74,97.44703885397173,110.49725540947642
2023-08-01 08:00:00+00:00,92.72,74.16,102.65,84.18914739732672,98.98995413311837
2023-08-01 09:00:00+00:00,87.27,67.49,100.92,74.80007447749686,92.80179487568363
2023-08-01 10:00:00+00:00,79.22,65.18,98.27,65.52511421374234,87.52667589110754
2023-08-01 11:00:00+00:00,69.92,59.65,90.12,51.9846869485466,77.68562706010451
2023-08-01 12:00:00+00:00,60.12,59.14,87.58,42.686037526762796,73.40586808312139
2023-08-01 13:00:00+00:00,57.27,59.94,88.88,37.06700817330924,71.1259693374721
2023-08-01 14:00:00+00:00,56.96,67.66,90.12,38.823201117518146,75.14497146812062
2023-08-01 15:00:00+00:00,68.5,75.97,92.71,48.153211669022205,82.10187540849472
2023-08-01 16:00:00+00:00,81.74,89.68,112.01,67.81898460242056,95.12183915491329
2023-08-01 17:00:00+00:00,96.05,98.21,122.98,87.49384451795811,107.0913881105377
2023-08-01 18:00:00+00:00,108.83,99.97,119.04,92.22243938700697,107.1906095455695
2023-08-01 19:00:00+00:00,111.94,99.25,116.55,90.20212951322652,106.1646680312136
2023-08-01 20:00:00+00:00,102.55,95.26,109.35,82.56332365805838,101.16729175610847
2023-08-01 21:00:00+00:00,92.78,87.63,98.5,70.53044907870955,91.18517937368469
2023-08-01 22:00:00+00:00,89.38,68.01,97.96,48.35635781932607,67.6674593140234
2023-08-01 23:00:00+00:00,77.54,58.86,89.31,40.82667258379585,58.962192063476785
2023-08-02 00:00:00+00:00,69.62,57.86,86.26,39.40646521379511,56.52156479286122
2023-08-02 01:00:00+00:00,67.07,56.94,79.65,39.39407585214128,53.51961430345296
2023-08-02 02:00:00+00:00,70.23,57.9,79.64,43.891845314447856,54.25540120106401
2023-08-02 03:00:00+00:00,87.16,63.4,86.83,56.77899956837093,62.9460747759612
2023-08-02 04:00:00+00:00,103.61,91.8,101.77,83.73971638817059,90.1378900938707
2023-08-02 05:00:00+00:00,111.96,94.44,114.9,90.44902691895498,96.59742018235815
2023-08-02 06:00:00+00:00,98.37,99.0,120.75,91.3581692164141,101.21757496446341
2023-08-02 07:00:00+00:00,89.38,92.19,103.85,79.1420003782023,93.55356171891786
2023-08-02 08:00:00+00:00,79.07,92.72,95.68,73.83853918587562,92.68994036896478
2023-08-02 09:00:00+00:00,64.5,87.27,89.52,65.74583768559536,87.61420602777072
2023-08-02 10:00:00+00:00,52.02,79.22,86.04,55.686615654479496,80.77723172668797
2023-08-02 11:00:00+00:00,33.08,69.92,78.63,42.97525543699792,71.6026188168332
2023-08-02 12:00:00+00:00,24.88,60.12,74.67,32.15663040337034,62.66299209284313
2023-08-02 13:00:00+00:00,21.24,57.27,69.43,27.76908247022115,58.62119361404867
2023-08-02 14:00:00+00:00,29.15,56.96,80.82,30.376829436971036,59.539990818932985
2023-08-02 15:00:00+00:00,52.56,68.5,88.97,41.416286615967216,69.42020476739793
2023-08-02 16:00:00+00:00,69.26,81.74,100.06,55.247610929406186,81.98885504008783
2023-08-02 17:00:00+00:00,83.92,96.05,115.22,69.38762138607885,95.0113560024151
2023-08-02 18:00:00+00:00,81.87,108.83,120.58,76.4274709743659,103.6755359991422
2023-08-02 19:00:00+00:00,78.77,111.94,118.04,74.72730035084078,105.16578012270375
2023-08-02 20:00:00+00:00,65.7,102.55,110.23,62.17152575707261,95.74065409533962
2023-08-02 21:00:00+00:00,38.57,92.78,97.06,47.893448292298,85.05384888626082
2023-08-02 22:00:00+00:00,19.97,89.38,98.36,34.04256644928964,74.94525629956287
2023-08-02 23:00:00+00:00,9.51,77.54,82.69,22.69729973164533,63.54071127067659
2023-08-03 00:00:00+00:00,3.44,69.62,76.0,16.654259358601962,56.873092594368096
2023-08-03 01:00:00+00:00,5.61,67.07,71.06,16.050451297010426,54.95051944807144
2023-08-03 02:00:00+00:00,7.2,70.23,72.0,21.26427737275,58.479578753135264
2023-08-03 03:00:00+00:00,24.8,87.16,80.48,37.33733667659026,73.87268056756305
2023-08-03 04:00:00+00:00,47.38,103.61,96.9,55.64428997999492,93.163044132137
2023-08-03 05:00:00+00:00,63.0,111.96,103.58,62.96139455059514,103.7150710217347
2023-08-03 06:00:00+00:00,70.0,98.37,104.3,51.0006656839143,96.65113029277188
2023-08-03 07:00:00+00:00,58.9,89.38,99.12,36.965352801702075,89.08583360878924
2023-08-03 08:00:00+00:00,45.45,79.07,96.8,25.242584194087684,81.96562184611204
2023-08-03 09:00:00+00:00,34.52,64.5,90.9,12.47267421474973,70.8875737593695
2023-08-03 10:00:00+00:00,27.01,52.02,86.45,1.2219116481959986,60.2356822731439
2023-08-03 11:00:00+00:00,21.25,33.08,80.01,-13.160417690270165,44.99001398620124
2023-08-03 12:00:00+00:00,17.43,24.88,78.33,-20.029988151211313,37.40882108300783
2023-08-03 13:00:00+00:00,17.7,21.24,81.35,-19.61938456287757,34.66841233113006
2023-08-03 14:00:00+00:00,21.94,29.15,93.89,-10.944902541249547,39.426692449572876
2023-08-03 15:00:00+00:00,45.01,52.56,107.26,12.498686169759083,57.78645126592837
2023-08-03 16:00:00+00:00,79.78,69.26,114.91,35.965129292939906,71.93932963312037
2023-08-03 17:00:00+00:00,95.26,83.92,116.95,57.06115658469701,84.25138555691292
2023-08-03 18:00:00+00:00,96.6,81.87,109.97,60.17116747359069,81.74574996623592
2023-08-03 19:00:00+00:00,96.81,78.77,108.12,58.194926281612744,78.76556153294698
2023-08-03 20:00:00+00:00,94.38,65.7,105.56,48.65184911603131,67.85126919277175
2023-08-03 21:00:00+00:00,87.0,38.57,98.88,30.262030719372248,46.260066414831435
2023-08-03 22:00:00+00:00,90.14,19.97,88.63,28.261023634106778,37.694380789294165
2023-08-03 23:00:00+00:00,83.85,9.51,79.59,23.129143925182902,28.771026303836393
2023-08-04 00:00:00+00:00,80.92,3.44,78.13,22.197280059535444,24.34503944442025
2023-08-04 01:00:00+00:00,79.25,5.61,79.2,27.969671459998693,26.509837297075748
2023-08-04 02:00:00+00:00,82.77,7.2,80.02,35.852800317153196,29.624718447531166
2023-08-04 03:00:00+00:00,88.18,24.8,89.53,55.282524287105076,46.452891725231176
2023-08-04 04:00:00+00:00,108.68,47.38,100.09,78.7178073998216,68.42055130563065
2023-08-04 05:00:00+00:00,123.76,63.0,111.12,91.52121927473,82.89006549195949
2023-08-04 06:00:00+00:00,120.67,70.0,112.99,91.53421798561938,87.54601008493854
2023-08-04 07:00:00+00:00,105.07,58.9,107.87,78.65877814991956,78.4809844659213
2023-08-04 08:00:00+00:00,95.16,45.45,99.54,63.216103508887734,66.67421431546109
2023-08-04 09:00:00+00:00,90.68,34.52,93.0,50.770420981299075,56.85991978807477
2023-08-04 10:00:00+00:00,86.92,27.01,85.9,41.48150289101226,49.07497728463084
2023-08-04 11:00:00+00:00,80.81,21.25,80.0,33.220195009274775,41.01990865363698
2023-08-04 12:00:00+00:00,77.84,17.43,75.65,28.51054724668667,35.64559057475647
2023-08-04 13:00:00+00:00,77.08,17.7,76.1,29.285671589182854,34.64480083086323
2023-08-04 14:00:00+00:00,82.89,21.94,80.0,34.66292106954015,37.34461574739945
2023-08-04 15:00:00+00:00,95.04,45.01,94.27,55.21416814725218,56.19456756289808
2023-08-04 16:00:00+00:00,103.46,79.78,103.59,83.533920280551,82.33089324777677
2023-08-04 17:00:00+00:00,134.86,95.26,122.44,101.69100824077535,96.12151923395592
2023-08-04 18:00:00+00:00,139.8,96.6,130.0,106.77065073658538,97.77581346635554
2023-08-04 19:00:00+00:00,128.95,96.81,121.78,105.40743562440281,97.42494297748526
2023-08-04 20:00:00+00:00,111.0,94.38,111.09,97.6453285233713,92.03442374108302
2023-08-04 21:00:00+00:00,98.49,87.0,101.53,86.83115928766797,81.96651808026265
2023-08-04 22:00:00+00:00,101.55,90.14,103.09,88.58041333538813,81.6572341855115
2023-08-04 23:00:00+00:00,94.9,83.85,94.48,79.4252712720421,72.29071204264226
2023-08-05 00:00:00+00:00,92.58,80.92,91.17,74.42217885478314,66.19063560285497
2023-08-05 01:00:00+00:00,90.3,79.25,85.66,71.18004687561826,60.63455935901549
2023-08-05 02:00:00+00:00,90.24,82.77,88.97,73.20828452243501,59.82784493021505
2023-08-05 03:00:00+00:00,90.54,88.18,87.03,76.63567762280987,60.63172726038802
2023-08-05 04:00:00+00:00,94.7,108.68,85.7,88.33569307852173,72.6562348182786
2023-08-05 05:00:00+00:00,93.03,123.76,87.91,96.14560374146821,83.11491446533316
2023-08-05 06:00:00+00:00,93.19,120.67,85.79,91.82462431595258,81.72588914837905
2023-08-05 07:00:00+00:00,89.0,105.07,81.71,77.8129131515172,69.8592583399754
2023-08-05 08:00:00+00:00,80.1,95.16,75.5,65.66530981143819,60.602839299396976
2023-08-05 09:00:00+00:00,75.18,90.68,63.75,55.85954051330063,54.016580646370855
2023-08-05 10:00:00+00:00,65.01,86.92,58.66,48.27956906739217,49.06729751541692
2023-08-05 11:00:00+00:00,58.91,80.81,40.48,38.877013697518976,40.64631296339195
2023-08-05 12:00:00+00:00,58.04,77.84,18.2,34.66353479517525,35.41182305616276
2023-08-05 13:00:00+00:00,65.85,77.08,19.67,37.15382985114904,35.21091477898469
2023-08-05 14:00:00+00:00,79.73,82.89,49.18,48.32099818672746,43.30372331668397
2023-08-05 15:00:00+00:00,99.16,95.04,58.66,65.49307971901963,56.965127683994986
2023-08-05 16:00:00+00:00,107.62,103.46,79.54,83.69523570307362,71.81205357886586
2023-08-05 17:00:00+00:00,123.1,134.86,92.28,109.65757680733482,99.27926017592044
2023-08-05 18:00:00+00:00,128.99,139.8,99.93,115.45610390164413,106.47947866750287
2023-08-05 19:00:00+00:00,109.23,128.95,100.74,107.6576105972699,101.770737063522
2023-08-05 20:00:00+00:00,99.08,111.0,99.93,92.85131427557285,89.93645996746443
2023-08-05 21:00:00+00:00,87.34,98.49,92.18,78.49026078944482,78.2155721314368
2023-08-05 22:00:00+00:00,89.1,101.55,84.5,82.29696627421058,85.84725313173057
2023-08-05 23:00:00+00:00,88.09,94.9,74.9,74.90844116499586,77.682866192149
2023-08-06 00:00:00+00:00,79.07,92.58,67.81,70.19595907216522,72.28501065711237
2023-08-06 01:00:00+00:00,79.08,90.3,57.79,66.58802754365792,66.26716406258296
2023-08-06 02:00:00+00:00,75.06,90.24,51.6,66.02932872021177,62.51713430955984
2023-08-06 03:00:00+00:00,84.0,90.54,51.7,65.68678649101042,58.92490878398459
2023-08-06 04:00:00+00:00,75.1,94.7,47.34,67.67836965895864,58.97680870077372
2023-08-06 05:00:00+00:00,68.61,93.03,37.0,65.69938068336535,55.97496989347301
2023-08-06 06:00:00+00:00,67.46,93.19,29.82,64.1347763645871,55.204053087766766
2023-08-06 07:00:00+00:00,61.11,89.0,8.48,58.27806999289435,50.25384440134253
2023-08-06 08:00:00+00:00,49.09,80.1,-0.01,50.53665207761811,43.423293955285196
2023-08-06 09:00:00+00:00,43.85,75.18,-0.26,46.830527514488026,40.46420185537981
2023-08-06 10:00:00+00:00,33.92,65.01,-16.69,39.0364374440217,32.50228489290498
2023-08-06 11:00:00+00:00,12.07,58.91,-44.93,29.122188122566413,23.96476726878751
2023-08-06 12:00:00+00:00,11.96,58.04,-46.61,26.426796731482042,23.246487480100626
2023-08-06 13:00:00+00:00,9.09,65.85,-40.02,32.05663270194255,31.290047802375838
2023-08-06 14:00:00+00:00,12.1,79.73,-19.94,44.14689259805023,46.16472532898091
2023-08-06 15:00:00+00:00,35.17,99.16,-1.0,62.881594188060824,67.32295554324999
2023-08-06 16:00:00+00:00,62.03,107.62,16.22,72.2855375623952,78.63200203753254
2023-08-06 17:00:00+00:00,72.61,123.1,74.37,89.92977760773402,101.24185905417073
2023-08-06 18:00:00+00:00,76.85,128.99,84.47,93.03893212686987,109.004235119462
2023-08-06 19:00:00+00:00,77.15,109.23,88.46,79.33349311395854,97.98580560419055
2023-08-06 20:00:00+00:00,71.86,99.08,87.06,68.39884487405911,91.34312597667929
2023-08-06 21:00:00+00:00,55.4,87.34,70.05,51.93815357534013,79.39905029434104
2023-08-06 22:00:00+00:00,54.4,89.1,61.03,53.90171612239889,88.99761051619642
2023-08-06 23:00:00+00:00,47.57,88.09,50.51,47.12047600137222,85.92005164635835
2023-08-07 00:00:00+00:00,30.83,79.07,44.09,37.575004001454325,78.37642224328434
2023-08-07 01:00:00+00:00,7.01,79.08,30.3,34.64437959840282,77.19416524376561
2023-08-07 02:00:00+00:00,3.55,75.06,28.91,33.66292483614919,75.83346518302898
2023-08-07 03:00:00+00:00,0.03,84.0,50.31,46.66707034238133,87.84537507400086
2023-08-07 04:00:00+00:00,66.32,75.1,78.18,52.85403157530902,90.83910109092555
2023-08-07 05:00:00+00:00,73.38,68.61,86.58,54.584726371774195,91.6110971489307
2023-08-07 06:00:00+00:00,65.14,67.46,88.16,52.09250792529847,92.71463488586639
2023-08-07 07:00:00+00:00,44.94,61.11,86.0,41.310898818216764,87.57193273869008
2023-08-07 08:00:00+00:00,4.37,49.09,74.16,28.00535318688479,78.39161308020282
2023-08-07 09:00:00+00:00,1.0,43.85,67.49,20.05080256923958,74.12529755551199
2023-08-07 10:00:00+00:00,-0.01,33.92,65.18,13.105917816548981,66.29072864381601
2023-08-07 11:00:00+00:00,-0.81,12.07,59.65,-3.3321948141878863,49.936958077799396
2023-08-07 12:00:00+00:00,-4.31,11.96,59.14,-8.429086344620032,48.91425772229072
2023-08-07 13:00:00+00:00,-9.99,9.09,59.94,-11.318727572147523,47.29875104076667
2023-08-07 14:00:00+00:00,-4.32,12.1,67.66,-6.470669258027215,51.13590299938577
2023-08-07 15:00:00+00:00,-0.04,35.17,75.97,13.267412892033633,69.84639092056213
2023-08-07 16:00:00+00:00,0.16,62.03,89.68,37.30189858871146,91.58625424764523
2023-08-07 17:00:00+00:00,13.69,72.61,98.21,55.0721548933172,101.6130663208549
2023-08-07 18:00:00+00:00,30.71,76.85,99.97,60.89386579840565,103.97683153322753
2023-08-07 19:00:00+00:00,41.83,77.15,99.25,58.98667488853833,102.05732938152433
2023-08-07 20:00:00+00:00,1.07,71.86,95.26,51.41880860282102,95.57435362373124
2023-08-07 21:00:00+00:00,-0.07,55.4,87.63,37.08871855707654,80.86617829810866
2023-08-07 22:00:00+00:00,-4.28,54.4,68.01,21.13546158050542,65.43698456940655
2023-08-07 23:00:00+00:00,-6.03,47.57,58.86,13.711293071005628,58.25431752562813
2023-08-08 00:00:00+00:00,-6.2,30.83,57.86,3.702424078613319,45.89873581376137
2023-08-08 01:00:00+00:00,-5.92,7.01,56.94,-6.599623292315968,30.91803627299602
2023-08-08 02:00:00+00:00,-3.74,3.55,57.9,-4.5131237996893105,30.47094999427263
2023-08-08 03:00:00+00:00,-2.09,0.03,63.4,2.2042493603811977,33.14094022735985
2023-08-08 04:00:00+00:00,0.09,66.32,91.8,45.28449483708447,84.42609772810789
2023-08-08 05:00:00+00:00,14.32,73.38,94.44,51.27117138697297,92.56415736790436
2023-08-08 06:00:00+00:00,-0.09,65.14,99.0,42.026788496425105,88.84200525103327
2023-08-08 07:00:00+00:00,-2.7,44.94,92.19,18.290101445124677,73.73153341394924
2023-08-08 08:00:00+00:00,-6.77,4.37,92.72,-11.654280213813507,46.671282835152645
2023-08-08 09:00:00+00:00,-13.18,1.0,87.27,-18.675274288614702,44.10103209167915
2023-08-08 10:00:00+00:00,-15.73,-0.01,79.22,-21.936483977416486,41.072241289612315
2023-08-08 11:00:00+00:00,-20.09,-0.81,69.92,-25.22592778847786,36.50413607342182
2023-08-08 12:00:00+00:00,-21.77,-4.31,60.12,-27.64774562523499,31.183605135395112
2023-08-08 13:00:00+00:00,-16.1,-9.99,57.27,-27.78091223941854,25.575808502476804
2023-08-08 14:00:00+00:00,-8.9,-4.32,56.96,-19.257182215135416,28.851812778498115
2023-08-08 15:00:00+00:00,-0.82,-0.04,68.5,-5.413541404737288,35.351702256532064
2023-08-08 16:00:00+00:00,1.07,0.16,81.74,7.600672444145232,40.69349567164469
2023-08-08 17:00:00+00:00,87.59,13.69,96.05,29.056844770862938,53.383398281045025
2023-08-08 18:00:00+00:00,83.96,30.71,108.83,43.223377873048214,65.62087118836615
2023-08-08 19:00:00+00:00,89.18,41.83,111.94,48.16771399976157,72.81090261186469
2023-08-08 20:00:00+00:00,87.59,1.07,102.55,21.097274020169905,41.973132678420804
2023-08-08 21:00:00+00:00,59.98,-0.07,92.78,13.952540699087578,36.862008854055524
2023-08-08 22:00:00+00:00,79.9,-4.28,89.38,0.7367302886220273,21.52606439628748
2023-08-08 23:00:00+00:00,72.16,-6.03,77.54,-2.8242591441139666,17.554151497585536
2023-08-09 00:00:00+00:00,70.03,-6.2,69.62,-3.583624978326,15.166381567083803
2023-08-09 01:00:00+00:00,67.81,-5.92,67.07,-1.6086480089421826,13.822483894451764
2023-08-09 02:00:00+00:00,74.12,-3.74,70.23,4.474205546045155,16.621187354786173
2023-08-09 03:00:00+00:00,83.95,-2.09,87.16,14.53743002321383,22.035588834295183
2023-08-09 04:00:00+00:00,98.16,0.09,103.61,29.68966665096329,34.23276021460684
2023-08-09 05:00:00+00:00,105.7,14.32,111.96,42.95262023593954,47.40414149138426
2023-08-09 06:00:00+00:00,106.44,-0.09,98.37,30.571609798479017,35.54936064466263
2023-08-09 07:00:00+00:00,99.65,-2.7,89.38,19.04962628870399,30.197385212616794
2023-08-09 08:00:00+00:00,88.97,-6.77,79.07,8.056752119639185,23.77014649543885
2023-08-09 09:00:00+00:00,81.65,-13.18,64.5,-2.39099062140113,18.00906811306608
2023-08-09 10:00:00+00:00,62.62,-15.73,52.02,-10.509629846084195,14.21841901497828
2023-08-09 11:00:00+00:00,61.51,-20.09,33.08,-20.08960015423216,7.754263387739002
2023-08-09 12:00:00+00:00,42.02,-21.77,24.88,-24.817983759611792,4.05917582696236
2023-08-09 13:00:00+00:00,57.49,-16.1,21.24,-21.22837816115134,6.267530908596612
2023-08-09 14:00:00+00:00,67.7,-8.9,29.15,-12.461784355328973,11.08117304991083
2023-08-09 15:00:00+00:00,88.0,-0.82,52.56,2.588808494827674,19.108968430016105
2023-08-09 16:00:00+00:00,99.45,1.07,69.26,15.73858569758734,22.24344525149027
2023-08-09 17:00:00+00:00,118.91,87.59,83.92,78.58230587637262,85.01377171688648
2023-08-09 18:00:00+00:00,139.08,83.96,81.87,84.22654480882782,84.02298343497907
2023-08-09 19:00:00+00:00,131.62,89.18,78.77,88.2499565812428,88.45039100532902
2023-08-09 20:00:00+00:00,122.47,87.59,65.7,82.33748305353222,81.94159628290484
2023-08-09 21:00:00+00:00,100.96,59.98,38.57,61.47513177442754,58.20983958598064
2023-08-09 22:00:00+00:00,96.27,79.9,19.97,64.88910225980588,62.539342642702515
2023-08-09 23:00:00+00:00,91.99,72.16,9.51,58.91022228796142,55.19135105347399
2023-08-10 00:00:00+00:00,89.15,70.03,3.44,57.40870092820336,52.64779074122533
2023-08-10 01:00:00+00:00,79.98,67.81,5.61,58.87235175908161,51.832995698259005
2023-08-10 02:00:00+00:00,88.82,74.12,7.2,66.52108454485203,57.391795382304586
2023-08-10 03:00:00+00:00,93.0,83.95,24.8,81.03565272529194,68.8060511267943
2023-08-10 04:00:00+00:00,134.27,98.16,47.38,100.23450870257064,85.49597523977833
2023-08-10 05:00:00+00:00,192.61,105.7,63.0,108.66528825913313,96.98311037620383
2023-08-10 06:00:00+00:00,110.21,106.44,70.0,101.15687867520536,98.56580605624103
2023-08-10 07:00:00+00:00,96.9,99.65,58.9,82.43067854877118,91.75016653448722
2023-08-10 08:00:00+00:00,82.19,88.97,45.45,63.0672219233109,82.12396726078515
2023-08-10 09:00:00+00:00,67.04,81.65,34.52,48.79018946748899,74.42232594926088
2023-08-10 10:00:00+00:00,67.05,62.62,27.01,30.18171786228727,58.05950159335979
2023-08-10 11:00:00+00:00,39.07,61.51,21.25,23.600026173133003,53.17136015815719
2023-08-10 12:00:00+00:00,44.92,42.02,17.43,10.123306413622501,36.117182742573064
2023-08-10 13:00:00+00:00,65.57,57.49,17.7,19.471099350172977,43.77710656043576
2023-08-10 14:00:00+00:00,80.01,67.7,21.94,31.379525542888075,49.13297249922022
2023-08-10 15:00:00+00:00,93.38,88.0,45.01,56.69846042979946,64.88549266615402
2023-08-10 16:00:00+00:00,102.88,99.45,79.78,81.89697732821848,76.29767882732108
2023-08-10 17:00:00+00:00,171.76,118.91,95.26,112.36092524655803,99.40257457731616
2023-08-10 18:00:00+00:00,203.8,139.08,96.6,125.76689150731156,112.72398943933533
2023-08-10 19:00:00+00:00,144.49,131.62,96.81,119.78981918963572,108.1330333494469
2023-08-10 20:00:00+00:00,115.49,122.47,94.38,109.5023885107603,100.17502719373545
2023-08-10 21:00:00+00:00,101.29,100.96,87.0,90.3698208573331,80.51052884395439
2023-08-10 22:00:00+00:00,111.31,96.27,90.14,92.3245713470884,83.50813246587532
2023-08-10 23:00:00+00:00,106.39,91.99,83.85,86.50237402280153,78.58575773618037
2023-08-11 00:00:00+00:00,104.77,89.15,80.92,82.83931426830739,75.56188588197726
2023-08-11 01:00:00+00:00,99.75,79.98,79.25,78.42434873698804,69.19253091086861
2023-08-11 02:00:00+00:00,102.29,88.82,82.77,86.97044277207914,77.15571166431677
2023-08-11 03:00:00+00:00,106.8,93.0,88.18,95.815114334215,83.66898631287273
2023-08-11 04:00:00+00:00,143.29,134.27,108.68,127.91845356435894,119.16716996800241
2023-08-11 06:00:00+00:00,115.07,110.21,120.67,107.67821565672364,110.35175867885266
2023-08-11 07:00:00+00:00,100.2,96.9,105.07,83.63131097623145,97.99390473622456
2023-08-11 08:00:00+00:00,84.51,82.19,95.16,61.53036028691283,85.00612983036616
2023-08-11 09:00:00+00:00,73.69,67.04,90.68,43.68751116227758,73.4022296282675
2023-08-11 10:00:00+00:00,41.42,67.05,86.92,35.20900259318137,69.91740803924046
2023-08-11 11:00:00+00:00,30.19,39.07,80.81,16.22553305052935,48.301300507429055
2023-08-11 12:00:00+00:00,32.21,44.92,77.84,18.507510517235616,48.32570822873931
2023-08-11 13:00:00+00:00,58.01,65.57,77.08,36.03596691627018,62.7010691997806
2023-08-11 14:00:00+00:00,84.58,80.01,82.89,53.64250812577497,73.01427990662707
2023-08-11 15:00:00+00:00,97.98,93.38,95.04,77.73211590106837,85.5876328260557
2023-08-11 16:00:00+00:00,112.78,102.88,103.46,101.44164618621042,94.90566899369644
2023-08-11 17:00:00+00:00,140.81,171.76,134.86,154.8680989769924,147.6344087433894
2023-08-11 18:00:00+00:00,166.66,203.8,139.8,176.75670062436836,172.46941101231
2023-08-11 19:00:00+00:00,133.0,144.49,128.95,139.95326530309381,130.77236919705823
2023-08-11 20:00:00+00:00,117.88,115.49,111.0,114.80333992376009,107.02611640427327
2023-08-11 21:00:00+00:00,103.78,101.29,98.49,98.14760844798556,92.72811845224881
2023-08-11 22:00:00+00:00,103.54,111.31,101.55,102.96034980691402,99.15062122984453
2023-08-11 23:00:00+00:00,98.2,106.39,94.9,94.67075265738107,91.78922438687971
2023-08-12 00:00:00+00:00,97.7,104.77,92.58,90.22616602662669,87.5446710043333
2023-08-12 01:00:00+00:00,95.92,99.75,90.3,85.11551085729826,80.26329568298732
2023-08-12 02:00:00+00:00,93.91,102.29,90.24,85.7819687546172,79.49813801035616
2023-08-12 03:00:00+00:00,98.92,106.8,90.54,87.78973717504995,79.75106860813007
2023-08-12 04:00:00+00:00,95.49,143.29,94.7,108.778391478994,105.26812641425265
2023-08-12 06:00:00+00:00,99.54,115.07,93.19,84.70993284925049,82.46223444997636
2023-08-12 07:00:00+00:00,87.5,100.2,89.0,70.87502028840814,70.86395589838705
2023-08-12 08:00:00+00:00,76.25,84.51,80.1,55.264434726217786,57.40480832886897
2023-08-12 09:00:00+00:00,67.06,73.69,75.18,42.45565189368885,47.37837420656365
2023-08-12 10:00:00+00:00,51.64,41.42,65.01,20.854509873559067,24.391598356243804
2023-08-12 11:00:00+00:00,24.51,30.19,58.91,10.2625006038825,13.493626463633618
2023-08-12 12:00:00+00:00,6.0,32.21,58.04,10.403065164117322,15.466663330390375
2023-08-12 13:00:00+00:00,6.92,58.01,65.85,28.2051021825056,37.31183389532788
2023-08-12 14:00:00+00:00,20.4,84.58,79.73,49.513820922698756,60.071221900733754
2023-08-12 15:00:00+00:00,67.58,97.98,99.16,70.12706635909035,76.45678596154377
2023-08-12 16:00:00+00:00,92.54,112.78,107.62,92.8421587377541,92.79350701798818
2023-08-12 17:00:00+00:00,106.47,140.81,123.1,121.6503778190565,121.49310024817594
2023-08-12 18:00:00+00:00,111.16,166.66,128.99,140.24432087314568,143.1177456189353
2023-08-12 19:00:00+00:00,112.28,133.0,109.23,115.56548717830447,114.6274257160564
2023-08-12 20:00:00+00:00,108.05,117.88,99.08,101.09717661167149,101.32261845542435
2023-08-12 21:00:00+00:00,101.66,103.78,87.34,86.66739300752741,88.1837068232225
2023-08-12 22:00:00+00:00,90.1,103.54,89.1,91.94720634333142,95.59548603540762
2023-08-12 23:00:00+00:00,84.6,98.2,88.09,86.26454215511846,90.37147046321068
2023-08-13 00:00:00+00:00,78.8,97.7,79.07,81.28868604603441,86.0628894129895
2023-08-13 01:00:00+00:00,69.66,95.92,79.08,78.08139096080811,81.35277012913855
2023-08-13 02:00:00+00:00,69.0,93.91,75.06,76.36623140117429,76.88272641228758
2023-08-13 03:00:00+00:00,72.02,98.92,84.0,80.33414846224787,78.18623606667424
2023-08-13 04:00:00+00:00,77.69,95.49,75.1,78.30257104916146,73.95077084669725
2023-08-13 06:00:00+00:00,70.81,99.54,67.46,70.06821890625332,71.39733300281247
2023-08-13 07:00:00+00:00,50.39,87.5,61.11,56.139913026662704,62.54374039631356
2023-08-13 08:00:00+00:00,28.21,76.25,49.09,40.35849135699222,52.721665864737396
2023-08-13 09:00:00+00:00,14.13,67.06,43.85,29.215129506480082,45.556021266814184
2023-08-13 10:00:00+00:00,5.87,51.64,33.92,14.974848755466013,31.288505255718974
2023-08-13 11:00:00+00:00,1.06,24.51,12.07,-2.650618836303366,9.282948019819983
2023-08-13 12:00:00+00:00,1.46,6.0,11.96,-9.221900699285413,-2.1345350635069735
2023-08-13 13:00:00+00:00,6.76,6.92,9.09,2.379912002919937,4.378853704631766
2023-08-13 14:00:00+00:00,17.45,20.4,12.1,21.446343283143293,18.7380665122528
2023-08-13 15:00:00+00:00,72.66,67.58,35.17,63.352459391567045,57.84537253586152
2023-08-13 16:00:00+00:00,99.17,92.54,62.03,95.11383642305613,83.01483967594814
2023-08-13 17:00:00+00:00,108.17,106.47,72.61,115.09515019299748,98.71236928385004
2023-08-13 18:00:00+00:00,116.02,111.16,76.85,122.08759359591687,106.15381902709308
2023-08-13 19:00:00+00:00,120.0,112.28,77.15,120.16472425854076,106.38265303188484
2023-08-13 20:00:00+00:00,120.15,108.05,71.86,113.76708457652805,102.45995458863095
2023-08-13 21:00:00+00:00,114.09,101.66,55.4,103.61129063910766,94.02166837137224
2023-08-13 22:00:00+00:00,98.01,90.1,54.4,99.3496583695179,94.80587804297808
2023-08-13 23:00:00+00:00,89.63,84.6,47.57,93.52092976728876,89.25483519017907
2023-08-14 00:00:00+00:00,84.5,78.8,30.83,88.62170704806329,83.31966124758526
2023-08-14 01:00:00+00:00,88.37,69.66,7.01,83.68943385734586,75.050014024769
2023-08-14 02:00:00+00:00,94.61,69.0,3.55,87.22157846714389,75.56531277741442
2023-08-14 03:00:00+00:00,110.38,72.02,0.03,95.76290768993644,80.72501646589114
2023-08-14 04:00:00+00:00,130.99,77.69,66.32,115.64455863502454,97.52740147915566
2023-08-14 05:00:00+00:00,142.87,76.74,73.38,117.70163408883599,101.91896652162657
2023-08-14 06:00:00+00:00,116.86,70.81,65.14,105.90684356262173,98.59478129053659
2023-08-14 07:00:00+00:00,99.07,50.39,44.94,80.05685380655441,80.99555252683581
2023-08-14 08:00:00+00:00,83.67,28.21,4.37,53.40014206694624,60.33919321257007
2023-08-14 09:00:00+00:00,77.31,14.13,1.0,40.612472151835085,51.0759286197729
2023-08-14 10:00:00+00:00,69.93,5.87,-0.01,33.248379394886584,44.78548142940611
2023-08-14 11:00:00+00:00,63.68,1.06,-0.81,28.552783141256924,38.39264048073536
2023-08-14 12:00:00+00:00,67.11,1.46,-4.31,29.672373037136722,35.95233097476836
2023-08-14 13:00:00+00:00,74.1,6.76,-9.99,36.64045225563746,38.57094052205368
2023-08-14 14:00:00+00:00,82.5,17.45,-4.32,49.609683037345825,46.23092373571837
2023-08-14 15:00:00+00:00,101.69,72.66,-0.04,90.55493308622286,86.82489168506734
2023-08-14 16:00:00+00:00,123.87,99.17,0.16,115.11466266726258,106.15545741481304
2023-08-14 17:00:00+00:00,177.79,108.17,13.69,127.72868185521068,114.72169603247363
2023-08-14 18:00:00+00:00,161.07,116.02,30.71,133.77997888687378,122.54195993768931
2023-08-14 19:00:00+00:00,130.86,120.0,41.83,131.74761655572794,126.42849760236967
2023-08-14 20:00:00+00:00,110.99,120.15,1.07,119.43047606950134,119.69274276407477
2023-08-14 21:00:00+00:00,101.06,114.09,-0.07,110.54084591864397,113.70371630927309
2023-08-14 22:00:00+00:00,99.6,98.01,-4.28,92.9547761772412,93.77661159705586
2023-08-14 23:00:00+00:00,92.65,89.63,-6.03,86.43855201179088,87.1063753334133
2023-08-15 00:00:00+00:00,92.16,84.5,-6.2,82.93059630915832,82.96014509664727
2023-08-15 01:00:00+00:00,89.96,88.37,-5.92,86.51425960874617,85.27268751024039
2023-08-15 02:00:00+00:00,87.67,94.61,-3.74,93.56940186202498,90.57554522952512
2023-08-15 03:00:00+00:00,92.71,110.38,-2.09,108.33131199898256,103.85953214969916
2023-08-15 04:00:00+00:00,113.68,130.99,0.09,129.56865835255223,123.27050422328334
2023-08-15 05:00:00+00:00,135.0,142.87,14.32,140.09544826722845,136.45396682084342
2023-08-15 06:00:00+00:00,120.58,116.86,-0.09,118.29770671897363,117.80398546825965
2023-08-15 07:00:00+00:00,94.7,99.07,-2.7,98.62399030476263,103.6959371237969
2023-08-15 08:00:00+00:00,79.97,83.67,-6.77,80.01695560567227,90.61004263832699
2023-08-15 09:00:00+00:00,73.98,77.31,-13.18,67.35909199730771,83.29789960320251
2023-08-15 10:00:00+00:00,62.34,69.93,-15.73,56.637111223469425,75.31168960649345
2023-08-15 11:00:00+00:00,30.98,63.68,-20.09,48.34914548081427,67.27502496925712
2023-08-15 12:00:00+00:00,23.54,67.11,-21.77,47.109177340632314,66.01352691218742
2023-08-15 13:00:00+00:00,45.85,74.1,-16.1,53.31454743450121,69.51530974044826
2023-08-15 14:00:00+00:00,70.26,82.5,-8.9,64.12282295218432,74.65390310453552
2023-08-15 15:00:00+00:00,96.02,101.69,-0.82,88.50543474524568,92.58551031591162
2023-08-15 16:00:00+00:00,108.67,123.87,1.07,113.48420694797673,110.60490387782833
2023-08-15 17:00:00+00:00,126.06,177.79,87.59,162.77175463121023,160.05855322667577
2023-08-15 18:00:00+00:00,142.61,161.07,83.96,156.2341584604943,149.3574200568997
2023-08-15 19:00:00+00:00,133.04,130.86,89.18,138.4627157453509,129.8739492334182
2023-08-15 20:00:00+00:00,125.44,110.99,87.59,122.34971738994058,114.52771475853457
2023-08-15 21:00:00+00:00,107.89,101.06,59.98,108.83278586764384,102.19139609440322
2023-08-15 22:00:00+00:00,106.8,99.6,79.9,97.03277068751959,88.32976401384884
2023-08-15 23:00:00+00:00,97.45,92.65,72.16,90.62976731573676,81.33088691770575
2023-08-16 00:00:00+00:00,93.38,92.16,70.03,90.64078320363015,80.25847659968593
2023-08-16 01:00:00+00:00,94.47,89.96,67.81,92.06072626894624,79.28429209869674
2023-08-16 02:00:00+00:00,97.0,87.67,74.12,95.75849881195082,79.8877787033434
2023-08-16 03:00:00+00:00,99.5,92.71,83.95,106.80250433949192,88.03907565977873
2023-08-16 04:00:00+00:00,119.09,113.68,98.16,129.57769011245645,109.95141832600659
2023-08-16 05:00:00+00:00,146.01,135.0,105.7,144.63890144413247,129.0279352933783
2023-08-16 06:00:00+00:00,129.58,120.58,106.44,130.92545260242684,119.09467080874113
2023-08-16 07:00:00+00:00,109.51,94.7,99.65,106.1485385232816,99.80639047570959
2023-08-16 08:00:00+00:00,99.31,79.97,88.97,87.10167888111951,87.4054814473922
2023-08-16 09:00:00+00:00,94.44,73.98,81.65,75.62604099253886,81.62965886825484
2023-08-16 10:00:00+00:00,91.64,62.34,62.62,61.92252118259447,69.60752880788883
2023-08-16 11:00:00+00:00,86.91,30.98,61.51,43.175385043380665,46.68304743909331
2023-08-16 12:00:00+00:00,89.83,23.54,42.02,37.13246284725458,37.9590699048238
2023-08-16 13:00:00+00:00,93.11,45.85,57.49,53.54879265787981,54.25628563426218
2023-08-16 14:00:00+00:00,97.21,70.26,67.7,73.29834954193906,71.72407117834446
2023-08-16 15:00:00+00:00,110.79,96.02,88.0,99.4375751816681,93.35807924725128
2023-08-16 16:00:00+00:00,131.22,108.67,99.45,117.15994047595521,105.17300118627494
2023-08-16 17:00:00+00:00,156.1,126.06,118.91,135.57302159627812,123.45503606934415
2023-08-16 18:00:00+00:00,160.03,142.61,139.08,143.42930440181783,134.951471037692
2023-08-16 19:00:00+00:00,136.1,133.04,131.62,130.6624829387632,124.9682037667263
2023-08-16 20:00:00+00:00,119.9,125.44,122.47,117.88133145377287,115.27735315300309
2023-08-16 21:00:00+00:00,99.99,107.89,100.96,100.14818515759596,98.0446395092612
2023-08-16 22:00:00+00:00,104.88,106.8,96.27,93.31447554126179,93.62723516259598
2023-08-16 23:00:00+00:00,98.38,97.45,91.99,86.7215012695124,85.58460722663241
2023-08-17 00:00:00+00:00,97.95,93.38,89.15,84.15167013242372,82.24668791723424
2023-08-17 01:00:00+00:00,95.14,94.47,79.98,85.10976544680588,81.99160260211595
2023-08-17 03:00:00+00:00,102.4,99.5,93.0,98.50493094270516,90.54289035477937
2023-08-17 04:00:00+00:00,134.72,119.09,134.27,123.63431468879162,115.03100286316432
2023-08-17 05:00:00+00:00,136.4,146.01,192.61,148.5519909588767,144.28161334398854
2023-08-17 06:00:00+00:00,134.11,129.58,110.21,126.70987035371247,123.36407137532458
2023-08-17 07:00:00+00:00,115.2,109.51,96.9,106.94441447533741,106.37569549497086
2023-08-17 08:00:00+00:00,103.07,99.31,82.19,92.80232945866648,96.52065357687616
2023-08-17 09:00:00+00:00,95.21,94.44,67.04,82.61544503944906,90.31340486192519
2023-08-17 10:00:00+00:00,91.62,91.64,67.05,75.7190888406367,85.53999967082488
2023-08-17 11:00:00+00:00,89.98,86.91,39.07,64.8545910123612,73.6047414124524
2023-08-17 13:00:00+00:00,94.09,93.11,65.57,67.91676607214748,75.6518043967165
2023-08-17 14:00:00+00:00,100.0,97.21,80.01,75.40772555269143,80.42671230012196
2023-08-17 15:00:00+00:00,113.45,110.79,93.38,91.26608542979316,93.2189725315305
2023-08-17 16:00:00+00:00,131.92,131.22,102.88,110.22886315604947,109.94725540314752
2023-08-17 17:00:00+00:00,150.63,156.1,171.76,137.45292214758462,137.98203615211693
2023-08-17 18:00:00+00:00,145.62,160.03,203.8,142.44903828682519,145.32852135113885
2023-08-17 19:00:00+00:00,128.88,136.1,144.49,117.76558524257437,120.72790870212123
2023-08-17 20:00:00+00:00,116.63,119.9,115.49,100.15239544734752,103.89873152358159
2023-08-17 21:00:00+00:00,107.3,99.99,101.29,83.17678875829463,85.50759188809482
2023-08-17 22:00:00+00:00,105.09,104.88,111.31,95.46651180376782,96.7119369088174
2023-08-17 23:00:00+00:00,101.76,98.38,106.39,90.47270071284412,90.24388283293082
2023-08-18 00:00:00+00:00,101.03,97.95,104.77,89.76611442275639,88.96533468224987
2023-08-18 01:00:00+00:00,103.17,95.14,99.75,89.33572938358722,86.76476366751879
2023-08-18 03:00:00+00:00,104.41,102.4,106.8,102.85153241971885,96.07480270046919
2023-08-18 04:00:00+00:00,120.8,134.72,143.29,134.45155331104087,128.49610158471177
2023-08-18 06:00:00+00:00,122.45,134.11,115.07,127.33934703349532,128.9668562619064
2023-08-18 07:00:00+00:00,106.85,115.2,100.2,103.73228998210003,112.48932531466792
2023-08-18 08:00:00+00:00,95.85,103.07,84.51,83.46388434321277,100.56581431038724
2023-08-18 09:00:00+00:00,89.05,95.21,73.69,68.42633749780018,92.26018100757756
2023-08-18 10:00:00+00:00,86.28,91.62,41.42,56.435149849859556,83.97631543187397
2023-08-18 11:00:00+00:00,82.85,89.98,30.19,50.721912837325974,79.07522394479176
2023-08-18 13:00:00+00:00,89.17,94.09,58.01,59.31959611306757,82.44101947975356
2023-08-18 14:00:00+00:00,95.35,100.0,84.58,73.34891104326329,89.25009971597854
2023-08-18 15:00:00+00:00,108.26,113.45,97.98,95.72976926531068,102.4600281794393
2023-08-18 16:00:00+00:00,128.0,131.92,112.78,120.44185639754893,118.94586872812623
2023-08-18 17:00:00+00:00,161.38,150.63,140.81,141.15497995071092,137.19034162384787
2023-08-18 18:00:00+00:00,150.24,145.62,166.66,138.18457014717166,136.72291141886282
2023-08-18 19:00:00+00:00,127.47,128.88,133.0,117.68421699724344,119.57027227795808
2023-08-18 20:00:00+00:00,109.29,116.63,117.88,100.36587524632631,106.54051691899501
2023-08-18 21:00:00+00:00,100.23,107.3,103.78,86.42616278546214,95.16792287731388
2023-08-18 22:00:00+00:00,99.2,105.09,103.54,81.80204159334659,91.2145101977458
2023-08-18 23:00:00+00:00,95.88,101.76,98.2,76.51848220080453,85.63670569823829
2023-08-19 00:00:00+00:00,94.4,101.03,97.7,73.54102427676933,82.04151363385726
2023-08-19 01:00:00+00:00,93.64,103.17,95.92,73.84025341029347,80.01541045182488
2023-08-19 04:00:00+00:00,99.9,120.8,95.49,84.75670077439878,85.61951106875924
2023-08-19 05:00:00+00:00,90.21,140.63,100.0,92.05947107181129,98.59693495369886
2023-08-19 06:00:00+00:00,83.02,122.45,99.54,74.16104073844416,86.4432427626512
2023-08-19 07:00:00+00:00,79.37,106.85,87.5,55.32932641061514,73.27389713602889
2023-08-19 08:00:00+00:00,69.4,95.85,76.25,40.75175886644846,63.29546714995641
2023-08-19 09:00:00+00:00,41.83,89.05,67.06,31.73987517366497,57.085634013066525
2023-08-19 10:00:00+00:00,25.45,86.28,51.64,27.20633652453934,53.37668105158392
2023-08-19 11:00:00+00:00,14.86,82.85,24.51,22.578876169944408,47.30129049991288
2023-08-19 13:00:00+00:00,25.01,89.17,6.92,37.98443594057606,53.26773043056932
2023-08-19 14:00:00+00:00,74.42,95.35,20.4,52.869435528443354,61.56608172860781
2023-08-19 15:00:00+00:00,100.45,108.26,67.58,77.96498934965823,79.73446695419024
2023-08-19 16:00:00+00:00,115.46,128.0,92.54,105.09105366870571,100.72239437594267
2023-08-19 17:00:00+00:00,130.15,161.38,106.47,133.50582101855636,129.0623762111373
2023-08-19 18:00:00+00:00,129.19,150.24,111.16,130.080538306019,123.84167998446573
2023-08-19 19:00:00+00:00,132.53,127.47,112.28,115.77222213544573,108.48610432175175
2023-08-19 20:00:00+00:00,123.71,109.29,108.05,101.96047354671467,94.42296927163726
2023-08-19 21:00:00+00:00,112.54,100.23,101.66,92.35761576904247,85.63347811680293
2023-08-19 22:00:00+00:00,113.99,99.2,90.1,95.26245847421696,89.6440532682009
2023-08-19 23:00:00+00:00,110.59,95.88,84.6,91.15984307556013,84.73121404517163
2023-08-20 00:00:00+00:00,105.17,94.4,78.8,87.59051425887802,80.38839184100104
2023-08-20 01:00:00+00:00,105.02,93.64,69.66,85.15631357203924,76.265397823262
2023-08-20 02:00:00+00:00,103.01,95.9,69.0,84.86524954869124,74.13201494301985
2023-08-20 04:00:00+00:00,104.72,99.9,77.69,86.78295014313754,71.73870635653682
2023-08-20 05:00:00+00:00,99.69,90.21,76.74,78.46163277085151,64.68211643713877
2023-08-20 06:00:00+00:00,98.99,83.02,70.81,65.53299910673465,58.01015101119088
2023-08-20 07:00:00+00:00,86.62,79.37,50.39,51.21539067402216,52.880669097123665
2023-08-20 08:00:00+00:00,73.31,69.4,28.21,32.50113735588158,42.693523454250304
2023-08-20 09:00:00+00:00,44.0,41.83,14.13,9.604326503447325,23.18702142697296
2023-08-20 10:00:00+00:00,19.23,25.45,5.87,-3.336850290201909,12.318431825848265
2023-08-20 11:00:00+00:00,13.25,14.86,1.06,-10.003331508836808,5.536277600857176
2023-08-20 12:00:00+00:00,13.84,12.59,1.46,-7.139860902157324,6.545514309801092
2023-08-20 13:00:00+00:00,33.81,25.01,6.76,8.085495501657206,18.738493013576743
2023-08-20 14:00:00+00:00,78.98,74.42,17.45,47.456633660382934,56.62315975422446
2023-08-20 15:00:00+00:00,95.1,100.45,72.66,84.39604580938877,85.58698460571146
2023-08-20 16:00:00+00:00,112.0,115.46,99.17,114.78476436312103,105.45354552948119
2023-08-20 17:00:00+00:00,128.8,130.15,108.17,136.5642506933983,122.37782299152585
2023-08-20 18:00:00+00:00,140.0,129.19,116.02,139.9730297230518,125.05135039468034
2023-08-20 19:00:00+00:00,139.54,132.53,120.0,140.2948791092005,128.41606662315516
2023-08-20 20:00:00+00:00,126.71,123.71,120.15,131.98527732957197,121.60199656914389
2023-08-20 21:00:00+00:00,111.95,112.54,114.09,121.00931346875478,111.483466182446
2023-08-20 22:00:00+00:00,111.95,113.99,98.01,124.3824609904001,119.30777262157896
2023-08-20 23:00:00+00:00,101.67,110.59,89.63,120.46696603912808,115.3437341838398
2023-08-21 00:00:00+00:00,98.71,105.17,84.5,117.21369546091117,110.94875675265777
2023-08-21 01:00:00+00:00,95.07,105.02,88.37,119.95020539413122,111.86692656775399
2023-08-21 02:00:00+00:00,97.71,103.01,94.61,124.12407084356275,112.88313932355805
2023-08-21 04:00:00+00:00,138.84,104.72,130.99,146.65891680357174,127.07529341024919
2023-08-21 05:00:00+00:00,160.93,99.69,142.87,148.0875698098561,128.62694756796594
2023-08-21 06:00:00+00:00,137.27,98.99,116.86,136.80309665521276,126.2708949933762
2023-08-21 07:00:00+00:00,115.13,86.62,99.07,114.430949103495,115.25350380869673
2023-08-21 08:00:00+00:00,104.04,73.31,83.67,91.97092432479083,103.09875477020125
2023-08-21 09:00:00+00:00,96.77,44.0,77.31,65.51037979081049,80.08405787062563
2023-08-21 10:00:00+00:00,92.64,19.23,69.93,45.59512137307994,60.21305481847761
2023-08-21 11:00:00+00:00,89.96,13.25,63.68,38.77803893171413,52.7026411151783
2023-08-21 12:00:00+00:00,95.1,13.84,67.11,39.927262683659016,51.599597650520145
2023-08-21 13:00:00+00:00,95.57,33.81,74.1,57.03533632133129,66.42462040852351
2023-08-21 14:00:00+00:00,100.0,78.98,82.5,92.02783038529718,100.81483540388716
2023-08-21 15:00:00+00:00,118.67,95.1,101.69,116.8745864923394,116.40972581530335
2023-08-21 16:00:00+00:00,142.78,112.0,123.87,143.33573687192603,132.28288313351948
2023-08-21 17:00:00+00:00,186.73,128.8,177.79,168.91252359999967,152.2821803568634
2023-08-21 18:00:00+00:00,203.45,140.0,161.07,173.2337712120688,157.73496780904455
2023-08-21 19:00:00+00:00,166.35,139.54,130.86,165.63398189267065,153.43684654180248
2023-08-21 20:00:00+00:00,136.01,126.71,110.99,150.59085128804898,139.95649939482618
2023-08-21 21:00:00+00:00,115.0,111.95,101.06,136.11992793120595,126.05033613833342
2023-08-21 22:00:00+00:00,113.69,111.95,99.6,122.38118567862804,114.78058583478521
2023-08-21 23:00:00+00:00,104.94,101.67,92.65,113.99456869174915,106.08785876313482
2023-08-22 00:00:00+00:00,103.47,98.71,92.16,111.54249129101277,103.39813350561047
2023-08-22 01:00:00+00:00,103.61,95.07,89.96,111.24841043670601,101.37265274722527
2023-08-22 02:00:00+00:00,106.29,97.71,87.67,115.27754163415919,103.59163289539913
2023-08-22 03:00:00+00:00,112.51,106.22,92.71,127.23290377135237,112.95425076655118
2023-08-22 04:00:00+00:00,136.51,138.84,113.68,157.93169574461945,143.10955146629823
2023-08-22 05:00:00+00:00,150.87,160.93,135.0,173.16339872461276,162.74197687616004
2023-08-22 06:00:00+00:00,136.95,137.27,120.58,151.65445173893627,146.51575840023526
2023-08-22 07:00:00+00:00,115.91,115.13,94.7,125.03180639755962,127.39052591856469
2023-08-22 08:00:00+00:00,102.4,104.04,79.97,104.47990887277493,116.01120753298359
2023-08-22 09:00:00+00:00,99.67,96.77,73.98,88.81449294716761,107.19775838738121
2023-08-22 10:00:00+00:00,93.57,92.64,62.34,76.4478573834566,98.74020563661291
2023-08-22 11:00:00+00:00,92.58,89.96,30.98,65.32615597214286,89.2303181936777
2023-08-22 12:00:00+00:00,92.44,95.1,23.54,63.131296776043094,87.72982972304806
2023-08-22 13:00:00+00:00,97.16,95.57,45.85,68.71175337748473,89.89664157559851
2023-08-22 14:00:00+00:00,99.95,100.0,70.26,82.8313889558587,98.14066911791905
2023-08-22 15:00:00+00:00,108.94,118.67,96.02,108.84205892542747,115.45411245119884
2023-08-22 16:00:00+00:00,145.18,142.78,108.67,139.07554795962287,135.62870219678024
2023-08-22 17:00:00+00:00,192.83,186.73,126.06,176.4533038459226,170.23205644955578
2023-08-22 18:00:00+00:00,206.48,203.45,142.61,190.88327821815778,185.47419386353965
2023-08-22 19:00:00+00:00,166.3,166.35,133.04,167.31783196647785,159.00725094955888
2023-08-22 20:00:00+00:00,145.8,136.01,125.44,144.6936421762995,134.7196819921783
2023-08-22 21:00:00+00:00,127.6,115.0,107.89,126.42437575355765,115.40057395004281
2023-08-22 22:00:00+00:00,123.89,113.69,106.8,114.5763428198422,103.51595367684509
2023-08-22 23:00:00+00:00,112.67,104.94,97.45,107.05612506455579,94.88246795241433
2023-08-23 00:00:00+00:00,109.9,103.47,93.38,105.58670459991566,92.8413460862647
2023-08-23 01:00:00+00:00,106.38,103.61,94.47,107.14255457349128,92.97571026594515
2023-08-23 02:00:00+00:00,110.2,106.29,97.0,112.15712685806646,96.04885433279783
2023-08-23 03:00:00+00:00,115.11,112.51,99.5,122.42884584971553,103.58347232185135
2023-08-23 04:00:00+00:00,141.11,136.51,119.09,149.3260981147593,129.98149280573918
2023-08-23 05:00:00+00:00,162.0,150.87,146.01,161.97962327375794,147.37428946022567
2023-08-23 06:00:00+00:00,157.41,136.95,129.58,142.92909087986737,135.93375769457592
2023-08-23 07:00:00+00:00,136.5,115.91,109.51,114.36614186449317,117.21150452773065
2023-08-23 08:00:00+00:00,119.85,102.4,99.31,93.49943964676827,105.48624784508267
2023-08-23 09:00:00+00:00,111.75,99.67,94.44,81.57967607179178,101.3686969697728
2023-08-23 10:00:00+00:00,102.34,93.57,91.64,70.97374127658408,94.82908480429882
2023-08-23 11:00:00+00:00,98.86,92.58,86.91,66.23295203057631,91.54303897037386
2023-08-23 12:00:00+00:00,97.55,92.44,89.83,65.69226659493957,90.15013508728566
2023-08-23 13:00:00+00:00,104.63,97.16,93.11,72.76795147771104,93.057937710147
2023-08-23 14:00:00+00:00,117.08,99.95,97.21,82.98132136280715,95.00000682098165
2023-08-23 15:00:00+00:00,144.2,108.94,110.79,104.21483323419912,104.92819175972657
2023-08-23 16:00:00+00:00,225.5,145.18,131.22,142.0616622414592,134.54622837720413
2023-08-23 17:00:00+00:00,276.12,192.83,156.1,182.47477497958417,174.02129155807216
2023-08-23 18:00:00+00:00,291.93,206.48,160.03,192.45609404347508,185.3887691951724
2023-08-23 19:00:00+00:00,240.79,166.3,136.1,163.24299981469028,152.1334719162089
2023-08-23 20:00:00+00:00,172.82,145.8,119.9,143.48638494389138,131.87230026076872
2023-08-23 21:00:00+00:00,138.67,127.6,99.99,125.94636093746368,113.64627224643482
2023-08-23 22:00:00+00:00,133.82,123.89,104.88,119.81474925556998,107.00005263055864
2023-08-23 23:00:00+00:00,124.95,112.67,98.38,111.5275548166955,97.43337630253747
2023-08-24 00:00:00+00:00,118.05,109.9,97.95,109.61673169374606,95.01824293208588
2023-08-24 01:00:00+00:00,114.58,106.38,95.14,108.88442316887783,92.54429708684114
2023-08-24 03:00:00+00:00,136.28,115.11,102.4,123.99829141281387,103.2481211052493
2023-08-24 04:00:00+00:00,164.9,141.11,134.72,152.59393961071945,131.86079270300664
2023-08-24 05:00:00+00:00,165.62,162.0,136.4,165.4746216421134,150.35311870004332
2023-08-24 06:00:00+00:00,163.63,157.41,134.11,153.879727901732,147.47337657410694
2023-08-24 07:00:00+00:00,131.97,136.5,115.2,126.80485725731019,129.02080488661778
2023-08-24 08:00:00+00:00,113.51,119.85,103.07,103.45462441140337,114.14678604610322
2023-08-24 09:00:00+00:00,108.94,111.75,95.21,89.33338778990027,106.57461978226213
2023-08-24 10:00:00+00:00,108.99,102.34,91.62,79.56814024668431,97.82369938877464
2023-08-24 11:00:00+00:00,107.48,98.86,89.98,76.96291959285324,93.12941910484254
2023-08-24 13:00:00+00:00,116.03,104.63,94.09,87.65981935190612,95.00575838123959
2023-08-24 14:00:00+00:00,122.88,117.08,100.0,102.31063278253858,103.18967142402597
2023-08-24 15:00:00+00:00,158.97,144.2,113.45,128.8603844551308,123.79112229872105
2023-08-24 16:00:00+00:00,211.78,225.5,131.92,187.06173819735136,185.78660076181848
2023-08-24 17:00:00+00:00,264.91,276.12,150.63,225.3980630085939,228.97100662146454
2023-08-24 18:00:00+00:00,249.29,291.93,145.62,234.07367517760844,242.19704837058418
2023-08-24 19:00:00+00:00,187.64,240.79,128.88,197.10327282105183,202.7636244372108
2023-08-24 20:00:00+00:00,159.27,172.82,116.63,149.8526364362455,151.9323547194209
2023-08-24 21:00:00+00:00,130.09,138.67,107.3,123.7373873058727,124.46924943183829
2023-08-24 22:00:00+00:00,105.24,133.82,105.09,123.58392784318671,124.89250719852886
2023-08-24 23:00:00+00:00,96.34,124.95,101.76,115.96123920205886,117.01098346625366
2023-08-25 00:00:00+00:00,95.71,118.05,101.03,111.55971889059337,111.51646219950356
2023-08-25 01:00:00+00:00,95.9,114.58,103.17,112.31918104150621,109.35822040528775
2023-08-25 02:00:00+00:00,96.76,121.73,101.99,120.02166423731971,115.12470203692641
2023-08-25 03:00:00+00:00,103.0,136.28,104.41,134.69447127669787,127.53029514057928
2023-08-25 04:00:00+00:00,124.22,164.9,120.8,163.44526038020103,155.28377856129163
2023-08-25 05:00:00+00:00,135.12,165.62,140.63,172.1170236707199,163.43609887382073
2023-08-25 06:00:00+00:00,139.42,163.63,122.45,166.81249842503877,161.36331016408442
2023-08-25 07:00:00+00:00,129.03,131.97,106.85,140.85336097293643,136.27551350455784
2023-08-25 08:00:00+00:00,116.67,113.51,95.85,121.31322898052208,120.02528876469259
2023-08-25 09:00:00+00:00,110.61,108.94,89.05,110.69195058129033,113.95254356171327
2023-08-25 10:00:00+00:00,101.95,108.99,86.28,104.69728435939159,110.78564636508216
2023-08-25 11:00:00+00:00,100.0,107.48,82.85,99.35879773561587,106.72597936133332
2023-08-25 12:00:00+00:00,95.58,111.39,84.16,100.79466658782215,107.28345721769405
2023-08-25 13:00:00+00:00,93.27,116.03,89.17,108.49367256029656,110.6063190302389
2023-08-25 14:00:00+00:00,100.82,122.88,95.35,119.43844505142414,116.09879473331972
2023-08-25 15:00:00+00:00,122.02,158.97,108.26,149.72421755858622,144.46950262014468
2023-08-25 16:00:00+00:00,142.0,211.78,128.0,192.50733323050434,189.2644419303473
2023-08-25 17:00:00+00:00,161.26,264.91,161.38,232.28746652039572,233.53316062676197
2023-08-25 18:00:00+00:00,151.43,249.29,150.24,221.25888590034464,221.94003678837743
2023-08-25 19:00:00+00:00,138.13,187.64,127.47,178.37419791399134,172.84024018072535
2023-08-25 20:00:00+00:00,127.89,159.27,109.29,152.46364471892838,145.0145259156526
2023-08-25 21:00:00+00:00,107.89,130.09,100.23,128.80154813980943,120.0161547058408
2023-08-25 22:00:00+00:00,109.9,105.24,99.2,106.71201510680383,100.11914017177067
2023-08-25 23:00:00+00:00,104.1,96.34,95.88,97.68725639485154,91.08745507505486
2023-08-26 00:00:00+00:00,101.91,95.71,94.4,93.62429585427692,87.46427151799533
2023-08-26 01:00:00+00:00,99.52,95.9,93.64,91.90294453517245,84.44428884255413
2023-08-26 02:00:00+00:00,96.12,96.76,95.9,92.59196374063738,83.13343990995598
2023-08-26 04:00:00+00:00,95.48,124.22,99.9,110.18953262001511,99.97057925253831
2023-08-26 05:00:00+00:00,95.9,135.12,90.21,113.47905917225182,104.80725256475208
2023-08-26 06:00:00+00:00,98.3,139.42,83.02,110.10036445733368,106.98772736560528
2023-08-26 07:00:00+00:00,92.64,129.03,79.37,94.3207614885425,97.33662641987036
2023-08-26 08:00:00+00:00,85.11,116.67,69.4,75.11988029225824,85.98430976810504
2023-08-26 09:00:00+00:00,80.38,110.61,41.83,59.06786443324933,77.61613148827708
2023-08-26 10:00:00+00:00,69.91,101.95,25.45,48.07784496265006,69.63359468589091
2023-08-26 11:00:00+00:00,46.27,100.0,14.86,44.12947400237875,66.43823412677477
2023-08-26 12:00:00+00:00,56.38,95.58,12.59,44.831725746483826,63.860311909963436
2023-08-26 13:00:00+00:00,80.53,93.27,25.01,53.937515974042476,66.05642938184556
2023-08-26 14:00:00+00:00,86.87,100.82,74.42,76.78342759825549,80.35111018305851
2023-08-26 15:00:00+00:00,95.0,122.02,100.45,108.0386812398195,104.18152996310525
2023-08-26 16:00:00+00:00,103.76,142.0,115.46,136.861030632611,126.72871038698729
2023-08-26 17:00:00+00:00,123.82,161.26,130.15,157.3863542378698,146.48173310047798
2023-08-26 18:00:00+00:00,132.21,151.43,129.19,150.56821391089167,138.79500968860722
2023-08-26 19:00:00+00:00,135.02,138.13,132.53,138.88593208546368,126.51686728952099
2023-08-26 20:00:00+00:00,122.98,127.89,123.71,127.70873429566872,116.26321911742521
2023-08-26 21:00:00+00:00,110.63,107.89,112.54,110.71987524208899,98.04531046661528
2023-08-26 22:00:00+00:00,102.39,109.9,113.99,113.80328535850863,103.98716840116333
2023-08-26 23:00:00+00:00,98.31,104.1,110.59,107.08486300940629,97.00900850060532
2023-08-27 00:00:00+00:00,96.91,101.91,105.17,102.72108327637953,92.26106521343137
2023-08-27 01:00:00+00:00,96.0,99.52,105.02,99.54428701040428,87.60577847980124
2023-08-27 02:00:00+00:00,99.16,96.12,103.01,96.55805020494398,82.06556370572633
2023-08-27 03:00:00+00:00,98.07,93.63,104.61,94.54345054312624,77.48700942843281
2023-08-27 04:00:00+00:00,99.16,95.48,104.72,95.76742793711662,77.20106818467842
2023-08-27 05:00:00+00:00,96.32,95.9,99.69,93.57862027675208,75.44916256917098
2023-08-27 06:00:00+00:00,94.1,98.3,98.99,93.26483813736954,77.39456054677683
2023-08-27 07:00:00+00:00,94.92,92.64,86.62,87.6007223298348,71.88396033756301
2023-08-27 08:00:00+00:00,93.24,85.11,73.31,80.43892257355726,64.51832431046664
2023-08-27 09:00:00+00:00,93.98,80.38,44.0,73.92416591482501,57.474698889068534
2023-08-27 10:00:00+00:00,93.26,69.91,19.23,64.82725371916314,46.86640178105184
2023-08-27 11:00:00+00:00,87.6,46.27,13.25,52.023917292890786,30.70090500152702
2023-08-27 12:00:00+00:00,87.87,56.38,13.84,57.87211453659628,38.05874991595126
2023-08-27 13:00:00+00:00,89.06,80.53,33.81,74.0403986212957,57.71958144914713
2023-08-27 14:00:00+00:00,96.33,86.87,78.98,86.54675128602929,70.60113560582296
2023-08-27 15:00:00+00:00,105.62,95.0,95.1,101.19562192181169,84.65336289142907
2023-08-27 16:00:00+00:00,119.94,103.76,112.0,116.67267787411677,99.4949172317847
2023-08-27 17:00:00+00:00,129.13,123.82,128.8,133.9631708828268,119.81885243067639
2023-08-27 18:00:00+00:00,125.08,132.21,140.0,140.90956169557745,129.51280538297053
2023-08-27 19:00:00+00:00,127.14,135.02,139.54,139.68204440589452,132.42789391585677
2023-08-27 20:00:00+00:00,119.0,122.98,126.71,127.25093156122783,122.56385796704882
2023-08-27 21:00:00+00:00,102.99,110.63,111.95,112.60370200362186,109.80561235967393
2023-08-27 22:00:00+00:00,93.31,102.39,111.95,103.47039570590375,112.79221035179148
2023-08-27 23:00:00+00:00,88.52,98.31,101.67,97.69139961368164,108.04558851676698
2023-08-28 00:00:00+00:00,85.0,96.91,98.71,95.84157059560393,106.40755836754451
2023-08-28 01:00:00+00:00,80.66,96.0,95.07,97.8004470153,106.0964007742313
2023-08-28 02:00:00+00:00,85.24,99.16,97.71,105.01976516262872,110.05360661469665
2023-08-28 03:00:00+00:00,93.35,98.07,106.22,114.3288752350112,113.65133351793568
2023-08-28 04:00:00+00:00,111.18,99.16,138.84,132.4724425067095,124.575542703325
2023-08-28 05:00:00+00:00,140.51,96.32,160.93,140.74631346999118,128.4718913699941
2023-08-28 06:00:00+00:00,145.66,94.1,137.27,139.59189833082723,126.19459953499828
2023-08-28 07:00:00+00:00,124.55,94.92,115.13,135.4930437578491,123.36827685533174
2023-08-28 08:00:00+00:00,116.58,93.24,104.04,131.05311628966572,120.19748424130468
2023-08-28 09:00:00+00:00,114.86,93.98,96.77,128.15924010378416,118.13791113435384
2023-08-28 10:00:00+00:00,105.07,93.26,92.64,125.0500812297841,114.64903878039449
2023-08-28 11:00:00+00:00,100.25,87.6,89.96,118.50126723183226,106.05795402635702
2023-08-28 12:00:00+00:00,100.59,87.87,95.1,117.82162600061287,104.89567120929631
2023-08-28 13:00:00+00:00,117.58,89.06,95.57,120.66703690135283,106.38571587408245
2023-08-28 14:00:00+00:00,116.47,96.33,100.0,126.67693863886868,111.12632220538569
2023-08-28 15:00:00+00:00,150.15,105.62,118.67,138.82457698442445,121.37284533927259
2023-08-28 16:00:00+00:00,162.85,119.94,142.78,153.46297050066676,135.48834044581065
2023-08-28 17:00:00+00:00,174.96,129.13,186.73,166.76255050088125,149.79721544190068
2023-08-28 18:00:00+00:00,166.73,125.08,203.45,164.77673695364354,149.84994007690594
2023-08-28 19:00:00+00:00,142.4,127.14,166.35,156.47901100957074,145.96971427593388
2023-08-28 20:00:00+00:00,123.72,119.0,136.01,142.02867501798693,133.87488224209588
2023-08-28 21:00:00+00:00,107.94,102.99,115.0,125.4638300806002,117.70111867124828
2023-08-28 22:00:00+00:00,103.09,93.31,113.69,103.68171070680815,96.16965710607411
2023-08-28 23:00:00+00:00,96.97,88.52,104.94,98.45404610323847,91.13424938725557
2023-08-29 00:00:00+00:00,95.04,85.0,103.47,96.05327564312056,88.30181670617884
2023-08-29 02:00:00+00:00,95.05,85.24,106.29,103.01381140174709,91.24310657094757
2023-08-29 03:00:00+00:00,98.81,93.35,112.51,115.09545599390296,100.48960881702685
2023-08-29 04:00:00+00:00,121.88,111.18,136.51,138.22791229605778,120.99461129830144
2023-08-29 05:00:00+00:00,147.16,140.51,150.87,164.61788317900587,147.53122951700377
2023-08-29 06:00:00+00:00,168.78,145.66,136.95,169.47554937968607,151.8650380982642
2023-08-29 07:00:00+00:00,150.84,124.55,115.91,155.18527606182138,135.23686136256708
2023-08-29 08:00:00+00:00,131.77,116.58,102.4,146.15529774931179,127.2660337667134
2023-08-29 09:00:00+00:00,116.98,114.86,99.67,141.18825644591345,124.47756609725727
2023-08-29 10:00:00+00:00,111.19,105.07,93.57,132.6372246979023,115.52114170292134
2023-08-29 11:00:00+00:00,102.85,100.25,92.58,127.5252429709344,109.76694824229311
2023-08-29 12:00:00+00:00,100.15,100.59,92.44,124.51541013245921,107.39409637775772
2023-08-29 13:00:00+00:00,107.64,117.58,97.16,133.0240374335649,117.71184805887454
2023-08-29 14:00:00+00:00,114.09,116.47,99.95,133.48483869032236,116.46941801307494
2023-08-29 15:00:00+00:00,140.63,150.15,108.94,157.30312774938852,142.40396693610396
2023-08-29 16:00:00+00:00,155.85,162.85,145.18,173.4022437665098,158.20019893693947
2023-08-29 17:00:00+00:00,171.81,174.96,192.83,188.84659773622323,174.59055462729447
2023-08-29 18:00:00+00:00,162.5,166.73,206.48,184.8866913483517,170.79514429745367
2023-08-29 19:00:00+00:00,136.68,142.4,166.3,163.41588844908466,149.0866198074414
2023-08-29 20:00:00+00:00,122.08,123.72,145.8,144.6476622666229,131.2011722045434
2023-08-29 21:00:00+00:00,102.81,107.94,127.6,127.9823885551209,115.15593459103093
2023-08-29 22:00:00+00:00,100.12,103.09,123.89,113.42819412745438,98.8961446683359
2023-08-29 23:00:00+00:00,98.6,96.97,112.67,105.86299893224701,91.78739153246914
2023-08-30 00:00:00+00:00,96.36,95.04,109.9,102.8755944313836,89.16473722564716
2023-08-30 02:00:00+00:00,96.81,95.05,110.2,106.37588744786677,90.41538942784997
2023-08-30 03:00:00+00:00,97.68,98.81,115.11,115.49574718829231,97.11330918817083
2023-08-30 04:00:00+00:00,128.15,121.88,141.11,141.59971733871822,122.76584692916403
2023-08-30 05:00:00+00:00,144.13,147.16,162.0,158.2950277357096,145.4948935589094
2023-08-30 06:00:00+00:00,139.91,168.78,157.41,164.24101420254954,160.6631241907605
2023-08-30 07:00:00+00:00,124.7,150.84,136.5,141.9838491735125,143.4910895673701
2023-08-30 08:00:00+00:00,110.29,131.77,119.85,120.32117234707752,127.59206304904255
2023-08-30 09:00:00+00:00,99.3,116.98,111.75,104.62048817948222,115.65686976368521
2023-08-30 10:00:00+00:00,97.74,111.19,102.34,96.23394775497908,108.78146455760981
2023-08-30 11:00:00+00:00,95.58,102.85,98.86,88.55269182161045,100.0644346460479
2023-08-30 12:00:00+00:00,94.1,100.15,97.55,85.83517582070412,95.43325951252993
2023-08-30 13:00:00+00:00,96.65,107.64,104.63,94.24862932972651,101.31329525728202
2023-08-30 14:00:00+00:00,95.74,114.09,117.08,104.8395918345795,106.6122905114217
2023-08-30 15:00:00+00:00,115.33,140.63,144.2,134.92421906620487,132.1894278439054
2023-08-30 16:00:00+00:00,139.92,155.85,225.5,165.202928078876,155.85490537184813
2023-08-30 17:00:00+00:00,169.01,171.81,276.12,186.0548796836207,175.1017800499318
2023-08-30 18:00:00+00:00,168.09,162.5,291.93,180.8309811236545,170.41227374375984
2023-08-30 19:00:00+00:00,134.4,136.68,240.79,153.23766165666666,143.6637985400958
2023-08-30 20:00:00+00:00,119.49,122.08,172.82,127.2065090465537,121.16634199458723
2023-08-30 21:00:00+00:00,101.59,102.81,138.67,105.33474118945456,100.91517252593819
2023-08-30 22:00:00+00:00,96.31,100.12,133.82,92.81561626187995,93.17222172834379
2023-08-30 23:00:00+00:00,91.76,98.6,124.95,88.1091570618002,89.58558024322409
2023-08-31 00:00:00+00:00,91.43,96.36,118.05,85.1536532789776,86.70437047860227
2023-08-31 02:00:00+00:00,88.47,96.81,121.73,90.27164284755207,88.80701998715115
2023-08-31 03:00:00+00:00,91.43,97.68,136.28,99.0349993618871,94.28415477048281
2023-08-31 04:00:00+00:00,105.41,128.15,164.9,129.7966423985617,125.39428177775534
2023-08-31 05:00:00+00:00,141.51,144.13,165.62,143.54049066832502,141.70189280768219
2023-08-31 06:00:00+00:00,127.72,139.91,163.63,136.27598925278144,141.27828915545052
2023-08-31 07:00:00+00:00,114.13,124.7,131.97,113.78709854908475,125.71034007006392
2023-08-31 08:00:00+00:00,96.87,110.29,113.51,93.11891510127555,111.98418916024693
2023-08-31 09:00:00+00:00,92.0,99.3,108.94,77.9174919749548,102.15855849036541
2023-08-31 10:00:00+00:00,90.06,97.74,108.99,69.95633118476604,98.6554457462667
2023-08-31 11:00:00+00:00,88.04,95.58,107.48,63.45104579066079,93.9861537415725
2023-08-31 12:00:00+00:00,86.26,94.1,111.39,61.046751919840176,91.24490828150877
2023-08-31 13:00:00+00:00,87.01,96.65,116.03,66.27958612125111,92.90486490547288
2023-08-31 14:00:00+00:00,89.01,95.74,122.88,74.06371278186256,93.18299590874724
2023-08-31 15:00:00+00:00,99.72,115.33,158.97,102.9875800622735,114.54102028855594
2023-08-31 16:00:00+00:00,119.05,139.92,211.78,136.80856979423058,140.247913208302
2023-08-31 17:00:00+00:00,148.55,169.01,264.91,167.2088604864539,168.3354873500416
2023-08-31 18:00:00+00:00,139.15,168.09,249.29,163.12314459229873,164.60448159855486
2023-08-31 19:00:00+00:00,125.5,134.4,187.64,129.47803739878643,130.35341964770697
2023-08-31 20:00:00+00:00,106.03,119.49,159.27,109.59656499901331,113.1380666037979
2023-08-31 21:00:00+00:00,96.89,101.59,130.09,89.71289373133395,93.9160413014646
2023-08-31 22:00:00+00:00,98.9,96.31,105.24,83.66143420342814,88.67053844472116
2023-08-31 23:00:00+00:00,95.97,91.76,96.34,78.7281094345405,83.45729873547245
2023-09-01 00:00:00+00:00,93.29,91.43,95.71,78.58108161482483,82.40716301803147
2023-09-01 01:00:00+00:00,93.07,90.81,95.9,80.31475197034098,81.84096905764356
2023-09-01 02:00:00+00:00,94.08,88.47,96.76,83.71720959539607,81.73218164507281
2023-09-01 03:00:00+00:00,97.2,91.43,103.0,93.46245987203574,87.38728475954035
2023-09-01 04:00:00+00:00,112.04,105.41,124.22,116.1320910786461,107.04540224071727
2023-09-01 05:00:00+00:00,128.43,141.51,135.12,143.35697032569072,137.17321939231957
2023-09-01 06:00:00+00:00,129.43,127.72,139.42,136.0551604450672,129.372725047493
2023-09-01 07:00:00+00:00,111.3,114.13,129.03,122.83994580264061,117.19734704627815
2023-09-01 08:00:00+00:00,102.22,96.87,116.67,106.17514096083619,102.1981842067808
2023-09-01 09:00:00+00:00,96.52,92.0,110.61,95.74167698666389,95.10160546066639
2023-09-01 10:00:00+00:00,92.02,90.06,101.95,89.1367596737444,90.95804447620328
2023-09-01 11:00:00+00:00,88.9,88.04,100.0,84.81007754901702,87.40475488103843
2023-09-01 12:00:00+00:00,89.23,86.26,95.58,83.02167351809386,84.25964129746035
2023-09-01 13:00:00+00:00,92.02,87.01,93.27,86.03002123513279,84.10587476222611
2023-09-01 14:00:00+00:00,96.57,89.01,100.82,92.95955203692148,86.39559888778984
2023-09-01 15:00:00+00:00,107.61,99.72,122.02,111.66265994875104,99.50796028312621
2023-09-01 16:00:00+00:00,127.15,119.05,142.0,132.85301422441,116.87870238460384
2023-09-01 17:00:00+00:00,151.52,148.55,161.26,154.7059192738,140.5916265677812
2023-09-01 18:00:00+00:00,147.34,139.15,151.43,146.27330957127583,132.3966846370432
2023-09-01 19:00:00+00:00,127.7,125.5,138.13,130.6259446786991,117.49650921880874
2023-09-01 20:00:00+00:00,118.56,106.03,127.89,112.01965799553024,99.49176880429442
2023-09-01 21:00:00+00:00,114.65,96.89,107.89,98.7593181839828,87.33830283283352
2023-09-01 22:00:00+00:00,107.46,98.9,109.9,99.3837839620741,87.32101855619084
2023-09-01 23:00:00+00:00,102.7,95.97,104.1,94.06542319272404,81.9678423933066
2023-09-02 00:00:00+00:00,100.0,93.29,101.91,89.69107882134963,76.83728179082019
2023-09-02 01:00:00+00:00,95.9,93.07,99.52,87.87297125145271,73.30593391632414
2023-09-02 02:00:00+00:00,96.4,94.08,96.12,87.31546834065077,70.20461595989147
2023-09-02 03:00:00+00:00,100.2,97.2,93.63,89.27385899842024,69.24434587806192
2023-09-02 04:00:00+00:00,101.02,112.04,95.48,99.167552532248,77.93152885509988
2023-09-02 05:00:00+00:00,101.09,128.43,95.9,106.11027806614103,88.88279745577154
2023-09-02 06:00:00+00:00,100.22,129.43,98.3,99.8775137450262,88.5513807326727
2023-09-02 07:00:00+00:00,94.58,111.3,92.64,79.51464326458844,74.15349932713697
2023-09-02 08:00:00+00:00,89.77,102.22,85.11,61.96652436853261,64.44053187191383
2023-09-02 09:00:00+00:00,79.9,96.52,80.38,51.02976558656553,59.319268484949575
2023-09-02 10:00:00+00:00,76.0,92.02,69.91,42.96476613785983,54.5266547058302
2023-09-02 11:00:00+00:00,62.99,88.9,46.27,35.066358091143016,47.86225579100012
2023-09-02 12:00:00+00:00,55.35,89.23,56.38,36.05501919251796,48.78240051922175
2023-09-02 13:00:00+00:00,69.4,92.02,80.53,45.56407301429901,55.45060161895569
2023-09-02 14:00:00+00:00,80.01,96.57,86.87,59.425759983257045,62.48403010633324
2023-09-02 15:00:00+00:00,93.45,107.61,95.0,81.98783530340927,75.88336495120895
2023-09-02 16:00:00+00:00,110.0,127.15,103.76,110.63359062165465,96.1127593690254
2023-09-02 17:00:00+00:00,121.79,151.52,123.82,135.03004409796054,120.40821285684262
2023-09-02 18:00:00+00:00,126.8,147.34,132.21,134.4683623794013,120.89497539498466
2023-09-02 19:00:00+00:00,115.19,127.7,135.02,120.33194955575908,107.85729569052221
2023-09-02 20:00:00+00:00,105.64,118.56,122.98,108.79777908293514,98.4105330480418
2023-09-02 21:00:00+00:00,97.34,114.65,110.63,100.22450023321599,92.25621187364541
2023-09-02 22:00:00+00:00,105.28,107.46,102.39,98.85053408474982,92.96128698413709
2023-09-02 23:00:00+00:00,101.03,102.7,98.31,92.80720658573436,86.91650327945243
2023-09-03 00:00:00+00:00,101.94,100.0,96.91,88.12509796171477,81.86088698139535
2023-09-03 01:00:00+00:00,101.64,95.9,96.0,83.83367400970492,75.94818002667344
2023-09-03 02:00:00+00:00,100.37,96.4,99.16,82.82874732072061,73.37393425763909
2023-09-03 03:00:00+00:00,99.03,100.2,98.07,84.38047395455835,73.11096122147772
2023-09-03 04:00:00+00:00,98.18,101.02,99.16,85.53940700762443,71.9120794755363
2023-09-03 05:00:00+00:00,94.43,101.09,96.32,82.82041971197114,69.88075747538633
2023-09-03 06:00:00+00:00,89.54,100.22,94.1,76.85027739360778,68.59332467069004
2023-09-03 07:00:00+00:00,82.8,94.58,94.92,64.89840448075253,63.58541795523085
2023-09-03 08:00:00+00:00,60.3,89.77,93.24,52.6246753084709,60.01258318235555
2023-09-03 09:00:00+00:00,43.43,79.9,93.98,40.02008023122755,53.29480486049752
2023-09-03 10:00:00+00:00,21.37,76.0,93.26,32.493391395458076,50.04295760594836
2023-09-03 11:00:00+00:00,11.33,62.99,87.6,23.063373099140534,40.7863532483247
2023-09-03 12:00:00+00:00,4.94,55.35,87.87,20.67586749129049,36.91909118044034
2023-09-03 13:00:00+00:00,15.71,69.4,89.06,35.802741426990465,49.38274964807606
2023-09-03 14:00:00+00:00,53.66,80.01,96.33,53.131164694706,60.17414547870404
2023-09-03 15:00:00+00:00,94.43,93.45,105.62,79.0960880562549,75.94108447101038
2023-09-03 16:00:00+00:00,110.03,110.0,119.94,109.29047919229762,96.35950689799616
2023-09-03 17:00:00+00:00,125.19,121.79,129.13,125.80321642099645,110.61202898909369
2023-09-03 18:00:00+00:00,138.59,126.8,125.08,129.73307294141037,116.80251366702214
2023-09-03 19:00:00+00:00,119.32,115.19,127.14,119.8624433683324,109.04724199631515
2023-09-03 20:00:00+00:00,109.83,105.64,119.0,108.35528790676021,100.31797428924729
2023-09-03 21:00:00+00:00,101.17,97.34,102.99,96.04992524582197,90.47999254260553
2023-09-03 22:00:00+00:00,100.85,105.28,93.31,101.59146372609666,103.10434808065759
2023-09-03 23:00:00+00:00,94.49,101.03,88.52,97.23312356658111,98.89987951266941
2023-09-04 00:00:00+00:00,93.14,101.94,85.0,97.02357756620955,98.80572802802362
2023-09-04 01:00:00+00:00,93.59,101.64,80.66,98.17855874066223,98.37040365261949
2023-09-04 02:00:00+00:00,93.19,100.37,85.24,102.86482058459336,100.12031562028945
2023-09-04 03:00:00+00:00,103.38,99.03,93.35,110.62740725091578,103.84503074890486
2023-09-04 04:00:00+00:00,127.33,98.18,111.18,123.71417937271859,111.61667464917886
2023-09-04 05:00:00+00:00,144.33,94.43,140.51,128.5509823445983,116.91789678221555
2023-09-04 06:00:00+00:00,129.92,89.54,145.66,117.06403334158162,115.88363134522484
2023-09-04 07:00:00+00:00,109.36,82.8,124.55,94.96719438538058,107.29865773418331
2023-09-04 08:00:00+00:00,92.88,60.3,116.58,69.6287447462725,90.67584450402488
2023-09-04 09:00:00+00:00,82.07,43.43,114.86,52.11652073478537,78.81242301333077
2023-09-04 10:00:00+00:00,77.65,21.37,105.07,35.37645340663913,63.01531567880777
2023-09-04 11:00:00+00:00,72.51,11.33,100.25,26.823591729174737,53.45545678319504
2023-09-04 12:00:00+00:00,72.04,4.94,100.59,24.93260723872355,47.621733679556804
2023-09-04 13:00:00+00:00,80.4,15.71,117.58,40.42770247969827,58.02547422867386
2023-09-04 14:00:00+00:00,90.97,53.66,116.47,71.63938180821626,83.80357792306178
2023-09-04 15:00:00+00:00,109.58,94.43,150.15,115.74308724429818,118.19998679393295
2023-09-04 16:00:00+00:00,138.44,110.03,162.85,143.61970660944326,133.5772329884553
2023-09-04 17:00:00+00:00,198.28,125.19,174.96,160.16163776439387,147.8748281015748
2023-09-04 18:00:00+00:00,172.77,138.59,166.73,162.66819199545876,157.0526601738024
2023-09-04 19:00:00+00:00,124.95,119.32,142.4,140.25034755105904,138.7827938990382
2023-09-04 20:00:00+00:00,105.01,109.83,123.72,123.33030797324554,126.63478545680573
2023-09-04 21:00:00+00:00,95.56,101.17,107.94,109.82452901678984,116.12327919800056
2023-09-04 22:00:00+00:00,94.48,100.85,103.09,93.28590106628813,104.11769600160031
2023-09-04 23:00:00+00:00,92.13,94.49,96.97,87.75303308365706,98.24791515443542
2023-09-05 00:00:00+00:00,91.34,93.14,95.04,87.53478794103093,96.89825018689959
2023-09-05 02:00:00+00:00,91.65,93.19,95.05,95.51887750589836,98.65097579137829
2023-09-05 03:00:00+00:00,95.6,103.38,98.81,109.18737591026799,108.9054590438773
2023-09-05 04:00:00+00:00,120.0,127.33,121.88,137.33494951063346,134.2540658675908
2023-09-05 05:00:00+00:00,126.0,144.33,147.16,151.59630378759041,151.23616553964115
2023-09-05 06:00:00+00:00,118.16,129.92,168.78,137.55549905317156,144.85017620909255
2023-09-05 07:00:00+00:00,97.78,109.36,150.84,110.95297820873317,127.00730099461936
2023-09-05 08:00:00+00:00,88.0,92.88,131.77,87.65849793040806,110.8588991757342
2023-09-05 09:00:00+00:00,81.85,82.07,116.98,71.17528743738502,99.62791059717306
2023-09-05 10:00:00+00:00,75.9,77.65,111.19,61.507094903087236,92.52570753056149
2023-09-05 11:00:00+00:00,75.05,72.51,102.85,52.878363307851586,83.85543111767878
2023-09-05 12:00:00+00:00,77.13,72.04,100.15,50.46954026618293,78.87866983620303
2023-09-05 13:00:00+00:00,83.0,80.4,107.64,60.17286521616079,83.4792785926337
2023-09-05 14:00:00+00:00,88.51,90.97,114.09,77.86180070909015,92.57424031519119
2023-09-05 15:00:00+00:00,103.26,109.58,140.63,110.3533457812128,112.81900826354915
2023-09-05 16:00:00+00:00,129.1,138.44,155.85,145.80675964588488,137.54008536182994
2023-09-05 17:00:00+00:00,184.87,198.28,171.81,188.54386007070838,184.0674686083413
2023-09-05 18:00:00+00:00,154.53,172.77,162.5,171.27387111749383,168.02016563353737
2023-09-05 19:00:00+00:00,121.95,124.95,136.68,133.54072226661697,129.7831840807467
2023-09-05 20:00:00+00:00,107.61,105.01,122.08,111.88238803122886,110.76824294075647
2023-09-05 21:00:00+00:00,96.03,95.56,102.81,98.9719133328809,99.1887189791532
2023-09-05 22:00:00+00:00,88.89,94.48,100.12,88.05971282249742,87.23767537075418
2023-09-05 23:00:00+00:00,85.52,92.13,98.6,86.38952533167256,84.22865674635928
2023-09-06 00:00:00+00:00,90.53,91.34,96.36,86.92592709036562,83.05124869409084
2023-09-06 01:00:00+00:00,92.12,91.08,94.57,90.26360783497483,83.2048689467871
2023-09-06 02:00:00+00:00,92.48,91.65,96.81,95.72212467843613,84.74678688999981
2023-09-06 03:00:00+00:00,102.98,95.6,97.68,106.03926138605779,91.04052833498699
2023-09-06 04:00:00+00:00,122.71,120.0,128.15,135.3738299065118,118.7748552412827
2023-09-06 05:00:00+00:00,141.99,126.0,144.13,141.81610350933687,128.159648173237
2023-09-06 06:00:00+00:00,119.19,118.16,139.91,124.86319975152207,122.02783040054435
2023-09-06 07:00:00+00:00,97.73,97.78,124.7,95.38529799011248,104.22685290470366
2023-09-06 08:00:00+00:00,88.65,88.0,110.29,74.38362778619162,93.68535578335114
2023-09-06 09:00:00+00:00,82.1,81.85,99.3,59.29093504684272,86.40016446042237
2023-09-06 10:00:00+00:00,75.17,75.9,97.74,49.15832026523681,80.5903229957774
2023-09-06 11:00:00+00:00,73.43,75.05,95.58,44.85969594773603,77.489478374044
2023-09-06 12:00:00+00:00,75.48,77.13,94.1,45.65344646827771,76.46360462379437
2023-09-06 13:00:00+00:00,82.5,83.0,96.65,55.52608952749178,80.50104091763299
2023-09-06 14:00:00+00:00,91.44,88.51,95.74,68.97294577394655,83.8145942684963
2023-09-06 15:00:00+00:00,105.87,103.26,115.33,96.10451852400408,98.21961158165598
2023-09-06 16:00:00+00:00,145.83,129.1,139.92,129.5932141242165,122.30706015679336
2023-09-06 17:00:00+00:00,189.83,184.87,169.01,168.89525842341374,168.9859046453043
2023-09-06 18:00:00+00:00,166.04,154.53,168.09,145.2501712275808,147.1883630114463
2023-09-06 19:00:00+00:00,123.13,121.95,134.4,111.78346516576946,116.29923635633071
2023-09-06 20:00:00+00:00,105.5,107.61,119.49,92.45268296857674,100.95089899435281
2023-09-06 21:00:00+00:00,95.72,96.03,101.59,77.65464510304389,88.0171985228989
2023-09-06 22:00:00+00:00,95.42,88.89,96.31,68.35142585069428,77.19997952811593
2023-09-06 23:00:00+00:00,91.37,85.52,91.76,65.50653322786157,73.39024858019503
2023-09-07 00:00:00+00:00,89.08,90.53,91.43,69.17683901873882,76.36617960089377
2023-09-07 01:00:00+00:00,84.01,92.12,90.81,73.11288194098142,77.7924226998538
2023-09-07 02:00:00+00:00,87.84,92.48,88.47,77.58031067106171,78.84337490345646
2023-09-07 03:00:00+00:00,92.09,102.98,91.43,90.38101080549421,88.97305236046603
2023-09-07 04:00:00+00:00,116.02,122.71,105.41,114.28744365244354,111.48908192258106
2023-09-07 05:00:00+00:00,130.0,141.99,141.51,130.87003689970103,132.4849980985191
2023-09-07 06:00:00+00:00,126.0,119.19,127.72,106.0097509219634,115.68190627318216
2023-09-07 07:00:00+00:00,102.68,97.73,114.13,79.36498527832684,97.43789202201856
2023-09-07 08:00:00+00:00,88.22,88.65,96.87,61.92403479825282,87.70235052650928
2023-09-07 09:00:00+00:00,82.7,82.1,92.0,48.11907691003465,81.45154595750101
2023-09-07 10:00:00+00:00,73.53,75.17,90.06,36.32969579644315,74.64916727630393
2023-09-07 11:00:00+00:00,65.2,73.43,88.04,30.735587629221996,71.15091472969142
2023-09-07 12:00:00+00:00,70.18,75.48,86.26,30.906452602047807,70.52103398306666
2023-09-07 13:00:00+00:00,82.0,82.5,87.01,39.86230088512956,75.01160628058162
2023-09-07 14:00:00+00:00,88.3,91.44,89.01,53.45784704510325,80.5888946654366
2023-09-07 15:00:00+00:00,103.14,105.87,99.72,77.62255704683918,93.39348599073055
2023-09-07 16:00:00+00:00,133.53,145.83,119.05,117.02787697604302,126.00341072249961
2023-09-07 17:00:00+00:00,167.27,189.83,148.55,148.52557846392142,164.58314717586626
2023-09-07 18:00:00+00:00,146.73,166.04,139.15,128.37803018770916,146.6321281840257
2023-09-07 19:00:00+00:00,118.0,123.13,125.5,94.37880697029846,112.16680902785212
2023-09-07 20:00:00+00:00,101.4,105.5,106.03,75.71078760606612,94.26518565809788
2023-09-07 21:00:00+00:00,88.95,95.72,96.89,65.9212326494762,83.82874326989412
2023-09-07 22:00:00+00:00,84.62,95.42,98.9,70.52087308931813,87.04958087688391
2023-09-07 23:00:00+00:00,81.52,91.37,95.97,68.93616829443931,82.92101278700954
2023-09-08 00:00:00+00:00,82.06,89.08,93.29,69.72653108962284,81.02812238904055
2023-09-08 01:00:00+00:00,82.1,84.01,93.07,71.26535577111926,78.09679278925678
2023-09-08 02:00:00+00:00,87.42,87.84,94.08,79.23017914654515,81.90752830858645
2023-09-08 03:00:00+00:00,93.55,92.09,97.2,90.40027855304832,88.48487480755207
2023-09-08 04:00:00+00:00,112.89,116.02,112.04,118.06245950735035,113.53837468177059
2023-09-08 05:00:00+00:00,133.76,130.0,128.43,131.30404283649636,129.02397201871082
2023-09-08 06:00:00+00:00,122.52,126.0,129.43,120.23146628824948,126.12657615630812
2023-09-08 07:00:00+00:00,100.18,102.68,111.3,92.83060992357632,105.85850158609654
2023-09-08 08:00:00+00:00,89.87,88.22,102.22,72.25279401286619,93.07504916934006
2023-09-08 09:00:00+00:00,82.48,82.7,96.52,59.1904527714765,86.84944848599164
2023-09-08 10:00:00+00:00,75.1,73.53,92.02,47.39975912058851,78.01671918415686
2023-09-08 11:00:00+00:00,70.91,65.2,88.9,39.5650508904763,69.76646444236158
2023-09-08 12:00:00+00:00,72.57,70.18,89.23,43.18770114430252,71.3270304854811
2023-09-08 13:00:00+00:00,80.23,82.0,92.02,57.268274064969134,79.52302951101629
2023-09-08 14:00:00+00:00,88.41,88.3,96.57,72.78653000844886,84.18610932129505
2023-09-08 15:00:00+00:00,107.9,103.14,107.61,99.34810259966575,97.09854706897978
2023-09-08 16:00:00+00:00,171.82,133.53,127.15,135.3961466539987,123.81535876595126
2023-09-08 17:00:00+00:00,230.0,167.27,151.52,161.59226312358294,152.66005824891306
2023-09-08 18:00:00+00:00,195.55,146.73,147.34,145.57134201593675,137.500325915294
2023-09-08 19:00:00+00:00,132.08,118.0,127.7,118.60318182144985,111.07346255924942
2023-09-08 20:00:00+00:00,113.93,101.4,118.56,100.67781346331807,95.20065203307551
2023-09-08 21:00:00+00:00,105.98,88.95,114.65,88.2080202872313,83.77609536325991
2023-09-08 22:00:00+00:00,105.2,84.62,107.46,83.44584639000263,77.35156185320676
2023-09-08 23:00:00+00:00,102.47,81.52,102.7,78.9906932079259,72.04511356753204
2023-09-09 00:00:00+00:00,100.01,82.06,100.0,77.81379329123666,69.37157874929781
2023-09-09 01:00:00+00:00,100.0,82.1,95.9,77.15938199156432,65.73541113571162
2023-09-09 02:00:00+00:00,100.85,87.42,96.4,80.15074445491128,66.23393320058527
2023-09-09 03:00:00+00:00,101.33,93.55,100.2,85.09810962805864,68.23362889650387
2023-09-09 04:00:00+00:00,103.83,112.89,101.02,98.25515995899623,80.82993425019608
2023-09-09 05:00:00+00:00,104.04,133.76,101.09,107.60091205121122,94.24474320010212
2023-09-09 06:00:00+00:00,96.09,122.52,100.22,90.54048048112836,86.0634872956038
2023-09-09 07:00:00+00:00,89.77,100.18,94.58,63.024609949355536,68.32411693374762
2023-09-09 08:00:00+00:00,78.79,89.87,89.77,43.882665238230736,58.83569306070127
2023-09-09 09:00:00+00:00,65.53,82.48,79.9,29.58528052846252,51.64597073415075
2023-09-09 10:00:00+00:00,20.52,75.1,76.0,19.436899193616654,44.80265305310434
2023-09-09 11:00:00+00:00,5.19,70.91,62.99,13.276377543744033,38.72852386570939
2023-09-09 12:00:00+00:00,10.39,72.57,55.35,16.550302998002905,39.39920596641119
2023-09-09 13:00:00+00:00,57.89,80.23,69.4,32.14891381637187,49.03175293710537
2023-09-09 14:00:00+00:00,78.8,88.41,80.01,51.26125747532054,58.28810565668123
2023-09-09 15:00:00+00:00,97.75,107.9,93.45,83.65025987448303,78.46645226542438
2023-09-09 16:00:00+00:00,121.3,171.82,110.0,141.23373831766128,130.82194764574984
2023-09-09 17:00:00+00:00,154.21,230.0,121.79,185.62938944593128,178.92469909186067
2023-09-09 18:00:00+00:00,156.51,195.55,126.8,169.46271523873546,159.15586595067066
2023-09-09 19:00:00+00:00,131.78,132.08,115.19,129.44310273789824,113.37807720612271
2023-09-09 20:00:00+00:00,110.9,113.93,105.64,113.6712213616231,98.24455125651242
2023-09-09 21:00:00+00:00,103.16,105.98,97.34,103.53016811240383,89.47216417975937
2023-09-09 22:00:00+00:00,105.85,105.2,105.28,107.21230099895135,95.76949104135211
2023-09-09 23:00:00+00:00,104.33,102.47,101.03,102.09343094525288,90.7654082218104
2023-09-10 00:00:00+00:00,103.63,100.01,101.94,98.57636780678628,86.42508237660654
2023-09-10 01:00:00+00:00,100.79,100.0,101.64,97.15597725562453,83.32150257571044
2023-09-10 02:00:00+00:00,96.81,100.85,100.37,96.79497200476118,80.69386292548532
2023-09-10 03:00:00+00:00,98.72,101.33,99.03,96.88711810457676,77.76548053637374
2023-09-10 04:00:00+00:00,99.35,103.83,98.18,99.52534198718621,77.69813251635318
2023-09-10 05:00:00+00:00,97.25,104.04,94.43,96.82765715046047,76.40917961311875
2023-09-10 06:00:00+00:00,93.35,96.09,89.54,82.036443211873,69.92165089583672
2023-09-10 07:00:00+00:00,89.06,89.77,82.8,64.06861389700467,64.10896918418268
2023-09-10 08:00:00+00:00,56.08,78.79,60.3,42.80081628433759,53.291927755948365
2023-09-10 09:00:00+00:00,18.0,65.53,43.43,25.868027481794726,42.34139408706301
2023-09-10 10:00:00+00:00,8.28,20.52,21.37,-3.6414021532009144,9.82974422604643
2023-09-10 11:00:00+00:00,0.03,5.19,11.33,-12.378560423709771,-1.1828158801351663
2023-09-10 12:00:00+00:00,0.0,10.39,4.94,-4.9775971266310535,3.5996385999658997
2023-09-10 13:00:00+00:00,26.33,57.89,15.71,30.93033126089459,39.67687900611551
2023-09-10 14:00:00+00:00,79.0,78.8,53.66,59.19205372861023,60.93292871957724
2023-09-10 15:00:00+00:00,100.24,97.75,94.43,94.87242722448453,84.99723368901401
2023-09-10 16:00:00+00:00,121.19,121.3,110.03,130.77073114246264,112.15325093805235
2023-09-10 17:00:00+00:00,150.6,154.21,125.19,158.26020081049592,143.00058849745585
2023-09-10 18:00:00+00:00,151.9,156.51,138.59,159.52238321462755,147.00733303433196
2023-09-10 19:00:00+00:00,131.57,131.78,119.32,138.07883548519246,124.63500443076398
2023-09-10 20:00:00+00:00,113.93,110.9,109.83,121.05955536669765,108.41665708320227
2023-09-10 21:00:00+00:00,100.86,103.16,101.17,110.04012954503733,100.07591616716145
2023-09-10 22:00:00+00:00,105.0,105.85,100.85,114.86798291905296,111.25109030132518
2023-09-10 23:00:00+00:00,97.38,104.33,94.49,111.08197006502087,108.92369086524094
2023-09-11 00:00:00+00:00,96.03,103.63,93.14,109.53456511234933,107.92555429703853
2023-09-11 01:00:00+00:00,93.05,100.79,93.59,109.80920151822309,106.76927087271852
2023-09-11 02:00:00+00:00,94.75,96.81,93.19,111.82785396004475,105.78085809008921
2023-09-11 03:00:00+00:00,104.21,98.72,103.38,121.4240411046887,111.61264524969921
2023-09-11 04:00:00+00:00,146.61,99.35,127.33,138.07893592681518,122.30330836543558
2023-09-11 05:00:00+00:00,179.21,97.25,144.33,143.41672980409047,126.5476304284307
2023-09-11 06:00:00+00:00,136.44,93.35,129.92,130.116044788031,123.0073243033405
2023-09-11 07:00:00+00:00,113.0,89.06,109.36,110.2173128140612,116.60001521417088
2023-09-11 08:00:00+00:00,95.16,56.08,92.88,78.4920072825094,91.28525480367162
2023-09-11 09:00:00+00:00,89.17,18.0,82.07,49.1596292967226,63.465636203221344
2023-09-11 10:00:00+00:00,87.67,8.28,77.65,36.94629477637088,52.0508450889725
2023-09-11 11:00:00+00:00,86.45,0.03,72.51,29.643933008049842,42.94683201024346
2023-09-11 12:00:00+00:00,89.0,0.0,72.04,31.979863113250545,41.7548087675435
2023-09-11 13:00:00+00:00,92.53,26.33,80.4,56.693166858079195,63.939687936080475
2023-09-11 14:00:00+00:00,100.18,79.0,90.97,96.78319797801178,101.23517290670081
2023-09-11 15:00:00+00:00,132.93,100.24,109.58,127.34236584048918,120.0694206732268
2023-09-11 16:00:00+00:00,266.71,121.19,138.44,158.25175802632393,140.64948620005646
2023-09-11 17:00:00+00:00,524.27,150.6,198.28,187.73265340605676,171.18809702030592
2023-09-11 18:00:00+00:00,448.13,151.9,172.77,184.37804828026685,170.35646225091807
2023-09-11 19:00:00+00:00,223.11,131.57,124.95,161.20154567050952,147.51020303663145
2023-09-11 20:00:00+00:00,147.83,113.93,105.01,141.94020628794866,129.28791020655183
2023-09-11 21:00:00+00:00,119.94,100.86,95.56,128.05423645438586,116.50899390288633
2023-09-11 22:00:00+00:00,106.36,105.0,94.48,119.30908936821258,109.60103869416258
2023-09-11 23:00:00+00:00,105.14,97.38,92.13,113.9867495664821,103.8332559563289
2023-09-12 00:00:00+00:00,105.87,96.03,91.34,112.9777883009609,102.68585370384855
2023-09-12 01:00:00+00:00,105.63,93.05,91.08,113.20224265612748,100.98367527136877
2023-09-12 02:00:00+00:00,106.36,94.75,91.65,117.6291577725254,103.02480269257825
2023-09-12 03:00:00+00:00,116.14,104.21,95.6,129.66905484615967,112.64110306578132
2023-09-12 04:00:00+00:00,153.57,146.61,120.0,167.4510438614766,150.53263852496985
2023-09-12 05:00:00+00:00,228.99,179.21,126.0,188.7057442063973,175.23474318044987
2023-09-12 06:00:00+00:00,146.98,136.44,118.16,157.8830516161698,145.92556695663097
2023-09-12 07:00:00+00:00,123.22,113.0,97.78,131.50018560519254,126.72744488153084
2023-09-12 08:00:00+00:00,112.33,95.16,88.0,108.5440557044345,110.04134390240267
2023-09-12 09:00:00+00:00,101.59,89.17,81.85,93.86871806558372,100.682233837527
2023-09-12 10:00:00+00:00,96.46,87.67,75.9,84.72830670483826,95.33501813506027
2023-09-12 11:00:00+00:00,93.59,86.45,75.05,79.04881414233864,90.26719133461819
2023-09-12 12:00:00+00:00,97.08,89.0,77.13,79.4629716487411,88.34011839383173
2023-09-12 13:00:00+00:00,99.9,92.53,83.0,87.44602460013495,91.29372354062788
2023-09-12 14:00:00+00:00,109.17,100.18,88.51,102.30348561066454,100.00222306934491
2023-09-12 15:00:00+00:00,140.41,132.93,103.26,133.5685151286304,126.16392216917036
2023-09-12 16:00:00+00:00,190.53,266.71,129.1,223.41627412561098,225.482687781008
2023-09-12 17:00:00+00:00,284.02,524.27,184.87,389.5657899226235,420.9490644420232
2023-09-12 18:00:00+00:00,185.62,448.13,154.53,350.58637803655256,371.56463607174237
2023-09-12 19:00:00+00:00,136.62,223.11,121.95,219.6080217835125,213.22871738524697
2023-09-12 20:00:00+00:00,115.55,147.83,107.61,168.46084314584454,156.7887143224312
2023-09-12 21:00:00+00:00,93.77,119.94,96.03,144.52288688462158,133.31768744525735
2023-09-12 22:00:00+00:00,106.45,106.36,88.89,130.5350016887807,114.65339912322872
2023-09-12 23:00:00+00:00,99.9,105.14,85.52,126.07816326501117,112.0996394336887
2023-09-13 00:00:00+00:00,97.86,105.87,90.53,125.31679332649622,112.65921610884651
2023-09-13 01:00:00+00:00,93.76,105.63,92.12,126.20360108065601,112.8696936811377
2023-09-13 02:00:00+00:00,93.49,106.36,92.48,129.4118033640003,114.346988267297
2023-09-13 03:00:00+00:00,97.92,116.14,102.98,142.55458549124734,125.63385434077564
2023-09-13 04:00:00+00:00,124.74,153.57,122.71,177.01334854588907,162.27351585553214
2023-09-13 05:00:00+00:00,139.71,228.99,141.99,223.61063637771605,219.88005908433814
2023-09-13 06:00:00+00:00,137.72,146.98,119.19,173.6473881163108,159.67555616209316
2023-09-13 07:00:00+00:00,124.91,123.22,97.73,153.00114630934962,139.17578809771234
2023-09-13 08:00:00+00:00,103.21,112.33,88.65,139.63520911496,128.34300186806234
2023-09-13 09:00:00+00:00,96.86,101.59,82.1,127.45207724275868,118.77919851815619
2023-09-13 10:00:00+00:00,93.97,96.46,75.17,118.04368638236929,112.51596014666548
2023-09-13 11:00:00+00:00,92.83,93.59,73.43,111.37399955337375,108.26746175157045
2023-09-13 12:00:00+00:00,92.02,97.08,75.48,110.91186528308619,109.22437344038492
2023-09-13 13:00:00+00:00,95.3,99.9,82.5,114.45712223327021,111.2859464849685
2023-09-13 14:00:00+00:00,96.02,109.17,91.44,124.56464013115604,118.47838752179945
2023-09-13 15:00:00+00:00,104.39,140.41,105.87,151.16659860858454,144.3194053597834
2023-09-13 16:00:00+00:00,124.98,190.53,145.83,196.62282428206265,194.05432876679942
2023-09-13 17:00:00+00:00,153.5,284.02,189.83,258.1166724596028,277.44179424166845
2023-09-13 18:00:00+00:00,141.67,185.62,166.04,188.7069140840277,197.03314823859893
2023-09-13 19:00:00+00:00,122.79,136.62,123.13,143.10175928686806,139.9480725996936
2023-09-13 20:00:00+00:00,106.41,115.55,105.5,123.41775181243787,116.25120136528189
2023-09-13 21:00:00+00:00,98.07,93.77,95.72,107.34685640357486,96.6955566139467
2023-09-13 22:00:00+00:00,96.3,106.45,95.42,108.81136962376335,98.27112822604865
2023-09-13 23:00:00+00:00,94.88,99.9,91.37,104.86837288601811,92.59531341282961
2023-09-14 00:00:00+00:00,98.74,97.86,89.08,104.5886735006834,90.68044245590754
2023-09-14 01:00:00+00:00,100.5,93.76,84.01,105.06556635228168,87.80773259418781
2023-09-14 02:00:00+00:00,99.29,93.49,87.84,110.36492259332309,89.42796356580622
2023-09-14 03:00:00+00:00,104.74,97.92,92.09,121.64107443322598,96.7524894236969
2023-09-14 04:00:00+00:00,142.15,124.74,116.02,153.33829719332988,126.95450784724797
2023-09-14 05:00:00+00:00,181.22,139.71,130.0,169.1961616998447,145.89640107548755
2023-09-14 06:00:00+00:00,155.77,137.72,126.0,159.36804949281853,139.12273355723102
2023-09-14 07:00:00+00:00,118.02,124.91,102.68,137.2768620200755,124.7765792924702
2023-09-14 08:00:00+00:00,96.82,103.21,88.22,111.50404984406518,106.82209454392124
2023-09-14 09:00:00+00:00,91.59,96.86,82.7,97.79787060107996,100.26957221218184
2023-09-14 10:00:00+00:00,91.25,93.97,73.53,88.54123202175926,95.43166157023845
2023-09-14 11:00:00+00:00,89.66,92.83,65.2,82.58376794322339,91.25715071371593
2023-09-14 12:00:00+00:00,88.14,92.02,70.18,81.54912864499602,89.24344015395455
2023-09-14 13:00:00+00:00,89.7,95.3,82.0,89.1794877339506,92.18690656726885
2023-09-14 14:00:00+00:00,94.16,96.02,88.3,99.02633327381992,93.51644305404427
2023-09-14 15:00:00+00:00,116.84,104.39,103.14,120.74564438689656,104.51178777251926
2023-09-14 16:00:00+00:00,173.01,124.98,133.53,151.08853453463962,127.27527054746204
2023-09-14 17:00:00+00:00,235.74,153.5,167.27,172.22622265102024,155.04750202901556
2023-09-14 18:00:00+00:00,185.8,141.67,146.73,154.81489330218577,137.2128365849519
2023-09-14 19:00:00+00:00,133.34,122.79,118.0,132.21802218310467,115.53680381340732
2023-09-14 20:00:00+00:00,114.14,106.41,101.4,113.88071288224205,98.96891545417445
2023-09-14 21:00:00+00:00,99.37,98.07,88.95,100.42806383444226,87.89866009287748
2023-09-14 22:00:00+00:00,100.89,96.3,84.62,96.74891621270154,89.12150604717486
2023-09-14 23:00:00+00:00,97.01,94.88,81.52,93.0661915372911,86.66881679121326
2023-09-15 00:00:00+00:00,96.4,98.74,82.06,94.44508114382973,88.91431250560628
2023-09-15 01:00:00+00:00,97.64,100.5,82.1,96.9725543803641,90.29450875303759
2023-09-15 02:00:00+00:00,99.2,99.29,87.42,100.22946712240638,91.24562786885801
2023-09-15 03:00:00+00:00,99.43,104.74,93.55,110.15991875960839,98.60262479620908
2023-09-15 04:00:00+00:00,138.64,142.15,112.89,145.510160145204,134.61513268117582
2023-09-15 05:00:00+00:00,150.87,181.22,133.76,175.1007870637627,169.0472580572672
2023-09-15 06:00:00+00:00,125.07,155.77,122.52,152.01152045051975,151.64017960248847
2023-09-15 07:00:00+00:00,104.38,118.02,100.18,115.10401639088757,121.28601442166206
2023-09-15 08:00:00+00:00,93.58,96.82,89.87,90.27034260108422,103.2999146991484
2023-09-15 09:00:00+00:00,89.46,91.59,82.48,75.86877033307093,97.36759499588534
2023-09-15 10:00:00+00:00,78.57,91.25,75.1,67.69234719131299,94.14234361943844
2023-09-15 11:00:00+00:00,62.89,89.66,70.91,63.48230827460502,90.0538468930738
2023-09-15 12:00:00+00:00,71.19,88.14,72.57,64.56522956791481,87.08269386191672
2023-09-15 13:00:00+00:00,84.88,89.7,80.23,73.4974693199984,88.15698529835527
2023-09-15 14:00:00+00:00,93.4,94.16,88.41,87.35280117441225,91.32734521800433
2023-09-15 15:00:00+00:00,114.67,116.84,107.9,116.17937148706847,109.54070101092361
2023-09-15 16:00:00+00:00,155.21,173.01,171.82,169.04794604890077,158.65545846204242
2023-09-15 17:00:00+00:00,189.87,235.74,230.0,214.28222350379892,212.98750463002494
2023-09-15 18:00:00+00:00,142.75,185.8,195.55,176.6399252170957,175.0859624037912
2023-09-15 19:00:00+00:00,112.65,133.34,132.08,130.02251230763943,128.36065611576603
2023-09-15 20:00:00+00:00,102.04,114.14,113.93,108.69322093362392,109.83462490145082
2023-09-15 21:00:00+00:00,95.77,99.37,105.98,94.48660339178791,96.79670500732423
2023-09-15 22:00:00+00:00,96.24,100.89,105.2,92.3982862306945,96.60298821570882
2023-09-15 23:00:00+00:00,94.02,97.01,102.47,88.16407781499365,91.30970108367981
2023-09-16 00:00:00+00:00,92.52,96.4,100.01,86.86862453726673,88.17631333966332
2023-09-16 01:00:00+00:00,91.56,97.64,100.0,88.0169639830264,86.33692990565358
2023-09-16 02:00:00+00:00,94.72,99.2,100.85,90.00870936497408,84.45479250809588
2023-09-16 03:00:00+00:00,92.75,99.43,101.33,92.64187425096087,82.41653042121732
2023-09-16 04:00:00+00:00,103.47,138.64,103.83,118.54960896407587,109.83366277891486
2023-09-16 05:00:00+00:00,110.88,150.87,104.04,126.20316753122957,118.78752522315719
2023-09-16 06:00:00+00:00,101.67,125.07,96.09,104.05132945735524,98.53061277568698
2023-09-16 07:00:00+00:00,90.79,104.38,89.77,81.40352432602896,80.69273392286934
2023-09-16 08:00:00+00:00,79.0,93.58,78.79,64.01034537883197,69.99287832126399
2023-09-16 09:00:00+00:00,64.97,89.46,65.53,51.594636594844445,64.37323851784302
2023-09-16 10:00:00+00:00,54.48,78.57,20.52,36.186136377393325,50.916448571961205
2023-09-16 11:00:00+00:00,32.44,62.89,5.19,25.931557429173978,38.004043581927775
2023-09-16 12:00:00+00:00,34.4,71.19,10.39,34.90102401571906,44.15951649197406
2023-09-16 13:00:00+00:00,74.46,84.88,57.89,58.07825270504979,61.07074232012012
2023-09-16 14:00:00+00:00,87.44,93.4,78.8,79.47894352654458,72.2959038343422
2023-09-16 15:00:00+00:00,108.16,114.67,97.75,111.85346950263428,94.7415086461674
2023-09-16 16:00:00+00:00,133.56,155.21,121.3,153.89392807002255,133.54496171294784
2023-09-16 17:00:00+00:00,181.24,189.87,154.21,181.685175133673,167.92394632400726
2023-09-16 18:00:00+00:00,143.62,142.75,156.51,152.7175091391162,135.34441726531094
2023-09-16 19:00:00+00:00,117.49,112.65,131.78,126.6616772517934,108.45066822004844
2023-09-16 20:00:00+00:00,105.03,102.04,110.9,112.99255998158264,96.84654099524285
2023-09-16 21:00:00+00:00,99.9,95.77,103.16,103.89085627812155,89.41818549563406
2023-09-16 22:00:00+00:00,108.99,96.24,105.85,108.8139854396032,96.62016926855418
2023-09-16 23:00:00+00:00,105.35,94.02,104.33,104.80743282575632,92.91380937930153
2023-09-17 00:00:00+00:00,104.67,92.52,103.63,101.3699001171594,89.25651214651528
2023-09-17 01:00:00+00:00,100.58,91.56,100.79,98.79459445934116,85.46392450479416
2023-09-17 02:00:00+00:00,101.7,94.72,96.81,98.55105194480194,83.9738919859058
2023-09-17 03:00:00+00:00,99.16,92.75,98.72,96.80801885309329,79.60027215667115
2023-09-17 04:00:00+00:00,98.97,103.47,99.35,103.91681400150499,86.58149867927867
2023-09-17 05:00:00+00:00,103.33,110.88,97.25,105.68818814156647,89.5380668110515
2023-09-17 06:00:00+00:00,93.82,101.67,93.35,92.24463311529757,80.7249508667349
2023-09-17 07:00:00+00:00,83.16,90.79,89.06,75.29103362964457,71.82769633590004
2023-09-17 08:00:00+00:00,70.79,79.0,56.08,54.117995798782935,58.945997241717905
2023-09-17 09:00:00+00:00,39.81,64.97,18.0,34.28780646305323,44.7079286531952
2023-09-17 10:00:00+00:00,21.21,54.48,8.28,22.44176670221637,35.86015692125942
2023-09-17 11:00:00+00:00,4.08,32.44,0.03,6.429562154442522,18.08267400578181
2023-09-17 12:00:00+00:00,4.3,34.4,0.0,11.27060617344705,21.15062969763777
2023-09-17 13:00:00+00:00,38.7,74.46,26.33,44.25579102126024,54.24717532976747
2023-09-17 14:00:00+00:00,78.34,87.44,79.0,70.66077662145105,73.2318692193106
2023-09-17 15:00:00+00:00,108.76,108.16,100.24,102.23021938576719,96.39345453162817
2023-09-17 16:00:00+00:00,132.0,133.56,121.19,133.25473433513739,124.19024365501197
2023-09-17 17:00:00+00:00,151.9,181.24,150.6,164.7996503449168,166.43410675516887
2023-09-17 18:00:00+00:00,126.81,143.62,151.9,139.1842919357433,141.8390324522976
2023-09-17 19:00:00+00:00,118.25,117.49,131.57,114.13911181472602,120.59383134507205
2023-09-17 20:00:00+00:00,108.91,105.03,113.93,99.39363558655742,109.83888701215598
2023-09-17 21:00:00+00:00,99.18,99.9,100.86,89.5099316795542,103.21048657545923
2023-09-17 22:00:00+00:00,93.97,108.99,105.0,101.81516316552197,119.4124017021768
2023-09-17 23:00:00+00:00,88.47,105.35,97.38,97.78996491519122,115.8281847833941
2023-09-18 00:00:00+00:00,81.73,104.67,96.03,97.3366539029303,115.01026974218256
2023-09-18 01:00:00+00:00,85.02,100.58,93.05,96.25584137212233,112.44870024041292
2023-09-18 02:00:00+00:00,87.82,101.7,94.75,100.23452739772742,115.51708118586996
2023-09-18 03:00:00+00:00,93.67,99.16,104.21,104.37366488861154,117.93622034695076
2023-09-18 04:00:00+00:00,117.21,98.97,146.61,118.07693720787427,130.27310910948498
2023-09-18 05:00:00+00:00,133.49,103.33,179.21,126.24451514284164,140.8734762119554
2023-09-18 06:00:00+00:00,128.81,93.82,136.44,111.93272572690559,129.849980677723
2023-09-18 07:00:00+00:00,105.85,83.16,113.0,98.04444665575889,118.99122345157933
2023-09-18 08:00:00+00:00,90.65,70.79,95.16,83.32146598110853,107.00542018430465
2023-09-18 09:00:00+00:00,74.3,39.81,89.17,60.00743235499114,84.05179025519993
2023-09-18 10:00:00+00:00,56.2,21.21,87.67,46.630780427660994,69.91363142967019
2023-09-18 11:00:00+00:00,30.44,4.08,86.45,35.62844003573291,55.366576896010805
2023-09-18 12:00:00+00:00,38.46,4.3,89.0,38.97745555942008,55.01357169403447
2023-09-18 13:00:00+00:00,73.88,38.7,92.53,64.8453308127067,81.32615167876969
2023-09-18 14:00:00+00:00,90.67,78.34,100.18,93.05027114275657,109.0130030251747
2023-09-18 15:00:00+00:00,116.01,108.76,132.93,122.61305533921947,135.6233305109917
2023-09-18 16:00:00+00:00,139.43,132.0,266.71,160.5699990810931,170.97727128067748
2023-09-18 17:00:00+00:00,161.78,151.9,524.27,205.0082908657483,220.5993302907051
2023-09-18 18:00:00+00:00,125.63,126.81,448.13,175.35040444154012,191.66621233087682
2023-09-18 19:00:00+00:00,106.57,118.25,223.11,133.97202194033403,154.31377257292587
2023-09-18 20:00:00+00:00,93.39,108.91,147.83,112.30530632859978,136.2276279705091
2023-09-18 21:00:00+00:00,73.81,99.18,119.94,97.06466642521383,124.13290945942083
2023-09-18 22:00:00+00:00,1.01,93.97,106.36,64.19810884222453,105.55561271020903
2023-09-18 23:00:00+00:00,-0.01,88.47,105.14,58.51172606136778,100.996629870084
2023-09-19 00:00:00+00:00,-0.04,81.73,105.87,54.92431607140006,96.31361694420261
2023-09-19 01:00:00+00:00,-0.05,85.02,105.63,59.3677675551546,99.15011373280451
2023-09-19 02:00:00+00:00,-0.02,87.82,106.36,64.86917575647719,102.41225941968447
2023-09-19 03:00:00+00:00,0.83,93.67,116.14,76.69873171972637,110.46239910709818
2023-09-19 04:00:00+00:00,70.27,117.21,153.57,105.87118725898364,136.65960928596772
2023-09-19 05:00:00+00:00,104.27,133.49,228.99,133.05558205521896,161.42989124406114
2023-09-19 06:00:00+00:00,109.52,128.81,146.98,119.0926517202859,149.034084112657
2023-09-19 07:00:00+00:00,85.89,105.85,123.22,93.86473841665543,129.7685784377517
2023-09-19 08:00:00+00:00,8.5,90.65,112.33,71.83633855216765,116.67627722222632
2023-09-19 09:00:00+00:00,-0.08,74.3,101.59,54.1937032568371,100.85779592351462
2023-09-19 10:00:00+00:00,-3.49,56.2,96.46,35.47246953351036,84.1339750929774
2023-09-19 11:00:00+00:00,-5.34,30.44,93.59,15.599970260128515,62.598877745849286
2023-09-19 12:00:00+00:00,-5.74,38.46,97.08,17.325631027812392,65.69801078127557
2023-09-19 13:00:00+00:00,-2.95,73.88,99.9,39.58612413366022,90.79989764321331
2023-09-19 14:00:00+00:00,-0.08,90.67,109.17,58.41689756295975,105.29130985914014
2023-09-19 15:00:00+00:00,46.88,116.01,140.41,87.49856626807886,128.86553035793904
2023-09-19 16:00:00+00:00,97.16,139.43,190.53,120.49831623385944,153.90189267305865
2023-09-19 17:00:00+00:00,114.42,161.78,284.02,146.47027452649138,182.0800763163893
2023-09-19 18:00:00+00:00,109.64,125.63,185.62,107.2030177899343,142.606811996491
2023-09-19 19:00:00+00:00,86.79,106.57,136.62,82.35839353184802,120.97391862642311
2023-09-19 20:00:00+00:00,66.81,93.39,115.55,65.8884168332324,107.2321553687569
2023-09-19 21:00:00+00:00,16.35,73.81,93.77,47.54176536005802,88.97601541991885
2023-09-19 22:00:00+00:00,-0.01,1.01,106.45,-2.903920507230012,27.531264717855038
2023-09-19 23:00:00+00:00,-0.1,-0.01,99.9,-2.233626699017506,26.973263773542428
2023-09-20 01:00:00+00:00,0.03,-0.05,93.76,4.204459197107539,28.577772103788462
2023-09-20 02:00:00+00:00,1.01,-0.02,93.49,10.82713943584902,31.15216369247335
2023-09-20 03:00:00+00:00,10.0,0.83,97.92,20.990855595999562,36.18333691641658
2023-09-20 04:00:00+00:00,88.29,70.27,124.74,74.25926559891224,93.67748249974647
2023-09-20 05:00:00+00:00,102.06,104.27,139.71,100.05046476471827,121.9901727248594
2023-09-20 06:00:00+00:00,105.64,109.52,137.72,97.05522278676696,125.45746297668367
2023-09-20 07:00:00+00:00,81.15,85.89,124.91,71.3232760376645,106.06031441949553
2023-09-20 08:00:00+00:00,7.61,8.5,103.21,16.484811809757915,50.76418054675782
2023-09-20 09:00:00+00:00,-0.05,-0.08,96.86,1.1752621512220003,43.124531054568756
2023-09-20 10:00:00+00:00,-3.33,-3.49,93.97,-6.854244016828503,38.42919429370928
2023-09-20 11:00:00+00:00,-5.34,-5.34,92.83,-10.328017926029844,34.136974279989545
2023-09-20 12:00:00+00:00,-4.74,-5.74,92.02,-8.882027194591416,32.65898770969342
2023-09-20 13:00:00+00:00,-2.03,-2.95,95.3,1.619260524073752,36.87822055192138
2023-09-20 14:00:00+00:00,3.93,-0.08,96.02,15.812581863329683,39.36589287804731
2023-09-20 15:00:00+00:00,88.42,46.88,104.39,61.163835349282735,74.44778023893427
2023-09-20 16:00:00+00:00,138.65,97.16,124.98,108.80652786967788,113.4715828357638
2023-09-20 17:00:00+00:00,195.86,114.42,153.5,125.45965483877573,130.87660487958016
2023-09-20 18:00:00+00:00,122.4,109.64,141.67,113.3590615008746,123.29845768408899
2023-09-20 19:00:00+00:00,95.3,86.79,122.79,85.7564703086852,100.53855970849534
2023-09-20 20:00:00+00:00,86.16,66.81,106.41,62.476351565523046,81.37050971637817
2023-09-20 21:00:00+00:00,76.18,16.35,98.07,27.151820242838184,43.60271687141894
2023-09-20 22:00:00+00:00,76.13,-0.01,96.3,10.947196312431686,22.55975117995544
2023-09-20 23:00:00+00:00,72.87,-0.1,94.88,9.120402542877699,21.96474622258961
2023-09-21 01:00:00+00:00,39.43,0.03,100.5,11.042791884433257,22.85006521124484
2023-09-21 02:00:00+00:00,56.83,1.01,99.29,13.983758049701393,24.261911137173826
2023-09-21 03:00:00+00:00,73.6,10.0,104.74,24.953762265152548,33.40208366928887
2023-09-21 04:00:00+00:00,99.57,88.29,142.15,85.2955875193447,101.96731265348129
2023-09-21 05:00:00+00:00,117.68,102.06,181.22,102.56513412750151,120.75742686433748
2023-09-21 06:00:00+00:00,115.82,105.64,155.77,96.70012078755562,120.94759977277182
2023-09-21 07:00:00+00:00,102.9,81.15,118.02,71.01758792949758,97.23032345995283
2023-09-21 08:00:00+00:00,92.06,7.61,96.82,22.218924393161387,39.172446148402365
2023-09-21 09:00:00+00:00,77.0,-0.05,91.59,14.207192926345783,33.3837324511811
2023-09-21 10:00:00+00:00,73.3,-3.33,91.25,9.086162891595947,30.00207588953738
2023-09-21 11:00:00+00:00,76.02,-5.34,89.66,6.827467940211534,26.116045763549323
2023-09-21 12:00:00+00:00,84.92,-4.74,88.14,10.633558089933928,24.187581877916514
2023-09-21 13:00:00+00:00,93.8,-2.03,89.7,21.6914310515336,25.852091168401714
2023-09-21 14:00:00+00:00,105.82,3.93,94.16,36.37032404392065,29.119446517988337
2023-09-21 15:00:00+00:00,124.04,88.42,116.84,97.9076924959701,91.82464937848992
2023-09-21 16:00:00+00:00,195.89,138.65,173.01,143.41627491909838,138.57279609057196
2023-09-21 17:00:00+00:00,274.42,195.86,235.74,184.9862481179507,188.92131037651995
2023-09-21 18:00:00+00:00,154.8,122.4,185.8,135.99567062443055,133.10033287271847
2023-09-21 19:00:00+00:00,114.8,95.3,133.34,107.2886972732248,104.16679661993295
2023-09-21 20:00:00+00:00,100.1,86.16,114.14,91.76248767777341,91.53108397115726
2023-09-21 21:00:00+00:00,94.75,76.18,99.37,76.48709596374077,77.13262212875304
2023-09-21 22:00:00+00:00,88.31,76.13,100.89,67.31980710307178,78.92730963336075
2023-09-21 23:00:00+00:00,87.16,72.87,97.01,62.71695844011225,74.64348264880276
2023-09-22 01:00:00+00:00,88.76,39.43,97.64,48.48914082890087,51.52191590913381
2023-09-22 02:00:00+00:00,90.99,56.83,99.2,62.368549940105325,63.81590470866877
2023-09-22 03:00:00+00:00,91.66,73.6,99.43,79.37667934903797,78.07361973767097
2023-09-22 04:00:00+00:00,112.62,99.57,138.64,112.64299444631764,111.36039694655184
2023-09-22 05:00:00+00:00,138.03,117.68,150.87,132.55121616411657,129.93460577539227
2023-09-22 06:00:00+00:00,135.76,115.82,125.07,129.35968153375734,126.94084888705821
2023-09-22 07:00:00+00:00,118.31,102.9,104.38,113.18102829438857,113.23108076936899
2023-09-22 08:00:00+00:00,99.64,92.06,93.58,93.00162450677074,97.31536471388095
2023-09-22 09:00:00+00:00,90.93,77.0,89.46,76.52564594049376,85.34723384486222
2023-09-22 10:00:00+00:00,85.65,73.3,78.57,65.9185318157607,78.67850199369835
2023-09-22 11:00:00+00:00,77.78,76.02,62.89,59.77139397670602,75.16696265108025
2023-09-22 12:00:00+00:00,74.2,84.92,71.19,60.769539340829624,78.08831819716802
2023-09-22 13:00:00+00:00,79.01,93.8,84.88,68.07899157515362,83.06510846771849
2023-09-22 14:00:00+00:00,88.24,105.82,93.4,78.44625680524206,88.88112466869057
2023-09-22 15:00:00+00:00,107.0,124.04,114.67,105.85790991919293,111.28780151154646
2023-09-22 16:00:00+00:00,136.45,195.89,155.21,164.62823681329604,171.5661292122203
2023-09-22 17:00:00+00:00,159.9,274.42,189.87,219.5846320018415,236.66461150690168
2023-09-22 18:00:00+00:00,133.45,154.8,142.75,143.01919713941538,144.86270859800615
2023-09-22 19:00:00+00:00,114.59,114.8,112.65,108.10236183939425,109.34635723545699
2023-09-22 20:00:00+00:00,105.93,100.1,102.04,91.49565696740484,95.46672082405095
2023-09-22 21:00:00+00:00,103.06,94.75,95.77,81.1579209836261,88.24368043691263
2023-09-22 22:00:00+00:00,109.04,88.31,96.24,81.70265832353738,82.91585519639864
2023-09-22 23:00:00+00:00,101.43,87.16,94.02,76.66339464295702,79.14569382416747
2023-09-23 00:00:00+00:00,97.05,88.05,92.52,72.81416551215082,75.13845760019028
2023-09-23 01:00:00+00:00,91.72,88.76,91.56,69.38274381332927,70.79957690700533
2023-09-23 02:00:00+00:00,89.43,90.99,94.72,69.90287484103985,70.8539896702983
2023-09-23 03:00:00+00:00,91.78,91.66,92.75,70.53001339516791,69.58020533075127
2023-09-23 04:00:00+00:00,98.88,112.62,103.47,84.62646713199139,84.547192275282
2023-09-23 05:00:00+00:00,107.2,138.03,110.88,99.76723072324424,101.94778491014078
2023-09-23 06:00:00+00:00,109.99,135.76,101.67,95.13372040831683,99.63510906988328
2023-09-23 07:00:00+00:00,104.68,118.31,90.79,76.88186766558688,85.80818978779354
2023-09-23 08:00:00+00:00,90.75,99.64,79.0,56.26248636397223,70.30312246123303
2023-09-23 09:00:00+00:00,84.9,90.93,64.97,42.396862250892994,60.66623362650796
2023-09-23 10:00:00+00:00,79.89,85.65,54.48,33.54429639428602,54.95751782973646
2023-09-23 11:00:00+00:00,70.55,77.78,32.44,23.54904073238731,45.90320380639926
2023-09-23 12:00:00+00:00,53.09,74.2,34.4,22.65394772774195,43.88170424881385
2023-09-23 13:00:00+00:00,71.0,79.01,74.46,36.91523492320158,54.14628753286074
2023-09-23 14:00:00+00:00,78.98,88.24,87.44,55.368750719890606,65.61541254342606
2023-09-23 15:00:00+00:00,102.02,107.0,108.16,85.50105326631338,86.97545079316464
2023-09-23 16:00:00+00:00,129.67,136.45,133.56,121.85016333975278,119.72869129349239
2023-09-23 17:00:00+00:00,156.19,159.9,181.24,143.36735723039516,148.16136371529205
2023-09-23 18:00:00+00:00,145.0,133.45,143.62,117.37806971532467,118.63524803387352
2023-09-23 19:00:00+00:00,117.91,114.59,117.49,98.72788268535497,99.87556843867266
2023-09-23 20:00:00+00:00,106.92,105.93,105.03,88.90369581127868,91.31976767809293
2023-09-23 21:00:00+00:00,100.4,103.06,99.9,83.16236394178793,86.95136031718133
2023-09-23 22:00:00+00:00,98.71,109.04,108.99,92.20519112335049,97.10367978885482
2023-09-23 23:00:00+00:00,87.24,101.43,105.35,85.87714085405624,89.53140277007901
2023-09-24 00:00:00+00:00,77.73,97.05,104.67,82.21449914626751,83.76802269972583
2023-09-24 01:00:00+00:00,77.87,91.72,100.58,78.93170606594583,76.74642970333056
2023-09-24 02:00:00+00:00,82.91,89.43,101.7,78.59805450972809,72.32344561214813
2023-09-24 03:00:00+00:00,90.73,91.78,99.16,80.65224883887686,70.47076162906268
2023-09-24 04:00:00+00:00,94.61,98.88,98.97,86.81832431373485,73.88446516095522
2023-09-24 05:00:00+00:00,94.06,107.2,103.33,91.67618408134516,79.15234334614014
2023-09-24 06:00:00+00:00,91.22,109.99,93.82,84.29072651740864,79.29272358639778
2023-09-24 07:00:00+00:00,59.36,104.68,83.16,67.30904962909327,73.47623441451582
2023-09-24 08:00:00+00:00,1.06,90.75,70.79,44.7934064271581,60.9912731733918
2023-09-24 09:00:00+00:00,0.85,84.9,39.81,28.78250351273006,52.60400816061052
2023-09-24 10:00:00+00:00,-0.03,79.89,21.21,19.70912129167587,46.422810123917664
2023-09-24 11:00:00+00:00,-2.62,70.55,4.08,12.390961801867789,36.84372083859935
2023-09-24 12:00:00+00:00,-2.66,53.09,4.3,6.1261884981337005,25.33538946531212
2023-09-24 13:00:00+00:00,-0.08,71.0,38.7,25.74861692613449,42.9837475193253
2023-09-24 14:00:00+00:00,5.22,78.98,78.34,47.928492054638596,56.440683486187496
2023-09-24 15:00:00+00:00,98.03,102.02,108.76,83.4446970176391,81.77124416254439
2023-09-24 16:00:00+00:00,133.9,129.67,132.0,118.72309376221983,110.72308576872379
2023-09-24 17:00:00+00:00,157.09,156.19,151.9,140.5136303781083,137.43938370312378
2023-09-24 18:00:00+00:00,134.98,145.0,126.81,128.1392929985888,128.71885243044093
2023-09-24 19:00:00+00:00,105.0,117.91,118.25,104.62429651599622,108.93569055527736
2023-09-24 20:00:00+00:00,93.53,106.92,108.91,90.38611823198102,100.67852569384915
2023-09-24 21:00:00+00:00,72.85,100.4,99.18,77.5178562808351,94.01795312468312
2023-09-24 22:00:00+00:00,34.63,98.71,93.97,74.39507907200297,101.68819942097579
2023-09-24 23:00:00+00:00,10.0,87.24,88.47,63.376181196494315,92.62142097336027
2023-09-25 00:00:00+00:00,1.09,77.73,81.73,56.04837076861885,85.26474917241461
2023-09-25 01:00:00+00:00,0.08,77.87,85.02,58.33812814255127,86.59106185696822
2023-09-25 02:00:00+00:00,0.49,82.91,87.82,65.83943676412984,91.92150825351766
2023-09-25 03:00:00+00:00,50.15,90.73,93.67,79.49946987271983,101.69401747199399
2023-09-25 04:00:00+00:00,109.36,94.61,117.21,98.10326941585437,114.29822754855088
2023-09-25 05:00:00+00:00,139.15,94.06,133.49,105.60541218381401,118.97379296065986
2023-09-25 06:00:00+00:00,143.0,91.22,128.81,97.8717115845787,117.50528920867791
2023-09-25 07:00:00+00:00,118.32,59.36,105.85,68.77993983690138,92.85112640468289
2023-09-25 08:00:00+00:00,93.81,1.06,90.65,30.61148348884754,52.680462407834064
2023-09-25 09:00:00+00:00,89.01,0.85,74.3,23.660614054871033,51.1178694561865
2023-09-25 10:00:00+00:00,76.07,-0.03,56.2,18.18379423252739,48.00954133750466
2023-09-25 11:00:00+00:00,76.11,-2.62,30.44,15.091979004208028,41.97238900392622
2023-09-25 12:00:00+00:00,84.09,-2.66,38.46,20.55178270583305,40.6139865865669
2023-09-25 13:00:00+00:00,92.06,-0.08,73.88,37.14410092756171,47.77381427346707
2023-09-25 14:00:00+00:00,97.46,5.22,90.67,56.40462858677654,53.51935972209049
2023-09-25 15:00:00+00:00,125.92,98.03,116.01,127.66743877227363,121.79590619576298
2023-09-25 16:00:00+00:00,200.09,133.9,139.43,164.8780127168672,152.34894111994356
2023-09-25 17:00:00+00:00,379.59,157.09,161.78,184.91379111914495,174.5532005928457
2023-09-25 18:00:00+00:00,249.39,134.98,125.63,165.33333273129045,154.37396246871407
2023-09-25 19:00:00+00:00,136.34,105.0,106.57,138.4084168372469,126.3538775573491
2023-09-25 20:00:00+00:00,122.91,93.53,93.39,124.87829038177576,113.75976104071043
2023-09-25 21:00:00+00:00,110.17,72.85,73.81,107.78437713010398,95.38751109753578
2023-09-25 22:00:00+00:00,114.16,34.63,1.01,68.2784244385829,51.301864030665634
2023-09-25 23:00:00+00:00,107.99,10.0,-0.01,54.57339154952514,33.78844389010638
2023-09-26 00:00:00+00:00,104.93,1.09,-0.04,51.4165822894236,28.080036215240966
2023-09-26 01:00:00+00:00,104.58,0.08,-0.05,54.66447702110645,29.02967692373028
2023-09-26 02:00:00+00:00,104.57,0.49,-0.02,59.46234602103404,31.348856550845085
2023-09-26 03:00:00+00:00,107.99,50.15,0.83,92.11628681407862,67.95595480572754
2023-09-26 04:00:00+00:00,152.26,109.36,70.27,144.29182478720014,123.48527064607826
2023-09-26 05:00:00+00:00,288.55,139.15,104.27,168.74075639054018,150.29631533211506
2023-09-26 06:00:00+00:00,166.98,143.0,109.52,164.78490906754996,154.14740608106334
2023-09-26 07:00:00+00:00,117.75,118.32,85.89,133.5059496263035,131.90765930935794
2023-09-26 08:00:00+00:00,100.41,93.81,8.5,94.82110907672359,100.61879903682241
2023-09-26 09:00:00+00:00,95.27,89.01,-0.08,80.99075871980435,95.06338381357469
2023-09-26 10:00:00+00:00,91.08,76.07,-3.49,66.36612241045722,83.90507330095585
2023-09-26 11:00:00+00:00,82.95,76.11,-5.34,62.87943809192913,81.04315079058593
2023-09-26 12:00:00+00:00,89.87,84.09,-5.74,67.53246743431332,83.12665367869572
2023-09-26 13:00:00+00:00,98.02,92.06,-2.95,77.98497054193126,86.50813559976284
2023-09-26 14:00:00+00:00,104.51,97.46,-0.08,91.992948765423,88.90439358018673
2023-09-26 15:00:00+00:00,135.48,125.92,46.88,132.89171857456796,121.77818918458867
2023-09-26 16:00:00+00:00,180.24,200.09,97.16,192.95381859446388,183.12610438627178
2023-09-26 17:00:00+00:00,246.82,379.59,114.42,301.34789290159716,315.3857678359972
2023-09-26 18:00:00+00:00,160.34,249.39,109.64,227.09382544294638,226.66980752547528
2023-09-26 19:00:00+00:00,126.27,136.34,86.79,152.96143174616975,142.24548430097312
2023-09-26 20:00:00+00:00,108.06,122.91,66.81,134.61754023863006,127.27944073750858
2023-09-26 21:00:00+00:00,101.28,110.17,16.35,115.42544853617096,109.24083713601121
2023-09-26 22:00:00+00:00,105.51,114.16,-0.01,107.82997298026648,96.94080424934762
2023-09-26 23:00:00+00:00,102.0,107.99,-0.1,101.95958977490429,90.08647680058858
2023-09-27 01:00:00+00:00,102.05,104.58,0.03,101.93951914444536,85.58814950412
2023-09-27 02:00:00+00:00,100.45,104.57,1.01,105.97555315150021,85.45199186851809
2023-09-27 03:00:00+00:00,108.62,107.99,10.0,118.55054527892861,94.40179001307042
2023-09-27 04:00:00+00:00,141.76,152.26,88.29,168.26123494039336,144.61511441847148
2023-09-27 05:00:00+00:00,259.77,288.55,102.06,250.4153470106364,242.40269847554538
2023-09-27 06:00:00+00:00,175.5,166.98,105.64,181.38337114018555,161.3607694957398
2023-09-27 07:00:00+00:00,128.79,117.75,81.15,137.89986557440193,122.41037022304388
2023-09-27 08:00:00+00:00,102.33,100.41,7.61,104.50966354555493,98.62961996620375
2023-09-27 09:00:00+00:00,93.26,95.27,-0.05,89.60699204124518,92.73484646204646
2023-09-27 10:00:00+00:00,90.2,91.08,-3.33,78.53149357842872,86.77030135272359
2023-09-27 11:00:00+00:00,87.34,82.95,-5.34,71.05736012711168,79.22042433326124
2023-09-27 12:00:00+00:00,89.22,89.87,-4.74,76.71105296815517,82.51195158043976
2023-09-27 13:00:00+00:00,94.04,98.02,-2.03,88.92053725556418,88.12690817369817
2023-09-27 14:00:00+00:00,109.25,104.51,3.93,104.1037600861444,92.79435140259919
2023-09-27 15:00:00+00:00,149.91,135.48,88.42,147.80958585933524,127.9609218550821
2023-09-27 16:00:00+00:00,194.93,180.24,138.65,191.00167784787283,172.00865541187886
2023-09-27 17:00:00+00:00,214.7,246.82,195.86,234.26924542343892,236.4577614478614
2023-09-27 18:00:00+00:00,142.08,160.34,122.4,162.25497837556574,158.55081636784715
2023-09-27 19:00:00+00:00,107.82,126.27,95.3,123.244807805736,121.7961446426388
2023-09-27 20:00:00+00:00,96.38,108.06,86.16,100.70596290192664,104.98546472816652
2023-09-27 21:00:00+00:00,89.09,101.28,76.18,86.75217586725215,96.17879011140782
2023-09-27 22:00:00+00:00,88.36,105.51,76.13,82.74551519931057,94.82951911333487
2023-09-27 23:00:00+00:00,84.05,102.0,72.87,77.71920480350813,90.79787413108005
2023-09-28 00:00:00+00:00,72.95,102.55,56.83,76.58989381562628,88.55065926333963
2023-09-28 01:00:00+00:00,74.84,102.05,39.43,77.48936693633767,86.5973781534746
2023-09-28 02:00:00+00:00,80.87,100.45,56.83,82.93568664692133,88.7917095825372
2023-09-28 03:00:00+00:00,92.88,108.62,73.6,97.26042099969416,99.64974551047612
2023-09-28 04:00:00+00:00,115.35,141.76,99.57,133.55323522311522,135.14866282048035
2023-09-28 05:00:00+00:00,126.25,259.77,117.68,210.72928802454186,229.54864673799733
2023-09-28 06:00:00+00:00,129.56,175.5,115.82,158.72976290441605,164.7611119359442
2023-09-28 07:00:00+00:00,110.85,128.79,102.9,122.13347029134479,127.33989594101067
2023-09-28 08:00:00+00:00,93.36,102.33,92.06,95.58046578420651,105.61384826495521
2023-09-28 09:00:00+00:00,88.56,93.26,77.0,78.60884516540233,95.67579553529974
2023-09-28 10:00:00+00:00,83.48,90.2,73.3,69.15698457450817,90.69559355167348
2023-09-28 11:00:00+00:00,82.0,87.34,76.02,64.80781809767684,86.59355741172028
2023-09-28 12:00:00+00:00,87.7,89.22,84.92,68.67553740171867,87.42633112985114
2023-09-28 13:00:00+00:00,92.02,94.04,93.8,81.63714038603217,91.95303287387591
2023-09-28 14:00:00+00:00,99.89,109.25,105.82,105.22613928697983,104.05972113629936
2023-09-28 15:00:00+00:00,132.63,149.91,124.04,147.9857022444044,137.1631119656838
2023-09-28 16:00:00+00:00,184.85,194.93,195.89,195.49252280349725,181.5121486607972
2023-09-28 17:00:00+00:00,265.8,214.7,274.42,220.78699769396275,211.1857008332254
2023-09-28 18:00:00+00:00,156.51,142.08,154.8,159.76780812404127,140.46566650340117
2023-09-28 19:00:00+00:00,128.26,107.82,114.8,128.2558927918015,107.57782072293983
2023-09-28 20:00:00+00:00,118.42,96.38,100.1,113.02794793337915,94.55917696559915
2023-09-28 21:00:00+00:00,111.03,89.09,94.75,101.0451287768064,85.69162490819869
2023-09-28 22:00:00+00:00,108.5,88.36,88.31,99.66658805410907,88.41497161115959
2023-09-28 23:00:00+00:00,97.93,84.05,87.16,93.51923879623972,84.41260125303879
2023-09-29 00:00:00+00:00,95.55,72.95,88.05,86.33316528057898,77.38743007474072
2023-09-29 01:00:00+00:00,92.0,74.84,88.76,87.69548135285713,79.65903317664086
2023-09-29 02:00:00+00:00,94.03,80.87,90.99,92.83018779078581,85.34186501547734
2023-09-29 03:00:00+00:00,100.68,92.88,91.66,104.13243681941208,96.88220553985045
2023-09-29 04:00:00+00:00,128.45,115.35,112.62,130.2318195759123,123.44207395351104
2023-09-29 05:00:00+00:00,137.92,126.25,138.03,144.59190116492928,143.55613153771813
2023-09-29 06:00:00+00:00,130.05,129.56,135.76,137.46806019220446,139.9463470220344
2023-09-29 07:00:00+00:00,106.82,110.85,118.31,114.62336491260743,121.37838265397342
2023-09-29 08:00:00+00:00,92.07,93.36,99.64,93.9057679866015,104.22227670944632
2023-09-29 09:00:00+00:00,87.37,88.56,90.93,83.59104749544855,98.04003008821257
2023-09-29 10:00:00+00:00,82.05,83.48,85.65,73.56840148699435,91.81652961746931
2023-09-29 11:00:00+00:00,72.44,82.0,77.78,66.74871706408824,87.41383408251706
2023-09-29 12:00:00+00:00,77.04,87.7,74.2,67.25770458621976,88.66033117855274
2023-09-29 13:00:00+00:00,90.7,92.02,79.01,73.52689036480882,91.7561741175246
2023-09-29 14:00:00+00:00,96.47,99.89,88.24,86.62585867766848,99.2023644071707
2023-09-29 15:00:00+00:00,112.01,132.63,107.0,117.85593472618106,127.59743405766504
2023-09-29 16:00:00+00:00,130.05,184.85,136.45,158.1312233656865,171.15967017332912
2023-09-29 17:00:00+00:00,140.47,265.8,159.9,208.27717893164106,233.89109488079583
2023-09-29 18:00:00+00:00,132.94,156.51,133.45,137.76519059798082,150.45189434708817
2023-09-29 19:00:00+00:00,113.4,128.26,114.59,112.33160638231594,124.29040099259625
2023-09-29 20:00:00+00:00,106.57,118.42,105.93,99.73588793503424,113.01977825257947
2023-09-29 21:00:00+00:00,101.07,111.03,103.06,90.6467284010102,104.44128872240054
2023-09-29 22:00:00+00:00,90.95,108.5,109.04,81.75430993670426,99.92683334354864
2023-09-29 23:00:00+00:00,88.89,97.93,101.43,73.50567829982992,89.30619718760832
2023-09-30 00:00:00+00:00,88.78,95.55,97.05,70.04345661849233,83.19533725130526
2023-09-30 01:00:00+00:00,88.72,92.0,91.72,67.99466833394395,77.18940437211381
2023-09-30 02:00:00+00:00,88.28,94.03,89.43,70.26442751352259,75.51471178504325
2023-09-30 03:00:00+00:00,92.1,100.68,91.78,76.93906763682423,78.41897066424235
2023-09-30 04:00:00+00:00,105.3,128.45,98.88,96.42973728614099,97.1332170813652
2023-09-30 05:00:00+00:00,109.46,137.92,107.2,105.3237115216086,103.18735141791923
2023-09-30 06:00:00+00:00,110.05,130.05,109.99,99.87506519741876,98.03685222278624
2023-09-30 07:00:00+00:00,104.97,106.82,104.68,80.43111033747675,80.89943897925201
2023-09-30 08:00:00+00:00,87.52,92.07,90.75,60.874045032684506,67.55534466956678
2023-09-30 09:00:00+00:00,70.53,87.37,84.9,46.510707007295,61.93947681409219
2023-09-30 10:00:00+00:00,42.76,82.05,79.89,34.75664173158458,56.00984702176126
2023-09-30 11:00:00+00:00,8.76,72.44,70.55,25.333816578020986,47.28463951470614
2023-09-30 12:00:00+00:00,15.04,77.04,53.09,28.82766700434371,48.92665375297217
2023-09-30 13:00:00+00:00,56.0,90.7,71.0,47.612062642942846,62.6524628943157
2023-09-30 14:00:00+00:00,85.01,96.47,78.98,66.58637114614925,70.36344313744497
2023-09-30 15:00:00+00:00,107.7,112.01,102.02,98.932872593366,90.64137790890575
2023-09-30 16:00:00+00:00,136.41,130.05,129.67,130.21285784771362,115.04243240128922
2023-09-30 17:00:00+00:00,163.9,140.47,156.19,143.03627971068275,132.75134045788081
2023-09-30 18:00:00+00:00,134.1,132.94,145.0,130.38867334607323,119.35250630236771
2023-09-30 19:00:00+00:00,112.4,113.4,117.91,111.40564230962515,100.84510746250939
2023-09-30 20:00:00+00:00,107.4,106.57,106.92,102.30109301655413,94.12418140653637
2023-09-30 21:00:00+00:00,101.04,101.07,100.4,93.4370541656923,87.60054310269281
2023-09-30 22:00:00+00:00,102.73,90.95,98.71,86.67094666967563,83.13498580728353
2023-09-30 23:00:00+00:00,94.14,88.89,87.24,80.32430249443186,77.64945829351844
2023-10-01 00:00:00+00:00,88.6,88.78,77.73,76.49308683323426,73.84341105183086
2023-10-01 01:00:00+00:00,89.37,88.72,77.87,74.60358946091475,70.98279221886094
2023-10-01 02:00:00+00:00,86.89,88.28,82.91,73.6626062087413,68.58524420492006
2023-10-01 03:00:00+00:00,85.45,92.1,90.73,75.70804360019937,69.57942373140433
2023-10-01 04:00:00+00:00,85.07,105.3,94.61,82.78453353944252,77.87418693583356
2023-10-01 05:00:00+00:00,88.08,109.46,94.06,83.6138018471263,78.93494721521398
2023-10-01 06:00:00+00:00,82.1,110.05,91.22,77.88551464499794,77.8245223536831
2023-10-01 07:00:00+00:00,62.73,104.97,59.36,61.88697058960224,69.35565479040068
2023-10-01 08:00:00+00:00,40.0,87.52,1.06,35.540031267107125,49.133788023298855
2023-10-01 09:00:00+00:00,8.99,70.53,0.85,19.83126813503604,37.94949176587386
2023-10-01 10:00:00+00:00,-0.01,42.76,-0.03,0.15360773897349134,19.097614002352955
2023-10-01 11:00:00+00:00,-1.93,8.76,-2.62,-18.94627362357464,-3.442873284303886
2023-10-01 12:00:00+00:00,-0.73,15.04,-2.66,-12.040983820278399,2.330875784586098
2023-10-01 13:00:00+00:00,1.53,56.0,-0.08,17.485579222730436,32.21851823923858
2023-10-01 14:00:00+00:00,62.73,85.01,5.22,47.41781212879079,55.748630086525544
2023-10-01 15:00:00+00:00,99.51,107.7,98.03,88.98142539447358,88.0965892244725
2023-10-01 16:00:00+00:00,120.06,136.41,133.9,124.94416695090666,119.73238455219524
2023-10-01 17:00:00+00:00,130.0,163.9,157.09,148.68738913928956,147.8083571762188
2023-10-01 19:00:00+00:00,115.16,112.4,105.0,109.98369094838417,108.20584304650178
2023-10-01 20:00:00+00:00,106.62,107.4,93.53,103.37560639131817,103.61024019621252
2023-10-01 21:00:00+00:00,99.97,101.04,72.85,93.48593270636671,95.17990569912976
2023-10-01 22:00:00+00:00,94.9,102.73,34.63,93.82191350565235,99.74234398019264
2023-10-01 23:00:00+00:00,93.17,94.14,10.0,85.8146258767458,90.17026014661681
2023-10-02 00:00:00+00:00,93.4,88.6,1.09,83.40526366556256,85.57091749166833
2023-10-02 01:00:00+00:00,92.02,89.37,0.08,86.96871421042914,87.08460233416497
2023-10-02 02:00:00+00:00,95.68,86.89,0.49,89.93550812383359,87.02898496826596
2023-10-02 03:00:00+00:00,99.33,85.45,50.15,101.59113056183887,95.27161425846306
2023-10-02 04:00:00+00:00,124.99,85.07,109.36,121.04701327093153,109.84562187569993
2023-10-02 05:00:00+00:00,143.49,88.08,139.15,132.0959555934055,118.638203995897
2023-10-02 06:00:00+00:00,144.5,82.1,143.0,125.12982621891545,116.13834756194595
2023-10-02 07:00:00+00:00,128.0,62.73,118.32,100.16346041520836,99.23967538845953
2023-10-02 08:00:00+00:00,105.32,40.0,93.81,73.68327960452675,78.96073085253975
2023-10-02 09:00:00+00:00,92.48,8.99,89.01,49.331110295714325,56.41422243446309
2023-10-02 10:00:00+00:00,90.28,-0.01,76.07,36.42970861356169,45.63361650840675
2023-10-02 11:00:00+00:00,87.92,-1.93,76.11,31.74716347422691,40.04236828992908
2023-10-02 12:00:00+00:00,88.17,-0.73,84.09,36.53967910822739,40.82425122925694
2023-10-02 13:00:00+00:00,90.5,1.53,92.06,49.88964777867532,46.63743829643143
2023-10-02 14:00:00+00:00,106.03,62.73,97.46,97.35024385218004,90.30697656070109
2023-10-02 15:00:00+00:00,133.27,99.51,125.92,138.48376571510775,121.89111906224132
2023-10-02 16:00:00+00:00,200.01,120.06,200.09,171.0068610851357,149.18652669455108
2023-10-02 17:00:00+00:00,245.05,130.0,379.59,199.4649276924831,181.9115341844249
2023-10-02 19:00:00+00:00,120.0,115.16,136.34,146.7334766820344,135.79061890771993
2023-10-02 20:00:00+00:00,107.03,106.62,122.91,129.39711593501113,124.42042983184993
2023-10-02 21:00:00+00:00,100.0,99.97,110.17,115.51828871450394,116.09293025390326
2023-10-02 22:00:00+00:00,97.58,94.9,114.16,96.97483127263605,103.36173236082774
2023-10-02 23:00:00+00:00,94.61,93.17,107.99,88.66340770363826,99.7992970739817
2023-10-03 00:00:00+00:00,71.94,93.4,104.93,83.71706960533369,98.73441916417134
2023-10-03 01:00:00+00:00,30.64,92.02,104.58,78.7380530316771,97.48938266360555
2023-10-03 02:00:00+00:00,11.51,95.68,104.57,76.08147929762546,98.80375535915701
2023-10-03 03:00:00+00:00,5.02,99.33,107.99,75.19235599516956,101.24435016301256
2023-10-03 04:00:00+00:00,6.31,124.99,152.26,91.06383136016306,123.74756764129853
2023-10-03 05:00:00+00:00,35.7,143.49,288.55,114.82543718080002,152.8305370263377
2023-10-03 06:00:00+00:00,12.5,144.5,166.98,96.58633255249104,139.26766139806685
2023-10-03 07:00:00+00:00,3.3,128.0,117.75,74.53270164225827,122.81856599426706
2023-10-03 08:00:00+00:00,-0.08,105.32,100.41,54.39483042227524,103.79956273990506
2023-10-03 09:00:00+00:00,-0.94,92.48,95.27,40.327227270561146,91.28652694522377
2023-10-03 10:00:00+00:00,-8.3,90.28,91.08,31.086967670258332,85.56478716556427
2023-10-03 11:00:00+00:00,-11.07,87.92,82.95,23.39839834677329,78.2108739930614
2023-10-03 12:00:00+00:00,-9.98,88.17,89.87,22.57893273826697,75.4066791476812
2023-10-03 13:00:00+00:00,-4.91,90.5,98.02,22.934231825413633,74.3450213759454
2023-10-03 14:00:00+00:00,-0.05,106.03,104.51,38.295012775049315,89.3417295315312
2023-10-03 15:00:00+00:00,5.0,133.27,135.48,63.84257224090708,116.22843725233932
2023-10-03 16:00:00+00:00,35.72,200.01,180.24,116.18501649058624,173.38752482484307
2023-10-03 17:00:00+00:00,60.0,245.05,246.82,155.3532840919325,217.43429748396062
2023-10-03 19:00:00+00:00,13.75,120.0,126.27,70.7326426482969,116.41685478152785
2023-10-03 20:00:00+00:00,45.1,107.03,108.06,63.816919928303804,106.69122581343525
2023-10-03 21:00:00+00:00,10.06,100.0,101.28,57.19153283732794,99.8217020031932
2023-10-03 22:00:00+00:00,22.21,97.58,105.51,46.61936310672266,88.16520892108724
2023-10-03 23:00:00+00:00,10.1,94.61,102.0,45.07121741401697,85.69881921898063
2023-10-04 00:00:00+00:00,9.53,71.94,102.55,34.856339036412194,70.92483204175943
2023-10-04 01:00:00+00:00,7.77,30.64,102.05,17.315827089217677,44.664895901713386
2023-10-04 02:00:00+00:00,14.5,11.51,100.45,14.012612275411698,35.02247332439542
2023-10-04 03:00:00+00:00,47.92,5.02,108.62,21.54825707935568,36.30700782742913
2023-10-04 04:00:00+00:00,98.59,6.31,141.76,41.456673015737834,50.32421061254517
2023-10-04 05:00:00+00:00,117.02,35.7,259.77,79.97850921129945,88.92084580970456
2023-10-04 06:00:00+00:00,121.31,12.5,175.5,57.79034040094454,64.85639232319588
2023-10-04 07:00:00+00:00,105.9,3.3,128.79,39.27072395984726,52.51634364783357
2023-10-04 08:00:00+00:00,77.66,-0.08,102.33,22.340313885235588,44.873168069154254
2023-10-04 09:00:00+00:00,67.22,-0.94,93.26,11.046598471035338,41.84603505985489
2023-10-04 10:00:00+00:00,37.55,-8.3,90.2,1.1363858031076575,34.83671816634309
2023-10-04 11:00:00+00:00,42.74,-11.07,87.34,-0.8722524287440052,31.40084106058785
2023-10-04 12:00:00+00:00,39.75,-9.98,89.22,3.4882516632087004,31.238940682050256
2023-10-04 13:00:00+00:00,61.54,-4.91,94.04,15.08121639133384,35.0808619343084
2023-10-04 14:00:00+00:00,79.91,-0.05,109.25,33.49837429671422,42.14074766177267
2023-10-04 15:00:00+00:00,95.57,5.0,149.91,57.60432862643323,54.465732423653854
2023-10-04 16:00:00+00:00,116.1,35.72,194.93,89.0506072119276,86.71903245173806
2023-10-04 17:00:00+00:00,127.36,60.0,214.7,100.96750010797228,108.11421016400979
2023-10-04 18:00:00+00:00,116.1,47.51,142.08,72.9290992906658,82.4801075233535
2023-10-04 19:00:00+00:00,88.02,13.75,107.82,39.33074338044963,49.977998338218526
2023-10-04 20:00:00+00:00,85.59,45.1,96.38,44.776339870422234,66.14767477688105
2023-10-04 21:00:00+00:00,77.85,10.06,89.09,16.052077669532423,38.10816010244792
2023-10-04 22:00:00+00:00,82.67,22.21,88.36,10.90888376950872,39.15874226145714
2023-10-04 23:00:00+00:00,76.81,10.1,84.05,-0.3141866737930741,28.762880533341246
2023-10-05 00:00:00+00:00,70.27,9.53,72.95,-4.305948772993801,24.842453984996183
2023-10-05 01:00:00+00:00,61.4,7.77,74.84,-5.167271227497579,21.66272841098646
2023-10-05 02:00:00+00:00,68.91,14.5,80.87,1.9344283330742371,26.842043857078693
2023-10-05 03:00:00+00:00,78.46,47.92,92.88,26.48237364982478,53.225215094667746
2023-10-05 04:00:00+00:00,90.57,98.59,115.35,69.60788664125046,97.3422594318884
2023-10-05 05:00:00+00:00,107.46,117.02,126.25,93.39917689907983,118.2078428298243
2023-10-05 06:00:00+00:00,121.85,121.31,129.56,98.61914926308287,121.74269989926022
2023-10-05 07:00:00+00:00,107.11,105.9,110.85,84.42430622161372,108.38065762013682
2023-10-05 08:00:00+00:00,87.33,77.66,93.36,59.18115620540969,85.5165798207291
2023-10-05 09:00:00+00:00,80.9,67.22,88.56,45.600509353196415,75.83896380939095
2023-10-05 10:00:00+00:00,79.0,37.55,83.48,25.273083941006874,51.68917561230963
2023-10-05 11:00:00+00:00,76.59,42.74,82.0,28.55342360057405,52.16769266866489
2023-10-05 12:00:00+00:00,80.03,39.75,87.7,30.99875141263861,48.21150776291816
2023-10-05 13:00:00+00:00,83.54,61.54,92.02,52.093545378174476,62.373737193916504
2023-10-05 14:00:00+00:00,96.81,79.91,99.89,76.10360798143005,75.55153035975843
2023-10-05 15:00:00+00:00,117.1,95.57,132.63,102.51625149964876,91.60066914028852
2023-10-05 16:00:00+00:00,176.64,116.1,184.85,130.69102110501333,116.46366382449523
2023-10-05 17:00:00+00:00,250.28,127.36,265.8,150.25286445784397,138.36337254595125
2023-10-05 18:00:00+00:00,139.4,116.1,156.51,125.78841484713512,115.2439361455447
2023-10-05 19:00:00+00:00,109.93,88.02,128.26,98.1846286588829,87.6067906211054
2023-10-05 20:00:00+00:00,100.98,85.59,118.42,89.84267073785331,84.90486123799748
2023-10-05 21:00:00+00:00,94.58,77.85,111.03,74.39888711429771,72.60630295237472
2023-10-05 22:00:00+00:00,87.39,82.67,108.5,71.90964052353903,78.89189075883698
2023-10-05 23:00:00+00:00,84.86,76.81,97.93,63.22738070282081,71.06525617244922
2023-10-06 00:00:00+00:00,80.04,70.27,95.55,57.802200411665744,65.26391588645424
2023-10-06 01:00:00+00:00,75.06,61.4,92.0,51.77357772791263,58.28808417091544
2023-10-06 02:00:00+00:00,70.98,68.91,94.03,56.693764555859424,64.55666154773476
2023-10-06 03:00:00+00:00,75.87,78.46,100.68,67.40150931719657,76.6825250715886
2023-10-06 04:00:00+00:00,97.45,90.57,128.45,88.51774197578737,98.0154815363604
2023-10-06 05:00:00+00:00,117.47,107.46,137.92,102.54630041004265,114.18119976721118
2023-10-06 06:00:00+00:00,120.69,121.85,130.05,104.90345832552896,123.98633210233557
2023-10-06 07:00:00+00:00,104.39,107.11,106.82,82.55010104283515,109.7116970497063
2023-10-06 08:00:00+00:00,84.26,87.33,92.07,56.646256855549986,91.5215847594341
2023-10-06 09:00:00+00:00,62.81,80.9,87.37,41.370115736633004,84.33620405862307
2023-10-06 10:00:00+00:00,10.05,79.0,82.05,31.315994297383043,77.68059147600552
2023-10-06 11:00:00+00:00,1.08,76.59,72.44,25.149245766301917,71.94247187642742
2023-10-06 12:00:00+00:00,1.47,80.03,77.04,27.057759180602673,71.41207687770665
2023-10-06 13:00:00+00:00,41.79,83.54,90.7,36.2923488539449,75.49313491554328
2023-10-06 14:00:00+00:00,62.38,96.81,96.47,53.42930619106399,85.83661822898229
2023-10-06 15:00:00+00:00,86.55,117.1,112.01,77.41687889150002,103.67470904193975
2023-10-06 16:00:00+00:00,104.3,176.64,130.05,119.32268350824702,150.82340093186812
2023-10-06 17:00:00+00:00,111.17,250.28,140.47,163.15095297383186,207.94781782932841
2023-10-06 18:00:00+00:00,101.0,139.4,132.94,94.14759037978507,130.1210472203855
2023-10-06 19:00:00+00:00,80.07,109.93,113.4,65.8672422277206,103.778837276836
2023-10-06 20:00:00+00:00,56.78,100.98,106.57,53.002027839292154,95.04046083970574
2023-10-06 21:00:00+00:00,0.52,94.58,101.07,42.42272628616425,87.50852300958147
2023-10-06 22:00:00+00:00,0.05,87.39,90.95,32.83537794140865,79.6245403603179
2023-10-06 23:00:00+00:00,0.04,84.86,88.89,28.81367475311758,74.46249256327904
2023-10-07 00:00:00+00:00,0.1,80.04,88.78,23.546630415610224,67.59898431243427
2023-10-07 01:00:00+00:00,0.67,75.06,88.72,20.32644697459837,60.465364598001116
2023-10-07 02:00:00+00:00,6.07,70.98,88.28,20.458736861324383,55.36071420606882
2023-10-07 03:00:00+00:00,21.38,75.87,92.1,27.171177708563988,57.1429688035836
2023-10-07 04:00:00+00:00,52.44,97.45,105.3,43.836750459636065,71.36705516730039
2023-10-07 05:00:00+00:00,67.17,117.47,109.46,60.55597792743218,84.73105844267039
2023-10-07 06:00:00+00:00,70.82,120.69,110.05,65.48691458719793,88.07071837241149
2023-10-07 07:00:00+00:00,68.71,104.39,104.97,54.046100915802754,75.9714039647165
2023-10-07 08:00:00+00:00,46.82,84.26,87.52,36.62697048765693,57.633701496687
2023-10-07 09:00:00+00:00,19.62,62.81,70.53,20.702514310033123,40.11963290647081
2023-10-07 10:00:00+00:00,10.38,10.05,42.76,-11.988131718540444,0.6881981141232245
2023-10-07 11:00:00+00:00,0.22,1.08,8.76,-19.8476673048183,-9.549081871556638
2023-10-07 12:00:00+00:00,1.0,1.47,15.04,-15.539153699964118,-7.501347219032866
2023-10-07 13:00:00+00:00,22.01,41.79,56.0,18.122360550480167,26.77839162997465
2023-10-07 14:00:00+00:00,61.59,62.38,85.01,43.19932301565985,48.1536386160153
2023-10-07 15:00:00+00:00,86.44,86.55,107.7,70.63103312870743,73.48959172554387
2023-10-07 16:00:00+00:00,102.28,104.3,136.41,93.03227668054932,98.65821470869584
2023-10-07 17:00:00+00:00,108.91,111.17,163.9,100.02287323187902,114.63626119494538
2023-10-07 18:00:00+00:00,100.0,101.0,134.1,78.63313418362266,95.96181577991491
2023-10-07 19:00:00+00:00,83.99,80.07,112.4,57.938324788402184,76.88374093665735
2023-10-07 20:00:00+00:00,76.19,56.78,107.4,41.74689099337705,60.41680559122405
2023-10-07 21:00:00+00:00,72.0,0.52,101.04,8.352274777871358,21.51818256996374
2023-10-07 22:00:00+00:00,70.7,0.05,102.73,12.84963524402609,27.73414701017279
2023-10-07 23:00:00+00:00,70.64,0.04,94.14,12.217395093298734,25.31863015980386
2023-10-08 00:00:00+00:00,70.62,0.1,88.6,12.961718547975266,22.397587233526977
2023-10-08 01:00:00+00:00,70.61,0.67,89.37,15.311694457228299,20.1549869196364
2023-10-08 02:00:00+00:00,71.81,6.07,86.89,20.909558747540615,20.726911365684302
2023-10-08 03:00:00+00:00,77.09,21.38,85.45,33.03295255030967,28.462574647536158
2023-10-08 04:00:00+00:00,83.51,52.44,85.07,54.741636754341265,47.89667650388456
2023-10-08 05:00:00+00:00,100.0,67.17,88.08,68.65340278076906,57.183975666064036
2023-10-08 06:00:00+00:00,102.12,70.82,82.1,72.20160477350349,58.478971070131706
2023-10-08 07:00:00+00:00,100.86,68.71,62.73,67.40610182423093,54.15948605974707
2023-10-08 08:00:00+00:00,86.94,46.82,40.0,48.88343784195118,35.18054858866418
2023-10-08 09:00:00+00:00,76.51,19.62,8.99,27.741872461938172,12.51140810192993
2023-10-08 10:00:00+00:00,70.57,10.38,-0.01,16.986742302007556,0.8609580529997913
2023-10-08 11:00:00+00:00,55.15,0.22,-1.93,9.807253847982224,-8.068480380707456
2023-10-08 12:00:00+00:00,54.6,1.0,-0.73,12.274585097872404,-7.699588026600296
2023-10-08 13:00:00+00:00,70.8,22.01,1.53,32.13894946328473,11.214062952228801
2023-10-08 14:00:00+00:00,88.59,61.59,62.73,71.54285318223319,49.29269886206535
2023-10-08 15:00:00+00:00,113.24,86.44,99.51,103.38158827989591,77.20661238836435
2023-10-08 16:00:00+00:00,135.67,102.28,120.06,125.7872299662381,98.50770968262506
2023-10-08 17:00:00+00:00,162.58,108.91,130.0,133.58783483942327,109.9809065130451
2023-10-08 19:00:00+00:00,110.2,83.99,115.16,109.10328762069652,92.0730701468003
2023-10-08 20:00:00+00:00,104.42,76.19,106.62,97.91304601770256,84.84209599379227
2023-10-08 21:00:00+00:00,96.34,72.0,99.97,84.02267651246382,75.10597165253748
2023-10-08 22:00:00+00:00,91.11,70.7,94.9,83.46564465793546,82.29861978993472
2023-10-08 23:00:00+00:00,87.45,70.64,93.17,78.7804096143889,80.92159613906621
2023-10-09 00:00:00+00:00,82.44,70.62,93.4,75.2149357009709,80.19966353204865
2023-10-09 01:00:00+00:00,77.4,70.61,92.02,72.93342240146696,79.94678324480783
2023-10-09 02:00:00+00:00,75.0,71.81,95.68,74.74452942282313,82.57706299806037
2023-10-09 03:00:00+00:00,79.05,77.09,99.33,82.63988475227725,90.52933770817157
2023-10-09 04:00:00+00:00,96.7,83.51,124.99,99.69841321181315,106.41358360792073
2023-10-09 05:00:00+00:00,111.8,100.0,143.49,117.56950281875241,124.1264757593589
2023-10-09 06:00:00+00:00,126.72,102.12,144.5,121.95266248575166,127.56867243754424
2023-10-09 07:00:00+00:00,121.43,100.86,128.0,118.43919548936486,124.5651701700748
2023-10-09 08:00:00+00:00,111.59,86.94,105.32,105.5616192879523,109.60669563904138
2023-10-09 09:00:00+00:00,105.36,76.51,92.48,95.42587568549901,97.15425354854347
2023-10-09 10:00:00+00:00,98.99,70.57,90.28,90.21517103123709,89.71607528416175
2023-10-09 11:00:00+00:00,100.6,55.15,87.92,79.66841062225629,74.9455240950943
2023-10-09 12:00:00+00:00,105.5,54.6,88.17,77.90705206474249,70.93749997471313
2023-10-09 13:00:00+00:00,109.91,70.8,90.5,89.45593904771823,81.44190976055862
2023-10-09 14:00:00+00:00,113.02,88.59,106.03,107.42680302086302,97.90809115307049
2023-10-09 15:00:00+00:00,129.32,113.24,133.27,131.8641355867446,121.51905262978175
2023-10-09 16:00:00+00:00,189.22,135.67,200.01,158.4310208634709,149.23554579055644
2023-10-09 17:00:00+00:00,221.7,162.58,245.05,181.9780426946752,177.3987299418269
2023-10-09 18:00:00+00:00,184.5,131.85,160.07,150.75432215877066,144.38327948552885
2023-10-09 19:00:00+00:00,132.75,110.2,120.0,129.11411773318773,121.62581187823054
2023-10-09 20:00:00+00:00,120.0,104.42,107.03,120.07085390683423,113.56356301821754
2023-10-09 21:00:00+00:00,112.7,96.34,100.0,110.54868602581516,104.59708747843231
2023-10-09 22:00:00+00:00,104.0,91.11,97.58,92.48067586612437,89.68711112628118
2023-10-09 23:00:00+00:00,100.6,87.45,94.61,89.2834984574218,85.88759917737022
2023-10-10 00:00:00+00:00,99.9,82.44,71.94,84.7168852962265,79.43353687587177
2023-10-10 01:00:00+00:00,99.52,77.4,30.64,79.80632985409807,71.43550708590179
2023-10-10 02:00:00+00:00,97.39,75.0,11.51,81.0210981700917,68.99979982988174
2023-10-10 03:00:00+00:00,110.71,79.05,5.02,89.96122176763909,74.22840133487712
2023-10-10 04:00:00+00:00,130.0,96.7,6.31,112.47984547741675,93.42850459896184
2023-10-10 05:00:00+00:00,201.92,111.8,35.7,128.9087792827482,109.6272788038278
2023-10-10 06:00:00+00:00,198.63,126.72,12.5,132.29493660819722,117.47495908956412
2023-10-10 07:00:00+00:00,132.1,121.43,3.3,119.66402310731634,112.5584963087411
2023-10-10 08:00:00+00:00,116.2,111.59,-0.08,101.54932780278762,103.42707071144645
2023-10-10 09:00:00+00:00,104.98,105.36,-0.94,86.22956240336045,96.9414958775034
2023-10-10 10:00:00+00:00,96.65,98.99,-8.3,72.64591572376878,89.13270178607047
2023-10-10 11:00:00+00:00,89.29,100.6,-11.07,66.73053022055495,86.12712602986159
2023-10-10 12:00:00+00:00,91.42,105.5,-9.98,67.12025496892755,86.48158843586987
2023-10-10 13:00:00+00:00,91.62,109.91,-4.91,74.7589573943569,89.69217565403697
2023-10-10 14:00:00+00:00,99.2,113.02,-0.05,87.04068081531942,93.29357060648401
2023-10-10 15:00:00+00:00,117.36,129.32,5.0,107.54851655547935,107.92314273955606
2023-10-10 16:00:00+00:00,127.42,189.22,35.72,147.9057323654705,157.1508851233201
2023-10-10 17:00:00+00:00,139.27,221.7,60.0,165.75673588039336,188.3988944804193
2023-10-10 18:00:00+00:00,104.78,184.5,47.51,132.28595836636975,158.8454547062303
2023-10-10 19:00:00+00:00,86.74,132.75,13.75,89.06652480001787,116.18797057516467
2023-10-10 20:00:00+00:00,88.65,120.0,45.1,77.04377876507031,109.02250525201543
2023-10-10 21:00:00+00:00,68.9,112.7,10.06,60.607489852963084,96.81109431439343
2023-10-10 22:00:00+00:00,63.25,104.0,22.21,46.85849056289287,81.74661411707149
2023-10-10 23:00:00+00:00,26.06,100.6,10.1,40.10912616155843,76.70241619839523
2023-10-11 00:00:00+00:00,7.85,99.9,9.53,38.07111029741705,75.39854897129558
2023-10-11 01:00:00+00:00,2.31,99.52,7.77,38.264506781171804,75.01247190935203
2023-10-11 02:00:00+00:00,3.26,97.39,14.5,40.28743004824996,75.10000071971483
2023-10-11 03:00:00+00:00,10.0,110.71,47.92,57.86964396950049,91.2159573964125
2023-10-11 04:00:00+00:00,80.13,130.0,98.59,86.7843274830251,118.44751051397819
2023-10-11 05:00:00+00:00,127.16,201.92,117.02,136.01999905885918,173.80279115849032
2023-10-11 06:00:00+00:00,127.88,198.63,121.31,135.26124633906997,174.82719366070046
2023-10-11 07:00:00+00:00,102.94,132.1,105.9,88.15897716982933,127.77099274146028
2023-10-11 08:00:00+00:00,50.01,116.2,77.66,65.97279059305812,112.23301806885557
2023-10-11 09:00:00+00:00,1.05,104.98,67.22,51.374832802986916,102.58649191170491
2023-10-11 10:00:00+00:00,0.0,96.65,37.55,36.29331576437325,91.90744634950386
2023-10-11 11:00:00+00:00,-0.06,89.29,42.74,28.438318144604466,85.82457018036926
2023-10-11 12:00:00+00:00,-0.04,91.42,39.75,28.400355183893737,84.83830318760754
2023-10-11 13:00:00+00:00,0.06,91.62,61.54,36.82337188687177,86.65649552337645
2023-10-11 14:00:00+00:00,57.78,99.2,79.91,53.6160348599445,93.55647616241596
2023-10-11 15:00:00+00:00,102.23,117.36,95.57,79.06324288792521,110.30283034553779
2023-10-11 16:00:00+00:00,127.79,127.42,116.1,96.43210190598631,126.34448935509208
2023-10-11 17:00:00+00:00,132.14,139.27,127.36,104.31214380800976,139.64554040404028
2023-10-11 18:00:00+00:00,122.55,104.78,116.1,76.20312967533832,109.9545016862775
2023-10-11 19:00:00+00:00,101.95,86.74,88.02,55.77970470260365,88.37103914313103
2023-10-11 20:00:00+00:00,98.86,88.65,85.59,52.77922832959338,86.27888305766955
2023-10-11 21:00:00+00:00,89.92,68.9,77.85,38.27945735880224,69.29040994008248
2023-10-11 22:00:00+00:00,78.31,63.25,82.67,27.696539021289766,58.92778858826778
2023-10-11 23:00:00+00:00,82.95,26.06,76.81,9.825106162703975,33.41296503270553
2023-10-12 00:00:00+00:00,83.73,7.85,70.27,4.0011736365071044,21.46020007613744
2023-10-12 01:00:00+00:00,87.82,2.31,61.4,7.104949137117842,18.795440772722102
2023-10-12 02:00:00+00:00,89.04,3.26,68.91,17.201953783305527,22.916855672478903
2023-10-12 03:00:00+00:00,102.6,10.0,78.46,33.31395349111423,33.49268808060545
2023-10-12 04:00:00+00:00,126.5,80.13,90.57,88.1649560066829,90.64811512695009
2023-10-12 05:00:00+00:00,132.84,127.16,107.46,129.5995047833153,133.73995441119223
2023-10-12 06:00:00+00:00,148.39,127.88,121.85,134.3373853325618,135.85620528559303
2023-10-12 07:00:00+00:00,137.68,102.94,107.11,116.00704241849837,112.04646814037197
2023-10-12 08:00:00+00:00,130.9,50.01,87.33,84.28349253670395,72.23597269528028
2023-10-12 09:00:00+00:00,124.94,1.05,80.9,56.775848526543,36.953172891455516
2023-10-12 10:00:00+00:00,111.08,0.0,79.0,54.660706132602684,34.089620039144435
2023-10-12 11:00:00+00:00,104.29,-0.06,76.59,53.21591715628327,31.37692586016105
2023-10-12 12:00:00+00:00,108.38,-0.04,80.03,54.20856093884248,30.05131359500278
2023-10-12 13:00:00+00:00,120.0,0.06,83.54,58.506863507622846,29.95198479978724
2023-10-12 14:00:00+00:00,125.71,57.78,96.81,94.38598045086096,70.12431508210017
2023-10-12 15:00:00+00:00,145.0,102.23,117.1,125.4541143404209,104.97116090786649
2023-10-12 16:00:00+00:00,169.9,127.79,176.64,150.5396982022138,133.23288215420422
2023-10-12 17:00:00+00:00,220.99,132.14,250.28,163.00998735662017,148.8076831748545
2023-10-12 18:00:00+00:00,151.27,122.55,139.4,137.2949566162498,124.37916645804614
2023-10-12 19:00:00+00:00,129.36,101.95,109.93,115.9500033598218,103.29659479019963
2023-10-12 20:00:00+00:00,123.5,98.86,100.98,106.8049037648441,97.61476428308787
2023-10-12 21:00:00+00:00,109.84,89.92,94.58,93.79703133130421,86.55300261470624
2023-10-12 22:00:00+00:00,123.99,78.31,87.39,84.09344529512,80.99197952641526
2023-10-12 23:00:00+00:00,115.0,82.95,84.86,81.19088577378318,79.89349004291812
2023-10-13 00:00:00+00:00,107.14,83.73,80.04,78.5100785697299,77.81321720437253
2023-10-13 01:00:00+00:00,101.4,87.82,75.06,79.16450312203708,79.31310523588888
2023-10-13 02:00:00+00:00,100.08,89.04,70.98,79.8340558629684,80.0375716962445
2023-10-13 03:00:00+00:00,95.25,102.6,75.87,90.43338145160035,92.3030668440867
2023-10-13 04:00:00+00:00,129.43,126.5,97.45,116.16893648865059,122.81811451688098
2023-10-13 05:00:00+00:00,143.45,132.84,117.47,126.73848746969708,137.01115106386038
2023-10-13 06:00:00+00:00,145.25,148.39,120.69,129.84762730465232,148.9267181999719
2023-10-13 07:00:00+00:00,132.05,137.68,104.39,108.89504822344124,137.3945951098425
2023-10-13 08:00:00+00:00,99.0,130.9,84.26,87.90921334972808,125.29666547621149
2023-10-13 09:00:00+00:00,72.02,124.94,62.81,68.58831760973206,113.27256655331246
2023-10-13 10:00:00+00:00,34.45,111.08,10.05,44.01361245110394,94.09110854970022
2023-10-13 11:00:00+00:00,7.3,104.29,1.08,30.45522947294438,84.80010751165399
2023-10-13 12:00:00+00:00,4.31,108.38,1.47,26.518719397109095,83.18881399947162
2023-10-13 13:00:00+00:00,4.24,120.0,41.79,35.885739389786096,92.04759033982704
2023-10-13 14:00:00+00:00,10.0,125.71,62.38,46.66957932982263,99.7577161962028
2023-10-13 15:00:00+00:00,46.48,145.0,86.55,69.54752836010455,119.45557623936912
2023-10-13 16:00:00+00:00,74.23,169.9,104.3,91.75868876127636,143.57170228239886
2023-10-13 17:00:00+00:00,76.3,220.99,111.17,121.16237107353359,183.1074172173586
2023-10-13 18:00:00+00:00,15.94,151.27,101.0,75.98643682662896,132.71990295669858
2023-10-13 19:00:00+00:00,5.05,129.36,80.07,53.54079723476327,111.43904822741273
2023-10-13 20:00:00+00:00,0.2,123.5,56.78,42.309631425743355,102.30127627696896
2023-10-13 21:00:00+00:00,-0.81,109.84,0.52,22.609571369681248,83.1320364797608
2023-10-13 22:00:00+00:00,-0.09,123.99,0.05,30.596284464216282,89.04165529453962
2023-10-13 23:00:00+00:00,-1.87,115.0,0.04,23.23554162289136,80.14144324740431
2023-10-14 00:00:00+00:00,-1.49,107.14,0.1,17.217457793798573,71.58923508340641
2023-10-14 01:00:00+00:00,-1.72,101.4,0.67,14.100998477735928,65.21868591652698
2023-10-14 02:00:00+00:00,-2.21,100.08,6.07,14.507982981073496,61.64378402475977
2023-10-14 03:00:00+00:00,-2.08,95.25,21.38,17.29494830579216,58.5239547769001
2023-10-14 04:00:00+00:00,-0.96,129.43,52.44,44.17609081513277,84.82918356982861
2023-10-14 05:00:00+00:00,-0.02,143.45,67.17,59.793997407131485,95.47163812517749
2023-10-14 06:00:00+00:00,9.09,145.25,70.82,63.485066023406844,98.55518979256944
2023-10-14 07:00:00+00:00,20.6,132.05,68.71,55.08524072666064,89.39687636314457
2023-10-14 08:00:00+00:00,1.08,99.0,46.82,29.09680010602439,63.79811154708433
2023-10-14 09:00:00+00:00,-0.05,72.02,19.62,6.099680248000212,42.257061630031814
2023-10-14 10:00:00+00:00,-0.94,34.45,10.38,-17.260819331294314,16.319311249740878
2023-10-14 11:00:00+00:00,-1.09,7.3,0.22,-32.25237914588365,-2.274556880740164
2023-10-14 12:00:00+00:00,-1.39,4.31,1.0,-30.756970679429884,-2.535160127178173
2023-10-14 13:00:00+00:00,-0.08,4.24,22.01,-21.862667967226102,3.163568997019027
2023-10-14 14:00:00+00:00,0.6,10.0,61.59,-2.8214286819438144,16.45175047337527
2023-10-14 15:00:00+00:00,67.19,46.48,86.44,34.76036847120028,50.6481634285559
2023-10-14 16:00:00+00:00,117.9,74.23,102.28,62.368437638688846,78.64385349741113
2023-10-14 17:00:00+00:00,129.97,76.3,108.91,66.81212331289932,88.13679141795772
2023-10-14 18:00:00+00:00,96.91,15.94,100.0,26.048044741934106,42.033717204724056
2023-10-14 19:00:00+00:00,85.68,5.05,83.99,13.444950866493372,31.46812620422385
2023-10-14 20:00:00+00:00,74.59,0.2,76.19,7.16186559213584,27.552916671470996
2023-10-14 21:00:00+00:00,47.06,-0.81,72.0,2.6217047249520817,24.735383612638515
2023-10-14 22:00:00+00:00,14.67,-0.09,70.7,5.121876316878513,32.97237294874742
2023-10-14 23:00:00+00:00,6.96,-1.87,70.64,1.1460294574676766,29.277066712963403
2023-10-15 00:00:00+00:00,5.79,-1.49,70.62,-0.9153073839186447,26.496131338726983
2023-10-15 01:00:00+00:00,9.06,-1.72,70.61,-1.8380520171465804,23.37231898169729
2023-10-15 02:00:00+00:00,5.72,-2.21,71.81,-1.3960370006235792,20.415632587623364
2023-10-15 03:00:00+00:00,7.63,-2.08,77.09,-0.3644656364711665,17.812100042008623
2023-10-15 04:00:00+00:00,5.88,-0.96,83.51,1.8923779584896891,18.44644813089242
2023-10-15 05:00:00+00:00,21.34,-0.02,100.0,4.72258328874257,19.23651840441599
2023-10-15 06:00:00+00:00,24.58,9.09,102.12,7.052037779496587,24.241557426993126
2023-10-15 07:00:00+00:00,30.9,20.6,100.86,5.250329364530657,30.74085667368466
2023-10-15 08:00:00+00:00,5.07,1.08,86.94,-17.688767821373546,12.849144521252384
2023-10-15 09:00:00+00:00,0.04,-0.05,76.51,-28.14148953345287,8.848599473475957
2023-10-15 10:00:00+00:00,-0.09,-0.94,70.57,-34.18181812050196,3.9966366658411516
2023-10-15 11:00:00+00:00,-1.0,-1.09,55.15,-39.44978040454879,-1.088181972286975
2023-10-15 12:00:00+00:00,-1.76,-1.39,54.6,-38.12317837631858,-1.180242779116682
2023-10-15 13:00:00+00:00,-0.23,-0.08,70.8,-29.574650626432486,3.2504725538996553
2023-10-15 14:00:00+00:00,1.04,0.6,88.59,-17.17139621481823,9.661468234711592
2023-10-15 15:00:00+00:00,80.8,67.19,113.24,40.510812510831364,66.04198573243113
2023-10-15 16:00:00+00:00,139.9,117.9,135.67,88.15722893147178,113.02070322262612
2023-10-15 17:00:00+00:00,134.98,129.97,162.58,105.35292702244264,131.37701549790057
2023-10-15 18:00:00+00:00,132.26,96.91,131.85,80.71686056138239,102.51739196476761
2023-10-15 19:00:00+00:00,115.03,85.68,110.2,70.83957547011367,92.39550543921632
2023-10-15 20:00:00+00:00,116.96,74.59,104.42,64.88119521557306,84.83659568915495
2023-10-15 21:00:00+00:00,95.28,47.06,96.34,47.06869797461315,63.692302656724614
2023-10-15 22:00:00+00:00,103.62,14.67,91.11,34.50007579266705,49.74080864885928
2023-10-15 23:00:00+00:00,97.03,6.96,87.45,29.943352734242623,43.13671886635618
2023-10-16 00:00:00+00:00,98.37,5.79,82.44,30.238136496866076,41.57312104919273
2023-10-16 01:00:00+00:00,96.63,9.06,77.4,35.07935217448531,43.897570155724786
2023-10-16 02:00:00+00:00,94.43,5.72,75.0,39.87637303993287,43.59701466310096
2023-10-16 03:00:00+00:00,98.27,7.63,79.05,50.923665428547864,49.07606116252105
2023-10-16 04:00:00+00:00,139.56,5.88,96.7,67.77217623226426,57.719371071239
2023-10-16 05:00:00+00:00,159.37,21.34,111.8,89.17837497046101,74.04585643961744
2023-10-16 06:00:00+00:00,165.72,24.58,126.72,96.05560914976319,80.34264597666505
2023-10-16 07:00:00+00:00,154.49,30.9,121.43,93.13726189951295,84.64521204304904
2023-10-16 08:00:00+00:00,121.96,5.07,111.59,69.80534573061104,64.06863522312258
2023-10-16 09:00:00+00:00,116.82,0.04,105.36,60.35110040391436,59.50255924258058
2023-10-16 10:00:00+00:00,113.79,-0.09,98.99,57.22448516316688,57.61924001590765
2023-10-16 11:00:00+00:00,106.25,-1.0,100.6,56.62306710956278,54.87423720762661
2023-10-16 12:00:00+00:00,109.49,-1.76,105.5,58.85499464249072,52.413807870123435
2023-10-16 13:00:00+00:00,116.75,-0.23,109.91,66.50092349908016,52.2161754121283
2023-10-16 14:00:00+00:00,138.96,1.04,113.02,78.29134422966652,52.71357434264507
2023-10-16 15:00:00+00:00,166.83,80.8,129.32,139.4127626007969,115.31151395222852
2023-10-16 16:00:00+00:00,211.06,139.9,189.22,188.040930171956,169.2852006611817
2023-10-16 17:00:00+00:00,240.0,134.98,221.7,189.45772243925242,173.05377706071408
2023-10-16 18:00:00+00:00,159.94,132.26,184.5,176.22707305101375,162.73541170414876
2023-10-16 19:00:00+00:00,145.01,115.03,132.75,154.1026897231061,141.92060122897016
2023-10-16 20:00:00+00:00,135.2,116.96,120.0,147.45734646094334,138.9745547995646
2023-10-16 21:00:00+00:00,119.22,95.28,112.7,127.52972036829863,118.59554196038637
2023-10-16 22:00:00+00:00,127.58,103.62,104.0,115.7134960993202,108.04050905505646
2023-10-16 23:00:00+00:00,114.04,97.03,100.6,110.07723342020712,101.81664650564707
2023-10-17 00:00:00+00:00,108.38,98.37,99.9,110.65975868834302,102.16449702034033
2023-10-17 01:00:00+00:00,105.5,96.63,99.52,111.93457615316012,101.59392979318706
2023-10-17 02:00:00+00:00,110.57,94.43,97.39,114.14838124406637,100.64512572394828
2023-10-17 03:00:00+00:00,121.96,98.27,110.71,125.01881886038232,107.91653511939157
2023-10-17 04:00:00+00:00,150.25,139.56,130.0,162.05912535728964,144.36556030288347
2023-10-17 05:00:00+00:00,165.0,159.37,201.92,192.0038399514583,171.87823535834076
2023-10-17 06:00:00+00:00,191.08,165.72,198.63,197.14082810888368,177.17786848132135
2023-10-17 07:00:00+00:00,159.4,154.49,132.1,177.34930994325623,161.18302554632092
2023-10-17 08:00:00+00:00,134.98,121.96,116.2,148.01654890389864,133.45070799878405
2023-10-17 09:00:00+00:00,113.67,116.82,104.98,135.44574550245963,126.36416699701712
2023-10-17 10:00:00+00:00,108.91,113.79,96.65,125.29569170324139,120.88197134630953
2023-10-17 11:00:00+00:00,100.08,106.25,89.29,114.09954940834665,110.95990718978622
2023-10-17 12:00:00+00:00,98.4,109.49,91.42,112.1700422230472,108.6523421299427
2023-10-17 13:00:00+00:00,107.95,116.75,91.62,116.65383488231522,109.609445680853
2023-10-17 14:00:00+00:00,128.42,138.96,99.2,133.97142201804817,122.14273280744683
2023-10-17 15:00:00+00:00,153.12,166.83,117.36,166.35306869717246,150.7693761292013
2023-10-17 16:00:00+00:00,165.92,211.06,127.42,200.02271460211355,190.08817824308377
2023-10-17 17:00:00+00:00,164.45,240.0,139.27,215.60117327542207,214.5591903137904
2023-10-17 18:00:00+00:00,129.97,159.94,104.78,160.2640677089995,154.45263598002896
2023-10-17 19:00:00+00:00,132.9,145.01,86.74,141.2126847401109,138.39143441154826
2023-10-17 20:00:00+00:00,126.03,135.2,88.65,129.2298701625752,129.64070320533887
2023-10-17 21:00:00+00:00,104.42,119.22,68.9,110.21938591071918,111.68686286627803
2023-10-17 22:00:00+00:00,89.58,127.58,63.25,103.38795610215875,105.24316439437256
2023-10-17 23:00:00+00:00,89.06,114.04,26.06,89.67847008900665,90.04656685717202
2023-10-18 00:00:00+00:00,88.36,108.38,7.85,84.84387254907956,83.85088989289433
2023-10-18 01:00:00+00:00,89.48,105.5,2.31,84.39406333080642,81.5093279935494
2023-10-18 02:00:00+00:00,91.99,110.57,3.26,90.48966927500317,86.14239254418214
2023-10-18 03:00:00+00:00,97.56,121.96,10.0,102.87090418267998,97.48624153528958
2023-10-18 04:00:00+00:00,134.0,150.25,80.13,138.18252783481927,134.37864071118898
2023-10-18 05:00:00+00:00,166.91,165.0,127.16,158.13778507681724,154.62168737807465
2023-10-18 06:00:00+00:00,159.14,191.08,127.88,170.02528344842415,173.75731291428144
2023-10-18 07:00:00+00:00,123.41,159.4,102.94,138.15354359132866,147.61820179860197
2023-10-18 08:00:00+00:00,90.02,134.98,50.01,106.56087641949848,120.75643136660223
2023-10-18 09:00:00+00:00,76.92,113.67,1.05,83.34295062651105,99.38704228755572
2023-10-18 10:00:00+00:00,70.09,108.91,0.0,76.11037116548141,94.19377348078017
2023-10-18 11:00:00+00:00,64.0,100.08,-0.06,68.25019995321907,85.12518338626589
2023-10-18 12:00:00+00:00,71.59,98.4,-0.04,66.73668377348284,81.72530487109259
2023-10-18 13:00:00+00:00,90.07,107.95,0.06,75.3304840878541,87.13210178537136
2023-10-18 14:00:00+00:00,115.16,128.42,57.78,99.58018653686226,109.46865757258264
2023-10-18 15:00:00+00:00,131.08,153.12,102.23,124.2890609307599,136.23074103930648
2023-10-18 16:00:00+00:00,110.54,165.92,127.79,134.46601732973784,154.51746752724804
2023-10-18 17:00:00+00:00,106.9,164.45,132.14,127.51740960243652,157.01871669163353
2023-10-18 18:00:00+00:00,96.81,129.97,122.55,95.17111042835184,124.55869870836551
2023-10-18 19:00:00+00:00,86.29,132.9,101.95,86.88047158957974,121.15547558565761
2023-10-18 20:00:00+00:00,76.23,126.03,98.86,76.6336918773016,113.1787294870855
2023-10-18 21:00:00+00:00,47.48,104.42,89.92,58.107467317899975,94.00160664269427
2023-10-18 22:00:00+00:00,25.89,89.58,78.31,38.62252542400307,76.92695768308795
2023-10-18 23:00:00+00:00,15.45,89.06,82.95,37.035303881662884,75.49860089000126
2023-10-19 00:00:00+00:00,10.1,88.36,83.73,37.26080210360822,74.68115115088612
2023-10-19 01:00:00+00:00,8.15,89.48,87.82,41.20808126053397,76.43040540947368
2023-10-19 02:00:00+00:00,17.01,91.99,89.04,48.483739008862194,80.2769409367293
2023-10-19 03:00:00+00:00,42.88,97.56,102.6,62.69912563868867,90.00645390310446
2023-10-19 04:00:00+00:00,88.07,134.0,126.5,100.44335212810161,126.32338583238761
2023-10-19 05:00:00+00:00,107.78,166.91,132.84,130.31213161540458,154.06689171037087
2023-10-19 06:00:00+00:00,124.11,159.14,148.39,134.17889441835626,152.87194244341197
2023-10-19 07:00:00+00:00,127.0,123.41,137.68,113.49794001660968,124.67886877298409
2023-10-19 08:00:00+00:00,122.75,90.02,130.9,93.4237693856076,99.15113603732996
2023-10-19 09:00:00+00:00,124.64,76.92,124.94,83.74717218983011,87.10009064883529
2023-10-19 10:00:00+00:00,124.85,70.09,111.08,76.97742911163289,78.63470634407743
2023-10-19 11:00:00+00:00,120.11,64.0,104.29,72.21426480628419,71.40306900728011
2023-10-19 12:00:00+00:00,119.58,71.59,108.38,75.06858725967346,74.26022563642269
2023-10-19 13:00:00+00:00,123.62,90.07,120.0,87.31116240068307,87.70285812737495
2023-10-19 14:00:00+00:00,133.04,115.16,125.71,103.16471826124368,106.61955666739533
2023-10-19 15:00:00+00:00,137.7,131.08,145.0,115.69830297241381,122.95592676716484
2023-10-19 16:00:00+00:00,138.87,110.54,169.9,108.92189104888755,116.85962998173522
2023-10-19 17:00:00+00:00,138.07,106.9,220.99,109.44668939249249,122.43419580931803
2023-10-19 18:00:00+00:00,116.79,96.81,151.27,85.22797071847864,102.08421468918063
2023-10-19 19:00:00+00:00,94.75,86.29,129.36,69.69129758137392,90.37071767968972
2023-10-19 20:00:00+00:00,97.0,76.23,123.5,57.15899199602042,80.45724851581193
2023-10-19 21:00:00+00:00,83.6,47.48,109.84,33.93456214398604,56.10532002979685
2023-10-19 22:00:00+00:00,77.59,25.89,123.99,24.413953052126402,47.015918217234926
2023-10-19 23:00:00+00:00,63.69,15.45,115.0,15.9652648834019,39.20323749435216
2023-10-20 00:00:00+00:00,51.2,10.1,107.14,11.614200111895912,35.351877983096344
2023-10-20 01:00:00+00:00,35.27,8.15,101.4,11.15040716189813,34.9737921525053
2023-10-20 02:00:00+00:00,23.05,17.01,100.08,18.087050154444285,42.97787918006204
2023-10-20 03:00:00+00:00,41.75,42.88,95.25,35.45178433178502,63.12379794207486
2023-10-20 04:00:00+00:00,76.69,88.07,129.43,73.59765686131615,106.35108207089041
2023-10-20 05:00:00+00:00,108.12,107.78,143.45,93.43338336047132,127.26639737654705
2023-10-20 06:00:00+00:00,119.44,124.11,145.25,104.25489706915725,138.6208247846131
2023-10-20 07:00:00+00:00,124.76,127.0,132.05,102.9039909059492,136.3121879260852
2023-10-20 08:00:00+00:00,115.22,122.75,99.0,93.94665932387007,125.86086206954491
2023-10-20 09:00:00+00:00,109.16,124.64,72.02,89.10054991601594,121.1187491767783
2023-10-20 10:00:00+00:00,100.75,124.85,34.45,82.07754827403787,113.71625815703823
2023-10-20 11:00:00+00:00,93.76,120.11,7.3,73.58127897796095,103.77693798389937
2023-10-20 12:00:00+00:00,92.81,119.58,4.31,70.82690063477821,100.72974666934756
2023-10-20 13:00:00+00:00,95.31,123.62,4.24,74.1045180208944,103.60094630848259
2023-10-20 14:00:00+00:00,99.03,133.04,10.0,83.5712942156841,112.8616926743627
2023-10-20 15:00:00+00:00,108.5,137.7,46.48,94.94310295008931,123.22446930376194
2023-10-20 16:00:00+00:00,117.54,138.87,74.23,103.08006675796858,129.3077531020715
2023-10-20 17:00:00+00:00,120.29,138.07,76.3,103.92303862248737,130.2343622349184
2023-10-20 18:00:00+00:00,101.94,116.79,15.94,79.56399780608488,105.17667766286584
2023-10-20 19:00:00+00:00,82.86,94.75,5.05,61.643786960345565,85.77039015580732
2023-10-20 20:00:00+00:00,78.51,97.0,0.2,58.6335211302365,84.35641966951302
2023-10-20 21:00:00+00:00,56.44,83.6,-0.81,45.695776027463594,70.11963956983084
2023-10-20 22:00:00+00:00,53.1,77.59,-0.09,37.85504861942289,62.150822420022536
2023-10-20 23:00:00+00:00,37.27,63.69,-1.87,27.036594931503956,48.51194144467223
2023-10-21 00:00:00+00:00,39.74,51.2,-1.49,18.336526783456023,35.907029347432584
2023-10-21 01:00:00+00:00,33.95,35.27,-1.72,8.456341359655568,21.8406364964939
2023-10-21 02:00:00+00:00,37.15,23.05,-2.21,1.5139643811553185,10.673963898661
2023-10-21 03:00:00+00:00,35.14,41.75,-2.08,13.157053009677128,22.101874965874543
2023-10-21 04:00:00+00:00,43.7,76.69,-0.96,35.36134047447146,46.68539470749357
2023-10-21 05:00:00+00:00,66.67,108.12,-0.02,57.01235250148549,68.67765701273082
2023-10-21 06:00:00+00:00,74.95,119.44,9.09,65.41538882115861,77.78869148808714
2023-10-21 07:00:00+00:00,58.71,124.76,20.6,66.15035960200606,83.24429117036505
2023-10-21 08:00:00+00:00,44.83,115.22,1.08,52.556417945973976,73.60387604220278
2023-10-21 09:00:00+00:00,31.1,109.16,-0.05,45.271965529274624,69.79514663760645
2023-10-21 10:00:00+00:00,20.8,100.75,-0.94,36.45402401848327,63.05474303543343
2023-10-21 11:00:00+00:00,10.0,93.76,-1.09,30.78547167548946,56.47477956537264
2023-10-21 12:00:00+00:00,13.21,92.81,-1.39,32.14225603769694,54.986339175684016
2023-10-21 13:00:00+00:00,28.03,95.31,-0.08,42.249597716240075,58.19351501775644
2023-10-21 14:00:00+00:00,84.35,99.03,0.6,57.82548219326109,64.2600830033504
2023-10-21 15:00:00+00:00,114.77,108.5,67.19,83.52968790603188,83.55570162980106
2023-10-21 16:00:00+00:00,128.4,117.54,117.9,98.13041359027696,101.29678859150164
2023-10-21 17:00:00+00:00,114.72,120.29,129.97,96.68289685558216,108.69243341536911
2023-10-21 18:00:00+00:00,90.21,101.94,96.91,72.74314407113232,90.9722064817357
2023-10-21 19:00:00+00:00,53.39,82.86,85.68,52.841035294919266,75.11722978411463
2023-10-21 20:00:00+00:00,49.33,78.51,74.59,45.08630175933267,71.38127064266794
2023-10-21 21:00:00+00:00,40.15,56.44,47.06,24.74725623348438,51.22846661092459
2023-10-21 22:00:00+00:00,39.37,53.1,14.67,24.02838416292677,50.66549346788733
2023-10-21 23:00:00+00:00,30.36,37.27,6.96,11.363682422700435,36.337461316744594
2023-10-22 00:00:00+00:00,18.61,39.74,5.79,9.008327437792971,34.10030922164505
2023-10-22 01:00:00+00:00,15.63,33.95,9.06,3.4047664646122087,26.570918563495724
2023-10-22 02:00:00+00:00,18.35,37.15,5.72,2.427520135265155,24.03697584290755
2023-10-22 03:00:00+00:00,34.32,35.14,7.63,2.087966455097117,21.26242431078859
2023-10-22 04:00:00+00:00,30.26,43.7,5.88,8.180137588567902,26.21770711879431
2023-10-22 05:00:00+00:00,58.2,66.67,21.34,26.15209956610461,43.86808079989411
2023-10-22 06:00:00+00:00,54.5,74.95,24.58,32.32552595562227,50.30784223834526
2023-10-22 07:00:00+00:00,62.83,58.71,30.9,21.789241234608767,41.81400847194641
2023-10-22 08:00:00+00:00,51.58,44.83,5.07,4.471903662018988,28.759332519221758
2023-10-22 09:00:00+00:00,48.59,31.1,0.04,-6.7179717175690286,19.937341212514184
2023-10-22 10:00:00+00:00,44.99,20.8,-0.09,-14.661978686063506,12.104139455441839
2023-10-22 11:00:00+00:00,29.19,10.0,-1.0,-19.846372944218388,3.7248171345494825
2023-10-22 12:00:00+00:00,31.86,13.21,-1.76,-12.613144000625624,6.296438331515688
2023-10-22 13:00:00+00:00,51.29,28.03,-0.23,5.481224457418406,18.13441540246572
2023-10-22 14:00:00+00:00,77.32,84.35,1.04,50.71548718605488,59.490321658933816
2023-10-22 15:00:00+00:00,125.83,114.77,80.8,93.52007449368008,95.84479746757167
2023-10-22 16:00:00+00:00,135.29,128.4,139.9,118.04167732501594,120.04321076638546
2023-10-22 17:00:00+00:00,139.02,114.72,134.98,111.52293936220146,115.08464236385748
2023-10-22 18:00:00+00:00,126.05,90.21,132.26,94.33593720073455,98.37889706264048
2023-10-22 19:00:00+00:00,112.47,53.39,115.03,69.86921213990476,71.1856697933132
2023-10-22 20:00:00+00:00,102.18,49.33,116.96,67.23696649594952,69.6158742593545
2023-10-22 21:00:00+00:00,96.66,40.15,95.28,55.33183450661066,57.46624311187043
2023-10-22 22:00:00+00:00,99.46,39.37,103.62,62.34037035314906,66.46502799765562
2023-10-22 23:00:00+00:00,100.06,30.36,97.03,56.885616073713564,57.99919574180149
2023-10-23 00:00:00+00:00,101.28,18.61,98.37,53.709933459505486,50.645729591335034
2023-10-23 01:00:00+00:00,100.11,15.63,96.63,56.76815660483364,49.37168786470816
2023-10-23 02:00:00+00:00,98.73,18.35,94.43,65.54777196993525,53.58183947416948
2023-10-23 03:00:00+00:00,105.41,34.32,98.27,84.3245403141824,68.26021403302835
2023-10-23 04:00:00+00:00,142.9,30.26,139.56,103.18541083642668,78.68463661883143
2023-10-23 05:00:00+00:00,177.5,58.2,159.37,132.3169982193596,105.72256617714748
2023-10-23 06:00:00+00:00,198.39,54.5,165.72,133.7019714999764,105.90165615168692
2023-10-23 07:00:00+00:00,151.65,62.83,154.49,127.20482701577151,107.95474781333367
2023-10-23 08:00:00+00:00,128.07,51.58,121.96,105.81734499898292,93.84232482945792
2023-10-23 09:00:00+00:00,109.03,48.59,116.82,97.06616619214627,89.3947304205567
2023-10-23 10:00:00+00:00,102.26,44.99,113.79,92.05904655827806,83.71119700610708
2023-10-23 11:00:00+00:00,103.22,29.19,106.25,82.6955057484853,68.23096941166617
2023-10-23 12:00:00+00:00,107.0,31.86,109.49,88.15228028155454,68.11733543640698
2023-10-23 13:00:00+00:00,128.72,51.29,116.75,105.03120876766307,81.95685942604818
2023-10-23 14:00:00+00:00,138.67,77.32,138.96,128.72029444950803,106.37889537129821
2023-10-23 15:00:00+00:00,154.97,125.83,166.83,164.4127292653438,147.71189526525734
2023-10-23 16:00:00+00:00,165.19,135.29,211.06,174.90143166443613,164.06280434344276
2023-10-23 17:00:00+00:00,155.9,139.02,240.0,174.51584304521663,171.40424446798363
2023-10-23 18:00:00+00:00,127.33,126.05,159.94,146.70967879225333,149.4279326435931
2023-10-23 19:00:00+00:00,104.02,112.47,145.01,127.24399774408221,134.0809707959238
2023-10-23 20:00:00+00:00,107.95,102.18,135.2,112.25435181204949,123.48716297904434
2023-10-23 21:00:00+00:00,92.76,96.66,119.22,98.83269113101858,114.279680839887
2023-10-23 22:00:00+00:00,101.33,99.46,127.58,84.65148337613935,104.63637563219913
2023-10-23 23:00:00+00:00,97.21,100.06,114.04,79.00642174137414,101.74499397808194
2023-10-24 00:00:00+00:00,94.54,101.28,108.38,76.31005407827371,100.0052627608539
2023-10-24 01:00:00+00:00,89.46,100.11,105.5,76.1404198524373,98.72810064962864
2023-10-24 02:00:00+00:00,90.27,98.73,110.57,79.1752441730572,99.42213091111185
2023-10-24 03:00:00+00:00,94.8,105.41,121.96,91.34361185630033,109.18860487562519
2023-10-24 04:00:00+00:00,101.65,142.9,150.25,127.34747638941153,143.95152029011098
2023-10-24 05:00:00+00:00,120.12,177.5,165.0,159.86778534907074,175.39355809402178
2023-10-24 06:00:00+00:00,130.72,198.39,191.08,180.7418564176961,193.73201813592655
2023-10-24 07:00:00+00:00,136.35,151.65,159.4,153.5202111383519,157.96929127336497
2023-10-24 08:00:00+00:00,128.37,128.07,134.98,137.39216736947705,136.58242612079303
2023-10-24 09:00:00+00:00,125.0,109.03,113.67,125.43880912532485,119.27180210165425
2023-10-24 10:00:00+00:00,118.99,102.26,108.91,120.99915527784444,111.15989137275423
2023-10-24 11:00:00+00:00,112.54,103.22,100.08,117.83130871740316,105.84245117258894
2023-10-24 12:00:00+00:00,115.4,107.0,98.4,117.03491456240955,104.78825925593995
2023-10-24 13:00:00+00:00,132.17,128.72,107.95,128.55565602103357,119.50832642438527
2023-10-24 14:00:00+00:00,129.16,138.67,128.42,137.88763584712754,129.80592088517662
2023-10-24 15:00:00+00:00,140.0,154.97,153.12,156.03900519737977,149.92259169633277
2023-10-24 16:00:00+00:00,149.87,165.19,165.92,165.65748209991307,162.57753980670122
2023-10-24 17:00:00+00:00,154.07,155.9,164.45,158.00825154298968,158.2542423674654
2023-10-24 18:00:00+00:00,133.45,127.33,129.97,129.7698872151739,131.49379268196415
2023-10-24 19:00:00+00:00,119.31,104.02,132.9,110.53634986348077,113.33099950495313
2023-10-24 20:00:00+00:00,114.1,107.95,126.03,104.33586911480742,112.07443948373093
2023-10-24 21:00:00+00:00,102.78,92.76,104.42,87.26391190266831,96.35008344761411
2023-10-24 22:00:00+00:00,99.07,101.33,89.58,75.78442191834078,85.50939172587088
2023-10-24 23:00:00+00:00,94.56,97.21,89.06,71.4536212768915,82.07879520157637
2023-10-25 00:00:00+00:00,89.43,94.54,88.36,70.23161785701592,80.34708502203213
2023-10-25 01:00:00+00:00,86.06,89.46,89.48,70.14254856029233,77.97577498275864
2023-10-25 02:00:00+00:00,90.54,90.27,91.99,75.23094522100618,80.37793012725977
2023-10-25 03:00:00+00:00,96.99,94.8,97.56,86.01043723909356,87.60271338023043
2023-10-25 04:00:00+00:00,125.5,101.65,134.0,108.88915049714971,106.09152898619553
2023-10-25 05:00:00+00:00,150.16,120.12,166.91,134.1315852835729,129.2117883018242
2023-10-25 06:00:00+00:00,152.87,130.72,159.14,141.59237801946443,137.09406867254987
2023-10-25 07:00:00+00:00,140.49,136.35,123.41,133.63776266981398,132.02758676514244
2023-10-25 08:00:00+00:00,130.02,128.37,90.02,118.61892414038219,119.42806028329215
2023-10-25 09:00:00+00:00,124.99,125.0,76.92,110.95975286409268,113.30854407346003
2023-10-25 10:00:00+00:00,117.38,118.99,70.09,104.5333897932577,106.1485103127395
2023-10-25 11:00:00+00:00,115.62,112.54,64.0,99.45104178375722,98.55608991382456
2023-10-25 12:00:00+00:00,124.47,115.4,71.59,103.20920469962596,99.34700502329493
2023-10-25 13:00:00+00:00,138.13,132.17,90.07,117.23102630059981,112.90597769769505
2023-10-25 14:00:00+00:00,147.51,129.16,115.16,120.71189784292898,114.3876955850345
2023-10-25 15:00:00+00:00,153.73,140.0,131.08,131.3569210127131,127.22944623930138
2023-10-25 16:00:00+00:00,154.62,149.87,110.54,134.0982699794484,135.26591548424554
2023-10-25 17:00:00+00:00,157.71,154.07,106.9,132.17308990555725,138.82939331688942
2023-10-25 18:00:00+00:00,137.08,133.45,96.81,110.6145229100964,119.44941458614755
2023-10-25 19:00:00+00:00,123.55,119.31,86.29,94.69675246545366,105.00867033616312
2023-10-25 20:00:00+00:00,120.06,114.1,76.23,85.49033381791664,98.36039693902626
2023-10-25 21:00:00+00:00,112.8,102.78,47.48,69.95491755652725,83.43583052915977
2023-10-25 22:00:00+00:00,89.48,99.07,25.89,51.404408514356916,72.33044068435261
2023-10-25 23:00:00+00:00,89.91,94.56,15.45,46.28379286900969,67.0161737701595
2023-10-26 00:00:00+00:00,87.49,89.43,10.1,43.61976080293925,62.09092851995721
2023-10-26 01:00:00+00:00,87.04,86.06,8.15,44.65970069194264,59.52875239530628
2023-10-26 02:00:00+00:00,89.92,90.54,17.01,54.183778060723334,65.07382632249727
2023-10-26 03:00:00+00:00,100.0,96.99,42.88,69.79909330178863,75.77289262010302
2023-10-26 04:00:00+00:00,117.08,125.5,88.07,104.42139905545724,106.89418443684576
2023-10-26 05:00:00+00:00,133.66,150.16,107.78,131.71458178799054,130.66714500274057
2023-10-26 06:00:00+00:00,143.85,152.87,124.11,142.27857863010183,136.39764838374845
2023-10-26 07:00:00+00:00,149.0,140.49,127.0,138.213403999185,128.95510293124133
2023-10-26 08:00:00+00:00,146.37,130.02,122.75,131.50226636604302,120.2157550038485
2023-10-26 09:00:00+00:00,140.0,124.99,124.64,128.1302115590572,115.71393244421769
2023-10-26 10:00:00+00:00,131.11,117.38,124.85,122.9356659786467,108.58630231301261
2023-10-26 11:00:00+00:00,120.09,115.62,120.11,119.59469084497869,103.98587142210332
2023-10-26 12:00:00+00:00,119.6,124.47,119.58,123.40522697003173,107.84290357871346
2023-10-26 13:00:00+00:00,120.01,138.13,123.62,131.4746808527388,116.96447033040154
2023-10-26 14:00:00+00:00,131.14,147.51,133.04,139.01465979882124,124.16464473463847
2023-10-26 15:00:00+00:00,142.91,153.73,137.7,146.40943951146818,132.13821998945485
2023-10-26 16:00:00+00:00,150.95,154.62,138.87,149.68040624975035,137.32614192544378
2023-10-26 17:00:00+00:00,150.99,157.71,138.07,148.80613976273358,140.89666925050247
2023-10-26 18:00:00+00:00,130.72,137.08,116.79,126.97571095160788,120.73100272691461
2023-10-26 19:00:00+00:00,119.06,123.55,94.75,110.68306345664651,106.02954146921896
2023-10-26 20:00:00+00:00,117.06,120.06,97.0,103.39103479728792,101.52011609985044
2023-10-26 21:00:00+00:00,104.85,112.8,83.6,91.4847357271868,91.13009318405008
2023-10-26 22:00:00+00:00,104.56,89.48,77.59,80.8925207833596,78.33674102197776
2023-10-26 23:00:00+00:00,97.33,89.91,63.69,77.58835121672637,75.8611724215976
2023-10-27 00:00:00+00:00,95.11,87.49,51.2,74.48072153994543,72.07389812191046
2023-10-27 01:00:00+00:00,95.0,87.04,35.27,74.35247168106224,70.26437611539893
2023-10-27 02:00:00+00:00,99.15,89.92,23.05,78.22978683031906,72.34198248112587
2023-10-27 03:00:00+00:00,104.58,100.0,41.75,91.69150565078681,84.31025962077747
2023-10-27 04:00:00+00:00,122.61,117.08,76.69,116.3889331933311,107.92943474053541
2023-10-27 05:00:00+00:00,143.28,133.66,108.12,136.4261151082846,127.92399372944207
2023-10-27 06:00:00+00:00,154.55,143.85,119.44,145.6910907211353,136.87335259588926
2023-10-27 07:00:00+00:00,152.7,149.0,124.76,147.19642824483125,139.4880051398577
2023-10-27 08:00:00+00:00,145.19,146.37,115.22,140.23249248447158,134.66719275301315
2023-10-27 09:00:00+00:00,138.29,140.0,109.16,130.31030591539448,127.86990501305509
2023-10-27 10:00:00+00:00,122.39,131.11,100.75,119.57313804547573,118.7232154639321
2023-10-27 11:00:00+00:00,109.8,120.09,93.76,108.59651962620353,107.96057972387257
2023-10-27 12:00:00+00:00,101.57,119.6,92.81,106.44138280152339,105.93249550824868
2023-10-27 13:00:00+00:00,107.68,120.01,95.31,108.53707898731633,106.08897648744723
2023-10-27 14:00:00+00:00,126.41,131.14,99.03,118.49349193222912,114.4598978309826
2023-10-27 15:00:00+00:00,128.36,142.91,108.5,131.13221165210538,126.0175799105312
2023-10-27 16:00:00+00:00,139.82,150.95,117.54,138.61391253615378,135.4511279302518
2023-10-27 17:00:00+00:00,140.54,150.99,120.29,135.36758173662759,136.56029603721532
2023-10-27 18:00:00+00:00,120.89,130.72,101.94,113.85340723880763,117.21805297197693
2023-10-27 19:00:00+00:00,100.05,119.06,82.86,98.77800731491511,104.54167247314591
2023-10-27 20:00:00+00:00,96.84,117.06,78.51,91.5673299600457,100.74916868380588
2023-10-27 21:00:00+00:00,93.7,104.85,56.44,76.04834540040629,86.90627874409087
2023-10-27 22:00:00+00:00,84.6,104.56,53.1,71.150607819405,82.34666715495118
2023-10-27 23:00:00+00:00,68.61,97.33,37.27,60.98744611754808,72.7985123447966
2023-10-28 00:00:00+00:00,64.59,95.11,39.74,56.93915997247363,68.54726751723479
2023-10-28 01:00:00+00:00,55.0,95.0,33.95,53.96024082329129,65.05416725280178
2023-10-28 02:00:00+00:00,60.51,99.15,37.15,55.17838931795818,65.65287676934302
2023-10-28 03:00:00+00:00,69.01,104.58,35.14,58.217573015432265,67.01472461618245
2023-10-28 04:00:00+00:00,66.47,122.61,43.7,71.48461350080683,79.39658168550432
2023-10-28 05:00:00+00:00,79.9,143.28,66.67,89.73550239995369,96.2340722990982
2023-10-28 06:00:00+00:00,90.69,154.55,74.95,100.97978512496096,105.59214011190289
2023-10-28 07:00:00+00:00,89.5,152.7,58.71,98.20123097438879,103.49364200007393
2023-10-28 08:00:00+00:00,87.01,145.19,44.83,88.30704354821594,96.33692663593779
2023-10-28 09:00:00+00:00,69.79,138.29,31.1,77.57728475735513,88.9437821942366
2023-10-28 10:00:00+00:00,69.86,122.39,20.8,64.00954719777596,75.7638499538013
2023-10-28 11:00:00+00:00,67.9,109.8,10.0,54.376131639351854,63.67537627351763
2023-10-28 12:00:00+00:00,73.91,101.57,13.21,53.46840478979642,58.213138538949316
2023-10-28 13:00:00+00:00,87.0,107.68,28.03,65.85311539944095,65.10991866422721
2023-10-28 14:00:00+00:00,112.02,126.41,84.35,93.29978497386917,88.58302626224094
2023-10-28 15:00:00+00:00,139.8,128.36,114.77,106.4577806801897,99.50953189509559
2023-10-28 16:00:00+00:00,148.96,139.82,128.4,116.87986956189636,115.71113685484696
2023-10-28 17:00:00+00:00,118.83,140.54,114.72,111.84874108813223,118.21497895282647
2023-10-28 18:00:00+00:00,90.35,120.89,90.21,89.46335516099998,100.7323518182668
2023-10-28 19:00:00+00:00,83.51,100.05,53.39,67.44091515856567,81.8287828502004
2023-10-28 20:00:00+00:00,75.48,96.84,49.33,60.74339148254194,79.43786398680292
2023-10-28 21:00:00+00:00,47.48,93.7,40.15,51.3770266293495,73.8110310655309
2023-10-28 23:00:00+00:00,0.96,68.61,30.36,29.213620391340925,59.37138436124303
2023-10-29 00:00:00+00:00,0.01,64.59,18.61,19.960398273123488,52.92728903721344
2023-10-29 01:00:00+00:00,0.02,55.0,15.63,12.29424931060565,46.826746751204
2023-10-29 02:00:00+00:00,-0.24,60.51,18.35,12.86120661940609,49.01445972131915
2023-10-29 03:00:00+00:00,-0.28,69.01,34.32,17.25928617362021,54.79404308384108
2023-10-29 04:00:00+00:00,-0.39,66.47,30.26,13.895977714205458,51.115530734065075
2023-10-29 05:00:00+00:00,-0.36,79.9,58.2,22.15045642122783,61.82462441082172
2023-10-29 06:00:00+00:00,-0.07,90.69,54.5,25.959661109666115,67.23208817904404
2023-10-29 07:00:00+00:00,0.01,89.5,62.83,23.42628840222268,66.73292548955425
2023-10-29 08:00:00+00:00,0.0,87.01,51.58,18.6398719109319,64.1773156299071
2023-10-29 09:00:00+00:00,-0.21,69.79,48.59,6.427928421200761,51.6813504060248
2023-10-29 10:00:00+00:00,-0.08,69.86,44.99,5.936556126223053,50.55448938714322
2023-10-29 11:00:00+00:00,-0.03,67.9,29.19,4.927752370095021,45.64636778004709
2023-10-29 12:00:00+00:00,0.61,73.91,31.86,12.706974443720881,47.83542762340426
2023-10-29 13:00:00+00:00,10.03,87.0,51.29,29.406033711558024,58.705421778567185
2023-10-29 14:00:00+00:00,40.03,112.02,77.32,55.38005257189212,81.21103541001996
2023-10-29 15:00:00+00:00,76.92,139.8,125.83,84.29841528795905,109.64839249088641
2023-10-29 16:00:00+00:00,83.9,148.96,135.29,95.819353640897,123.97119558630567
2023-10-29 17:00:00+00:00,76.98,118.83,139.02,84.4572213025832,111.56331479322205
2023-10-29 18:00:00+00:00,67.37,90.35,126.05,66.45263504212095,93.25419642530854
2023-10-29 19:00:00+00:00,62.16,83.51,112.47,55.99556394060375,86.74954202081543
2023-10-29 20:00:00+00:00,54.02,75.48,102.18,46.08461687341763,80.50937426107247
2023-10-29 21:00:00+00:00,51.94,47.48,96.66,30.36193801588108,62.97224833146627
2023-10-29 23:00:00+00:00,8.0,0.96,100.06,-4.870213594170906,37.81095549630766
2023-10-30 00:00:00+00:00,8.17,0.01,101.28,-2.732565880575791,37.63258995768522
2023-10-30 01:00:00+00:00,8.36,0.02,100.11,2.0541299812814486,37.81280995546985
2023-10-30 02:00:00+00:00,10.02,-0.24,98.73,10.211239118696994,39.949643494963006
2023-10-30 03:00:00+00:00,14.78,-0.28,105.41,21.513697247430656,44.74858611016908
2023-10-30 04:00:00+00:00,25.16,-0.39,142.9,37.216907613573355,53.50424067104279
2023-10-30 05:00:00+00:00,80.29,-0.36,177.5,57.69994959939451,66.55391894343185
2023-10-30 06:00:00+00:00,105.91,-0.07,198.39,70.79707365182675,74.36543042791635
2023-10-30 07:00:00+00:00,111.0,0.01,151.65,67.31762472118528,70.9357649727269
2023-10-30 08:00:00+00:00,103.0,0.0,128.07,61.87293345702258,68.11094538691486
2023-10-30 09:00:00+00:00,90.0,-0.21,109.03,57.34477726150607,64.1300295426255
2023-10-30 10:00:00+00:00,96.17,-0.08,102.26,59.133053581687044,62.88833438715391
2023-10-30 11:00:00+00:00,102.54,-0.03,103.22,63.61064906964934,61.78772573881501
2023-10-30 12:00:00+00:00,114.62,0.61,107.0,70.85294595368656,61.425623851270934
2023-10-30 13:00:00+00:00,123.98,10.03,128.72,87.64531891555838,69.90477718890425
2023-10-30 14:00:00+00:00,139.45,40.03,138.67,112.98274286217399,91.99904730490495
2023-10-30 15:00:00+00:00,144.93,76.92,154.97,137.94285083506767,120.02787369437
2023-10-30 16:00:00+00:00,165.84,83.9,165.19,143.72843069093366,128.56441322086533
2023-10-30 17:00:00+00:00,171.0,76.98,155.9,136.46268524132572,122.52309928578453
2023-10-30 18:00:00+00:00,151.1,67.37,127.33,122.66884095097677,110.52941106097609
2023-10-30 19:00:00+00:00,129.02,62.16,104.02,109.81361785944704,101.40341248640124
2023-10-30 20:00:00+00:00,117.27,54.02,107.95,98.72102785498718,93.66549202583785
2023-10-30 21:00:00+00:00,113.26,51.94,92.76,87.1831218394717,85.17627421009054
2023-10-30 22:00:00+00:00,95.4,38.41,101.33,72.68586749370074,71.6592643902214
2023-10-30 23:00:00+00:00,86.05,8.0,97.21,37.74639611899335,38.63431554529135
2023-10-31 00:00:00+00:00,79.2,8.17,94.54,32.910211143496326,37.41716392586621
2023-10-31 01:00:00+00:00,71.96,8.36,89.46,27.96635459446371,36.38788394954537
2023-10-31 02:00:00+00:00,64.8,10.02,90.27,24.786193081724875,37.489329939809956
2023-10-31 03:00:00+00:00,61.97,14.78,94.8,24.945444125042087,41.40608433759646
2023-10-31 04:00:00+00:00,69.77,25.16,101.65,32.66264285733483,51.67291290422786
2023-10-31 05:00:00+00:00,88.48,80.29,120.12,70.61023284086556,96.54534304737376
2023-10-31 06:00:00+00:00,107.39,105.91,130.72,90.77252721698645,117.66989938516595
2023-10-31 07:00:00+00:00,108.02,111.0,136.35,96.90599141273474,122.89669594081137
2023-10-31 08:00:00+00:00,100.5,103.0,128.37,92.31162271268167,117.0008546821575
2023-10-31 09:00:00+00:00,93.0,90.0,125.0,84.58628837088177,107.19285877863797
2023-10-31 10:00:00+00:00,101.95,96.17,118.99,87.83231486467574,109.05695298143895
2023-10-31 11:00:00+00:00,101.49,102.54,112.54,91.92119278022935,110.33995548918199
2023-10-31 12:00:00+00:00,97.77,114.62,115.4,101.56032252149684,116.58771964192682
2023-10-31 13:00:00+00:00,104.97,123.98,132.17,114.48156221917687,123.29985241336657
2023-10-31 14:00:00+00:00,117.51,139.45,129.16,130.76484411606708,133.40485835677094
2023-10-31 15:00:00+00:00,135.11,144.93,140.0,144.13753033357455,141.2759978647215
2023-10-31 16:00:00+00:00,161.81,165.84,149.87,162.97669639978213,160.63827379262182
2023-10-31 17:00:00+00:00,172.04,171.0,154.07,170.13623869354078,168.16928594472765
2023-10-31 18:00:00+00:00,152.92,151.1,133.45,156.17307488628248,153.0566143842852
2023-10-31 19:00:00+00:00,125.88,129.02,119.31,136.90907580313885,133.92721150091435
2023-10-31 20:00:00+00:00,115.92,117.27,114.1,123.836330507518,122.54417874479944
2023-10-31 21:00:00+00:00,104.92,113.26,102.78,116.52487060081694,117.37182086959143
2023-10-31 22:00:00+00:00,95.37,95.4,99.07,99.48565591163937,100.9421163529828
2023-10-31 23:00:00+00:00,65.37,86.05,94.56,70.45556166983148,74.19023311832699
2023-11-01 00:00:00+00:00,65.58,79.2,89.43,62.272076278917275,66.73985743173841
2023-11-01 01:00:00+00:00,60.79,71.96,86.06,54.98797737050545,59.76794084896702
2023-11-01 02:00:00+00:00,60.74,64.8,90.54,50.774814801513116,54.836437952588405
2023-11-01 03:00:00+00:00,58.94,61.97,96.99,51.109990116345706,53.66240690756552
2023-11-01 04:00:00+00:00,66.04,69.77,125.5,61.028650846053125,62.71730891057533
2023-11-01 05:00:00+00:00,78.97,88.48,150.16,80.8730704938547,83.67222988965524
2023-11-01 06:00:00+00:00,85.56,107.39,152.87,94.59872720444935,99.38092990114498
2023-11-01 07:00:00+00:00,87.77,108.02,140.49,90.6314773172926,99.72690571680323
2023-11-01 08:00:00+00:00,69.23,100.5,130.02,78.52185539068662,93.0753733705758
2023-11-01 09:00:00+00:00,59.0,93.0,124.99,67.52945205133315,86.160328252535
2023-11-01 10:00:00+00:00,51.4,101.95,117.38,68.86699798102256,91.49803803043201
2023-11-01 11:00:00+00:00,47.64,101.49,115.62,66.613392715217,89.84847842415968
2023-11-01 12:00:00+00:00,51.99,97.77,124.47,66.00159043651104,86.49499592513746
2023-11-01 13:00:00+00:00,64.07,104.97,138.13,74.44203174084305,91.1098918549987
2023-11-01 14:00:00+00:00,80.65,117.51,147.51,85.72140498295494,101.04677896642531
2023-11-01 15:00:00+00:00,78.97,135.11,153.73,95.1290161121541,114.45216757094545
2023-11-01 16:00:00+00:00,84.95,161.81,154.62,110.00493046545687,138.8477176599834
2023-11-01 17:00:00+00:00,79.5,172.04,157.71,112.51206710947505,149.34981337039292
2023-11-01 18:00:00+00:00,66.57,152.92,137.08,93.9552455043422,133.29278370397367
2023-11-01 19:00:00+00:00,53.15,125.88,123.55,70.79600491473094,110.63662962793967
2023-11-01 20:00:00+00:00,39.51,115.92,120.06,60.29120622059117,101.70435153251795
2023-11-01 21:00:00+00:00,34.17,104.92,112.8,52.227128933892956,92.73055539079185
2023-11-01 22:00:00+00:00,18.76,95.37,89.48,42.40775598053771,81.17281108286979
2023-11-01 23:00:00+00:00,21.4,65.37,89.91,22.52874652407712,56.090578375843485
2023-11-02 00:00:00+00:00,16.97,65.58,87.49,22.477566930413744,55.2103677955513
2023-11-02 01:00:00+00:00,15.38,60.79,87.04,20.17584876039291,51.29775332357867
2023-11-02 02:00:00+00:00,13.41,60.74,89.92,21.90234035115759,51.975229383694774
2023-11-02 03:00:00+00:00,14.49,58.94,100.0,23.97719788725979,53.51831851277256
2023-11-02 04:00:00+00:00,22.52,66.04,117.08,33.790480669203205,64.13888779769289
2023-11-02 05:00:00+00:00,69.57,78.97,133.66,50.296962662248006,82.23603801590903
2023-11-02 06:00:00+00:00,75.01,85.56,143.85,58.504913967022404,92.94154982101563
2023-11-02 07:00:00+00:00,78.32,87.77,149.0,57.417071979251745,96.25101338422826
2023-11-02 08:00:00+00:00,69.16,69.23,146.37,43.61840899710582,82.7214401554281
2023-11-02 09:00:00+00:00,60.08,59.0,140.0,35.26204229710382,74.27245177320967
2023-11-02 10:00:00+00:00,61.43,51.4,131.11,30.628480745018905,68.76353670944775
2023-11-02 11:00:00+00:00,60.4,47.64,120.09,28.654168960211834,63.79680216713485
2023-11-02 12:00:00+00:00,59.36,51.99,119.6,33.15541141456919,64.75508751664321
2023-11-02 13:00:00+00:00,69.5,64.07,120.01,43.278985764431354,71.85940498994759
2023-11-02 14:00:00+00:00,76.08,80.65,131.14,57.01921028882789,83.84041899850945
2023-11-02 15:00:00+00:00,79.43,78.97,142.91,60.4943594268878,85.06685332484689
2023-11-02 16:00:00+00:00,87.26,84.95,150.95,68.01951767102453,93.83663452186617
2023-11-02 17:00:00+00:00,97.95,79.5,150.99,65.88006375674112,92.2127551453199
2023-11-02 18:00:00+00:00,93.84,66.57,130.72,53.50817555260495,79.15418702775342
2023-11-02 19:00:00+00:00,87.76,53.15,119.06,38.94195320711829,64.24937118006727
2023-11-02 20:00:00+00:00,75.95,39.51,117.06,28.155036018569007,51.83170171152188
2023-11-02 21:00:00+00:00,72.27,34.17,104.85,22.95798138953495,44.339139573704806
2023-11-02 22:00:00+00:00,57.04,18.76,104.56,12.643128449128199,31.139854151921256
2023-11-02 23:00:00+00:00,15.17,21.4,97.33,4.80620942798771,35.24845037319791
2023-11-03 00:00:00+00:00,11.47,16.97,95.11,2.805165986679441,31.88853431144088
2023-11-03 01:00:00+00:00,10.0,15.38,95.0,4.681318199337994,30.719519864482706
2023-11-03 02:00:00+00:00,5.73,13.41,99.15,7.825301259053205,31.083247838344107
2023-11-03 03:00:00+00:00,9.73,14.49,104.58,14.104976355272314,34.35045652463724
2023-11-03 04:00:00+00:00,23.6,22.52,122.61,27.77340026721228,45.573419155455106
2023-11-03 05:00:00+00:00,61.58,69.57,143.28,66.24017772331365,86.44831867418218
2023-11-03 06:00:00+00:00,89.8,75.01,154.55,78.16411735961802,95.60970437701941
2023-11-03 07:00:00+00:00,95.02,78.32,152.7,79.45361603815348,98.90360201127602
2023-11-03 08:00:00+00:00,89.59,69.16,145.19,67.5599289234742,89.52253742570308
2023-11-03 09:00:00+00:00,82.79,60.08,138.29,55.49196817153878,80.52047253263845
2023-11-03 10:00:00+00:00,71.36,61.43,122.39,49.535518169918,77.3451261454286
2023-11-03 11:00:00+00:00,61.67,60.4,109.8,46.04870914759621,72.88877049490306
2023-11-03 12:00:00+00:00,60.71,59.36,101.57,45.64139183729253,69.03754674842571
2023-11-03 13:00:00+00:00,64.72,69.5,107.68,56.15812383458945,75.2714927915383
2023-11-03 14:00:00+00:00,69.02,76.08,126.41,68.68853129869885,82.07692207394834
2023-11-03 15:00:00+00:00,81.95,79.43,128.36,74.35236195061137,84.0897355978245
2023-11-03 16:00:00+00:00,88.0,87.26,139.82,80.98295284779209,94.16449586488534
2023-11-03 17:00:00+00:00,89.25,97.95,140.54,83.21071349692583,103.39313288700892
2023-11-03 18:00:00+00:00,88.23,93.84,120.89,71.21140389786207,97.0893144123727
2023-11-03 19:00:00+00:00,69.07,87.76,100.05,56.04166254296744,87.14115876373837
2023-11-03 20:00:00+00:00,53.13,75.95,96.84,41.006243133487345,75.37725559674179
2023-11-03 21:00:00+00:00,45.53,72.27,93.7,32.79706389737558,70.18517350569354
2023-11-03 22:00:00+00:00,20.63,57.04,84.6,16.012316316056427,54.826801145564026
2023-11-03 23:00:00+00:00,45.72,15.17,68.61,0.5776260064957341,22.493639724529203
2023-11-04 00:00:00+00:00,32.06,11.47,64.59,-6.100902644651967,16.765213001254423
2023-11-04 01:00:00+00:00,30.0,10.0,55.0,-11.679582763063038,11.986244803178238
2023-11-04 02:00:00+00:00,22.01,5.73,60.51,-15.410783155171089,7.123874246408448
2023-11-04 03:00:00+00:00,19.19,9.73,69.01,-12.956842784211872,8.213222461258297
2023-11-04 04:00:00+00:00,15.4,23.6,66.47,-5.241085182788069,15.183821862761846
2023-11-04 05:00:00+00:00,16.13,61.58,79.9,19.269851813464314,43.65167562840869
2023-11-04 06:00:00+00:00,25.08,89.8,90.69,36.91860553035768,62.90709834641819
2023-11-04 07:00:00+00:00,25.85,95.02,89.5,36.38476026462769,66.39935130549313
2023-11-04 08:00:00+00:00,20.0,89.59,87.01,27.156253594937496,61.82262596702149
2023-11-04 09:00:00+00:00,13.95,82.79,69.79,16.812172791482567,54.300624329743684
2023-11-04 10:00:00+00:00,15.2,71.36,69.86,8.559468232622876,46.00043825042677
2023-11-04 11:00:00+00:00,20.0,61.67,67.9,5.301303812420983,38.450934613756196
2023-11-04 12:00:00+00:00,21.14,60.71,73.91,10.620840653095541,37.31979901752197
2023-11-04 13:00:00+00:00,30.79,64.72,87.0,20.395328932567153,42.05969505963278
2023-11-04 14:00:00+00:00,42.69,69.02,112.02,29.524088195492155,49.83562754606785
2023-11-04 15:00:00+00:00,40.0,81.95,139.8,39.81125729692924,65.33522532744419
2023-11-04 16:00:00+00:00,48.76,88.0,148.96,43.51652392021372,77.18991896586257
2023-11-04 17:00:00+00:00,40.0,89.25,118.83,40.07152951119532,80.51276456022197
2023-11-04 18:00:00+00:00,29.61,88.23,90.35,32.37769018746181,78.05787567093985
2023-11-04 19:00:00+00:00,12.82,69.07,83.51,17.414580163854723,63.907755079672334
2023-11-04 20:00:00+00:00,10.4,53.13,75.48,4.588006266409536,51.500447657054195
2023-11-04 21:00:00+00:00,11.73,45.53,47.48,-2.606981963474894,43.33576393157631
2023-11-04 22:00:00+00:00,7.05,20.63,14.05,-20.632932659566706,20.57670282907165
2023-11-04 23:00:00+00:00,8.71,45.72,0.96,-1.821371816768064,38.6589091343611
2023-11-05 00:00:00+00:00,6.59,32.06,0.01,-9.292184055152077,27.02583536420255
2023-11-05 01:00:00+00:00,5.18,30.0,0.02,-11.101996467951139,22.55410846997391
2023-11-05 02:00:00+00:00,2.98,22.01,-0.24,-14.8232055115963,14.02321691290122
2023-11-05 03:00:00+00:00,4.24,19.19,-0.28,-14.644261887470108,9.646050727300477
2023-11-05 04:00:00+00:00,7.99,15.4,-0.39,-13.982959173252354,5.308752233418147
2023-11-05 05:00:00+00:00,7.29,16.13,-0.36,-9.43394676328154,6.0822471765456925
2023-11-05 06:00:00+00:00,11.29,25.08,-0.07,0.6688191014339395,12.948332550336303
2023-11-05 07:00:00+00:00,15.58,25.85,0.01,2.9253481394522396,13.640704634285129
2023-11-05 08:00:00+00:00,24.02,20.0,0.0,0.6137001846165759,9.914908201793594
2023-11-05 09:00:00+00:00,47.47,13.95,-0.21,-3.08030171625677,5.0711200369540705
2023-11-05 10:00:00+00:00,48.46,15.2,-0.08,-2.856696167599324,5.187548617002989
2023-11-05 11:00:00+00:00,44.28,20.0,-0.03,-1.0430294983691368,6.8953109091686855
2023-11-05 12:00:00+00:00,29.7,21.14,0.61,-1.0050431502234574,5.852624251272061
2023-11-05 13:00:00+00:00,38.15,30.79,10.03,7.031717830301901,13.546705069569242
2023-11-05 14:00:00+00:00,57.18,42.69,40.03,21.203459078088343,27.880946543395282
2023-11-05 15:00:00+00:00,63.09,40.0,76.92,27.11664518691272,35.02951724372829
2023-11-05 16:00:00+00:00,74.95,48.76,83.9,35.64352120831431,49.35768063555641
2023-11-05 17:00:00+00:00,72.67,40.0,76.98,27.511584645996095,47.48734666807592
2023-11-05 18:00:00+00:00,59.17,29.61,67.37,13.270690226471345,41.01313593373234
2023-11-05 19:00:00+00:00,46.48,12.82,62.16,-5.4686833882414305,28.488985849903344
2023-11-05 20:00:00+00:00,20.85,10.4,54.02,-15.511754167646018,25.747286225147164
2023-11-05 21:00:00+00:00,15.84,11.73,51.94,-19.76810852244688,27.065189001626663
2023-11-05 22:00:00+00:00,5.71,7.05,38.41,-31.34758644532218,19.23844953726953
2023-11-05 23:00:00+00:00,2.76,8.71,8.0,-32.66949117811771,27.119860571619483
2023-11-06 00:00:00+00:00,0.11,6.59,8.17,-37.71230516294517,23.926769168165237
2023-11-06 01:00:00+00:00,0.03,5.18,8.36,-37.41395000460278,22.81853689014369
2023-11-06 02:00:00+00:00,0.14,2.98,10.02,-34.90445856402124,22.091217861031353
2023-11-06 03:00:00+00:00,4.3,4.24,14.78,-27.7993839113839,25.549235135791974
2023-11-06 04:00:00+00:00,16.93,7.99,25.16,-15.646843218729273,32.63034528101787
2023-11-06 05:00:00+00:00,72.57,7.29,80.29,2.6953616828430285,45.101231432173
2023-11-06 06:00:00+00:00,95.56,11.29,105.91,17.199152645758943,55.25956901227877
2023-11-06 07:00:00+00:00,95.93,15.58,111.0,20.51154384255871,60.191243131620915
2023-11-06 08:00:00+00:00,74.93,24.02,103.0,17.00823727133067,63.7037584931605
2023-11-06 09:00:00+00:00,60.14,47.47,90.0,20.295481365448012,76.42896575520629
2023-11-06 10:00:00+00:00,56.29,48.46,96.17,18.332293612941356,77.52994991870548
2023-11-06 11:00:00+00:00,58.05,44.28,102.54,17.112277685937983,74.14819817358318
2023-11-06 12:00:00+00:00,66.98,29.7,114.62,15.13168741477618,63.375360847108375
2023-11-06 13:00:00+00:00,80.29,38.15,123.98,30.736195623009806,69.18097791850582
2023-11-06 14:00:00+00:00,100.08,57.18,139.45,55.73272603033779,84.29001295291361
2023-11-06 15:00:00+00:00,112.17,63.09,144.93,67.37742483586237,89.11295640854317
2023-11-06 16:00:00+00:00,137.67,74.95,165.84,80.81887132042766,104.44146301362187
2023-11-06 17:00:00+00:00,150.94,72.67,171.0,78.48488774612983,104.81247387796165
2023-11-06 18:00:00+00:00,139.52,59.17,151.1,63.49392693647492,92.33280022504562
2023-11-06 19:00:00+00:00,111.12,46.48,129.02,46.60361876362652,77.79751578263915
2023-11-06 20:00:00+00:00,105.67,20.85,117.27,25.83180793112787,57.05850974802538
2023-11-06 21:00:00+00:00,99.08,15.84,113.26,19.46861604646496,52.08094968136363
2023-11-06 22:00:00+00:00,87.74,5.71,95.4,7.510436431566617,40.7765571439759
2023-11-06 23:00:00+00:00,78.9,2.76,86.05,-9.56810897093439,26.935168168123596
2023-11-07 00:00:00+00:00,76.3,0.11,79.2,-12.629368536739506,23.20059241563348
2023-11-07 01:00:00+00:00,70.8,0.03,71.96,-12.584478624208472,22.05861531703927
2023-11-07 02:00:00+00:00,68.01,0.14,64.8,-9.99410307383934,21.936943489754682
2023-11-07 03:00:00+00:00,70.25,4.3,61.97,-3.0080398355681126,25.91893170494737
2023-11-07 04:00:00+00:00,83.35,16.93,69.77,12.09781320131168,38.34167307200351
2023-11-07 05:00:00+00:00,101.28,72.57,88.48,55.28098007663692,83.70792036152892
2023-11-07 06:00:00+00:00,132.89,95.56,107.39,79.14989181999601,105.49022120078648
2023-11-07 07:00:00+00:00,136.05,95.93,108.02,80.58778784416668,107.3698251739563
2023-11-07 08:00:00+00:00,114.93,74.93,100.5,63.860076012630905,91.96760267985128
2023-11-07 09:00:00+00:00,99.45,60.14,93.0,50.67994933507935,81.65818211122381
2023-11-07 10:00:00+00:00,89.03,56.29,101.95,46.40738065482863,79.26364632971696
2023-11-07 11:00:00+00:00,86.21,58.05,101.49,47.14912210299599,78.21071201108012
2023-11-07 12:00:00+00:00,88.79,66.98,97.77,53.28286845012299,80.26720244871571
2023-11-07 13:00:00+00:00,97.49,80.29,104.97,66.7955750560536,88.57867249299085
2023-11-07 14:00:00+00:00,108.07,100.08,117.51,87.44712881184847,104.15572688189053
2023-11-07 15:00:00+00:00,112.9,112.17,135.11,100.6827750576601,115.22510422142801
2023-11-07 16:00:00+00:00,136.84,137.67,161.81,120.71575421554734,140.83405019156643
2023-11-07 17:00:00+00:00,149.38,150.94,172.04,126.18604542984642,153.20585361997195
2023-11-07 18:00:00+00:00,132.42,139.52,152.92,112.70881436017237,142.4334203555691
2023-11-07 19:00:00+00:00,104.72,111.12,125.88,85.3151104315015,116.73320474188951
2023-11-07 20:00:00+00:00,92.98,105.67,115.92,72.77068471771652,107.94089370896458
2023-11-07 21:00:00+00:00,88.69,99.08,104.92,62.20593703441888,99.95202861353235
2023-11-07 22:00:00+00:00,74.17,87.74,95.37,48.252519547886365,87.7752282777616
2023-11-07 23:00:00+00:00,70.6,78.9,65.37,29.06168850844577,66.7310831115771
2023-11-08 00:00:00+00:00,74.22,76.3,65.58,25.01142149099276,63.440752462209524
2023-11-08 01:00:00+00:00,66.73,70.8,60.79,19.381975772236842,57.519638690268174
2023-11-08 02:00:00+00:00,61.98,68.01,60.74,17.8305095522866,54.864122582081414
2023-11-08 03:00:00+00:00,66.76,70.25,58.94,20.394368726360625,56.187793398085866
2023-11-08 04:00:00+00:00,75.01,83.35,66.04,33.92935440787292,68.68602155923904
2023-11-08 05:00:00+00:00,84.5,101.28,78.97,58.38753936196418,92.3087333974076
2023-11-08 06:00:00+00:00,107.62,132.89,85.56,82.7924071103591,118.19295734899848
2023-11-08 07:00:00+00:00,111.47,136.05,87.77,84.52184694805995,121.46268362787377
2023-11-08 08:00:00+00:00,93.57,114.93,69.23,64.03139797053241,102.55913804528261
2023-11-08 09:00:00+00:00,84.76,99.45,59.0,46.46437717300375,88.10700547155287
2023-11-08 10:00:00+00:00,78.85,89.03,51.4,35.501763506947896,78.63499020141197
2023-11-08 11:00:00+00:00,75.71,86.21,47.64,31.573454912922372,74.03472112367676
2023-11-08 12:00:00+00:00,76.08,88.79,51.99,35.32337511568507,74.27497896563628
2023-11-08 13:00:00+00:00,83.15,97.49,64.07,48.54856776312769,80.47767910299152
2023-11-08 14:00:00+00:00,105.42,108.07,80.65,67.12058369508944,90.15205298686381
2023-11-08 15:00:00+00:00,116.81,112.9,78.97,75.38942737784545,93.75407149912505
2023-11-08 16:00:00+00:00,119.04,136.84,84.95,91.50840799141875,116.23329615870267
2023-11-08 17:00:00+00:00,127.09,149.38,79.5,94.29349924948758,127.04970466714565
2023-11-08 18:00:00+00:00,120.95,132.42,66.57,76.98822330887181,113.34914497506213
2023-11-08 19:00:00+00:00,109.51,104.72,53.15,51.132500189503936,88.61535473017027
2023-11-08 20:00:00+00:00,92.85,92.98,39.51,37.3093209193393,76.7909817456341
2023-11-08 21:00:00+00:00,82.99,88.69,34.17,30.013360408051454,71.32552090604523
2023-11-08 22:00:00+00:00,67.7,74.17,18.76,16.4543450529509,56.94425764261913
2023-11-08 23:00:00+00:00,71.93,70.6,21.4,8.949712331525973,48.40868117696851
2023-11-09 00:00:00+00:00,68.33,74.22,16.97,10.071619380348594,49.00990194903981
2023-11-09 01:00:00+00:00,70.04,66.73,15.38,7.806733743967243,43.09938517471215
2023-11-09 02:00:00+00:00,72.8,61.98,13.41,8.98683656160523,40.28626420034134
2023-11-09 03:00:00+00:00,74.44,66.76,14.49,17.2175031893172,45.44975835852531
2023-11-09 04:00:00+00:00,83.63,75.01,22.52,30.981961170676044,56.04400047916932
2023-11-09 05:00:00+00:00,109.61,84.5,69.57,54.47719066994222,75.89434285613174
2023-11-09 06:00:00+00:00,120.06,107.62,75.01,78.38986798712703,98.63586647763432
2023-11-09 07:00:00+00:00,121.22,111.47,78.32,83.88190958562417,103.46667330685295
2023-11-09 08:00:00+00:00,109.69,93.57,69.16,70.7936603315582,88.36062105316063
2023-11-09 09:00:00+00:00,100.08,84.76,60.08,64.47423101169312,80.11558677067664
2023-11-09 10:00:00+00:00,95.0,78.85,61.43,62.44095016953027,74.88930691365397
2023-11-09 11:00:00+00:00,90.16,75.71,60.4,61.134561184704346,70.23214479440142
2023-11-09 12:00:00+00:00,92.32,76.08,59.36,61.078933584440705,67.14466402109235
2023-11-09 13:00:00+00:00,100.61,83.15,69.5,68.86744755319697,71.7742438533588
2023-11-09 14:00:00+00:00,116.61,105.42,76.08,84.30247433665963,87.3290568202868
2023-11-09 15:00:00+00:00,127.01,116.81,79.43,91.97575298021394,96.23025917525776
2023-11-09 16:00:00+00:00,131.8,119.04,87.26,95.1384122773949,103.54257239506813
2023-11-09 17:00:00+00:00,128.58,127.09,97.95,96.3138624192339,112.31614100241546
2023-11-09 18:00:00+00:00,112.12,120.95,93.84,84.98066509895182,106.4269862742861
2023-11-09 19:00:00+00:00,96.01,109.51,87.76,67.76537306301327,93.90672654801565
2023-11-09 20:00:00+00:00,82.78,92.85,75.95,49.053509316624115,78.2973875561597
2023-11-09 21:00:00+00:00,84.04,82.99,72.27,37.49596843561779,69.17449444911766
2023-11-09 22:00:00+00:00,74.36,67.7,57.04,22.07969571657192,53.87392110175863
2023-11-09 23:00:00+00:00,64.1,71.93,15.17,18.151213163898888,53.355985409312304
2023-11-10 00:00:00+00:00,59.73,68.33,11.47,15.106828102038463,49.77346159262314
2023-11-10 01:00:00+00:00,53.74,70.04,10.0,15.811996710607744,49.84923143718908
2023-11-10 02:00:00+00:00,48.36,72.8,5.73,19.02145338972423,51.36684586186643
2023-11-10 03:00:00+00:00,50.0,74.44,9.73,25.593229496838703,54.810288587673845
2023-11-10 04:00:00+00:00,66.78,83.63,23.6,40.25514927556534,66.06446187332145
2023-11-10 05:00:00+00:00,84.18,109.61,61.58,70.9762232106948,94.51451760062771
2023-11-10 06:00:00+00:00,106.66,120.06,89.8,89.54240209753252,110.12254528500057
2023-11-10 07:00:00+00:00,113.0,121.22,95.02,92.24667917473596,113.04873433562017
2023-11-10 08:00:00+00:00,108.48,109.69,89.59,80.33381148144386,102.43335981238269
2023-11-10 09:00:00+00:00,97.51,100.08,82.79,68.17468423681122,93.46281576268179
2023-11-10 10:00:00+00:00,89.92,95.0,71.36,58.847584858045735,86.89005260165482
2023-11-10 11:00:00+00:00,84.82,90.16,61.67,53.846111945331835,79.80399039559106
2023-11-10 12:00:00+00:00,86.98,92.32,60.71,58.72496124527996,78.74902207738121
2023-11-10 13:00:00+00:00,95.95,100.61,64.72,71.22830851764387,82.95254772624338
2023-11-10 14:00:00+00:00,111.98,116.61,69.02,91.18596804015645,94.97182054047897
2023-11-10 15:00:00+00:00,125.0,127.01,81.95,105.4046699418534,104.90293248858404
2023-11-10 16:00:00+00:00,136.1,131.8,88.0,113.09438928932013,112.73327253783084
2023-11-10 17:00:00+00:00,135.1,128.58,89.25,111.00504149985747,112.57305075350322
2023-11-10 18:00:00+00:00,123.58,112.12,88.23,98.59514551864142,100.58517097440499
2023-11-10 19:00:00+00:00,112.93,96.01,69.07,82.08051745479365,84.41267255833068
2023-11-10 20:00:00+00:00,105.1,82.78,53.13,68.3497471433898,70.36916972666543
2023-11-10 21:00:00+00:00,103.97,84.04,45.53,64.71464425593734,68.0316679338734
2023-11-10 22:00:00+00:00,93.2,74.36,20.63,52.21560951625969,55.31645703826552
2023-11-10 23:00:00+00:00,87.3,64.1,45.72,49.952073082885335,50.474418902336645
2023-11-11 00:00:00+00:00,85.89,59.73,32.06,43.14052165394648,43.0795194051107
2023-11-11 01:00:00+00:00,85.88,53.74,30.0,37.70301209690311,36.62327188865157
2023-11-11 02:00:00+00:00,83.21,48.36,22.01,32.781833505058614,30.05963264736748
2023-11-11 03:00:00+00:00,82.71,50.0,19.19,32.758720957957564,28.61916909933177
2023-11-11 04:00:00+00:00,85.44,66.78,15.4,41.41075787113908,37.691318751740056
2023-11-11 05:00:00+00:00,86.3,84.18,16.13,51.56289441916322,49.06483850301141
2023-11-11 06:00:00+00:00,88.0,106.66,25.08,66.5269600692811,64.62027537652381
2023-11-11 07:00:00+00:00,92.0,113.0,25.85,71.74703476675019,69.2370565888917
2023-11-11 08:00:00+00:00,94.89,108.48,20.0,67.34604616651929,64.72021097456113
2023-11-11 09:00:00+00:00,91.28,97.51,13.95,57.19694811967458,55.03205150044233
2023-11-11 10:00:00+00:00,90.22,89.92,15.2,49.96034317918628,48.62136706491269
2023-11-11 11:00:00+00:00,87.94,84.82,20.0,46.70952924240139,44.45879947018036
2023-11-11 12:00:00+00:00,87.8,86.98,21.14,49.54559621771443,45.655751950850785
2023-11-11 13:00:00+00:00,91.5,95.95,30.79,60.39177900790751,53.6400426623484
2023-11-11 14:00:00+00:00,102.87,111.98,42.69,79.25373882991354,69.03910905043738
2023-11-11 15:00:00+00:00,115.72,125.0,40.0,94.45543205210683,82.17194645700035
2023-11-11 16:00:00+00:00,127.98,136.1,48.76,108.07540040012043,98.08521539096103
2023-11-11 17:00:00+00:00,135.76,135.1,40.0,107.49816958617708,100.59991629110301
2023-11-11 18:00:00+00:00,124.47,123.58,29.61,97.29009696833197,92.54805824961791
2023-11-11 19:00:00+00:00,113.51,112.93,12.82,84.36069393809893,82.09915217024376
2023-11-11 20:00:00+00:00,102.58,105.1,10.4,75.9491795765305,75.60001076377458
2023-11-11 21:00:00+00:00,92.38,103.97,11.73,74.00973481726237,75.5996510676475
2023-11-11 22:00:00+00:00,87.41,93.2,7.05,64.31669548346377,65.48182455056332
2023-11-11 23:00:00+00:00,89.54,87.3,8.71,67.04868427929092,67.42196989092903
2023-11-12 00:00:00+00:00,85.36,85.89,6.59,63.52511771882676,63.24237183496865
2023-11-12 01:00:00+00:00,85.25,85.88,5.18,60.70523514472896,59.21812698354743
2023-11-12 02:00:00+00:00,83.35,83.21,2.98,57.748306046716905,53.43951959054832
2023-11-12 03:00:00+00:00,84.13,82.71,4.24,57.766634362358474,49.96533536537184
2023-11-12 04:00:00+00:00,86.88,85.44,7.99,61.619094117324344,50.420345353043956
2023-11-12 05:00:00+00:00,86.24,86.3,7.29,64.1959284469002,49.02110929874447
2023-11-12 06:00:00+00:00,86.61,88.0,11.29,69.38632193627659,50.32539157747885
2023-11-12 07:00:00+00:00,87.62,92.0,15.58,74.01249338066178,53.85922174320209
2023-11-12 08:00:00+00:00,89.75,94.89,24.02,76.11946551036178,57.40385592115497
2023-11-12 09:00:00+00:00,88.61,91.28,47.47,74.31452703124995,56.80855057141462
2023-11-12 10:00:00+00:00,86.67,90.22,48.46,74.27189902415235,56.46738033927474
2023-11-12 11:00:00+00:00,88.09,87.94,44.28,73.86809537283581,53.35836504690384
2023-11-12 12:00:00+00:00,89.02,87.8,29.7,75.51553869148508,50.73646719350879
2023-11-12 13:00:00+00:00,93.75,91.5,38.15,84.09114820279677,55.13537536228106
2023-11-12 14:00:00+00:00,109.52,102.87,57.18,99.86753260621633,68.47303254039022
2023-11-12 15:00:00+00:00,123.81,115.72,63.09,112.84204103099755,82.73955450166187
2023-11-12 16:00:00+00:00,138.27,127.98,74.95,125.40037501435252,100.09449251522918
2023-11-12 17:00:00+00:00,131.64,135.76,72.67,130.45952097520438,110.35110446544712
2023-11-12 18:00:00+00:00,125.41,124.47,59.17,120.42182562738205,103.25056694260019
2023-11-12 19:00:00+00:00,116.8,113.51,46.48,109.38170093427075,95.35094345188837
2023-11-12 20:00:00+00:00,107.33,102.58,20.85,97.3500112812112,85.82989369158206
2023-11-12 21:00:00+00:00,100.14,92.38,15.84,88.9400991873356,79.32599715132555
2023-11-12 22:00:00+00:00,88.02,87.41,5.71,80.02001458232282,72.34657799284057
2023-11-12 23:00:00+00:00,91.26,89.54,2.76,82.86251392898825,81.5552606123775
2023-11-13 00:00:00+00:00,86.82,85.36,0.11,79.32109160165375,78.09768586342335
2023-11-13 01:00:00+00:00,87.0,85.25,0.03,79.33383440723668,77.84157448435755
2023-11-13 02:00:00+00:00,87.25,83.35,0.14,80.10126975969943,77.04830913952118
2023-11-13 03:00:00+00:00,89.27,84.13,4.3,84.08949826061118,79.37890798376704
2023-11-13 04:00:00+00:00,93.26,86.88,16.93,93.27864742077979,86.26392102117347
2023-11-13 05:00:00+00:00,124.5,86.24,72.57,110.20560113845283,99.142307389068
2023-11-13 06:00:00+00:00,142.09,86.61,95.56,120.17664206239907,105.89805440809823
2023-11-13 07:00:00+00:00,151.79,87.62,95.93,122.30114491815682,108.48925307458931
2023-11-13 08:00:00+00:00,133.05,89.75,74.93,117.24272164645673,106.89943396860498
2023-11-13 09:00:00+00:00,121.78,88.61,60.14,111.94323428045972,103.72715559003232
2023-11-13 10:00:00+00:00,123.01,86.67,56.29,107.42812827154103,101.32089883917527
2023-11-13 11:00:00+00:00,121.34,88.09,58.05,102.47239137430385,100.3517116625381
2023-11-13 12:00:00+00:00,113.37,89.02,66.98,95.13918470903549,98.69990168562785
2023-11-13 13:00:00+00:00,96.44,93.75,80.29,90.70898045126506,102.04392392944557
2023-11-13 14:00:00+00:00,87.31,109.52,100.08,91.67144418868568,115.00269661675644
2023-11-13 15:00:00+00:00,81.18,123.81,112.17,93.99465176099817,127.87979179107687
2023-11-13 16:00:00+00:00,82.27,138.27,137.67,103.07718548753613,145.12366648696727
2023-11-13 17:00:00+00:00,85.73,131.64,150.94,96.05059002376399,144.24007357812545
2023-11-13 18:00:00+00:00,81.27,125.41,139.52,86.3093031337078,138.21132603116405
2023-11-13 19:00:00+00:00,74.94,116.8,111.12,70.91234643234024,125.98308079626281
2023-11-13 20:00:00+00:00,61.36,107.33,105.67,57.55748598855485,115.9541915186172
2023-11-13 21:00:00+00:00,51.07,100.14,99.08,47.392472026796895,107.84529831446363
2023-11-13 22:00:00+00:00,10.1,88.02,87.74,34.23733388620698,96.05436621374847
2023-11-13 23:00:00+00:00,10.07,91.26,78.9,24.640493946065305,87.90825702974006
2023-11-14 00:00:00+00:00,1.05,86.82,76.3,19.830572841140253,83.72022868050465
2023-11-14 01:00:00+00:00,-0.01,87.0,70.8,18.812214750284838,82.64653673102383
2023-11-14 02:00:00+00:00,-0.08,87.25,68.01,19.60383435014498,82.78026005358169
2023-11-14 03:00:00+00:00,-0.04,89.27,70.25,22.805035094172027,85.32565238640838
2023-11-14 04:00:00+00:00,1.04,93.26,83.35,31.458103667332438,92.65507422062775
2023-11-14 05:00:00+00:00,46.6,124.5,101.28,59.54756825835018,121.59873349857011
2023-11-14 06:00:00+00:00,76.91,142.09,132.89,80.7852834340531,140.87276069182963
2023-11-14 07:00:00+00:00,82.17,151.79,136.05,89.90962635001775,149.49427756674902
2023-11-14 08:00:00+00:00,77.86,133.05,114.93,76.61190124856759,134.1142432074438
2023-11-14 09:00:00+00:00,72.62,121.78,99.45,68.16749006473734,124.25465543586677
2023-11-14 10:00:00+00:00,72.82,123.01,89.03,67.67849541631733,122.82782151238696
2023-11-14 11:00:00+00:00,75.06,121.34,86.21,66.986558888118,119.07013727684375
2023-11-14 12:00:00+00:00,75.09,113.37,88.79,63.74307178463836,110.65695938368128
2023-11-14 13:00:00+00:00,81.01,96.44,97.49,60.9666736058829,98.6661471344479
2023-11-14 14:00:00+00:00,90.06,87.31,108.07,64.9618831833021,94.13413385188798
2023-11-14 15:00:00+00:00,90.8,81.18,112.9,69.49502561709033,92.39414980300265
2023-11-14 16:00:00+00:00,117.61,82.27,136.84,80.74543381603894,100.36618323058988
2023-11-14 17:00:00+00:00,119.81,85.73,149.38,86.72625112832921,105.26676446400744
2023-11-14 18:00:00+00:00,116.96,81.27,132.42,81.06702683233905,99.88958131967223
2023-11-14 19:00:00+00:00,100.43,74.94,104.72,69.5482717245535,89.7213966598552
2023-11-14 20:00:00+00:00,89.74,61.36,92.98,56.20216472739942,76.91855018528989
2023-11-14 21:00:00+00:00,89.11,51.07,88.69,46.6445889549,67.81352564620695
2023-11-14 22:00:00+00:00,85.5,10.1,74.17,20.470504961556458,37.31713552012133
2023-11-14 23:00:00+00:00,81.1,10.07,70.6,5.567471590913968,24.843256467444306
2023-11-15 00:00:00+00:00,76.42,1.05,74.22,1.8892750784017096,19.612510058914452
2023-11-15 01:00:00+00:00,72.9,-0.01,66.73,2.8664733457246143,18.901075444423654
2023-11-15 02:00:00+00:00,70.69,-0.08,61.98,7.531383512775548,20.075300493819938
2023-11-15 03:00:00+00:00,74.45,-0.04,66.76,15.966219042438183,23.412262806440097
2023-11-15 04:00:00+00:00,82.28,1.04,75.01,29.504953317893396,30.02744738134807
2023-11-15 05:00:00+00:00,103.08,46.6,84.5,71.51997976265017,70.85958199629661
2023-11-15 06:00:00+00:00,123.19,76.91,107.62,103.46337677388108,99.42204101798758
2023-11-15 07:00:00+00:00,128.59,82.17,111.47,111.4781424733377,105.10368729938203
2023-11-15 08:00:00+00:00,121.29,77.86,93.57,104.19526090274503,97.62840230500944
2023-11-15 09:00:00+00:00,112.78,72.62,84.76,97.2798033341628,91.48311674900836
2023-11-15 10:00:00+00:00,99.84,72.82,78.85,93.7336361208751,89.72335199411312
2023-11-15 11:00:00+00:00,97.36,75.06,75.71,91.00229467767358,88.26710507358281
2023-11-15 12:00:00+00:00,101.09,75.09,76.08,87.06289050946557,84.17515388840206
2023-11-15 13:00:00+00:00,106.27,81.01,83.15,90.26952566518575,85.53042624995453
2023-11-15 14:00:00+00:00,121.21,90.06,105.42,99.49103263458187,92.67223825419474
2023-11-15 15:00:00+00:00,122.96,90.8,116.81,102.25697427849087,94.68154916140492
2023-11-15 16:00:00+00:00,127.84,117.61,119.04,117.51581354735593,116.66057362781937
2023-11-15 17:00:00+00:00,129.9,119.81,127.09,116.05601564956564,121.03354841741893
2023-11-15 18:00:00+00:00,121.08,116.96,120.95,107.7148032624789,118.49830293458241
2023-11-15 19:00:00+00:00,110.1,100.43,109.51,87.51328922977208,103.44073600966158
2023-11-15 20:00:00+00:00,97.5,89.74,92.85,70.49167820573432,91.02723200807468
2023-11-15 21:00:00+00:00,91.66,89.11,82.99,61.66728160868581,86.66607616300914
2023-11-15 22:00:00+00:00,84.21,85.5,67.7,48.63406428829512,76.49745916951872
2023-11-15 23:00:00+00:00,85.46,81.1,71.93,32.10115247319541,67.56684386322712
2023-11-16 00:00:00+00:00,83.25,76.42,68.33,26.28287463482725,62.1941470121536
2023-11-16 01:00:00+00:00,75.12,72.9,70.04,24.415387619557748,58.94480754947488
2023-11-16 02:00:00+00:00,74.06,70.69,72.8,25.92739447996945,57.38312931381156
2023-11-16 03:00:00+00:00,81.1,74.45,74.44,32.54425121302549,60.01347324626688
2023-11-16 04:00:00+00:00,87.03,82.28,83.63,45.83357409874592,67.52219418804492
2023-11-16 05:00:00+00:00,100.06,103.08,109.61,76.42229839845695,93.31717919068281
2023-11-16 06:00:00+00:00,126.9,123.19,120.06,99.73714281245134,111.94007812390663
2023-11-16 07:00:00+00:00,129.99,128.59,121.22,109.41664353270464,117.24355374393829
2023-11-16 08:00:00+00:00,128.59,121.29,109.69,105.61277312333257,110.22355866867088
2023-11-16 09:00:00+00:00,120.1,112.78,100.08,101.11088948557658,101.90642387640861
2023-11-16 10:00:00+00:00,116.62,99.84,95.0,97.40464127770899,91.7320498769036
2023-11-16 11:00:00+00:00,122.63,97.36,90.16,100.25466690603567,87.8812772358397
2023-11-16 12:00:00+00:00,131.64,101.09,92.32,107.48931714572032,88.62156580354444
2023-11-16 13:00:00+00:00,146.82,106.27,100.61,115.21346641823123,91.69898953187791
2023-11-16 14:00:00+00:00,158.5,121.21,116.61,127.69534159355818,103.49048374898632
2023-11-16 15:00:00+00:00,158.24,122.96,127.01,130.06277708011427,106.76605830015514
2023-11-16 16:00:00+00:00,182.39,127.84,131.8,133.79165774150147,115.14297173032551
2023-11-16 17:00:00+00:00,142.26,129.9,128.58,131.21005273007344,117.51932605271834
2023-11-16 18:00:00+00:00,125.23,121.08,112.12,119.63383075458098,109.47947410319954
2023-11-16 19:00:00+00:00,121.18,110.1,96.01,103.422940541732,96.86203441026396
2023-11-16 20:00:00+00:00,115.0,97.5,82.78,87.79424853255193,84.04394184171139
2023-11-16 21:00:00+00:00,110.2,91.66,84.04,78.29561046351625,78.11471026139881
2023-11-16 22:00:00+00:00,100.85,84.21,74.36,66.14984194693687,68.91407068994093
2023-11-16 23:00:00+00:00,106.0,85.46,64.1,70.50087263686964,71.70786462542382
2023-11-17 00:00:00+00:00,100.0,83.25,59.73,65.48512048685318,68.4432175656392
2023-11-17 01:00:00+00:00,95.65,75.12,53.74,58.645959760037826,61.639542944213126
2023-11-17 02:00:00+00:00,92.76,74.06,48.36,57.58729651949632,60.54602195174913
2023-11-17 03:00:00+00:00,95.7,81.1,50.0,64.79658484348184,67.19359408372438
2023-11-17 04:00:00+00:00,103.2,87.03,66.78,77.0843810192648,76.75253156071992
2023-11-17 05:00:00+00:00,119.35,100.06,84.18,98.92869700244349,95.03241342944136
2023-11-17 06:00:00+00:00,131.03,126.9,106.66,127.50194254442029,121.6108055195877
2023-11-17 07:00:00+00:00,141.92,129.99,113.0,134.2551326901823,126.0291306360244
2023-11-17 08:00:00+00:00,134.75,128.59,108.48,130.96714585965452,123.22238398341068
2023-11-17 09:00:00+00:00,127.91,120.1,97.51,122.10115290304724,114.54786188383333
2023-11-17 10:00:00+00:00,125.18,116.62,89.92,116.16727145352048,108.72768862771088
2023-11-17 11:00:00+00:00,119.5,122.63,84.82,116.87219661461654,109.8146686022721
2023-11-17 12:00:00+00:00,112.0,131.64,86.98,121.77461583683956,113.93081819306649
2023-11-17 13:00:00+00:00,123.91,146.82,95.95,133.005755518486,123.08779359197004
2023-11-17 14:00:00+00:00,129.99,158.5,111.98,146.63851489878655,133.0895023685881
2023-11-17 15:00:00+00:00,137.65,158.24,125.0,151.58768988538654,135.14579472602995
2023-11-17 16:00:00+00:00,146.32,182.39,136.1,169.85859189960485,156.92860174699507
2023-11-17 17:00:00+00:00,149.6,142.26,135.1,148.22816887729454,131.45395316214945
2023-11-17 18:00:00+00:00,141.0,125.23,123.58,134.12076605466467,117.38494205828309
2023-11-17 19:00:00+00:00,128.41,121.18,112.93,124.94035200226539,110.70078322686126
2023-11-17 20:00:00+00:00,120.33,115.0,105.1,115.57808489948198,103.06786126754696
2023-11-17 21:00:00+00:00,118.14,110.2,103.97,107.98074857355626,97.48247467975708
2023-11-17 22:00:00+00:00,111.88,100.85,93.2,96.68654250492122,87.30175466651536
2023-11-17 23:00:00+00:00,110.56,106.0,87.3,98.09465226866625,87.44253944242264
2023-11-18 00:00:00+00:00,97.38,100.0,85.89,91.10296706550712,80.15686975087925
2023-11-18 01:00:00+00:00,90.61,95.65,85.88,85.82776835129917,73.35209250475688
2023-11-18 02:00:00+00:00,85.96,92.76,83.21,82.59199118380951,67.84271532641594
2023-11-18 03:00:00+00:00,82.48,95.7,82.71,84.282176271524,67.41941409545802
2023-11-18 05:00:00+00:00,86.19,119.35,86.3,99.42160481288083,79.93699576858668
2023-11-18 06:00:00+00:00,92.08,131.03,88.0,109.18872912146783,88.90187607202778
2023-11-18 07:00:00+00:00,100.21,141.92,92.0,116.01125293629082,97.19399880167984
2023-11-18 08:00:00+00:00,97.36,134.75,94.89,108.7708502017385,92.42782113950098
2023-11-18 09:00:00+00:00,96.08,127.91,91.28,100.08320312475405,85.94485627304712
2023-11-18 10:00:00+00:00,95.2,125.18,90.22,95.71932268375593,83.0307887510412
2023-11-18 11:00:00+00:00,94.7,119.5,87.94,91.45670162467025,78.42325043112729
2023-11-18 12:00:00+00:00,94.98,112.0,87.8,87.08933561850313,72.98288678524756
2023-11-18 13:00:00+00:00,97.06,123.91,91.5,95.45952253984123,82.82737436765757
2023-11-18 14:00:00+00:00,97.61,129.99,102.87,100.9549167535112,90.62376636409111
2023-11-18 15:00:00+00:00,95.98,137.65,115.72,105.18914198428907,101.18527929060103
2023-11-18 16:00:00+00:00,105.07,146.32,127.98,110.6376229973487,116.32756665523961
2023-11-18 17:00:00+00:00,107.34,149.6,135.76,107.38152507638605,120.91047180894222
2023-11-18 18:00:00+00:00,91.24,141.0,124.47,93.955814120301,114.62152030193614
2023-11-18 19:00:00+00:00,83.1,128.41,113.51,76.94490861983863,104.5372163500497
2023-11-18 20:00:00+00:00,77.98,120.33,102.58,63.968451551380554,97.52661333733894
2023-11-18 21:00:00+00:00,73.76,118.14,92.38,56.88141266989444,94.9841910236607
2023-11-18 22:00:00+00:00,58.11,111.88,87.41,46.34356735562465,87.9262741990135
2023-11-18 23:00:00+00:00,19.13,110.56,89.54,47.10836430451445,93.62195033910876
2023-11-19 00:00:00+00:00,5.67,97.38,85.36,34.77107498543728,81.38289972705739
2023-11-19 01:00:00+00:00,4.1,90.61,85.25,27.325783473887412,73.6646587461465
2023-11-19 02:00:00+00:00,0.13,85.96,83.35,22.244406933544752,67.30601449611198
2023-11-19 03:00:00+00:00,0.07,82.48,84.13,19.645633195264935,62.759000471101814
2023-11-19 05:00:00+00:00,2.33,86.19,86.24,20.7065809334795,61.57650216338542
2023-11-19 06:00:00+00:00,5.59,92.08,86.61,25.94947513070153,64.75437561028826
2023-11-19 07:00:00+00:00,14.49,100.21,87.62,32.84526979326969,71.03337084972608
2023-11-19 08:00:00+00:00,18.82,97.36,89.75,31.46004851084112,69.83746474521118
2023-11-19 09:00:00+00:00,12.59,96.08,88.61,27.72791718456827,68.63489992058882
2023-11-19 10:00:00+00:00,12.66,95.2,86.67,24.78600199192155,68.07786246718418
2023-11-19 11:00:00+00:00,11.67,94.7,88.09,22.62941199308186,67.02039004905639
2023-11-19 12:00:00+00:00,1.0,94.98,89.02,23.087663059997965,65.69335603105885
2023-11-19 13:00:00+00:00,15.55,97.06,93.75,30.963555904249404,68.58681772006253
2023-11-19 14:00:00+00:00,67.31,97.61,109.52,43.214762308897235,73.57888073118437
2023-11-19 15:00:00+00:00,80.98,95.98,123.81,52.405055917414806,79.01341598090346
2023-11-19 16:00:00+00:00,95.02,105.07,138.27,67.51028596243628,94.1745949554933
2023-11-19 17:00:00+00:00,104.55,107.34,131.64,72.97753685917509,99.8355119996728
2023-11-19 18:00:00+00:00,103.82,91.24,125.41,64.05879773975381,89.61181177000664
2023-11-19 19:00:00+00:00,88.65,83.1,116.8,56.547994837235024,82.85780263302007
2023-11-19 20:00:00+00:00,84.38,77.98,107.33,51.80326644392767,78.93282759548183
2023-11-19 21:00:00+00:00,88.05,73.76,100.14,48.9945752369865,76.4228794136782
2023-11-19 22:00:00+00:00,80.05,58.11,88.02,36.91166107242023,63.496628987643845
2023-11-19 23:00:00+00:00,68.3,19.13,91.26,21.568949626468466,47.77290015198427
2023-11-20 00:00:00+00:00,62.68,5.67,86.82,14.995822506412154,38.47086507331978
2023-11-20 01:00:00+00:00,59.91,4.1,87.0,16.352749865127166,38.133558794075505
2023-11-20 02:00:00+00:00,60.03,0.13,87.25,18.43772667191587,37.28682398074242
2023-11-20 03:00:00+00:00,64.76,0.07,89.27,25.156606828037155,40.525135495313016
2023-11-20 05:00:00+00:00,102.75,2.33,124.5,55.49352288803233,59.61857452263012
2023-11-20 06:00:00+00:00,128.09,5.59,142.09,71.56509142276302,69.54191500184686
2023-11-20 07:00:00+00:00,126.67,14.49,151.79,83.3049512717104,79.64658638262249
2023-11-20 08:00:00+00:00,118.44,18.82,133.05,81.98773008703445,79.6579632955542
2023-11-20 09:00:00+00:00,112.18,12.59,121.78,74.85040643418179,73.26719737084423
2023-11-20 10:00:00+00:00,106.0,12.66,123.01,74.26677736705923,73.20018860335374
2023-11-20 11:00:00+00:00,103.0,11.67,121.34,74.10006869032959,71.41281031923307
2023-11-20 12:00:00+00:00,113.95,1.0,113.37,69.25019171730894,61.699544982152084
2023-11-20 13:00:00+00:00,120.35,15.55,96.44,78.86041702548118,67.90706981384
2023-11-20 14:00:00+00:00,128.75,67.31,87.31,110.43558905664463,100.52289840461728
2023-11-20 15:00:00+00:00,139.93,80.98,81.18,121.15615082569718,109.36467297678651
2023-11-20 16:00:00+00:00,147.0,95.02,82.27,131.92473793713447,122.30161793548578
2023-11-20 17:00:00+00:00,139.98,104.55,85.73,136.9986368018892,130.64720228525206
2023-11-20 18:00:00+00:00,130.07,103.82,81.27,132.71223964069569,128.3614412560744
2023-11-20 19:00:00+00:00,120.04,88.65,74.94,117.99381248166952,114.88959003841524
2023-11-20 20:00:00+00:00,107.01,84.38,61.36,109.356440404197,108.23975140362373
2023-11-20 21:00:00+00:00,108.05,88.05,51.07,105.27573601898385,107.07014933152442
2023-11-20 22:00:00+00:00,97.66,80.05,10.1,90.25826670238038,92.81861016280631
2023-11-20 23:00:00+00:00,102.75,68.3,10.07,71.3671960911731,69.32642784460148
2023-11-21 00:00:00+00:00,98.2,62.68,1.05,65.1630553618365,62.26898599280732
2023-11-21 01:00:00+00:00,96.12,59.91,-0.01,63.82812131489585,59.43565226675752
2023-11-21 02:00:00+00:00,91.17,60.03,-0.08,66.25537044278323,59.3803939084814
2023-11-21 03:00:00+00:00,96.04,64.76,-0.04,72.46829907673498,63.381985435871606
2023-11-21 04:00:00+00:00,101.11,80.43,1.04,87.32318934662041,76.76430869405849
2023-11-21 05:00:00+00:00,120.15,102.75,46.6,116.62083064568523,103.88278426523112
2023-11-21 06:00:00+00:00,136.08,128.09,76.91,142.6622569723749,128.5402511893272
2023-11-21 07:00:00+00:00,142.59,126.67,82.17,147.10020863040188,129.99909420889668
2023-11-21 08:00:00+00:00,137.19,118.44,77.86,141.39655456854413,123.00971818154389
2023-11-21 09:00:00+00:00,135.0,112.18,72.62,135.00453725219774,115.69189069471285
2023-11-21 10:00:00+00:00,134.9,106.0,72.82,130.9054469406021,109.89641303080522
2023-11-21 11:00:00+00:00,139.79,103.0,75.06,128.1692422893992,105.70353671503196
2023-11-21 12:00:00+00:00,139.78,113.95,75.09,130.964124961062,109.02505040541502
2023-11-21 13:00:00+00:00,138.37,120.35,81.01,133.23319417839332,111.84864182630528
2023-11-21 14:00:00+00:00,140.34,128.75,90.06,140.538009402219,121.15063826933296
2023-11-21 15:00:00+00:00,143.92,139.93,90.8,147.1056335169036,130.58323186115746
2023-11-21 16:00:00+00:00,146.97,147.0,117.61,155.40171025297605,142.6224827903776
2023-11-21 17:00:00+00:00,142.08,139.98,119.81,150.9265488093128,140.62181940479294
2023-11-21 18:00:00+00:00,132.35,130.07,116.96,142.2226691857553,133.68358907130636
2023-11-21 19:00:00+00:00,124.79,120.04,100.43,128.38465828266817,121.54969525674105
2023-11-21 20:00:00+00:00,110.52,107.01,89.74,115.73383186061827,109.27048736152919
2023-11-21 21:00:00+00:00,110.91,108.05,89.11,113.30530973710052,108.53051880673483
2023-11-21 22:00:00+00:00,98.04,97.66,85.5,102.68618616001822,97.5490836172251
2023-11-21 23:00:00+00:00,98.0,102.75,81.1,90.98347184575948,87.05927808901703
2023-11-22 00:00:00+00:00,95.01,98.2,76.42,86.71532271014054,81.55644631699295
2023-11-22 02:00:00+00:00,92.0,91.17,70.69,84.21005628853811,74.42540802637596
2023-11-22 03:00:00+00:00,92.49,96.04,74.45,92.12655546476665,79.5358267456505
2023-11-22 04:00:00+00:00,94.87,101.11,82.28,104.10409795247233,87.96655417531598
2023-11-22 05:00:00+00:00,120.17,120.15,103.08,130.64676387931183,111.51214991134712
2023-11-22 06:00:00+00:00,140.73,136.08,123.19,150.13821191276298,129.37239964572643
2023-11-22 07:00:00+00:00,151.64,142.59,128.59,154.03784153480916,135.00484641409602
2023-11-22 08:00:00+00:00,131.33,137.19,121.29,142.52251112211687,128.89583867478808
2023-11-22 09:00:00+00:00,115.03,135.0,112.78,133.48287488371534,125.30487490805567
2023-11-22 10:00:00+00:00,103.63,134.9,99.84,127.45697662385894,122.40954685956797
2023-11-22 11:00:00+00:00,95.69,139.79,97.36,128.22045879295484,123.53688163268924
2023-11-22 12:00:00+00:00,102.44,139.78,101.09,129.60438952513684,122.98667609247961
2023-11-22 13:00:00+00:00,115.99,138.37,106.27,131.03910411789926,121.3645901387865
2023-11-22 14:00:00+00:00,119.84,140.34,121.21,134.55743445631254,123.70774064088457
2023-11-22 15:00:00+00:00,127.0,143.92,122.96,135.86188062347597,128.05748289042506
2023-11-22 16:00:00+00:00,132.9,146.97,127.84,136.23133830152673,134.49443073091044
2023-11-22 17:00:00+00:00,129.89,142.08,129.9,127.71757722712233,132.9002346872663
2023-11-22 18:00:00+00:00,118.76,132.35,121.08,113.23694702019544,125.25754235389007
2023-11-22 19:00:00+00:00,105.42,124.79,110.1,95.70873381690839,116.3640689255704
2023-11-22 20:00:00+00:00,89.67,110.52,97.5,74.63334302588372,101.88655691041441
2023-11-22 21:00:00+00:00,90.21,110.91,91.66,63.54489587417739,98.49729150053066
2023-11-22 22:00:00+00:00,74.79,98.04,84.21,46.51416168136979,85.79925890506216
2023-11-22 23:00:00+00:00,64.97,98.0,85.46,36.38429252548298,80.97497730668363
2023-11-23 00:00:00+00:00,46.05,95.01,83.25,30.908280267434847,77.30018699158234
2023-11-23 02:00:00+00:00,30.13,92.0,74.06,26.740344007645206,73.66824441130117
2023-11-23 03:00:00+00:00,20.18,92.49,81.1,32.18816821752898,77.13303130079467
2023-11-23 04:00:00+00:00,32.56,94.87,87.03,40.575698577828334,82.49231963545401
2023-11-23 05:00:00+00:00,80.62,120.17,100.06,66.83206633032063,108.90390077598143
2023-11-23 06:00:00+00:00,113.96,140.73,126.9,90.95068827502527,132.1166503975669
2023-11-23 07:00:00+00:00,119.87,151.64,129.99,99.36372716390963,142.1499174274457
2023-11-23 08:00:00+00:00,90.0,131.33,128.59,84.29784772645785,127.54940590096433
2023-11-23 09:00:00+00:00,82.9,115.03,120.1,70.96016739931312,114.69356377714801
2023-11-23 10:00:00+00:00,73.81,103.63,116.62,62.78158648498949,105.87076159831075
2023-11-23 11:00:00+00:00,66.47,95.69,122.63,57.62156966802022,100.13430557543793
2023-11-23 12:00:00+00:00,69.93,102.44,131.64,60.90973487737913,104.14282678459558
2023-11-23 13:00:00+00:00,69.97,115.99,146.82,68.43452625938593,112.69307279932474
2023-11-23 14:00:00+00:00,73.52,119.84,158.5,71.09015889940882,115.27355248511157
2023-11-23 15:00:00+00:00,73.59,127.0,158.24,73.98893241030525,120.45362418179754
2023-11-23 16:00:00+00:00,77.6,132.9,182.39,79.70234000500358,130.1234217505925
2023-11-23 17:00:00+00:00,73.71,129.89,142.26,70.66770790193289,124.11140235274326
2023-11-23 18:00:00+00:00,70.63,118.76,125.23,57.238843864850324,113.47671603537802
2023-11-23 19:00:00+00:00,50.9,105.42,121.18,41.213113350667456,100.80406999814382
2023-11-23 20:00:00+00:00,28.18,89.67,115.0,24.770599301494656,86.09831683973917
2023-11-23 21:00:00+00:00,18.96,90.21,110.2,21.048590846981256,84.66573765090087
2023-11-23 22:00:00+00:00,9.8,74.79,100.85,7.311000524787673,70.43866409304898
2023-11-23 23:00:00+00:00,1.48,64.97,106.0,5.736605279433434,68.20629150809566
2023-11-24 00:00:00+00:00,0.1,46.05,100.0,-4.862224267405736,54.340453174616506
2023-11-24 02:00:00+00:00,0.34,30.13,92.76,-7.2147141744803065,44.23219061428454
2023-11-24 03:00:00+00:00,1.55,20.18,95.7,-5.01002839245092,40.75518936267196
2023-11-24 04:00:00+00:00,31.61,32.56,103.2,11.17918872426398,54.34066599360319
2023-11-24 05:00:00+00:00,70.53,80.62,119.35,51.67801126378012,97.12771548630812
2023-11-24 06:00:00+00:00,94.28,113.96,131.03,81.83822610253935,126.12524241155586
2023-11-24 07:00:00+00:00,112.68,119.87,141.92,89.7225108489356,132.70094838079095
2023-11-24 08:00:00+00:00,93.99,90.0,134.75,69.35984839860264,109.37472951615459
2023-11-24 09:00:00+00:00,86.95,82.9,127.91,59.985154036479365,101.70869125404006
2023-11-24 10:00:00+00:00,79.42,73.81,125.18,51.29262773049155,93.46245454477196
2023-11-24 11:00:00+00:00,76.33,66.47,119.5,44.734785536172495,85.57916389555321
2023-11-24 12:00:00+00:00,71.45,69.93,112.0,46.04262044138831,85.54704173662107
2023-11-24 13:00:00+00:00,75.38,69.97,123.91,49.53939606371443,86.17489816436174
2023-11-24 14:00:00+00:00,77.37,73.52,129.99,55.07730429507802,88.44751949617651
2023-11-24 15:00:00+00:00,85.24,73.59,137.65,58.37069383294056,90.39420695926898
2023-11-24 16:00:00+00:00,90.97,77.6,146.32,62.74968357166424,97.3476861491877
2023-11-24 17:00:00+00:00,90.25,73.71,149.6,57.66282122360902,95.90879363377492
2023-11-24 18:00:00+00:00,86.23,70.63,141.0,48.9672940871621,91.30599257216446
2023-11-24 19:00:00+00:00,81.5,50.9,128.41,27.960868141790527,72.56007769421608
2023-11-24 20:00:00+00:00,74.74,28.18,120.33,10.229252459213214,53.40298141712778
2023-11-24 21:00:00+00:00,77.56,18.96,118.14,5.5918034205561185,46.381364197890015
2023-11-24 22:00:00+00:00,72.84,9.8,111.88,-1.0384675845105562,36.65874169590743
2023-11-24 23:00:00+00:00,78.07,1.48,110.56,-3.044793632364204,28.338720400556113
2023-11-25 00:00:00+00:00,74.03,0.1,97.38,-4.012193239200499,22.292442306358595
2023-11-25 01:00:00+00:00,72.07,0.12,90.61,-3.481855210169172,18.638466113866883
2023-11-25 02:00:00+00:00,71.61,0.34,85.96,-3.4501598526781265,14.96205766382927
2023-11-25 03:00:00+00:00,69.99,1.55,82.48,-1.866425242897634,12.21949679057839
2023-11-25 05:00:00+00:00,79.81,70.53,86.19,45.398125963981144,58.81186504622065
2023-11-25 06:00:00+00:00,87.08,94.28,92.08,64.91546399001203,76.54584052241131
2023-11-25 07:00:00+00:00,94.29,112.68,100.21,78.49777032094394,90.5406465849852
2023-11-25 08:00:00+00:00,91.74,93.99,97.36,65.95641201819434,75.3940273082838
2023-11-25 09:00:00+00:00,89.17,86.95,96.08,61.67102527589561,68.85466740099692
2023-11-25 10:00:00+00:00,87.06,79.42,95.2,59.741463501076666,62.23641451317178
2023-11-25 11:00:00+00:00,84.82,76.33,94.7,59.72376799101539,58.46143247303706
2023-11-25 12:00:00+00:00,83.07,71.45,94.98,59.0758712362847,54.5288680055649
2023-11-25 13:00:00+00:00,90.09,75.38,97.06,64.61485209079723,57.17354116769686
2023-11-25 14:00:00+00:00,95.66,77.37,97.61,70.63611642562958,60.51171188914589
2023-11-25 15:00:00+00:00,114.91,85.24,95.98,79.09345910819911,70.19458097726323
2023-11-25 16:00:00+00:00,124.1,90.97,105.07,88.66055635128986,82.16789300553906
2023-11-25 17:00:00+00:00,127.1,90.25,107.34,91.17126564226959,85.79549914315758
2023-11-25 18:00:00+00:00,127.2,86.23,91.24,87.9631380689891,82.90235752641948
2023-11-25 19:00:00+00:00,121.13,81.5,83.1,82.68081088711891,77.51258926874584
2023-11-25 20:00:00+00:00,114.83,74.74,77.98,76.54231774943258,70.48337613752885
2023-11-25 21:00:00+00:00,115.3,77.56,73.76,76.5775033153208,71.07486227520624
2023-11-25 22:00:00+00:00,103.0,72.84,58.11,68.63344070836646,62.98483110835215
2023-11-25 23:00:00+00:00,111.1,78.07,19.13,69.70244313969614,65.36527985579042
2023-11-26 00:00:00+00:00,105.77,74.03,5.67,62.09792449123957,57.483179650076025
2023-11-26 01:00:00+00:00,102.67,72.07,4.1,56.35767211421806,51.609180146891106
2023-11-26 02:00:00+00:00,100.11,71.61,0.13,52.28000488604907,46.811797940797184
2023-11-26 03:00:00+00:00,97.2,69.99,0.07,48.23252813286902,41.23647935404422
2023-11-26 04:00:00+00:00,97.8,74.19,0.09,51.31589422195965,42.76023475845138
2023-11-26 05:00:00+00:00,99.83,79.81,2.33,56.04555739280748,45.674347506934744
2023-11-26 06:00:00+00:00,105.05,87.08,5.59,64.380811367624,50.75133743380308
2023-11-26 07:00:00+00:00,112.69,94.29,14.49,72.3862816559664,57.571330983555704
2023-11-26 08:00:00+00:00,117.3,91.74,18.82,70.7610353572719,55.52962011143785
2023-11-26 09:00:00+00:00,115.29,89.17,12.59,68.14949910865803,52.79767920504914
2023-11-26 10:00:00+00:00,114.7,87.06,12.66,68.31298385327015,51.48419648713836
2023-11-26 11:00:00+00:00,113.37,84.82,11.67,68.23969728356846,49.09697538991408
2023-11-26 12:00:00+00:00,110.02,83.07,1.0,67.2392705423316,45.21345720577608
2023-11-26 13:00:00+00:00,115.1,90.09,15.55,75.11904825607375,51.44419395755212
2023-11-26 14:00:00+00:00,123.26,95.66,67.31,88.40530750423417,63.202662425179064
2023-11-26 15:00:00+00:00,134.15,114.91,80.98,105.48413310688579,83.38459543772832
2023-11-26 16:00:00+00:00,143.81,124.1,95.02,118.21748749592916,99.46357789923294
2023-11-26 17:00:00+00:00,149.67,127.1,104.55,123.36786220182046,108.15058146037173
2023-11-26 18:00:00+00:00,143.78,127.2,103.82,122.3642706566985,110.78328634154042
2023-11-26 19:00:00+00:00,135.91,121.13,88.65,114.60278206291382,106.00361672426168
2023-11-26 20:00:00+00:00,122.41,114.83,84.38,108.2205441806406,101.88991938514647
2023-11-26 21:00:00+00:00,118.99,115.3,88.05,107.33601150854228,103.85329980176084
2023-11-26 22:00:00+00:00,102.44,103.0,80.05,95.56591243904474,92.81424855848849
2023-11-26 23:00:00+00:00,99.26,111.1,68.3,102.24388614268679,106.05563096543825
2023-11-27 00:00:00+00:00,94.09,105.77,62.68,97.74127202681791,100.74697280070329
2023-11-27 01:00:00+00:00,89.9,102.67,59.91,96.30397238093666,97.89055282756826
2023-11-27 02:00:00+00:00,88.82,100.11,60.03,96.99892152252141,96.43978792366984
2023-11-27 03:00:00+00:00,87.91,97.2,64.76,100.5478568151604,96.64131717177247
2023-11-27 04:00:00+00:00,94.09,97.8,80.43,110.30702590317152,102.74698789410739
2023-11-27 05:00:00+00:00,122.01,99.83,102.75,127.07207494214454,114.58722445928257
2023-11-27 06:00:00+00:00,138.92,105.05,128.09,142.72521871857703,126.97674450025976
2023-11-27 07:00:00+00:00,144.99,112.69,126.67,149.09432528979127,134.09737536000696
2023-11-27 08:00:00+00:00,139.41,117.3,118.44,146.8231326576261,135.1500713214745
2023-11-27 09:00:00+00:00,138.0,115.29,112.18,141.48495785814816,132.10805379592438
2023-11-27 10:00:00+00:00,136.94,114.7,106.0,137.47399546205747,129.49059565992277
2023-11-27 11:00:00+00:00,133.97,113.37,103.0,133.42706503095138,126.04371687611483
2023-11-27 12:00:00+00:00,132.67,110.02,113.95,129.28383516271714,122.54463400300726
2023-11-27 13:00:00+00:00,130.0,115.1,120.35,127.80173969027098,124.40154536891032
2023-11-27 14:00:00+00:00,121.21,123.26,128.75,128.0190792605903,129.5992544570774
2023-11-27 15:00:00+00:00,115.86,134.15,139.93,132.99235245377386,140.65539427762408
2023-11-27 16:00:00+00:00,124.53,143.81,147.0,139.42484502603014,151.93750297535166
2023-11-27 17:00:00+00:00,123.22,149.67,139.98,139.39956223572565,156.62478846167437
2023-11-27 18:00:00+00:00,117.12,143.78,130.07,130.64077490898475,151.22616499505318
2023-11-27 19:00:00+00:00,100.61,135.91,120.04,117.8619203153711,142.11654487707307
2023-11-27 20:00:00+00:00,94.46,122.41,107.01,102.31030413229837,128.78870316473194
2023-11-27 21:00:00+00:00,95.2,118.99,108.05,95.67913755947764,125.24200019061273
2023-11-27 22:00:00+00:00,85.06,102.44,97.66,79.28872372336332,109.6030883268931
2023-11-27 23:00:00+00:00,77.74,99.26,102.75,63.1563835788808,98.26056295294211
2023-11-28 00:00:00+00:00,70.49,94.09,98.2,57.8118483381877,93.34944518884339
2023-11-28 01:00:00+00:00,67.47,89.9,96.12,54.76290195666677,90.17902275636622
2023-11-28 02:00:00+00:00,64.5,88.82,91.17,54.845049219881034,89.31200225590138
2023-11-28 03:00:00+00:00,68.29,87.91,96.04,58.72067796479497,90.81453078996759
2023-11-28 04:00:00+00:00,80.06,94.09,101.11,69.80340119192677,98.96990935808283
2023-11-28 05:00:00+00:00,89.34,122.01,120.15,100.7374305139788,127.01231293018529
2023-11-28 06:00:00+00:00,116.42,138.92,136.08,125.8074764356664,145.69808132027282
2023-11-28 07:00:00+00:00,127.03,144.99,142.59,140.21190767608053,152.79270730903363
2023-11-28 08:00:00+00:00,138.08,139.41,137.19,142.67057655119814,148.1516384602032
2023-11-28 09:00:00+00:00,139.3,138.0,135.0,146.20350190736804,146.12692813838788
2023-11-28 10:00:00+00:00,138.5,136.94,134.9,149.84601005054162,144.38922167213596
2023-11-28 11:00:00+00:00,135.6,133.97,139.79,151.88750830957252,141.01548811029582
2023-11-28 12:00:00+00:00,137.72,132.67,139.78,153.26988280138477,137.911671489934
2023-11-28 13:00:00+00:00,144.04,130.0,138.37,153.37463899078716,133.66490415137235
2023-11-28 14:00:00+00:00,150.0,121.21,140.34,151.04997116590505,126.8021071091753
2023-11-28 15:00:00+00:00,164.01,115.86,143.92,150.3742377895233,125.11767867697407
2023-11-28 16:00:00+00:00,189.98,124.53,146.97,157.1009232160114,134.8332393162356
2023-11-28 17:00:00+00:00,177.0,123.22,142.08,154.18755173180293,134.8528200701161
2023-11-28 18:00:00+00:00,160.2,117.12,132.35,144.62296419917072,128.41102614388143
2023-11-28 19:00:00+00:00,139.12,100.61,124.79,126.15643491022982,113.63626317818307
2023-11-28 20:00:00+00:00,125.45,94.46,110.52,112.04227033044022,104.7515874607498
2023-11-28 21:00:00+00:00,116.84,95.2,110.91,104.63663869288396,103.4703170139172
2023-11-28 22:00:00+00:00,109.41,85.06,98.04,88.47588308634137,91.63113235930435
2023-11-28 23:00:00+00:00,98.43,77.74,98.0,65.6441217266619,72.96490055338518
2023-11-29 00:00:00+00:00,95.17,70.49,95.01,56.88175680225337,66.95495611325455
2023-11-29 02:00:00+00:00,85.88,64.5,92.0,49.115241885214566,62.59602275190111
2023-11-29 03:00:00+00:00,84.91,68.29,92.49,52.96329620271435,67.18932852158858
2023-11-29 04:00:00+00:00,95.7,80.06,94.87,64.83711694322429,79.40336554428796
2023-11-29 05:00:00+00:00,102.84,89.34,120.17,85.8154718328277,98.1919750034362
2023-11-29 06:00:00+00:00,132.59,116.42,140.73,115.67483509132606,126.50550661686624
2023-11-29 07:00:00+00:00,149.33,127.03,151.64,127.63440786564604,137.21411371377656
2023-11-29 08:00:00+00:00,142.55,138.08,131.33,129.38560209173264,140.89830119266412
2023-11-29 09:00:00+00:00,133.72,139.3,115.03,127.0665662317049,138.6246996060598
2023-11-29 10:00:00+00:00,130.0,138.5,103.63,125.36797096972354,135.30743736701424
2023-11-29 11:00:00+00:00,128.09,135.6,95.69,122.94957931040841,130.13941799152292
2023-11-29 12:00:00+00:00,132.18,137.72,102.44,127.1806666716569,130.4108711336055
2023-11-29 13:00:00+00:00,146.35,144.04,115.99,135.33578251823738,133.47595124041374
2023-11-29 14:00:00+00:00,168.0,150.0,119.84,142.69809154862062,135.66599471539558
2023-11-29 15:00:00+00:00,200.0,164.01,127.0,154.7579576803866,146.5618026895562
2023-11-29 16:00:00+00:00,250.0,189.98,132.9,174.45246036354536,169.05531265308156
2023-11-29 18:00:00+00:00,200.0,160.2,118.76,156.8111154275112,148.21123627897998
2023-11-29 19:00:00+00:00,161.0,139.12,105.42,138.95111603494232,128.82637414894765
2023-11-29 20:00:00+00:00,139.01,125.45,89.67,125.69109251155942,115.02789236885761
2023-11-29 21:00:00+00:00,128.5,116.84,90.21,117.97470062069955,107.47636903962416
2023-11-29 22:00:00+00:00,114.27,109.41,74.79,107.75632767676106,97.20082294953487
2023-11-29 23:00:00+00:00,104.79,98.43,64.97,95.55962230613656,81.26246370793686
2023-11-30 00:00:00+00:00,104.52,95.17,46.05,89.71831403635036,74.55274995594584
2023-11-30 01:00:00+00:00,102.2,92.03,41.12,87.19282144567501,70.6027309032015
2023-11-30 02:00:00+00:00,100.0,85.88,30.13,84.66460653612543,65.05321885834573
2023-11-30 03:00:00+00:00,101.63,84.91,20.18,86.90495744673322,64.24418287554695
2023-11-30 04:00:00+00:00,106.3,95.7,32.56,101.54588176258552,76.46631234782517
2023-11-30 05:00:00+00:00,129.41,102.84,80.62,124.2217742721852,94.22651288809661
2023-11-30 06:00:00+00:00,168.09,132.59,113.96,154.43807385941548,124.35098706457349
2023-11-30 07:00:00+00:00,219.27,149.33,119.87,168.24213100231202,137.99796249673977
2023-11-30 08:00:00+00:00,237.13,142.55,90.0,160.4060479124779,129.69817171099496
2023-11-30 09:00:00+00:00,222.5,133.72,82.9,153.13526672300026,121.96695368818777
2023-11-30 10:00:00+00:00,223.34,130.0,73.81,148.6024509169606,116.83133908890022
2023-11-30 11:00:00+00:00,195.21,128.09,66.47,145.94324042705443,112.7297493423975
2023-11-30 12:00:00+00:00,189.81,132.18,69.93,148.82316315095062,114.21190920986504
2023-11-30 13:00:00+00:00,195.0,146.35,69.97,157.98763690365718,122.81077755410145
2023-11-30 15:00:00+00:00,226.0,200.0,73.59,190.67161068761837,162.11836176223227
2023-11-30 16:00:00+00:00,261.0,250.0,77.6,222.01253148937784,202.77874178501872
2023-11-30 18:00:00+00:00,194.49,200.0,70.63,187.29805000714504,167.75365100483793
2023-11-30 19:00:00+00:00,153.93,161.0,50.9,156.9316598895413,135.56081064269208
2023-11-30 20:00:00+00:00,132.72,139.01,28.18,135.27769547531028,114.57490344545246
2023-11-30 21:00:00+00:00,124.72,128.5,18.96,122.61703797481952,103.90079806883979
2023-11-30 22:00:00+00:00,113.79,114.27,9.8,107.84059863447575,90.22459771049651
2023-11-30 23:00:00+00:00,106.91,104.79,1.48,105.76635019344644,84.24725456062725
2023-12-01 00:00:00+00:00,102.63,104.52,0.1,102.64478263280544,82.50994660022972
2023-12-01 01:00:00+00:00,99.1,102.2,0.12,100.39455648365288,80.30386477162996
2023-12-01 02:00:00+00:00,95.88,100.0,0.34,99.37524864348066,78.18157361453687
2023-12-01 03:00:00+00:00,96.07,101.63,1.55,103.50238437488647,80.42924768690344
2023-12-01 04:00:00+00:00,102.31,106.3,31.61,116.40309403397387,90.829287383549
2023-12-01 05:00:00+00:00,120.03,129.41,70.53,146.6294200998499,118.51500346111945
2023-12-01 06:00:00+00:00,152.11,168.09,94.28,181.00643965702804,153.64797886401007
2023-12-01 07:00:00+00:00,203.46,219.27,112.68,217.50414600192988,193.33570248203517
2023-12-01 08:00:00+00:00,222.63,237.13,93.99,226.95515870085052,202.4709320238667
2023-12-01 09:00:00+00:00,215.37,222.5,86.95,218.72832524780404,190.21489180615538
2023-12-01 10:00:00+00:00,213.52,223.34,79.42,219.41326149514214,189.13427951552768
2023-12-01 11:00:00+00:00,197.09,195.21,76.33,203.89738841703377,168.08596772486118
2023-12-01 12:00:00+00:00,175.19,189.81,71.45,199.6524229173542,161.82359776166362
2023-12-01 13:00:00+00:00,174.32,195.0,75.38,202.67616397010465,164.76204140259733
2023-12-01 15:00:00+00:00,200.05,226.0,85.24,223.3187477775488,191.9912939566032
2023-12-01 16:00:00+00:00,230.69,261.0,90.97,246.34271359445742,223.60210435012772
2023-12-01 18:00:00+00:00,168.56,194.49,86.23,202.1314730128196,175.11156516284183
2023-12-01 19:00:00+00:00,142.37,153.93,81.5,171.03123667762213,141.6080773840168
2023-12-01 20:00:00+00:00,125.13,132.72,74.74,151.99793015077933,122.73360769125051
2023-12-01 21:00:00+00:00,118.4,124.72,77.56,142.6881416529511,115.17348312525283
2023-12-01 22:00:00+00:00,108.13,113.79,72.84,129.5941342586413,103.22957761994978
2023-12-01 23:00:00+00:00,105.22,106.91,78.07,119.15982905868358,94.9075551339851
2023-12-02 00:00:00+00:00,102.69,102.63,74.03,112.41655943254726,88.61264143996357
2023-12-02 01:00:00+00:00,101.25,99.1,72.07,107.104657868153,82.76140366668156
2023-12-02 02:00:00+00:00,98.89,95.88,71.61,103.32112664546025,77.35535824888106
2023-12-02 03:00:00+00:00,97.96,96.07,69.99,102.62151926959056,74.49107400988173
2023-12-02 04:00:00+00:00,97.83,102.31,74.19,107.36873642733526,76.85821908213462
2023-12-02 05:00:00+00:00,98.93,120.03,79.81,120.78856659749884,88.96104939729021
2023-12-02 06:00:00+00:00,104.88,152.11,87.08,144.24805331843737,112.88625670728075
2023-12-02 07:00:00+00:00,120.34,203.46,94.29,179.3387530184881,151.89327687065926
2023-12-02 08:00:00+00:00,127.99,222.63,91.74,193.98171317346058,166.22643663306985
2023-12-02 09:00:00+00:00,130.75,215.37,89.17,189.97050625320253,159.24605922036724
2023-12-02 10:00:00+00:00,127.22,213.52,87.06,189.36697091900828,157.50125278263582
2023-12-02 11:00:00+00:00,121.58,197.09,84.82,178.9192004134944,143.25665661095164
2023-12-02 12:00:00+00:00,114.58,175.19,83.07,165.84294946368703,126.79165929626656
2023-12-02 13:00:00+00:00,118.52,174.32,90.09,166.6670816916916,127.47624720293344
2023-12-02 15:00:00+00:00,129.79,200.05,114.91,188.6672492511048,155.9350412257663
2023-12-02 16:00:00+00:00,144.04,230.69,124.1,210.74765069640824,186.56105357245724
2023-12-02 17:00:00+00:00,144.96,199.16,127.1,193.135474169471,168.64672838430783
2023-12-02 18:00:00+00:00,129.56,168.56,127.2,171.12779482775682,145.8258630387383
2023-12-02 19:00:00+00:00,122.52,142.37,121.13,148.83810245197918,124.5305093838069
2023-12-02 20:00:00+00:00,114.83,125.13,114.83,133.83700775365423,111.40369095761794
2023-12-02 21:00:00+00:00,109.88,118.4,115.3,126.95995323634313,107.25940997714129
2023-12-02 22:00:00+00:00,106.01,108.13,103.0,114.44002178494215,96.60822185958257
2023-12-02 23:00:00+00:00,108.3,105.22,111.1,118.52168861001954,102.01470850658652
2023-12-03 00:00:00+00:00,102.68,102.69,105.77,112.58267271686482,96.8405483305374
2023-12-03 01:00:00+00:00,99.88,101.25,102.67,108.43201886574421,92.34144820526902
2023-12-03 02:00:00+00:00,98.62,98.89,100.11,104.36139290887976,86.85661157016044
2023-12-03 03:00:00+00:00,94.62,97.96,97.2,103.0357747571111,83.12029027897036
2023-12-03 04:00:00+00:00,91.72,97.83,97.8,103.34988825532074,80.48241647805047
2023-12-03 05:00:00+00:00,88.86,98.93,99.83,104.68852577405698,79.22995920794307
2023-12-03 06:00:00+00:00,92.13,104.88,105.05,112.50597792943333,84.77333049798452
2023-12-03 07:00:00+00:00,97.02,120.34,112.69,127.4964398872513,100.31753014350595
2023-12-03 08:00:00+00:00,100.15,127.99,117.3,134.8171717488642,108.45777481605779
2023-12-03 09:00:00+00:00,104.96,130.75,115.29,135.95245385528236,109.51975747697846
2023-12-03 10:00:00+00:00,105.07,127.22,114.7,134.9706605586923,107.52155977900551
2023-12-03 11:00:00+00:00,102.91,121.58,113.37,130.6281446478757,101.88772481025231
2023-12-03 12:00:00+00:00,100.0,114.58,110.02,125.06901348622901,94.05914954160802
2023-12-03 13:00:00+00:00,105.68,118.52,115.1,129.9445839210094,97.75676825457874
2023-12-03 14:00:00+00:00,115.0,123.5,123.26,135.87213054602887,104.26894027020018
2023-12-03 15:00:00+00:00,122.2,129.79,134.15,142.6115135036919,115.45036060517626
2023-12-03 16:00:00+00:00,127.9,144.04,143.81,151.8173446249041,134.02102163326563
2023-12-03 17:00:00+00:00,129.05,144.96,149.67,147.7219897814274,136.5792439051487
2023-12-03 18:00:00+00:00,126.07,129.56,143.78,131.6402225202386,124.88932768453665
2023-12-03 19:00:00+00:00,112.33,122.52,135.91,119.38532241228403,118.22681709352327
2023-12-03 20:00:00+00:00,100.0,114.83,122.41,108.03364229003692,111.24113787851942
2023-12-03 21:00:00+00:00,99.09,109.88,118.99,101.91556553167261,108.62040989393559
2023-12-03 22:00:00+00:00,89.0,106.01,102.44,91.51632116885538,101.60882532421685
2023-12-03 23:00:00+00:00,93.86,108.3,99.26,97.06568694805318,111.20179908219032
2023-12-04 00:00:00+00:00,89.81,102.68,94.09,91.14824538532447,105.82993227289522
2023-12-04 01:00:00+00:00,88.02,99.88,89.9,88.11911672111981,103.12386622904374
2023-12-04 02:00:00+00:00,85.38,98.62,88.82,87.39786122755953,101.8672063328011
2023-12-04 03:00:00+00:00,85.83,94.62,87.91,89.75942248396672,101.27823855964972
2023-12-04 04:00:00+00:00,92.04,91.72,94.09,96.12180040541908,103.99567705549036
2023-12-04 05:00:00+00:00,104.1,88.86,122.01,110.63774127844982,113.15763577281902
2023-12-04 06:00:00+00:00,118.06,92.13,138.92,125.10501239061588,122.8452544395642
2023-12-04 07:00:00+00:00,123.16,97.02,144.99,133.81622831300288,129.81751657753017
2023-12-04 08:00:00+00:00,126.12,100.15,139.41,136.20727341266266,131.27867285048742
2023-12-04 09:00:00+00:00,128.02,104.96,138.0,140.54353525077363,133.8895661130961
2023-12-04 10:00:00+00:00,130.7,105.07,136.94,142.53964078595337,132.64500579885774
2023-12-04 11:00:00+00:00,126.45,102.91,133.97,142.17379148602606,129.13377189680872
2023-12-04 12:00:00+00:00,131.42,100.0,132.67,138.93830038036683,124.56828927836291
2023-12-04 13:00:00+00:00,126.97,105.68,130.0,139.3355211558684,126.94573741762264
2023-12-04 14:00:00+00:00,124.84,115.0,121.21,139.55575395994128,131.5880272470359
2023-12-04 15:00:00+00:00,122.27,122.2,115.86,139.4780032171885,137.22524542938882
2023-12-04 16:00:00+00:00,127.75,127.9,124.53,142.3992572030889,145.8471744724488
2023-12-04 17:00:00+00:00,124.63,129.05,123.22,138.90623950756333,147.32304452103807
2023-12-04 18:00:00+00:00,120.97,126.07,117.12,130.71558614235377,143.07578558318468
2023-12-04 19:00:00+00:00,114.48,112.33,100.61,113.197308077921,128.9854912085448
2023-12-04 20:00:00+00:00,105.55,100.0,94.46,98.08980672441999,116.90734771941158
2023-12-04 21:00:00+00:00,100.0,99.09,95.2,92.25746426194722,114.66581079849811
2023-12-04 22:00:00+00:00,91.76,89.0,85.06,79.66306040989457,104.230764140533
2023-12-04 23:00:00+00:00,90.85,93.86,77.74,65.74707740014748,93.96349415318348
2023-12-05 00:00:00+00:00,88.01,89.81,70.49,60.313953594329256,89.03063734670317
2023-12-05 01:00:00+00:00,85.73,88.02,67.47,57.97953117278377,86.78741238536786
2023-12-05 02:00:00+00:00,83.62,85.38,64.5,56.39530223220778,84.31830209084335
2023-12-05 03:00:00+00:00,84.71,85.83,68.29,61.17833747835501,86.65212151267157
2023-12-05 04:00:00+00:00,91.02,92.04,80.06,73.33923432712706,95.6086404182824
2023-12-05 05:00:00+00:00,108.0,104.1,89.34,93.59473610333967,111.42275678387367
2023-12-05 06:00:00+00:00,114.32,118.06,116.42,115.59069185591548,129.01391386812307
2023-12-05 07:00:00+00:00,122.28,123.16,127.03,125.1985142478856,135.26419686096858
2023-12-05 08:00:00+00:00,122.88,126.12,138.08,130.3609658050799,138.18921406570755
2023-12-05 09:00:00+00:00,120.55,128.02,139.3,133.92703078969248,139.27229439650839
2023-12-05 10:00:00+00:00,121.27,130.7,138.5,136.76764079110464,139.50059108562812
2023-12-05 11:00:00+00:00,118.34,126.45,135.6,135.7456371249158,134.4533589073326
2023-12-05 12:00:00+00:00,118.53,131.42,137.72,139.38287669448482,136.15328688021026
2023-12-05 13:00:00+00:00,127.26,126.97,144.04,138.30162836334688,132.821872846267
2023-12-05 14:00:00+00:00,122.59,124.84,150.0,137.76481259875015,132.00477522205483
2023-12-05 15:00:00+00:00,129.24,122.27,164.01,138.44864180573285,133.65389727274274
2023-12-05 16:00:00+00:00,145.9,127.75,189.98,145.5546705249567,143.5668756167886
2023-12-05 17:00:00+00:00,147.47,124.63,177.0,140.60235168565634,140.90024695921477
2023-12-05 18:00:00+00:00,141.56,120.97,160.2,134.47657746493863,136.13776957207452
2023-12-05 19:00:00+00:00,128.63,114.48,139.12,122.26239125290458,125.81803712975595
2023-12-05 20:00:00+00:00,117.83,105.55,125.45,110.06788134564945,114.52930114593838
2023-12-05 21:00:00+00:00,111.55,100.0,116.84,102.57676529552069,108.11008803409379
2023-12-05 22:00:00+00:00,103.28,91.76,109.41,92.42552160127399,98.56316070718643
2023-12-05 23:00:00+00:00,94.97,90.85,98.43,79.45629373283484,84.88409192657679
2023-12-06 00:00:00+00:00,93.1,88.01,95.17,76.91218903949263,81.37515363996383
2023-12-06 01:00:00+00:00,92.57,85.73,92.03,75.90729695418274,78.69122520188903
2023-12-06 02:00:00+00:00,90.96,83.62,85.88,76.69448225648102,76.58164196530805
2023-12-06 03:00:00+00:00,90.59,84.71,84.91,82.5879033734824,78.84667637216388
2023-12-06 04:00:00+00:00,93.89,91.02,95.7,95.39524096190837,87.9992951580559
2023-12-06 05:00:00+00:00,106.94,108.0,102.84,119.15373688056593,107.96080930390328
2023-12-06 06:00:00+00:00,133.86,114.32,132.59,135.52505400500638,120.02246469718314
2023-12-06 07:00:00+00:00,167.0,122.28,149.33,147.16571977079934,128.5546937875133
2023-12-06 08:00:00+00:00,166.54,122.88,142.55,149.07117139622633,127.4752615306918
2023-12-06 09:00:00+00:00,150.0,120.55,133.72,148.89188952471935,124.05385724045634
2023-12-06 10:00:00+00:00,146.29,121.27,130.0,149.9385308000896,122.80495347792919
2023-12-06 11:00:00+00:00,146.1,118.34,128.09,148.20733374488873,118.6414107983839
2023-12-06 12:00:00+00:00,141.03,118.53,132.18,148.2883629258051,117.66376349993575
2023-12-06 13:00:00+00:00,140.5,127.26,146.35,153.80438794690042,123.44046132487033
2023-12-06 14:00:00+00:00,143.99,122.59,168.0,153.13919981472236,121.93525761996202
2023-12-06 15:00:00+00:00,164.0,129.24,200.0,160.83901561837416,131.36572959636987
2023-12-06 16:00:00+00:00,178.07,145.9,250.0,177.59887880119652,152.22430780490907
2023-12-06 18:00:00+00:00,149.93,141.56,200.0,164.71253670004512,143.76556580392958
2023-12-06 19:00:00+00:00,129.91,128.63,161.0,146.54944401234323,127.55032575734367
2023-12-06 20:00:00+00:00,115.68,117.83,139.01,131.4889417388249,114.18116323654459
2023-12-06 21:00:00+00:00,107.33,111.55,128.5,122.31505981140249,106.53908137368337
2023-12-06 22:00:00+00:00,100.44,103.28,114.27,111.14867762303055,96.22490293433134
2023-12-06 23:00:00+00:00,99.2,94.97,104.79,100.2293267827971,84.6282483455056
2023-12-07 00:00:00+00:00,97.85,93.1,104.52,97.30777802677609,81.75012968310942
2023-12-07 01:00:00+00:00,96.86,92.57,102.2,96.48486045862492,79.90285179270496
2023-12-07 02:00:00+00:00,91.81,90.96,100.0,97.64224125475427,78.41831961822865
2023-12-07 03:00:00+00:00,89.92,90.59,101.63,102.37349812199628,79.50524387373338
2023-12-07 04:00:00+00:00,94.53,93.89,106.3,113.12036747585884,85.87222764821837
2023-12-07 05:00:00+00:00,116.58,106.94,129.41,136.60286938631194,105.17689816195794
2023-12-07 06:00:00+00:00,131.22,133.86,168.09,167.11512452660037,133.64205679786386
2023-12-07 07:00:00+00:00,150.0,167.0,219.27,198.18585312329367,165.40096533207162
2023-12-07 08:00:00+00:00,137.7,166.54,237.13,201.63343933391621,167.5853079615407
2023-12-07 09:00:00+00:00,134.36,150.0,222.5,189.73761018313343,153.27692599390758
2023-12-07 10:00:00+00:00,138.17,146.29,223.34,186.44274883620392,149.8323919661637
2023-12-07 11:00:00+00:00,137.99,146.1,195.21,180.59467186408193,144.34766361206817
2023-12-07 12:00:00+00:00,138.35,141.03,189.81,175.81895001519723,138.42603208981492
2023-12-07 13:00:00+00:00,138.08,140.5,195.0,175.68224353945527,137.3169860356863
2023-12-07 15:00:00+00:00,133.87,164.0,226.0,189.90287463674395,156.43206856374763
2023-12-07 16:00:00+00:00,128.59,178.07,261.0,198.66575001551502,174.27866240849454
2023-12-07 17:00:00+00:00,120.35,165.28,249.34,183.4827884531632,165.31372379017955
2023-12-07 18:00:00+00:00,104.14,149.93,194.49,159.30362782566408,147.3631154557534
2023-12-07 19:00:00+00:00,100.36,129.91,153.93,131.31019383513816,125.5511368413832
2023-12-07 20:00:00+00:00,97.0,115.68,132.72,110.90728338854217,110.59618610387919
2023-12-07 21:00:00+00:00,96.42,107.33,124.72,97.0722445110256,101.72928129305565
2023-12-07 22:00:00+00:00,87.08,100.44,113.79,84.08354377133759,92.85946014108897
2023-12-07 23:00:00+00:00,87.09,99.2,106.91,83.17697574981963,93.43027728720956
2023-12-08 00:00:00+00:00,83.26,97.85,102.63,77.92808893672189,90.50038379626821
2023-12-08 01:00:00+00:00,81.43,96.86,99.1,74.10045285130323,88.60149955424212
2023-12-08 02:00:00+00:00,79.52,91.81,95.88,70.5385715405569,85.07910309686271
2023-12-08 03:00:00+00:00,80.0,89.92,96.07,72.46610978331671,85.53098160806704
2023-12-08 04:00:00+00:00,87.04,94.53,102.31,82.196944175835,92.92486512269384
2023-12-08 05:00:00+00:00,99.69,116.58,120.03,107.91107375480908,116.82054380274843
2023-12-08 06:00:00+00:00,107.29,131.22,152.11,130.63362705100718,136.79094572055618
2023-12-08 07:00:00+00:00,112.65,150.0,203.46,153.37268488641166,159.31174270786212
2023-12-08 08:00:00+00:00,118.52,137.7,222.63,151.8602326035674,153.13587152010643
2023-12-08 09:00:00+00:00,118.75,134.36,215.37,150.73941547065567,147.5439210202383
2023-12-08 10:00:00+00:00,118.02,138.17,213.52,155.67945355855795,148.16519029458678
2023-12-08 11:00:00+00:00,116.66,137.99,197.09,156.2547464368438,143.7436713710054
2023-12-08 12:00:00+00:00,111.78,138.35,175.19,156.40827566835628,139.09519340039614
2023-12-08 13:00:00+00:00,113.11,138.08,174.32,156.66225244311022,136.3705177140787
2023-12-08 14:00:00+00:00,118.33,138.02,184.4,157.0397087741771,136.09067409057317
2023-12-08 15:00:00+00:00,114.98,133.87,200.05,158.18422570930798,137.59935400990244
2023-12-08 16:00:00+00:00,117.99,128.59,230.69,160.4451546446981,140.98180724782847
2023-12-08 17:00:00+00:00,118.6,120.35,199.16,148.2759611819933,130.08125137384928
2023-12-08 18:00:00+00:00,105.56,104.14,168.56,130.6714073256281,113.24475228122853
2023-12-08 19:00:00+00:00,104.62,100.36,142.37,117.36350977884777,103.86257027639229
2023-12-08 20:00:00+00:00,101.12,97.0,125.13,106.69255272244533,96.67625959042533
2023-12-08 21:00:00+00:00,101.72,96.42,118.4,99.87354109527658,93.31028546252716
2023-12-08 22:00:00+00:00,90.58,87.08,108.13,87.41062080097527,83.09419585525434
2023-12-08 23:00:00+00:00,95.0,87.09,105.22,82.10269879845022,80.42654750071281
2023-12-09 00:00:00+00:00,85.1,83.26,102.69,74.00683405988342,74.62653483121206
2023-12-09 01:00:00+00:00,79.49,81.43,101.25,67.71761650012223,70.05391823199537
2023-12-09 02:00:00+00:00,73.07,79.52,98.89,62.932125466652764,65.23375898236475
2023-12-09 03:00:00+00:00,70.56,80.0,97.96,62.08964038549385,62.784541363905134
2023-12-09 04:00:00+00:00,73.01,87.04,97.83,66.1611795846113,65.35948711696308
2023-12-09 05:00:00+00:00,76.04,99.69,98.93,74.53284210581123,73.35418106829337
2023-12-09 06:00:00+00:00,82.4,107.29,104.88,82.20817408329876,79.41673316157164
2023-12-09 07:00:00+00:00,84.93,112.65,120.34,89.5338398670862,86.42713402909818
2023-12-09 08:00:00+00:00,91.51,118.52,127.99,92.42219468428883,90.65863647242269
2023-12-09 09:00:00+00:00,91.01,118.75,130.75,90.19937171341198,90.35382033107895
2023-12-09 10:00:00+00:00,91.94,118.02,127.22,87.40674886405456,89.2226247988559
2023-12-09 11:00:00+00:00,94.2,116.66,121.58,84.22444278315486,86.68784537526679
2023-12-09 12:00:00+00:00,90.67,111.78,114.58,78.87090137097141,81.421823638116
2023-12-09 13:00:00+00:00,85.63,113.11,118.52,78.0412249684236,82.70748806023504
2023-12-09 14:00:00+00:00,83.5,118.33,123.5,77.85570394087502,88.31849248215993
2023-12-09 15:00:00+00:00,80.08,114.98,129.79,72.84323802949866,90.34895647760332
2023-12-09 16:00:00+00:00,79.04,117.99,144.04,74.1133950100803,99.3051232040858
2023-12-09 17:00:00+00:00,77.43,118.6,144.96,70.10035527571415,102.29469544065299
2023-12-09 18:00:00+00:00,69.45,105.56,129.56,54.92819064312886,92.10472080362112
2023-12-09 19:00:00+00:00,64.46,104.62,122.52,46.5201980084829,90.33487655387867
2023-12-09 20:00:00+00:00,60.41,101.12,114.83,38.21563175637321,86.79017657060575
2023-12-09 21:00:00+00:00,56.84,101.72,109.88,36.02595124479693,87.33618676323084
2023-12-09 22:00:00+00:00,46.18,90.58,106.01,25.8430891549245,77.41823163698487
2023-12-09 23:00:00+00:00,33.69,95.0,108.3,35.69611419666522,88.40957650704276
2023-12-10 00:00:00+00:00,21.51,85.1,102.68,26.930660962621175,77.9619534107846
2023-12-10 01:00:00+00:00,13.21,79.49,99.88,21.911706819410355,70.51491945234748
2023-12-10 02:00:00+00:00,5.99,73.07,98.62,18.447004460778174,62.78806123248195
2023-12-10 03:00:00+00:00,10.0,70.56,94.62,18.3839374331435,58.05940653439016
2023-12-10 04:00:00+00:00,18.09,73.01,91.72,21.56919730251269,57.21812192556854
2023-12-10 05:00:00+00:00,23.97,76.04,88.86,24.31645787569667,56.88773010226644
2023-12-10 06:00:00+00:00,41.85,82.4,92.13,31.883726555442678,60.62538076910287
2023-12-10 07:00:00+00:00,60.86,84.93,97.02,38.429408311888665,63.597517591798756
2023-12-10 08:00:00+00:00,65.78,91.51,100.15,45.348258818002066,70.17671693216262
2023-12-10 09:00:00+00:00,67.35,91.01,104.96,46.24873114920581,70.64766288716598
2023-12-10 10:00:00+00:00,69.68,91.94,105.07,48.25585798525049,72.05252622039605
2023-12-10 11:00:00+00:00,67.2,94.2,102.91,47.985412833153575,72.14699375404436
2023-12-10 12:00:00+00:00,67.1,90.67,100.0,44.75061404903502,67.74493430774064
2023-12-10 13:00:00+00:00,69.67,85.63,105.68,46.15446740597532,65.58543548514814
2023-12-10 14:00:00+00:00,75.84,83.5,115.0,51.47345448661504,67.55538939603639
2023-12-10 15:00:00+00:00,80.3,80.08,122.2,56.36232537352814,70.59790627948277
2023-12-10 17:00:00+00:00,85.42,77.43,129.05,64.45462074019278,81.00888789601858
2023-12-10 18:00:00+00:00,80.76,69.45,126.07,58.43612919591757,76.64456139758714
2023-12-10 19:00:00+00:00,78.05,64.46,112.33,52.37031231628039,72.8063772378064
2023-12-10 20:00:00+00:00,77.14,60.41,100.0,47.385038924481876,69.1171008949402
2023-12-10 21:00:00+00:00,78.02,56.84,99.09,45.47258700046698,68.2889454468858
2023-12-10 22:00:00+00:00,69.16,46.18,89.0,35.34529796425599,58.662802437713125
2023-12-10 23:00:00+00:00,34.44,33.69,93.86,23.162025178488832,59.960623437812934
2023-12-11 00:00:00+00:00,15.5,21.51,89.81,14.464929148132356,50.96973329601992
2023-12-11 01:00:00+00:00,12.72,13.21,88.02,10.264367953932961,45.562261025808645
2023-12-11 02:00:00+00:00,8.62,5.99,85.38,9.3028855914488,41.70136660760485
2023-12-11 03:00:00+00:00,11.82,10.0,85.83,18.504382609679794,47.275455931821476
2023-12-11 04:00:00+00:00,38.04,18.09,92.04,34.45171557606358,57.89228103367078
2023-12-11 05:00:00+00:00,74.59,23.97,104.1,54.150089061679466,71.00509845853787
2023-12-11 06:00:00+00:00,91.36,41.85,118.06,77.83014897869987,90.16793436359468
2023-12-11 07:00:00+00:00,97.98,60.86,123.16,94.94595167306436,105.83258662632896
2023-12-11 08:00:00+00:00,98.33,65.78,126.12,97.18442781026236,109.71601336266842
2023-12-11 09:00:00+00:00,93.36,67.35,128.02,94.60905775774425,109.76016784305526
2023-12-11 10:00:00+00:00,90.68,69.68,130.7,93.53110565811818,110.89503533127004
2023-12-11 11:00:00+00:00,89.31,67.2,126.45,89.45325840007571,107.41203524000848
2023-12-11 12:00:00+00:00,88.03,67.1,131.42,88.8896959115415,105.82530932923274
2023-12-11 13:00:00+00:00,92.51,69.67,126.97,91.54257719503595,104.92925934001644
2023-12-11 14:00:00+00:00,95.92,75.84,124.84,97.83252599549004,107.61613421606384
2023-12-11 15:00:00+00:00,105.51,80.3,122.27,102.46852997901998,110.54379179662666
2023-12-11 17:00:00+00:00,122.64,85.42,124.63,107.74378211213643,117.6287240980212
2023-12-11 18:00:00+00:00,121.35,80.76,120.97,102.59787916055818,112.88823373178067
2023-12-11 19:00:00+00:00,114.03,78.05,114.48,95.75506600682006,107.58165077602834
2023-12-11 20:00:00+00:00,99.24,77.14,105.55,90.46136008290934,103.40717278911501
2023-12-11 21:00:00+00:00,96.48,78.02,100.0,88.04767161398104,101.21301836554329
2023-12-11 22:00:00+00:00,86.82,69.16,91.76,80.13653599009322,91.26649217154853
2023-12-11 23:00:00+00:00,88.05,34.44,90.85,51.607666318129844,54.990520783901125
2023-12-12 00:00:00+00:00,87.06,15.5,88.01,43.147658979871835,40.1172820864328
2023-12-12 01:00:00+00:00,85.62,12.72,85.73,45.16003666348144,36.86699136919973
2023-12-12 02:00:00+00:00,84.42,8.62,83.62,48.4072837059619,33.755637364331704
2023-12-12 03:00:00+00:00,87.01,11.82,84.71,58.03492269507286,37.90313717369667
2023-12-12 04:00:00+00:00,89.03,38.04,91.02,82.22853016900224,59.53583126327076
2023-12-12 05:00:00+00:00,107.41,74.59,108.0,117.68224718394599,92.53470595253603
2023-12-12 06:00:00+00:00,121.09,91.36,114.32,139.39918033907904,110.3790716923229
2023-12-12 07:00:00+00:00,146.33,97.98,122.28,150.38321258161193,118.95277983682942
2023-12-12 08:00:00+00:00,131.94,98.33,122.88,150.794992934246,119.4107023594634
2023-12-12 09:00:00+00:00,129.85,93.36,120.55,146.13504170211564,114.73121237673749
2023-12-12 10:00:00+00:00,122.9,90.68,121.27,144.62519576541305,112.35354292977587
2023-12-12 11:00:00+00:00,124.57,89.31,118.34,142.45792136520788,109.3157429618075
2023-12-12 12:00:00+00:00,127.18,88.03,118.53,140.324622286862,106.57541615898339
2023-12-12 13:00:00+00:00,123.7,92.51,127.26,141.7274603648244,109.06290939358004
2023-12-12 14:00:00+00:00,120.14,95.92,122.59,139.7471867838442,110.25665463007158
2023-12-12 15:00:00+00:00,117.93,105.51,129.24,140.75010456195187,118.4784262771692
2023-12-12 17:00:00+00:00,105.0,122.64,147.47,141.668401662215,135.59298759577698
2023-12-12 18:00:00+00:00,94.22,121.35,141.56,133.7960635356307,133.22520058827897
2023-12-12 19:00:00+00:00,92.15,114.03,128.63,120.17787667715099,124.62000047810358
2023-12-12 20:00:00+00:00,88.14,99.24,117.83,103.3408341512332,111.35357922921037
2023-12-12 21:00:00+00:00,83.37,96.48,111.55,94.10503125068973,106.68718108506589
2023-12-12 22:00:00+00:00,77.5,86.82,103.28,81.79227975518599,96.29132984444053
2023-12-12 23:00:00+00:00,75.36,88.05,94.97,63.42581598518103,80.11476928502798
2023-12-13 00:00:00+00:00,72.96,87.06,93.1,59.20180100890969,76.1580940690689
2023-12-13 01:00:00+00:00,73.7,85.62,92.57,56.60835501493418,73.01744242198247
2023-12-13 02:00:00+00:00,71.43,84.42,90.96,56.051661961696645,70.39405075066153
2023-12-13 03:00:00+00:00,73.02,87.01,90.59,59.719471237684495,71.53145378603293
2023-12-13 04:00:00+00:00,75.45,89.03,93.89,68.41123325870285,76.69693343214574
2023-12-13 05:00:00+00:00,83.1,107.41,106.94,93.23095289873329,98.70884189709336
2023-12-13 06:00:00+00:00,102.41,121.09,133.86,116.3325470999559,117.26074462712013
2023-12-13 07:00:00+00:00,98.83,146.33,167.0,141.5179735338818,141.21836829241195
2023-12-13 08:00:00+00:00,103.73,131.94,166.54,135.33062298834597,131.20058998707086
2023-12-13 09:00:00+00:00,100.3,129.85,150.0,131.92686605333807,126.70169618267387
2023-12-13 10:00:00+00:00,100.0,122.9,146.29,128.00364647874528,120.32946714555655
2023-12-13 11:00:00+00:00,97.66,124.57,146.1,129.09141937644728,119.56555821996113
2023-12-13 12:00:00+00:00,102.7,127.18,141.03,130.437969494286,118.88548322234135
2023-12-13 13:00:00+00:00,104.37,123.7,140.5,128.95554481468355,114.96462292772881
2023-12-13 14:00:00+00:00,109.4,120.14,143.99,127.59706485733328,112.22988096420073
2023-12-13 15:00:00+00:00,106.05,117.93,164.0,128.6864370495363,114.5376092398733
2023-12-13 16:00:00+00:00,110.15,110.88,178.07,126.9411239809259,114.59490516026808
2023-12-13 17:00:00+00:00,105.89,105.0,165.28,119.54882526773349,109.90823098951256
2023-12-13 18:00:00+00:00,102.41,94.22,149.93,107.87274442635359,100.4108269542978
2023-12-13 19:00:00+00:00,96.58,92.15,129.91,97.37880826869913,93.96901806568704
2023-12-13 20:00:00+00:00,90.88,88.14,115.68,88.1305827499107,86.59720958737691
2023-12-13 21:00:00+00:00,92.35,83.37,107.33,81.38886070019316,80.55113483634003
2023-12-13 22:00:00+00:00,84.25,77.5,100.44,74.7428570334099,73.0483287252402
2023-12-13 23:00:00+00:00,77.34,75.36,99.2,67.32022602881032,65.7919063720752
2023-12-14 00:00:00+00:00,76.3,72.96,97.85,66.59308514270123,62.86107686487187
2023-12-14 01:00:00+00:00,77.15,73.7,96.86,69.41514874287581,62.8353857598543
2023-12-14 02:00:00+00:00,77.19,71.43,91.81,71.86448731152062,60.98379562597821
2023-12-14 03:00:00+00:00,79.14,73.02,89.92,78.61350469642255,63.27447018374996
2023-12-14 04:00:00+00:00,82.57,75.45,94.53,89.56087330964917,68.7037367239079
2023-12-14 05:00:00+00:00,98.48,83.1,116.58,110.59707551136144,83.9814580553687
2023-12-14 06:00:00+00:00,119.67,102.41,131.22,133.76142216082476,103.65690148823123
2023-12-14 07:00:00+00:00,130.65,98.83,150.0,140.85109791834438,106.45372494105114
2023-12-14 08:00:00+00:00,124.96,103.73,137.7,142.36450274308197,106.08684130978642
2023-12-14 09:00:00+00:00,126.15,100.3,134.36,139.61907052591965,101.66621052674346
2023-12-14 10:00:00+00:00,127.21,100.0,138.17,140.13874590029175,100.76203590530115
2023-12-14 11:00:00+00:00,119.56,97.66,137.99,138.04553420296708,97.97938434413899
2023-12-14 12:00:00+00:00,123.75,102.7,138.35,139.14128712814374,99.85889462978885
2023-12-14 13:00:00+00:00,124.13,104.37,138.08,137.79174629251602,98.70152024529374
2023-12-14 14:00:00+00:00,130.74,109.4,138.02,138.05115722621667,100.19484842979058
2023-12-14 15:00:00+00:00,128.58,106.05,133.87,134.2391503430036,97.6209568867046
2023-12-14 16:00:00+00:00,127.93,110.15,128.59,135.11956922496458,101.45926296367415
2023-12-14 17:00:00+00:00,126.16,105.89,120.35,128.3385624720229,97.86835510132727
2023-12-14 18:00:00+00:00,114.27,102.41,104.14,119.5628241400459,92.85867944029249
2023-12-14 19:00:00+00:00,102.81,96.58,100.36,108.20268900898589,86.43190662318317
2023-12-14 20:00:00+00:00,96.2,90.88,97.0,97.1226077667283,79.97906764502886
2023-12-14 21:00:00+00:00,94.46,92.35,96.42,90.66916797067209,78.699987281038
2023-12-14 22:00:00+00:00,85.57,84.25,87.08,77.82863355478898,69.25717703797483
2023-12-14 23:00:00+00:00,86.13,77.34,87.09,73.96735090749729,67.73121987997325
2023-12-15 00:00:00+00:00,82.93,76.3,83.26,69.0021705259705,65.19705278417086
2023-12-15 01:00:00+00:00,80.1,77.15,81.43,67.16151885008142,64.87913070526994
2023-12-15 02:00:00+00:00,76.55,77.19,79.52,66.0479571571002,64.31216901335483
2023-12-15 03:00:00+00:00,75.16,79.14,80.0,69.41532067021804,67.0346304375899
2023-12-15 04:00:00+00:00,80.41,82.57,87.04,77.91928252560604,72.95655132392136
2023-12-15 05:00:00+00:00,95.97,98.48,99.69,98.66230694689585,90.91297479454934
2023-12-15 06:00:00+00:00,106.95,119.67,107.29,121.8802865315003,112.30025406258106
2023-12-15 07:00:00+00:00,121.5,130.65,112.65,132.94953525079185,121.8756680364455
2023-12-15 08:00:00+00:00,117.44,124.96,118.52,129.26392173801239,118.08182240620525
2023-12-15 09:00:00+00:00,109.97,126.15,118.75,127.36514326422034,117.19126554776022
2023-12-15 10:00:00+00:00,102.75,127.21,118.02,127.36401520731066,116.68469650546656
2023-12-15 11:00:00+00:00,94.13,119.56,116.66,122.27358002276546,109.67686273872056
2023-12-15 12:00:00+00:00,88.3,123.75,111.78,122.633136415754,110.36037158054324
2023-12-15 13:00:00+00:00,86.9,124.13,113.11,121.5648513156363,109.06436984256314
2023-12-15 14:00:00+00:00,89.86,130.74,118.33,124.86225340417865,113.6351650258895
2023-12-15 15:00:00+00:00,98.13,128.58,114.98,122.5232369598987,112.47382780853121
2023-12-15 16:00:00+00:00,104.33,127.93,117.99,122.22473362275281,115.00983783481054
2023-12-15 17:00:00+00:00,101.76,126.16,118.6,118.14276086510431,114.47078506641833
2023-12-15 18:00:00+00:00,93.18,114.27,105.56,105.0214284716464,104.05925123192092
2023-12-15 19:00:00+00:00,93.36,102.81,104.62,91.27730845860764,93.89107784780578
2023-12-15 20:00:00+00:00,88.36,96.2,101.12,81.05951469106213,86.8182560257754
2023-12-15 21:00:00+00:00,86.77,94.46,101.72,75.00799939443228,84.42865698484904
2023-12-15 22:00:00+00:00,76.71,85.57,90.58,61.436241729431465,74.04712314035757
2023-12-15 23:00:00+00:00,67.2,86.13,95.0,57.54191536129392,71.7035445376691
2023-12-16 00:00:00+00:00,63.21,82.93,85.1,48.9807220253095,65.03587709993232
2023-12-16 01:00:00+00:00,60.37,80.1,79.49,43.186829545133634,59.54262114242964
2023-12-16 02:00:00+00:00,58.0,76.55,73.07,37.88166889032756,53.201144894037036
2023-12-16 03:00:00+00:00,54.1,75.16,70.56,36.002586760306016,49.35651077811323
2023-12-16 04:00:00+00:00,55.64,80.41,73.01,39.29756391072962,50.995298941577964
2023-12-16 05:00:00+00:00,59.34,95.97,76.04,47.565911433417476,59.85372652521746
2023-12-16 06:00:00+00:00,65.1,106.95,82.4,56.895657071181354,68.40495926338254
2023-12-16 07:00:00+00:00,79.89,121.5,84.93,67.46255298697841,79.10760885879631
2023-12-16 08:00:00+00:00,83.66,117.44,91.51,64.81261629726482,76.71970666006625
2023-12-16 09:00:00+00:00,81.64,109.97,91.01,57.895920063704686,71.12732010325993
2023-12-16 10:00:00+00:00,75.81,102.75,91.94,52.99555610926568,66.20886018303676
2023-12-16 11:00:00+00:00,71.4,94.13,94.2,47.827146048502875,59.291722835210905
2023-12-16 12:00:00+00:00,70.59,88.3,90.67,44.80958486551511,54.54846743023435
2023-12-16 13:00:00+00:00,75.25,86.9,85.63,45.886160277882695,53.383888684843555
2023-12-16 14:00:00+00:00,80.35,89.86,83.5,51.13818257709902,57.85994691311882
2023-12-16 15:00:00+00:00,83.71,98.13,80.08,57.60015040219152,66.98965101826934
2023-12-16 16:00:00+00:00,87.58,104.33,79.04,62.417382981157644,76.34287629351331
2023-12-16 17:00:00+00:00,88.12,101.76,77.43,59.14471103184319,77.77016292735128
2023-12-16 18:00:00+00:00,81.94,93.18,69.45,50.42423090329514,72.67980963273723
2023-12-16 19:00:00+00:00,74.91,93.36,64.46,44.25679779435046,71.76713191605556
2023-12-16 20:00:00+00:00,63.34,88.36,60.41,36.886342112352374,67.77024600832587
2023-12-16 21:00:00+00:00,62.41,86.77,56.84,33.97552361467115,67.10876734404692
2023-12-16 22:00:00+00:00,53.12,76.71,46.18,23.129877238717768,57.40697357294636
2023-12-16 23:00:00+00:00,45.34,67.2,33.69,21.531151826872033,56.63046770905848
2023-12-17 00:00:00+00:00,42.8,63.21,21.51,14.926663433623432,49.83700314472844
2023-12-17 01:00:00+00:00,42.96,60.37,13.21,11.298945094472415,44.208087441095756
2023-12-17 02:00:00+00:00,28.69,58.0,5.99,8.706007993968882,38.85443653683023
2023-12-17 03:00:00+00:00,26.37,54.1,10.0,8.115419515723346,34.41006766226059
2023-12-17 04:00:00+00:00,29.87,55.64,18.09,11.17303968573475,34.19068414178879
2023-12-17 05:00:00+00:00,39.03,59.34,23.97,14.28880377924537,34.88426978013477
2023-12-17 06:00:00+00:00,45.31,65.1,41.85,23.61760237012237,40.26202576598158
2023-12-17 07:00:00+00:00,57.67,79.89,60.86,36.91548201427325,53.07281887268443
2023-12-17 08:00:00+00:00,59.17,83.66,65.78,39.970936040757415,57.075366811204205
2023-12-17 09:00:00+00:00,54.43,81.64,67.35,36.058717981665396,55.33313418750493
2023-12-17 10:00:00+00:00,49.0,75.81,69.68,31.695641144971404,52.02507209909042
2023-12-17 11:00:00+00:00,43.71,71.4,67.2,27.692304032018853,48.14848928336511
2023-12-17 12:00:00+00:00,40.04,70.59,67.1,26.187357063483006,45.73955071814731
2023-12-17 13:00:00+00:00,45.85,75.25,69.67,33.07696369818515,49.423521302995674
2023-12-17 14:00:00+00:00,56.74,80.35,75.84,42.892082306214334,55.60939942011731
2023-12-17 15:00:00+00:00,62.99,83.71,80.3,49.12151238505161,62.80237571842511
2023-12-17 17:00:00+00:00,73.68,88.12,85.42,52.7625237467659,75.82904821261641
2023-12-17 18:00:00+00:00,70.67,81.94,80.76,45.54124314885776,73.15606539712233
2023-12-17 19:00:00+00:00,59.79,74.91,78.05,37.56542616356837,69.83216193806658
2023-12-17 20:00:00+00:00,58.95,63.34,77.14,27.856944743548695,62.970583461585974
2023-12-17 21:00:00+00:00,59.73,62.41,78.02,26.71656726322942,64.26280712771921
2023-12-17 22:00:00+00:00,47.81,53.12,69.16,16.99868849693324,55.53715040487688
2023-12-17 23:00:00+00:00,52.9,45.34,34.44,15.384565504314693,55.2659804890015
2023-12-18 00:00:00+00:00,51.16,42.8,15.5,10.349429660196293,50.3787271278327
2023-12-18 01:00:00+00:00,49.81,42.96,12.72,10.418909538450208,49.61438992823947
2023-12-18 02:00:00+00:00,49.03,28.69,8.62,5.5468654860125355,40.34453638991577
2023-12-18 03:00:00+00:00,52.47,26.37,11.82,10.31097225321551,41.13875818852183
2023-12-18 04:00:00+00:00,62.14,29.87,38.04,24.16954531181682,50.66654117169988
2023-12-18 05:00:00+00:00,83.81,39.03,74.59,45.87223079801532,67.61921541106892
2023-12-18 06:00:00+00:00,103.38,45.31,91.36,62.61260334270741,78.49409263014726
2023-12-18 07:00:00+00:00,109.24,57.67,97.98,76.17325279065838,90.70494014090889
2023-12-18 08:00:00+00:00,101.46,59.17,98.33,72.81257786071183,91.412295814068
2023-12-18 09:00:00+00:00,89.03,54.43,93.36,64.46983454546034,86.53366829336524
2023-12-18 10:00:00+00:00,81.17,49.0,90.68,59.724457443930824,82.0014894721439
2023-12-18 11:00:00+00:00,74.89,43.71,89.31,56.91416014389193,76.95984954241229
2023-12-18 12:00:00+00:00,74.9,40.04,88.03,56.56464135310119,72.68314078196445
2023-12-18 13:00:00+00:00,81.1,45.85,92.51,64.40470611385572,76.03816769589137
2023-12-18 14:00:00+00:00,89.11,56.74,95.92,74.86311552632309,82.86740938879998
2023-12-18 15:00:00+00:00,95.2,62.99,105.51,79.81121592004772,89.14691844347499
2023-12-18 16:00:00+00:00,104.22,76.61,117.99,85.87567616415488,102.55778668000211
2023-12-18 17:00:00+00:00,103.01,73.68,122.64,78.26200062669828,101.54923770331224
2023-12-18 18:00:00+00:00,96.18,70.67,121.35,69.52453428670393,99.02682210692323
2023-12-18 19:00:00+00:00,77.98,59.79,114.03,53.23102617537266,88.18598110250366
2023-12-18 20:00:00+00:00,71.09,58.95,99.24,42.62597096198103,82.80194318418323
2023-12-18 21:00:00+00:00,62.98,59.73,96.48,37.34690201895853,81.40141941823339
2023-12-18 22:00:00+00:00,55.12,47.81,86.82,23.70517778414721,69.47339597291489
2023-12-18 23:00:00+00:00,47.29,52.9,88.05,16.601830165417837,61.63728928843336
2023-12-19 00:00:00+00:00,46.49,51.16,87.06,14.857224715308575,59.202399464902136
2023-12-19 01:00:00+00:00,45.06,49.81,85.62,14.831756088022857,57.24551586370638
2023-12-19 02:00:00+00:00,55.72,49.03,84.42,16.40018182960216,55.328400933216564
2023-12-19 03:00:00+00:00,58.95,52.47,87.01,24.471365029958434,58.62239716457551
2023-12-19 04:00:00+00:00,65.01,62.14,89.03,39.74548195900194,68.35650822600277
2023-12-19 05:00:00+00:00,79.69,83.81,107.41,67.51440751582872,91.39525955504651
2023-12-19 06:00:00+00:00,93.67,103.38,121.09,92.2857665564413,111.30870207088859
2023-12-19 07:00:00+00:00,100.1,109.24,146.33,105.26250277647253,121.62549170556161
2023-12-19 08:00:00+00:00,94.28,101.46,131.94,97.03706404637111,114.3244360707722
2023-12-19 09:00:00+00:00,86.1,89.03,129.85,84.9808040629647,104.05882712179823
2023-12-19 10:00:00+00:00,79.71,81.17,122.9,76.36777085931844,97.11275572844558
2023-12-19 11:00:00+00:00,76.5,74.89,124.57,70.186749448078,91.52369827345721
2023-12-19 12:00:00+00:00,74.73,74.9,127.18,68.91827653381407,89.67882006296585
2023-12-19 13:00:00+00:00,80.66,81.1,123.7,72.3605197582762,91.67737264630631
2023-12-19 14:00:00+00:00,84.42,89.11,120.14,78.03646361767395,95.85293345347766
2023-12-19 15:00:00+00:00,88.21,95.2,117.93,83.08205108589706,100.7510891962436
2023-12-19 16:00:00+00:00,91.81,104.22,110.88,89.90766902454928,109.46613171099995
2023-12-19 17:00:00+00:00,91.74,103.01,105.0,87.57514330679513,108.48118741022289
2023-12-19 18:00:00+00:00,90.8,96.18,94.22,80.0310754806063,102.24397456958708
2023-12-19 19:00:00+00:00,85.02,77.98,92.15,63.48239617373832,86.42245099231275
2023-12-19 20:00:00+00:00,79.48,71.09,88.14,53.95741750889878,78.91034611090346
2023-12-19 21:00:00+00:00,75.68,62.98,83.37,44.77304277074602,71.16161325513774
2023-12-19 22:00:00+00:00,59.83,55.12,77.5,34.27834464534412,62.00827630162413
2023-12-19 23:00:00+00:00,57.85,47.29,75.36,10.974039343435422,40.1664008978777
2023-12-20 00:00:00+00:00,50.48,46.49,72.96,6.884074546268295,38.016396088405735
2023-12-20 01:00:00+00:00,48.0,45.06,73.7,3.494195352570003,36.498416770495055
2023-12-20 02:00:00+00:00,39.98,55.72,71.43,7.110026861473031,43.299976252039066
2023-12-20 03:00:00+00:00,31.51,58.95,73.02,10.402274876607251,47.27138349167934
2023-12-20 04:00:00+00:00,40.02,65.01,75.45,18.993420606977878,55.55573734135353
2023-12-20 05:00:00+00:00,46.72,79.69,83.1,36.35963852508638,73.76503030059911
2023-12-20 06:00:00+00:00,67.96,93.67,102.41,56.7240912124856,93.64682566463442
2023-12-20 07:00:00+00:00,72.93,100.1,98.83,61.36762586859616,99.57265568388254
2023-12-20 08:00:00+00:00,70.54,94.28,103.73,54.8069059118402,95.15609718084261
2023-12-20 09:00:00+00:00,67.93,86.1,100.3,45.08575205096192,87.21805014553763
2023-12-20 10:00:00+00:00,62.36,79.71,100.0,39.63995282453694,82.06607399360716
2023-12-20 11:00:00+00:00,62.0,76.5,97.66,36.29504247392501,78.03799671661041
2023-12-20 12:00:00+00:00,60.59,74.73,102.7,36.29637511751396,75.96004880878976
2023-12-20 13:00:00+00:00,66.8,80.66,104.37,42.38277475443051,78.8958413906128
2023-12-20 14:00:00+00:00,69.98,84.42,109.4,48.233122783030964,81.18960084557436
2023-12-20 15:00:00+00:00,73.49,88.21,106.05,52.86692654996187,84.29575745120817
2023-12-20 16:00:00+00:00,80.24,91.81,110.15,57.81490435387987,90.19007697389289
2023-12-20 17:00:00+00:00,81.83,91.74,105.89,57.29330618498446,90.43763384933776
2023-12-20 18:00:00+00:00,81.84,90.8,102.41,54.80725980742972,89.017780659897
2023-12-20 19:00:00+00:00,77.99,85.02,96.58,43.98799184765755,80.78072163004987
2023-12-20 20:00:00+00:00,66.78,79.48,90.88,33.01203767559667,73.48939953459518
2023-12-20 21:00:00+00:00,61.42,75.68,92.35,25.48802675832239,68.87787300039454
2023-12-20 22:00:00+00:00,48.88,59.83,84.25,9.63151102329985,54.548110111667434
2023-12-20 23:00:00+00:00,30.16,57.85,77.34,-12.20670197604099,39.47051436529785
2023-12-21 00:00:00+00:00,25.08,50.48,76.3,-20.377012502193878,32.37977627896683
2023-12-21 01:00:00+00:00,20.9,48.0,77.15,-23.96891639352748,29.60856035317009
2023-12-21 02:00:00+00:00,3.48,39.98,77.19,-27.629856920847402,25.522765750757216
2023-12-21 03:00:00+00:00,0.07,31.51,79.14,-28.09843667765881,23.146503406287863
2023-12-21 04:00:00+00:00,0.33,40.02,82.57,-17.087919731915136,33.4491292592878
2023-12-21 05:00:00+00:00,23.85,46.72,98.48,-4.003260252575146,46.41438133453838
2023-12-21 06:00:00+00:00,45.12,67.96,119.67,16.131739934955064,68.35115000607942
2023-12-21 07:00:00+00:00,48.96,72.93,130.65,22.215145170488597,75.1868192938447
2023-12-21 08:00:00+00:00,37.24,70.54,124.96,19.343489494705764,71.93988211273852
2023-12-21 09:00:00+00:00,34.29,67.93,126.15,17.303748918408232,68.4706825273428
2023-12-21 10:00:00+00:00,26.05,62.36,127.21,14.153691402049944,63.450828922218015
2023-12-21 11:00:00+00:00,23.51,62.0,119.56,11.080305399301508,60.20499913068455
2023-12-21 12:00:00+00:00,11.56,60.59,123.75,8.424714649546672,57.9256607305902
2023-12-21 13:00:00+00:00,10.53,66.8,124.13,9.46870651855238,60.435579934312905
2023-12-21 14:00:00+00:00,16.8,69.98,130.74,10.674019918079836,62.584431618036696
2023-12-21 15:00:00+00:00,16.95,73.49,128.58,12.603830021422127,65.89537469455786
2023-12-21 16:00:00+00:00,35.08,80.24,127.93,17.371002766213977,73.12514430261203
2023-12-21 17:00:00+00:00,39.34,81.83,126.16,16.718599818530947,75.22162318312262
2023-12-21 18:00:00+00:00,48.49,81.84,114.27,11.97698122650921,73.78426625220902
2023-12-21 19:00:00+00:00,40.97,77.99,102.81,1.34565358672792,66.86519563847301
2023-12-21 20:00:00+00:00,33.15,66.78,96.2,-12.062100896941871,55.85645597968095
2023-12-21 21:00:00+00:00,28.77,61.42,94.46,-18.42177469849065,50.99993513824153
2023-12-21 22:00:00+00:00,6.05,48.88,85.57,-31.465264873671373,38.74185901378328
2023-12-21 23:00:00+00:00,0.01,30.16,86.13,-33.445152320229795,34.33827860370849
2023-12-22 00:00:00+00:00,-0.1,25.08,82.93,-36.962605059570166,29.29920160982502
2023-12-22 01:00:00+00:00,-0.07,20.9,80.1,-39.86254533319757,25.5255729788652
2023-12-22 02:00:00+00:00,-0.18,3.48,76.55,-46.904012590401436,14.118803827163006
2023-12-22 03:00:00+00:00,-0.25,0.07,75.16,-44.26076740709158,13.362802767246095
2023-12-22 04:00:00+00:00,-0.08,0.33,80.41,-36.459280488556004,17.767342462508395
2023-12-22 05:00:00+00:00,0.81,23.85,95.97,-14.805870991317207,40.674957995347704
2023-12-22 06:00:00+00:00,31.68,45.12,106.95,7.739230998770495,61.611624616507974
2023-12-22 07:00:00+00:00,39.73,48.96,121.5,17.43432831130734,67.56521119388675
2023-12-22 08:00:00+00:00,35.64,37.24,117.44,12.122938408391704,58.723315684458974
2023-12-22 09:00:00+00:00,26.45,34.29,109.97,8.092898167847054,54.34014023805421
2023-12-22 10:00:00+00:00,26.23,26.05,102.75,1.2768322343833916,46.409146229467275
2023-12-22 11:00:00+00:00,26.73,23.51,94.13,-2.351127701850203,41.868089986836004
2023-12-22 12:00:00+00:00,25.3,11.56,88.3,-9.088462863244288,31.300071675270928
2023-12-22 13:00:00+00:00,28.86,10.53,86.9,-7.160266926592996,29.419943503748897
2023-12-22 14:00:00+00:00,34.17,16.8,89.86,-0.1367910797677041,33.50522759831446
2023-12-22 15:00:00+00:00,42.41,16.95,98.13,3.3162825174400865,35.48972388947165
2023-12-22 16:00:00+00:00,42.95,35.08,104.33,15.756896362667149,51.07605847970357
2023-12-22 17:00:00+00:00,50.36,39.34,101.76,17.120368800587812,55.00162487359409
2023-12-22 18:00:00+00:00,40.49,48.49,93.18,15.519616954419007,59.26388520916739
2023-12-22 19:00:00+00:00,24.66,40.97,93.36,2.2701368046670183,51.46769377646212
2023-12-22 20:00:00+00:00,25.53,33.15,88.36,-11.605942604836372,42.251002649472746
2023-12-22 21:00:00+00:00,30.41,28.77,86.77,-20.053210029818928,37.47936910002692
2023-12-22 22:00:00+00:00,12.0,6.05,76.71,-40.10145643296792,18.53686793618546
2023-12-22 23:00:00+00:00,0.04,0.01,67.2,-50.254419626790536,9.982673569184996
2023-12-23 00:00:00+00:00,-0.01,-0.1,63.21,-52.94307301070759,5.972019633357263
2023-12-23 02:00:00+00:00,-0.02,-0.18,58.0,-55.43162658015831,-2.4560248439693595
2023-12-23 03:00:00+00:00,-0.01,-0.25,54.1,-53.54873437756038,-5.496742991969981
2023-12-23 04:00:00+00:00,0.0,-0.08,55.64,-49.54991737112067,-7.380920803745184
2023-12-23 05:00:00+00:00,0.1,0.81,59.34,-45.20283714099125,-8.185205549358514
2023-12-23 06:00:00+00:00,7.43,31.68,65.1,-21.074356996057958,12.94794254747616
2023-12-23 07:00:00+00:00,20.0,39.73,79.89,-7.2482847440021345,20.574616704583363
2023-12-23 08:00:00+00:00,42.08,35.64,83.66,-2.6587268017524366,17.928458697172474
2023-12-23 09:00:00+00:00,41.64,26.45,81.64,-4.277160987158837,10.818658513563904
2023-12-23 10:00:00+00:00,45.9,26.23,75.81,-3.5181841774708857,8.79278779917857
2023-12-23 11:00:00+00:00,47.36,26.73,71.4,-2.9190236372522236,7.69826378629628
2023-12-23 12:00:00+00:00,49.81,25.3,70.59,-3.7634025578994823,5.007146219229611
2023-12-23 13:00:00+00:00,52.3,28.86,75.25,0.9170971646384203,8.06322765303041
2023-12-23 14:00:00+00:00,53.77,34.17,80.35,8.07782146563892,14.343739975764606
2023-12-23 15:00:00+00:00,58.05,42.41,83.71,17.312630526066144,23.945758589431136
2023-12-23 16:00:00+00:00,68.12,42.95,87.58,23.19008531818605,31.139718146455806
2023-12-23 17:00:00+00:00,66.45,50.36,88.12,28.66750318306471,40.68907244158921
2023-12-23 18:00:00+00:00,61.55,40.49,81.94,21.069707309582597,37.00014112903588
2023-12-23 19:00:00+00:00,53.7,24.66,74.91,4.381357672622215,25.483163685481102
2023-12-23 20:00:00+00:00,41.56,25.53,63.34,-3.731546997890163,24.094242512733928
2023-12-23 21:00:00+00:00,20.29,30.41,62.41,-4.913659528217565,28.07368541302405
2023-12-23 22:00:00+00:00,7.74,12.0,53.12,-23.581326372327837,11.926598776923598
2023-12-23 23:00:00+00:00,0.0,0.04,45.34,-28.44025779025307,7.28770316048751
2023-12-24 00:00:00+00:00,-0.03,-0.01,42.8,-31.364789637767643,3.6592083437959957
2023-12-24 02:00:00+00:00,-0.97,-0.02,28.69,-44.0473083299546,-5.2436326145485594
2023-12-24 03:00:00+00:00,-3.74,-0.01,26.37,-48.17522461317583,-8.37673931842798
2023-12-24 04:00:00+00:00,-4.97,0.0,29.87,-50.339100366669214,-10.927371284088181
2023-12-24 05:00:00+00:00,-4.22,0.1,39.03,-53.354412130713825,-14.18068772887031
2023-12-24 06:00:00+00:00,-2.91,7.43,45.31,-46.087771081073555,-7.5455663138843505
2023-12-24 07:00:00+00:00,-2.93,20.0,57.67,-35.21773678675689,3.066441905610091
2023-12-24 08:00:00+00:00,-3.13,42.08,59.17,-20.922289013870852,19.185246595028516
2023-12-24 09:00:00+00:00,-5.15,41.64,54.43,-22.53401973407763,17.544834198602004
2023-12-24 10:00:00+00:00,-3.57,45.9,49.0,-20.03207096568032,20.616819341326348
2023-12-24 11:00:00+00:00,-2.95,47.36,43.71,-19.825243832739346,20.92726590591299
2023-12-24 12:00:00+00:00,-3.77,49.81,40.04,-20.494445361391442,21.07612946775592
2023-12-24 13:00:00+00:00,-2.19,52.3,45.85,-18.743835641908674,23.995938538080637
2023-12-24 14:00:00+00:00,-2.26,53.77,56.74,-16.90473805216675,27.73182163612711
2023-12-24 15:00:00+00:00,-2.05,58.05,62.99,-12.024435685242352,35.686281115678625
2023-12-24 16:00:00+00:00,-2.36,68.12,76.61,-0.1479994784104406,51.12580898233976
2023-12-24 17:00:00+00:00,-5.58,66.45,73.68,1.1671868223249646,55.58996556288094
2023-12-24 18:00:00+00:00,-9.07,61.55,70.67,-3.7762558074984867,53.84623192157903
2023-12-24 19:00:00+00:00,-6.49,53.7,59.79,-12.907064137098772,47.202992956014555
2023-12-24 20:00:00+00:00,-3.18,41.56,58.95,-21.9657640291216,39.8703873833806
2023-12-24 21:00:00+00:00,-3.0,20.29,59.73,-33.650126934830126,26.50290818548551
2023-12-24 22:00:00+00:00,-6.09,7.74,47.81,-44.495464554004286,14.95600672329536
2023-12-24 23:00:00+00:00,-3.98,0.0,52.9,-45.605088738083055,16.537965878671628
2023-12-25 00:00:00+00:00,-10.12,-0.03,51.16,-47.56621417049146,14.818290462251355
2023-12-25 02:00:00+00:00,-12.49,-0.97,49.03,-48.667590131905115,12.500389239262418
2023-12-25 03:00:00+00:00,-13.37,-3.74,52.47,-47.39347191576053,10.897453301984783
2023-12-25 04:00:00+00:00,-10.14,-4.97,62.14,-42.82812876303464,11.597217451376522
2023-12-25 05:00:00+00:00,-7.6,-4.22,83.81,-38.6839151914219,13.185770054363346
2023-12-25 06:00:00+00:00,-5.48,-2.91,103.38,-29.927233448830975,17.330488625925668
2023-12-25 07:00:00+00:00,-0.11,-2.93,109.24,-21.531821356189695,20.66066525452466
2023-12-25 08:00:00+00:00,-0.97,-3.13,101.46,-14.980270279895109,23.961573436277362
2023-12-25 10:00:00+00:00,-0.08,-3.57,81.17,-10.851544503147068,23.432698142003076
2023-12-25 11:00:00+00:00,-0.02,-2.95,74.89,-9.73697676443004,21.974528885179254
2023-12-25 12:00:00+00:00,0.0,-3.77,74.9,-13.005477294070644,19.05365497904907
2023-12-25 13:00:00+00:00,0.01,-2.19,81.1,-6.8631553452300835,19.78534083137245
2023-12-25 14:00:00+00:00,2.48,-2.26,89.11,-2.0232534163936577,19.379148143354485
2023-12-25 15:00:00+00:00,11.9,-2.05,95.2,2.800812195103873,22.088410984002863
2023-12-25 16:00:00+00:00,20.02,-2.36,104.22,5.965803414649727,26.830012928868783
2023-12-25 17:00:00+00:00,18.68,-5.58,103.01,2.016899538297068,26.31175381615418
2023-12-25 18:00:00+00:00,14.31,-9.07,96.18,-7.031747466340036,22.92345845134878
2023-12-25 19:00:00+00:00,9.92,-6.49,77.98,-17.23050887966069,20.80122625390736
2023-12-25 20:00:00+00:00,3.51,-3.18,71.09,-25.31819288583256,20.249665811753303
2023-12-25 21:00:00+00:00,5.0,-3.0,62.98,-32.360777713109115,18.080854834890303
2023-12-25 22:00:00+00:00,0.08,-6.09,55.12,-42.073867466940015,13.123878472442613
2023-12-25 23:00:00+00:00,0.0,-3.98,47.29,-48.667963079394355,3.378046100908648
2023-12-26 00:00:00+00:00,-0.02,-10.12,46.49,-52.93038002356511,-2.1723665240821646
2023-12-26 01:00:00+00:00,-0.11,-10.81,45.06,-56.31992757184216,-3.403868431010096
2023-12-26 02:00:00+00:00,-2.67,-12.49,55.72,-58.286424117135425,-3.7753632298133795
2023-12-26 03:00:00+00:00,-3.69,-13.37,58.95,-59.91672884456838,-4.734195054704827
2023-12-26 04:00:00+00:00,-1.85,-10.14,65.01,-56.7535673908624,-2.0318190593677485
2023-12-26 05:00:00+00:00,-1.34,-7.6,79.69,-53.87406592933408,0.12406582251310283
2023-12-26 06:00:00+00:00,-0.92,-5.48,93.67,-47.1881263165877,3.5977874102864718
2023-12-26 07:00:00+00:00,-1.05,-0.11,100.1,-38.38748957058431,9.846469591401657
2023-12-26 08:00:00+00:00,-0.08,-0.97,94.28,-35.956291914408894,11.149006342509523
2023-12-26 10:00:00+00:00,-0.05,-0.08,79.71,-37.72482112680629,10.434823880204434
2023-12-26 11:00:00+00:00,-0.04,-0.02,76.5,-39.42983181813116,8.174410564840528
2023-12-26 12:00:00+00:00,0.0,0.0,74.73,-43.13735481852032,5.201974558746613
2023-12-26 13:00:00+00:00,0.56,0.01,80.66,-38.21795313707361,4.921533201109185
2023-12-26 14:00:00+00:00,10.03,2.48,84.42,-31.164473424122093,6.150882052765539
2023-12-26 15:00:00+00:00,47.34,11.9,88.21,-19.93111098372661,14.450320825747468
2023-12-26 16:00:00+00:00,52.99,20.02,91.81,-10.397936450743458,24.010414037403635
2023-12-26 17:00:00+00:00,53.66,18.68,91.74,-8.62540448325231,25.520061081500145
2023-12-26 18:00:00+00:00,53.05,14.31,90.8,-10.922466371695066,22.95361516279523
2023-12-26 19:00:00+00:00,49.32,9.92,85.02,-14.852058055011128,18.922348901713193
2023-12-26 20:00:00+00:00,43.95,3.51,79.48,-18.13386567195174,13.951999457557164
2023-12-26 21:00:00+00:00,46.63,5.0,75.68,-12.081103665818276,17.05451194435618
2023-12-26 22:00:00+00:00,53.28,0.08,59.83,-14.229994751397257,11.24163175559957
2023-12-26 23:00:00+00:00,41.35,0.0,57.85,-23.459814010792698,-0.7377700804491525
2023-12-27 00:00:00+00:00,52.07,-0.02,50.48,-20.20086100424409,-2.4370060830266738
2023-12-27 01:00:00+00:00,57.63,-0.11,48.0,-15.951926963557938,-3.6124430174387783
2023-12-27 02:00:00+00:00,51.65,-2.67,39.98,-12.852611828497388,-6.948849711745623
2023-12-27 03:00:00+00:00,49.77,-3.69,31.51,-5.519087290352701,-6.895746517046106
2023-12-27 04:00:00+00:00,55.98,-1.85,40.02,6.70580760828453,-1.5878758168487366
2023-12-27 05:00:00+00:00,65.06,-1.34,46.72,20.158590385640707,4.267740935491062
2023-12-27 06:00:00+00:00,77.44,-0.92,67.96,33.122560887993274,10.747719451123615
2023-12-27 07:00:00+00:00,82.73,-1.05,72.93,37.84610433960683,12.88711208666821
2023-12-27 08:00:00+00:00,80.56,-0.08,70.54,33.02352981808174,12.196831467479882
2023-12-27 10:00:00+00:00,74.71,-0.05,62.36,19.953869813405348,9.022910493511333
2023-12-27 11:00:00+00:00,73.79,-0.04,62.0,16.345847077756787,7.455294238660656
2023-12-27 12:00:00+00:00,71.88,0.0,60.59,14.167023807484,5.559219378626423
2023-12-27 13:00:00+00:00,73.64,0.56,66.8,15.16718942345392,5.204804575204889
2023-12-27 14:00:00+00:00,79.95,10.03,69.98,19.9263357989026,11.304618731930432
2023-12-27 15:00:00+00:00,79.77,47.34,73.49,37.52371798436271,39.056236932523255
2023-12-27 16:00:00+00:00,80.32,52.99,80.24,36.35734753114049,47.365286877345916
2023-12-27 17:00:00+00:00,74.35,53.66,81.83,30.374791112832312,50.399485930190075
2023-12-27 18:00:00+00:00,64.85,53.05,81.84,21.274792256737697,50.44987276106115
2023-12-27 19:00:00+00:00,54.73,49.32,77.99,8.027924405607394,45.87017412325577
2023-12-27 20:00:00+00:00,24.74,43.95,66.78,-7.096709194086557,38.44554899832114
2023-12-27 21:00:00+00:00,16.99,46.63,61.42,-13.868303552549861,38.49120767285077
2023-12-27 22:00:00+00:00,0.01,53.28,48.88,-19.83028846374762,39.1209866987919
2023-12-27 23:00:00+00:00,-0.02,41.35,30.16,-29.098920953485475,24.531924140369185
2023-12-28 00:00:00+00:00,-0.78,52.07,25.08,-26.221132764032063,30.51355005521191
2023-12-28 01:00:00+00:00,-1.43,57.63,20.9,-24.641755595764366,33.018027196918865
2023-12-28 02:00:00+00:00,-1.39,51.65,3.48,-28.980116202635145,26.286843057461127
2023-12-28 03:00:00+00:00,-1.42,49.77,0.07,-25.151665613632744,26.17217040348143
2023-12-28 04:00:00+00:00,-0.27,55.98,0.33,-13.856171947076191,33.2405005618253
2023-12-28 05:00:00+00:00,0.02,65.06,23.85,-1.2468991681499233,46.3133082684383
2023-12-28 06:00:00+00:00,16.06,77.44,45.12,16.905141885762546,60.58677721253688
2023-12-28 07:00:00+00:00,38.2,82.73,48.96,24.7126250010934,65.6264769440682
2023-12-28 08:00:00+00:00,38.75,80.56,37.24,19.173253031201753,61.38167981422995
2023-12-28 09:00:00+00:00,29.27,75.19,34.29,11.278540257567826,55.72163012112437
2023-12-28 10:00:00+00:00,13.95,74.71,26.05,7.235199412813074,53.00422914897705
2023-12-28 11:00:00+00:00,9.27,73.79,23.51,4.9929627435235915,50.1679117701101
2023-12-28 12:00:00+00:00,5.76,71.88,11.56,2.0256844847479982,44.77168294965542
2023-12-28 13:00:00+00:00,14.38,73.64,10.53,4.454470084926513,43.287096005369825
2023-12-28 14:00:00+00:00,15.66,79.95,16.8,11.299761338047162,47.22581655477915
2023-12-28 15:00:00+00:00,40.34,79.77,16.95,13.50419254856213,50.11679029047436
2023-12-28 16:00:00+00:00,46.83,80.32,35.08,15.157216919465768,55.17776484581011
2023-12-28 17:00:00+00:00,45.9,74.35,39.34,10.457496880584927,53.57214308030522
2023-12-28 18:00:00+00:00,38.55,64.85,48.49,1.5440384494233683,48.34882017679981
2023-12-28 19:00:00+00:00,19.98,54.73,40.97,-13.019933214486272,38.52487935598764
2023-12-28 20:00:00+00:00,13.75,24.74,33.15,-36.37395926567913,15.285094107664307
2023-12-28 21:00:00+00:00,17.72,16.99,28.77,-43.86322462194826,9.42818873981848
2023-12-28 22:00:00+00:00,1.0,0.01,6.05,-59.01916076694462,-4.795712348671813
2023-12-28 23:00:00+00:00,0.0,-0.02,0.01,-60.89492903675591,-3.0243400652536394
2023-12-29 00:00:00+00:00,-0.08,-0.78,-0.1,-57.19043087261301,-3.02471900531269
2023-12-29 01:00:00+00:00,-0.28,-1.43,-0.07,-57.71450277963123,-3.123056015108702
2023-12-29 02:00:00+00:00,-0.93,-1.39,-0.18,-55.49715708568945,-2.158040663972571
2023-12-29 03:00:00+00:00,-0.95,-1.42,-0.25,-51.21046234198667,-0.11249069393291222
2023-12-29 04:00:00+00:00,-0.26,-0.27,-0.08,-44.3079310955774,3.9561541530226663
2023-12-29 05:00:00+00:00,-0.07,0.02,0.81,-36.07854303702925,9.17340196037587
2023-12-29 06:00:00+00:00,-0.01,16.06,31.68,-14.833772472671598,28.150735040884086
2023-12-29 07:00:00+00:00,4.44,38.2,39.73,-1.2871946336972684,45.49533938397828
2023-12-29 08:00:00+00:00,1.09,38.75,35.64,-6.151411099741011,44.25929481074774
2023-12-29 09:00:00+00:00,0.05,29.27,26.45,-16.401789789169968,34.93135378763901
2023-12-29 10:00:00+00:00,-0.01,13.95,26.23,-27.41502949824458,23.52434062322044
2023-12-29 11:00:00+00:00,0.6,9.27,26.73,-31.45928651828902,18.926308672878278
2023-12-29 12:00:00+00:00,0.99,5.76,25.3,-33.21226212327201,14.28635982188787
2023-12-29 13:00:00+00:00,2.23,14.38,28.86,-24.86420178024038,19.24383041330593
2023-12-29 14:00:00+00:00,9.99,15.66,34.17,-19.507735868353876,20.29713233825825
2023-12-29 15:00:00+00:00,10.02,40.34,42.41,-3.6791935750124907,37.90476263657495
2023-12-29 16:00:00+00:00,25.12,46.83,42.95,1.2358540253458727,44.30824397443859
2023-12-29 17:00:00+00:00,26.59,45.9,50.36,0.8370126908375539,45.554755770291045
2023-12-29 18:00:00+00:00,17.17,38.55,40.49,-8.825636661915468,38.12273397121498
2023-12-29 19:00:00+00:00,10.1,19.98,24.66,-27.661742204405755,21.060450222804732
2023-12-29 20:00:00+00:00,5.04,13.75,25.53,-37.89425947848147,12.871661332557807
2023-12-29 21:00:00+00:00,22.9,17.72,30.41,-38.38206461752023,14.866811296367615
2023-12-29 22:00:00+00:00,18.89,1.0,12.0,-54.25411226750023,-1.3350835776422514
2023-12-29 23:00:00+00:00,5.89,0.0,0.04,-53.25177260852024,-4.159803548033082
2023-12-30 00:00:00+00:00,2.77,-0.08,-0.01,-58.28902119527581,-7.466326922433154
2023-12-30 02:00:00+00:00,5.6,-0.93,-0.02,-66.06413867974365,-14.782293145876636
2023-12-30 03:00:00+00:00,5.74,-0.95,-0.01,-65.2036580458753,-16.475689979906846
2023-12-30 04:00:00+00:00,7.51,-0.26,0.0,-62.89645169108849,-18.605290112973066
2023-12-30 05:00:00+00:00,5.77,-0.07,0.1,-61.830563277541955,-22.61315213488686
2023-12-30 06:00:00+00:00,20.86,-0.01,7.43,-54.95285735145055,-22.308151979277483
2023-12-30 07:00:00+00:00,27.53,4.44,20.0,-44.61287423866145,-16.053658757450393
2023-12-30 08:00:00+00:00,27.92,1.09,42.08,-42.98109836359032,-15.233563625842862
2023-12-30 09:00:00+00:00,23.91,0.05,41.64,-45.63010042760783,-16.410523949111237
2023-12-30 10:00:00+00:00,19.89,-0.01,45.9,-47.52757712916815,-17.220029818646964
2023-12-30 11:00:00+00:00,20.02,0.6,47.36,-46.35619602529525,-17.13144258185794
2023-12-30 12:00:00+00:00,23.84,0.99,49.81,-42.61670163215547,-18.00928727438614
2023-12-30 13:00:00+00:00,42.04,2.23,52.3,-29.672524128470627,-15.78821951007599
2023-12-30 14:00:00+00:00,56.25,9.99,53.77,-10.248096599982304,-8.787038704754536
2023-12-30 15:00:00+00:00,69.99,10.02,58.05,1.8731037196533293,-3.408741987710343
2023-12-30 16:00:00+00:00,80.14,25.12,68.12,16.192524552164514,12.894221255542774
2023-12-30 17:00:00+00:00,79.99,26.59,66.45,18.681120697417526,17.600883040480255
2023-12-30 18:00:00+00:00,71.09,17.17,61.55,11.346995911554217,12.883775207420797
2023-12-30 19:00:00+00:00,62.01,10.1,53.7,1.2332379658795958,6.712752374719784
2023-12-30 20:00:00+00:00,56.36,5.04,41.56,-6.837162958724306,1.8858147623910497
2023-12-30 21:00:00+00:00,50.1,22.9,20.29,-1.569327922338843,12.890023496244481
2023-12-30 22:00:00+00:00,43.23,18.89,7.74,-11.510197106313711,5.697414262467831
2023-12-30 23:00:00+00:00,36.54,5.89,0.0,-16.98772452490671,2.233218779642769
2023-12-31 00:00:00+00:00,13.27,2.77,-0.03,-22.447683330644978,-2.3291108234752755
2023-12-31 01:00:00+00:00,4.0,8.88,-0.29,-22.994613078603052,-1.3057374561254278
2023-12-31 02:00:00+00:00,0.31,5.6,-0.97,-27.807366802900873,-7.048491364666958
2023-12-31 03:00:00+00:00,0.58,5.74,-3.74,-29.367986425344668,-9.94484340095363
2023-12-31 04:00:00+00:00,1.28,7.51,-4.97,-30.50049189067849,-11.814564311128592
2023-12-31 05:00:00+00:00,0.36,5.77,-4.22,-35.63795075706753,-17.581790001509162
2023-12-31 06:00:00+00:00,-0.03,20.86,-2.91,-28.106929294293508,-9.403972566591392
2023-12-31 07:00:00+00:00,2.98,27.53,-2.93,-25.061558815969093,-4.390873285393738
2023-12-31 08:00:00+00:00,9.1,27.92,-3.13,-27.910592405116972,-3.441901497965617
2023-12-31 09:00:00+00:00,14.0,23.91,-5.15,-32.37138067466199,-6.142838732003369
2023-12-31 10:00:00+00:00,10.51,19.89,-3.57,-35.075902642443396,-8.504016875574251
2023-12-31 11:00:00+00:00,10.73,20.02,-2.95,-35.32740890221902,-8.942176039607958
2023-12-31 12:00:00+00:00,5.75,23.84,-3.77,-33.260887474000526,-7.456649484053543
2023-12-31 13:00:00+00:00,8.98,42.04,-2.19,-19.713518442014504,5.642938718381444
2023-12-31 14:00:00+00:00,12.95,56.25,-2.26,-5.6532486909740385,18.375048027152516
2023-12-31 15:00:00+00:00,20.9,69.99,-2.05,8.16601554413461,32.51959368481933
2023-12-31 16:00:00+00:00,26.0,80.14,-2.36,18.811533026248185,47.40715107137431
2023-12-31 17:00:00+00:00,23.39,79.99,-5.58,20.057938163980907,52.617463906802946
2023-12-31 18:00:00+00:00,9.0,71.09,-9.07,13.641622535298012,49.04090411600255
2023-12-31 19:00:00+00:00,7.95,62.01,-6.49,4.664696522805983,43.72589360316137
2023-12-31 20:00:00+00:00,6.0,56.36,-3.18,-2.8006419500915456,39.97415859601992
2023-12-31 21:00:00+00:00,10.68,50.1,-3.0,-9.639685045467232,36.1428432809176
2023-12-31 22:00:00+00:00,2.44,43.23,-6.09,-17.391816566755253,30.016696812385845
