timestamp_utc,price_eur_mwh,lag_24_pred,lag_168_pred,elasticnet_full_pred,elasticnet_tier1_pred
2023-12-31 23:00:00+00:00,0.1,36.54,-3.98,-10.652565620963514,31.089677114852137
2024-01-01 00:00:00+00:00,0.01,13.27,-10.12,-24.658493917920026,13.40701094367806
2024-01-01 01:00:00+00:00,0.0,4.0,-10.81,-28.981406967570237,7.049898521075306
2024-01-01 02:00:00+00:00,-0.01,0.31,-12.49,-29.442894397264027,3.8244099437839054
2024-01-01 03:00:00+00:00,-0.03,0.58,-13.37,-27.260863335532477,3.281529326346657
2024-01-01 04:00:00+00:00,-0.02,1.28,-10.14,-23.717203408003698,3.80503324192631
2024-01-01 05:00:00+00:00,-0.05,0.36,-7.6,-21.76333100619911,2.733581058635849
2024-01-01 06:00:00+00:00,-0.02,-0.03,-5.48,-17.275722087369857,4.171188933123403
2024-01-01 07:00:00+00:00,0.0,2.98,-0.11,-11.113011027234379,8.711231638276104
2024-01-01 08:00:00+00:00,0.04,9.1,-0.97,-7.411825715737152,14.897331611317043
2024-01-01 09:00:00+00:00,0.06,14.0,-0.97,-6.199992286130055,19.06945731665627
2024-01-01 10:00:00+00:00,0.54,10.51,-0.08,-7.7308135336535315,17.53217953590537
2024-01-01 11:00:00+00:00,2.24,10.73,-0.02,-7.8536004109153055,16.341017028813667
2024-01-01 12:00:00+00:00,1.96,5.75,0.0,-9.370921028157113,11.24219931314505
2024-01-01 13:00:00+00:00,1.04,8.98,0.01,-2.505832998149174,13.91817837658462
2024-01-01 14:00:00+00:00,3.66,12.95,2.48,5.340829790216617,17.053529032692097
2024-01-01 15:00:00+00:00,43.06,20.9,11.9,15.73670820345508,26.19808035360397
2024-01-01 16:00:00+00:00,49.93,26.0,20.02,21.917858768085082,35.79060453384699
2024-01-01 17:00:00+00:00,58.0,23.39,18.68,19.800409543960555,36.673542801633566
2024-01-01 18:00:00+00:00,54.25,9.0,14.31,9.163774684233616,26.750896135985045
2024-01-01 19:00:00+00:00,48.01,7.95,9.92,3.581916221409429,23.631693587495832
2024-01-01 20:00:00+00:00,42.95,6.0,3.51,-0.5603431641994518,20.424576748650196
2024-01-01 21:00:00+00:00,47.09,10.68,5.0,3.676057165369798,24.860837132942933
2024-01-01 22:00:00+00:00,35.55,2.44,0.08,-2.953525668616251,16.495265890032357
2024-01-01 23:00:00+00:00,30.59,0.1,0.0,-12.881179295821894,5.759156793194364
2024-01-02 00:00:00+00:00,20.07,0.01,-0.02,-14.239816483318862,2.918784710258663
2024-01-02 01:00:00+00:00,31.03,0.0,-0.11,-15.118256619699054,1.5567937184479774
2024-01-02 02:00:00+00:00,18.39,-0.01,-2.67,-16.370487349100387,1.191603280384868
2024-01-02 03:00:00+00:00,11.08,-0.03,-3.69,-16.71460179682994,2.4771653779763625
2024-01-02 04:00:00+00:00,13.78,-0.02,-1.85,-14.827771281945687,5.842624404244759
2024-01-02 05:00:00+00:00,47.63,-0.05,-1.34,-8.97609328145785,12.14665772603378
2024-01-02 06:00:00+00:00,58.1,-0.02,-0.92,-4.105786008574739,16.151242944935206
2024-01-02 07:00:00+00:00,65.67,0.0,-1.05,-2.351694986503091,17.403669873047832
2024-01-02 08:00:00+00:00,64.73,0.04,-0.08,-1.1910668698260167,17.62807669032823
2024-01-02 09:00:00+00:00,68.98,0.06,-0.06,-0.15555635487653774,16.77055698464855
2024-01-02 10:00:00+00:00,73.54,0.54,-0.05,1.8589841857810256,15.693496744403319
2024-01-02 11:00:00+00:00,78.16,2.24,-0.04,4.032183884798215,15.038713590072646
2024-01-02 12:00:00+00:00,78.87,1.96,0.0,5.02386994127221,12.612546025436274
2024-01-02 13:00:00+00:00,79.24,1.04,0.56,6.201528401639635,10.3632970171535
2024-01-02 14:00:00+00:00,79.96,3.66,10.03,10.803730021185515,13.33700416258715
2024-01-02 15:00:00+00:00,83.46,43.06,47.34,36.097649624026985,45.813616677019624
2024-01-02 16:00:00+00:00,80.92,49.93,52.99,39.82324604447335,55.2175253853745
2024-01-02 17:00:00+00:00,74.95,58.0,53.66,39.96370452310914,63.37562713845945
2024-01-02 18:00:00+00:00,63.18,54.25,53.05,30.525454483118637,60.5115785873251
2024-01-02 19:00:00+00:00,57.11,48.01,49.32,17.301812594097854,54.193457219944406
2024-01-02 20:00:00+00:00,46.89,42.95,43.95,4.26860302508851,47.59679729738038
2024-01-02 21:00:00+00:00,40.0,47.09,46.63,0.09251156420182838,49.364616358699294
2024-01-02 22:00:00+00:00,7.43,35.55,53.28,-13.267942068404992,39.27046340611677
2024-01-02 23:00:00+00:00,-0.08,30.59,41.35,-28.27769379053018,22.81130320716234
2024-01-03 00:00:00+00:00,-1.23,20.07,52.07,-33.8660354965471,15.815576019783194
2024-01-03 01:00:00+00:00,-1.3,31.03,57.63,-29.062973140493014,22.77704785328058
2024-01-03 02:00:00+00:00,-1.31,18.39,51.65,-35.38273631069124,14.070621325291128
2024-01-03 03:00:00+00:00,-1.31,11.08,49.77,-36.42087490728484,10.489197122187392
2024-01-03 04:00:00+00:00,-1.38,13.78,55.98,-28.139838136005082,16.176197476445537
2024-01-03 05:00:00+00:00,1.09,47.63,65.06,-6.099442893028993,44.868021444467885
2024-01-03 06:00:00+00:00,40.59,58.1,77.44,7.966054510814374,56.72387362830006
2024-01-03 07:00:00+00:00,59.61,65.67,82.73,17.517329746905446,63.260753262331484
2024-01-03 08:00:00+00:00,60.61,64.73,80.56,17.65834430992291,61.69488538908879
2024-01-03 09:00:00+00:00,57.0,68.98,75.19,18.028551864110298,62.54864790926108
2024-01-03 10:00:00+00:00,54.89,73.54,74.71,19.10118887447493,64.295734399682
2024-01-03 11:00:00+00:00,53.89,78.16,73.79,20.92465652928665,65.53596663574432
2024-01-03 12:00:00+00:00,54.42,78.87,71.88,22.045548370178125,63.33295021006668
2024-01-03 13:00:00+00:00,60.86,79.24,73.64,25.067406936198836,61.06675175314716
2024-01-03 14:00:00+00:00,67.18,79.96,79.95,31.986358314395588,61.843190333655905
2024-01-03 15:00:00+00:00,73.59,83.46,79.77,41.568926029148955,68.68709983800406
2024-01-03 16:00:00+00:00,82.28,80.92,80.32,46.6342928739312,71.496797679597
2024-01-03 17:00:00+00:00,82.97,74.95,74.35,46.4775969764622,70.0044583161696
2024-01-03 18:00:00+00:00,79.03,63.18,64.85,38.68826524432534,61.106691836251926
2024-01-03 19:00:00+00:00,73.23,57.11,54.73,30.023277881750886,53.63017109973633
2024-01-03 20:00:00+00:00,67.41,46.89,24.74,16.076645283423304,40.52985939507479
2024-01-03 21:00:00+00:00,65.0,40.0,16.99,7.945745465828892,33.52719585524966
2024-01-03 22:00:00+00:00,58.12,7.43,0.01,-15.653293385508917,6.85006268835096
2024-01-03 23:00:00+00:00,57.3,-0.08,-0.02,-35.2629720677955,-4.951964204664463
2024-01-04 00:00:00+00:00,50.46,-1.23,-0.78,-38.8078837677303,-7.806561997548954
2024-01-04 01:00:00+00:00,40.0,-1.3,-1.43,-38.745114669859746,-7.0559041612083035
2024-01-04 02:00:00+00:00,25.48,-1.31,-1.39,-38.22382582382504,-7.462974631122293
2024-01-04 03:00:00+00:00,35.0,-1.31,-1.42,-35.32844070716148,-6.580103680570076
2024-01-04 04:00:00+00:00,57.73,-1.38,-0.27,-28.205858336285942,-2.702329942169783
2024-01-04 05:00:00+00:00,72.65,1.09,0.02,-14.433393416595138,8.022347352657775
2024-01-04 06:00:00+00:00,85.02,40.59,16.06,16.944559366852516,39.83865513051517
2024-01-04 07:00:00+00:00,91.47,59.61,38.2,35.5769864115856,56.27963991892578
2024-01-04 08:00:00+00:00,94.2,60.61,38.75,39.43211492159,56.572444389397134
2024-01-04 09:00:00+00:00,91.61,57.0,29.27,38.38446119534181,52.59798363492895
2024-01-04 10:00:00+00:00,90.03,54.89,13.95,37.1119055759828,48.9061045418318
2024-01-04 11:00:00+00:00,86.3,53.89,9.27,37.414793209717786,46.44073151282483
2024-01-04 12:00:00+00:00,85.96,54.42,5.76,39.264933507183834,44.30481802233011
2024-01-04 13:00:00+00:00,92.11,60.86,14.38,47.72642461212656,47.12916187229807
2024-01-04 14:00:00+00:00,98.62,67.18,15.66,59.00053593735735,51.03232502557321
2024-01-04 15:00:00+00:00,105.73,73.59,40.34,72.83772302121122,59.461779985945434
2024-01-04 16:00:00+00:00,133.23,82.28,46.83,85.03318628287477,69.08867467664834
2024-01-04 17:00:00+00:00,144.65,82.97,45.9,89.89752472134302,71.69429999524684
2024-01-04 18:00:00+00:00,125.0,79.03,38.55,86.62752247252189,67.39797071074354
2024-01-04 19:00:00+00:00,103.59,73.23,19.98,77.59636156117918,59.31252910678995
2024-01-04 20:00:00+00:00,100.01,67.41,13.75,68.81491780802075,51.822855601126875
2024-01-04 21:00:00+00:00,94.86,65.0,17.72,62.79761834777461,48.28454453629449
2024-01-04 22:00:00+00:00,88.83,58.12,1.0,48.15735229799717,35.64431300127393
2024-01-04 23:00:00+00:00,86.08,57.3,0.0,44.56614780410634,37.82992752092024
2024-01-05 00:00:00+00:00,80.51,50.46,-0.08,33.67985482251622,30.477823832282468
2024-01-05 01:00:00+00:00,77.01,40.0,-0.28,24.506542196809775,22.945931368364796
2024-01-05 02:00:00+00:00,73.21,25.48,-0.93,15.10271148585204,13.188653187568818
2024-01-05 03:00:00+00:00,74.05,35.0,-0.95,18.749282355861695,19.406167668895264
2024-01-05 04:00:00+00:00,76.03,57.73,-0.26,28.634581075266382,33.70152364849899
2024-01-05 05:00:00+00:00,81.0,72.65,-0.07,41.67835693495714,48.47076002569476
2024-01-05 06:00:00+00:00,87.0,85.02,-0.01,55.80781542063855,63.45374693806932
2024-01-05 07:00:00+00:00,89.57,91.47,4.44,63.44303630718715,71.14719785666279
2024-01-05 08:00:00+00:00,94.93,94.2,1.09,62.911816336763735,72.32845948469947
2024-01-05 09:00:00+00:00,96.28,91.61,0.05,58.37251973596673,68.98614818744277
2024-01-05 10:00:00+00:00,98.22,90.03,-0.01,56.4228229212839,66.58892594867345
2024-01-05 11:00:00+00:00,92.24,86.3,0.6,53.93242656198114,61.82040938164049
2024-01-05 12:00:00+00:00,91.54,85.96,0.99,54.17613090490742,59.69307565067393
2024-01-05 13:00:00+00:00,96.41,92.11,2.23,59.08675858063729,62.5811754828472
2024-01-05 14:00:00+00:00,100.05,98.62,9.99,66.17494896048447,68.03429737429066
2024-01-05 15:00:00+00:00,102.97,105.73,10.02,72.35737173590894,74.88655216978755
2024-01-05 16:00:00+00:00,107.38,133.23,25.12,90.40924082344421,99.75435691009946
2024-01-05 17:00:00+00:00,108.45,144.65,26.59,97.27495710003652,110.60704101560346
2024-01-05 18:00:00+00:00,103.96,125.0,17.17,84.34305912395911,96.82738454582825
2024-01-05 19:00:00+00:00,100.09,103.59,10.1,68.11784049418267,80.0332878381217
2024-01-05 20:00:00+00:00,94.19,100.01,5.04,60.87029090825536,74.25709911388219
2024-01-05 21:00:00+00:00,94.92,94.86,22.9,58.19073999190434,71.72147429323172
2024-01-05 22:00:00+00:00,86.8,88.83,18.89,50.671764742094346,63.90795919687274
2024-01-05 23:00:00+00:00,82.25,86.08,5.89,44.31356531268205,58.214348081993656
2024-01-06 00:00:00+00:00,80.2,80.51,2.77,38.97147135700533,50.5940820917571
2024-01-06 01:00:00+00:00,76.13,77.01,8.88,35.34386247821733,44.42033995174741
2024-01-06 02:00:00+00:00,73.01,73.21,5.6,30.195940249951136,36.13636630037577
2024-01-06 03:00:00+00:00,73.01,74.05,5.74,29.21856150007521,33.06988575270064
2024-01-06 04:00:00+00:00,74.59,76.03,7.51,32.528628066962696,33.84251979144298
2024-01-06 05:00:00+00:00,75.1,81.0,5.77,37.2149393359718,35.75512808701763
2024-01-06 06:00:00+00:00,81.39,87.0,20.86,47.43803990956642,42.09345073145477
2024-01-06 07:00:00+00:00,88.4,89.57,27.53,54.63594122871436,45.30934742898505
2024-01-06 08:00:00+00:00,92.23,94.93,27.92,60.20242364109109,48.7762814321119
2024-01-06 09:00:00+00:00,97.3,96.28,23.91,61.59310078133232,48.34296602965478
2024-01-06 10:00:00+00:00,100.43,98.22,19.89,63.68048208670772,49.13452181876488
2024-01-06 11:00:00+00:00,99.16,92.24,20.02,61.36945252952792,44.23975684393944
2024-01-06 12:00:00+00:00,95.22,91.54,23.84,61.52677559588317,43.17034392033443
2024-01-06 13:00:00+00:00,92.55,96.41,42.04,66.47901772229196,48.78752489629254
2024-01-06 14:00:00+00:00,95.09,100.05,56.25,72.97461126968815,56.49128379345421
2024-01-06 15:00:00+00:00,99.85,102.97,69.99,80.23530065932816,66.23627654735986
2024-01-06 16:00:00+00:00,104.27,107.38,80.14,87.99111143609699,79.22950761494567
2024-01-06 17:00:00+00:00,103.63,108.45,79.99,87.310402023023,84.10601903633912
2024-01-06 18:00:00+00:00,99.0,103.96,71.09,79.97574061282677,80.3370087148103
2024-01-06 19:00:00+00:00,92.14,100.09,62.01,71.16306617332809,75.32110079791906
2024-01-06 20:00:00+00:00,88.0,94.19,56.36,63.513792260100224,70.8798635847945
2024-01-06 21:00:00+00:00,86.57,94.92,50.1,60.36972497110423,70.98150912314864
2024-01-06 22:00:00+00:00,79.87,86.8,43.23,51.62924629775479,63.68244708965157
2024-01-06 23:00:00+00:00,84.08,82.25,36.54,50.21336764513213,62.624507474617594
2024-01-07 00:00:00+00:00,79.82,80.2,13.27,42.77712637050067,55.40583792281463
2024-01-07 01:00:00+00:00,76.76,76.13,4.0,36.455924998156746,48.33604793476295
2024-01-07 02:00:00+00:00,73.46,73.01,0.31,32.29968324571189,42.439851957131495
2024-01-07 03:00:00+00:00,71.86,73.01,0.58,31.389735136782974,39.53391022871555
2024-01-07 04:00:00+00:00,72.08,74.59,1.28,32.21865142627324,37.80721147495289
2024-01-07 05:00:00+00:00,74.9,75.1,0.36,32.39233528683165,34.78047512021449
2024-01-07 06:00:00+00:00,77.69,81.39,-0.03,38.16346714317137,37.24168733486855
2024-01-07 07:00:00+00:00,81.79,88.4,2.98,45.63813622947474,41.50841011878816
2024-01-07 08:00:00+00:00,84.86,92.23,9.1,52.05355696033212,46.09802769546282
2024-01-07 09:00:00+00:00,87.15,97.3,14.0,55.637832197837184,49.862579814908706
2024-01-07 10:00:00+00:00,89.14,100.43,10.51,57.59736061650076,52.3084544686015
2024-01-07 11:00:00+00:00,88.66,99.16,10.73,55.69003874314825,50.063164794325466
2024-01-07 12:00:00+00:00,84.81,95.22,5.75,52.32993562627411,45.90788244360087
2024-01-07 13:00:00+00:00,84.34,92.55,8.98,52.95940620939058,45.103842352736855
2024-01-07 14:00:00+00:00,88.01,95.09,12.95,58.024966535569504,49.22165115585723
2024-01-07 15:00:00+00:00,93.42,99.85,20.9,65.72283665589654,58.590301594019046
2024-01-07 16:00:00+00:00,101.77,104.27,26.0,73.88197290588512,70.62468973807577
2024-01-07 17:00:00+00:00,104.85,103.63,23.39,76.01809608724591,76.4572700279119
2024-01-07 18:00:00+00:00,103.55,99.0,9.0,70.85685754592527,74.40405490569465
2024-01-07 19:00:00+00:00,100.5,92.14,7.95,63.29321788809649,70.0351823389273
2024-01-07 20:00:00+00:00,93.31,88.0,6.0,58.38249109765231,67.51634065785173
2024-01-07 21:00:00+00:00,91.17,86.57,10.68,56.51343264663861,67.98944607696362
2024-01-07 22:00:00+00:00,83.86,79.87,2.44,48.83324988738989,61.335788216208
2024-01-07 23:00:00+00:00,87.02,84.08,0.1,55.54247902315596,71.59822513217793
2024-01-08 00:00:00+00:00,84.32,79.82,0.01,50.819196945059126,67.60354328173845
2024-01-08 01:00:00+00:00,81.82,76.76,0.0,48.108006723631334,64.69402936134409
2024-01-08 02:00:00+00:00,79.11,73.46,-0.01,47.32994184824407,62.38554403524224
2024-01-08 03:00:00+00:00,78.48,71.86,-0.03,51.142242295189696,63.60039776042181
2024-01-08 04:00:00+00:00,82.1,72.08,-0.02,59.19651439553724,68.10475838503112
2024-01-08 05:00:00+00:00,94.3,74.9,-0.05,72.74147643015982,77.15351780493312
2024-01-08 06:00:00+00:00,111.1,77.69,-0.02,83.99449497610118,84.04884074765488
2024-01-08 07:00:00+00:00,121.11,81.79,0.0,90.80704365878502,88.85764143899378
2024-01-08 08:00:00+00:00,117.83,84.86,0.04,90.09736172993048,90.6771311791925
2024-01-08 09:00:00+00:00,110.6,87.15,0.06,86.67690743612481,91.2573163316578
2024-01-08 10:00:00+00:00,103.0,89.14,0.54,85.33899033234194,91.88264322170848
2024-01-08 11:00:00+00:00,95.5,88.66,2.24,82.27546771174113,89.83433003716739
2024-01-08 12:00:00+00:00,92.6,84.81,1.96,79.92875375077234,84.59838986761243
2024-01-08 13:00:00+00:00,100.0,84.34,1.04,81.48979337260901,81.37849996485576
2024-01-08 14:00:00+00:00,107.98,88.01,3.66,89.41133156251989,83.50252257457738
2024-01-08 15:00:00+00:00,116.87,93.42,43.06,101.11897611434327,93.08714092434933
2024-01-08 16:00:00+00:00,129.13,101.77,49.93,106.58585867434309,103.53597560033069
2024-01-08 17:00:00+00:00,130.01,104.85,58.0,108.7884826274008,109.74566040663377
2024-01-08 18:00:00+00:00,122.12,103.55,54.25,105.01610549887134,108.70079741607256
2024-01-08 19:00:00+00:00,114.21,100.5,48.01,97.31654839326727,103.46520611651252
2024-01-08 20:00:00+00:00,102.83,93.31,42.95,88.40944958819962,95.65490414445877
2024-01-08 21:00:00+00:00,99.98,91.17,47.09,84.70656976752987,92.9890520497347
2024-01-08 22:00:00+00:00,91.49,83.86,35.55,75.28311169551966,83.32699536412665
2024-01-08 23:00:00+00:00,88.16,87.02,30.59,65.3933772046989,73.4617185440413
2024-01-09 00:00:00+00:00,87.04,84.32,20.07,62.00481489273202,68.60824624915548
2024-01-09 01:00:00+00:00,85.0,81.82,31.03,63.12475240088806,67.4007572578055
2024-01-09 02:00:00+00:00,84.14,79.11,18.39,62.717851537811335,63.794369944127475
2024-01-09 03:00:00+00:00,85.72,78.48,11.08,66.50779149746586,63.98992126028878
2024-01-09 04:00:00+00:00,89.28,82.1,13.78,75.99260282764331,70.00083368598365
2024-01-09 05:00:00+00:00,108.51,94.3,47.63,97.72015626600562,88.6717621631273
2024-01-09 06:00:00+00:00,124.06,111.1,58.1,117.08838672746653,105.10470021587234
2024-01-09 07:00:00+00:00,133.24,121.11,65.67,127.77749654584909,114.38919424247766
2024-01-09 08:00:00+00:00,120.91,117.83,64.73,120.3805849132187,111.89325273819786
2024-01-09 09:00:00+00:00,113.19,110.6,68.98,109.79320561091932,106.61825162626309
2024-01-09 10:00:00+00:00,105.78,103.0,73.54,102.54947332948326,101.33943201131295
2024-01-09 11:00:00+00:00,100.22,95.5,78.16,97.95269522257234,95.1148645150122
2024-01-09 12:00:00+00:00,100.82,92.6,78.87,98.64399754703037,90.61946916646205
2024-01-09 13:00:00+00:00,110.89,100.0,79.24,107.00909563823417,92.63888185322817
2024-01-09 14:00:00+00:00,119.4,107.98,79.96,119.25889474323623,97.55184899261984
2024-01-09 15:00:00+00:00,127.85,116.87,83.46,129.6636658159205,105.3615527916576
2024-01-09 16:00:00+00:00,137.84,129.13,80.92,137.0563155960412,117.875032909808
2024-01-09 17:00:00+00:00,137.8,130.01,74.95,136.8938629383128,121.4559488751716
2024-01-09 18:00:00+00:00,130.43,122.12,63.18,128.93283344261602,115.68170071088028
2024-01-09 19:00:00+00:00,120.24,114.21,57.11,118.22692503371918,107.50261213160776
2024-01-09 20:00:00+00:00,111.68,102.83,46.89,105.721058410126,96.0208854703908
2024-01-09 21:00:00+00:00,106.18,99.98,40.0,98.72225621567976,91.03113382609016
2024-01-09 22:00:00+00:00,97.09,91.49,7.43,84.70665823598253,77.67962935711613
2024-01-09 23:00:00+00:00,89.29,88.16,-0.08,71.11599177184313,63.396327231708334
2024-01-10 00:00:00+00:00,86.76,87.04,-1.23,68.48075850973959,60.71795193356623
2024-01-10 01:00:00+00:00,86.73,85.0,-1.3,67.67189662630116,58.70837812395446
2024-01-10 02:00:00+00:00,86.09,84.14,-1.31,69.56694171199572,58.533106236600986
2024-01-10 03:00:00+00:00,86.3,85.72,-1.31,73.6656943923475,60.41300042382469
2024-01-10 04:00:00+00:00,89.05,89.28,-1.38,81.51860153863382,65.72090407304128
2024-01-10 05:00:00+00:00,108.88,108.51,1.09,103.0370111731023,86.0926029326836
2024-01-10 06:00:00+00:00,126.29,124.06,40.59,124.76806766523218,106.16605883156967
2024-01-10 07:00:00+00:00,141.28,133.24,59.61,135.61438792567324,116.54589213444328
2024-01-10 08:00:00+00:00,130.39,120.91,60.61,124.2881952285555,107.98383688203073
2024-01-10 09:00:00+00:00,118.56,113.19,57.0,113.38365969170465,101.00180756100004
2024-01-10 10:00:00+00:00,109.13,105.78,54.89,106.77068479469338,94.78082817759096
2024-01-10 11:00:00+00:00,102.21,100.22,53.89,103.18598561677875,88.697648499416
2024-01-10 12:00:00+00:00,105.61,100.82,54.42,106.00333144103968,86.42929996325486
2024-01-10 13:00:00+00:00,112.91,110.89,60.86,116.68467391229711,91.38132900677638
2024-01-10 14:00:00+00:00,123.8,119.4,67.18,130.08661666391438,97.83155590299222
2024-01-10 15:00:00+00:00,134.64,127.85,73.59,140.64150766968308,106.06135206685113
2024-01-10 16:00:00+00:00,143.79,137.84,82.28,148.06770051798884,118.56629805303282
2024-01-10 17:00:00+00:00,140.0,137.8,82.97,147.7317292427859,121.75178750115322
2024-01-10 18:00:00+00:00,132.15,130.43,79.03,140.95651415023187,116.46469543366142
2024-01-10 19:00:00+00:00,120.0,120.24,73.23,129.81228012224926,106.53342619933456
2024-01-10 20:00:00+00:00,109.76,111.68,67.41,119.25258942991798,97.0001675294807
2024-01-10 21:00:00+00:00,104.49,106.18,65.0,111.63205672249083,90.93074466829957
2024-01-10 22:00:00+00:00,96.03,97.09,58.12,99.8807303978358,80.0642995775887
2024-01-10 23:00:00+00:00,91.75,89.29,57.3,87.30541911760204,66.77703689520675
2024-01-11 00:00:00+00:00,88.59,86.76,50.46,82.20191009218618,62.75964245818933
2024-01-11 01:00:00+00:00,87.25,86.73,40.0,79.74176577628938,60.81330403095962
2024-01-11 02:00:00+00:00,82.38,86.09,25.48,78.41590232437036,59.0764925656452
2024-01-11 03:00:00+00:00,81.95,86.3,35.0,81.58721107679273,61.52341768443098
2024-01-11 04:00:00+00:00,89.36,89.05,57.73,90.64488113980278,69.27507319476544
2024-01-11 05:00:00+00:00,102.07,108.88,72.65,113.51062924689708,92.12534818086203
2024-01-11 06:00:00+00:00,116.86,126.29,85.02,131.3258332292127,109.54643306025764
2024-01-11 07:00:00+00:00,141.0,141.28,91.47,143.02577207745063,122.35987642813532
2024-01-11 08:00:00+00:00,129.16,130.39,94.2,132.95121855791768,114.79585021502339
2024-01-11 09:00:00+00:00,113.65,118.56,91.61,118.9049111980089,104.42811513165594
2024-01-11 10:00:00+00:00,106.48,109.13,90.03,110.02861162771522,96.35502053804498
2024-01-11 11:00:00+00:00,99.38,102.21,86.3,105.17053106191793,89.32987806519435
2024-01-11 12:00:00+00:00,99.0,105.61,85.96,108.51381783501031,89.21672750216507
2024-01-11 13:00:00+00:00,105.98,112.91,92.11,117.07500482692117,92.81885336129841
2024-01-11 14:00:00+00:00,117.96,123.8,98.62,130.60766795037316,100.7959297910697
2024-01-11 15:00:00+00:00,137.35,134.64,105.73,142.34348131294607,110.34462154594023
2024-01-11 16:00:00+00:00,150.09,143.79,133.23,153.53279033043142,124.64360803457659
2024-01-11 17:00:00+00:00,136.69,140.0,144.65,153.54469099854424,126.49739448353196
2024-01-11 18:00:00+00:00,132.31,132.15,125.0,144.5342146648504,118.77822112448787
2024-01-11 19:00:00+00:00,117.88,120.0,103.59,130.30979503032464,105.67221731833456
2024-01-11 20:00:00+00:00,107.19,109.76,100.01,119.11042230543731,95.755241848234
2024-01-11 21:00:00+00:00,100.0,104.49,94.86,110.99669039007854,89.30297191338639
2024-01-11 22:00:00+00:00,97.22,96.03,88.83,99.8904591100245,79.14433051058023
2024-01-11 23:00:00+00:00,91.04,91.75,86.08,96.47375224987479,76.72941655427289
2024-01-12 00:00:00+00:00,88.22,88.59,80.51,91.11943355867646,72.43613203579541
2024-01-12 01:00:00+00:00,85.22,87.25,77.01,88.80416170506163,70.53353405354436
2024-01-12 02:00:00+00:00,84.63,82.38,73.21,86.72463439732135,67.29127291573485
2024-01-12 03:00:00+00:00,84.34,81.95,74.05,88.67148479990327,68.40687170421106
2024-01-12 04:00:00+00:00,85.32,89.36,76.03,96.72674724607631,76.27507697365796
2024-01-12 05:00:00+00:00,92.11,102.07,81.0,114.39189223786045,93.4663514328897
2024-01-12 06:00:00+00:00,118.16,116.86,87.0,130.4821730302058,109.00391719880281
2024-01-12 07:00:00+00:00,140.74,141.0,89.57,147.08761258607564,127.47369492096948
2024-01-12 08:00:00+00:00,134.96,129.16,94.93,139.5644801053249,119.21874516548554
2024-01-12 09:00:00+00:00,122.01,113.65,96.28,126.65062862368475,106.32719019278963
2024-01-12 10:00:00+00:00,114.73,106.48,98.22,119.85386253481505,99.42527358866005
2024-01-12 11:00:00+00:00,106.98,99.38,92.24,113.1338033809073,91.73384164318975
2024-01-12 12:00:00+00:00,103.08,99.0,91.54,111.22779094074659,89.62337419827868
2024-01-12 13:00:00+00:00,104.54,105.98,96.41,115.23908561155815,92.91471844372003
2024-01-12 14:00:00+00:00,110.0,117.96,100.05,125.20244312762324,101.4994003825387
2024-01-12 15:00:00+00:00,120.0,137.35,102.97,137.96736356794233,116.47371229290759
2024-01-12 16:00:00+00:00,127.5,150.09,107.38,146.22494459286995,129.9517657318879
2024-01-12 17:00:00+00:00,126.0,136.69,108.45,137.6588195484311,123.48576424156312
2024-01-12 18:00:00+00:00,119.47,132.31,103.96,129.71000534750777,119.22644096073526
2024-01-12 19:00:00+00:00,108.79,117.88,100.09,114.34814067520023,106.32768882518246
2024-01-12 20:00:00+00:00,98.48,107.19,94.19,100.71901523111713,95.73673691182807
2024-01-12 21:00:00+00:00,93.37,100.0,94.92,90.54318435762855,89.06087260423033
2024-01-12 22:00:00+00:00,85.38,97.22,86.8,79.70407510299418,82.40533671608826
2024-01-12 23:00:00+00:00,90.0,91.04,82.25,70.58721708513703,76.18534336176864
2024-01-13 00:00:00+00:00,85.0,88.22,80.2,62.2359454972116,70.60216658918443
2024-01-13 01:00:00+00:00,82.0,85.22,76.13,54.237146852812344,64.67291581593419
2024-01-13 02:00:00+00:00,78.47,84.63,73.01,47.94547581713191,59.883638617715924
2024-01-13 03:00:00+00:00,75.0,84.34,73.01,46.28835236180553,57.884603985207484
2024-01-13 04:00:00+00:00,74.92,85.32,74.59,46.71134172648755,56.851756849256766
2024-01-13 05:00:00+00:00,78.1,92.11,75.1,49.114365561984265,58.94444754599317
2024-01-13 06:00:00+00:00,82.22,118.16,81.39,64.7989807230874,76.88368098876606
2024-01-13 07:00:00+00:00,85.26,140.74,88.4,78.47307455931704,94.26226565042828
2024-01-13 08:00:00+00:00,75.11,134.96,92.23,73.64706387365736,90.23347925397641
2024-01-13 09:00:00+00:00,74.21,122.01,97.3,62.86289699016107,80.20894064061545
2024-01-13 10:00:00+00:00,72.72,114.73,100.43,55.83034785864066,74.65531034477017
2024-01-13 11:00:00+00:00,70.35,106.98,99.16,47.62310643851734,67.73569981336775
2024-01-13 12:00:00+00:00,63.67,103.08,95.22,42.144176113218144,63.580384900324205
2024-01-13 13:00:00+00:00,67.91,104.54,92.55,43.379275135296155,65.12071135655995
2024-01-13 14:00:00+00:00,68.61,110.0,95.09,50.15395869159944,71.67477220781178
2024-01-13 15:00:00+00:00,70.78,120.0,99.85,60.41997468908312,84.2258599806723
2024-01-13 16:00:00+00:00,74.22,127.5,104.27,68.63925985150917,97.02209471052225
2024-01-13 17:00:00+00:00,75.81,126.0,103.63,68.5673352151891,100.23812712061711
2024-01-13 18:00:00+00:00,73.82,119.47,99.0,62.947766781454824,97.93436497255736
2024-01-13 19:00:00+00:00,73.06,108.79,92.14,51.79166732249604,89.43601684377093
2024-01-13 20:00:00+00:00,70.93,98.48,88.0,42.055058358923944,81.89322165127972
2024-01-13 21:00:00+00:00,64.3,93.37,86.57,37.435507575057024,78.87943831940709
2024-01-13 22:00:00+00:00,63.16,85.38,79.87,28.10040171598591,71.03980924429109
2024-01-13 23:00:00+00:00,64.02,90.0,84.08,35.62812958976133,79.0019256657534
2024-01-14 00:00:00+00:00,62.11,85.0,79.82,29.732890733407018,72.40573575452142
2024-01-14 01:00:00+00:00,62.93,82.0,76.76,26.31472857275847,67.10397425848463
2024-01-14 02:00:00+00:00,64.01,78.47,73.46,24.08855157143266,61.47326856204246
2024-01-14 03:00:00+00:00,64.67,75.0,71.86,23.64048891987035,56.305273191245995
2024-01-14 04:00:00+00:00,65.2,74.92,72.08,26.029115291101377,53.551889475467405
2024-01-14 05:00:00+00:00,67.31,78.1,74.9,29.912425855934956,52.63874015024262
2024-01-14 06:00:00+00:00,71.66,82.22,77.69,38.02419546430903,55.52807323268093
2024-01-14 07:00:00+00:00,76.74,85.26,81.79,45.98346384398205,59.515502473197174
2024-01-14 08:00:00+00:00,81.14,75.11,84.86,43.83969411653405,53.7596834262862
2024-01-14 09:00:00+00:00,80.63,74.21,87.15,42.55979953191361,52.50679721265083
2024-01-14 10:00:00+00:00,81.84,72.72,89.14,41.76921942287815,52.25296941267791
2024-01-14 11:00:00+00:00,80.39,70.35,88.66,38.06662196280138,49.07542238884823
2024-01-14 12:00:00+00:00,77.04,63.67,84.81,33.225400854453184,43.02634758729724
2024-01-14 13:00:00+00:00,79.15,67.91,84.34,38.17707952025354,46.20225116146474
2024-01-14 14:00:00+00:00,82.32,68.61,88.01,44.987832596810854,49.46852085910284
2024-01-14 15:00:00+00:00,86.62,70.78,93.42,52.51723517342083,56.523241369451185
2024-01-14 16:00:00+00:00,91.86,74.22,101.77,59.9485622239577,68.36626089225632
2024-01-14 17:00:00+00:00,96.97,75.81,104.85,61.15779862216949,75.59977725252975
2024-01-14 18:00:00+00:00,88.91,73.82,103.55,55.73204371731802,76.33505863194502
2024-01-14 19:00:00+00:00,81.0,73.06,100.5,47.579466211699156,74.78682793120521
2024-01-14 20:00:00+00:00,78.6,70.93,93.31,39.192898089396316,72.13165015286336
2024-01-14 21:00:00+00:00,75.39,64.3,91.17,32.68172396393571,69.14768025053766
2024-01-14 22:00:00+00:00,67.19,63.16,83.86,24.437968950043754,65.73076472489831
2024-01-14 23:00:00+00:00,67.9,64.02,87.02,26.01749794696265,75.25971084909116
2024-01-15 00:00:00+00:00,65.0,62.11,84.32,20.828309319837416,72.18194740607072
2024-01-15 01:00:00+00:00,63.94,62.93,81.82,19.484382396912054,71.55509769299493
2024-01-15 02:00:00+00:00,62.04,64.01,79.11,21.670742974464005,72.57890969276875
2024-01-15 03:00:00+00:00,62.04,64.67,78.48,26.836759401810014,74.83535762427272
2024-01-15 04:00:00+00:00,69.25,65.2,82.1,35.59192877076598,79.0901280823482
2024-01-15 05:00:00+00:00,79.95,67.31,94.3,51.55544837641203,89.56025008532725
2024-01-15 06:00:00+00:00,83.84,71.66,111.1,66.65806449378533,98.8482186174068
2024-01-15 07:00:00+00:00,99.3,76.74,121.11,76.89520842784188,105.17946636158845
2024-01-15 08:00:00+00:00,100.29,81.14,117.83,80.3146498139275,106.99766085671412
2024-01-15 09:00:00+00:00,94.88,80.63,110.6,79.92552706359854,105.18926185460803
2024-01-15 10:00:00+00:00,90.26,81.84,103.0,81.12714133185614,104.9112937771481
2024-01-15 11:00:00+00:00,83.86,80.39,95.5,79.5914023678785,101.31638590662803
2024-01-15 12:00:00+00:00,82.15,77.04,92.6,77.42642031016757,96.13732159199536
2024-01-15 13:00:00+00:00,84.5,79.15,100.0,80.75844507186052,96.4209608054204
2024-01-15 14:00:00+00:00,89.44,82.32,107.98,86.39185996531538,98.15104111258054
2024-01-15 15:00:00+00:00,97.52,86.62,116.87,92.60923971796441,102.32337198774297
2024-01-15 16:00:00+00:00,106.46,91.86,129.13,100.8535598768988,110.96464173230444
2024-01-15 17:00:00+00:00,112.8,96.97,130.01,106.04316862037366,117.28703611333916
2024-01-15 18:00:00+00:00,110.38,88.91,122.12,100.63223671275823,111.53692652304494
2024-01-15 19:00:00+00:00,102.42,81.0,114.21,90.36037619339626,102.40715165361321
2024-01-15 20:00:00+00:00,91.78,78.6,102.83,83.26799813845797,96.78403577413883
2024-01-15 21:00:00+00:00,89.49,75.39,99.98,77.97341698640356,92.15005749426061
2024-01-15 22:00:00+00:00,86.43,67.19,91.49,68.3101513021997,82.75030563544613
2024-01-15 23:00:00+00:00,81.45,67.9,88.16,60.03078826211524,72.75276938032363
2024-01-16 00:00:00+00:00,81.07,65.0,87.04,55.033648098852865,69.30757957765275
2024-01-16 01:00:00+00:00,79.92,63.94,85.0,52.669362156083665,67.64563826070737
2024-01-16 02:00:00+00:00,78.19,62.04,84.14,53.036945014546184,66.90680566489755
2024-01-16 03:00:00+00:00,76.97,62.04,85.72,56.81054799926833,68.63770868721225
2024-01-16 04:00:00+00:00,81.45,69.25,89.28,67.85981567330086,76.73943737085075
2024-01-16 05:00:00+00:00,94.07,79.95,108.51,89.67044636088667,93.1212368379918
2024-01-16 06:00:00+00:00,114.77,83.84,124.06,105.79720234940623,101.9829645752209
2024-01-16 07:00:00+00:00,144.11,99.3,133.24,122.30001318900014,115.06477485638057
2024-01-16 08:00:00+00:00,138.6,100.29,120.91,122.96218094669,114.24956817135227
2024-01-16 09:00:00+00:00,122.0,94.88,113.19,117.97927868443576,108.62798564547069
2024-01-16 10:00:00+00:00,110.0,90.26,105.78,115.03459209678016,104.2383897993374
2024-01-16 11:00:00+00:00,103.43,83.86,100.22,109.42767184848584,97.52924191617629
2024-01-16 12:00:00+00:00,94.98,82.15,100.82,106.8569632130299,94.17748702757301
2024-01-16 13:00:00+00:00,96.0,84.5,110.89,109.22802281499891,94.52611297036053
2024-01-16 14:00:00+00:00,110.25,89.44,119.4,115.7267441871021,97.73101082851245
2024-01-16 15:00:00+00:00,111.39,97.52,127.85,122.4747833282671,104.49950433149037
2024-01-16 16:00:00+00:00,128.15,106.46,137.84,128.45436597160358,115.45361247187766
2024-01-16 17:00:00+00:00,127.31,112.8,137.8,128.98776940062913,122.65683819955345
2024-01-16 18:00:00+00:00,111.77,110.38,130.43,121.30608585442411,120.40089647541899
2024-01-16 19:00:00+00:00,95.49,102.42,120.24,106.59096029348137,110.55029214611116
2024-01-16 20:00:00+00:00,86.21,91.78,111.68,92.43410890921415,99.87490272728702
2024-01-16 21:00:00+00:00,82.04,89.49,106.18,84.70467602922014,95.63998140184272
2024-01-16 22:00:00+00:00,77.69,86.43,97.09,74.93298772824687,88.63305502206933
2024-01-16 23:00:00+00:00,71.61,81.45,89.29,57.30287292754506,71.88119282088093
2024-01-17 00:00:00+00:00,71.52,81.07,86.76,53.95107143621538,70.05814481012501
2024-01-17 01:00:00+00:00,70.69,79.92,86.73,51.894427021717334,68.58221560481738
2024-01-17 02:00:00+00:00,69.74,78.19,86.09,51.29815867342932,67.3738296039549
2024-01-17 03:00:00+00:00,69.47,76.97,86.3,52.88336908972622,67.2938933624931
2024-01-17 04:00:00+00:00,71.06,81.45,89.05,60.3154842555271,72.84306648471929
2024-01-17 05:00:00+00:00,75.09,94.07,108.88,81.00301064332187,91.37637294038676
2024-01-17 06:00:00+00:00,84.39,114.77,126.29,104.35526557686427,111.52024575417138
2024-01-17 07:00:00+00:00,96.5,144.11,141.28,130.59521581631262,135.7515534148124
2024-01-17 08:00:00+00:00,106.16,138.6,130.39,133.00214737621715,130.88568532462315
2024-01-17 09:00:00+00:00,110.33,122.0,118.56,129.82831518176357,117.58891693987995
2024-01-17 10:00:00+00:00,111.1,110.0,109.13,130.62585261908376,107.95371340356014
2024-01-17 11:00:00+00:00,117.71,103.43,102.21,131.0290251112288,100.62083571949911
2024-01-17 12:00:00+00:00,121.7,94.98,105.61,129.78550584934092,93.32323813780079
2024-01-17 13:00:00+00:00,121.74,96.0,112.91,131.62658838091556,92.50950795729177
2024-01-17 14:00:00+00:00,125.46,110.25,123.8,139.81961156290498,101.97668681442559
2024-01-17 15:00:00+00:00,128.56,111.39,134.64,141.33659745081263,104.69908769623015
2024-01-17 16:00:00+00:00,140.52,128.15,143.79,152.97645866216317,120.93701966089465
2024-01-17 17:00:00+00:00,123.59,127.31,140.0,152.08156828495078,122.89392353101998
2024-01-17 18:00:00+00:00,114.28,111.77,132.15,139.51316700679325,111.72477510348506
2024-01-17 19:00:00+00:00,109.8,95.49,120.0,121.99468681556587,96.38487105120153
2024-01-17 20:00:00+00:00,101.09,86.21,109.76,108.57284256803055,86.00481688101483
2024-01-17 21:00:00+00:00,94.28,82.04,104.49,99.34226969676554,80.51034107743001
2024-01-17 22:00:00+00:00,84.17,77.69,96.03,88.69591382595189,73.20808407164
2024-01-17 23:00:00+00:00,81.33,71.61,91.75,79.9440415506067,62.91398259313925
2024-01-18 00:00:00+00:00,77.2,71.52,88.59,77.42630013219926,61.71809769207682
2024-01-18 01:00:00+00:00,75.29,70.69,87.25,76.60142991770459,60.84893612370306
2024-01-18 02:00:00+00:00,74.91,69.74,82.38,76.59773910313169,59.68268831662782
2024-01-18 03:00:00+00:00,77.57,69.47,81.95,79.56479398034796,60.5152081620731
2024-01-18 04:00:00+00:00,81.0,71.06,89.36,87.4946771735745,65.47609700242559
2024-01-18 05:00:00+00:00,91.44,75.09,102.07,103.06967607466994,77.2153881428333
2024-01-18 06:00:00+00:00,111.55,84.39,116.86,119.91639387572178,91.47993582026388
2024-01-18 07:00:00+00:00,125.89,96.5,141.0,133.8707194484806,105.53950112516667
2024-01-18 08:00:00+00:00,122.17,106.16,129.16,135.92896088506535,109.10443425909222
2024-01-18 09:00:00+00:00,110.9,110.33,113.65,132.8323434811358,107.71036681685611
2024-01-18 10:00:00+00:00,107.95,111.1,106.48,130.32243763216786,105.58109474500857
2024-01-18 11:00:00+00:00,93.55,117.71,99.38,130.78380968616835,106.73411139117952
2024-01-18 12:00:00+00:00,87.62,121.7,99.0,130.9962706781121,106.71732650407532
2024-01-18 13:00:00+00:00,86.43,121.74,105.98,130.61890130478116,105.66762595637363
2024-01-18 14:00:00+00:00,94.25,125.46,117.96,133.90171471967565,109.6436345283173
2024-01-18 15:00:00+00:00,99.52,128.56,137.35,136.49023311060304,114.74105945414985
2024-01-18 16:00:00+00:00,104.68,140.52,150.09,144.33604004740425,130.0131426711936
2024-01-18 17:00:00+00:00,103.26,123.59,136.69,129.94229927200138,119.3537367239201
2024-01-18 18:00:00+00:00,94.53,114.28,132.31,117.16391326816549,111.2888112092452
2024-01-18 19:00:00+00:00,86.97,109.8,117.88,102.22928059409871,102.21315662635386
2024-01-18 20:00:00+00:00,83.12,101.09,107.19,87.34580681915938,91.98263702483806
2024-01-18 21:00:00+00:00,80.93,94.28,100.0,74.96197355543922,84.11121629361288
2024-01-18 22:00:00+00:00,73.61,84.17,97.22,61.13640846552083,73.7360265996016
2024-01-18 23:00:00+00:00,70.58,81.33,91.04,60.74204441810259,74.65524889602759
2024-01-19 00:00:00+00:00,66.95,77.2,88.22,54.556554712626166,70.49086680227387
2024-01-19 01:00:00+00:00,65.63,75.29,85.22,51.18177663879518,68.042779241078
2024-01-19 02:00:00+00:00,62.76,74.91,84.63,50.37958179738349,67.22891799581612
2024-01-19 03:00:00+00:00,63.32,77.57,84.34,54.31202985982271,70.18677497871187
2024-01-19 04:00:00+00:00,67.47,81.0,85.32,61.6915263051264,75.50526770834462
2024-01-19 05:00:00+00:00,77.94,91.44,92.11,78.5101874887429,90.145378647886
2024-01-19 06:00:00+00:00,87.17,111.55,118.16,102.08449900478101,111.86908632210435
2024-01-19 07:00:00+00:00,104.27,125.89,140.74,116.88753085692183,126.01599365293217
2024-01-19 08:00:00+00:00,103.06,122.17,134.96,112.49020749523483,122.70002697697988
2024-01-19 09:00:00+00:00,95.15,110.9,122.01,100.90499609259834,111.95259422320541
2024-01-19 10:00:00+00:00,86.36,107.95,114.73,96.39249396153689,108.06733295079187
2024-01-19 11:00:00+00:00,76.83,93.55,106.98,85.5939146635018,95.93374747415386
2024-01-19 12:00:00+00:00,73.35,87.62,103.08,81.06684677276982,89.8801888659798
2024-01-19 13:00:00+00:00,75.21,86.43,104.54,80.76750014626221,87.16521460576705
2024-01-19 14:00:00+00:00,77.45,94.25,110.0,86.94017175643938,92.06784856183903
2024-01-19 15:00:00+00:00,84.69,99.52,120.0,90.86056228238424,96.5995434857598
2024-01-19 16:00:00+00:00,93.6,104.68,127.5,94.13227788463317,105.64087336717533
2024-01-19 17:00:00+00:00,91.7,103.26,126.0,88.35152227918138,105.1703648299215
2024-01-19 18:00:00+00:00,82.23,94.53,119.47,76.42384978943096,97.44759967655916
2024-01-19 19:00:00+00:00,74.0,86.97,108.79,63.045350542399966,88.34861470374152
2024-01-19 20:00:00+00:00,71.12,83.12,98.48,53.09578102924059,82.12439659801751
2024-01-19 21:00:00+00:00,68.64,80.93,93.37,46.730234080900736,78.1191234466173
2024-01-19 22:00:00+00:00,64.75,73.61,85.38,36.546429614701474,69.4792633369582
2024-01-19 23:00:00+00:00,66.0,70.58,90.0,29.593497741679982,64.46054636742899
2024-01-20 00:00:00+00:00,63.45,66.95,85.0,22.49007831116795,57.522971543307484
2024-01-20 01:00:00+00:00,63.54,65.63,82.0,19.38182510949484,53.43597011266475
2024-01-20 02:00:00+00:00,61.82,62.76,78.47,16.099979108984186,48.01810691626689
2024-01-20 03:00:00+00:00,61.85,63.32,75.0,16.889191897917456,46.15311476946508
2024-01-20 04:00:00+00:00,61.75,67.47,74.92,19.947283846054248,46.52026087580098
2024-01-20 05:00:00+00:00,62.59,77.94,78.1,26.240186929116916,51.70847124342401
2024-01-20 06:00:00+00:00,66.9,87.17,82.22,35.3139196673559,58.302625539082484
2024-01-20 07:00:00+00:00,74.82,104.27,85.26,47.904174712360856,70.97866116258515
2024-01-20 08:00:00+00:00,77.9,103.06,75.11,45.23994018101305,69.3322696203929
2024-01-20 09:00:00+00:00,71.8,95.15,74.21,36.8137897737749,62.16168138295017
2024-01-20 10:00:00+00:00,70.77,86.36,72.72,30.34468937894519,55.270312021799285
2024-01-20 11:00:00+00:00,67.73,76.83,70.35,25.085286787581083,46.56809781983912
2024-01-20 12:00:00+00:00,68.78,73.35,63.67,25.06976921732992,41.55148105994905
2024-01-20 13:00:00+00:00,73.39,75.21,67.91,33.30137696486425,43.389520327597154
2024-01-20 14:00:00+00:00,79.11,77.45,68.61,44.099928001419066,47.09540651118067
2024-01-20 15:00:00+00:00,87.8,84.69,70.78,57.04693573209154,55.98394204164013
2024-01-20 16:00:00+00:00,94.93,93.6,74.22,67.74363489972896,69.27688757658224
2024-01-20 17:00:00+00:00,99.87,91.7,75.81,69.30144971061156,74.1014301451118
2024-01-20 18:00:00+00:00,91.57,82.23,73.82,61.40264483826757,68.99854750300003
2024-01-20 19:00:00+00:00,81.97,74.0,73.06,52.41441495786722,62.81432932564124
2024-01-20 20:00:00+00:00,75.74,71.12,70.93,47.59674387526689,61.05751889076229
2024-01-20 21:00:00+00:00,74.68,68.64,64.3,44.0526331416348,59.79950788564424
2024-01-20 22:00:00+00:00,69.13,64.75,63.16,37.5950562489571,55.770477778611195
2024-01-20 23:00:00+00:00,66.83,66.0,64.02,40.48709111626575,62.954866140083276
2024-01-21 00:00:00+00:00,57.55,63.45,62.11,33.444255356613624,58.23843320057324
2024-01-21 01:00:00+00:00,55.15,63.54,62.93,29.452541049797574,56.092525201348465
2024-01-21 02:00:00+00:00,50.89,61.82,64.01,24.4172792167532,51.66048774442085
2024-01-21 03:00:00+00:00,48.51,61.85,64.67,21.399810052857887,48.78098797011348
2024-01-21 04:00:00+00:00,47.45,61.75,65.2,19.05310489233524,46.372278685354
2024-01-21 05:00:00+00:00,45.53,62.59,67.31,15.51012587728944,43.8432932173699
2024-01-21 06:00:00+00:00,43.96,66.9,71.66,17.338782544346643,45.46133738602372
2024-01-21 07:00:00+00:00,51.36,74.82,76.74,20.506810611212202,51.6346130812491
2024-01-21 08:00:00+00:00,54.36,77.9,81.14,19.1202207378373,55.31156998199582
2024-01-21 09:00:00+00:00,46.06,71.8,80.63,10.956133827115863,50.02204771797927
2024-01-21 10:00:00+00:00,48.67,70.77,81.84,9.142562584170392,49.389442912128104
2024-01-21 11:00:00+00:00,38.48,67.73,80.39,7.4563979132102105,46.49604930980778
2024-01-21 12:00:00+00:00,37.69,68.78,77.04,8.087716050010286,45.32095433230444
2024-01-21 13:00:00+00:00,44.3,73.39,79.15,12.913146300190135,48.25076233506237
2024-01-21 14:00:00+00:00,49.04,79.11,82.32,21.922836261784923,54.461302882977066
2024-01-21 15:00:00+00:00,49.83,87.8,86.62,33.212498819545374,65.05605708908534
2024-01-21 16:00:00+00:00,56.65,94.93,91.86,44.58655616817829,78.9472884341337
2024-01-21 17:00:00+00:00,61.45,99.87,96.97,51.240344044127774,89.02586941713245
2024-01-21 18:00:00+00:00,58.64,91.57,88.91,44.71296328888927,84.59443111654878
2024-01-21 19:00:00+00:00,51.5,81.97,81.0,35.29365434711279,77.8395346040203
2024-01-21 20:00:00+00:00,52.46,75.74,78.6,28.1988152026219,74.31567717079244
2024-01-21 21:00:00+00:00,50.39,74.68,75.39,25.466783468789515,74.6414949237132
2024-01-21 22:00:00+00:00,39.46,69.13,67.19,16.717263384386925,69.0194787477988
2024-01-21 23:00:00+00:00,36.66,66.83,67.9,15.194039059888226,73.77460037447193
2024-01-22 00:00:00+00:00,22.24,57.55,65.0,6.248681162789538,66.14160591089183
2024-01-22 01:00:00+00:00,18.62,55.15,63.94,3.202708083550519,63.85502964003217
2024-01-22 02:00:00+00:00,5.04,50.89,62.04,2.154027422314911,61.276392390120485
2024-01-22 03:00:00+00:00,5.06,48.51,62.04,5.593294275746587,62.24461609414146
2024-01-22 04:00:00+00:00,20.0,47.45,69.25,13.21126461044274,67.06879182641788
2024-01-22 05:00:00+00:00,40.5,45.53,79.95,22.26822429637079,74.15142490461622
2024-01-22 06:00:00+00:00,60.47,43.96,83.84,30.788170845938097,79.12117503891282
2024-01-22 07:00:00+00:00,66.48,51.36,99.3,40.853196880606866,87.96405322524906
2024-01-22 08:00:00+00:00,57.58,54.36,100.29,44.05104437788012,90.23145161438312
2024-01-22 09:00:00+00:00,61.55,46.06,94.88,40.418696344699356,83.47403203826138
2024-01-22 10:00:00+00:00,60.6,48.67,90.26,42.827493537891854,84.40727033866257
2024-01-22 11:00:00+00:00,56.92,38.48,83.86,38.028498045440266,75.42614583671941
2024-01-22 12:00:00+00:00,56.72,37.69,82.15,39.00354888344948,73.31877325841096
2024-01-22 13:00:00+00:00,58.23,44.3,84.5,43.291393217975255,76.44935018976099
2024-01-22 14:00:00+00:00,59.73,49.04,89.44,47.839446989216725,79.84956084838277
2024-01-22 15:00:00+00:00,59.99,49.83,97.52,50.667274653313186,82.36012145194434
2024-01-22 16:00:00+00:00,70.94,56.65,106.46,57.64534789463482,92.05311562897401
2024-01-22 17:00:00+00:00,77.35,61.45,112.8,58.94024481306193,98.09831896840643
2024-01-22 18:00:00+00:00,71.99,58.64,110.38,51.3293902446338,94.6917276788522
2024-01-22 19:00:00+00:00,66.65,51.5,102.42,37.50604535239056,84.92467730898672
2024-01-22 20:00:00+00:00,57.0,52.46,91.78,28.556876146780326,80.7871585467054
2024-01-22 21:00:00+00:00,55.89,50.39,89.49,22.377568599433346,77.00585510870367
2024-01-22 22:00:00+00:00,49.88,39.46,86.43,10.029694209125552,66.3352813817157
2024-01-22 23:00:00+00:00,16.23,36.66,81.45,-3.7691177039555726,52.94755662710063
2024-01-23 00:00:00+00:00,10.1,22.24,81.07,-13.364183373806142,41.880078311649996
2024-01-23 01:00:00+00:00,9.37,18.62,79.92,-15.309736404932409,39.026088872851396
2024-01-23 02:00:00+00:00,4.17,5.04,78.19,-19.74015980203589,30.77911494688763
2024-01-23 03:00:00+00:00,10.22,5.06,76.97,-15.353702336431127,32.70872847768359
2024-01-23 04:00:00+00:00,39.23,20.0,81.45,0.439959291686165,47.27960987815612
2024-01-23 05:00:00+00:00,59.76,40.5,94.07,21.842921579063614,68.22476371111294
2024-01-23 06:00:00+00:00,76.42,60.47,114.77,44.910441365240686,88.03684514081476
2024-01-23 07:00:00+00:00,69.82,66.48,144.11,57.518787713179556,97.15055816475079
2024-01-23 08:00:00+00:00,69.93,57.58,138.6,52.35279154052458,90.50652798728763
2024-01-23 09:00:00+00:00,59.97,61.55,122.0,49.35803826422787,89.55381684421833
2024-01-23 10:00:00+00:00,59.8,60.6,110.0,45.78168156983422,87.00975805717698
2024-01-23 11:00:00+00:00,59.14,56.92,103.43,40.14477883504892,81.14168918445874
2024-01-23 12:00:00+00:00,59.43,56.72,94.98,39.375551303113355,77.85037454885651
2024-01-23 13:00:00+00:00,62.7,58.23,96.0,46.086190332481046,77.24337477967117
2024-01-23 14:00:00+00:00,74.63,59.73,110.25,57.24021417368361,79.25489019079436
2024-01-23 15:00:00+00:00,78.95,59.99,111.39,62.49245260881212,79.63760983142392
2024-01-23 16:00:00+00:00,81.59,70.94,128.15,71.86384147188615,93.30618748703996
2024-01-23 17:00:00+00:00,84.51,77.35,127.31,72.42285137919404,100.36821274789465
2024-01-23 18:00:00+00:00,74.55,71.99,111.77,61.224866091640386,94.76045797465328
2024-01-23 19:00:00+00:00,61.95,66.65,95.49,45.56206200893775,85.53155494018374
2024-01-23 20:00:00+00:00,53.74,57.0,86.21,30.113978599500243,75.54618584011467
2024-01-23 21:00:00+00:00,45.36,55.89,82.04,21.745347830695394,71.98201229327869
2024-01-23 22:00:00+00:00,33.26,49.88,77.69,9.330798263154477,63.8721289698669
2024-01-23 23:00:00+00:00,3.05,16.23,71.61,-19.66730656690389,32.09798030610507
2024-01-24 00:00:00+00:00,-0.03,10.1,71.52,-27.16409191640686,25.06610669774976
2024-01-24 01:00:00+00:00,-0.64,9.37,70.69,-28.493907079736644,23.860368735852873
2024-01-24 02:00:00+00:00,-4.41,4.17,69.74,-31.200454091700024,19.335305162109748
2024-01-24 03:00:00+00:00,-4.84,10.22,69.47,-24.748953737433766,24.62190374619928
2024-01-24 04:00:00+00:00,-0.18,39.23,71.06,-3.9231954964512994,47.63008809968472
2024-01-24 05:00:00+00:00,14.76,59.76,75.09,15.429111211575105,69.29739199610688
2024-01-24 06:00:00+00:00,42.09,76.42,84.39,34.499615731340015,87.21423750385145
2024-01-24 07:00:00+00:00,51.58,69.82,96.5,37.55092226603087,86.02868236437551
2024-01-24 08:00:00+00:00,50.76,69.93,106.16,38.15401662242428,85.91502379680796
2024-01-24 09:00:00+00:00,50.1,59.97,110.33,32.19817439606494,79.50991426066831
2024-01-24 10:00:00+00:00,50.78,59.8,111.1,29.95438629654835,78.5694204709496
2024-01-24 11:00:00+00:00,39.32,59.14,117.71,27.980221506501522,76.99928166129195
2024-01-24 12:00:00+00:00,36.44,59.43,121.7,27.598205986977035,75.51812353624032
2024-01-24 13:00:00+00:00,45.04,62.7,121.74,29.155107589419785,75.4655996356044
2024-01-24 14:00:00+00:00,49.95,74.63,125.46,38.506815542374376,83.031516895965
2024-01-24 15:00:00+00:00,50.8,78.95,128.56,43.79280686423691,85.94343992026765
2024-01-24 16:00:00+00:00,54.21,81.59,140.52,50.44203110530723,93.45136076328856
2024-01-24 17:00:00+00:00,53.32,84.51,123.59,51.13783399284318,96.44597065020447
2024-01-24 18:00:00+00:00,50.09,74.55,114.28,41.88385814802018,88.011267732965
2024-01-24 19:00:00+00:00,42.18,61.95,109.8,28.600482950598348,75.83788423910607
2024-01-24 20:00:00+00:00,40.04,53.74,101.09,17.49623330448911,66.04391487926574
2024-01-24 21:00:00+00:00,42.01,45.36,94.28,9.326374814681955,57.462991417191425
2024-01-24 22:00:00+00:00,38.53,33.26,84.17,-2.558724559525743,45.201845029499225
2024-01-24 23:00:00+00:00,44.34,3.05,81.33,-24.30319195438112,17.50409939966056
2024-01-25 00:00:00+00:00,45.06,-0.03,77.2,-27.1959640381033,13.501020565323472
2024-01-25 01:00:00+00:00,43.34,-0.64,75.29,-27.189976229115373,11.779474734459498
2024-01-25 02:00:00+00:00,44.92,-4.41,74.91,-25.83297963351677,9.313895440233239
2024-01-25 03:00:00+00:00,46.22,-4.84,77.57,-18.755646867312834,11.777492895028132
2024-01-25 04:00:00+00:00,52.38,-0.18,81.0,-5.027227799588431,20.752929780795725
2024-01-25 05:00:00+00:00,69.1,14.76,91.44,18.454099395556312,39.590438399939934
2024-01-25 06:00:00+00:00,77.65,42.09,111.55,48.171777355707555,65.0207969037135
2024-01-25 07:00:00+00:00,91.87,51.58,125.89,62.387270469808996,72.91277396399278
2024-01-25 08:00:00+00:00,87.97,50.76,122.17,65.03424437340078,71.62192676365977
2024-01-25 09:00:00+00:00,83.95,50.1,110.9,64.0370522292676,68.03734644256346
2024-01-25 10:00:00+00:00,78.66,50.78,107.95,66.1485784455737,67.85772753900454
2024-01-25 11:00:00+00:00,74.95,39.32,93.55,60.7815098951622,57.07034354968833
2024-01-25 12:00:00+00:00,77.86,36.44,87.62,62.78700900407216,52.85634438039915
2024-01-25 13:00:00+00:00,87.07,45.04,86.43,72.59895528731607,56.73303857827777
2024-01-25 14:00:00+00:00,93.91,49.95,94.25,83.1399126115804,60.62159162264392
2024-01-25 15:00:00+00:00,102.46,50.8,99.52,88.3017852013372,61.750051376417204
2024-01-25 16:00:00+00:00,123.38,54.21,104.68,92.98171866887503,67.60768488879803
2024-01-25 17:00:00+00:00,115.54,53.32,103.26,91.7390334312882,69.0938350296689
2024-01-25 18:00:00+00:00,98.79,50.09,94.53,83.59974988682364,64.07813103891644
2024-01-25 19:00:00+00:00,91.07,42.18,86.97,70.69794922712057,54.557711862775875
2024-01-25 20:00:00+00:00,86.31,40.04,83.12,61.863605411759316,49.8728759891402
2024-01-25 21:00:00+00:00,80.43,42.01,80.93,56.95558926587077,48.83510596874042
2024-01-25 22:00:00+00:00,75.16,38.53,73.61,47.83134490015843,42.231667652236304
2024-01-25 23:00:00+00:00,62.8,44.34,70.58,46.76760784477687,46.209200292752705
2024-01-26 00:00:00+00:00,62.0,45.06,66.95,43.2794415669555,44.731740526526394
2024-01-26 01:00:00+00:00,58.49,43.34,65.63,38.65606916663722,42.09741549692757
2024-01-26 02:00:00+00:00,57.73,44.92,62.76,36.426718350597234,41.99927425059587
2024-01-26 03:00:00+00:00,57.07,46.22,63.32,35.44195314445703,43.05283732283615
2024-01-26 04:00:00+00:00,52.16,52.38,67.47,37.43131003468068,48.34445316308202
2024-01-26 05:00:00+00:00,59.37,69.1,77.94,51.61357489935488,67.1182033789606
2024-01-26 06:00:00+00:00,71.12,77.65,87.17,61.57850150729071,80.20971063424194
2024-01-26 07:00:00+00:00,76.59,91.87,104.27,69.60368559095254,93.72824550005049
2024-01-26 08:00:00+00:00,70.58,87.97,103.06,61.86518164206285,90.09195326257155
2024-01-26 09:00:00+00:00,61.61,83.95,95.15,53.29471565550535,85.06268888692367
2024-01-26 10:00:00+00:00,59.14,78.66,86.36,45.16739982074582,79.43024182365171
2024-01-26 11:00:00+00:00,52.28,74.95,76.83,36.406974793476685,72.88100016131709
2024-01-26 12:00:00+00:00,46.47,77.86,73.35,32.81612461537047,71.8933728192184
2024-01-26 13:00:00+00:00,49.28,87.07,75.21,34.6801961127406,76.37169515771637
2024-01-26 14:00:00+00:00,50.11,93.91,77.45,39.1902018350073,80.82634253575345
2024-01-26 15:00:00+00:00,52.74,102.46,84.69,48.30855524656939,87.8057024925222
2024-01-26 16:00:00+00:00,60.7,123.38,93.6,67.74498989672449,107.3018052611751
2024-01-26 17:00:00+00:00,58.75,115.54,91.7,67.1260989809857,104.48058114065546
2024-01-26 18:00:00+00:00,64.96,98.79,82.23,56.00387292782089,91.47985281277637
2024-01-26 19:00:00+00:00,58.78,91.07,74.0,46.633547166731695,82.31306066484967
2024-01-26 20:00:00+00:00,62.02,86.31,71.12,39.840225219537736,76.22018206294788
2024-01-26 21:00:00+00:00,59.58,80.43,68.64,34.9223381853341,70.94519132582236
2024-01-26 22:00:00+00:00,57.08,75.16,64.75,29.019240239958776,64.89889072850971
2024-01-26 23:00:00+00:00,55.5,62.8,66.0,20.57832430531178,55.278114083147784
2024-01-27 00:00:00+00:00,55.03,62.0,63.45,17.530927797805887,51.426801023047695
2024-01-27 01:00:00+00:00,56.21,58.49,63.54,13.63692692472739,45.44558799820372
2024-01-27 02:00:00+00:00,55.05,57.73,61.82,11.525465536132131,40.74303930180953
2024-01-27 03:00:00+00:00,55.74,57.07,61.85,11.900728004483838,37.09254845413488
2024-01-27 04:00:00+00:00,56.83,52.16,61.75,12.84364888567957,32.08826531478486
2024-01-27 05:00:00+00:00,59.07,59.37,62.59,19.895139351545893,35.18970063401504
2024-01-27 06:00:00+00:00,65.91,71.12,66.9,31.977820178207367,42.463414257166725
2024-01-27 07:00:00+00:00,75.29,76.59,74.82,40.614390424261536,48.24436953010208
2024-01-27 08:00:00+00:00,72.56,70.58,77.9,36.26704017684337,44.98023466458574
2024-01-27 09:00:00+00:00,60.06,61.61,71.8,25.60412855539286,37.169944952643235
2024-01-27 10:00:00+00:00,56.61,59.14,70.77,19.392686215316232,34.19505884998381
2024-01-27 11:00:00+00:00,55.84,52.28,67.73,13.483609501288669,28.248844860915852
2024-01-27 12:00:00+00:00,53.88,46.47,68.78,13.529912195041575,23.88199940979129
2024-01-27 13:00:00+00:00,59.72,49.28,73.39,24.947329789628228,26.720733567638447
2024-01-27 14:00:00+00:00,72.44,50.11,79.11,40.44315272315986,29.913611494993347
2024-01-27 15:00:00+00:00,83.62,52.74,87.8,57.20359706223928,37.152998637654896
2024-01-27 16:00:00+00:00,93.37,60.7,94.93,70.61584848600083,51.510228088523036
2024-01-27 17:00:00+00:00,95.95,58.75,99.87,71.17017657952525,55.139267239060466
2024-01-27 18:00:00+00:00,92.53,64.96,91.57,70.16245393933531,58.68652969988121
2024-01-27 19:00:00+00:00,84.42,58.78,81.97,61.092922039094546,53.122347069417934
2024-01-27 20:00:00+00:00,76.07,62.02,75.74,57.586172077271975,54.03714834022813
2024-01-27 21:00:00+00:00,75.97,59.58,74.68,54.426873141747045,52.961536750175334
2024-01-27 22:00:00+00:00,72.7,57.08,69.13,48.05090782619061,48.43114700484419
2024-01-27 23:00:00+00:00,66.77,55.5,66.83,50.65553750305394,51.19732123269021
2024-01-28 00:00:00+00:00,60.92,55.03,57.55,47.18413396556413,46.90615074246988
2024-01-28 01:00:00+00:00,59.65,56.21,55.15,46.819033735928684,44.775413809777284
2024-01-28 02:00:00+00:00,59.94,55.05,50.89,45.13226700443467,40.48583787552836
2024-01-28 03:00:00+00:00,61.4,55.74,48.51,45.0907112725237,37.71115200058389
2024-01-28 04:00:00+00:00,64.11,56.83,47.45,44.23882829575458,34.50065987633822
2024-01-28 05:00:00+00:00,60.53,59.07,45.53,43.18142750643326,32.34992844348578
2024-01-28 06:00:00+00:00,59.64,65.91,43.96,46.422865414511925,35.48493881469714
2024-01-28 07:00:00+00:00,59.63,75.29,51.36,48.820157371608886,42.51984982099867
2024-01-28 08:00:00+00:00,55.08,72.56,54.36,37.71126131309267,41.45564271131223
2024-01-28 09:00:00+00:00,51.16,60.06,46.06,16.851353497876246,30.608360251700105
2024-01-28 10:00:00+00:00,45.75,56.61,48.67,9.5458998633666,29.349013325948576
2024-01-28 11:00:00+00:00,41.58,55.84,38.48,7.531043718403723,26.386809804862168
2024-01-28 12:00:00+00:00,40.09,53.88,37.69,9.12239394949178,23.251552078168004
2024-01-28 13:00:00+00:00,50.65,59.72,44.3,20.856766275891772,28.030853318398
2024-01-28 14:00:00+00:00,56.41,72.44,49.04,38.53877073225011,38.471928237485734
2024-01-28 15:00:00+00:00,68.87,83.62,49.83,54.09050432600698,50.564416706610864
2024-01-28 16:00:00+00:00,77.84,93.37,56.65,64.24729327277767,66.89450101326935
2024-01-28 17:00:00+00:00,71.93,95.95,61.45,64.66583688122577,75.45636208994645
2024-01-28 18:00:00+00:00,69.88,92.53,58.64,59.30464435944164,76.64691811949018
2024-01-28 19:00:00+00:00,68.25,84.42,51.5,49.90725820159393,71.6747641252627
2024-01-28 20:00:00+00:00,57.17,76.07,52.46,42.41620233849405,67.74617849966587
2024-01-28 21:00:00+00:00,59.43,75.97,50.39,40.56425387512988,68.83172602723452
2024-01-28 22:00:00+00:00,56.0,72.7,39.46,33.656260716454895,64.19107323862043
2024-01-28 23:00:00+00:00,49.97,66.77,36.66,35.107499816223594,68.7957607509806
2024-01-29 00:00:00+00:00,47.26,60.92,22.24,28.405027971371297,61.25393309306277
2024-01-29 01:00:00+00:00,48.12,59.65,18.62,28.937802257378678,59.645843828963166
2024-01-29 02:00:00+00:00,47.97,59.94,5.04,31.00722472050616,58.13327768351212
2024-01-29 03:00:00+00:00,51.58,61.4,5.06,38.88637216228362,61.18752719341106
2024-01-29 04:00:00+00:00,60.06,64.11,20.0,52.451996078416165,69.0333953847776
2024-01-29 05:00:00+00:00,80.0,60.53,40.5,66.2663604215328,75.89492860290314
2024-01-29 06:00:00+00:00,93.57,59.64,60.47,79.49048806934107,82.58948218672091
2024-01-29 07:00:00+00:00,99.17,59.63,66.48,83.44754392802763,85.0860524341166
2024-01-29 08:00:00+00:00,88.39,55.08,57.58,74.11712257349672,80.38396756156209
2024-01-29 09:00:00+00:00,78.9,51.16,61.55,65.16779876823884,76.21197983514786
2024-01-29 10:00:00+00:00,71.27,45.75,60.6,61.18040271767359,71.94916491006127
2024-01-29 11:00:00+00:00,70.24,41.58,56.92,63.58802978674583,67.54886877350629
2024-01-29 12:00:00+00:00,74.99,40.09,56.72,70.53060752686314,64.79253975574176
2024-01-29 13:00:00+00:00,82.55,50.65,58.23,85.65863520277588,70.3598110864709
2024-01-29 14:00:00+00:00,97.6,56.41,59.73,100.69173994640381,75.21065659196285
2024-01-29 15:00:00+00:00,108.43,68.87,59.99,114.35136653490088,84.12585558631432
2024-01-29 16:00:00+00:00,127.42,77.84,70.94,123.07786710615034,95.24410562422702
2024-01-29 17:00:00+00:00,117.3,71.93,77.35,118.60688591320388,94.51605983939244
2024-01-29 18:00:00+00:00,107.52,69.88,71.99,111.7809938622786,91.8976105169843
2024-01-29 19:00:00+00:00,91.98,68.25,66.65,103.16974300631415,87.44309817232107
2024-01-29 20:00:00+00:00,86.79,57.17,57.0,90.12406454008551,76.35243536765644
2024-01-29 21:00:00+00:00,83.42,59.43,55.89,86.42868467941442,76.32289207854465
2024-01-29 22:00:00+00:00,80.29,56.0,49.88,78.64047008099664,70.82271847404841
2024-01-29 23:00:00+00:00,71.94,49.97,16.23,56.550251633013644,55.05390026946005
2024-01-30 00:00:00+00:00,68.79,47.26,10.1,51.12776170758308,50.23264124702517
2024-01-30 01:00:00+00:00,69.37,48.12,9.37,49.9104849516117,50.05430270068543
2024-01-30 02:00:00+00:00,67.44,47.97,4.17,48.48698111486738,49.260325658866364
2024-01-30 03:00:00+00:00,67.18,51.58,10.22,53.12851727107322,54.10621136782193
2024-01-30 04:00:00+00:00,69.37,60.06,39.23,65.8251628644761,66.8141449400836
2024-01-30 05:00:00+00:00,78.43,80.0,59.76,85.65965619607502,87.36147799869397
2024-01-30 06:00:00+00:00,90.6,93.57,76.42,100.84129525947608,101.5596690968282
2024-01-30 07:00:00+00:00,95.93,99.17,69.82,103.55548440662344,105.71381867752893
2024-01-30 08:00:00+00:00,84.93,88.39,69.93,91.772921619737,98.60522300470457
2024-01-30 09:00:00+00:00,77.15,78.9,59.97,78.22571955576416,89.43481035602119
2024-01-30 10:00:00+00:00,70.1,71.27,59.8,71.98820957102404,83.38076510929454
2024-01-30 11:00:00+00:00,68.1,70.24,59.14,72.08267812693671,80.6920214691374
2024-01-30 12:00:00+00:00,68.23,74.99,59.43,76.4085318179367,81.74440073073639
2024-01-30 13:00:00+00:00,71.93,82.55,62.7,83.33977273399401,86.12779729143604
2024-01-30 14:00:00+00:00,79.49,97.6,74.63,96.60748942611546,97.87420898237178
2024-01-30 15:00:00+00:00,82.36,108.43,78.95,105.34147706289909,107.18127047948275
2024-01-30 16:00:00+00:00,88.17,127.42,81.59,116.68017906033606,124.72411440814417
2024-01-30 17:00:00+00:00,99.23,117.3,84.51,108.91969831190231,120.57876790177218
2024-01-30 18:00:00+00:00,91.91,107.52,74.55,96.5996633679742,112.15729379465522
2024-01-30 19:00:00+00:00,86.04,91.98,61.95,81.07405533840797,98.86703110181114
2024-01-30 20:00:00+00:00,78.0,86.79,53.74,71.64860252121252,91.86129035993919
2024-01-30 21:00:00+00:00,75.01,83.42,45.36,65.83881418328585,87.40187074266984
2024-01-30 22:00:00+00:00,71.51,80.29,33.26,58.75657105418538,81.01364087579206
2024-01-30 23:00:00+00:00,71.73,71.94,3.05,31.40390075969681,52.857142657812126
2024-01-31 00:00:00+00:00,70.19,68.79,-0.03,29.013711196001267,48.710216862628194
2024-01-31 01:00:00+00:00,70.89,69.37,-0.64,30.979733916129746,48.14992929230737
2024-01-31 02:00:00+00:00,69.82,67.44,-4.41,33.87364353502133,46.7523861470763
2024-01-31 03:00:00+00:00,69.14,67.18,-4.84,40.74728458740666,48.36765898277828
2024-01-31 04:00:00+00:00,73.82,69.37,-0.18,55.64631562166045,56.35773065040904
2024-01-31 05:00:00+00:00,84.85,78.43,14.76,75.76331957032448,70.96043619094537
2024-01-31 06:00:00+00:00,108.17,90.6,42.09,95.28895207208359,86.4915944442216
2024-01-31 07:00:00+00:00,119.93,95.93,51.58,103.03504892511991,92.72292038486817
2024-01-31 08:00:00+00:00,93.61,84.93,50.76,94.1791784096928,84.81778156331364
2024-01-31 09:00:00+00:00,82.98,77.15,50.1,83.38244841934622,77.6468215218
2024-01-31 10:00:00+00:00,77.09,70.1,50.78,74.0967411112094,72.0144473633451
2024-01-31 11:00:00+00:00,74.91,68.1,39.32,65.77034662543821,67.76432858692453
2024-01-31 12:00:00+00:00,67.66,68.23,36.44,62.56200667123125,66.25110728416058
2024-01-31 13:00:00+00:00,66.69,71.93,45.04,66.91437694821502,68.77459353235075
2024-01-31 14:00:00+00:00,75.87,79.49,49.95,77.68330653738687,75.36326419665969
2024-01-31 15:00:00+00:00,81.62,82.36,50.8,83.40524571205425,78.7533015114902
2024-01-31 16:00:00+00:00,87.91,88.17,54.21,85.56207844302055,87.73578199922066
2024-01-31 17:00:00+00:00,86.78,99.23,53.32,82.18155004169104,96.10457236710572
2024-01-31 18:00:00+00:00,73.65,91.91,50.09,66.00565560606779,89.3707548669741
2024-01-31 19:00:00+00:00,66.03,86.04,42.18,49.22739544701181,81.69160742029983
2024-01-31 20:00:00+00:00,56.96,78.0,40.04,34.29931786494997,74.06173269514764
2024-01-31 21:00:00+00:00,54.08,75.01,42.01,26.87630694149867,70.82611554756221
2024-01-31 22:00:00+00:00,39.73,71.51,38.53,18.311459712007903,65.74878289478846
2024-01-31 23:00:00+00:00,47.06,71.73,44.34,5.365666478715738,56.30194835702054
2024-02-01 00:00:00+00:00,41.12,70.19,45.06,3.5345244594429914,54.0075112057352
2024-02-01 01:00:00+00:00,42.16,70.89,43.34,5.6847793634749735,54.10695137831431
2024-02-01 02:00:00+00:00,43.05,69.82,44.92,8.721066076880888,53.59702252297976
2024-02-01 03:00:00+00:00,46.91,69.14,46.22,13.699767468401987,54.23141560827856
2024-02-01 04:00:00+00:00,55.34,73.82,52.38,23.849382341294444,59.63292704520993
2024-02-01 05:00:00+00:00,69.01,84.85,69.1,44.08844535569451,75.5529204707432
2024-02-01 06:00:00+00:00,86.12,108.17,77.65,69.19615881296963,97.1495550478537
2024-02-01 07:00:00+00:00,92.5,119.93,91.87,84.30527404725126,109.04445410399879
2024-02-01 08:00:00+00:00,86.29,93.61,87.97,69.87275865571542,90.11134677906291
2024-02-01 09:00:00+00:00,83.67,82.98,83.95,59.75678829207199,81.20494935492093
2024-02-01 10:00:00+00:00,77.22,77.09,78.66,49.92872305824596,74.7277766768236
2024-02-01 11:00:00+00:00,67.6,74.91,74.95,42.31776589918322,70.70568814656454
2024-02-01 12:00:00+00:00,57.26,67.66,77.86,36.460176669599285,64.3014866126224
2024-02-01 13:00:00+00:00,68.74,66.69,87.07,39.827189563675866,63.38532480180586
2024-02-01 14:00:00+00:00,75.07,75.87,93.91,53.0908260028124,70.03466188431958
2024-02-01 15:00:00+00:00,77.05,81.62,102.46,67.06260328129616,76.14012283231914
2024-02-01 16:00:00+00:00,91.61,87.91,123.38,81.03825106869029,88.18169410190042
2024-02-01 17:00:00+00:00,94.67,86.78,115.54,80.61479378214952,89.72179072259915
2024-02-01 18:00:00+00:00,97.89,73.65,98.79,69.46278564351682,78.162618036488
2024-02-01 19:00:00+00:00,89.97,66.03,91.07,60.41720303354426,69.90626918645552
2024-02-01 20:00:00+00:00,83.29,56.96,86.31,51.108568090038695,61.07008913558787
2024-02-01 21:00:00+00:00,81.88,54.08,80.43,44.63598313763128,56.33159348821828
2024-02-01 22:00:00+00:00,73.38,39.73,75.16,32.2297977687694,44.12750021098532
2024-02-01 23:00:00+00:00,64.27,47.06,62.8,30.59273748763067,46.72500484521721
2024-02-02 00:00:00+00:00,59.94,41.12,62.0,25.28830399625923,41.53454468058799
2024-02-02 01:00:00+00:00,58.0,42.16,58.49,24.759187915780018,41.46325998924
2024-02-02 02:00:00+00:00,54.69,43.05,57.73,25.336451541391483,41.580385146914985
2024-02-02 03:00:00+00:00,53.23,46.91,57.07,31.07751181452275,46.06833264071561
2024-02-02 04:00:00+00:00,55.07,55.34,52.16,41.1181365715688,54.790528660605844
2024-02-02 05:00:00+00:00,66.94,69.01,59.37,58.54412712748055,71.60346874273309
2024-02-02 06:00:00+00:00,76.99,86.12,71.12,76.21680997357636,89.66539160674172
2024-02-02 07:00:00+00:00,89.32,92.5,76.59,82.14637277907457,96.62362900948231
2024-02-02 08:00:00+00:00,85.9,86.29,70.58,74.33606997191897,88.85786486785119
2024-02-02 09:00:00+00:00,80.77,83.67,61.61,67.33504415833045,83.20711355932913
2024-02-02 10:00:00+00:00,75.15,77.22,59.14,58.97488714494505,76.60348078632842
2024-02-02 11:00:00+00:00,64.8,67.6,52.28,47.089198990195165,67.13452741759286
2024-02-02 12:00:00+00:00,56.52,57.26,46.47,36.06051391514534,57.17029798736113
2024-02-02 13:00:00+00:00,54.83,68.74,49.28,38.79879133422511,63.095866234700104
2024-02-02 14:00:00+00:00,53.09,75.07,50.11,42.15815361285377,67.83899310922615
2024-02-02 15:00:00+00:00,52.73,77.05,52.74,43.33607254806919,69.98747645878072
2024-02-02 16:00:00+00:00,58.5,91.61,60.7,52.88330512269197,84.79837112399431
2024-02-02 17:00:00+00:00,68.97,94.67,58.75,51.513711764669004,88.61840944041155
2024-02-02 18:00:00+00:00,63.34,97.89,64.96,48.17123150841752,90.01306397071122
2024-02-02 19:00:00+00:00,55.06,89.97,58.78,36.42334052761502,81.59206983505752
2024-02-02 20:00:00+00:00,49.68,83.29,62.02,26.806621361684478,74.7189028609717
2024-02-02 21:00:00+00:00,46.03,81.88,59.58,22.40596625383978,71.59539512384455
2024-02-02 22:00:00+00:00,36.05,73.38,57.08,10.950357511730942,61.40464413528493
2024-02-02 23:00:00+00:00,24.74,64.27,55.5,3.222195167842216,53.49042450163512
2024-02-03 00:00:00+00:00,12.85,59.94,55.03,-3.5782795920645327,46.43413477047512
2024-02-03 01:00:00+00:00,6.73,58.0,56.21,-7.289812745283129,41.830494209393684
2024-02-03 02:00:00+00:00,10.51,54.69,55.05,-10.859633288055633,35.80791729687583
2024-02-03 03:00:00+00:00,8.53,53.23,55.74,-11.284947537012059,32.14896552003748
2024-02-03 04:00:00+00:00,8.8,55.07,56.83,-8.17693990329849,31.891501313722003
2024-02-03 05:00:00+00:00,16.48,66.94,59.07,-0.9965516310944196,38.4453599675128
2024-02-03 06:00:00+00:00,34.17,76.99,65.91,9.236978507541991,45.852350032588156
2024-02-03 07:00:00+00:00,45.99,89.32,75.29,20.697719452675173,55.63576845674672
2024-02-03 08:00:00+00:00,45.97,85.9,72.56,20.18538278585261,52.89494860717941
2024-02-03 09:00:00+00:00,35.62,80.77,60.06,14.720231135058043,46.721623840105714
2024-02-03 10:00:00+00:00,30.42,75.15,56.61,9.608645103493572,41.10589799449825
2024-02-03 11:00:00+00:00,30.58,64.8,55.84,3.024849065371413,32.39672652058243
2024-02-03 12:00:00+00:00,30.62,56.52,53.88,-2.3952425037824554,24.437948679824842
2024-02-03 13:00:00+00:00,40.74,54.83,59.72,1.6219694285883008,25.18101654123997
2024-02-03 14:00:00+00:00,43.7,53.09,72.44,8.958824744516534,27.974115340461623
2024-02-03 15:00:00+00:00,49.36,52.73,83.62,16.877229744748107,32.57236616894926
2024-02-03 16:00:00+00:00,57.83,58.5,93.37,28.86113611755144,45.52602017947491
2024-02-03 17:00:00+00:00,68.57,68.97,95.95,38.05445052366256,58.73185218125136
2024-02-03 18:00:00+00:00,65.98,63.34,92.53,33.13858686650869,57.29403286269367
2024-02-03 19:00:00+00:00,54.37,55.06,84.42,22.89766958361936,50.67420937071119
2024-02-03 20:00:00+00:00,51.21,49.68,76.07,15.003612442439149,46.10895604706256
2024-02-03 21:00:00+00:00,50.81,46.03,75.97,11.5889880420562,45.12098484171071
2024-02-03 22:00:00+00:00,38.71,36.05,72.7,0.935335150030312,36.763035619981295
2024-02-03 23:00:00+00:00,35.3,24.74,66.77,-3.786505678381033,33.087412226597124
2024-02-04 00:00:00+00:00,10.04,12.85,60.92,-14.233403146437041,22.424180566583743
2024-02-04 01:00:00+00:00,3.23,6.73,59.65,-20.965754192197423,15.91575460889527
2024-02-04 02:00:00+00:00,0.68,10.51,59.94,-21.787453514084447,15.379781595820361
2024-02-04 03:00:00+00:00,0.0,8.53,61.4,-23.813590351926834,11.69523367431853
2024-02-04 04:00:00+00:00,0.0,8.8,64.11,-23.892556380779226,9.707878569166382
2024-02-04 05:00:00+00:00,0.0,16.48,60.53,-21.755136691165788,11.916503939976465
2024-02-04 06:00:00+00:00,1.05,34.17,59.64,-11.71561997646559,22.039141317931254
2024-02-04 07:00:00+00:00,8.87,45.99,59.63,-4.3748979428523995,30.327061172606875
2024-02-04 08:00:00+00:00,9.83,45.97,55.08,-5.405323316505786,30.242860781742593
2024-02-04 09:00:00+00:00,10.87,35.62,51.16,-12.820152174576975,22.593647595650197
2024-02-04 10:00:00+00:00,12.81,30.42,45.75,-17.464869376328167,18.333222826994756
2024-02-04 11:00:00+00:00,13.82,30.58,41.58,-20.361573255699,16.08970986907393
2024-02-04 12:00:00+00:00,4.62,30.62,40.09,-21.12216137002143,13.752749839385302
2024-02-04 13:00:00+00:00,9.72,40.74,50.65,-13.733138315100362,20.96984368373471
2024-02-04 14:00:00+00:00,15.72,43.7,56.41,-8.086929235007517,25.41542191686814
2024-02-04 15:00:00+00:00,18.43,49.36,68.87,1.3019727884585421,34.783945469126806
2024-02-04 16:00:00+00:00,38.91,57.83,77.84,14.729451351513177,50.20507883630307
2024-02-04 17:00:00+00:00,46.01,68.57,71.93,24.10163427435438,64.20422660920552
2024-02-04 18:00:00+00:00,36.17,65.98,69.88,20.191320288978076,64.39046146511541
2024-02-04 19:00:00+00:00,29.05,54.37,68.25,8.942777990750983,56.91797622843736
2024-02-04 20:00:00+00:00,24.52,51.21,57.17,1.3136936658801943,53.80843428813604
2024-02-04 21:00:00+00:00,24.44,50.81,59.43,0.19149873457793376,55.34180282670791
2024-02-04 22:00:00+00:00,0.57,38.71,56.0,-11.677481581572621,45.06020302580275
2024-02-04 23:00:00+00:00,0.0,35.3,49.97,-6.730769583829215,48.7100601010985
2024-02-05 00:00:00+00:00,-0.03,10.04,47.26,-21.014731232199978,30.14526065707018
2024-02-05 01:00:00+00:00,-0.07,3.23,48.12,-25.63211248328355,24.769309850916386
2024-02-05 02:00:00+00:00,-0.13,0.68,47.97,-23.834970789622517,24.727883695945664
2024-02-05 03:00:00+00:00,-0.05,0.0,51.58,-18.8529268238797,26.85394130037311
2024-02-05 04:00:00+00:00,0.42,0.0,60.06,-10.748889668827886,32.47675561359988
2024-02-05 05:00:00+00:00,38.97,0.0,80.0,2.6450583975955198,43.34723374834544
2024-02-05 06:00:00+00:00,58.91,1.05,93.57,15.975794385983576,52.45648426098116
2024-02-05 07:00:00+00:00,62.32,8.87,99.17,23.988732736104538,61.08467673044018
2024-02-05 08:00:00+00:00,56.86,9.83,88.39,18.766735494956848,59.68348574706317
2024-02-05 09:00:00+00:00,52.93,10.87,78.9,10.95811916212115,57.22395931334755
2024-02-05 10:00:00+00:00,40.15,12.81,71.27,5.114771016672194,55.89419424803317
2024-02-05 11:00:00+00:00,7.05,13.82,70.24,0.5974675299584931,54.37753744974865
2024-02-05 12:00:00+00:00,1.09,4.62,74.99,-6.210707537727487,46.552655709370434
2024-02-05 13:00:00+00:00,5.01,9.72,82.55,-0.37865732025369425,49.33849400968726
2024-02-05 14:00:00+00:00,53.1,15.72,97.6,12.382803097828273,54.74451074602043
2024-02-05 15:00:00+00:00,60.72,18.43,108.43,24.77384418591207,59.157922980348395
2024-02-05 16:00:00+00:00,68.47,38.91,127.42,43.67850570655728,79.43330390824158
2024-02-05 17:00:00+00:00,68.78,46.01,117.3,45.379461991066144,86.24421205137395
2024-02-05 18:00:00+00:00,61.84,36.17,107.52,35.21503605844673,78.76016627834355
2024-02-05 19:00:00+00:00,60.48,29.05,91.98,21.151909545745454,68.25365573610237
2024-02-05 20:00:00+00:00,59.65,24.52,86.79,10.932398262895035,61.75998776514949
2024-02-05 21:00:00+00:00,56.3,24.44,83.42,6.2061000455854725,59.14206941625548
2024-02-05 22:00:00+00:00,47.41,0.57,80.29,-11.701609836501675,40.02413314622632
2024-02-05 23:00:00+00:00,35.04,0.0,71.94,-28.267875978202568,26.833100400575162
2024-02-06 00:00:00+00:00,27.65,-0.03,68.79,-31.766096407155047,23.201407234652663
2024-02-06 01:00:00+00:00,7.08,-0.07,69.37,-32.07761052073984,22.10739164910565
2024-02-06 02:00:00+00:00,3.07,-0.13,67.44,-30.153608181864243,22.59950159158801
2024-02-06 03:00:00+00:00,1.94,-0.05,67.18,-26.099756779560025,24.278578241415758
2024-02-06 04:00:00+00:00,19.38,0.42,69.37,-19.16967850382902,28.566978123198524
2024-02-06 05:00:00+00:00,50.0,38.97,78.43,10.245501005654631,61.51606005139233
2024-02-06 06:00:00+00:00,68.16,58.91,90.6,31.683124754483558,80.83047682698847
2024-02-06 07:00:00+00:00,62.0,62.32,95.93,37.12094314687474,85.65712120317204
2024-02-06 08:00:00+00:00,61.35,56.86,84.93,29.850068472665313,79.78680627653083
2024-02-06 09:00:00+00:00,56.56,52.93,77.15,23.50391487662226,75.43952168740114
2024-02-06 10:00:00+00:00,51.7,40.15,70.1,12.70276773844823,65.01478382901195
2024-02-06 11:00:00+00:00,43.47,7.05,68.1,-7.175720194881279,41.18763611723309
2024-02-06 12:00:00+00:00,42.54,1.09,68.23,-12.375240176125914,34.24983420698776
2024-02-06 13:00:00+00:00,40.11,5.01,71.93,-9.443063926299871,35.246671912738584
2024-02-06 14:00:00+00:00,49.91,53.1,79.49,19.359406756004788,67.18855901847246
2024-02-06 15:00:00+00:00,56.52,60.72,82.36,29.233624509754065,73.28964403665604
2024-02-06 16:00:00+00:00,62.97,68.47,88.17,40.27269440964657,84.62345802311538
2024-02-06 17:00:00+00:00,61.96,68.78,99.23,42.93661613606573,89.56891374812339
2024-02-06 18:00:00+00:00,61.16,61.84,91.91,36.068729827437956,84.02544570560671
2024-02-06 19:00:00+00:00,59.14,60.48,86.04,28.321585240040037,78.7597654876603
2024-02-06 20:00:00+00:00,56.44,59.65,78.0,21.869108423549818,74.32028375282438
2024-02-06 21:00:00+00:00,56.52,56.3,75.01,16.85882386438385,69.60748855700781
2024-02-06 22:00:00+00:00,52.36,47.41,71.51,6.699514711274887,58.673786162106246
2024-02-06 23:00:00+00:00,41.17,35.04,71.73,-14.017054305484265,38.9660095948839
2024-02-07 00:00:00+00:00,35.52,27.65,70.19,-18.997736835207803,31.978771740068822
2024-02-07 01:00:00+00:00,34.15,7.08,70.89,-27.41939206119781,18.090052871267275
2024-02-07 02:00:00+00:00,46.59,3.07,69.82,-25.732023712243716,15.255974830963027
2024-02-07 03:00:00+00:00,54.47,1.94,69.14,-20.059686869083947,15.459866158228309
2024-02-07 04:00:00+00:00,59.63,19.38,73.82,-2.306291728168162,29.352830280300722
2024-02-07 05:00:00+00:00,74.83,50.0,84.85,31.16138304146847,60.669837629952774
2024-02-07 06:00:00+00:00,86.67,68.16,108.17,58.45758583569947,81.63471912644343
2024-02-07 07:00:00+00:00,87.0,62.0,119.93,65.69067058736584,80.30865682556697
2024-02-07 08:00:00+00:00,85.53,61.35,93.61,65.44707630257653,74.84349436373742
2024-02-07 09:00:00+00:00,81.17,56.56,82.98,63.873967084485614,69.36837613727218
2024-02-07 10:00:00+00:00,78.01,51.7,77.09,61.39625885844489,62.897591080824625
2024-02-07 11:00:00+00:00,75.98,43.47,74.91,56.7689499023788,51.816433577048535
2024-02-07 12:00:00+00:00,79.24,42.54,67.66,57.48264236231206,46.89883759186828
2024-02-07 13:00:00+00:00,77.99,40.11,66.69,59.987605150787694,42.66268580621006
2024-02-07 14:00:00+00:00,88.21,49.91,75.87,75.55226848179103,53.43519678039527
2024-02-07 15:00:00+00:00,97.3,56.52,81.62,87.06367710549526,59.59993791075399
2024-02-07 16:00:00+00:00,120.05,62.97,87.91,97.88760247148151,69.22435482356332
2024-02-07 17:00:00+00:00,136.22,61.96,86.78,98.52401173256166,70.92445875373573
2024-02-07 18:00:00+00:00,109.7,61.16,73.65,93.66322646847038,68.6204867649594
2024-02-07 19:00:00+00:00,99.91,59.14,66.03,84.35890354146639,63.69119586822399
2024-02-07 20:00:00+00:00,87.65,56.44,56.96,75.30870190057848,58.64891556799295
2024-02-07 21:00:00+00:00,83.63,56.52,54.08,68.20334302437968,55.602778218329505
2024-02-07 22:00:00+00:00,79.21,52.36,39.73,57.58047675020308,47.62263326005671
2024-02-07 23:00:00+00:00,73.7,41.17,47.06,46.0290722385403,35.87878120421752
2024-02-08 00:00:00+00:00,73.2,35.52,41.12,41.69169527997376,29.857845173841966
2024-02-08 01:00:00+00:00,72.15,34.15,42.16,40.031418138297056,26.198649046829374
2024-02-08 02:00:00+00:00,72.94,46.59,43.05,47.65603609732904,33.759340155411834
2024-02-08 03:00:00+00:00,73.65,54.47,46.91,55.06778334545762,39.651982285846564
2024-02-08 04:00:00+00:00,77.85,59.63,55.34,64.35679171249322,46.42266088315843
2024-02-08 05:00:00+00:00,87.08,74.83,69.01,88.0444260845556,67.34767468218203
2024-02-08 06:00:00+00:00,110.0,86.67,86.12,107.00030659697835,82.55989925191795
2024-02-08 07:00:00+00:00,133.15,87.0,92.5,111.96547198382996,83.8445128717593
2024-02-08 08:00:00+00:00,113.55,85.53,86.29,109.98005536069653,81.70466034476536
2024-02-08 09:00:00+00:00,97.79,81.17,83.67,104.44592050434132,76.69274201990847
2024-02-08 10:00:00+00:00,91.87,78.01,77.22,100.78707458212546,72.83376918336197
2024-02-08 11:00:00+00:00,89.38,75.98,67.6,96.01859568125163,67.06290863524119
2024-02-08 12:00:00+00:00,90.98,79.24,57.26,96.35493837875117,65.87416693354785
2024-02-08 13:00:00+00:00,94.9,77.99,68.74,96.35359606889674,64.17023111968919
2024-02-08 14:00:00+00:00,94.38,88.21,75.07,102.2053613996811,71.8229449513982
2024-02-08 15:00:00+00:00,93.01,97.3,77.05,105.43848438229118,78.56553561113722
2024-02-08 16:00:00+00:00,103.0,120.05,91.61,120.01503901751045,100.41931850387067
2024-02-08 17:00:00+00:00,94.67,136.22,94.67,127.08449155659719,115.31914183044425
2024-02-08 18:00:00+00:00,86.06,109.7,97.89,107.7476682129497,98.43139914998582
2024-02-08 19:00:00+00:00,83.2,99.91,89.97,92.66107404598405,88.72893976747295
2024-02-08 20:00:00+00:00,80.61,87.65,83.29,77.21457161403751,77.33098590319373
2024-02-08 21:00:00+00:00,75.6,83.63,81.88,68.44420257988367,72.77495898157052
2024-02-08 22:00:00+00:00,65.98,79.21,73.38,57.119464851657945,65.31460647451436
2024-02-08 23:00:00+00:00,60.43,73.7,64.27,46.1446441299556,62.229481840424135
2024-02-09 00:00:00+00:00,58.61,73.2,59.94,40.44915328836486,60.18915564688488
2024-02-09 01:00:00+00:00,55.74,72.15,58.0,34.548172768907946,57.503747714050526
2024-02-09 02:00:00+00:00,51.61,72.94,54.69,33.24219530594573,58.69203858816699
2024-02-09 03:00:00+00:00,49.96,73.65,53.23,33.33555644421797,60.16701491217123
2024-02-09 04:00:00+00:00,52.32,77.85,55.07,37.974986279675704,65.16442362191893
2024-02-09 05:00:00+00:00,59.08,87.08,66.94,52.566438890106795,80.0264601474218
2024-02-09 06:00:00+00:00,66.79,110.0,76.99,74.47581560520494,101.38461938140482
2024-02-09 07:00:00+00:00,70.13,133.15,89.32,92.97809250356589,119.67926627548017
2024-02-09 08:00:00+00:00,68.37,113.55,85.9,83.51036749752174,105.20311922268718
2024-02-09 09:00:00+00:00,69.52,97.79,80.77,75.68218501416949,93.22087416013414
2024-02-09 10:00:00+00:00,69.94,91.87,75.15,72.47857178975548,87.05515961174545
2024-02-09 11:00:00+00:00,67.85,89.38,64.8,70.70907321354426,82.28560368084909
2024-02-09 12:00:00+00:00,67.74,90.98,56.52,72.25743997815803,80.35915914802956
2024-02-09 13:00:00+00:00,73.22,94.9,54.83,77.52308342994132,79.77507091331653
2024-02-09 14:00:00+00:00,81.56,94.38,53.09,84.50205831595662,79.37681517352627
2024-02-09 15:00:00+00:00,90.12,93.01,52.73,90.52581771271193,80.12348413424372
2024-02-09 16:00:00+00:00,95.45,103.0,58.5,102.06319235407683,93.06830676541213
2024-02-09 17:00:00+00:00,95.45,94.67,68.97,100.57864374617441,93.66992989693802
2024-02-09 18:00:00+00:00,87.05,86.06,63.34,89.00145595293323,84.16894318370323
2024-02-09 19:00:00+00:00,80.44,83.2,55.06,78.05912968067936,77.58976116182544
2024-02-09 20:00:00+00:00,75.2,80.61,49.68,69.08735635012448,71.69932825056354
2024-02-09 21:00:00+00:00,74.91,75.6,46.03,62.65799626642472,66.12855558383
2024-02-09 22:00:00+00:00,70.94,65.98,36.05,53.51164020784614,56.05861462527686
2024-02-09 23:00:00+00:00,63.1,60.43,24.74,48.19444692588003,48.649089153701
2024-02-10 00:00:00+00:00,64.08,58.61,12.85,44.98397194866408,43.780188179811645
2024-02-10 01:00:00+00:00,64.4,55.74,6.73,42.76681252522896,38.770169868332
2024-02-10 02:00:00+00:00,64.39,51.61,10.51,41.21524506436394,33.445404750874445
2024-02-10 03:00:00+00:00,64.41,49.96,8.53,41.37127139822622,29.46402225412885
2024-02-10 04:00:00+00:00,65.82,52.32,8.8,44.29241463721884,28.69471123185538
2024-02-10 05:00:00+00:00,70.91,59.08,16.48,50.493201087589064,31.972779828816655
2024-02-10 06:00:00+00:00,74.86,66.79,34.17,60.809583612308955,39.4942380685797
2024-02-10 07:00:00+00:00,77.7,70.13,45.99,64.56587604981763,44.67546114458263
2024-02-10 08:00:00+00:00,80.38,68.37,45.97,57.81105320563592,41.69542576723437
2024-02-10 09:00:00+00:00,74.59,69.52,35.62,51.248140734723165,39.0750966730848
2024-02-10 10:00:00+00:00,69.43,69.94,30.42,48.628388959865845,37.386891155743896
2024-02-10 11:00:00+00:00,68.3,67.85,30.58,48.60980009363577,34.732545035505225
2024-02-10 12:00:00+00:00,66.72,67.74,30.62,51.11281793142929,33.01634755850837
2024-02-10 13:00:00+00:00,69.53,73.22,40.74,60.51789714169845,37.818173927072316
2024-02-10 14:00:00+00:00,77.17,81.56,43.7,72.36351398115048,45.76334604341382
2024-02-10 15:00:00+00:00,86.13,90.12,49.36,82.82958419573579,55.718850748905446
2024-02-10 16:00:00+00:00,88.95,95.45,57.83,89.32075581347578,67.69077831627536
2024-02-10 17:00:00+00:00,87.62,95.45,68.57,88.15926673949214,74.12755723299782
2024-02-10 18:00:00+00:00,81.01,87.05,65.98,78.06854735554698,69.53761319330525
2024-02-10 19:00:00+00:00,74.4,80.44,54.37,67.81435355254544,64.16724417958487
2024-02-10 20:00:00+00:00,67.84,75.2,51.21,60.5540468877424,60.746819173457524
2024-02-10 21:00:00+00:00,65.86,74.91,50.81,57.660954869334866,61.14648713302643
2024-02-10 22:00:00+00:00,63.46,70.94,38.71,48.98832586485743,54.965493075391855
2024-02-10 23:00:00+00:00,55.48,63.1,35.3,42.36578736260856,54.88079593377662
2024-02-11 00:00:00+00:00,53.67,64.08,10.04,35.6813198373368,49.603060883944906
2024-02-11 01:00:00+00:00,52.6,64.4,3.23,31.666809184300703,45.94510970136373
2024-02-11 02:00:00+00:00,46.83,64.39,0.68,28.087936952284224,41.93449961167546
2024-02-11 03:00:00+00:00,43.64,64.41,0.0,26.018977551447634,38.49601200886635
2024-02-11 04:00:00+00:00,46.25,65.82,0.0,25.673223450257694,35.6917391719931
2024-02-11 05:00:00+00:00,49.19,70.91,0.0,28.55695487379255,35.718649123575844
2024-02-11 06:00:00+00:00,53.16,74.86,1.05,35.08902872002187,37.48392215226357
2024-02-11 07:00:00+00:00,55.06,77.7,8.87,41.663447666540684,40.05101235505204
2024-02-11 08:00:00+00:00,57.97,80.38,9.83,46.18665173011793,42.09574656803494
2024-02-11 09:00:00+00:00,61.16,74.59,10.87,44.805896832404834,38.287237988260394
2024-02-11 10:00:00+00:00,65.54,69.43,12.81,43.877009986687156,35.29458861857167
2024-02-11 11:00:00+00:00,64.6,68.3,13.82,44.240634920633894,34.03428548033442
2024-02-11 12:00:00+00:00,62.12,66.72,4.62,42.726152088395956,30.38940883865014
2024-02-11 13:00:00+00:00,63.99,69.53,9.72,49.08564283884377,34.10893031543388
2024-02-11 14:00:00+00:00,66.3,77.17,15.72,58.607675281813634,41.39581058114911
2024-02-11 15:00:00+00:00,70.69,86.13,18.43,72.2715411510677,52.79938036872488
2024-02-11 16:00:00+00:00,78.5,88.95,38.91,85.8348207329783,66.03049394140683
2024-02-11 17:00:00+00:00,80.74,87.62,46.01,90.10531939348307,73.22319037874283
2024-02-11 18:00:00+00:00,79.72,81.01,36.17,82.86269096238765,69.6501079734304
2024-02-11 19:00:00+00:00,76.75,74.4,29.05,72.95004106426659,64.4278267481515
2024-02-11 20:00:00+00:00,70.72,67.84,24.52,65.06315413008477,60.196821626165175
2024-02-11 21:00:00+00:00,68.39,65.86,24.44,62.08531390009431,60.541300359675894
2024-02-11 22:00:00+00:00,64.01,63.46,0.57,54.01095666792873,55.077381915776456
2024-02-11 23:00:00+00:00,64.35,55.48,0.0,55.17754899484458,56.294569972583155
2024-02-12 00:00:00+00:00,61.59,53.67,-0.03,51.880793226855126,53.95079967888086
2024-02-12 01:00:00+00:00,60.65,52.6,-0.07,51.14319124965511,53.303036298933215
2024-02-12 02:00:00+00:00,59.39,46.83,-0.13,49.22876172217577,49.96713037950728
2024-02-12 03:00:00+00:00,59.21,43.64,-0.05,51.76505316540074,50.18180000072162
2024-02-12 04:00:00+00:00,65.0,46.25,0.42,60.88324282384756,56.41176672162057
2024-02-12 05:00:00+00:00,76.0,49.19,38.97,78.80105492778256,70.68786715439593
2024-02-12 06:00:00+00:00,85.41,53.16,58.91,91.63016051418793,80.16109090518864
2024-02-12 07:00:00+00:00,104.0,55.06,62.32,95.26475208902649,83.1792531742969
2024-02-12 08:00:00+00:00,96.5,57.97,56.86,92.58369402276581,83.84547664579947
2024-02-12 09:00:00+00:00,85.47,61.16,52.93,88.44743073986231,83.93698764641523
2024-02-12 10:00:00+00:00,79.14,65.54,40.15,83.65463151881269,83.40247179962775
2024-02-12 11:00:00+00:00,67.37,64.6,7.05,74.94328632107064,77.06718825221238
2024-02-12 12:00:00+00:00,63.75,62.12,1.09,69.28736379405223,72.06696435842974
2024-02-12 13:00:00+00:00,63.95,63.99,5.01,69.53486478046473,71.41087548799615
2024-02-12 14:00:00+00:00,66.4,66.3,53.1,82.33098628274834,79.50813021784113
2024-02-12 15:00:00+00:00,78.42,70.69,60.72,94.30986052405017,84.68629793639217
2024-02-12 16:00:00+00:00,93.9,78.5,68.47,106.01564374011409,94.58243694680633
2024-02-12 17:00:00+00:00,96.0,80.74,68.78,107.05939224220164,99.50390140333226
2024-02-12 18:00:00+00:00,89.08,79.72,61.84,99.78841386850434,97.97178606433893
2024-02-12 19:00:00+00:00,79.15,76.75,60.48,88.4157313301281,93.31877696939294
2024-02-12 20:00:00+00:00,71.54,70.72,59.65,76.87226806923564,86.66356669675794
2024-02-12 21:00:00+00:00,65.87,68.39,56.3,69.45033238354333,83.11793202127214
2024-02-12 22:00:00+00:00,61.9,64.01,47.41,60.362838185772326,76.69443939817856
2024-02-12 23:00:00+00:00,68.59,64.35,35.04,51.44610689852689,62.62874556133167
2024-02-13 00:00:00+00:00,65.37,61.59,27.65,45.471643365537844,58.13011231150346
2024-02-13 01:00:00+00:00,63.41,60.65,7.08,40.903835909954694,54.58845391911124
2024-02-13 02:00:00+00:00,60.49,59.39,3.07,38.95538388999152,52.460397903583676
2024-02-13 03:00:00+00:00,60.06,59.21,1.94,41.36182461778915,53.1790287577783
2024-02-13 04:00:00+00:00,63.59,65.0,19.38,53.03340565970385,62.78246993184664
2024-02-13 05:00:00+00:00,70.69,76.0,50.0,72.25266594193845,80.10534870917883
2024-02-13 06:00:00+00:00,82.18,85.41,68.16,87.41878331798331,92.36420423708503
2024-02-13 07:00:00+00:00,89.1,104.0,62.0,97.22918433034229,105.05998977394215
2024-02-13 08:00:00+00:00,75.12,96.5,61.35,87.38612797326006,99.45911693833386
2024-02-13 09:00:00+00:00,69.21,85.47,56.56,74.07839840996141,90.50712962135017
2024-02-13 10:00:00+00:00,63.87,79.14,51.7,65.02990919568339,84.52798976303038
2024-02-13 11:00:00+00:00,60.53,67.37,43.47,55.875600294669205,74.23626372712953
2024-02-13 12:00:00+00:00,60.26,63.75,42.54,53.433082514342786,68.99499393327706
2024-02-13 13:00:00+00:00,63.1,63.95,40.11,58.00528221570688,66.09495833567982
2024-02-13 14:00:00+00:00,70.7,66.4,49.91,72.69258464148,68.8832289707694
2024-02-13 15:00:00+00:00,78.36,78.42,56.52,92.51469351676363,78.58384513284975
2024-02-13 16:00:00+00:00,95.01,93.9,62.97,110.35473698738541,93.90557015923777
2024-02-13 17:00:00+00:00,99.88,96.0,61.96,111.7161567997605,99.1030831972837
2024-02-13 18:00:00+00:00,90.99,89.08,61.16,103.28558721619625,95.35369261651965
2024-02-13 19:00:00+00:00,77.97,79.15,59.14,89.10421221535557,86.41590376732623
2024-02-13 20:00:00+00:00,71.86,71.54,56.44,76.73590999218902,78.37330899744272
2024-02-13 21:00:00+00:00,68.39,65.87,56.52,67.75469802736534,72.63572626353081
2024-02-13 22:00:00+00:00,64.74,61.9,52.36,59.108817354095265,66.65681394261235
2024-02-13 23:00:00+00:00,60.63,68.59,41.17,42.245346354922425,54.75563799593381
2024-02-14 00:00:00+00:00,59.34,65.37,35.52,37.47133968156157,51.07083115469448
2024-02-14 01:00:00+00:00,55.76,63.41,34.15,34.82340236158592,49.441496851620705
2024-02-14 02:00:00+00:00,54.79,60.49,46.59,34.419742339835864,48.9654330922739
2024-02-14 03:00:00+00:00,55.06,60.06,54.47,37.804595796150956,51.02015784335711
2024-02-14 04:00:00+00:00,58.43,63.59,59.63,46.27055397188449,57.56214173233176
2024-02-14 05:00:00+00:00,63.23,70.69,74.83,62.432804259243326,71.36470535416025
2024-02-14 06:00:00+00:00,72.74,82.18,86.67,78.38955383104899,84.88364508476135
2024-02-14 07:00:00+00:00,79.73,89.1,87.0,84.53040890522438,91.66863898431103
2024-02-14 08:00:00+00:00,69.65,75.12,85.53,74.65474149623212,80.7549337166193
2024-02-14 09:00:00+00:00,63.86,69.21,81.17,68.65397851855107,74.33873706900054
2024-02-14 10:00:00+00:00,63.29,63.87,78.01,64.14556693595384,68.4768929213065
2024-02-14 11:00:00+00:00,62.63,60.53,75.98,61.37662979504262,63.60631252025397
2024-02-14 12:00:00+00:00,63.82,60.26,79.24,61.50516118468655,61.17214210487008
2024-02-14 13:00:00+00:00,69.03,63.1,77.99,63.99179968489586,60.06188334148761
2024-02-14 14:00:00+00:00,72.23,70.7,88.21,74.35517213326276,66.34797849113099
2024-02-14 15:00:00+00:00,78.54,78.36,97.3,84.64901152696443,74.13392826332438
2024-02-14 16:00:00+00:00,82.97,95.01,120.05,100.94694930580454,92.60269917577638
2024-02-14 17:00:00+00:00,87.58,99.88,136.22,106.70026799559808,101.43991893958815
2024-02-14 18:00:00+00:00,84.47,90.99,109.7,95.56540372418324,92.51039950993302
2024-02-14 19:00:00+00:00,76.48,77.97,99.91,79.938503111434,79.80101413300072
2024-02-14 20:00:00+00:00,69.68,71.86,87.65,68.5051149867289,71.47060441342644
2024-02-14 21:00:00+00:00,68.2,68.39,83.63,60.94409724367964,66.36747627455946
2024-02-14 22:00:00+00:00,63.8,64.74,79.21,53.93161254298179,60.7623151126511
2024-02-14 23:00:00+00:00,61.71,60.63,73.7,39.74690016255787,48.57504863423867
2024-02-15 00:00:00+00:00,61.13,59.34,73.2,38.930474021293755,46.63979822694553
2024-02-15 01:00:00+00:00,60.3,55.76,72.15,38.666448252644514,43.56431609439034
2024-02-15 02:00:00+00:00,59.75,54.79,72.94,41.372929187695824,42.6406297544608
2024-02-15 03:00:00+00:00,61.94,55.06,73.65,46.73962707186103,43.804926139168714
2024-02-15 04:00:00+00:00,66.06,58.43,77.85,56.61606067621532,49.387496451848065
2024-02-15 05:00:00+00:00,72.21,63.23,87.08,72.37056343886144,60.30036355566947
2024-02-15 06:00:00+00:00,81.57,72.74,110.0,90.77316751190168,75.2020760144037
2024-02-15 07:00:00+00:00,82.67,79.73,133.15,99.04027220828348,84.22924812967386
2024-02-15 08:00:00+00:00,78.76,69.65,113.55,87.48038510811466,73.59332508618778
2024-02-15 09:00:00+00:00,74.18,63.86,97.79,77.54953577639009,66.10218830213333
2024-02-15 10:00:00+00:00,69.96,63.29,91.87,72.82797212269813,63.5349489119522
2024-02-15 11:00:00+00:00,66.63,62.63,89.38,68.82492070159262,60.91029535816018
2024-02-15 12:00:00+00:00,66.19,63.82,90.98,68.48126336704556,60.311330155893934
2024-02-15 13:00:00+00:00,69.91,69.03,94.9,73.3784481854385,62.3447942618205
2024-02-15 14:00:00+00:00,75.05,72.23,94.38,79.9578600683297,63.67286712122373
2024-02-15 15:00:00+00:00,79.05,78.54,93.01,88.24521785428401,67.7586398726436
2024-02-15 16:00:00+00:00,87.0,82.97,103.0,95.32159720630283,75.74477801495044
2024-02-15 17:00:00+00:00,86.91,87.58,94.67,93.59895857990611,80.56595597075926
2024-02-15 18:00:00+00:00,75.61,84.47,86.06,84.2502975365168,77.01377782982588
2024-02-15 19:00:00+00:00,70.47,76.48,83.2,70.22885705038773,68.26549192716945
2024-02-15 20:00:00+00:00,62.97,69.68,80.61,57.996621517656045,60.96362821015769
2024-02-15 21:00:00+00:00,63.09,68.2,75.6,50.03891250867918,57.42831102176212
2024-02-15 22:00:00+00:00,58.91,63.8,65.98,40.064271956165925,50.48024430407631
2024-02-15 23:00:00+00:00,51.76,61.71,60.43,35.21470751922352,50.51043010429135
2024-02-16 00:00:00+00:00,51.08,61.13,58.61,31.678800423726486,48.68699170212688
2024-02-16 01:00:00+00:00,49.92,60.3,55.74,29.613859795358337,46.98382183511244
2024-02-16 02:00:00+00:00,48.81,59.75,51.61,29.796390891320215,46.149376898459565
2024-02-16 03:00:00+00:00,51.38,61.94,49.96,33.72443225782082,48.388498101085965
2024-02-16 04:00:00+00:00,53.53,66.06,52.32,41.16990237167046,54.07537086126316
2024-02-16 05:00:00+00:00,59.15,72.21,59.08,54.943305431479374,65.64397703577941
2024-02-16 06:00:00+00:00,69.39,81.57,66.79,68.58572653566117,77.57574013309431
2024-02-16 07:00:00+00:00,70.5,82.67,70.13,68.05233905135647,80.3718756143853
2024-02-16 08:00:00+00:00,64.84,78.76,68.37,57.673264908284814,75.8158293770602
2024-02-16 09:00:00+00:00,54.37,74.18,69.52,49.19387674624775,70.80153046927899
2024-02-16 10:00:00+00:00,53.0,69.96,69.94,45.01278115149547,66.33895921869811
2024-02-16 11:00:00+00:00,52.33,66.63,67.85,42.32432625956099,61.22444796041176
2024-02-16 12:00:00+00:00,52.31,66.19,67.74,43.93521092732973,58.99614337416022
2024-02-16 13:00:00+00:00,53.78,69.91,73.22,49.11979410269146,59.88250029501571
2024-02-16 14:00:00+00:00,62.59,75.05,81.56,57.43478504643513,63.70895789951208
2024-02-16 15:00:00+00:00,69.99,79.05,90.12,65.58973247691347,67.88087399430034
2024-02-16 16:00:00+00:00,72.58,87.0,95.45,75.14655277984606,77.31733860933917
2024-02-16 17:00:00+00:00,77.42,86.91,95.45,75.90696624197851,81.21238822664614
2024-02-16 18:00:00+00:00,76.78,75.61,87.05,64.66290823746283,72.27256734621913
2024-02-16 19:00:00+00:00,72.47,70.47,80.44,54.347174481278024,65.49016373491224
2024-02-16 20:00:00+00:00,69.4,62.97,75.2,44.35203052870905,57.433962711649464
2024-02-16 21:00:00+00:00,68.05,63.09,74.91,40.35937238877695,55.55206488848583
2024-02-16 22:00:00+00:00,60.02,58.91,70.94,33.72593383059875,49.62944150860661
2024-02-16 23:00:00+00:00,57.31,51.76,63.1,30.346690084588374,42.74010369525977
2024-02-17 00:00:00+00:00,57.0,51.08,64.08,26.072429994819416,39.012244449706444
2024-02-17 01:00:00+00:00,55.88,49.92,64.4,23.9944389799915,35.72634736133271
2024-02-17 02:00:00+00:00,54.66,48.81,64.39,22.32155620039886,32.30224337553551
2024-02-17 03:00:00+00:00,54.62,51.38,64.41,22.166095898363366,30.820885030494196
2024-02-17 04:00:00+00:00,55.48,53.53,65.82,23.142049470244743,29.670936988069897
2024-02-17 05:00:00+00:00,55.17,59.15,70.91,27.363253526100436,31.967991514577378
2024-02-17 06:00:00+00:00,56.9,69.39,74.86,36.92039648919129,38.538612819137136
2024-02-17 07:00:00+00:00,64.89,70.5,77.7,40.39139012919903,39.37950563029976
2024-02-17 08:00:00+00:00,63.29,64.84,80.38,37.43123279901797,35.78095463791604
2024-02-17 09:00:00+00:00,62.02,54.37,74.59,29.359605324462592,27.393833817062912
2024-02-17 10:00:00+00:00,60.69,53.0,69.43,27.46856049829151,24.709240624349547
2024-02-17 11:00:00+00:00,58.26,52.33,68.3,27.695826226155802,22.770636789884875
2024-02-17 12:00:00+00:00,55.25,52.31,66.72,29.424701883874206,21.57421188431809
2024-02-17 13:00:00+00:00,59.09,53.78,69.53,36.43759037977491,22.963922789728528
2024-02-17 14:00:00+00:00,68.83,62.59,77.17,53.57211095021549,31.72277629869201
2024-02-17 15:00:00+00:00,75.03,69.99,86.13,73.1826234469703,41.57684476652147
2024-02-17 16:00:00+00:00,87.93,72.58,88.95,87.45883709177508,50.562856580444254
2024-02-17 17:00:00+00:00,110.06,77.42,87.62,95.26902328465769,60.15082539401914
2024-02-17 18:00:00+00:00,90.28,76.78,81.01,93.58978629457286,60.735256875018905
2024-02-17 19:00:00+00:00,80.93,72.47,74.4,87.53604607838467,56.966703806465674
2024-02-17 20:00:00+00:00,74.57,69.4,67.84,82.09447936663153,53.955822061959026
2024-02-17 21:00:00+00:00,72.44,68.05,65.86,78.96551322905526,53.84538198278119
2024-02-17 22:00:00+00:00,69.11,60.02,63.46,69.02934939721774,46.54065395257719
2024-02-17 23:00:00+00:00,62.38,57.31,55.48,58.62480097481837,48.263723834992284
2024-02-18 00:00:00+00:00,54.81,57.0,53.67,51.59281200425676,45.39239228790285
2024-02-18 01:00:00+00:00,51.44,55.88,52.6,45.6287877528417,41.98523938514656
2024-02-18 02:00:00+00:00,50.32,54.66,46.83,39.71191217133345,37.57169289284434
2024-02-18 03:00:00+00:00,50.19,54.62,43.64,35.68196136261202,34.33723314662973
2024-02-18 04:00:00+00:00,48.47,55.48,46.25,33.18826023351836,32.04573113013713
2024-02-18 05:00:00+00:00,46.02,55.17,49.19,29.630351616046568,28.917091033397895
2024-02-18 06:00:00+00:00,48.97,56.9,53.16,29.95045132174728,29.087513352113007
2024-02-18 07:00:00+00:00,47.28,64.89,55.06,29.77861313241216,33.80983030052384
2024-02-18 08:00:00+00:00,43.03,63.29,57.97,22.29432931832301,32.644630337458395
2024-02-18 09:00:00+00:00,40.45,62.02,61.16,16.310743399769663,31.2208998981462
2024-02-18 10:00:00+00:00,41.0,60.69,65.54,13.26576996019952,30.45876312947
2024-02-18 11:00:00+00:00,40.1,58.26,64.6,12.467066337296771,27.963584823390747
2024-02-18 12:00:00+00:00,39.88,55.25,62.12,13.995599639660199,24.13251867432318
2024-02-18 13:00:00+00:00,42.87,59.09,63.99,23.01449298653516,27.122789762964217
2024-02-18 14:00:00+00:00,54.29,68.83,66.3,37.167507184022185,36.623711244456516
2024-02-18 15:00:00+00:00,62.87,75.03,70.69,50.24242297206969,45.98241567246381
2024-02-18 16:00:00+00:00,72.0,87.93,78.5,66.2047268500775,62.69988660954942
2024-02-18 17:00:00+00:00,73.66,110.06,80.74,84.20616074412152,86.0856072497945
2024-02-18 18:00:00+00:00,70.59,90.28,79.72,73.16569624705957,76.09409799307615
2024-02-18 19:00:00+00:00,64.71,80.93,76.75,63.90744190945192,70.8538191148309
2024-02-18 20:00:00+00:00,59.83,74.57,70.72,55.68851639394255,66.94810378555593
2024-02-18 21:00:00+00:00,57.33,72.44,68.39,51.392216718052374,66.82936717992379
2024-02-18 22:00:00+00:00,53.94,69.11,64.01,42.61220635636844,61.666135718658
2024-02-18 23:00:00+00:00,44.0,62.38,64.35,30.445773420613904,66.54828197930507
2024-02-19 00:00:00+00:00,43.04,54.81,61.59,23.91075487814662,60.37527583876928
2024-02-19 01:00:00+00:00,44.21,51.44,60.65,22.915337693046126,57.81004324486431
2024-02-19 02:00:00+00:00,43.91,50.32,59.39,25.12190769507268,57.28442279109777
2024-02-19 03:00:00+00:00,44.92,50.19,59.21,31.140043985191255,59.13328755928028
2024-02-19 04:00:00+00:00,51.57,48.47,65.0,40.16814817626547,61.85481171275154
2024-02-19 05:00:00+00:00,68.6,46.02,76.0,54.1487408404165,68.22570913167874
2024-02-19 06:00:00+00:00,79.09,48.97,85.41,68.39687301921441,76.55541498839601
2024-02-19 07:00:00+00:00,83.84,47.28,104.0,73.37761192575353,79.97934576246647
2024-02-19 08:00:00+00:00,75.03,43.03,96.5,68.13010682104408,76.31819980712234
2024-02-19 09:00:00+00:00,70.83,40.45,85.47,61.4360856973552,72.76127945145026
2024-02-19 10:00:00+00:00,69.13,41.0,79.14,57.147430496307855,71.57567794181723
2024-02-19 11:00:00+00:00,62.47,40.1,67.37,52.5138644566971,67.6221618014692
2024-02-19 12:00:00+00:00,60.99,39.88,63.75,51.69592072874037,65.11814560346335
2024-02-19 13:00:00+00:00,65.96,42.87,63.95,56.51061759695756,65.53519830818487
2024-02-19 14:00:00+00:00,69.28,54.29,66.4,68.73383479196605,72.48210276641632
2024-02-19 15:00:00+00:00,71.51,62.87,78.42,81.40309431652273,79.9007235642074
2024-02-19 16:00:00+00:00,76.25,72.0,93.9,93.97433371481449,91.47762875873447
2024-02-19 17:00:00+00:00,97.65,73.66,96.0,96.06979590221468,97.07563412226145
2024-02-19 18:00:00+00:00,79.98,70.59,89.08,88.48927330295936,92.73511949484258
2024-02-19 19:00:00+00:00,71.86,64.71,79.15,75.35144419863252,84.58225563535902
2024-02-19 20:00:00+00:00,67.47,59.83,71.54,64.02676393230541,77.72266213086834
2024-02-19 21:00:00+00:00,66.27,57.33,65.87,57.11355750244525,73.85798617278687
2024-02-19 22:00:00+00:00,59.07,53.94,61.9,49.54690164506399,68.37627356407901
2024-02-19 23:00:00+00:00,58.06,44.0,68.59,34.47648998581927,51.64354567164892
2024-02-20 00:00:00+00:00,54.32,43.04,65.37,31.7910424441273,49.06211321896732
2024-02-20 01:00:00+00:00,53.96,44.21,63.41,32.45064752076118,49.086439003167506
2024-02-20 02:00:00+00:00,53.48,43.91,60.49,34.03329910920665,48.660680066322705
2024-02-20 03:00:00+00:00,52.99,44.92,60.06,39.770737766607986,50.7614080616366
2024-02-20 04:00:00+00:00,54.79,51.57,63.59,51.72604946869312,58.0431315148921
2024-02-20 05:00:00+00:00,70.53,68.6,70.69,73.42836024177963,75.68797435794707
2024-02-20 06:00:00+00:00,88.4,79.09,82.18,91.49322430742251,89.01788167310158
2024-02-20 07:00:00+00:00,90.89,83.84,89.1,96.42751798123827,94.09990518669922
2024-02-20 08:00:00+00:00,78.55,75.03,75.12,84.49237483309817,85.75048586503253
2024-02-20 09:00:00+00:00,69.84,70.83,69.21,73.0812989531012,80.81082466470683
2024-02-20 10:00:00+00:00,60.88,69.13,63.87,62.396955335440445,77.44269479076776
2024-02-20 11:00:00+00:00,53.52,62.47,60.53,51.092511138750844,70.51693908696114
2024-02-20 12:00:00+00:00,51.42,60.99,60.26,46.85847706054013,67.60099996100041
2024-02-20 13:00:00+00:00,51.79,65.96,63.1,50.84583259894778,69.14196162629095
2024-02-20 14:00:00+00:00,56.16,69.28,70.7,59.914272696274736,71.44032524405073
2024-02-20 15:00:00+00:00,63.08,71.51,78.36,71.11810181485816,74.55383585848367
2024-02-20 16:00:00+00:00,70.54,76.25,95.01,81.5912738346561,83.2097004552872
2024-02-20 17:00:00+00:00,71.25,97.65,99.88,91.81113160173535,101.29278237776646
2024-02-20 18:00:00+00:00,73.47,79.98,90.99,75.78270688257234,89.1659930670203
2024-02-20 19:00:00+00:00,68.48,71.86,77.97,59.40130074334114,79.52181611779685
2024-02-20 20:00:00+00:00,61.33,67.47,71.86,47.16030279127989,73.34166281654075
2024-02-20 21:00:00+00:00,56.86,66.27,68.39,39.96641126615283,70.33082506197249
2024-02-20 22:00:00+00:00,52.77,59.07,64.74,29.360300032064345,62.263847155928964
2024-02-20 23:00:00+00:00,50.65,58.06,60.63,17.008082720459598,46.22142914728513
2024-02-21 00:00:00+00:00,48.47,54.32,59.34,12.317613514673539,41.98776378386785
2024-02-21 01:00:00+00:00,46.84,53.96,55.76,10.585031586249343,40.74612494168845
2024-02-21 02:00:00+00:00,44.77,53.48,54.79,11.037449946343443,40.67606656760763
2024-02-21 03:00:00+00:00,45.39,52.99,55.06,15.495682499627321,42.094720225489944
2024-02-21 04:00:00+00:00,50.03,54.79,58.43,26.535564870930855,47.71718718442123
2024-02-21 05:00:00+00:00,66.0,70.53,63.23,49.78253014315345,66.02794913566629
2024-02-21 06:00:00+00:00,81.34,88.4,72.74,74.20114354627428,84.64992075152297
2024-02-21 07:00:00+00:00,85.11,90.89,79.73,80.4999790511651,88.79542961447177
2024-02-21 08:00:00+00:00,70.34,78.55,69.65,68.58356766169581,78.43318174356124
2024-02-21 09:00:00+00:00,64.1,69.84,63.86,55.70942586821091,70.68870786001796
2024-02-21 10:00:00+00:00,60.39,60.88,63.29,43.35355047118347,63.54571421728341
2024-02-21 11:00:00+00:00,53.01,53.52,62.63,34.461527001516004,56.27751277204303
2024-02-21 12:00:00+00:00,51.22,51.42,63.82,33.78320549354929,53.44765652570981
2024-02-21 13:00:00+00:00,53.77,51.79,69.03,38.85044332927882,52.72537923304898
2024-02-21 14:00:00+00:00,65.6,56.16,72.23,49.60828334678565,54.66615990496744
2024-02-21 15:00:00+00:00,69.92,63.08,78.54,60.8477967291656,60.126293690518274
2024-02-21 16:00:00+00:00,69.63,70.54,82.97,66.27595614079212,68.59483001663732
2024-02-21 17:00:00+00:00,68.58,71.25,87.58,61.690738937692124,73.89162548899812
2024-02-21 18:00:00+00:00,61.39,73.47,84.47,53.11733384707929,74.04319266567472
2024-02-21 19:00:00+00:00,52.11,68.48,76.48,38.59717082290519,66.73773562428126
2024-02-21 20:00:00+00:00,45.98,61.33,69.68,24.374696778494084,58.619413408689795
2024-02-21 21:00:00+00:00,41.71,56.86,68.2,16.046643340967563,53.96788229251434
2024-02-21 22:00:00+00:00,35.22,52.77,63.8,7.179747946985444,47.47239917746311
2024-02-21 23:00:00+00:00,30.47,50.65,61.71,-3.4216046237333018,39.92313797863836
2024-02-22 00:00:00+00:00,27.01,48.47,61.13,-5.431463344880683,36.96868041298294
2024-02-22 01:00:00+00:00,27.07,46.84,60.3,-3.6375547691874317,35.47136694674825
2024-02-22 02:00:00+00:00,27.95,44.77,59.75,2.244316513805259,34.89614749121915
2024-02-22 03:00:00+00:00,37.0,45.39,61.94,11.470520012608787,36.89224802865149
2024-02-22 04:00:00+00:00,48.05,50.03,66.06,23.794833757615905,42.72972115121737
2024-02-22 05:00:00+00:00,66.09,66.0,72.21,47.55127698828674,61.733625795727015
2024-02-22 06:00:00+00:00,76.53,81.34,81.57,69.50192862811517,79.22232024966843
2024-02-22 07:00:00+00:00,81.91,85.11,82.67,76.73817908644644,83.60611260228697
2024-02-22 08:00:00+00:00,74.09,70.34,78.76,67.67866370472332,71.68735483115893
2024-02-22 09:00:00+00:00,71.95,64.1,74.18,61.19623446656046,65.13146429266126
2024-02-22 10:00:00+00:00,68.53,60.39,69.96,54.92335046656758,59.63967356743314
2024-02-22 11:00:00+00:00,68.77,53.01,66.63,47.27822037392506,51.93052704377429
2024-02-22 12:00:00+00:00,68.98,51.22,66.19,43.328940052260904,48.47794536709397
2024-02-22 13:00:00+00:00,64.65,53.77,69.91,41.78717688338998,47.726637168729276
2024-02-22 14:00:00+00:00,64.75,65.6,75.05,46.58865078083249,55.24916173595419
2024-02-22 15:00:00+00:00,63.25,69.92,79.05,45.73353766032523,59.05650983014458
2024-02-22 16:00:00+00:00,61.76,69.63,87.0,43.10942795206342,64.43568701318003
2024-02-22 17:00:00+00:00,59.91,68.58,86.91,35.522391577511506,66.73977790328497
2024-02-22 18:00:00+00:00,52.42,61.39,75.61,22.734202554722287,61.97081157558964
2024-02-22 19:00:00+00:00,42.45,52.11,70.47,6.169395377206712,52.449608413963404
2024-02-22 20:00:00+00:00,24.48,45.98,62.97,-7.4399446839077115,44.51498643200059
2024-02-22 21:00:00+00:00,12.06,41.71,63.09,-15.041106536066394,39.8429498474591
2024-02-22 22:00:00+00:00,1.91,35.22,58.91,-25.756526706155967,32.284757434663945
2024-02-22 23:00:00+00:00,9.23,30.47,51.76,-28.078832924443958,31.817990782611446
2024-02-23 00:00:00+00:00,1.07,27.01,51.08,-28.978339016086593,28.41322647028555
2024-02-23 01:00:00+00:00,1.19,27.07,49.92,-28.269311310917033,27.7614127379682
2024-02-23 02:00:00+00:00,0.09,27.95,48.81,-25.145241117391777,29.117865492476113
2024-02-23 03:00:00+00:00,0.02,37.0,51.38,-15.483570732659572,37.034531840341266
2024-02-23 04:00:00+00:00,0.09,48.05,53.53,-0.3100131838131688,47.37535541035595
2024-02-23 05:00:00+00:00,39.68,66.09,59.15,23.769615840743896,67.10381994539375
2024-02-23 06:00:00+00:00,57.06,76.53,69.39,43.6856707265734,80.34863039814228
2024-02-23 07:00:00+00:00,59.35,81.91,70.5,49.28294005596487,85.25787037202664
2024-02-23 08:00:00+00:00,51.69,74.09,64.84,37.656009443180274,77.13459708655276
2024-02-23 09:00:00+00:00,46.64,71.95,54.37,26.16375190890807,72.49819499135383
2024-02-23 10:00:00+00:00,41.65,68.53,53.0,19.79003764908701,67.81742831601551
2024-02-23 11:00:00+00:00,37.1,68.77,52.33,19.12621769706736,65.4083431884665
2024-02-23 12:00:00+00:00,33.6,68.98,52.31,18.745311575653247,62.48617495774112
2024-02-23 13:00:00+00:00,39.08,64.65,53.78,20.964211065147055,57.73413206730721
2024-02-23 14:00:00+00:00,49.51,64.75,62.59,33.95429554504615,59.11993503497647
2024-02-23 15:00:00+00:00,63.08,63.25,69.99,49.11852845331292,59.52060118227823
2024-02-23 16:00:00+00:00,73.8,61.76,72.58,61.90633125741239,61.94641125648485
2024-02-23 17:00:00+00:00,86.44,59.91,77.42,65.43627298922347,64.65382978667253
2024-02-23 18:00:00+00:00,84.01,52.42,76.78,58.63822630548947,59.86772364429935
2024-02-23 19:00:00+00:00,72.97,42.45,72.47,46.4876821814476,49.816595513509625
2024-02-23 20:00:00+00:00,69.26,24.48,69.4,31.776056713093453,34.999301664423356
2024-02-23 21:00:00+00:00,67.98,12.06,68.05,23.04487410618455,25.097622166415036
2024-02-23 22:00:00+00:00,65.1,1.91,60.02,15.182504284575245,15.309828860391988
2024-02-23 23:00:00+00:00,66.47,9.23,57.31,21.792190220995835,16.43901537236205
2024-02-24 00:00:00+00:00,63.9,1.07,57.0,16.42270104448309,8.360130570497489
2024-02-24 01:00:00+00:00,59.5,1.19,55.88,15.460891285731051,5.635417675008512
2024-02-24 02:00:00+00:00,55.2,0.09,54.66,14.570063050042648,2.299375783907692
2024-02-24 03:00:00+00:00,55.39,0.02,54.62,15.646607728484227,0.7203536683248046
2024-02-24 04:00:00+00:00,57.1,0.09,55.48,17.346783851674758,-0.6568805784893925
2024-02-24 05:00:00+00:00,61.67,39.68,55.17,39.129536502501296,24.353430035502413
2024-02-24 06:00:00+00:00,66.11,57.06,56.9,49.897366501091525,35.75071640048093
2024-02-24 07:00:00+00:00,64.4,59.35,64.89,46.48811195349853,38.69950677593329
2024-02-24 08:00:00+00:00,57.6,51.69,63.29,32.68494456182172,32.65353981078792
2024-02-24 09:00:00+00:00,49.16,46.64,62.02,21.251732329082174,27.84739251311366
2024-02-24 10:00:00+00:00,45.84,41.65,60.69,10.353000822040741,22.97105116011231
2024-02-24 11:00:00+00:00,40.32,37.1,58.26,2.0803766511991313,18.31285270254166
2024-02-24 12:00:00+00:00,32.22,33.6,55.25,-2.2377985595051513,14.466466321839249
2024-02-24 13:00:00+00:00,37.6,39.08,59.09,3.7598334127048076,17.97024038521552
2024-02-24 14:00:00+00:00,45.0,49.51,68.83,21.129440854819848,27.48944260371266
2024-02-24 15:00:00+00:00,55.95,63.08,75.03,46.0716669674362,41.072131017668184
2024-02-24 16:00:00+00:00,71.67,73.8,87.93,68.39634972036166,55.93040420328204
2024-02-24 17:00:00+00:00,80.0,86.44,110.06,82.60332731621023,74.17351921879764
2024-02-24 18:00:00+00:00,74.13,84.01,90.28,75.0619114064354,72.77167405385525
2024-02-24 19:00:00+00:00,65.17,72.97,80.93,60.21611260275117,63.947859235840475
2024-02-24 20:00:00+00:00,59.94,69.26,74.57,50.66859301253178,59.3041071274703
2024-02-24 21:00:00+00:00,56.22,67.98,72.44,46.76340155090325,58.316461778957006
2024-02-24 22:00:00+00:00,52.2,65.1,69.11,39.513271922051054,53.10312311192898
2024-02-24 23:00:00+00:00,56.57,66.47,62.38,44.28362107519963,58.14206170397411
2024-02-25 00:00:00+00:00,55.44,63.9,54.81,38.198697145699185,51.345996025484084
2024-02-25 01:00:00+00:00,55.38,59.5,51.44,33.58469024620666,44.455037198315885
2024-02-25 02:00:00+00:00,54.89,55.2,50.32,30.5317635512623,37.89023290668871
2024-02-25 03:00:00+00:00,55.19,55.39,50.19,29.95811892279862,34.05901745385941
2024-02-25 04:00:00+00:00,55.07,57.1,48.47,29.39547471373507,30.345909626565856
2024-02-25 05:00:00+00:00,56.71,61.67,46.02,33.002692095776,32.09498651022086
2024-02-25 06:00:00+00:00,59.92,66.11,48.97,37.81336378415969,34.59584520996401
2024-02-25 07:00:00+00:00,61.58,64.4,47.28,33.213097649913536,33.665278502553164
2024-02-25 08:00:00+00:00,61.82,57.6,43.03,21.944034022151172,28.46609980332265
2024-02-25 09:00:00+00:00,56.31,49.16,40.45,11.452169431416834,22.404857847022157
2024-02-25 10:00:00+00:00,54.12,45.84,41.0,6.66858161137236,20.06062449950602
2024-02-25 11:00:00+00:00,50.0,40.32,40.1,2.9301645146491495,14.744849194814222
2024-02-25 12:00:00+00:00,46.03,32.22,39.88,0.4618962753809086,7.24985769810408
2024-02-25 13:00:00+00:00,49.84,37.6,42.87,10.887723563936206,11.107457809666457
2024-02-25 14:00:00+00:00,55.0,45.0,54.29,30.616427319984197,19.19382350690971
2024-02-25 15:00:00+00:00,67.8,55.95,62.87,57.972280837194745,32.74522256021882
2024-02-25 16:00:00+00:00,82.19,71.67,72.0,84.61048499271337,52.32145892431364
2024-02-25 17:00:00+00:00,93.69,80.0,73.66,94.93930104329577,66.75609153011685
2024-02-25 18:00:00+00:00,79.18,74.13,70.59,89.06206092846122,66.26369283381459
2024-02-25 19:00:00+00:00,69.99,65.17,64.71,78.79295906863145,60.27130564586964
2024-02-25 20:00:00+00:00,65.92,59.94,59.83,72.09801169842814,57.438364042619654
2024-02-25 21:00:00+00:00,65.23,56.22,57.33,67.81443372632802,56.145650821534055
2024-02-25 22:00:00+00:00,58.38,52.2,53.94,60.74816523828526,51.35133359460097
2024-02-25 23:00:00+00:00,57.83,56.57,44.0,66.52854631488427,59.57829469516951
2024-02-26 00:00:00+00:00,56.82,55.44,43.04,63.39278569638233,57.65941169909012
2024-02-26 01:00:00+00:00,55.7,55.38,44.21,62.650750790526736,57.228129078668445
2024-02-26 02:00:00+00:00,51.8,54.89,43.91,62.295737279427705,57.17822028710582
2024-02-26 03:00:00+00:00,53.3,55.19,44.92,66.18124988413166,59.38211813793516
2024-02-26 04:00:00+00:00,57.92,55.07,51.57,73.46159478681653,64.11932533948284
2024-02-26 05:00:00+00:00,70.02,56.71,68.6,87.12070932683726,74.80709212482307
2024-02-26 06:00:00+00:00,79.9,59.92,79.09,97.93031210990283,83.4558770773421
2024-02-26 07:00:00+00:00,81.6,61.58,83.84,98.86665281051864,86.94379655535059
2024-02-26 08:00:00+00:00,73.83,61.82,75.03,91.96981595085089,84.5930254834519
2024-02-26 09:00:00+00:00,66.65,56.31,70.83,83.5626146951657,78.52880375341087
2024-02-26 10:00:00+00:00,65.03,54.12,69.13,79.08709677237255,74.92668035371622
2024-02-26 11:00:00+00:00,58.42,50.0,62.47,74.26814822433687,68.74164190300598
2024-02-26 12:00:00+00:00,58.19,46.03,60.99,71.408566415112,62.47723149700483
2024-02-26 13:00:00+00:00,61.29,49.84,65.96,75.06612978680587,63.4056869172557
2024-02-26 14:00:00+00:00,64.95,55.0,69.28,80.80886239463717,66.25040309664394
2024-02-26 15:00:00+00:00,69.99,67.8,71.51,91.4451214288578,75.89417453257977
2024-02-26 16:00:00+00:00,77.0,82.19,76.25,103.51591295964464,91.26271031047713
2024-02-26 17:00:00+00:00,85.32,93.69,97.65,109.95684209667793,105.32936505512956
2024-02-26 18:00:00+00:00,81.01,79.18,79.98,96.21588464995786,94.62448315014576
2024-02-26 19:00:00+00:00,72.21,69.99,71.86,83.73697119565934,84.99072610796782
2024-02-26 20:00:00+00:00,65.69,65.92,67.47,76.13351491035993,79.32284619944669
2024-02-26 21:00:00+00:00,65.21,65.23,66.27,72.63232353958888,76.76132130900977
2024-02-26 22:00:00+00:00,60.76,58.38,59.07,64.8683597255918,68.11903506359099
2024-02-26 23:00:00+00:00,57.62,57.83,58.06,55.77823420417004,56.89745079805313
2024-02-27 00:00:00+00:00,57.55,56.82,54.32,54.99534101140297,54.515849032921075
2024-02-27 01:00:00+00:00,57.35,55.7,53.96,56.008806666788956,53.31705935731266
2024-02-27 02:00:00+00:00,56.87,51.8,53.48,57.44647175912607,51.281466201444765
2024-02-27 03:00:00+00:00,57.35,53.3,52.99,63.17323950137374,53.68855518133874
2024-02-27 04:00:00+00:00,63.1,57.92,54.79,73.9642883849209,60.23674678625694
2024-02-27 05:00:00+00:00,74.31,70.02,70.53,95.12599138985831,76.75850227204995
2024-02-27 06:00:00+00:00,95.63,79.9,88.4,113.12752987696567,90.39931091582912
2024-02-27 07:00:00+00:00,95.78,81.6,90.89,117.3467004980766,93.59458858173357
2024-02-27 08:00:00+00:00,80.81,73.83,78.55,109.43405552321367,86.21205671144371
2024-02-27 09:00:00+00:00,68.71,66.65,69.84,100.03030654939498,78.55726335946811
2024-02-27 10:00:00+00:00,64.93,65.03,60.88,92.88032701903346,74.12469354179979
2024-02-27 11:00:00+00:00,59.26,58.42,53.52,85.21941575008196,65.99437522568513
2024-02-27 12:00:00+00:00,59.25,58.19,51.42,83.51887276294508,62.58646025428438
2024-02-27 13:00:00+00:00,64.71,61.29,51.79,85.43538227655313,61.96872546372888
2024-02-27 14:00:00+00:00,72.06,64.95,56.16,91.91515677986845,63.37323709092211
2024-02-27 15:00:00+00:00,79.82,69.99,63.08,103.02701291040835,68.70871379346929
2024-02-27 16:00:00+00:00,98.02,77.0,70.54,116.47443230098838,79.32449005275384
2024-02-27 17:00:00+00:00,111.8,85.32,71.25,122.62485458472436,89.16867862090854
2024-02-27 18:00:00+00:00,105.17,81.01,73.47,117.49064377379227,87.00562288198303
2024-02-27 19:00:00+00:00,84.36,72.21,68.48,105.14136388023039,77.90492164283437
2024-02-27 20:00:00+00:00,72.37,65.69,61.33,94.12882815071497,70.46891035422198
2024-02-27 21:00:00+00:00,70.27,65.21,56.86,87.05733458687261,67.76939719540027
2024-02-27 22:00:00+00:00,64.97,60.76,52.77,77.14659928119312,60.88078159274649
2024-02-27 23:00:00+00:00,60.36,57.62,50.65,62.67880489485792,45.27633143184143
2024-02-28 00:00:00+00:00,59.4,57.55,48.47,60.35138414975905,44.19208217994061
2024-02-28 01:00:00+00:00,61.34,57.35,46.84,59.92095694349692,43.830559550214254
2024-02-28 02:00:00+00:00,63.46,56.87,44.77,61.208099253887454,43.777413276800196
2024-02-28 03:00:00+00:00,63.74,57.35,45.39,64.97101720777593,45.1158970934039
2024-02-28 04:00:00+00:00,67.44,63.1,50.03,75.74508426326891,52.702523958373625
2024-02-28 05:00:00+00:00,74.3,74.31,66.0,96.17908084972092,69.60565855884317
2024-02-28 06:00:00+00:00,98.89,95.63,81.34,118.46467027232197,90.94488782094439
2024-02-28 07:00:00+00:00,104.49,95.78,85.11,119.41470507188941,93.17139191681424
2024-02-28 08:00:00+00:00,85.46,80.81,70.34,102.98704900218044,79.91738793624631
2024-02-28 09:00:00+00:00,73.99,68.71,64.1,87.61705887271762,69.22712092019682
2024-02-28 10:00:00+00:00,67.55,64.93,60.39,76.89198215774704,63.9896995031147
2024-02-28 11:00:00+00:00,63.93,59.26,53.01,66.87286220868606,56.56351866194489
2024-02-28 12:00:00+00:00,60.72,59.25,51.22,63.99795669805788,54.15729873868322
2024-02-28 13:00:00+00:00,61.51,64.71,53.77,67.90308831856636,55.524768821617315
2024-02-28 14:00:00+00:00,70.43,72.06,65.6,80.1447832606161,60.48201374988359
2024-02-28 15:00:00+00:00,74.96,79.82,69.92,95.6906306273837,66.63534436638618
2024-02-28 16:00:00+00:00,93.04,98.02,69.63,115.44040587007775,83.155545853279
2024-02-28 17:00:00+00:00,93.24,111.8,68.58,123.3157928537882,96.52193171063804
2024-02-28 18:00:00+00:00,78.29,105.17,61.39,113.19591280020623,92.76413890720141
2024-02-28 19:00:00+00:00,65.44,84.36,52.11,90.06792929109113,75.46105465025585
2024-02-28 20:00:00+00:00,62.59,72.37,45.98,72.17043162125208,64.39653149739411
2024-02-28 21:00:00+00:00,64.02,70.27,41.71,61.58723487044464,60.59188979186187
2024-02-28 22:00:00+00:00,55.12,64.97,35.22,48.883232806822,52.69478030578737
2024-02-28 23:00:00+00:00,55.11,60.36,30.47,38.169667065960944,42.076947744966105
2024-02-29 00:00:00+00:00,53.33,59.4,27.01,33.55304319024569,40.33820018699707
2024-02-29 01:00:00+00:00,50.06,61.34,27.07,32.17328419760406,41.319392582389156
2024-02-29 02:00:00+00:00,47.03,63.46,27.95,32.49847898610254,42.94523133018595
2024-02-29 03:00:00+00:00,47.15,63.74,37.0,34.790217921903505,45.147371082468794
2024-02-29 04:00:00+00:00,53.32,67.44,48.05,41.606316615829705,51.71000974556242
2024-02-29 05:00:00+00:00,62.03,74.3,66.09,56.04215473956052,65.55396368357626
2024-02-29 06:00:00+00:00,73.74,98.89,76.53,77.2410353150816,89.78468715546077
2024-02-29 07:00:00+00:00,73.89,104.49,81.91,75.97827517978712,95.54528338554208
2024-02-29 08:00:00+00:00,70.39,85.46,74.09,55.25057529137202,80.01129939902
2024-02-29 09:00:00+00:00,60.47,73.99,71.95,42.162429323244275,69.98032403851047
2024-02-29 10:00:00+00:00,55.01,67.55,68.53,34.61344868074765,63.86103147409806
2024-02-29 11:00:00+00:00,53.98,63.93,68.77,31.629721191743627,59.53813278012773
2024-02-29 12:00:00+00:00,56.02,60.72,68.98,32.1957800516568,55.22620617438958
2024-02-29 13:00:00+00:00,55.07,61.51,64.65,37.6364873696989,53.47229876650328
2024-02-29 14:00:00+00:00,64.96,70.43,64.75,52.98714791507428,58.765751846140695
2024-02-29 15:00:00+00:00,70.98,74.96,63.25,68.82020920546871,62.293132496444436
2024-02-29 16:00:00+00:00,81.28,93.04,61.76,87.08765653517689,77.90579129546988
2024-02-29 17:00:00+00:00,86.26,93.24,59.91,85.96958730897104,81.9924640384015
2024-02-29 18:00:00+00:00,80.99,78.29,52.42,70.36431171584351,71.52603828293488
2024-02-29 19:00:00+00:00,72.77,65.44,42.45,52.79025835058584,57.92859661611649
2024-02-29 20:00:00+00:00,67.25,62.59,24.48,41.58437686892632,50.44807206922254
2024-02-29 21:00:00+00:00,64.9,64.02,12.06,36.49573191176734,47.99601097277684
2024-02-29 22:00:00+00:00,60.9,55.12,1.91,26.406119145166628,38.15638423530213
2024-02-29 23:00:00+00:00,62.04,55.11,9.23,30.776367705993792,43.570561259813815
2024-03-01 00:00:00+00:00,61.42,53.33,1.07,29.128799605509997,40.7548762783535
2024-03-01 01:00:00+00:00,58.14,50.06,1.19,28.76355099247087,38.53318510911504
2024-03-01 02:00:00+00:00,57.83,47.03,0.09,30.11291522103849,37.370647977720544
2024-03-01 03:00:00+00:00,58.3,47.15,0.02,34.149829004015416,38.82961088872434
2024-03-01 04:00:00+00:00,62.49,53.32,0.09,42.78569517924718,45.33222510041015
2024-03-01 05:00:00+00:00,71.58,62.03,39.68,63.113339039019145,62.554354403635564
2024-03-01 06:00:00+00:00,79.36,73.74,57.06,80.64424860012313,78.58492292062803
2024-03-01 07:00:00+00:00,83.79,73.89,59.35,81.58896056373712,80.58378240345539
2024-03-01 08:00:00+00:00,75.88,70.39,51.69,74.59889458056499,74.45571953713065
2024-03-01 09:00:00+00:00,66.52,60.47,46.64,66.24179774314331,64.87734548494475
2024-03-01 10:00:00+00:00,64.76,55.01,41.65,59.87224209638818,58.17940267037183
2024-03-01 11:00:00+00:00,63.08,53.98,37.1,56.89032390162379,54.53960846667325
2024-03-01 12:00:00+00:00,64.63,56.02,33.6,56.732178443636435,52.15446069903448
2024-03-01 13:00:00+00:00,67.11,55.07,39.08,59.691404095705984,49.83471854490828
2024-03-01 14:00:00+00:00,72.57,64.96,49.51,72.75155071992998,57.56924136579678
2024-03-01 15:00:00+00:00,78.94,70.98,63.08,85.29016267482183,64.09134127194187
2024-03-01 16:00:00+00:00,89.4,81.28,73.8,96.81354676205511,75.53349501806801
2024-03-01 17:00:00+00:00,93.73,86.26,86.44,98.59070021253152,83.49008778371945
2024-03-01 18:00:00+00:00,87.19,80.99,84.01,87.97552753273825,79.31597050522782
2024-03-01 19:00:00+00:00,77.49,72.77,72.97,73.27751110590683,69.62534169921597
2024-03-01 20:00:00+00:00,71.62,67.25,69.26,63.162526996089106,63.12847596172006
2024-03-01 21:00:00+00:00,70.06,64.9,67.98,57.35525949936123,59.754142190491834
2024-03-01 22:00:00+00:00,66.39,60.9,65.1,50.286364813697446,53.68599617768884
2024-03-01 23:00:00+00:00,59.95,62.04,66.47,46.7151272035295,52.52011755460789
2024-03-02 00:00:00+00:00,56.03,61.42,63.9,41.76700062642537,48.90147874921605
2024-03-02 01:00:00+00:00,56.02,58.14,59.5,36.14362526080728,42.66162278451231
2024-03-02 02:00:00+00:00,55.48,57.83,55.2,33.53757827159845,38.74928523585115
2024-03-02 03:00:00+00:00,54.88,58.3,55.39,32.35594311644083,35.680933587391415
2024-03-02 04:00:00+00:00,55.99,62.49,57.1,34.15585500075585,35.49188101193139
2024-03-02 05:00:00+00:00,56.58,71.58,61.67,40.701673479029466,39.79955252946675
2024-03-02 06:00:00+00:00,60.67,79.36,66.11,49.1844031909159,45.016024368272504
2024-03-02 07:00:00+00:00,63.76,83.79,64.4,52.21665039281574,48.430461492525694
2024-03-02 08:00:00+00:00,65.75,75.88,57.6,45.14711250891043,42.40007240645463
2024-03-02 09:00:00+00:00,60.44,66.52,49.16,34.94710042004529,33.060626910950816
2024-03-02 10:00:00+00:00,59.18,64.76,45.84,28.839297552447988,29.450461396343556
2024-03-02 11:00:00+00:00,55.83,63.08,40.32,24.478275882580306,25.92367534761513
2024-03-02 12:00:00+00:00,54.9,64.63,32.22,24.878784451565195,24.801090556474605
2024-03-02 13:00:00+00:00,59.86,67.11,37.6,31.582346321914358,26.85520741061005
2024-03-02 14:00:00+00:00,66.08,72.57,45.0,44.956950451405596,33.566540226523955
2024-03-02 15:00:00+00:00,73.0,78.94,55.95,62.18684792860566,43.3290193548135
2024-03-02 16:00:00+00:00,80.63,89.4,71.67,78.90078149932171,59.099129569171446
2024-03-02 17:00:00+00:00,93.6,93.73,80.0,81.57080592030042,70.08814297203452
2024-03-02 18:00:00+00:00,89.9,87.19,74.13,71.12581757919102,68.68214526412594
2024-03-02 19:00:00+00:00,76.98,77.49,65.17,57.1555992812857,61.39486342023916
2024-03-02 20:00:00+00:00,69.81,71.62,59.94,47.46081503490132,56.77161153273684
2024-03-02 21:00:00+00:00,60.94,70.06,56.22,43.28293160649129,55.85867553890867
2024-03-02 22:00:00+00:00,54.99,66.39,52.2,37.35475409835065,51.504338284053986
2024-03-02 23:00:00+00:00,54.5,59.95,56.57,34.38658102441002,52.08581584464805
2024-03-03 00:00:00+00:00,53.63,56.03,55.44,30.688749368481695,47.07726732115049
2024-03-03 01:00:00+00:00,53.8,56.02,55.38,30.394038859485605,44.619205805655724
2024-03-03 02:00:00+00:00,55.59,55.48,54.89,30.173242154402047,41.370898649840555
2024-03-03 03:00:00+00:00,55.31,54.88,55.19,30.329019376751205,37.9057773808835
2024-03-03 04:00:00+00:00,55.82,55.99,55.07,31.296502248711846,35.1998805691333
2024-03-03 05:00:00+00:00,56.0,56.58,56.71,32.0819419405247,32.15158148542979
2024-03-03 06:00:00+00:00,56.88,60.67,59.92,34.65324657129018,33.23649399875909
2024-03-03 07:00:00+00:00,54.77,63.76,61.58,31.19872863451876,35.72652215829089
2024-03-03 08:00:00+00:00,53.99,65.75,61.82,25.548527925312086,37.161126359856695
2024-03-03 09:00:00+00:00,52.01,60.44,56.31,16.51380614086561,31.96623643428387
2024-03-03 10:00:00+00:00,49.46,59.18,54.12,10.74819048378076,30.501889733836023
2024-03-03 11:00:00+00:00,47.51,55.83,50.0,5.7329770381611524,26.279967146471733
2024-03-03 12:00:00+00:00,42.51,54.9,46.03,5.377351885246597,23.1558895089605
2024-03-03 13:00:00+00:00,46.84,59.86,49.84,15.272719354415926,27.165110676859072
2024-03-03 14:00:00+00:00,54.13,66.08,55.0,31.73319089041398,34.137776913534864
2024-03-03 15:00:00+00:00,60.28,73.0,67.8,54.424977966723475,44.49253289014642
2024-03-03 16:00:00+00:00,75.58,80.63,82.19,75.4047208902848,58.81607485042071
2024-03-03 17:00:00+00:00,84.36,93.6,93.69,89.06528910004147,77.26725543389509
2024-03-03 18:00:00+00:00,86.96,89.9,79.18,84.46290834898038,77.00283741872336
2024-03-03 19:00:00+00:00,81.8,76.98,69.99,75.17338918728122,68.63281153474563
2024-03-03 20:00:00+00:00,75.0,69.81,65.92,71.03924307006793,64.57637004273774
2024-03-03 21:00:00+00:00,72.18,60.94,65.23,67.25653608870329,59.74060462692689
2024-03-03 22:00:00+00:00,72.42,54.99,58.38,61.69980184480101,53.40468930174741
2024-03-03 23:00:00+00:00,69.13,54.5,57.83,64.54093314719528,60.08306747408863
2024-03-04 00:00:00+00:00,67.9,53.63,56.82,63.64177997432222,58.43945225869606
2024-03-04 01:00:00+00:00,67.41,53.8,55.7,64.75505359523058,58.58149778549404
2024-03-04 02:00:00+00:00,66.22,55.59,51.8,68.37205971017626,60.523147805617306
2024-03-04 03:00:00+00:00,65.59,55.31,53.3,73.06537365780862,62.149556422437115
2024-03-04 04:00:00+00:00,70.83,55.82,57.92,81.22146039106777,66.03607342506788
2024-03-04 05:00:00+00:00,81.18,56.0,70.02,95.29052112014976,74.41412953701492
2024-03-04 06:00:00+00:00,96.67,56.88,79.9,106.75686613591607,81.7564622187003
2024-03-04 07:00:00+00:00,102.97,54.77,81.6,107.318075222088,82.89670822659134
2024-03-04 08:00:00+00:00,85.02,53.99,73.83,102.78035622682174,80.92982727186563
2024-03-04 09:00:00+00:00,71.93,52.01,66.65,96.9258387571523,77.26306779897678
2024-03-04 10:00:00+00:00,64.89,49.46,65.03,92.40032252658285,74.7162348122022
2024-03-04 11:00:00+00:00,63.93,47.51,58.42,87.76516637805356,70.86871117948427
2024-03-04 12:00:00+00:00,61.1,42.51,58.19,84.27943661935608,65.28069784493127
2024-03-04 13:00:00+00:00,62.5,46.84,61.29,88.02058514165944,67.04996355147895
2024-03-04 14:00:00+00:00,69.86,54.13,64.95,94.99312918134207,71.59630699263693
2024-03-04 15:00:00+00:00,75.95,60.28,69.99,103.77574336294943,77.17383444727504
2024-03-04 16:00:00+00:00,90.59,75.58,77.0,116.74487930869256,91.32353013868655
2024-03-04 17:00:00+00:00,105.18,84.36,85.32,120.57144966130281,101.51169759687404
2024-03-04 18:00:00+00:00,99.13,86.96,81.01,116.06794965931604,103.15978283803756
2024-03-04 19:00:00+00:00,80.52,81.8,72.21,103.48375021156676,95.53658585071702
2024-03-04 20:00:00+00:00,71.39,75.0,65.69,90.57197661400753,87.158526467282
2024-03-04 21:00:00+00:00,67.49,72.18,65.21,82.91482394531313,82.84344485254775
2024-03-04 22:00:00+00:00,63.93,72.42,60.76,76.50927201678581,79.38123216325985
2024-03-04 23:00:00+00:00,61.96,69.13,57.62,64.71938277948465,65.96115050283808
2024-03-05 00:00:00+00:00,61.67,67.9,57.55,62.52010774914833,64.26529207397937
2024-03-05 01:00:00+00:00,61.33,67.41,57.35,62.580564018118906,63.814293529764505
2024-03-05 02:00:00+00:00,59.86,66.22,56.87,64.16862108917724,63.98526623442768
2024-03-05 03:00:00+00:00,60.56,65.59,57.35,66.79796198547132,64.72869656714323
2024-03-05 04:00:00+00:00,61.67,70.83,63.1,75.08934787202398,71.36347597712133
2024-03-05 05:00:00+00:00,71.53,81.18,74.31,91.8558401920264,85.8412782764015
2024-03-05 06:00:00+00:00,79.28,96.67,95.63,110.82226151286893,104.05568882484664
2024-03-05 07:00:00+00:00,83.02,102.97,95.78,114.79119788782826,109.714695912264
2024-03-05 08:00:00+00:00,77.0,85.02,80.81,100.29791618317329,94.97810674729162
2024-03-05 09:00:00+00:00,71.15,71.93,68.71,88.8769665665173,83.42014759545333
2024-03-05 10:00:00+00:00,69.72,64.89,64.93,82.83741094617079,76.97437042193496
2024-03-05 11:00:00+00:00,66.01,63.93,59.26,80.39267073810854,73.55973951808652
2024-03-05 12:00:00+00:00,65.83,61.1,59.25,77.99325019326477,68.78195457367784
2024-03-05 13:00:00+00:00,69.61,62.5,64.71,79.73976925736991,68.2809859019068
2024-03-05 14:00:00+00:00,70.67,69.86,72.06,86.14187823108985,72.95772781268708
2024-03-05 15:00:00+00:00,76.28,75.95,79.82,94.12915401174166,78.54775935293063
2024-03-05 16:00:00+00:00,82.07,90.59,98.02,109.5636654064807,94.14792491205475
2024-03-05 17:00:00+00:00,104.38,105.18,111.8,121.06447040022823,109.29992961909839
2024-03-05 18:00:00+00:00,112.99,99.13,105.17,115.67515021180637,106.08196285124001
2024-03-05 19:00:00+00:00,93.12,80.52,84.36,97.92494229890276,88.62744829277669
2024-03-05 20:00:00+00:00,82.81,71.39,72.37,86.49517078546367,78.07205843377946
2024-03-05 21:00:00+00:00,76.08,67.49,70.27,81.07736295127889,73.23958604534624
2024-03-05 22:00:00+00:00,71.83,63.93,64.97,75.707507504315,67.64847379207374
2024-03-05 23:00:00+00:00,71.0,61.96,60.36,62.49596708952529,52.987866662816245
2024-03-06 00:00:00+00:00,70.7,61.67,59.4,62.63770359207684,51.742596174814175
2024-03-06 01:00:00+00:00,70.46,61.33,61.34,65.3698068916149,52.0600240613254
2024-03-06 02:00:00+00:00,69.74,59.86,63.46,67.86627398424805,51.5842260715007
2024-03-06 03:00:00+00:00,70.46,60.56,63.74,72.76276203558716,53.23253840620451
2024-03-06 04:00:00+00:00,73.91,61.67,67.44,81.45221650385682,57.99341097428501
2024-03-06 05:00:00+00:00,83.98,71.53,74.3,99.2424878264623,72.2986417848811
2024-03-06 06:00:00+00:00,106.64,79.28,98.89,115.40483484180224,86.72745258165708
2024-03-06 07:00:00+00:00,108.7,83.02,104.49,117.91225905540962,91.63033810280366
2024-03-06 08:00:00+00:00,87.21,77.0,85.46,106.55233891024092,82.61808571328183
2024-03-06 09:00:00+00:00,75.92,71.15,73.99,96.34717938151523,75.07062269732394
2024-03-06 10:00:00+00:00,72.02,69.72,67.55,91.53622905570347,71.63043723122769
2024-03-06 11:00:00+00:00,69.35,66.01,63.93,89.06393400088491,67.20394909299904
2024-03-06 12:00:00+00:00,69.29,65.83,60.72,88.97470245053009,64.22370911130679
2024-03-06 13:00:00+00:00,70.64,69.61,61.51,91.72402776694298,64.47155013751927
2024-03-06 14:00:00+00:00,72.26,70.67,70.43,96.30602582236548,65.30139355743387
2024-03-06 15:00:00+00:00,81.06,76.28,74.96,104.82322390555424,70.18062395874759
2024-03-06 16:00:00+00:00,100.0,82.07,93.04,115.17325032562157,80.04251664291988
2024-03-06 17:00:00+00:00,119.58,104.38,93.24,126.28470670793213,99.05342404668389
2024-03-06 18:00:00+00:00,119.25,112.99,78.29,123.8055084485096,103.79249142969717
2024-03-06 19:00:00+00:00,93.4,93.12,65.44,103.16949898192848,85.46493310422109
2024-03-06 20:00:00+00:00,80.15,82.81,62.59,89.89483696884818,75.19905046840734
2024-03-06 21:00:00+00:00,77.98,76.08,64.02,81.15265114670922,68.8273538443076
2024-03-06 22:00:00+00:00,74.34,71.83,55.12,72.39291907578462,61.76004000699726
2024-03-06 23:00:00+00:00,73.33,71.0,55.11,63.41762141121405,53.99507949708429
2024-03-07 00:00:00+00:00,72.32,70.7,53.33,61.93710467880647,52.48444085871556
2024-03-07 01:00:00+00:00,70.34,70.46,50.06,61.64159621647869,51.240728129704046
2024-03-07 02:00:00+00:00,68.71,69.74,47.03,62.705237554950685,50.379353527027114
2024-03-07 03:00:00+00:00,69.89,70.46,47.15,66.35302423716232,51.86274725056179
2024-03-07 04:00:00+00:00,73.13,73.91,53.32,74.04811285502184,57.23263483841065
2024-03-07 05:00:00+00:00,84.27,83.98,62.03,91.08273329190246,72.15699402451096
2024-03-07 06:00:00+00:00,103.2,106.64,73.74,110.3626692578476,94.05803887953508
2024-03-07 07:00:00+00:00,96.7,108.7,73.89,107.24485822065388,96.73210024801979
2024-03-07 08:00:00+00:00,79.09,87.21,70.39,88.02235751419143,80.83261134453262
2024-03-07 09:00:00+00:00,71.31,75.92,60.47,72.36572945428243,70.40920410356006
2024-03-07 10:00:00+00:00,66.16,72.02,55.01,63.38186665531376,65.90591990474888
2024-03-07 11:00:00+00:00,61.69,69.35,53.98,58.323935678923256,62.04486969425219
2024-03-07 12:00:00+00:00,60.26,69.29,56.02,57.48354618068504,60.08644393114525
2024-03-07 13:00:00+00:00,63.33,70.64,55.07,59.00037678142113,58.246758224732964
2024-03-07 14:00:00+00:00,66.04,72.26,64.96,65.68754151853217,59.39850737824535
2024-03-07 15:00:00+00:00,69.92,81.06,70.98,78.64697076362458,66.32493042317172
2024-03-07 16:00:00+00:00,89.2,100.0,81.28,98.2642223425158,83.42913259930066
2024-03-07 17:00:00+00:00,105.71,119.58,86.26,109.72772592717985,103.0163219045439
2024-03-07 18:00:00+00:00,90.3,119.25,80.99,102.16445813243055,104.55931788811947
2024-03-07 19:00:00+00:00,82.49,93.4,72.77,77.0377215646794,82.73213541193013
2024-03-07 20:00:00+00:00,73.35,80.15,67.25,61.53459050621348,70.34895492252946
2024-03-07 21:00:00+00:00,73.32,77.98,64.9,54.23325587562449,65.68038234970453
2024-03-07 22:00:00+00:00,67.72,74.34,60.9,47.59619519071288,59.920062033209405
2024-03-07 23:00:00+00:00,68.45,73.33,62.04,53.023127666395574,62.96581720498337
2024-03-08 00:00:00+00:00,66.96,72.32,61.42,51.078768179305285,60.755732049587316
2024-03-08 01:00:00+00:00,67.01,70.34,58.14,49.94980737880106,58.32116733987385
2024-03-08 02:00:00+00:00,65.99,68.71,57.83,51.665548267389006,57.93181144256569
2024-03-08 03:00:00+00:00,66.3,69.89,58.3,55.29668986574475,59.67595641146762
2024-03-08 04:00:00+00:00,67.11,73.13,62.49,62.20918522185651,64.65125551047973
2024-03-08 05:00:00+00:00,82.91,84.27,71.58,78.52718148389441,79.50572803677589
2024-03-08 06:00:00+00:00,95.06,103.2,79.36,94.09420739355184,99.4571175965061
2024-03-08 07:00:00+00:00,88.89,96.7,83.79,84.29878109720036,98.28041826488455
2024-03-08 08:00:00+00:00,74.36,79.09,75.88,60.73033608279815,82.67502290273589
2024-03-08 09:00:00+00:00,57.59,71.31,66.52,39.214763407498644,73.29282903773657
2024-03-08 10:00:00+00:00,52.05,66.16,64.76,22.240087121820935,67.31343574195381
2024-03-08 11:00:00+00:00,21.77,61.69,63.08,11.576115054859685,61.24475184079097
2024-03-08 12:00:00+00:00,4.26,60.26,64.63,9.77179208263162,58.1979141584147
2024-03-08 13:00:00+00:00,24.2,63.33,67.11,15.666466865357975,58.654412036510614
2024-03-08 14:00:00+00:00,40.25,66.04,72.57,28.066222490571192,61.55299375329344
2024-03-08 15:00:00+00:00,55.74,69.92,78.94,46.250087092815356,66.2837962315723
2024-03-08 16:00:00+00:00,71.98,89.2,89.4,73.07840154788983,83.93709496242249
2024-03-08 17:00:00+00:00,83.76,105.71,93.73,82.32480268491302,99.90659901169583
2024-03-08 18:00:00+00:00,79.98,90.3,87.19,66.14822674941956,89.91250649246855
2024-03-08 19:00:00+00:00,71.46,82.49,77.49,51.460302479045474,79.19818609376773
2024-03-08 20:00:00+00:00,64.9,73.35,71.62,40.43561920812953,69.9295910534872
2024-03-08 21:00:00+00:00,65.03,73.32,70.06,37.52326800976491,68.10845213024706
2024-03-08 22:00:00+00:00,59.89,67.72,66.39,31.805201496062267,61.6044908384469
2024-03-08 23:00:00+00:00,56.56,68.45,59.95,28.28651759217574,57.4066233874828
2024-03-09 00:00:00+00:00,54.91,66.96,56.03,25.76046649683491,53.029442817693685
2024-03-09 01:00:00+00:00,53.72,67.01,56.02,25.22167235437324,49.88810327747815
2024-03-09 02:00:00+00:00,52.56,65.99,55.48,24.73427151607511,46.02167965323163
2024-03-09 03:00:00+00:00,48.6,66.3,54.88,24.70580876377177,43.07779114093281
2024-03-09 04:00:00+00:00,47.79,67.11,55.99,25.43929289975651,41.05855030558464
2024-03-09 05:00:00+00:00,50.47,82.91,56.58,33.90084039432493,49.37733913771851
2024-03-09 06:00:00+00:00,53.06,95.06,60.67,39.71874588707691,57.865639122681834
2024-03-09 07:00:00+00:00,53.06,88.89,63.76,29.932663532964355,53.86056399980268
2024-03-09 08:00:00+00:00,48.12,74.36,65.75,13.572724383757048,42.87910532083379
2024-03-09 09:00:00+00:00,32.94,57.59,60.44,-5.181155319267788,29.645237924802217
2024-03-09 10:00:00+00:00,0.2,52.05,59.18,-16.294936704343172,24.098609341195328
2024-03-09 11:00:00+00:00,-1.15,21.77,55.83,-34.76135745224941,2.8127458788148942
2024-03-09 12:00:00+00:00,-5.02,4.26,54.9,-41.44697009778825,-9.397726568034784
2024-03-09 13:00:00+00:00,-0.04,24.2,59.86,-23.536664931260972,4.356263805008425
2024-03-09 14:00:00+00:00,28.19,40.25,66.08,-2.2584732444332474,16.91509562961518
2024-03-09 15:00:00+00:00,52.64,55.74,73.0,25.903586779295452,32.230583952729674
2024-03-09 16:00:00+00:00,69.49,71.98,80.63,53.52071394933203,51.86527015497196
2024-03-09 17:00:00+00:00,78.02,83.76,93.6,65.85874465774563,69.43652010349544
2024-03-09 18:00:00+00:00,74.99,79.98,89.9,59.27145003182221,69.46899202220645
2024-03-09 19:00:00+00:00,67.26,71.46,76.98,47.617715344278466,62.50975445988753
2024-03-09 20:00:00+00:00,60.47,64.9,69.81,39.569673611511284,57.40989488982848
2024-03-09 21:00:00+00:00,60.53,65.03,60.94,37.27986780456187,57.358219242110536
2024-03-09 22:00:00+00:00,57.29,59.89,54.99,31.177185908557036,51.87989279968727
2024-03-09 23:00:00+00:00,48.65,56.56,54.5,29.13515310372189,54.508814994370546
2024-03-10 00:00:00+00:00,46.06,54.91,53.63,25.673507427315542,51.4351003982175
2024-03-10 01:00:00+00:00,40.98,53.72,53.8,22.713888782233298,48.18650272849952
2024-03-10 02:00:00+00:00,35.55,52.56,55.59,20.144436392184673,44.77768328281054
2024-03-10 03:00:00+00:00,32.39,48.6,55.31,15.448468409926662,38.82562783542922
2024-03-10 04:00:00+00:00,32.28,47.79,55.82,12.869184183140135,35.02820486224867
2024-03-10 05:00:00+00:00,33.91,50.47,56.0,11.935921378100119,33.986724205413694
2024-03-10 06:00:00+00:00,39.49,53.06,56.88,9.603990343355392,33.68769157615125
2024-03-10 07:00:00+00:00,34.82,53.06,54.77,2.110308370749678,32.26727811447698
2024-03-10 08:00:00+00:00,25.25,48.12,53.99,-5.792242815602322,28.26831290334512
2024-03-10 09:00:00+00:00,2.35,32.94,52.01,-18.405673965861638,16.79553500532532
2024-03-10 10:00:00+00:00,-0.1,0.2,49.46,-36.092050090432295,-4.64047211067475
2024-03-10 11:00:00+00:00,-8.24,-1.15,47.51,-37.68595908617509,-8.964885978683796
2024-03-10 12:00:00+00:00,-9.98,-5.02,42.51,-39.87407779258466,-15.094415185888266
2024-03-10 13:00:00+00:00,-0.51,-0.04,46.84,-34.51006598695041,-9.215476563929272
2024-03-10 14:00:00+00:00,14.41,28.19,54.13,-9.306702886093092,13.329560703458995
2024-03-10 15:00:00+00:00,47.96,52.64,60.28,19.284943099766537,35.553059751794635
2024-03-10 16:00:00+00:00,55.97,69.49,75.58,43.383045863171006,56.17022913877721
2024-03-10 17:00:00+00:00,66.35,78.02,84.36,56.31047562581604,72.10816126755238
2024-03-10 18:00:00+00:00,62.32,74.99,86.96,55.09032942454872,74.61232294807309
2024-03-10 19:00:00+00:00,57.14,67.26,81.8,49.31381890159881,70.35778827806823
2024-03-10 20:00:00+00:00,53.74,60.47,75.0,43.4776726743308,65.95030015494875
2024-03-10 21:00:00+00:00,53.08,60.53,72.18,43.68895511192845,66.82672006272463
2024-03-10 22:00:00+00:00,52.05,57.29,72.42,40.250366182638615,63.07236349247782
2024-03-10 23:00:00+00:00,48.93,48.65,69.13,35.73420286280329,64.20202397889446
2024-03-11 00:00:00+00:00,49.33,46.06,67.9,33.81168706353573,61.1754805395041
2024-03-11 01:00:00+00:00,50.21,40.98,67.41,32.98729293780163,57.710094964853994
2024-03-11 02:00:00+00:00,49.28,35.55,66.22,33.42342064149494,54.69682810628936
2024-03-11 03:00:00+00:00,49.99,32.39,65.59,36.60687760449685,54.14253630490008
2024-03-11 04:00:00+00:00,56.3,32.28,70.83,44.553775558749656,58.14581766102391
2024-03-11 05:00:00+00:00,76.64,33.91,81.18,58.648134829542606,67.8964474775682
2024-03-11 06:00:00+00:00,82.6,39.49,96.67,70.43672250215269,78.64846415863829
2024-03-11 07:00:00+00:00,85.59,34.82,102.97,66.15820084428603,77.58635700182685
2024-03-11 08:00:00+00:00,80.45,25.25,85.02,52.70263116023993,68.16995014248566
2024-03-11 09:00:00+00:00,71.2,2.35,71.93,34.291391118513204,50.24546686541747
2024-03-11 10:00:00+00:00,65.03,-0.1,64.89,28.170912505167948,44.47901462478516
2024-03-11 11:00:00+00:00,60.79,-8.24,63.93,23.66606268599199,37.43832519451681
2024-03-11 12:00:00+00:00,66.25,-9.98,61.1,23.727572647274783,33.68589540221227
2024-03-11 13:00:00+00:00,67.0,-0.51,62.5,33.38354238665151,38.472096248440586
2024-03-11 14:00:00+00:00,73.47,14.41,69.86,51.585249364196756,50.38612948699874
2024-03-11 15:00:00+00:00,80.19,47.96,75.95,82.11769789403075,75.18609085520131
2024-03-11 16:00:00+00:00,91.39,55.97,90.59,100.51318606059273,85.92001659924108
2024-03-11 17:00:00+00:00,100.7,66.35,105.18,112.73219745855319,98.04842766270828
2024-03-11 18:00:00+00:00,108.01,62.32,99.13,107.8086816401656,95.27878927454347
2024-03-11 19:00:00+00:00,87.99,57.14,80.52,96.70930376083913,86.92133218804085
2024-03-11 20:00:00+00:00,76.71,53.74,71.39,88.12115746926246,80.8056646039918
2024-03-11 21:00:00+00:00,75.04,53.08,67.49,83.22941688659716,78.17153693261841
2024-03-11 22:00:00+00:00,67.08,52.05,63.93,77.64620771841624,73.94836725135137
2024-03-11 23:00:00+00:00,69.19,48.93,61.96,68.79348126091585,59.899643697560904
2024-03-12 00:00:00+00:00,65.56,49.33,61.67,68.5342043863732,58.74663370601092
2024-03-12 01:00:00+00:00,66.51,50.21,61.33,70.5875144865122,58.83990483112982
2024-03-12 02:00:00+00:00,65.2,49.28,59.86,72.75528009638265,58.09359160823928
2024-03-12 03:00:00+00:00,66.58,49.99,60.56,77.35821824099996,59.446844940370035
2024-03-12 04:00:00+00:00,71.37,56.3,61.67,87.90353873499939,66.56763824061903
2024-03-12 05:00:00+00:00,87.06,76.64,71.53,111.61053942014117,87.95018721796276
2024-03-12 06:00:00+00:00,96.55,82.6,79.28,122.83503811432105,98.15903817637938
2024-03-12 07:00:00+00:00,100.78,85.59,83.02,121.90970513689426,101.0579143945521
2024-03-12 08:00:00+00:00,93.81,80.45,77.0,113.1859705185282,95.00698090315723
2024-03-12 09:00:00+00:00,85.42,71.2,71.15,104.18301874261337,85.28416654806216
2024-03-12 10:00:00+00:00,80.68,65.03,69.72,98.96273223328338,79.35211900989194
2024-03-12 11:00:00+00:00,78.44,60.79,66.01,94.45924764245105,73.11855639833531
2024-03-12 12:00:00+00:00,78.26,66.25,65.83,95.498043059109,73.41983571241974
2024-03-12 13:00:00+00:00,79.02,67.0,69.61,95.57326900419564,71.5591928961952
2024-03-12 14:00:00+00:00,86.34,73.47,70.67,101.49435159932246,74.77759953942783
2024-03-12 15:00:00+00:00,101.61,80.19,76.28,112.55683276491496,82.28422945890782
2024-03-12 16:00:00+00:00,113.06,91.39,82.07,126.42081728513635,93.34608272355925
2024-03-12 17:00:00+00:00,134.92,100.7,104.38,137.93392261379236,106.40266029726861
2024-03-12 18:00:00+00:00,124.57,108.01,112.99,140.6385382006344,113.30497560753471
2024-03-12 19:00:00+00:00,97.48,87.99,93.12,121.18043941038971,95.33200224486144
2024-03-12 20:00:00+00:00,83.63,76.71,82.81,107.12130256043633,84.19167152954925
2024-03-12 21:00:00+00:00,78.93,75.04,76.08,98.8368977574985,80.144175283767
2024-03-12 22:00:00+00:00,70.33,67.08,71.83,87.37040620559421,71.40798673245504
2024-03-12 23:00:00+00:00,63.93,69.19,71.0,70.93039753623663,58.99747030949084
2024-03-13 00:00:00+00:00,62.3,65.56,70.7,66.3809679103064,55.48862496052596
2024-03-13 01:00:00+00:00,61.79,66.51,70.46,65.20301002399128,55.09543297301575
2024-03-13 02:00:00+00:00,61.37,65.2,69.74,65.63042659555356,54.51926260759401
2024-03-13 03:00:00+00:00,64.0,66.58,70.46,69.38145374281643,56.587373680601665
2024-03-13 04:00:00+00:00,66.8,71.37,73.91,78.62037144518476,63.569364063393515
2024-03-13 05:00:00+00:00,77.32,87.06,83.98,99.39457063792156,83.18091538785436
2024-03-13 06:00:00+00:00,88.27,96.55,106.64,113.21783016404612,97.55613786828346
2024-03-13 07:00:00+00:00,89.91,100.78,108.7,112.3347366447516,101.59165622675741
2024-03-13 08:00:00+00:00,77.71,93.81,87.21,100.36235449086976,92.91116753434835
2024-03-13 09:00:00+00:00,68.07,85.42,75.92,91.09125209740466,84.53275278966407
2024-03-13 10:00:00+00:00,64.85,80.68,72.02,85.72983605213598,79.55175137352117
2024-03-13 11:00:00+00:00,64.61,78.44,69.35,82.5311894468735,75.56277302222657
2024-03-13 12:00:00+00:00,64.83,78.26,69.29,81.80074589752637,73.70752467134247
2024-03-13 13:00:00+00:00,63.96,79.02,70.64,82.92174870972357,71.97201022465015
2024-03-13 14:00:00+00:00,67.84,86.34,72.26,90.36637077515724,76.21371128352149
2024-03-13 15:00:00+00:00,73.53,101.61,81.06,104.31425715834978,87.80934112307921
2024-03-13 16:00:00+00:00,89.91,113.06,100.0,118.4639594266695,100.9784842748174
2024-03-13 17:00:00+00:00,97.8,134.92,119.58,134.3585150196954,122.16122428620302
2024-03-13 18:00:00+00:00,94.36,124.57,119.25,125.65656529426103,117.46962220960225
2024-03-13 19:00:00+00:00,76.98,97.48,93.4,99.571439769366,92.93706457576953
2024-03-13 20:00:00+00:00,66.82,83.63,80.15,82.45770406942978,79.1713701104041
2024-03-13 21:00:00+00:00,68.11,78.93,77.98,73.34340404387976,73.76505192644842
2024-03-13 22:00:00+00:00,63.88,70.33,74.34,61.84726650259241,64.12698498311818
2024-03-13 23:00:00+00:00,63.29,63.93,73.33,51.89705141936293,52.70759375975333
2024-03-14 00:00:00+00:00,56.9,62.3,72.32,48.929040783315735,50.06744006508029
2024-03-14 01:00:00+00:00,57.52,61.79,70.34,49.060970810788405,49.535171356064346
2024-03-14 02:00:00+00:00,57.0,61.37,68.71,51.76369243002362,50.21874575045819
2024-03-14 03:00:00+00:00,61.4,64.0,69.89,57.350603769139326,53.590012114295085
2024-03-14 04:00:00+00:00,64.07,66.8,73.13,64.5950709439733,58.125192856236474
2024-03-14 05:00:00+00:00,75.05,77.32,84.27,82.40188343317621,73.80837278954606
2024-03-14 06:00:00+00:00,88.06,88.27,103.2,96.1484785909651,87.97994059729848
2024-03-14 07:00:00+00:00,81.99,89.91,96.7,94.8636495310053,89.7580601989194
2024-03-14 08:00:00+00:00,65.71,77.71,79.09,79.28703354005563,77.96378536389358
2024-03-14 09:00:00+00:00,54.32,68.07,71.31,64.6834047637976,68.65656096106875
2024-03-14 10:00:00+00:00,52.37,64.85,66.16,55.24083936469138,63.678432667743245
2024-03-14 11:00:00+00:00,52.83,64.61,61.69,50.02332540137213,60.57865257599229
2024-03-14 12:00:00+00:00,49.16,64.83,60.26,48.178434028150726,58.288686442918106
2024-03-14 13:00:00+00:00,52.84,63.96,63.33,51.08803150434373,56.18557839024427
2024-03-14 14:00:00+00:00,58.91,67.84,66.04,62.6233953992617,59.10670852426285
2024-03-14 15:00:00+00:00,73.21,73.53,69.92,78.45560720078484,64.87330615274595
2024-03-14 16:00:00+00:00,91.04,89.91,89.2,99.87421740390127,81.53454431272128
2024-03-14 17:00:00+00:00,114.77,97.8,105.71,106.0058875402591,93.18186172745827
2024-03-14 18:00:00+00:00,91.04,94.36,90.3,92.77514403262711,89.32440811496605
2024-03-14 19:00:00+00:00,74.09,76.98,82.49,69.79110761322818,73.05395365516792
2024-03-14 20:00:00+00:00,62.63,66.82,73.35,52.37768934222229,62.058549441162945
2024-03-14 21:00:00+00:00,59.62,68.11,73.32,44.61683344172856,60.16238910407139
2024-03-14 22:00:00+00:00,51.66,63.88,67.72,34.974080669499315,53.29272742536153
2024-03-14 23:00:00+00:00,48.39,63.29,68.45,38.0011100702964,55.9881561745771
2024-03-15 00:00:00+00:00,46.58,56.9,66.96,32.64273454705851,50.97394051466143
2024-03-15 01:00:00+00:00,45.57,57.52,67.01,32.357840914775196,50.85188140022265
2024-03-15 02:00:00+00:00,43.95,57.0,65.99,33.493040114863106,50.8268959826667
2024-03-15 03:00:00+00:00,46.96,61.4,66.3,38.67426627633473,55.02247872638281
2024-03-15 04:00:00+00:00,49.35,64.07,67.11,44.990829489573564,59.372838493552166
2024-03-15 05:00:00+00:00,62.26,75.05,82.91,61.46287885278128,74.70785391502736
2024-03-15 06:00:00+00:00,69.53,88.06,95.06,73.64089297415998,89.38277479602802
2024-03-15 07:00:00+00:00,68.75,81.99,88.89,66.22876868339253,86.1973319441673
2024-03-15 08:00:00+00:00,53.8,65.71,74.36,48.268969430712396,71.37117642868844
2024-03-15 09:00:00+00:00,46.56,54.32,57.59,32.60578322278376,59.90700190269159
2024-03-15 10:00:00+00:00,39.27,52.37,52.05,24.758530337004885,56.93436372993987
2024-03-15 11:00:00+00:00,38.34,52.83,21.77,19.006107207940858,52.0171854325094
2024-03-15 12:00:00+00:00,36.87,49.16,4.26,15.998053566498996,45.056512035010606
2024-03-15 13:00:00+00:00,44.93,52.84,24.2,25.198565577368527,47.55009934218601
2024-03-15 14:00:00+00:00,51.55,58.91,40.25,40.62602161801821,53.720579133035685
2024-03-15 15:00:00+00:00,66.7,73.21,55.74,61.4833576669035,65.70329719225411
2024-03-15 16:00:00+00:00,86.92,91.04,71.98,84.28604884540692,82.9595883519317
2024-03-15 17:00:00+00:00,82.03,114.77,83.76,101.33576590421974,103.25822012797245
2024-03-15 18:00:00+00:00,87.99,91.04,79.98,84.0061923259741,87.73030331187506
2024-03-15 19:00:00+00:00,64.26,74.09,71.46,65.06900962538887,72.44234878669963
2024-03-15 20:00:00+00:00,55.36,62.63,64.9,49.57581941026417,61.2127778448505
2024-03-15 21:00:00+00:00,56.35,59.62,65.03,41.4517977603138,57.59963402523759
2024-03-15 22:00:00+00:00,49.33,51.66,59.89,30.826763347373216,49.15443297730404
2024-03-15 23:00:00+00:00,44.12,48.39,56.56,20.892452049949597,44.76711538713017
2024-03-16 00:00:00+00:00,42.01,46.58,54.91,15.841448282558645,40.16418818102933
2024-03-16 01:00:00+00:00,40.69,45.57,53.72,13.10262915729919,36.70779476466242
2024-03-16 02:00:00+00:00,38.88,43.95,52.56,11.615499559350027,33.27497439983519
2024-03-16 03:00:00+00:00,38.67,46.96,48.6,12.145047326755972,31.970607114649
2024-03-16 04:00:00+00:00,40.34,49.35,47.79,13.61109344941363,30.555210477651244
2024-03-16 05:00:00+00:00,47.26,62.26,50.47,20.585120576637465,36.801440497529036
2024-03-16 06:00:00+00:00,51.31,69.53,53.06,25.34812887751194,41.585738634840936
2024-03-16 07:00:00+00:00,52.24,68.75,53.06,22.130453823029157,40.62299512346193
2024-03-16 08:00:00+00:00,47.01,53.8,48.12,9.716338497693727,29.007814167193743
2024-03-16 09:00:00+00:00,44.88,46.56,32.94,0.40219592132062587,21.10837327917565
2024-03-16 10:00:00+00:00,41.62,39.27,0.2,-10.638297973559133,11.659423811842657
2024-03-16 11:00:00+00:00,36.7,38.34,-1.15,-14.757810756445622,10.096016375856166
2024-03-16 12:00:00+00:00,21.02,36.87,-5.02,-19.81617249311695,6.17863838800703
2024-03-16 13:00:00+00:00,10.99,44.93,-0.04,-16.077479989634412,9.875721306124419
2024-03-16 14:00:00+00:00,31.01,51.55,28.19,-1.9747367932742748,20.054870373104563
2024-03-16 15:00:00+00:00,46.98,66.7,52.64,23.027149287672543,38.32602546928984
2024-03-16 16:00:00+00:00,72.08,86.92,69.49,55.72063123583994,61.880606928667596
2024-03-16 17:00:00+00:00,81.69,82.03,78.02,67.39244884968177,67.56171692633868
2024-03-16 18:00:00+00:00,87.31,87.99,74.99,72.32009489211922,72.98644284014175
2024-03-16 19:00:00+00:00,79.46,64.26,67.26,57.61039336612055,56.038812684018424
2024-03-16 20:00:00+00:00,72.99,55.36,60.47,51.30415191479261,49.306563872977776
2024-03-16 21:00:00+00:00,72.31,56.35,60.53,53.15007135692884,51.06953749473472
2024-03-16 22:00:00+00:00,67.1,49.33,57.29,48.323258145948934,44.28512123875039
2024-03-16 23:00:00+00:00,64.99,44.12,48.65,50.69725003306211,43.87069875626086
2024-03-17 00:00:00+00:00,60.49,42.01,46.06,48.949904453556165,39.953693986101015
2024-03-17 01:00:00+00:00,55.97,40.69,40.98,47.76433209341495,36.218897350907476
2024-03-17 02:00:00+00:00,58.75,38.88,35.55,45.76630566392326,31.012642074770923
2024-03-17 03:00:00+00:00,60.45,38.67,32.39,46.06538193764344,27.609157308498652
2024-03-17 04:00:00+00:00,60.49,40.34,32.28,47.883570221832244,25.423284329105
2024-03-17 05:00:00+00:00,62.6,47.26,33.91,51.68857140443612,27.049877804472985
2024-03-17 06:00:00+00:00,56.6,51.31,39.49,49.63150109135316,28.59939342473352
2024-03-17 07:00:00+00:00,50.58,52.24,34.82,38.88425251306505,27.828975266579135
2024-03-17 08:00:00+00:00,47.15,47.01,25.25,25.263226882997245,22.33003759562787
2024-03-17 09:00:00+00:00,45.4,44.88,2.35,14.992038742416455,17.44430787739404
2024-03-17 10:00:00+00:00,45.91,41.62,-0.1,10.77549346751826,14.507248315667027
2024-03-17 11:00:00+00:00,41.81,36.7,-8.24,8.0489173041138,9.302183016219615
2024-03-17 12:00:00+00:00,40.15,21.02,-9.98,3.5744578246229395,-2.2492180466371394
2024-03-17 13:00:00+00:00,48.06,10.99,-0.51,7.14348790037775,-6.593443285630187
2024-03-17 14:00:00+00:00,56.12,31.01,14.41,29.158869679373893,10.953073646335199
2024-03-17 15:00:00+00:00,71.76,46.98,47.96,53.33122632610778,30.783401630980535
2024-03-17 16:00:00+00:00,85.44,72.08,55.97,78.09356116139185,55.925441625279326
2024-03-17 17:00:00+00:00,94.31,81.69,66.35,88.59949762605966,70.66923252614042
2024-03-17 18:00:00+00:00,88.29,87.31,62.32,87.60383972318677,78.62798561729218
2024-03-17 19:00:00+00:00,77.89,79.46,57.14,76.2289132066784,72.54901930714752
2024-03-17 20:00:00+00:00,72.33,72.99,53.74,67.69713219584061,68.88422003090203
2024-03-17 21:00:00+00:00,72.1,72.31,53.08,64.4375806842632,69.81772717353488
2024-03-17 22:00:00+00:00,65.91,67.1,52.05,56.433947822128154,63.969030457034215
2024-03-17 23:00:00+00:00,64.12,64.99,48.93,58.1526725409323,68.99068493658416
2024-03-18 00:00:00+00:00,57.14,60.49,49.33,54.84660100507767,65.26627582235764
2024-03-18 01:00:00+00:00,58.31,55.97,50.21,52.75473342482291,61.64220838181201
2024-03-18 02:00:00+00:00,59.38,58.75,49.28,56.89447647723973,63.97821379174326
2024-03-18 03:00:00+00:00,64.38,60.45,49.99,62.34321466399168,66.52809101874291
2024-03-18 04:00:00+00:00,70.8,60.49,56.3,70.64323305748323,70.53017024381401
2024-03-18 05:00:00+00:00,86.32,62.6,76.64,86.73560562546709,81.70450051894372
2024-03-18 06:00:00+00:00,97.87,56.6,82.6,92.17994734038193,83.35719357733186
2024-03-18 07:00:00+00:00,94.45,50.58,85.59,90.70665692836286,81.41464104045873
2024-03-18 08:00:00+00:00,82.8,47.15,80.45,87.0412771227096,77.05834998447432
2024-03-18 09:00:00+00:00,72.84,45.4,71.2,84.37634833304783,73.46694970638038
2024-03-18 10:00:00+00:00,66.64,45.91,65.03,83.5556593641099,71.39077113676194
2024-03-18 11:00:00+00:00,67.7,41.81,60.79,80.35248315781197,65.34870536663317
2024-03-18 12:00:00+00:00,68.3,40.15,66.25,78.66777012074134,60.55009864349143
2024-03-18 13:00:00+00:00,68.94,48.06,67.0,82.44822850729743,62.094790488339434
2024-03-18 14:00:00+00:00,73.4,56.12,73.47,91.43787607617982,68.67856160750152
2024-03-18 15:00:00+00:00,78.98,71.76,80.19,106.80348300621678,81.54724792009385
2024-03-18 16:00:00+00:00,107.65,85.44,91.39,124.02304473349949,96.82182067070227
2024-03-18 17:00:00+00:00,145.71,94.31,100.7,133.13179369048737,107.89315014533369
2024-03-18 18:00:00+00:00,126.53,88.29,108.01,128.22247510983087,106.81827536901154
2024-03-18 19:00:00+00:00,103.72,77.89,87.99,113.92601628776902,95.25740843393683
2024-03-18 20:00:00+00:00,81.2,72.33,76.71,103.5728792959249,87.8317106993353
2024-03-18 21:00:00+00:00,78.38,72.1,75.04,97.54575727883415,85.09631898611956
2024-03-18 22:00:00+00:00,74.45,65.91,67.08,87.83547864987432,76.7585357194636
2024-03-18 23:00:00+00:00,72.0,64.12,69.19,76.79992241637473,66.46358413959304
2024-03-19 00:00:00+00:00,71.24,57.14,65.56,71.43628530054428,60.31763609089021
2024-03-19 01:00:00+00:00,71.65,58.31,66.51,71.06599115314818,60.134248141743925
2024-03-19 02:00:00+00:00,71.55,59.38,65.2,72.93682547204513,61.670173013544186
2024-03-19 03:00:00+00:00,71.24,64.38,66.58,78.07246046255442,66.22776318138725
2024-03-19 04:00:00+00:00,71.01,70.8,71.37,87.29430211319465,73.7372859928473
2024-03-19 05:00:00+00:00,89.5,86.32,87.06,106.98412939487686,92.34844840185211
2024-03-19 06:00:00+00:00,110.78,97.87,96.55,115.8375721317919,104.7037444197097
2024-03-19 07:00:00+00:00,95.87,94.45,100.78,108.29265924607937,103.38609588658557
2024-03-19 08:00:00+00:00,72.02,82.8,93.81,92.45282877994607,93.22361524982634
2024-03-19 09:00:00+00:00,65.36,72.84,85.42,78.08450817580022,84.22907512443857
2024-03-19 10:00:00+00:00,58.82,66.64,80.68,68.7167177207694,77.7772597901286
2024-03-19 11:00:00+00:00,54.47,67.7,78.44,66.59778928404982,75.31848449176208
2024-03-19 12:00:00+00:00,56.72,68.3,78.26,66.91034648922569,72.58256537745788
2024-03-19 13:00:00+00:00,60.48,68.94,79.02,71.38681917771498,71.1507187014875
2024-03-19 14:00:00+00:00,70.05,73.4,86.34,84.01063413056583,74.77060529629419
2024-03-19 15:00:00+00:00,73.7,78.98,101.61,101.38090400391496,81.98870175667648
2024-03-19 16:00:00+00:00,103.95,107.65,113.06,130.07325680917106,105.9929483583823
2024-03-19 17:00:00+00:00,131.42,145.71,134.92,159.12795405698907,138.60655007621187
2024-03-19 18:00:00+00:00,128.96,126.53,124.57,146.39288495369823,126.33806017856725
2024-03-19 19:00:00+00:00,110.0,103.72,97.48,125.30965005361422,105.72573924432251
2024-03-19 20:00:00+00:00,89.02,81.2,83.63,106.5008420470441,87.04612923921692
2024-03-19 21:00:00+00:00,81.72,78.38,78.93,99.14324532582934,82.05162295466074
2024-03-19 22:00:00+00:00,76.1,74.45,70.33,91.30042922261885,74.98596495093027
2024-03-19 23:00:00+00:00,76.01,72.0,63.93,77.54094846042611,59.46188406128686
2024-03-20 00:00:00+00:00,73.4,71.24,62.3,76.31040662542031,57.478619730863684
2024-03-20 01:00:00+00:00,74.9,71.65,61.79,77.12161141967773,57.15384195901178
2024-03-20 02:00:00+00:00,75.7,71.55,61.37,79.42520403191186,57.29059050817071
2024-03-20 03:00:00+00:00,76.36,71.24,64.0,84.1769990671321,59.08455138756727
2024-03-20 04:00:00+00:00,80.9,71.01,66.8,92.9295992670989,63.78046805559239
2024-03-20 05:00:00+00:00,116.0,89.5,77.32,114.51806756757591,84.58898059036528
2024-03-20 06:00:00+00:00,116.24,110.78,88.27,127.16288302898309,104.76270549244536
2024-03-20 07:00:00+00:00,98.33,95.87,89.91,109.73303549991047,96.17394706114712
2024-03-20 08:00:00+00:00,70.63,72.02,77.71,84.41891252269345,77.19738996424235
2024-03-20 09:00:00+00:00,66.0,65.36,68.07,71.34171948980683,69.5872066489637
2024-03-20 10:00:00+00:00,65.39,58.82,64.85,62.5439371655837,62.882906291100674
2024-03-20 11:00:00+00:00,61.43,54.47,64.61,59.45604224457415,58.26216563572587
2024-03-20 12:00:00+00:00,63.95,56.72,64.83,63.130398528919315,57.52937233853567
2024-03-20 13:00:00+00:00,64.35,60.48,63.96,70.54440945668782,57.606790700719415
2024-03-20 14:00:00+00:00,70.78,70.05,67.84,85.40921776145618,63.92478475984555
2024-03-20 15:00:00+00:00,87.07,73.7,73.53,100.10873589811898,67.68989328532737
2024-03-20 16:00:00+00:00,119.68,103.95,89.91,130.75310604263194,94.29462523184176
2024-03-20 17:00:00+00:00,168.54,131.42,97.8,151.99875834804877,119.08748213265608
2024-03-20 18:00:00+00:00,159.05,128.96,94.36,147.2874384448108,116.9580545094255
2024-03-20 19:00:00+00:00,124.95,110.0,76.98,128.63789981893044,99.27804448054496
2024-03-20 20:00:00+00:00,106.52,89.02,66.82,109.10483801315516,80.72593691017956
2024-03-20 21:00:00+00:00,96.07,81.72,68.11,97.6534336662547,73.14128879602734
2024-03-20 22:00:00+00:00,79.98,76.1,63.88,86.44834620806976,65.57786701537196
2024-03-20 23:00:00+00:00,76.18,76.01,63.29,75.83425714761341,58.98693664104211
2024-03-21 00:00:00+00:00,73.37,73.4,56.9,70.07507127709383,55.43804724493078
2024-03-21 01:00:00+00:00,71.55,74.9,57.52,68.8801294120531,56.456143753534946
2024-03-21 02:00:00+00:00,71.32,75.7,57.0,68.67734583229225,57.78825202488604
2024-03-21 03:00:00+00:00,71.0,76.36,61.4,69.65032713662949,59.59950430704465
2024-03-21 04:00:00+00:00,73.51,80.9,64.07,74.37647340172876,64.52648987877186
2024-03-21 05:00:00+00:00,89.26,116.0,75.05,103.179391981234,96.66277113305858
2024-03-21 06:00:00+00:00,98.21,116.24,88.06,110.1693329055582,104.1829141472445
2024-03-21 07:00:00+00:00,102.29,98.33,81.99,99.41306600084131,92.3576794205574
2024-03-21 08:00:00+00:00,80.0,70.63,65.71,78.20614083717294,69.86265431383008
2024-03-21 09:00:00+00:00,72.41,66.0,54.32,68.37416357047451,63.81220419333658
2024-03-21 10:00:00+00:00,68.03,65.39,52.37,61.32915870589506,60.88312306837728
2024-03-21 11:00:00+00:00,64.64,61.43,52.83,54.65472435260509,55.84953739897304
2024-03-21 12:00:00+00:00,59.96,63.95,49.16,52.80904700643141,54.63692293583784
2024-03-21 13:00:00+00:00,66.85,64.35,52.84,53.664367829469455,52.944311273749385
2024-03-21 14:00:00+00:00,66.28,70.78,58.91,63.66488442807653,57.82542787404304
2024-03-21 15:00:00+00:00,75.27,87.07,73.21,84.1846524248225,70.84534990832596
2024-03-21 16:00:00+00:00,100.9,119.68,91.04,117.44058878415915,99.43894890580255
2024-03-21 17:00:00+00:00,127.13,168.54,114.77,154.4109838206661,140.56395806247667
2024-03-21 18:00:00+00:00,122.85,159.05,91.04,146.5993521960204,133.5605568838883
2024-03-21 19:00:00+00:00,94.04,124.95,74.09,121.09549287513919,106.46034387876128
2024-03-21 20:00:00+00:00,79.6,106.52,62.63,103.01222477056004,89.2786392728177
2024-03-21 21:00:00+00:00,77.48,96.07,59.62,90.23549674879294,79.28833131813984
2024-03-21 22:00:00+00:00,71.23,79.98,51.66,73.27821012290616,64.47850901027272
2024-03-21 23:00:00+00:00,56.34,76.18,48.39,63.7635902059276,63.89284523649447
2024-03-22 00:00:00+00:00,52.24,73.37,46.58,57.16690142792254,60.735627027565435
2024-03-22 01:00:00+00:00,49.69,71.55,45.57,53.57584234910473,59.33734770224839
2024-03-22 02:00:00+00:00,51.83,71.32,43.95,52.58747767694951,59.357274758836915
2024-03-22 03:00:00+00:00,52.8,71.0,46.96,54.56974723578775,61.12781376416893
2024-03-22 04:00:00+00:00,59.89,73.51,49.35,60.819776856604584,66.59927886379896
2024-03-22 05:00:00+00:00,74.1,89.26,62.26,78.76731279615333,86.94110845937786
2024-03-22 06:00:00+00:00,67.39,98.21,69.53,84.01834903974573,96.69456832260892
2024-03-22 07:00:00+00:00,68.09,102.29,68.75,79.52528594636073,98.59481672848544
2024-03-22 08:00:00+00:00,56.32,80.0,53.8,59.095044781941866,78.84792829668862
2024-03-22 09:00:00+00:00,51.81,72.41,46.56,48.27423328827422,70.85399593606783
2024-03-22 10:00:00+00:00,49.85,68.03,39.27,41.38031948197184,65.32007658616274
2024-03-22 11:00:00+00:00,49.76,64.64,38.34,38.025708883584805,60.35945860737536
2024-03-22 12:00:00+00:00,51.49,59.96,36.87,37.29844546461823,55.11062149263636
2024-03-22 13:00:00+00:00,52.39,66.85,44.93,46.554948409786356,58.44958083278163
2024-03-22 14:00:00+00:00,59.97,66.28,51.55,55.95921770404984,58.609680390991684
2024-03-22 15:00:00+00:00,76.87,75.27,66.7,74.44424666634364,68.56411869810535
2024-03-22 16:00:00+00:00,88.98,100.9,86.92,102.94332516488907,92.28288930934583
2024-03-22 17:00:00+00:00,121.59,127.13,82.03,124.03322784693178,114.99599546380588
2024-03-22 18:00:00+00:00,118.71,122.85,87.99,121.84935852151096,113.39984548552611
2024-03-22 19:00:00+00:00,95.0,94.04,64.26,98.10616584017924,87.07300951269161
2024-03-22 20:00:00+00:00,82.25,79.6,55.36,84.19897511725266,73.27201274920508
2024-03-22 21:00:00+00:00,80.15,77.48,56.35,78.57011689749612,69.50957423667634
2024-03-22 22:00:00+00:00,77.47,71.23,49.33,69.31841276086956,60.848948366314055
2024-03-22 23:00:00+00:00,77.77,56.34,44.12,57.367827339006645,49.09494940433311
2024-03-23 00:00:00+00:00,72.47,52.24,42.01,51.9229099245113,43.8308997059123
2024-03-23 01:00:00+00:00,65.92,49.69,40.69,47.86527271333736,39.886574427844714
2024-03-23 02:00:00+00:00,63.98,51.83,38.88,45.672775908685395,38.47883680967462
2024-03-23 03:00:00+00:00,59.84,52.8,38.67,43.81117028977498,36.350197363762526
2024-03-23 04:00:00+00:00,61.44,59.89,40.34,45.74948516405222,38.13711627814171
2024-03-23 05:00:00+00:00,58.34,74.1,47.26,51.528089269646586,46.36334364866554
2024-03-23 06:00:00+00:00,52.82,67.39,51.31,43.77805556824436,41.29314758417724
2024-03-23 07:00:00+00:00,39.12,68.09,52.24,39.06595992913123,42.96437523573381
2024-03-23 08:00:00+00:00,13.2,56.32,47.01,24.290933781855884,33.39843643483482
2024-03-23 09:00:00+00:00,0.02,51.81,44.88,12.243475269079553,29.07520286069284
2024-03-23 10:00:00+00:00,-0.05,49.85,41.62,4.353324751204823,26.63158642774944
2024-03-23 11:00:00+00:00,-1.94,49.76,36.7,-3.456958553477122,24.539042733969453
2024-03-23 12:00:00+00:00,-5.71,51.49,21.02,-11.92671411861663,21.848113099615915
2024-03-23 13:00:00+00:00,-8.45,52.39,10.99,-12.469655296504001,21.468878338952905
2024-03-23 14:00:00+00:00,-1.46,59.97,31.01,0.25029347595807394,30.50682775644799
2024-03-23 15:00:00+00:00,0.07,76.87,46.98,21.90939090431388,47.96339012577414
2024-03-23 16:00:00+00:00,47.8,88.98,72.08,49.064183574012525,67.27609902890622
2024-03-23 17:00:00+00:00,70.09,121.59,81.69,80.66120337804622,97.91382977733883
2024-03-23 18:00:00+00:00,69.15,118.71,87.31,81.31879979679846,99.81204073312283
2024-03-23 19:00:00+00:00,52.94,95.0,79.46,62.57889595951512,81.70761776342235
2024-03-23 20:00:00+00:00,45.84,82.25,72.99,48.8939046808831,71.82454049287563
2024-03-23 21:00:00+00:00,40.28,80.15,72.31,43.249304750928424,70.8757006961416
2024-03-23 22:00:00+00:00,28.39,77.47,67.1,35.132828347462905,66.37745555204206
2024-03-23 23:00:00+00:00,32.1,77.77,64.99,37.635348606035855,69.93210510385697
2024-03-24 00:00:00+00:00,13.28,72.47,60.49,30.404931361940484,62.85400754061895
2024-03-24 01:00:00+00:00,10.13,65.92,55.97,24.056311665714574,55.091055079320775
2024-03-24 02:00:00+00:00,17.0,63.98,58.75,21.206676650809058,51.262986474022426
2024-03-24 03:00:00+00:00,19.92,59.84,60.45,18.12704810590678,45.76948581100667
2024-03-24 04:00:00+00:00,26.82,61.44,60.49,18.643352480564673,44.14447643608781
2024-03-24 05:00:00+00:00,14.87,58.34,62.6,16.168397213723566,39.683267317386175
2024-03-24 06:00:00+00:00,1.96,52.82,56.6,8.915614774624899,33.06789283112977
2024-03-24 07:00:00+00:00,0.0,39.12,50.58,-4.764694556162695,23.391286850369994
2024-03-24 08:00:00+00:00,0.0,13.2,47.15,-22.626218218478925,6.50031382615704
2024-03-24 09:00:00+00:00,0.0,0.02,45.4,-30.959958669268744,-1.6764976635273285
2024-03-24 10:00:00+00:00,0.0,-0.05,45.91,-30.695259247916383,-1.2048357799272509
2024-03-24 11:00:00+00:00,0.0,-1.94,41.81,-31.59472188211599,-3.6232413222366517
2024-03-24 12:00:00+00:00,0.0,-5.71,40.15,-32.81819189005428,-7.262627198961397
2024-03-24 13:00:00+00:00,0.0,-8.45,48.06,-27.931281918331294,-7.125871794389539
2024-03-24 14:00:00+00:00,0.0,-1.46,56.12,-13.921444967577457,1.8805518313570246
2024-03-24 15:00:00+00:00,16.69,0.07,71.76,1.3868874363830628,10.973492978249894
2024-03-24 16:00:00+00:00,59.4,47.8,85.44,38.89808787774564,50.86853046774133
2024-03-24 17:00:00+00:00,75.0,70.09,94.31,59.68259352607305,75.87034459333637
2024-03-24 18:00:00+00:00,74.9,69.15,88.29,57.423465812879286,78.31534815263113
2024-03-24 19:00:00+00:00,66.9,52.94,77.89,43.81699268074708,66.29371402375354
2024-03-24 20:00:00+00:00,64.77,45.84,72.33,36.73536673582337,61.1999911660501
2024-03-24 21:00:00+00:00,64.27,40.28,72.1,34.673652930415244,59.16602625872192
2024-03-24 22:00:00+00:00,62.97,28.39,65.91,26.487678950234766,49.081612301506496
2024-03-24 23:00:00+00:00,62.51,32.1,64.12,32.13082246813582,57.194222776424574
2024-03-25 00:00:00+00:00,62.29,13.28,57.14,23.59827914014147,42.99244550619985
2024-03-25 01:00:00+00:00,62.48,10.13,58.31,25.38923661821171,40.358672273736964
2024-03-25 02:00:00+00:00,64.51,17.0,59.38,34.54390080560985,45.50766558491149
2024-03-25 03:00:00+00:00,66.96,19.92,64.38,44.61354904480624,49.361074817230374
2024-03-25 04:00:00+00:00,77.14,26.82,70.8,60.0968450107717,58.014125415704385
2024-03-25 05:00:00+00:00,88.43,14.87,86.32,70.92962854918048,58.68699604118465
2024-03-25 06:00:00+00:00,113.87,1.96,97.87,72.13422839605444,55.60196655372946
2024-03-25 07:00:00+00:00,99.68,0.0,94.45,67.71992741857736,54.67851359581674
2024-03-25 08:00:00+00:00,77.43,0.0,82.8,58.74946994285424,50.81880976876552
2024-03-25 09:00:00+00:00,70.05,0.0,72.84,51.38155263180964,47.79986864635112
2024-03-25 10:00:00+00:00,63.66,0.0,66.64,45.726385132497214,45.60523913242762
2024-03-25 11:00:00+00:00,61.85,0.0,67.7,43.0925162192032,44.01985681275224
2024-03-25 12:00:00+00:00,63.22,0.0,68.3,41.70655795965543,41.22592198104275
2024-03-25 13:00:00+00:00,64.52,0.0,68.94,44.43264409976838,38.45635666662397
2024-03-25 14:00:00+00:00,73.97,0.0,73.4,53.749129079204025,38.453202112667604
2024-03-25 15:00:00+00:00,81.05,16.69,78.98,76.65187701486775,49.95729419615694
2024-03-25 16:00:00+00:00,111.88,59.4,107.65,120.89661503971271,87.85014444773513
2024-03-25 17:00:00+00:00,174.7,75.0,145.71,140.4334002391231,107.02134111136311
2024-03-25 18:00:00+00:00,149.75,74.9,126.53,133.38013265845592,106.145876462351
2024-03-25 19:00:00+00:00,102.73,66.9,103.72,117.04034404402422,96.01454326031755
2024-03-25 20:00:00+00:00,82.39,64.77,81.2,103.59490397594249,89.7263173649514
2024-03-25 21:00:00+00:00,79.56,64.27,78.38,94.13450236869785,86.60562651711034
2024-03-25 22:00:00+00:00,74.74,62.97,74.45,84.26756703878263,81.69565946919673
2024-03-25 23:00:00+00:00,79.9,62.51,72.0,73.5405656942844,71.00884631316273
2024-03-26 00:00:00+00:00,73.3,62.29,71.24,68.68491948243579,68.4942174734943
2024-03-26 01:00:00+00:00,68.91,62.48,71.65,66.46899583172618,67.98047553743461
2024-03-26 02:00:00+00:00,67.98,64.51,71.55,67.55759253649575,70.29830913298787
2024-03-26 03:00:00+00:00,70.07,66.96,71.24,69.86767170734946,73.04163786257453
2024-03-26 04:00:00+00:00,72.28,77.14,71.01,79.24702799524498,83.17985745816904
2024-03-26 05:00:00+00:00,80.38,88.43,89.5,92.72989295522348,97.91022416256138
2024-03-26 06:00:00+00:00,79.2,113.87,110.78,104.36899843306429,120.13484334780651
2024-03-26 07:00:00+00:00,72.1,99.68,95.87,86.98222677717644,109.7669468851123
2024-03-26 08:00:00+00:00,62.0,77.43,72.02,65.15525333676476,90.74553430876075
2024-03-26 09:00:00+00:00,49.5,70.05,65.36,50.57941928737526,83.67255559734656
2024-03-26 10:00:00+00:00,37.03,63.66,58.82,37.75243840089298,76.6873753876747
2024-03-26 11:00:00+00:00,11.49,61.85,54.47,31.805541887057387,72.41745963931578
2024-03-26 12:00:00+00:00,27.35,63.22,56.72,31.19930118632267,70.20519637286563
2024-03-26 13:00:00+00:00,37.1,64.52,60.48,35.16503856000571,67.780193871732
2024-03-26 14:00:00+00:00,51.93,73.97,70.05,49.4253296788216,72.8091070816131
2024-03-26 15:00:00+00:00,68.06,81.05,73.7,68.2336476710373,78.16878359118323
2024-03-26 16:00:00+00:00,81.05,111.88,103.95,106.66478322920153,107.97131430219486
2024-03-26 17:00:00+00:00,100.75,174.7,131.42,149.40406826225674,158.18007089415383
2024-03-26 18:00:00+00:00,100.3,149.75,128.96,132.09917212726882,143.83622163414086
2024-03-26 19:00:00+00:00,80.0,102.73,110.0,98.58381639879472,108.89493146279442
2024-03-26 20:00:00+00:00,77.05,82.39,89.02,80.4894393715065,91.04475566105552
2024-03-26 21:00:00+00:00,72.82,79.56,81.72,74.5068543403357,85.90667966390002
2024-03-26 22:00:00+00:00,66.92,74.74,76.1,68.33236813847105,79.06040182023878
2024-03-26 23:00:00+00:00,58.35,79.9,76.01,62.78251226567652,69.97229286914833
2024-03-27 00:00:00+00:00,57.09,73.3,73.4,59.093673175211585,64.47056340023866
2024-03-27 01:00:00+00:00,57.28,68.91,74.9,58.081180323807764,61.039971368437044
2024-03-27 02:00:00+00:00,57.79,67.98,75.7,59.958379051273305,60.52853826501242
2024-03-27 03:00:00+00:00,60.03,70.07,76.36,64.82643981876365,63.16484994651795
2024-03-27 04:00:00+00:00,72.38,72.28,80.9,73.68903183327231,69.57081109673308
2024-03-27 05:00:00+00:00,81.17,80.38,116.0,90.298712034362,86.30908815882513
2024-03-27 06:00:00+00:00,82.78,79.2,116.24,91.0449922563349,91.73135277688978
2024-03-27 07:00:00+00:00,80.01,72.1,98.33,80.75149427428704,85.02094889068024
2024-03-27 08:00:00+00:00,68.12,62.0,70.63,67.79943751803026,72.45890307558139
2024-03-27 09:00:00+00:00,63.9,49.5,66.0,58.53882535400738,62.721067126652606
2024-03-27 10:00:00+00:00,57.13,37.03,65.39,51.160928280666504,53.03593199393484
2024-03-27 11:00:00+00:00,57.66,11.49,61.43,41.22775819033835,35.272212900645336
2024-03-27 12:00:00+00:00,60.0,27.35,63.95,53.87496673632199,44.217028176831896
2024-03-27 13:00:00+00:00,67.8,37.1,64.35,65.27596078803955,48.39263819395854
2024-03-27 14:00:00+00:00,78.93,51.93,70.78,81.68954125621042,59.08817096577185
2024-03-27 15:00:00+00:00,84.14,68.06,87.07,99.70997057037053,72.3770688983558
2024-03-27 16:00:00+00:00,100.53,81.05,119.68,118.87311747418156,89.61855464449202
2024-03-27 17:00:00+00:00,125.93,100.75,168.54,136.6490324324256,115.02692865940837
2024-03-27 18:00:00+00:00,118.94,100.3,159.05,128.23172426254314,111.82771486533596
2024-03-27 19:00:00+00:00,99.42,80.0,124.95,104.14325596882426,88.97597847595915
2024-03-27 20:00:00+00:00,84.25,77.05,106.52,91.98114186657962,81.14025654454693
2024-03-27 21:00:00+00:00,83.02,72.82,96.07,81.57140585952283,74.78082852600656
2024-03-27 22:00:00+00:00,74.47,66.92,79.98,69.37275747675577,65.88465740082052
2024-03-27 23:00:00+00:00,79.09,58.35,76.18,57.7115726340806,53.09745457083326
2024-03-28 00:00:00+00:00,72.6,57.09,73.37,54.02264924645481,50.70092104190621
2024-03-28 01:00:00+00:00,65.24,57.28,71.55,53.342120495747494,50.10469809872555
2024-03-28 02:00:00+00:00,64.41,57.79,71.32,54.54075106418876,51.07583714268982
2024-03-28 03:00:00+00:00,66.69,60.03,71.0,57.4535327194222,53.90301271325195
2024-03-28 04:00:00+00:00,71.6,72.38,73.51,67.72002050170335,64.76198566094587
2024-03-28 05:00:00+00:00,82.07,81.17,89.26,81.13204827039208,78.72739718093251
2024-03-28 06:00:00+00:00,83.19,82.78,98.21,83.23570099874493,84.5417714123695
2024-03-28 07:00:00+00:00,80.92,80.01,102.29,77.0895439818523,84.11496914359238
2024-03-28 08:00:00+00:00,63.24,68.12,80.0,60.08004308766774,71.51947618719814
2024-03-28 09:00:00+00:00,47.07,63.9,72.41,47.38366346754693,65.35753778389744
2024-03-28 10:00:00+00:00,37.0,57.13,68.03,32.43100573040729,57.937677518661
2024-03-28 11:00:00+00:00,6.74,57.66,64.64,18.604378158996397,52.70538970265333
2024-03-28 12:00:00+00:00,0.05,60.0,59.96,10.493441223632502,51.735222998957774
2024-03-28 13:00:00+00:00,0.04,67.8,66.85,10.204747243165116,54.81225209586298
2024-03-28 14:00:00+00:00,9.82,78.93,66.28,17.51176515878396,61.67272896895135
2024-03-28 15:00:00+00:00,33.17,84.14,75.27,29.4851094347554,67.21328666249482
2024-03-28 16:00:00+00:00,52.72,100.53,100.9,57.06463424943744,85.33372778659603
2024-03-28 17:00:00+00:00,73.97,125.93,127.13,86.79952082451075,111.44844777884788
2024-03-28 18:00:00+00:00,70.33,118.94,122.85,84.66383288410796,109.26755842227263
2024-03-28 19:00:00+00:00,62.54,99.42,94.04,63.55126323710376,89.627337609841
2024-03-28 20:00:00+00:00,51.83,84.25,79.6,45.28774676739275,75.44937712023933
2024-03-28 21:00:00+00:00,33.05,83.02,77.48,34.779104121269725,70.31365208593651
2024-03-28 22:00:00+00:00,25.0,74.47,71.23,23.606259263832897,61.083882276230916
2024-03-28 23:00:00+00:00,20.6,79.09,56.34,21.63337212025877,62.23713173905374
2024-03-29 00:00:00+00:00,18.83,72.6,52.24,16.761189527187994,55.49702234285993
2024-03-29 01:00:00+00:00,12.43,65.24,49.69,14.60090113768797,49.28163630340263
2024-03-29 02:00:00+00:00,10.24,64.41,51.83,16.96256616790393,48.60818516912812
2024-03-29 03:00:00+00:00,12.59,66.69,52.8,19.280382534322953,49.57159792318794
2024-03-29 04:00:00+00:00,14.32,71.6,59.89,24.010659521633542,53.927818426353205
2024-03-29 05:00:00+00:00,22.02,82.07,74.1,30.985219405225706,62.907138812467934
2024-03-29 06:00:00+00:00,22.39,83.19,67.39,29.958166622451373,63.17469725212519
2024-03-29 07:00:00+00:00,15.94,80.92,68.09,29.769807403709365,63.35539139280729
2024-03-29 08:00:00+00:00,13.28,63.24,56.32,22.16497731068995,51.57440743322332
2024-03-29 09:00:00+00:00,16.88,47.07,51.81,15.713697260331358,40.683456785190195
2024-03-29 10:00:00+00:00,18.83,37.0,49.85,12.944857585888784,33.23964661054171
2024-03-29 11:00:00+00:00,13.0,6.74,49.76,0.39294245521938365,12.93937591786458
2024-03-29 12:00:00+00:00,9.86,0.05,51.49,-1.9787314308800177,6.921144061846945
2024-03-29 13:00:00+00:00,13.44,0.04,52.39,1.8991412654967945,6.203923558788134
2024-03-29 14:00:00+00:00,21.58,9.82,59.97,14.568309746108724,13.857903552815912
2024-03-29 15:00:00+00:00,49.5,33.17,76.87,38.715436219271844,32.306503607187295
2024-03-29 16:00:00+00:00,79.93,52.72,88.98,65.12959578482764,50.83111277479682
2024-03-29 17:00:00+00:00,101.97,73.97,121.59,88.56050597348128,73.02738722266662
2024-03-29 18:00:00+00:00,105.45,70.33,118.71,86.05763469539099,71.80242892753526
2024-03-29 19:00:00+00:00,87.4,62.54,95.0,75.79323987625743,63.37964835857365
2024-03-29 20:00:00+00:00,79.93,51.83,82.25,64.73441658328665,53.92230189081721
2024-03-29 21:00:00+00:00,75.89,33.05,80.15,53.542195195369324,42.37773119142444
2024-03-29 22:00:00+00:00,70.0,25.0,77.47,45.26223435406973,34.45835295696445
2024-03-29 23:00:00+00:00,69.3,20.6,77.77,44.84914983560132,32.20445937247591
2024-03-30 00:00:00+00:00,58.16,18.83,72.47,42.00405845415084,28.58172278597941
2024-03-30 01:00:00+00:00,58.88,12.43,65.92,36.30647858093903,20.53877791983882
2024-03-30 02:00:00+00:00,58.95,10.24,63.98,32.51854396967826,15.344666205625941
2024-03-30 03:00:00+00:00,59.23,12.59,59.84,31.826369955586685,14.005426413456092
2024-03-30 04:00:00+00:00,65.05,14.32,61.44,30.75254458409782,12.7098737244375
2024-03-30 05:00:00+00:00,58.57,22.02,58.34,29.216980623359504,15.260314549703295
2024-03-30 06:00:00+00:00,47.79,22.39,52.82,19.826893086417115,13.765641779167325
2024-03-30 07:00:00+00:00,45.23,15.94,39.12,5.590007209390919,7.463904980150403
2024-03-30 08:00:00+00:00,43.38,13.28,13.2,-6.024368906415106,1.411370093993142
2024-03-30 09:00:00+00:00,34.49,16.88,0.02,-11.681724545788015,0.37381520415726754
2024-03-30 10:00:00+00:00,23.21,18.83,-0.05,-15.411598360800923,-0.27836174095115496
2024-03-30 11:00:00+00:00,14.76,13.0,-1.94,-21.229954924163394,-7.217872762809975
2024-03-30 12:00:00+00:00,6.85,9.86,-5.71,-22.878642891937332,-11.608905264443408
2024-03-30 13:00:00+00:00,15.87,13.44,-8.45,-15.85713708121628,-9.892863810710807
2024-03-30 14:00:00+00:00,34.2,21.58,-1.46,1.999577966230646,-0.40824101561521786
2024-03-30 15:00:00+00:00,52.52,49.5,0.07,34.876211836832596,23.925336030763035
2024-03-30 16:00:00+00:00,77.75,79.93,47.8,72.17894094069703,56.04622982087263
2024-03-30 17:00:00+00:00,88.11,101.97,70.09,93.42777710666677,80.92450536044332
2024-03-30 18:00:00+00:00,83.53,105.45,69.15,93.88889572171915,87.36056218991527
2024-03-30 19:00:00+00:00,74.11,87.4,52.94,79.7325053414264,74.2036662029958
2024-03-30 20:00:00+00:00,71.47,79.93,45.84,73.58857405267108,68.5487418140915
2024-03-30 21:00:00+00:00,70.83,75.89,40.28,67.81091699331496,62.42257048856188
2024-03-30 22:00:00+00:00,65.74,70.0,28.39,62.10133560843117,55.772203951043025
2024-03-30 23:00:00+00:00,75.7,69.3,32.1,74.64722880338567,61.68639617438208
2024-03-31 00:00:00+00:00,66.71,58.16,13.28,64.65228244408235,48.982470600648554
2024-03-31 01:00:00+00:00,64.98,58.88,10.13,60.29877195733803,41.77501470607888
2024-03-31 02:00:00+00:00,60.48,58.95,17.0,58.207604491143776,37.41960546501658
2024-03-31 03:00:00+00:00,58.74,59.23,19.92,57.25279057449867,33.384569843468
2024-03-31 04:00:00+00:00,64.46,65.05,26.82,59.86558727704586,33.07843986789179
2024-03-31 05:00:00+00:00,71.51,58.57,14.87,54.46366356133533,25.058585582964824
2024-03-31 06:00:00+00:00,65.03,47.79,1.96,41.59090272583541,16.055894440677065
2024-03-31 07:00:00+00:00,50.32,45.23,0.0,31.07997671844784,14.583745013770908
2024-03-31 08:00:00+00:00,41.03,43.38,0.0,20.6934067907507,12.681280239786048
2024-03-31 09:00:00+00:00,29.52,34.49,0.0,9.776739229139281,6.882213369056217
2024-03-31 10:00:00+00:00,19.85,23.21,0.0,-0.9870857654947542,-1.8805776499380897
2024-03-31 11:00:00+00:00,3.06,14.76,0.0,-7.826823135122865,-9.551297514849793
2024-03-31 12:00:00+00:00,1.03,6.85,0.0,-9.196970875492568,-15.011044250586409
2024-03-31 13:00:00+00:00,15.27,15.87,0.0,4.646941826246945,-6.63919092754432
2024-03-31 14:00:00+00:00,41.07,34.2,0.0,26.184632574298547,9.753702836613272
2024-03-31 15:00:00+00:00,66.74,52.52,16.69,52.41046582577615,31.32377751559318
2024-03-31 16:00:00+00:00,89.32,77.75,59.4,86.97439559977573,62.6277775054241
2024-03-31 17:00:00+00:00,117.29,88.11,75.0,101.53843261036812,78.04426358662401
2024-03-31 18:00:00+00:00,83.72,83.53,74.9,97.06692832221532,77.90427439501445
2024-03-31 19:00:00+00:00,70.0,74.11,66.9,87.71929915966372,71.2596963163228
2024-03-31 20:00:00+00:00,64.51,71.47,64.77,82.80931270103818,69.95142686435403
2024-03-31 21:00:00+00:00,54.9,70.83,64.27,76.43016641582771,67.62655400642137
2024-03-31 22:00:00+00:00,49.95,65.74,62.97,73.5889652427729,71.98728505611109
2024-03-31 23:00:00+00:00,48.98,75.7,62.51,77.36311424500921,78.47469181759693
2024-04-01 00:00:00+00:00,46.06,66.71,62.29,72.26199325680085,71.53313118808725
2024-04-01 01:00:00+00:00,43.58,64.98,62.48,72.83947566537651,70.02864518883321
2024-04-01 02:00:00+00:00,49.4,60.48,64.51,74.27303335922878,67.47282660519869
2024-04-01 03:00:00+00:00,52.35,58.74,66.96,77.5430358335909,66.60543278384809
2024-04-01 04:00:00+00:00,58.71,64.46,77.14,85.36456824579108,71.472684480575
2024-04-01 05:00:00+00:00,64.49,71.51,88.43,92.64680543249739,77.2723208585242
2024-04-01 06:00:00+00:00,58.71,65.03,113.87,93.44886629948611,77.21351423282763
2024-04-01 07:00:00+00:00,60.89,50.32,99.68,84.7155816706265,67.81843528571719
2024-04-01 08:00:00+00:00,54.36,41.03,77.43,74.58304624456133,59.4552850622816
2024-04-01 09:00:00+00:00,35.39,29.52,70.05,63.38422801546458,51.05313451177418
2024-04-01 10:00:00+00:00,13.04,19.85,63.66,49.87428599697291,41.288426427686545
2024-04-01 11:00:00+00:00,0.03,3.06,61.85,32.49513525665655,27.08187264586472
2024-04-01 12:00:00+00:00,-0.01,1.03,63.22,22.629540052592162,22.97147703332412
2024-04-01 13:00:00+00:00,-0.01,15.27,64.52,25.469443302636122,32.411030118357516
2024-04-01 14:00:00+00:00,-0.01,41.07,73.97,38.3331233745207,52.73873731195684
2024-04-01 15:00:00+00:00,5.79,66.74,81.05,57.842386305111745,75.6607015685394
2024-04-01 16:00:00+00:00,41.97,89.32,111.88,80.76634890277742,99.35252770323274
2024-04-01 17:00:00+00:00,48.53,117.29,174.7,107.93805948391054,129.77704000989888
2024-04-01 18:00:00+00:00,49.88,83.72,149.75,84.91018237257643,105.36403642298099
2024-04-01 19:00:00+00:00,45.69,70.0,102.73,67.99500215813535,90.93057028612417
2024-04-01 20:00:00+00:00,25.97,64.51,82.39,58.1667703643842,84.70922495422604
2024-04-01 21:00:00+00:00,7.47,54.9,79.56,46.47676300178943,76.2484333468359
2024-04-01 22:00:00+00:00,7.97,49.95,74.74,31.918962154928394,62.39944883270373
2024-04-01 23:00:00+00:00,1.28,48.98,79.9,28.673348852207894,62.426117612564376
2024-04-02 00:00:00+00:00,0.61,46.06,73.3,23.94279341800113,58.444186365535586
2024-04-02 01:00:00+00:00,0.87,43.58,68.91,22.388902594942223,56.425335206094836
2024-04-02 02:00:00+00:00,1.94,49.4,67.98,27.402233944007477,60.85212399065747
2024-04-02 03:00:00+00:00,7.27,52.35,70.07,34.14411785796595,65.43521344807701
2024-04-02 04:00:00+00:00,57.22,58.71,72.28,46.77051388291645,76.32339723467402
2024-04-02 05:00:00+00:00,74.36,64.49,80.38,56.04245613997695,85.35053502890162
2024-04-02 06:00:00+00:00,68.93,58.71,79.2,48.40454741861222,81.8694529757895
2024-04-02 07:00:00+00:00,46.98,60.89,72.1,36.177738105937244,80.40928388693227
2024-04-02 08:00:00+00:00,2.66,54.36,62.0,19.431341591803957,73.44233652424938
2024-04-02 09:00:00+00:00,-0.06,35.39,49.5,-0.9257513924567462,57.506062179466355
2024-04-02 10:00:00+00:00,-1.09,13.04,37.03,-20.92873573215131,38.25580249325257
2024-04-02 11:00:00+00:00,-0.97,0.03,11.49,-35.58106245225626,21.773151892007974
2024-04-02 12:00:00+00:00,-0.07,-0.01,27.35,-35.11834431460882,20.606408185508073
2024-04-02 13:00:00+00:00,0.0,-0.01,37.1,-29.88360836935159,21.426034889241222
2024-04-02 14:00:00+00:00,4.31,-0.01,51.93,-18.408769164048707,25.564356072555796
2024-04-02 15:00:00+00:00,41.46,5.79,68.06,4.593441182908393,36.94357302864126
2024-04-02 16:00:00+00:00,72.7,41.97,81.05,45.31673306088833,68.65889541354784
2024-04-02 17:00:00+00:00,95.39,48.53,100.75,62.72440820997374,79.45607931655559
2024-04-02 18:00:00+00:00,94.88,49.88,100.3,60.12871149682624,75.79341844615624
2024-04-02 19:00:00+00:00,78.13,45.69,80.0,50.787138506460856,67.55127489417113
2024-04-02 20:00:00+00:00,74.86,25.97,77.05,36.22617566845596,51.85722970248739
2024-04-02 21:00:00+00:00,70.88,7.47,72.82,22.75422787432278,36.354433317591834
2024-04-02 22:00:00+00:00,74.13,7.97,66.92,17.2158127989466,25.269821491018206
2024-04-02 23:00:00+00:00,71.75,1.28,58.35,14.035782475338308,18.814815471526714
2024-04-03 00:00:00+00:00,70.05,0.61,57.09,16.21538100281579,17.604549610098687
2024-04-03 01:00:00+00:00,72.51,0.87,57.28,21.487098310799084,18.163585656241523
2024-04-03 02:00:00+00:00,72.34,1.94,57.79,28.93270965208869,20.53477997702609
2024-04-03 03:00:00+00:00,78.71,7.27,60.03,40.41107414560269,27.32398872420707
2024-04-03 04:00:00+00:00,94.91,57.22,72.38,79.12461682247285,67.95577847098947
2024-04-03 05:00:00+00:00,117.93,74.36,81.17,96.52812683006539,84.68101822235278
2024-04-03 06:00:00+00:00,117.93,68.93,82.78,93.93843151981113,82.10077065931279
2024-04-03 07:00:00+00:00,100.98,46.98,80.01,78.77576817324857,66.8735815775236
2024-04-03 08:00:00+00:00,107.35,2.66,68.12,51.18405787925536,34.93526946770538
2024-04-03 09:00:00+00:00,90.81,-0.06,63.9,45.5649956407362,29.80185076438498
2024-04-03 10:00:00+00:00,82.03,-1.09,57.13,40.23942131046933,24.278674558063955
2024-04-03 11:00:00+00:00,76.88,-0.97,57.66,36.514161953443285,20.252591204604016
2024-04-03 12:00:00+00:00,73.04,-0.07,60.0,34.99329027404313,18.113734782583975
2024-04-03 13:00:00+00:00,73.07,0.0,67.8,35.51232496909385,17.144392951507427
2024-04-03 14:00:00+00:00,76.7,4.31,78.93,39.99188096267918,20.556220835514182
2024-04-03 15:00:00+00:00,92.44,41.46,84.14,64.70999802168485,48.71719919071874
2024-04-03 16:00:00+00:00,108.14,72.7,100.53,90.39489136626311,78.78128379357608
2024-04-03 17:00:00+00:00,123.3,95.39,125.93,106.44974952483074,100.2333191507928
2024-04-03 18:00:00+00:00,101.58,94.88,118.94,98.45109708368187,98.46145976932013
2024-04-03 19:00:00+00:00,80.97,78.13,99.42,78.7647158719993,83.25310358720118
2024-04-03 20:00:00+00:00,75.51,74.86,84.25,65.17478530480153,75.36423982759828
2024-04-03 21:00:00+00:00,63.89,70.88,83.02,53.28245195512358,68.10809888674476
2024-04-03 22:00:00+00:00,54.52,74.13,74.47,38.16796257243839,63.69206930035999
2024-04-03 23:00:00+00:00,52.01,71.75,79.09,34.203261560309855,61.024568727854806
2024-04-04 00:00:00+00:00,50.17,70.05,72.6,31.6686323021424,58.76394101065151
2024-04-04 01:00:00+00:00,51.57,72.51,65.24,33.82089633619877,59.73247399937564
2024-04-04 02:00:00+00:00,51.94,72.34,64.41,37.226899750855246,59.84911825991651
2024-04-04 03:00:00+00:00,55.1,78.71,66.69,46.02865747904101,65.54803640892118
2024-04-04 04:00:00+00:00,67.52,94.91,71.6,68.84897631063149,87.00284376941484
2024-04-04 05:00:00+00:00,79.16,117.93,82.07,90.01903559821275,108.85181381177998
2024-04-04 06:00:00+00:00,77.18,117.93,83.19,90.37873861583361,109.99542465837155
2024-04-04 07:00:00+00:00,71.94,100.98,80.92,76.87410116603903,96.31715550140814
2024-04-04 08:00:00+00:00,69.45,107.35,63.24,71.90805815412938,93.26201443732322
2024-04-04 09:00:00+00:00,63.06,90.81,47.07,59.40061769227448,78.31529641015048
2024-04-04 10:00:00+00:00,58.08,82.03,37.0,50.907001724255196,67.93469415821608
2024-04-04 11:00:00+00:00,56.22,76.88,6.74,41.457664580509125,56.641889046744105
2024-04-04 12:00:00+00:00,55.49,73.04,0.05,34.979029122635566,49.03330079624912
2024-04-04 13:00:00+00:00,56.17,73.07,0.04,30.134061407015636,45.58328905869748
2024-04-04 14:00:00+00:00,57.08,76.7,9.82,28.46606669093582,47.41408060860956
2024-04-04 15:00:00+00:00,69.08,92.44,33.17,42.760021544630334,65.77206788718243
2024-04-04 16:00:00+00:00,75.36,108.14,52.72,63.114652243306566,85.43114522839481
2024-04-04 17:00:00+00:00,90.66,123.3,73.97,81.10173811203774,102.75903389065242
2024-04-04 18:00:00+00:00,80.58,101.58,70.33,67.68111693589648,87.19947807778074
2024-04-04 19:00:00+00:00,73.29,80.97,62.54,51.253901215689915,69.55373619671175
2024-04-04 20:00:00+00:00,71.47,75.51,51.83,42.56091942958344,62.25177262652725
2024-04-04 21:00:00+00:00,61.53,63.89,33.05,30.211285737995084,49.69663167828999
2024-04-04 22:00:00+00:00,62.72,54.52,25.0,26.71115357910621,47.600149579733234
2024-04-04 23:00:00+00:00,59.08,52.01,20.6,25.8252249654485,44.37276789041831
2024-04-05 00:00:00+00:00,55.96,50.17,18.83,26.38865295324662,42.320876214234005
2024-04-05 01:00:00+00:00,56.59,51.57,12.43,30.42242001753162,43.22941419868366
2024-04-05 02:00:00+00:00,53.9,51.94,10.24,35.92928296159405,44.81421415568979
2024-04-05 03:00:00+00:00,62.5,55.1,12.59,45.83125396661459,51.02366137073859
2024-04-05 04:00:00+00:00,76.29,67.52,14.32,63.6524171195541,66.59366376040433
2024-04-05 05:00:00+00:00,84.24,79.16,22.02,76.48845365998554,80.40451898660812
2024-04-05 06:00:00+00:00,81.0,77.18,22.39,71.89651479936585,80.09432433464181
2024-04-05 07:00:00+00:00,67.59,71.94,15.94,56.58016805829134,73.58132170941711
2024-04-05 08:00:00+00:00,50.5,69.45,13.28,42.69517485736074,71.10089517729529
2024-04-05 09:00:00+00:00,25.97,63.06,16.88,27.27329151404517,64.60718818825146
2024-04-05 10:00:00+00:00,9.16,58.08,18.83,13.44303534416197,58.657022193671295
2024-04-05 11:00:00+00:00,0.0,56.22,13.0,3.0495719832760386,53.31971773722011
2024-04-05 12:00:00+00:00,-0.1,55.49,9.86,-2.370835247220171,49.748454919980865
2024-04-05 13:00:00+00:00,0.05,56.17,13.44,-0.3916492947771957,49.88248118112056
2024-04-05 14:00:00+00:00,8.09,57.08,21.58,6.902710830150269,52.16592592947811
2024-04-05 15:00:00+00:00,37.46,69.08,49.5,24.360099075264245,65.8728897450788
2024-04-05 16:00:00+00:00,49.65,75.36,79.93,39.437627207695435,76.67189646960888
2024-04-05 17:00:00+00:00,55.94,90.66,101.97,54.43844119293802,91.3379964664477
2024-04-05 18:00:00+00:00,55.64,80.58,105.45,47.66876042976757,82.61227639881267
2024-04-05 19:00:00+00:00,54.71,73.29,87.4,38.5224533364722,72.3581156721486
2024-04-05 20:00:00+00:00,56.13,71.47,79.93,35.04897160466588,67.97899949665279
2024-04-05 21:00:00+00:00,55.07,61.53,75.89,27.61197812203882,58.160043460569625
2024-04-05 22:00:00+00:00,43.08,62.72,70.0,22.026853434856463,52.567824140295464
2024-04-05 23:00:00+00:00,45.01,59.08,69.3,21.052324923234252,47.710526091198886
2024-04-06 00:00:00+00:00,46.89,55.96,58.16,18.45623042411377,41.43744450601708
2024-04-06 01:00:00+00:00,47.56,56.59,58.88,21.192230365927145,39.72511615158801
2024-04-06 02:00:00+00:00,50.65,53.9,58.95,23.044783284323003,35.19589623320044
2024-04-06 03:00:00+00:00,54.88,62.5,59.23,31.72454976333664,38.08023821388824
2024-04-06 04:00:00+00:00,58.73,76.29,65.05,45.199214876201125,46.59859915455977
2024-04-06 05:00:00+00:00,59.87,84.24,58.57,50.20981394753646,50.41116833091469
2024-04-06 06:00:00+00:00,59.24,81.0,47.79,40.76364594705103,46.69404533886389
2024-04-06 07:00:00+00:00,48.94,67.59,45.23,22.591515461234195,36.51667661819786
2024-04-06 08:00:00+00:00,29.42,50.5,43.38,2.8325505651281873,23.976963744254576
2024-04-06 09:00:00+00:00,-0.73,25.97,34.49,-19.455653171538614,5.765760824534496
2024-04-06 10:00:00+00:00,-16.4,9.16,23.21,-35.14026759208225,-6.763964716317972
2024-04-06 11:00:00+00:00,-59.92,0.0,14.76,-43.68873062665584,-13.940494757335628
2024-04-06 12:00:00+00:00,-57.59,-0.1,6.85,-44.779181785075096,-14.445715364098149
2024-04-06 13:00:00+00:00,-34.61,0.05,15.87,-37.86700349538758,-10.280138298598374
2024-04-06 14:00:00+00:00,-4.66,8.09,34.2,-21.12388237337133,1.8005860233788695
2024-04-06 15:00:00+00:00,15.81,37.46,52.52,12.1326634233572,29.525700213069925
2024-04-06 16:00:00+00:00,67.56,49.65,77.75,39.73744756389459,46.962375667749136
2024-04-06 17:00:00+00:00,73.99,55.94,88.11,49.96605073885459,57.42216840479596
2024-04-06 18:00:00+00:00,68.65,55.64,83.53,42.75341751485308,57.75341428989996
2024-04-06 19:00:00+00:00,46.46,54.71,74.11,34.02141887270898,56.165017712782586
2024-04-06 20:00:00+00:00,45.07,56.13,71.47,30.066203615816946,56.94533875142409
2024-04-06 21:00:00+00:00,25.88,55.07,70.83,23.79263958800466,53.38915830894475
2024-04-06 22:00:00+00:00,10.97,43.08,65.74,21.85912805889764,50.06713654202937
2024-04-06 23:00:00+00:00,0.09,45.01,75.7,20.24851047936417,49.64540730812192
2024-04-07 00:00:00+00:00,0.0,46.89,66.71,17.13878067758006,46.989037592231476
2024-04-07 01:00:00+00:00,0.0,47.56,64.98,14.11366707880552,44.19938657179939
2024-04-07 02:00:00+00:00,0.0,50.65,60.48,11.435768952814371,41.87226839757111
2024-04-07 03:00:00+00:00,0.0,54.88,58.74,11.885809491809255,41.7730643069396
2024-04-07 04:00:00+00:00,0.0,58.73,64.46,15.270491445310768,42.3436331535511
2024-04-07 05:00:00+00:00,0.0,59.87,71.51,18.532073475349563,42.25433976696728
2024-04-07 06:00:00+00:00,0.0,59.24,65.03,15.800776938699414,40.86433018617724
2024-04-07 07:00:00+00:00,-0.01,48.94,50.32,6.206227943559654,32.39999901173546
2024-04-07 08:00:00+00:00,-0.16,29.42,41.03,-11.078737188871614,16.97952195149162
2024-04-07 09:00:00+00:00,-3.25,-0.73,29.52,-33.843398912936536,-5.410611056565074
2024-04-07 10:00:00+00:00,-9.94,-16.4,19.85,-47.28809046718844,-19.56278767338891
2024-04-07 11:00:00+00:00,-26.79,-59.92,3.06,-69.95985511721976,-52.01378619170815
2024-04-07 12:00:00+00:00,-20.06,-57.59,1.03,-62.47445552601555,-49.301405412558765
2024-04-07 13:00:00+00:00,-5.04,-34.61,15.27,-39.7288025844186,-29.719306418055695
2024-04-07 14:00:00+00:00,-0.16,-4.66,41.07,-5.748631677964795,-2.7856353508883416
2024-04-07 15:00:00+00:00,6.92,15.81,66.74,30.4435072519411,21.82491844204145
2024-04-07 16:00:00+00:00,91.46,67.56,89.32,80.34583895339696,65.12225051581545
2024-04-07 17:00:00+00:00,108.39,73.99,117.29,97.89982503119231,78.65687455355615
2024-04-07 18:00:00+00:00,106.4,68.65,83.72,91.3541157587018,74.89032022320492
2024-04-07 19:00:00+00:00,89.95,46.46,70.0,74.50743117823514,60.70644831466573
2024-04-07 20:00:00+00:00,77.46,45.07,64.51,68.84267557046164,60.306365560064535
2024-04-07 21:00:00+00:00,72.06,25.88,54.9,53.11980674027873,45.47200810821573
2024-04-07 22:00:00+00:00,70.77,10.97,49.95,53.196488610757065,43.23575679051927
2024-04-07 23:00:00+00:00,70.71,0.09,48.98,47.173473597181605,35.66760267936123
2024-04-08 00:00:00+00:00,68.12,0.0,46.06,48.19256105430147,35.23548383191834
2024-04-08 01:00:00+00:00,70.71,0.0,43.58,51.49626323319614,35.70951993172526
2024-04-08 02:00:00+00:00,71.57,0.0,49.4,57.407332179059075,38.23771750033033
2024-04-08 03:00:00+00:00,77.44,0.0,52.35,65.56863775875266,41.86568268955983
2024-04-08 04:00:00+00:00,101.99,0.0,58.71,79.90565689694074,49.69569046095855
2024-04-08 05:00:00+00:00,149.78,0.0,64.49,87.53499779078282,54.596847365186285
2024-04-08 06:00:00+00:00,128.52,0.0,58.71,83.24630853350085,55.259772297640254
2024-04-08 07:00:00+00:00,85.51,-0.01,60.89,71.77004316248403,53.1935612003974
2024-04-08 08:00:00+00:00,80.6,-0.16,54.36,58.357891742358696,49.165955061093534
2024-04-08 09:00:00+00:00,71.23,-3.25,35.39,44.45047129670443,40.94042943975533
2024-04-08 10:00:00+00:00,64.7,-9.94,13.04,32.270167554990266,30.05649240421566
2024-04-08 11:00:00+00:00,60.0,-26.79,0.03,16.279700228854793,10.023886177858941
2024-04-08 12:00:00+00:00,57.89,-20.06,-0.01,18.049635178853137,11.561579750916465
2024-04-08 13:00:00+00:00,63.4,-5.04,-0.01,28.405863158731663,21.83682611116849
2024-04-08 14:00:00+00:00,70.0,-0.16,-0.01,37.44478738619794,27.484528575764372
2024-04-08 15:00:00+00:00,75.01,6.92,5.79,54.25079745650106,37.333241697776636
2024-04-08 16:00:00+00:00,104.9,91.46,41.97,116.35201501619082,105.73724948203012
2024-04-08 17:00:00+00:00,137.3,108.39,48.53,129.66300488240478,121.00664599849239
2024-04-08 18:00:00+00:00,124.8,106.4,49.88,121.8564771675269,119.40527610160473
2024-04-08 19:00:00+00:00,84.85,89.95,45.69,103.87469019226765,105.05856362799716
2024-04-08 20:00:00+00:00,77.0,77.46,25.97,87.80184415536735,92.1125335760671
2024-04-08 21:00:00+00:00,70.19,72.06,7.47,76.7088582414555,82.18188803705647
2024-04-08 22:00:00+00:00,78.21,70.77,7.97,71.72003802807944,70.98453117662228
2024-04-08 23:00:00+00:00,69.39,70.71,1.28,66.90926559947548,68.04638199650435
2024-04-09 00:00:00+00:00,64.73,68.12,0.61,63.747845665122206,65.74450552304012
2024-04-09 01:00:00+00:00,59.95,70.71,0.87,65.54989720954762,67.6795017320332
2024-04-09 02:00:00+00:00,62.48,71.57,1.94,67.83369337226821,68.6788509481658
2024-04-09 03:00:00+00:00,68.34,77.44,7.27,75.95772066100746,75.22499137804044
2024-04-09 04:00:00+00:00,86.69,101.99,57.22,103.20879082828856,103.69674140894813
2024-04-09 05:00:00+00:00,90.9,149.78,74.36,131.4979727507984,141.27378383687818
2024-04-09 06:00:00+00:00,79.78,128.52,68.93,113.95745498692729,127.87289734908272
2024-04-09 07:00:00+00:00,68.3,85.51,46.98,78.99082735308585,95.50200045153396
2024-04-09 08:00:00+00:00,51.6,80.6,2.66,60.55687978532368,85.27637472830206
2024-04-09 09:00:00+00:00,43.98,71.23,-0.06,46.577493279275835,76.90801428161748
2024-04-09 10:00:00+00:00,36.05,64.7,-1.09,36.32439080317928,69.1164608820098
2024-04-09 11:00:00+00:00,10.09,60.0,-0.97,26.29486942051976,60.095886513409646
2024-04-09 12:00:00+00:00,10.5,57.89,-0.07,21.069983984079883,55.043244207762825
2024-04-09 13:00:00+00:00,29.04,63.4,0.0,23.397180418653775,57.13146338176288
2024-04-09 14:00:00+00:00,38.27,70.0,4.31,27.989460169767042,60.489052527926354
2024-04-09 15:00:00+00:00,50.15,75.01,41.46,40.84100771532403,70.04472378343789
2024-04-09 16:00:00+00:00,65.9,104.9,72.7,74.54111187427179,104.8531909924529
2024-04-09 17:00:00+00:00,81.75,137.3,95.39,101.00303613325,133.08701954895173
2024-04-09 18:00:00+00:00,81.74,124.8,94.88,92.83052494006223,124.32716686072153
2024-04-09 19:00:00+00:00,67.98,84.85,78.13,65.25392871481014,93.41600287357856
2024-04-09 20:00:00+00:00,60.51,77.0,74.86,55.2757017076228,84.62404559871852
2024-04-09 21:00:00+00:00,35.49,70.19,70.88,45.6595364692355,76.73292324369129
2024-04-09 22:00:00+00:00,22.89,78.21,74.13,35.99721663511702,69.73397377671326
2024-04-09 23:00:00+00:00,5.95,69.39,71.75,29.761456256616285,62.50361259814051
2024-04-10 00:00:00+00:00,6.19,64.73,70.05,28.109312433325798,58.99589237563856
2024-04-10 01:00:00+00:00,8.99,59.95,72.51,30.0665351847898,57.00063515159217
2024-04-10 02:00:00+00:00,26.3,62.48,72.34,37.79506537010945,60.245624149489736
2024-04-10 03:00:00+00:00,50.03,68.34,78.71,49.84325022046822,68.00111084161708
2024-04-10 04:00:00+00:00,75.91,86.69,94.91,74.17363192517017,90.11957589960817
2024-04-10 05:00:00+00:00,99.63,90.9,117.93,89.8379860561392,102.70554432439101
2024-04-10 06:00:00+00:00,106.02,79.78,117.93,83.64133406020838,94.37591647806875
2024-04-10 07:00:00+00:00,80.46,68.3,100.98,68.79482829878853,80.41055163194785
2024-04-10 08:00:00+00:00,67.66,51.6,107.35,56.747900896267204,69.4112700450167
2024-04-10 09:00:00+00:00,56.05,43.98,90.81,46.64176317355363,60.583444869363355
2024-04-10 10:00:00+00:00,55.62,36.05,82.03,37.38572696803504,51.512887092108436
2024-04-10 11:00:00+00:00,30.32,10.09,76.88,21.551847321602466,31.38587412125449
2024-04-10 12:00:00+00:00,31.29,10.5,73.04,20.125486025993226,29.14141664977322
2024-04-10 13:00:00+00:00,55.35,29.04,73.07,32.593133584038426,40.5117924592758
2024-04-10 14:00:00+00:00,62.91,38.27,76.7,45.005150788675316,46.92665427730592
2024-04-10 15:00:00+00:00,75.32,50.15,92.44,66.59098975185373,59.430746543133615
2024-04-10 16:00:00+00:00,100.83,65.9,108.14,94.59218571239201,78.02016954165873
2024-04-10 17:00:00+00:00,191.15,81.75,123.3,115.36831915982458,94.91310556897965
2024-04-10 18:00:00+00:00,191.19,81.74,101.58,108.95630073535024,90.36032609349816
2024-04-10 19:00:00+00:00,115.59,67.98,80.97,90.19208422374476,74.1058866946749
2024-04-10 20:00:00+00:00,86.1,60.51,75.51,75.80685975050444,65.64621320262395
2024-04-10 21:00:00+00:00,76.1,35.49,63.89,51.69583890969074,44.752457809052636
2024-04-10 22:00:00+00:00,72.58,22.89,54.52,35.56543343987777,31.26782950431432
2024-04-10 23:00:00+00:00,67.36,5.95,52.01,21.11638092402903,19.182522236409667
2024-04-11 00:00:00+00:00,62.24,6.19,50.17,17.99659316111645,19.606357283938934
2024-04-11 01:00:00+00:00,58.81,8.99,51.57,18.535240813256777,22.170342929228568
2024-04-11 02:00:00+00:00,59.08,26.3,51.94,27.86675122149127,34.56695995693565
2024-04-11 03:00:00+00:00,55.57,50.03,55.1,42.90188307741173,52.69190164559034
2024-04-11 04:00:00+00:00,74.63,75.91,67.52,65.99494258383928,78.8470363794089
2024-04-11 05:00:00+00:00,68.8,99.63,79.16,80.27335205096833,99.48189831651042
2024-04-11 06:00:00+00:00,52.2,106.02,77.18,74.23140918363362,103.40781452182321
2024-04-11 07:00:00+00:00,30.0,80.46,71.94,49.43094303379225,84.2687255629422
2024-04-11 08:00:00+00:00,10.05,67.66,69.45,34.49081023409103,73.46467530782296
2024-04-11 09:00:00+00:00,0.86,56.05,63.06,22.53865445137187,63.30177307049191
2024-04-11 10:00:00+00:00,0.91,55.62,58.08,20.360909318078498,60.13745868352454
2024-04-11 11:00:00+00:00,1.1,30.32,56.22,6.752950768811317,38.348606758152535
2024-04-11 12:00:00+00:00,0.57,31.29,55.49,9.651576260703209,35.83697193064521
2024-04-11 13:00:00+00:00,29.57,55.35,56.17,30.186474190384857,51.6654121092051
2024-04-11 14:00:00+00:00,59.74,62.91,57.08,45.40762312199251,56.94237241921484
2024-04-11 15:00:00+00:00,76.74,75.32,69.08,69.35438533978761,69.62609312818631
2024-04-11 16:00:00+00:00,100.7,100.83,75.36,99.52033127030657,91.17773525059746
2024-04-11 17:00:00+00:00,134.36,191.15,90.66,159.16411524495564,157.05730610386018
2024-04-11 18:00:00+00:00,137.82,191.19,80.58,159.94634804714795,157.32934833706716
2024-04-11 19:00:00+00:00,98.79,115.59,73.29,116.52586606126275,104.97841059366782
2024-04-11 20:00:00+00:00,82.42,86.1,71.47,95.05787121474374,82.56071268083288
2024-04-11 21:00:00+00:00,76.51,76.1,61.53,81.13632348549291,69.59720753312263
2024-04-11 22:00:00+00:00,75.71,72.58,62.72,80.88027185768007,70.06361139832002
2024-04-11 23:00:00+00:00,71.74,67.36,59.08,74.47490028745995,64.04105850645317
2024-04-12 00:00:00+00:00,68.89,62.24,55.96,68.88118494902926,58.6951697026853
2024-04-12 01:00:00+00:00,69.26,58.81,56.59,67.04885050055557,56.07933174278169
2024-04-12 02:00:00+00:00,69.52,59.08,53.9,69.3843063922433,57.53768662293831
2024-04-12 03:00:00+00:00,77.53,55.57,62.5,73.6604027609113,59.76495855295958
2024-04-12 04:00:00+00:00,91.23,74.63,76.29,94.98820041283109,81.89357142890589
2024-04-12 05:00:00+00:00,97.0,68.8,84.24,95.56609559206959,84.64323107563476
2024-04-12 06:00:00+00:00,86.83,52.2,81.0,79.95073518688152,75.79371132638025
2024-04-12 07:00:00+00:00,70.98,30.0,67.59,53.147989337619116,57.03990104813073
2024-04-12 08:00:00+00:00,42.86,10.05,50.5,27.287211004628418,39.53038713880549
2024-04-12 09:00:00+00:00,18.86,0.86,25.97,8.825503079135316,28.502657824728942
2024-04-12 10:00:00+00:00,0.0,0.91,9.16,-0.42254804999892315,24.711717136989407
2024-04-12 11:00:00+00:00,-0.07,1.1,0.0,-7.102462394339895,19.155916226962745
2024-04-12 12:00:00+00:00,0.01,0.57,-0.1,-7.889928058660942,17.440676303138318
2024-04-12 13:00:00+00:00,0.18,29.57,0.05,12.14646969630165,37.80019888867421
2024-04-12 14:00:00+00:00,0.22,59.74,8.09,36.725059743767396,58.44544672707603
2024-04-12 15:00:00+00:00,57.37,76.74,37.46,66.09365668559214,76.61040161878839
2024-04-12 16:00:00+00:00,81.93,100.7,49.65,99.57977684642857,98.4273033737665
2024-04-12 17:00:00+00:00,125.95,134.36,55.94,130.78649054392312,129.60203766354988
2024-04-12 18:00:00+00:00,124.13,137.82,55.64,129.67613290124183,130.77435939961282
2024-04-12 19:00:00+00:00,86.6,98.79,54.71,100.37336199743515,97.59031585907962
2024-04-12 20:00:00+00:00,77.99,82.42,56.13,84.05953311167356,82.82712329412249
2024-04-12 21:00:00+00:00,68.1,76.51,55.07,73.36582094353008,75.54342879101364
2024-04-12 22:00:00+00:00,60.22,75.71,43.08,65.31958350506855,70.2567463085654
2024-04-12 23:00:00+00:00,49.07,71.74,45.01,57.5292778617899,64.33923338799642
2024-04-13 00:00:00+00:00,24.41,68.89,46.89,51.88507318619649,59.591517174341426
2024-04-13 01:00:00+00:00,19.41,69.26,47.56,50.03162754358563,57.04071110902101
2024-04-13 02:00:00+00:00,19.95,69.52,50.65,49.38382984721424,54.35305658408145
2024-04-13 03:00:00+00:00,25.32,77.53,54.88,53.570514097452204,56.45094063800965
2024-04-13 04:00:00+00:00,30.18,91.23,58.73,62.27764607431769,64.32313048439391
2024-04-13 05:00:00+00:00,35.26,97.0,59.87,63.09540133805852,66.35988284379083
2024-04-13 06:00:00+00:00,22.6,86.83,59.24,49.35563250790307,58.28610428098847
2024-04-13 07:00:00+00:00,8.8,70.98,48.94,27.497492825858842,44.495798364345454
2024-04-13 08:00:00+00:00,-0.02,42.86,29.42,-3.204643904593354,20.592390549253707
2024-04-13 09:00:00+00:00,-9.97,18.86,-0.73,-29.728956184206268,-1.1403872377934192
2024-04-13 10:00:00+00:00,-25.96,0.0,-16.4,-47.46984814235525,-16.665665965650476
2024-04-13 11:00:00+00:00,-50.0,-0.07,-59.92,-56.500111025585724,-24.032758970225345
2024-04-13 12:00:00+00:00,-55.01,0.01,-57.59,-55.42762162863126,-24.34927324832516
2024-04-13 13:00:00+00:00,-49.91,0.18,-34.61,-43.46108568804537,-17.35002234648455
2024-04-13 14:00:00+00:00,-19.16,0.22,-4.66,-24.780954599534354,-6.706033123984014
2024-04-13 15:00:00+00:00,-0.16,57.37,15.81,26.864405715578016,39.29071389629934
2024-04-13 16:00:00+00:00,39.91,81.93,67.56,67.12993957064398,69.57419060542718
2024-04-13 17:00:00+00:00,73.44,125.95,73.99,102.5437274078612,106.903426061838
2024-04-13 18:00:00+00:00,65.78,124.13,68.65,98.06864846344436,108.27739478595878
2024-04-13 19:00:00+00:00,39.35,86.6,46.46,66.31769239503532,79.10954013464713
2024-04-13 20:00:00+00:00,21.11,77.99,45.07,52.67055738221728,72.83670230983773
2024-04-13 21:00:00+00:00,7.05,68.1,25.88,35.99788933937749,61.89941351060424
2024-04-13 22:00:00+00:00,0.43,60.22,10.97,27.473030285201474,59.70143861529733
2024-04-13 23:00:00+00:00,0.83,49.07,0.09,16.790974498027822,48.67836466866743
2024-04-14 00:00:00+00:00,0.93,24.41,0.0,2.5586564341097215,29.888432140434347
2024-04-14 01:00:00+00:00,1.13,19.41,0.0,0.4994050615613048,24.19356010318404
2024-04-14 02:00:00+00:00,2.34,19.95,0.0,2.7258727506922895,21.74665528341052
2024-04-14 03:00:00+00:00,5.95,25.32,0.0,8.510032693866364,22.64700991215254
2024-04-14 04:00:00+00:00,12.86,30.18,0.0,13.696949865916508,23.21967212778317
2024-04-14 05:00:00+00:00,13.0,35.26,0.0,15.77771481653157,24.870003003603202
2024-04-14 06:00:00+00:00,7.41,22.6,0.0,1.9184407851956848,15.663910025294797
2024-04-14 07:00:00+00:00,0.0,8.8,-0.01,-15.619630383798977,6.22031021605639
2024-04-14 08:00:00+00:00,-2.37,-0.02,-0.16,-31.592222116436417,-2.1441267576272196
2024-04-14 09:00:00+00:00,-12.17,-9.97,-3.25,-46.52471679601253,-10.910944848926732
2024-04-14 10:00:00+00:00,-42.27,-25.96,-9.94,-61.503450697874015,-25.172101406803293
2024-04-14 11:00:00+00:00,-60.05,-50.0,-26.79,-77.98716269447443,-44.5286076061232
2024-04-14 12:00:00+00:00,-60.07,-55.01,-20.06,-77.39253281827347,-47.03441997461631
2024-04-14 13:00:00+00:00,-40.05,-49.91,-5.04,-64.94103585621927,-39.36560946970316
2024-04-14 14:00:00+00:00,-6.25,-19.16,-0.16,-35.46082548955904,-14.45558825380374
2024-04-14 15:00:00+00:00,1.57,-0.16,6.92,-1.6350441331109096,9.986942258769801
2024-04-14 16:00:00+00:00,67.23,39.91,91.46,54.0859488339555,54.77105544150218
2024-04-14 17:00:00+00:00,87.8,73.44,108.39,92.83164967058212,87.18636821986024
2024-04-14 18:00:00+00:00,119.91,65.78,106.4,96.39801886533249,84.60099807673707
2024-04-14 19:00:00+00:00,112.61,39.35,89.95,82.37617439681883,64.11511242290865
2024-04-14 20:00:00+00:00,103.95,21.11,77.46,72.40098232991312,51.103041248644026
2024-04-14 21:00:00+00:00,87.24,7.05,72.06,61.52163895093386,38.8304701169742
2024-04-14 22:00:00+00:00,81.96,0.43,70.77,62.37824553586132,41.69657338169858
2024-04-14 23:00:00+00:00,81.26,0.83,70.71,60.85431470735063,40.61605474641676
2024-04-15 00:00:00+00:00,77.54,0.93,68.12,59.438722100428286,38.53876267131711
2024-04-15 01:00:00+00:00,78.18,1.13,70.71,60.609867017653904,39.24072833485457
2024-04-15 02:00:00+00:00,75.23,2.34,71.57,63.86045959450272,41.82888232726039
2024-04-15 03:00:00+00:00,86.74,5.95,77.44,71.40573200851662,48.44904064457393
2024-04-15 04:00:00+00:00,115.73,12.86,101.99,87.594519234712,63.55481606370285
2024-04-15 05:00:00+00:00,169.15,13.0,149.78,95.82364048162256,73.79663634766662
2024-04-15 06:00:00+00:00,153.24,7.41,128.52,85.31432236727811,67.94785964796208
2024-04-15 07:00:00+00:00,91.56,0.0,85.51,65.9752701082175,55.931126746602416
2024-04-15 08:00:00+00:00,80.55,-2.37,80.6,50.92981319734013,51.36385296017989
2024-04-15 09:00:00+00:00,63.15,-12.17,71.23,32.47630794870271,41.70916766594048
2024-04-15 10:00:00+00:00,44.15,-42.27,64.7,4.8161144845309,18.553751472937037
2024-04-15 11:00:00+00:00,31.74,-60.05,60.0,-16.91332272378382,2.1753517339961945
2024-04-15 12:00:00+00:00,12.96,-60.07,57.89,-26.33623854347796,-1.0710342069133247
2024-04-15 13:00:00+00:00,7.8,-40.05,63.4,-18.915690847514796,11.411450152724242
2024-04-15 14:00:00+00:00,7.99,-6.25,70.0,2.5083163941977915,36.30838339907121
2024-04-15 15:00:00+00:00,46.3,1.57,75.01,17.794526631049777,46.415236544481374
2024-04-15 16:00:00+00:00,69.2,67.23,104.9,67.46801631597626,99.68881265866793
2024-04-15 17:00:00+00:00,78.92,87.8,137.3,88.54673889138466,122.32476634038434
2024-04-15 18:00:00+00:00,77.02,119.91,124.8,100.277601587733,141.70804693953252
2024-04-15 19:00:00+00:00,66.31,112.61,84.85,83.38070893559603,129.2504269111616
2024-04-15 20:00:00+00:00,53.77,103.95,77.0,71.95984389381627,119.93320516050413
2024-04-15 21:00:00+00:00,34.17,87.24,70.19,57.02693980492224,105.04078849608409
2024-04-15 22:00:00+00:00,2.02,81.96,78.21,44.95988486228768,91.52010695746776
2024-04-15 23:00:00+00:00,0.04,81.26,69.39,41.73334966709957,88.907202054523
2024-04-16 00:00:00+00:00,0.14,77.54,64.73,40.76022207387013,85.45050796210182
2024-04-16 01:00:00+00:00,0.73,78.18,59.95,44.443004915176175,85.41260870937528
2024-04-16 02:00:00+00:00,17.47,75.23,62.48,49.44336735135473,85.00797525401588
2024-04-16 03:00:00+00:00,36.22,86.74,68.34,65.09597482437928,96.4641161919156
2024-04-16 04:00:00+00:00,63.14,115.73,86.69,94.84487549689068,124.43164983532085
2024-04-16 05:00:00+00:00,74.26,169.15,90.9,129.18859698097035,163.90162658514598
2024-04-16 06:00:00+00:00,74.26,153.24,79.78,116.94057329967532,153.05618155161199
2024-04-16 07:00:00+00:00,64.81,91.56,68.3,77.99773647430209,110.20942195545146
2024-04-16 08:00:00+00:00,51.03,80.55,51.6,65.75517065520691,98.9966880481076
2024-04-16 09:00:00+00:00,42.64,63.15,43.98,53.60086459982817,83.84863413249084
2024-04-16 10:00:00+00:00,40.0,44.15,36.05,41.481211531351356,64.86455739068026
2024-04-16 11:00:00+00:00,40.22,31.74,10.09,29.978471066535704,47.70995107806474
2024-04-16 12:00:00+00:00,42.08,12.96,10.5,18.406621735041554,30.82233983801551
2024-04-16 13:00:00+00:00,48.53,7.8,29.04,21.437924849759767,28.485664399446947
2024-04-16 14:00:00+00:00,62.84,7.99,38.27,30.463759724666957,31.609100357222218
2024-04-16 15:00:00+00:00,79.67,46.3,50.15,61.705987800945266,60.77277356559803
2024-04-16 16:00:00+00:00,92.92,69.2,65.9,91.10101862022529,86.06262138677096
2024-04-16 17:00:00+00:00,113.99,78.92,81.75,107.39178589294426,97.74877182577758
2024-04-16 18:00:00+00:00,124.52,77.02,81.74,108.54317234220424,99.00178069427113
2024-04-16 19:00:00+00:00,104.46,66.31,67.98,98.31219594607197,88.76914044780034
2024-04-16 20:00:00+00:00,90.1,53.77,60.51,87.1007572894334,77.07094902802926
2024-04-16 21:00:00+00:00,84.1,34.17,35.49,70.29596767406969,57.85826858507266
2024-04-16 22:00:00+00:00,83.84,2.02,22.89,38.816306398307184,21.53088271784631
2024-04-16 23:00:00+00:00,83.84,0.04,5.95,35.99203717651289,17.821356828827106
2024-04-17 00:00:00+00:00,81.35,0.14,6.19,38.13766238590815,18.260649137690223
2024-04-17 01:00:00+00:00,82.4,0.73,8.99,42.119182968796345,19.800764870164883
2024-04-17 02:00:00+00:00,82.96,17.47,26.3,57.586282388181395,34.32286518078418
2024-04-17 03:00:00+00:00,83.73,36.22,50.03,78.6265081678635,54.22220084601421
2024-04-17 04:00:00+00:00,109.39,63.14,75.91,108.08893779903889,83.68831200092893
2024-04-17 05:00:00+00:00,169.97,74.26,99.63,122.36602212611848,100.81856012417948
2024-04-17 06:00:00+00:00,155.17,74.26,106.02,118.77863969509727,99.95531417535987
2024-04-17 07:00:00+00:00,104.62,64.81,80.46,102.93142461913857,84.468905739458
2024-04-17 08:00:00+00:00,83.9,51.03,67.66,88.56149161184402,71.53517567677716
2024-04-17 09:00:00+00:00,79.9,42.64,56.05,77.62012185958216,61.49742323855107
2024-04-17 10:00:00+00:00,82.98,40.0,55.62,71.42612632280537,56.48242749498977
2024-04-17 11:00:00+00:00,80.82,40.22,30.32,63.95622501889165,49.891396216836945
2024-04-17 12:00:00+00:00,77.71,42.08,31.29,60.280607710084226,46.65267880601662
2024-04-17 13:00:00+00:00,77.03,48.53,55.35,64.71883584470471,51.18447330832175
2024-04-17 14:00:00+00:00,80.0,62.84,62.91,74.80419507606167,60.35911243716203
2024-04-17 15:00:00+00:00,86.9,79.67,75.32,95.5274865161976,78.93164796432288
2024-04-17 16:00:00+00:00,114.97,92.92,100.83,117.07658143039122,95.61370699395334
2024-04-17 17:00:00+00:00,159.92,113.99,191.15,146.09113789138502,123.62232143047224
2024-04-17 18:00:00+00:00,169.9,124.52,191.19,151.08247769111932,130.94655461778206
2024-04-17 19:00:00+00:00,130.06,104.46,115.59,127.42658082311526,107.04912028542846
2024-04-17 20:00:00+00:00,99.04,90.1,86.1,110.82588689699031,90.88288064666848
2024-04-17 21:00:00+00:00,87.81,84.1,76.1,100.8265104470076,81.55571805769291
2024-04-17 22:00:00+00:00,91.83,83.84,72.58,93.2574268120689,72.05130066751843
2024-04-17 23:00:00+00:00,87.42,83.84,67.36,90.76881018554792,69.81798908591128
2024-04-18 00:00:00+00:00,88.53,81.35,62.24,89.03657911095488,67.06891181568392
2024-04-18 01:00:00+00:00,87.76,82.4,58.81,89.97763658851238,66.8414250611053
2024-04-18 02:00:00+00:00,89.61,82.96,59.08,92.79080909705144,68.25062724055766
2024-04-18 03:00:00+00:00,93.47,83.73,55.57,96.30900834348282,69.67105944596153
2024-04-18 04:00:00+00:00,121.88,109.39,74.63,123.72243721095901,97.63254585125644
2024-04-18 05:00:00+00:00,155.8,169.97,68.8,159.13100087824554,142.32530361589605
2024-04-18 06:00:00+00:00,131.19,155.17,52.2,145.88820792868253,132.02979056288902
2024-04-18 07:00:00+00:00,101.12,104.62,30.0,107.82628861293685,94.19981555694001
2024-04-18 08:00:00+00:00,90.21,83.9,10.05,84.92954134507666,75.70418893263835
2024-04-18 09:00:00+00:00,83.87,79.9,0.86,73.5470280341496,69.28389405305465
2024-04-18 10:00:00+00:00,80.64,82.98,0.91,68.49293843135604,68.44425391733105
2024-04-18 11:00:00+00:00,77.2,80.82,1.1,62.55418480381709,64.11185577136106
2024-04-18 12:00:00+00:00,73.01,77.71,0.57,56.04687802969895,58.974001351291136
2024-04-18 13:00:00+00:00,70.7,77.03,29.57,57.27453547575437,60.660571721439474
2024-04-18 14:00:00+00:00,70.88,80.0,59.74,63.886729546414905,66.63291508405212
2024-04-18 15:00:00+00:00,81.33,86.9,76.74,77.8078766991683,76.695295862617
2024-04-18 16:00:00+00:00,94.03,114.97,100.7,107.09048732900733,101.56723250062646
2024-04-18 17:00:00+00:00,125.24,159.92,134.36,145.82495709803118,139.68686731547928
2024-04-18 18:00:00+00:00,128.83,169.9,137.82,153.46935703790848,148.60808118139954
2024-04-18 19:00:00+00:00,105.92,130.06,98.79,123.68038251880124,115.81054381163558
2024-04-18 20:00:00+00:00,89.89,99.04,82.42,98.67543306031193,90.37049105314975
2024-04-18 21:00:00+00:00,79.37,87.81,76.51,84.28262978641078,79.00388981564636
2024-04-18 22:00:00+00:00,77.21,91.83,75.71,79.60916043300857,83.9025974102216
2024-04-18 23:00:00+00:00,60.83,87.42,71.74,71.10351520019401,79.67382262082793
2024-04-19 00:00:00+00:00,50.53,88.53,68.89,65.21641650226763,78.95796518937703
2024-04-19 01:00:00+00:00,49.47,87.76,69.26,61.099139144690355,79.02127849644842
2024-04-19 02:00:00+00:00,47.97,89.61,69.52,61.31565737966192,82.18949072796092
2024-04-19 03:00:00+00:00,49.08,93.47,77.53,66.96056713660917,88.66572149145296
2024-04-19 04:00:00+00:00,60.12,121.88,91.23,90.79763294801813,116.55985421529672
2024-04-19 05:00:00+00:00,69.04,155.8,97.0,115.13859823819841,148.00194269193025
2024-04-19 06:00:00+00:00,76.0,131.19,86.83,100.50488168264833,130.68436715053653
2024-04-19 07:00:00+00:00,68.3,101.12,70.98,76.80400606355572,103.80529885043512
2024-04-19 08:00:00+00:00,60.2,90.21,42.86,62.9688980455831,89.83465171856488
2024-04-19 09:00:00+00:00,56.08,83.87,18.86,54.70494018171063,81.16020523064233
2024-04-19 10:00:00+00:00,50.91,80.64,0.0,48.36862203514422,74.66659666407342
2024-04-19 11:00:00+00:00,47.0,77.2,-0.07,43.917322463126716,69.2942617385016
2024-04-19 12:00:00+00:00,44.94,73.01,0.01,38.95225436549884,62.96561235064342
2024-04-19 13:00:00+00:00,44.56,70.7,0.18,37.08434977387777,59.22324111252971
2024-04-19 14:00:00+00:00,50.91,70.88,0.22,38.87616121472305,59.229815790285805
2024-04-19 15:00:00+00:00,58.77,81.33,57.37,57.39558225545729,77.07578358452098
2024-04-19 16:00:00+00:00,63.49,94.03,81.93,73.40206500386687,93.467770288384
2024-04-19 17:00:00+00:00,65.32,125.24,125.95,99.07563592820637,124.2515707953099
2024-04-19 18:00:00+00:00,66.28,128.83,124.13,98.9288605850673,126.47642192056875
2024-04-19 19:00:00+00:00,66.2,105.92,86.6,78.43692026386171,102.56208764626092
2024-04-19 20:00:00+00:00,65.27,89.89,77.99,65.02036596012587,86.90706916143161
2024-04-19 21:00:00+00:00,63.15,79.37,68.1,53.973600333511854,75.27052996968649
2024-04-19 22:00:00+00:00,60.24,77.21,60.22,42.892610561090606,70.95693949560942
2024-04-19 23:00:00+00:00,57.97,60.83,49.07,32.24120777091542,55.83128196044987
2024-04-20 00:00:00+00:00,57.33,50.53,24.41,24.627952425217018,43.45661435785154
2024-04-20 01:00:00+00:00,57.75,49.47,19.41,25.823800263701088,39.913929937320134
2024-04-20 02:00:00+00:00,61.04,47.97,19.95,28.0163643509063,36.75182573298674
2024-04-20 03:00:00+00:00,62.83,49.08,25.32,32.629233748551655,35.90474953553862
2024-04-20 04:00:00+00:00,63.92,60.12,30.18,42.633687032045344,42.98052019989378
2024-04-20 05:00:00+00:00,67.98,69.04,35.26,50.90375423798015,50.60179366573185
2024-04-20 06:00:00+00:00,65.04,76.0,22.6,51.82514092777433,51.59222704828596
2024-04-20 07:00:00+00:00,59.9,68.3,8.8,43.138838370648855,42.60972575878169
2024-04-20 08:00:00+00:00,50.05,60.2,-0.02,34.50682454198086,34.59921003738553
2024-04-20 09:00:00+00:00,38.43,56.08,-9.97,28.14456249292057,28.887191689484595
2024-04-20 10:00:00+00:00,28.97,50.91,-25.96,20.71109307115762,22.109143524266614
2024-04-20 11:00:00+00:00,12.33,47.0,-50.0,13.618857893346402,14.865267538180873
2024-04-20 12:00:00+00:00,10.55,44.94,-55.01,11.47671224305084,12.09035781029148
2024-04-20 13:00:00+00:00,18.33,44.56,-49.91,15.089966853091838,13.587359687582989
2024-04-20 14:00:00+00:00,37.41,50.91,-19.16,28.485615416423073,24.626235556385993
2024-04-20 15:00:00+00:00,62.83,58.77,-0.16,46.25505427260907,38.18019988217072
2024-04-20 16:00:00+00:00,78.9,63.49,39.91,67.17878856446842,53.11269636269159
2024-04-20 17:00:00+00:00,89.61,65.32,73.44,81.11694806898429,64.81857605720415
2024-04-20 18:00:00+00:00,97.04,66.28,65.78,80.47428096554398,66.59949401310692
2024-04-20 19:00:00+00:00,90.31,66.2,39.35,74.09255016889756,62.70499287018273
2024-04-20 20:00:00+00:00,86.07,65.27,21.11,69.80964259590814,59.61529817425868
2024-04-20 21:00:00+00:00,82.9,63.15,7.05,64.1629691289673,54.45600184837428
2024-04-20 22:00:00+00:00,81.85,60.24,0.43,61.33197410162181,55.706224563415496
2024-04-20 23:00:00+00:00,70.59,57.97,0.83,56.526091110171905,49.897232382452444
2024-04-21 00:00:00+00:00,69.53,57.33,0.93,53.625275942216525,45.94479669983229
2024-04-21 01:00:00+00:00,64.4,57.75,1.13,51.59199665354579,42.66895461547245
2024-04-21 02:00:00+00:00,63.88,61.04,2.34,51.070315727435045,41.02165161452577
2024-04-21 03:00:00+00:00,63.62,62.83,5.95,51.56284002555536,39.444862232783905
2024-04-21 04:00:00+00:00,64.43,63.92,12.86,51.02672282286977,37.67109505375229
2024-04-21 05:00:00+00:00,60.53,67.98,13.0,49.74237885584539,39.0153436370931
2024-04-21 06:00:00+00:00,60.88,65.04,7.41,43.77557380838503,36.8170705841149
2024-04-21 07:00:00+00:00,55.38,59.9,0.0,34.94086412417175,32.75355201800522
2024-04-21 08:00:00+00:00,32.99,50.05,-2.37,22.57802025762834,25.390660433300596
2024-04-21 09:00:00+00:00,36.96,38.43,-12.17,11.105533223146779,16.05979410137516
2024-04-21 10:00:00+00:00,6.06,28.97,-42.27,-0.9672177244895437,4.928141830332038
2024-04-21 11:00:00+00:00,0.28,12.33,-60.05,-14.282921190226276,-10.07658724114519
2024-04-21 12:00:00+00:00,-0.9,10.55,-60.07,-16.329564240319158,-11.85062200711458
2024-04-21 13:00:00+00:00,0.75,18.33,-40.05,-7.271216532058517,-3.1059752709271606
2024-04-21 14:00:00+00:00,6.01,37.41,-6.25,14.051124287274888,17.385899378901016
2024-04-21 15:00:00+00:00,58.22,62.83,1.57,41.03351816710168,41.939184934189825
2024-04-21 16:00:00+00:00,74.6,78.9,67.23,74.35147739573819,68.75304787810276
2024-04-21 17:00:00+00:00,89.36,89.61,87.8,94.81794428388699,83.80841734289837
2024-04-21 18:00:00+00:00,95.26,97.04,119.91,106.85184999180024,96.76533952407519
2024-04-21 19:00:00+00:00,91.07,90.31,112.61,102.22235070907435,94.23917828241419
2024-04-21 20:00:00+00:00,89.41,86.07,103.95,97.98578333992982,91.64083517900731
2024-04-21 21:00:00+00:00,88.46,82.9,87.24,91.10449236429298,85.50402576048035
2024-04-21 22:00:00+00:00,78.97,81.85,81.96,92.14709688197468,90.96550363069846
2024-04-21 23:00:00+00:00,78.05,70.59,81.26,87.28707385297744,82.77497249433736
2024-04-22 00:00:00+00:00,78.44,69.53,77.54,88.35075708008611,81.22460708547851
2024-04-22 01:00:00+00:00,79.92,64.4,78.18,89.16657990530368,78.14288316827087
2024-04-22 02:00:00+00:00,79.79,63.88,75.23,94.24119788626996,79.45112984470111
2024-04-22 03:00:00+00:00,87.5,63.62,86.74,103.49065838376691,84.32664303157338
2024-04-22 04:00:00+00:00,105.9,64.43,115.73,119.04260375951472,95.56253031368853
2024-04-22 05:00:00+00:00,130.79,60.53,169.15,126.32121750163623,103.83391914741796
2024-04-22 06:00:00+00:00,117.46,60.88,153.24,119.51976582769177,103.49762353137771
2024-04-22 07:00:00+00:00,97.05,55.38,91.56,100.993112033157,91.70688421115122
2024-04-22 08:00:00+00:00,81.86,32.99,80.55,81.74507447172465,74.4811606130142
2024-04-22 09:00:00+00:00,81.24,36.96,63.15,77.74255936752242,72.82121957968863
2024-04-22 10:00:00+00:00,77.05,6.06,44.15,58.1878001626524,47.88476426421387
2024-04-22 11:00:00+00:00,73.67,0.28,31.74,51.898550668006756,38.7065849098962
2024-04-22 12:00:00+00:00,74.17,-0.9,12.96,47.74108983780729,32.72392836689194
2024-04-22 13:00:00+00:00,78.48,0.75,7.8,50.087024097453885,32.26917116912806
2024-04-22 14:00:00+00:00,81.57,6.01,7.99,58.212273502769776,36.74099341798378
2024-04-22 15:00:00+00:00,96.79,58.22,46.3,99.20236524057434,79.93197787527986
2024-04-22 16:00:00+00:00,118.2,74.6,69.2,121.14818416309006,97.17540149771374
2024-04-22 17:00:00+00:00,164.05,89.36,78.92,138.01978392012143,111.41249576472265
2024-04-22 18:00:00+00:00,170.96,95.26,77.02,140.8454054233731,116.50445896698933
2024-04-22 19:00:00+00:00,130.05,91.07,66.31,132.05157584266286,111.47690257172557
2024-04-22 20:00:00+00:00,105.77,89.41,53.77,123.61529669747205,106.70416725932573
2024-04-22 21:00:00+00:00,96.99,88.46,34.17,114.71352828164518,100.40975192661558
2024-04-22 22:00:00+00:00,88.32,78.97,2.02,94.02997953880414,78.28818596347313
2024-04-22 23:00:00+00:00,86.69,78.05,0.04,92.32388551283756,75.98459900621799
2024-04-23 00:00:00+00:00,85.95,78.44,0.14,93.05455354244155,75.84237475746286
2024-04-23 01:00:00+00:00,85.42,79.92,0.73,95.45138323456841,76.51700501959553
2024-04-23 02:00:00+00:00,86.35,79.79,17.47,101.29061474815954,79.72145371657327
2024-04-23 03:00:00+00:00,97.69,87.5,36.22,113.94130122512053,90.038868669308
2024-04-23 04:00:00+00:00,121.4,105.9,63.14,136.61779171446167,111.92333448906054
2024-04-23 05:00:00+00:00,181.26,130.79,74.26,150.98036572225502,133.0769061996616
2024-04-23 06:00:00+00:00,136.28,117.46,74.26,136.0372058050013,125.70710690264167
2024-04-23 07:00:00+00:00,98.38,97.05,64.81,112.90929348767102,110.04387818081517
2024-04-23 08:00:00+00:00,82.87,81.86,51.03,93.04268469525051,95.23198854001961
2024-04-23 09:00:00+00:00,77.26,81.24,42.64,87.290507035285,92.55635867769439
2024-04-23 10:00:00+00:00,77.46,77.05,40.0,80.73768810994962,84.02274062786265
2024-04-23 11:00:00+00:00,79.38,73.67,40.22,76.71470072239009,77.8180927806262
2024-04-23 12:00:00+00:00,78.62,74.17,42.08,73.93459919769414,74.13837895506467
2024-04-23 13:00:00+00:00,80.02,78.48,48.53,76.24871846918904,74.59072387585286
2024-04-23 14:00:00+00:00,83.02,81.57,62.84,80.61653851969643,75.9631932543887
2024-04-23 15:00:00+00:00,89.97,96.79,79.67,100.22469207194568,94.00190112823957
2024-04-23 16:00:00+00:00,102.4,118.2,92.92,121.64164189273137,113.35192550787545
2024-04-23 17:00:00+00:00,123.01,164.05,113.99,156.83574323133786,150.70341724834086
2024-04-23 18:00:00+00:00,125.07,170.96,124.52,164.77441948857768,158.8809563468793
2024-04-23 19:00:00+00:00,105.1,130.05,104.46,139.10215552435912,129.17315495951246
2024-04-23 20:00:00+00:00,92.73,105.77,90.1,120.07804712476369,109.44834936588441
2024-04-23 21:00:00+00:00,81.55,96.99,84.1,109.01216447710041,99.72717411367354
2024-04-23 22:00:00+00:00,81.8,88.32,83.84,84.97484766702371,79.16620488601282
2024-04-23 23:00:00+00:00,77.97,86.69,83.84,81.78252264658772,77.0329238422161
2024-04-24 00:00:00+00:00,77.16,85.95,81.35,80.48285957207983,76.01471698653538
2024-04-24 01:00:00+00:00,74.86,85.42,82.4,81.78949108525018,76.23290302157173
2024-04-24 02:00:00+00:00,77.37,86.35,82.96,85.93245817476132,77.98594107547139
2024-04-24 03:00:00+00:00,81.83,97.69,83.73,99.35009439091903,89.3593240714513
2024-04-24 04:00:00+00:00,101.66,121.4,109.39,126.29064880903195,116.09089334308301
2024-04-24 05:00:00+00:00,128.17,181.26,169.97,169.11495945324225,169.17444287659924
2024-04-24 06:00:00+00:00,107.07,136.28,155.17,141.18740110976427,138.31633179200088
2024-04-24 07:00:00+00:00,91.81,98.38,104.62,109.21293922009019,104.86137809000466
2024-04-24 08:00:00+00:00,90.74,82.87,83.9,93.68804915862002,89.96725989446587
2024-04-24 09:00:00+00:00,88.35,77.26,79.9,87.22623411943403,84.65177560499686
2024-04-24 10:00:00+00:00,82.6,77.46,82.98,84.75939258866168,82.54362152681207
2024-04-24 11:00:00+00:00,80.09,79.38,80.82,81.80834516122574,80.52083237823751
2024-04-24 12:00:00+00:00,76.53,78.62,77.71,77.61885332237046,76.75971852138719
2024-04-24 13:00:00+00:00,80.71,80.02,77.03,77.50237398318328,76.3277823415512
2024-04-24 14:00:00+00:00,81.12,83.02,80.0,81.41203889237313,77.8754069660847
2024-04-24 15:00:00+00:00,86.6,89.97,86.9,94.80806117616812,86.85729471612558
2024-04-24 16:00:00+00:00,101.54,102.4,114.97,115.4178991933275,102.38867659173917
2024-04-24 17:00:00+00:00,135.2,123.01,159.92,142.0880713499732,127.4966492574703
2024-04-24 18:00:00+00:00,143.44,125.07,169.9,144.76902749939907,130.97479772532003
2024-04-24 19:00:00+00:00,121.16,105.1,130.06,123.46051075027097,109.10132264886765
2024-04-24 20:00:00+00:00,105.31,92.73,99.04,106.90710965520772,93.32135091882215
2024-04-24 21:00:00+00:00,90.21,81.55,87.81,93.89395595114155,80.89392300076952
2024-04-24 22:00:00+00:00,83.5,81.8,91.83,83.47348118949267,73.27423833670966
2024-04-24 23:00:00+00:00,80.0,77.97,87.42,79.45597218511259,69.04318513658554
2024-04-25 00:00:00+00:00,77.37,77.16,88.53,79.78864183183424,68.73281814130868
2024-04-25 01:00:00+00:00,76.05,74.86,87.76,81.06032627827328,67.76028644406719
2024-04-25 02:00:00+00:00,75.24,77.37,89.61,86.68726629750198,70.74595087138725
2024-04-25 03:00:00+00:00,84.02,81.83,93.47,95.74198587563981,76.85096067364375
2024-04-25 04:00:00+00:00,102.44,101.66,121.88,121.2215103586318,101.75186175922015
2024-04-25 05:00:00+00:00,129.05,128.17,155.8,143.23977341655933,130.9790716231662
2024-04-25 06:00:00+00:00,112.71,107.07,131.19,124.18549309017376,111.12418069912248
2024-04-25 07:00:00+00:00,92.1,91.81,101.12,104.77587459887533,93.45209738926141
2024-04-25 08:00:00+00:00,80.01,90.74,90.21,94.82260273266901,88.99562726257436
2024-04-25 09:00:00+00:00,78.2,88.35,83.87,86.43521143806973,84.56972633668339
2024-04-25 10:00:00+00:00,73.92,82.6,80.64,78.08084420642012,78.21869113029717
2024-04-25 11:00:00+00:00,68.67,80.09,77.2,72.90146923839106,73.81400942358368
2024-04-25 12:00:00+00:00,66.41,76.53,73.01,66.71062013638922,68.04917064153116
2024-04-25 13:00:00+00:00,69.32,80.71,70.7,67.9252358847171,68.58520816976912
2024-04-25 14:00:00+00:00,72.81,81.12,70.88,72.6406979497407,68.37793171502605
2024-04-25 15:00:00+00:00,79.88,86.6,81.33,86.92236037351347,75.81661197218986
2024-04-25 16:00:00+00:00,95.17,101.54,94.03,108.68293839410873,90.63174998586034
2024-04-25 17:00:00+00:00,141.09,135.2,125.24,139.87195555307946,120.51308383170941
2024-04-25 18:00:00+00:00,152.29,143.44,128.83,145.79769827543228,127.39732193614628
2024-04-25 19:00:00+00:00,113.71,121.16,105.92,124.98491720602628,107.7569961522089
2024-04-25 20:00:00+00:00,91.35,105.31,89.89,106.12059570520358,92.40464123597617
2024-04-25 21:00:00+00:00,79.74,90.21,79.37,88.10610868604526,77.33800214330525
2024-04-25 22:00:00+00:00,79.87,83.5,77.21,80.73433592075106,76.32180415060517
2024-04-25 23:00:00+00:00,74.0,80.0,60.83,73.08569137774458,70.78667575378341
2024-04-26 00:00:00+00:00,74.7,77.37,50.53,68.68931595255235,67.00462102100813
2024-04-26 01:00:00+00:00,74.07,76.05,49.47,69.80849597313954,66.3371712182641
2024-04-26 02:00:00+00:00,77.1,75.24,47.97,73.53074098465245,66.88644740223535
2024-04-26 03:00:00+00:00,83.69,84.02,49.08,84.97062239843993,75.6610908705205
2024-04-26 04:00:00+00:00,93.5,102.44,60.12,105.57241652162935,96.13927094192096
2024-04-26 05:00:00+00:00,104.06,129.05,69.04,123.04484345484133,120.73073271546255
2024-04-26 06:00:00+00:00,96.06,112.71,76.0,110.40015915844552,110.22110117775485
2024-04-26 07:00:00+00:00,81.08,92.1,68.3,91.44422357228946,93.38914252570655
2024-04-26 08:00:00+00:00,77.81,80.01,60.2,76.73821568275443,82.93907944348553
2024-04-26 09:00:00+00:00,72.95,78.2,56.08,69.8917668606934,79.65168275627803
2024-04-26 10:00:00+00:00,70.35,73.92,50.91,64.02239773635407,74.06201088781286
2024-04-26 11:00:00+00:00,68.74,68.67,47.0,59.5587648959647,67.35072702795004
2024-04-26 12:00:00+00:00,65.37,66.41,44.94,57.97148312366827,62.697150444198705
2024-04-26 13:00:00+00:00,69.92,69.32,44.56,63.26400565427111,63.67839472033733
2024-04-26 14:00:00+00:00,71.7,72.81,50.91,73.35269429359766,66.6598948929969
2024-04-26 15:00:00+00:00,80.46,79.88,58.77,90.49622794693197,75.03929439188954
2024-04-26 16:00:00+00:00,94.78,95.17,63.49,112.7367985904339,89.25320809551042
2024-04-26 17:00:00+00:00,131.9,141.09,65.32,146.08627994726328,123.47909554353984
2024-04-26 18:00:00+00:00,141.58,152.29,66.28,152.6670851282261,131.6862293810564
2024-04-26 19:00:00+00:00,110.0,113.71,66.2,127.6435876422061,104.30010850397537
2024-04-26 20:00:00+00:00,92.71,91.35,65.27,108.48321959736981,86.31666286475102
2024-04-26 21:00:00+00:00,88.26,79.74,63.15,94.53253255511991,74.37531416564025
2024-04-26 22:00:00+00:00,90.29,79.87,60.24,91.00733207898993,70.89953710274335
2024-04-26 23:00:00+00:00,88.9,74.0,57.97,84.44087050456699,64.52518023224528
2024-04-27 00:00:00+00:00,86.59,74.7,57.33,81.92175604588918,62.05737175702793
2024-04-27 01:00:00+00:00,89.03,74.07,57.75,79.62291500404962,58.51571007546441
2024-04-27 02:00:00+00:00,87.69,77.1,61.04,79.52129796296863,57.18779256987187
2024-04-27 03:00:00+00:00,85.68,83.69,62.83,82.26621791881803,59.13494514920115
2024-04-27 04:00:00+00:00,86.08,93.5,63.92,84.65855394476642,63.65735385724174
2024-04-27 05:00:00+00:00,79.04,104.06,67.98,82.81402477751213,71.96261006773652
2024-04-27 06:00:00+00:00,68.65,96.06,65.04,65.80057357819484,64.92713998588586
2024-04-27 07:00:00+00:00,59.07,81.08,59.9,45.87097547756281,52.99978976791155
2024-04-27 08:00:00+00:00,36.02,77.81,50.05,30.746017641953102,47.77044365203823
2024-04-27 09:00:00+00:00,8.43,72.95,38.43,15.887144906126963,41.97535775732507
2024-04-27 10:00:00+00:00,0.03,70.35,28.97,4.976673861047843,37.44257647290876
2024-04-27 11:00:00+00:00,-0.06,68.74,12.33,-2.581777684653744,31.943825250758863
2024-04-27 12:00:00+00:00,0.0,65.37,10.55,-2.455856196965982,28.87400238353753
2024-04-27 13:00:00+00:00,0.0,69.92,18.33,9.467821434107364,34.82667949530938
2024-04-27 14:00:00+00:00,19.95,71.7,37.41,26.09600492545148,41.96303687465748
2024-04-27 15:00:00+00:00,62.18,80.46,62.83,51.185510191759036,55.99045962600118
2024-04-27 16:00:00+00:00,86.18,94.78,78.9,80.44998780545957,73.4794178221262
2024-04-27 17:00:00+00:00,119.9,131.9,89.61,113.77006973527259,106.45202959140379
2024-04-27 18:00:00+00:00,112.27,141.58,97.04,118.43622310803848,117.28943809663599
2024-04-27 19:00:00+00:00,85.0,110.0,90.31,91.4112838269572,94.3138516758969
2024-04-27 20:00:00+00:00,75.9,92.71,86.07,71.88345923591332,81.04978835986707
2024-04-27 21:00:00+00:00,65.23,88.26,82.9,59.93160353102217,75.01566417070514
2024-04-27 22:00:00+00:00,56.39,90.29,81.85,64.22934620201843,81.60241151886612
2024-04-27 23:00:00+00:00,46.14,88.9,70.59,56.34494534514491,76.11735083352593
2024-04-28 00:00:00+00:00,39.6,86.59,69.53,50.976763725916946,71.61395642497232
2024-04-28 01:00:00+00:00,31.55,89.03,64.4,48.85051808093971,69.4454119470219
2024-04-28 02:00:00+00:00,27.6,87.69,63.88,45.87608439309747,65.36076462317453
2024-04-28 03:00:00+00:00,26.05,85.68,63.62,43.42311378980466,61.35947056015511
2024-04-28 04:00:00+00:00,9.92,86.08,64.43,40.12822981254841,58.939186917514455
2024-04-28 05:00:00+00:00,0.1,79.04,60.53,30.418722701238906,53.125843148786885
2024-04-28 06:00:00+00:00,-0.07,68.65,60.88,19.828405794167494,45.78534413792562
2024-04-28 07:00:00+00:00,-1.02,59.07,55.38,8.498521755012916,39.09436813285682
2024-04-28 08:00:00+00:00,-16.63,36.02,32.99,-10.861250006231458,22.13257745257077
2024-04-28 09:00:00+00:00,-36.72,8.43,36.96,-28.372153832904957,4.486482003474606
2024-04-28 10:00:00+00:00,-60.05,0.03,6.06,-38.252729405578336,-5.187970258679812
2024-04-28 11:00:00+00:00,-60.09,-0.06,0.28,-39.053273250077936,-7.2165573573103075
2024-04-28 12:00:00+00:00,-65.06,0.0,-0.9,-34.05620895313528,-6.538205341862479
2024-04-28 13:00:00+00:00,-52.43,0.0,0.75,-22.98750114958598,-2.335146796993854
2024-04-28 14:00:00+00:00,-23.45,19.95,6.01,-1.7778481674491644,15.951582874763403
2024-04-28 15:00:00+00:00,-0.02,62.18,58.22,40.21053158228642,56.25419297717286
2024-04-28 16:00:00+00:00,25.38,86.18,74.6,68.54825248461178,80.99099896412937
2024-04-28 17:00:00+00:00,69.36,119.9,89.36,97.83216868695298,111.37559031790317
2024-04-28 18:00:00+00:00,77.45,112.27,95.26,98.3637557296867,111.19640966056241
2024-04-28 19:00:00+00:00,78.56,85.0,91.07,82.3283239269681,92.8980536741395
2024-04-28 20:00:00+00:00,72.21,75.9,89.41,76.08610745794071,86.53241107008013
2024-04-28 21:00:00+00:00,66.94,65.23,88.46,68.38369978924828,77.49671760081402
2024-04-28 22:00:00+00:00,63.15,56.39,78.97,72.8394951703778,77.29103503981156
2024-04-28 23:00:00+00:00,60.05,46.14,78.05,70.82592942067222,70.02489199668622
2024-04-29 00:00:00+00:00,58.93,39.6,78.44,71.6153421395974,65.73678740384237
2024-04-29 01:00:00+00:00,62.46,31.55,79.92,73.92578588868741,61.869671953684566
2024-04-29 02:00:00+00:00,76.82,27.6,79.79,78.61748881594205,60.68374166656969
2024-04-29 03:00:00+00:00,85.18,26.05,87.5,87.31229637687163,63.740177558290235
2024-04-29 04:00:00+00:00,102.38,9.92,105.9,92.92883722453008,62.79470325708744
2024-04-29 05:00:00+00:00,117.95,0.1,130.79,92.63518358350525,63.64337923287572
2024-04-29 06:00:00+00:00,100.69,-0.07,117.46,84.5768108005039,63.39850979247836
2024-04-29 07:00:00+00:00,75.17,-1.02,97.05,69.75027591008612,58.96606175498698
2024-04-29 08:00:00+00:00,59.21,-16.63,81.86,46.08875282549787,43.68936812700468
2024-04-29 09:00:00+00:00,36.46,-36.72,81.24,25.88476354199024,27.72564923319007
2024-04-29 10:00:00+00:00,36.18,-60.05,77.05,9.772197264806053,10.317141861946965
2024-04-29 11:00:00+00:00,35.59,-60.09,73.67,10.155318424058706,8.680684363385865
2024-04-29 12:00:00+00:00,33.63,-65.06,74.17,11.942243007634644,4.583068808814687
2024-04-29 13:00:00+00:00,35.57,-52.43,78.48,25.801072592010755,12.86773567119107
2024-04-29 14:00:00+00:00,47.68,-23.45,81.57,51.143509270408735,33.825427755003204
2024-04-29 15:00:00+00:00,85.75,-0.02,96.79,79.71855091067701,56.411650632042054
2024-04-29 16:00:00+00:00,104.73,25.38,118.2,109.11003955462786,79.8074014266654
2024-04-29 17:00:00+00:00,180.04,69.36,164.05,144.93069535488345,118.44546793155587
2024-04-29 18:00:00+00:00,204.57,77.45,170.96,146.33083764244066,124.2207751272296
2024-04-29 19:00:00+00:00,108.55,78.56,130.05,131.02675664223148,116.593831925507
2024-04-29 20:00:00+00:00,87.29,72.21,105.77,114.47743841320866,106.55994463771614
2024-04-29 21:00:00+00:00,81.15,66.94,96.99,102.25296444005309,98.57236156278736
2024-04-29 22:00:00+00:00,73.76,63.15,88.32,82.21289761441815,83.19304811359437
2024-04-29 23:00:00+00:00,66.77,60.05,86.69,78.06016247248019,79.41045574117926
2024-04-30 00:00:00+00:00,70.41,58.93,85.95,77.1471139072179,77.76154402720547
2024-04-30 01:00:00+00:00,70.0,62.46,85.42,81.11650441081616,79.83109951868204
2024-04-30 02:00:00+00:00,70.0,76.82,86.35,92.19038609795241,89.65057908685515
2024-04-30 03:00:00+00:00,78.77,85.18,97.69,105.30451362136942,99.1882529241103
2024-04-30 04:00:00+00:00,94.95,102.38,121.4,126.77502016427583,118.90470755479757
2024-04-30 05:00:00+00:00,101.95,117.95,181.26,142.3839086037394,139.71650741763133
2024-04-30 06:00:00+00:00,88.46,100.69,136.28,121.47868041049801,123.67932655188523
2024-04-30 07:00:00+00:00,77.0,75.17,98.38,91.90809603512443,100.20411269950802
2024-04-30 08:00:00+00:00,62.06,59.21,82.87,68.7938808455226,84.65725845706356
2024-04-30 09:00:00+00:00,47.1,36.46,77.26,45.689102026777,65.34021756878589
2024-04-30 10:00:00+00:00,28.05,36.18,77.46,35.474344458773295,59.64242999999874
2024-04-30 11:00:00+00:00,11.3,35.59,79.38,29.959743328092415,55.82496262772777
2024-04-30 12:00:00+00:00,10.0,33.63,78.62,26.37730992204216,50.14075175567768
2024-04-30 13:00:00+00:00,19.14,35.57,80.02,30.18718347855919,49.18876190044826
2024-04-30 14:00:00+00:00,45.84,47.68,83.02,45.52486433085674,57.8906148935877
2024-04-30 15:00:00+00:00,66.95,85.75,89.97,79.0834318585657,85.75098047437416
2024-04-30 16:00:00+00:00,86.2,104.73,102.4,106.81925462194621,103.7003177116569
2024-04-30 17:00:00+00:00,122.01,180.04,123.01,161.51017013508755,162.54235352594944
2024-04-30 18:00:00+00:00,132.41,204.57,125.07,176.1048483746781,182.0737036861825
2024-04-30 19:00:00+00:00,88.37,108.55,105.1,117.93438219118842,116.21101282394109
2024-04-30 20:00:00+00:00,77.97,87.29,92.73,94.7102838359178,96.39207537405679
2024-04-30 21:00:00+00:00,75.69,81.15,81.55,83.50416466219572,87.92360737910033
2024-04-30 22:00:00+00:00,66.81,73.76,81.8,67.39908008398257,72.0965565339123
2024-04-30 23:00:00+00:00,55.09,66.77,77.97,61.07360750397984,64.90553822036178
2024-05-01 00:00:00+00:00,50.31,70.41,77.16,63.14117110396503,66.54585550459481
2024-05-01 01:00:00+00:00,43.99,70.0,74.86,64.07520323757977,65.74480709829405
2024-05-01 02:00:00+00:00,47.81,70.0,77.37,65.85911884788038,66.18966665327855
2024-05-01 03:00:00+00:00,44.69,78.77,81.83,72.4640673574186,72.47417350807947
2024-05-01 04:00:00+00:00,42.48,94.95,101.66,82.50450662339193,86.39868017753699
2024-05-01 05:00:00+00:00,28.08,101.95,128.17,83.37818450308649,96.3791992625446
2024-05-01 06:00:00+00:00,8.45,88.46,107.07,65.49842965030706,85.88654838020358
2024-05-01 07:00:00+00:00,0.01,77.0,91.81,47.84181654213833,76.61585225562716
2024-05-01 08:00:00+00:00,-0.97,62.06,90.74,26.563663375185556,64.59361184360435
2024-05-01 09:00:00+00:00,-40.05,47.1,88.35,8.155454013805254,52.25675743139881
2024-05-01 10:00:00+00:00,-91.9,28.05,82.6,-8.426967494753924,37.13013662133107
2024-05-01 11:00:00+00:00,-120.0,11.3,80.09,-21.173725858539072,21.69964134869663
2024-05-01 12:00:00+00:00,-120.07,10.0,76.53,-21.581382706804092,19.71722037206375
2024-05-01 13:00:00+00:00,-79.98,19.14,80.71,-14.939511874049671,24.270081320870815
2024-05-01 14:00:00+00:00,-30.01,45.84,81.12,1.6001109415013701,41.95961725813307
2024-05-01 15:00:00+00:00,-1.14,66.95,86.6,26.295265354653182,62.47851729604053
2024-05-01 16:00:00+00:00,15.32,86.2,101.54,55.473735260446205,83.1208797026097
2024-05-01 17:00:00+00:00,50.4,122.01,135.2,89.64549806157697,117.72109908512428
2024-05-01 18:00:00+00:00,50.0,132.41,143.44,93.94807656176249,127.877496990009
2024-05-01 19:00:00+00:00,34.01,88.37,121.16,59.06966618698233,89.42851352199273
2024-05-01 20:00:00+00:00,29.92,77.97,105.31,49.138657443413926,80.6483091148535
2024-05-01 21:00:00+00:00,22.0,75.69,90.21,42.05373300144513,75.42125487558721
2024-05-01 22:00:00+00:00,14.56,66.81,83.5,36.72185859700917,66.14376391501008
2024-05-01 23:00:00+00:00,10.94,55.09,80.0,30.785239875047168,56.95367839328847
2024-05-02 00:00:00+00:00,10.0,50.31,77.37,30.01923628526869,53.63484699614922
2024-05-02 01:00:00+00:00,7.8,43.99,76.05,29.581530325513725,49.82174306163832
2024-05-02 02:00:00+00:00,10.63,47.81,75.24,35.394965044286415,53.44740057040896
2024-05-02 03:00:00+00:00,32.06,44.69,84.02,42.689125385858055,56.81604125478946
2024-05-02 04:00:00+00:00,72.72,42.48,102.44,53.296181579473355,65.68560380101329
2024-05-02 05:00:00+00:00,78.28,28.08,129.05,49.741459217443754,64.30573733844847
2024-05-02 06:00:00+00:00,62.9,8.45,112.71,32.025943533283325,50.06393316492658
2024-05-02 07:00:00+00:00,31.45,0.01,92.1,15.305700340322957,40.127373520036976
2024-05-02 08:00:00+00:00,5.1,-0.97,80.01,1.0700446451574663,35.46984447300736
2024-05-02 09:00:00+00:00,-0.08,-40.05,78.2,-24.804851070219385,9.12569338404684
2024-05-02 10:00:00+00:00,-1.73,-91.9,73.92,-53.03565981239505,-26.384763960361013
2024-05-02 11:00:00+00:00,-4.19,-120.0,68.67,-66.4050510800272,-46.944700145567865
2024-05-02 12:00:00+00:00,-0.05,-120.07,66.41,-61.515935778694725,-47.35510210104398
2024-05-02 13:00:00+00:00,-1.39,-79.98,69.32,-34.21918566863111,-20.070072880906096
2024-05-02 14:00:00+00:00,4.04,-30.01,72.81,0.450971016310902,15.17629977634246
2024-05-02 15:00:00+00:00,55.16,-1.14,79.88,26.88164381360947,38.24202743448803
2024-05-02 16:00:00+00:00,81.22,15.32,95.17,49.48213666547925,54.78311438414304
2024-05-02 17:00:00+00:00,87.96,50.4,141.09,81.44932511738986,87.525595168029
2024-05-02 18:00:00+00:00,85.14,50.0,152.29,81.0304360378008,89.37658912362144
2024-05-02 19:00:00+00:00,82.31,34.01,113.71,59.26205549504571,69.64185582230571
2024-05-02 20:00:00+00:00,78.21,29.92,91.35,47.315132807505286,61.51478851201248
2024-05-02 21:00:00+00:00,71.02,22.0,79.74,35.546446656626664,51.51831354805274
2024-05-02 22:00:00+00:00,61.9,14.56,79.87,33.86631166658681,50.96623636340724
2024-05-02 23:00:00+00:00,59.14,10.94,74.0,29.536131408960685,45.823291308823876
2024-05-03 00:00:00+00:00,57.95,10.0,74.7,28.924158609538054,44.256751685364875
2024-05-03 01:00:00+00:00,58.5,7.8,74.07,29.908373825377126,42.50367344217958
2024-05-03 02:00:00+00:00,59.14,10.63,77.1,36.16220296751744,45.9788799719264
2024-05-03 03:00:00+00:00,69.17,32.06,83.69,55.48749312138753,63.50949439098816
2024-05-03 04:00:00+00:00,83.76,72.72,93.5,87.80495560380734,97.59760989014319
2024-05-03 05:00:00+00:00,85.47,78.28,104.06,96.14388181382157,105.49543915283284
2024-05-03 06:00:00+00:00,92.31,62.9,96.06,86.09673794503885,94.09755063086041
2024-05-03 07:00:00+00:00,88.25,31.45,81.08,62.482168255416425,69.21660147148845
2024-05-03 08:00:00+00:00,77.95,5.1,77.81,43.300579956837105,49.291708738653966
2024-05-03 09:00:00+00:00,72.58,-0.08,72.95,34.083046567985136,40.01756259717087
2024-05-03 10:00:00+00:00,64.11,-1.73,70.35,25.82770502467129,30.833077298193714
2024-05-03 11:00:00+00:00,59.33,-4.19,68.74,17.516705363754667,21.5752913364025
2024-05-03 12:00:00+00:00,60.05,-0.05,65.37,14.722859700956704,18.705738514772136
2024-05-03 13:00:00+00:00,64.69,-1.39,69.92,16.520314384749682,18.591561421534735
2024-05-03 14:00:00+00:00,72.29,4.04,71.7,26.11634127392945,25.364380087711254
2024-05-03 15:00:00+00:00,79.55,55.16,80.46,62.48826107315713,63.57498663778017
2024-05-03 16:00:00+00:00,88.89,81.22,94.78,88.24881532153698,85.92680002315024
2024-05-03 17:00:00+00:00,105.49,87.96,131.9,105.95890254283297,99.31571875472683
2024-05-03 18:00:00+00:00,119.94,85.14,141.58,108.2794518529159,98.89147558024563
2024-05-03 19:00:00+00:00,107.95,82.31,110.0,100.64294524624384,91.40532888486423
2024-05-03 20:00:00+00:00,93.46,78.21,92.71,92.72968331362864,84.79666112720736
2024-05-03 21:00:00+00:00,85.56,71.02,88.26,83.49211853935353,76.06044593011435
2024-05-03 22:00:00+00:00,90.8,61.9,90.29,81.85724109413387,67.61179615874315
2024-05-03 23:00:00+00:00,87.79,59.14,88.9,77.26147469324548,62.264783674139146
2024-05-04 00:00:00+00:00,86.26,57.95,86.59,73.95891392733469,57.623119387578825
2024-05-04 01:00:00+00:00,87.72,58.5,89.03,73.52158375279916,54.61159252950446
2024-05-04 02:00:00+00:00,90.64,59.14,87.69,73.88545224704546,51.59116452381842
2024-05-04 03:00:00+00:00,98.34,69.17,85.68,80.89368213578337,56.59003066937719
2024-05-04 04:00:00+00:00,94.19,83.76,86.08,89.5742529744217,66.41024381020905
2024-05-04 05:00:00+00:00,90.02,85.47,79.04,85.69455065706697,65.89840512522066
2024-05-04 06:00:00+00:00,78.48,92.31,68.65,80.21702752947002,67.71314514394471
2024-05-04 07:00:00+00:00,62.38,88.25,59.07,67.58805282113013,60.63351706508534
2024-05-04 08:00:00+00:00,41.17,77.95,36.02,51.33602297294145,47.261764618465314
2024-05-04 09:00:00+00:00,31.18,72.58,8.43,40.23113315399398,37.73454820595861
2024-05-04 10:00:00+00:00,24.93,64.11,0.03,31.182661183312888,28.966555828951613
2024-05-04 11:00:00+00:00,14.53,59.33,-0.06,25.602946824065313,22.962630193231817
2024-05-04 12:00:00+00:00,13.34,60.05,0.0,26.455058320805847,22.547833475436917
2024-05-04 13:00:00+00:00,26.03,64.69,0.0,32.84441405657505,26.5618646000907
2024-05-04 14:00:00+00:00,63.62,72.29,19.95,45.5378255168268,35.66743182850403
2024-05-04 15:00:00+00:00,79.36,79.55,62.18,69.42857333965681,54.2003394415218
2024-05-04 16:00:00+00:00,98.01,88.89,86.18,90.54444187787873,70.07736156570957
2024-05-04 17:00:00+00:00,121.92,105.49,119.9,112.65111823585787,90.33062122946873
2024-05-04 18:00:00+00:00,135.4,119.94,112.27,121.77201529011722,102.18634561000847
2024-05-04 19:00:00+00:00,113.56,107.95,85.0,109.98294506132672,93.36432096001582
2024-05-04 20:00:00+00:00,90.26,93.46,75.9,96.8138078601738,83.49869879176207
2024-05-04 21:00:00+00:00,83.6,85.56,65.23,84.87606668292236,75.16217855283487
2024-05-04 22:00:00+00:00,90.58,90.8,56.39,84.70465155302705,81.03933979926697
2024-05-04 23:00:00+00:00,84.82,87.79,46.14,76.14113535071243,75.06792744286587
2024-05-05 00:00:00+00:00,83.52,86.26,39.6,69.87959693737011,70.19507593751538
2024-05-05 01:00:00+00:00,80.49,87.72,31.55,65.74842233104589,66.57607424197931
2024-05-05 02:00:00+00:00,74.74,90.64,27.6,63.73410395315672,64.20602718106494
2024-05-05 03:00:00+00:00,71.13,98.34,26.05,66.58171548335508,66.61879774800886
2024-05-05 04:00:00+00:00,62.16,94.19,9.92,59.916565374124836,59.632324580147795
2024-05-05 05:00:00+00:00,55.08,90.02,0.1,51.74786986188881,54.14112659183635
2024-05-05 06:00:00+00:00,41.33,78.48,-0.07,40.97967785733895,46.83740831730273
2024-05-05 07:00:00+00:00,26.12,62.38,-1.02,26.75141933685289,36.50636763263368
2024-05-05 08:00:00+00:00,8.85,41.17,-16.63,7.261164290844363,19.834764342554138
2024-05-05 09:00:00+00:00,0.44,31.18,-36.72,-4.254212910416641,11.69050518866814
2024-05-05 10:00:00+00:00,0.0,24.93,-60.05,-15.161086630406118,3.6099401051731377
2024-05-05 11:00:00+00:00,-0.04,14.53,-60.09,-23.885340343085673,-4.860157044902522
2024-05-05 12:00:00+00:00,-0.97,13.34,-65.06,-25.309801094793315,-5.680295938554835
2024-05-05 13:00:00+00:00,-0.1,26.03,-52.43,-13.53659394045539,6.1957187678847845
2024-05-05 14:00:00+00:00,0.0,63.62,-23.45,17.538700405818588,38.43599418451354
2024-05-05 15:00:00+00:00,32.0,79.36,-0.02,43.54338582337149,58.06713999291501
2024-05-05 16:00:00+00:00,86.5,98.01,25.38,77.5607349979426,80.99358044846646
2024-05-05 17:00:00+00:00,96.24,121.92,69.36,112.30400221466101,108.12189378691426
2024-05-05 18:00:00+00:00,111.92,135.4,77.45,128.45388751613177,122.52478022591998
2024-05-05 19:00:00+00:00,107.53,113.56,78.56,118.58453060820811,110.14870789223075
2024-05-05 20:00:00+00:00,98.74,90.26,72.21,105.21258017736592,94.38595287986749
2024-05-05 21:00:00+00:00,88.67,83.6,66.94,97.6049044149182,87.14163295966341
2024-05-05 22:00:00+00:00,82.86,90.58,63.15,104.38562579385308,99.32214654765149
2024-05-05 23:00:00+00:00,79.59,84.82,60.05,100.83976427464957,94.2419354110877
2024-05-06 00:00:00+00:00,80.41,83.52,58.93,101.11146979711356,93.0527364863366
2024-05-06 01:00:00+00:00,79.95,80.49,62.46,103.24718541418576,92.28999461973115
2024-05-06 02:00:00+00:00,81.69,74.74,76.82,106.74685267203789,91.75848980951824
2024-05-06 03:00:00+00:00,88.78,71.13,85.18,113.67497544253744,94.24179583971542
2024-05-06 04:00:00+00:00,107.09,62.16,102.38,122.42022057705867,98.06203338000657
2024-05-06 05:00:00+00:00,130.26,55.08,117.95,122.47143854768942,98.77512403565244
2024-05-06 06:00:00+00:00,101.35,41.33,100.69,108.44938477726268,88.11785425617497
2024-05-06 07:00:00+00:00,89.0,26.12,75.17,88.77700128880831,72.79897368136326
2024-05-06 08:00:00+00:00,81.11,8.85,59.21,71.44345708355296,57.27715893386306
2024-05-06 09:00:00+00:00,76.23,0.44,36.46,61.45036995042829,47.588205950224726
2024-05-06 10:00:00+00:00,76.26,0.0,36.18,59.20770038860264,44.86557344676076
2024-05-06 11:00:00+00:00,74.71,-0.04,35.59,58.42432775372697,41.3966470967269
2024-05-06 12:00:00+00:00,74.89,-0.97,33.63,58.62450299525645,38.44318698214159
2024-05-06 13:00:00+00:00,81.11,-0.1,35.57,62.617272504790094,39.34798497720099
2024-05-06 14:00:00+00:00,81.62,0.0,47.68,70.20089585717945,43.835788299467076
2024-05-06 15:00:00+00:00,93.36,32.0,85.75,97.54524263527787,72.42384401486872
2024-05-06 16:00:00+00:00,108.37,86.5,104.73,134.80793390299573,114.96986611160855
2024-05-06 17:00:00+00:00,136.65,96.24,180.04,153.31843378795708,134.4492491867997
2024-05-06 18:00:00+00:00,143.99,111.92,204.57,163.66414290660225,149.70925420670554
2024-05-06 19:00:00+00:00,107.98,107.53,108.55,143.6901999281921,132.40872325086133
2024-05-06 20:00:00+00:00,94.58,98.74,87.29,129.59136119502202,120.3452830114094
2024-05-06 21:00:00+00:00,84.42,88.67,81.15,117.7383478769564,109.80454962640373
2024-05-06 22:00:00+00:00,81.73,82.86,73.76,103.90183472365453,94.84001435645186
2024-05-06 23:00:00+00:00,79.17,79.59,66.77,99.80436941713648,90.38828400375027
2024-05-07 00:00:00+00:00,77.23,80.41,70.41,100.97591795223356,91.14306598655187
2024-05-07 01:00:00+00:00,79.99,79.95,70.0,102.8702447651291,90.90377841948892
2024-05-07 02:00:00+00:00,80.08,81.69,70.0,107.17682343231363,92.20856954864522
2024-05-07 03:00:00+00:00,82.06,88.78,78.77,118.32497054055727,100.33959372470787
2024-05-07 04:00:00+00:00,98.84,107.09,94.95,139.959328524768,120.79988666880192
2024-05-07 05:00:00+00:00,121.7,130.26,101.95,155.68107110909557,140.04369913944578
2024-05-07 06:00:00+00:00,112.66,101.35,88.46,136.39198257171887,119.11849348885826
2024-05-07 07:00:00+00:00,91.75,89.0,77.0,121.58382047737949,106.78165690918856
2024-05-07 08:00:00+00:00,85.21,81.11,62.06,108.85782372283646,96.6710513044828
2024-05-07 09:00:00+00:00,81.08,76.23,47.1,98.5692069516599,88.68426032700208
2024-05-07 10:00:00+00:00,74.73,76.26,28.05,90.9805621654061,82.87540152062994
2024-05-07 11:00:00+00:00,70.43,74.71,11.3,83.94085577486854,76.29474331307638
2024-05-07 12:00:00+00:00,65.53,74.89,10.0,79.10572342515297,72.4596298065572
2024-05-07 13:00:00+00:00,74.05,81.11,19.14,80.94535015412839,74.61087503513488
2024-05-07 14:00:00+00:00,83.12,81.62,45.84,84.03767075618056,75.32993541627255
2024-05-07 15:00:00+00:00,90.82,93.36,66.95,99.1354219715185,88.61672219646492
2024-05-07 16:00:00+00:00,105.86,108.37,86.2,121.3530007844932,108.60535437578497
2024-05-07 17:00:00+00:00,133.85,136.65,122.01,147.7035568746686,134.79433864336107
2024-05-07 18:00:00+00:00,151.05,143.99,132.41,154.73572258912475,143.3669584028006
2024-05-07 19:00:00+00:00,122.04,107.98,88.37,126.32905300979036,113.31099515859216
2024-05-07 20:00:00+00:00,101.7,94.58,77.97,112.24947851700499,100.80384580313171
2024-05-07 21:00:00+00:00,88.22,84.42,75.69,101.4384086331985,90.55436542762752
2024-05-07 22:00:00+00:00,83.97,81.73,66.81,85.53935486438078,73.91334092837243
2024-05-07 23:00:00+00:00,80.84,79.17,55.09,81.72877780337043,69.52280931032107
2024-05-08 00:00:00+00:00,80.88,77.23,50.31,81.44678712798179,67.92525703990756
2024-05-08 01:00:00+00:00,82.47,79.99,43.99,85.06477739766638,69.48354819835183
2024-05-08 02:00:00+00:00,82.48,80.08,47.81,90.11302744849868,71.07872490523044
2024-05-08 03:00:00+00:00,89.59,82.06,44.69,98.21189913891975,75.3175239958052
2024-05-08 04:00:00+00:00,107.48,98.84,42.48,117.67729068676127,94.65729045963262
2024-05-08 05:00:00+00:00,118.96,121.7,28.08,130.83195151888813,113.54225874940092
2024-05-08 06:00:00+00:00,110.12,112.66,8.45,118.4188535912244,103.70670993577797
2024-05-08 07:00:00+00:00,92.41,91.75,0.01,97.11476233685546,86.64203368869708
2024-05-08 08:00:00+00:00,85.4,85.21,-0.97,85.3184015044955,80.50968640443267
2024-05-08 09:00:00+00:00,79.48,81.08,-40.05,73.3355426754331,71.54714955501504
2024-05-08 10:00:00+00:00,72.93,74.73,-91.9,60.063375328832166,58.90741231439534
2024-05-08 11:00:00+00:00,68.79,70.43,-120.0,52.11109824956041,50.09088835195801
2024-05-08 12:00:00+00:00,66.58,65.53,-120.07,47.320165388112656,44.32467593722743
2024-05-08 13:00:00+00:00,66.95,74.05,-79.98,57.63677009485106,53.64482443883909
2024-05-08 14:00:00+00:00,75.72,83.12,-30.01,70.9280855372048,64.36974587395571
2024-05-08 15:00:00+00:00,91.1,90.82,-1.14,86.1677866331888,75.16885542835982
2024-05-08 16:00:00+00:00,106.5,105.86,15.32,107.70991835991711,91.47159360899735
2024-05-08 17:00:00+00:00,127.54,133.85,50.4,135.97855092921097,118.4870381876853
2024-05-08 18:00:00+00:00,134.42,151.05,50.0,146.9555724665563,131.67919491384015
2024-05-08 19:00:00+00:00,114.65,122.04,34.01,124.27173612473493,107.22907982368076
2024-05-08 20:00:00+00:00,96.54,101.7,29.92,105.81907422495163,89.2598605248089
2024-05-08 21:00:00+00:00,87.96,88.22,22.0,92.7446196902983,76.03833701675602
2024-05-08 22:00:00+00:00,87.6,83.97,14.56,81.11650982762154,62.83964887089682
2024-05-08 23:00:00+00:00,88.06,80.84,10.94,77.90146931592268,58.58108794132335
2024-05-09 00:00:00+00:00,82.97,80.88,10.0,78.13519600014416,57.606950486533364
2024-05-09 01:00:00+00:00,82.95,82.47,7.8,80.23684660025691,57.98187058343714
2024-05-09 02:00:00+00:00,88.83,82.48,10.63,81.57974698596394,56.90556417286042
2024-05-09 03:00:00+00:00,90.39,89.59,32.06,89.65167134897405,63.38548117432217
2024-05-09 04:00:00+00:00,88.13,107.48,72.72,103.02412982886278,80.6197595535932
2024-05-09 05:00:00+00:00,80.65,118.96,78.28,103.5986093973709,91.9386639477305
2024-05-09 06:00:00+00:00,65.53,110.12,62.9,85.31738547108338,85.26939781596519
2024-05-09 07:00:00+00:00,23.34,92.41,31.45,59.68939307115409,69.90107116502838
2024-05-09 08:00:00+00:00,5.07,85.4,5.1,42.28619281039227,61.720753300552325
2024-05-09 09:00:00+00:00,-0.52,79.48,-0.08,33.659000095182634,56.401647651609444
2024-05-09 10:00:00+00:00,-0.88,72.93,-1.73,27.69148453462377,48.88417535300988
2024-05-09 11:00:00+00:00,-1.35,68.79,-4.19,23.542361738852307,41.984669459284255
2024-05-09 12:00:00+00:00,-2.03,66.58,-0.05,22.09816433184558,37.54859978145411
2024-05-09 13:00:00+00:00,-0.93,66.95,-1.39,25.171819849912808,36.53207121089243
2024-05-09 14:00:00+00:00,0.68,75.72,4.04,37.77947416834517,43.31146873931477
2024-05-09 15:00:00+00:00,64.48,91.1,55.16,65.10560215118903,62.813100548188025
2024-05-09 16:00:00+00:00,89.72,106.5,81.22,91.98802876803319,80.49208199469834
2024-05-09 17:00:00+00:00,107.85,127.54,87.96,116.42944816531983,99.91242703483594
2024-05-09 18:00:00+00:00,132.79,134.42,85.14,123.96165365276642,107.64051934555518
2024-05-09 19:00:00+00:00,123.67,114.65,82.31,110.73271600930954,93.33013289881896
2024-05-09 20:00:00+00:00,99.94,96.54,78.21,98.88542138110985,81.07765592540434
2024-05-09 21:00:00+00:00,87.75,87.96,71.02,88.56200287241587,71.62744782043202
2024-05-09 22:00:00+00:00,92.13,87.6,61.9,93.6095294871125,76.00977140666768
2024-05-09 23:00:00+00:00,84.93,88.06,59.14,92.98550938715341,75.5000071568424
2024-05-10 00:00:00+00:00,77.07,82.97,57.95,90.81211273860417,72.1237727088153
2024-05-10 01:00:00+00:00,74.48,82.95,58.5,92.46960837866278,72.43315546878127
2024-05-10 02:00:00+00:00,74.78,88.83,59.14,99.76698847155659,78.16080995210632
2024-05-10 03:00:00+00:00,90.45,90.39,69.17,107.05749926636,82.86572487311588
2024-05-10 04:00:00+00:00,115.2,88.13,83.76,114.58509078533947,89.76284455700761
2024-05-10 05:00:00+00:00,109.47,80.65,85.47,108.36663845405704,89.21301725618412
2024-05-10 06:00:00+00:00,95.6,65.53,92.31,90.41695545791171,81.01850053354599
2024-05-10 07:00:00+00:00,67.39,23.34,88.25,54.67967714770737,51.58627854177136
2024-05-10 08:00:00+00:00,20.84,5.07,77.95,34.57319514058857,38.23826684323523
2024-05-10 09:00:00+00:00,2.87,-0.52,72.58,26.248291022078078,33.00146982584782
2024-05-10 10:00:00+00:00,0.52,-0.88,64.11,24.36979835044842,30.160507414147133
2024-05-10 11:00:00+00:00,0.02,-1.35,59.33,24.367070234291887,27.123452159555313
2024-05-10 12:00:00+00:00,0.02,-2.03,60.05,26.926645974073367,26.079144510445914
2024-05-10 13:00:00+00:00,20.42,-0.93,64.69,33.025118333708335,27.289685331617434
2024-05-10 14:00:00+00:00,65.46,0.68,72.29,43.76920321861861,31.03713756399158
2024-05-10 15:00:00+00:00,85.88,64.48,79.55,89.15025591098845,76.75855400465178
2024-05-10 16:00:00+00:00,105.91,89.72,88.89,116.40461191982601,96.85009473365228
2024-05-10 17:00:00+00:00,136.26,107.85,105.49,137.7398708662659,113.34041614034759
2024-05-10 18:00:00+00:00,170.72,132.79,119.94,154.36545657207975,132.8062055728307
2024-05-10 19:00:00+00:00,136.31,123.67,107.95,142.7385903258288,123.1936562356691
2024-05-10 20:00:00+00:00,104.87,99.94,93.46,121.85800144236813,102.56454899259259
2024-05-10 21:00:00+00:00,92.16,87.75,85.56,109.01253497006964,90.68626309602608
2024-05-10 22:00:00+00:00,96.76,92.13,90.8,108.79278108908458,92.43828122357658
2024-05-10 23:00:00+00:00,94.18,84.93,87.79,101.73194040668241,84.54508203326257
2024-05-11 00:00:00+00:00,90.03,77.07,86.26,95.1026798878623,75.8914221368146
2024-05-11 01:00:00+00:00,89.09,74.48,87.72,92.95432781744552,71.50001605944738
2024-05-11 02:00:00+00:00,89.91,74.78,90.64,92.76660877230178,69.02471950262972
2024-05-11 03:00:00+00:00,90.7,90.45,98.34,101.6968022286801,77.21180177157862
2024-05-11 04:00:00+00:00,86.72,115.2,94.19,111.71093358757783,90.29743853258843
2024-05-11 05:00:00+00:00,79.84,109.47,90.02,101.76976192207202,84.69483018758073
2024-05-11 06:00:00+00:00,56.47,95.6,78.48,82.43936240740214,72.86280837853772
2024-05-11 07:00:00+00:00,6.8,67.39,62.38,50.81402648411196,47.9881029287759
2024-05-11 08:00:00+00:00,0.0,20.84,41.17,11.765117852531276,11.864707321503914
2024-05-11 09:00:00+00:00,-10.47,2.87,31.18,-6.791617499819608,-2.6490361493000876
2024-05-11 10:00:00+00:00,-21.21,0.52,24.93,-12.884290167841826,-5.781517733899548
2024-05-11 11:00:00+00:00,-21.99,0.02,14.53,-15.77112239800688,-8.597873622679828
2024-05-11 12:00:00+00:00,-24.23,0.02,13.34,-13.6533342876957,-8.83946943440948
2024-05-11 13:00:00+00:00,-11.46,20.42,26.03,3.7252070835023403,7.1159786095402495
2024-05-11 14:00:00+00:00,-0.41,65.46,63.62,39.39335137634883,42.93302643676693
2024-05-11 15:00:00+00:00,32.77,85.88,79.36,68.242585006839,67.54942791583285
2024-05-11 16:00:00+00:00,81.83,105.91,98.01,98.58288233182064,89.98068135544773
2024-05-11 17:00:00+00:00,101.68,136.26,121.92,130.6433564683509,118.77619107760815
2024-05-11 18:00:00+00:00,122.5,170.72,135.4,153.64833656783318,148.05339893423496
2024-05-11 19:00:00+00:00,103.48,136.31,113.56,128.5449661470812,123.9907586005869
2024-05-11 20:00:00+00:00,86.26,104.87,90.26,103.05980433334449,99.07163866352266
2024-05-11 21:00:00+00:00,68.37,92.16,83.6,90.40770259247489,87.74267148225346
2024-05-11 22:00:00+00:00,65.49,96.76,90.58,95.39367669154335,97.61147887662383
2024-05-11 23:00:00+00:00,54.5,94.18,84.82,91.28339933080348,92.37236202163267
2024-05-12 00:00:00+00:00,44.52,90.03,83.52,87.05913832264925,85.98599424685796
2024-05-12 01:00:00+00:00,41.22,89.09,80.49,85.0148703173836,81.58042949042004
2024-05-12 02:00:00+00:00,46.33,89.91,74.74,83.880281802832,77.842770190989
2024-05-12 03:00:00+00:00,43.5,90.7,71.13,84.02272516963282,75.86620960514418
2024-05-12 04:00:00+00:00,17.61,86.72,62.16,77.41996895869754,70.88084123578686
2024-05-12 05:00:00+00:00,4.79,79.84,55.08,64.38501930406903,64.15876048019456
2024-05-12 06:00:00+00:00,2.35,56.47,41.33,38.98232877290206,46.06907345721176
2024-05-12 07:00:00+00:00,-2.8,6.8,26.12,-1.2167420447733548,9.705619139182062
2024-05-12 08:00:00+00:00,-25.0,0.0,8.85,-21.79086752618747,-1.164614365520464
2024-05-12 09:00:00+00:00,-69.64,-10.47,0.44,-34.18909763555094,-10.227499673875755
2024-05-12 10:00:00+00:00,-100.06,-21.21,0.0,-41.164192959776344,-18.128431118894923
2024-05-12 11:00:00+00:00,-135.45,-21.99,-0.04,-40.09886685661401,-18.939726251533926
2024-05-12 12:00:00+00:00,-132.85,-24.23,-0.97,-37.927673777582,-20.223241465330787
2024-05-12 13:00:00+00:00,-85.08,-11.46,-0.1,-22.67212850603069,-7.568636628941846
2024-05-12 14:00:00+00:00,-30.0,-0.41,0.0,-6.291273638095902,6.730895388279805
2024-05-12 15:00:00+00:00,-1.33,32.77,32.0,27.988022663432304,39.44093918957847
2024-05-12 16:00:00+00:00,22.5,81.83,86.5,76.62527601607192,86.02026829500656
2024-05-12 17:00:00+00:00,67.94,101.68,96.24,102.36877931379958,107.4779084667023
2024-05-12 18:00:00+00:00,75.74,122.5,111.92,116.96085531002649,129.271495970255
2024-05-12 19:00:00+00:00,58.26,103.48,107.53,96.82702487204752,115.26703673785767
2024-05-12 20:00:00+00:00,44.6,86.26,98.74,79.57287839951009,101.50446535321257
2024-05-12 21:00:00+00:00,35.61,68.37,88.67,63.207214748970664,86.06291836716966
2024-05-12 22:00:00+00:00,26.84,65.49,82.86,70.04411707139774,93.07242860042132
2024-05-12 23:00:00+00:00,25.88,54.5,79.59,62.78512735882842,84.0860595336402
2024-05-13 00:00:00+00:00,25.71,44.52,80.41,59.1002707386307,77.57767154623917
2024-05-13 01:00:00+00:00,24.7,41.22,79.95,60.11672278088337,75.57085422786517
2024-05-13 02:00:00+00:00,27.0,46.33,81.69,68.1302505592335,80.70566143656174
2024-05-13 03:00:00+00:00,39.68,43.5,88.78,75.09139202143311,82.7702207991606
2024-05-13 04:00:00+00:00,79.97,17.61,107.09,73.584787336044,74.6588864936364
2024-05-13 05:00:00+00:00,106.6,4.79,130.26,72.6522265365995,74.05617599634343
2024-05-13 06:00:00+00:00,78.47,2.35,101.35,62.1691627619551,68.57259462893578
2024-05-13 07:00:00+00:00,43.51,-2.8,89.0,44.76126411946551,57.93831747036852
2024-05-13 08:00:00+00:00,10.38,-25.0,81.11,19.995848047935496,40.30534959088862
2024-05-13 09:00:00+00:00,-0.97,-69.64,76.23,-10.425501333838255,9.579117744556086
2024-05-13 10:00:00+00:00,-2.69,-100.06,76.26,-29.072202923636226,-10.857621476802237
2024-05-13 11:00:00+00:00,-2.27,-135.45,74.71,-46.40717276242982,-33.933700945798236
2024-05-13 12:00:00+00:00,-2.46,-132.85,74.89,-40.652574652277295,-31.5762649494214
2024-05-13 13:00:00+00:00,-0.73,-85.08,81.11,-9.205402449648645,1.7622413512071518
2024-05-13 14:00:00+00:00,0.07,-30.0,81.62,25.764363968903623,37.74458299638528
2024-05-13 15:00:00+00:00,55.01,-1.33,93.36,54.89502941899478,62.05389698905168
2024-05-13 16:00:00+00:00,83.12,22.5,108.37,84.17332750105422,85.15723116182905
2024-05-13 17:00:00+00:00,146.18,67.94,136.65,120.92444104354902,121.57100162545515
2024-05-13 18:00:00+00:00,139.0,75.74,143.99,123.09954006688386,128.14973598247337
2024-05-13 19:00:00+00:00,88.7,58.26,107.98,100.42912924390349,110.53997195968924
2024-05-13 20:00:00+00:00,69.55,44.6,94.58,82.21078088192922,96.71298072114062
2024-05-13 21:00:00+00:00,52.7,35.61,84.42,68.85021819903676,85.67768433178297
2024-05-13 22:00:00+00:00,48.58,26.84,81.73,54.439083714802535,69.89246239337665
2024-05-13 23:00:00+00:00,43.43,25.88,79.17,51.615699098157556,66.57754296822466
2024-05-14 00:00:00+00:00,35.35,25.71,77.23,52.13977048992102,65.56008525726368
2024-05-14 01:00:00+00:00,34.08,24.7,79.99,53.37277412524751,65.00653652868078
2024-05-14 02:00:00+00:00,28.89,27.0,80.08,57.70327418222605,67.82904861878735
2024-05-14 03:00:00+00:00,52.35,39.68,82.06,69.24171716079171,78.66030489695339
2024-05-14 04:00:00+00:00,71.88,79.97,98.84,96.07184730647316,111.08507447150905
2024-05-14 05:00:00+00:00,77.33,106.6,121.7,111.74488360210242,135.46639279039073
2024-05-14 06:00:00+00:00,51.5,78.47,112.66,90.19290777286209,116.8206392340515
2024-05-14 07:00:00+00:00,5.64,43.51,91.75,55.53499324040647,88.99340045095066
2024-05-14 08:00:00+00:00,-2.33,10.38,85.21,22.375100567938105,62.06582590109451
2024-05-14 09:00:00+00:00,-11.12,-0.97,81.08,2.002828936447301,48.201385067337895
2024-05-14 10:00:00+00:00,-36.33,-2.69,74.73,-7.038355942040383,40.83323871674528
2024-05-14 11:00:00+00:00,-42.95,-2.27,70.43,-15.30853752976823,32.90603607033792
2024-05-14 12:00:00+00:00,-39.66,-2.46,65.53,-19.16422669773307,27.851218065727764
2024-05-14 13:00:00+00:00,-19.86,-0.73,74.05,-13.482403609919672,31.262961500496317
2024-05-14 14:00:00+00:00,-2.93,0.07,83.12,-5.805308958445764,35.86203072354508
2024-05-14 15:00:00+00:00,-0.04,55.01,90.82,35.1741845404503,76.00924720659904
2024-05-14 16:00:00+00:00,43.74,83.12,105.86,67.97844092002339,99.99229129387733
2024-05-14 17:00:00+00:00,83.9,146.18,133.85,121.04760081359105,151.2741851888529
2024-05-14 18:00:00+00:00,93.47,139.0,151.05,120.89580144199968,149.10998402903874
2024-05-14 19:00:00+00:00,76.41,88.7,122.04,85.62135190986436,111.37858831531213
2024-05-14 20:00:00+00:00,45.35,69.55,101.7,66.20695657944933,93.42227826815551
2024-05-14 21:00:00+00:00,27.71,52.7,88.22,50.80550258546138,77.73038759960005
2024-05-14 22:00:00+00:00,30.56,48.58,83.97,36.2038833854895,60.51367073894796
2024-05-14 23:00:00+00:00,32.34,43.43,80.84,32.228796473730156,55.26629051753609
2024-05-15 00:00:00+00:00,39.38,35.35,80.88,28.87273984645627,49.58009975550518
2024-05-15 01:00:00+00:00,41.8,34.08,82.47,30.15040320723655,48.73375586378123
2024-05-15 02:00:00+00:00,37.96,28.89,82.48,31.796782971131123,46.82745799273139
2024-05-15 03:00:00+00:00,52.87,52.35,89.59,51.985121019020966,67.55778020465462
2024-05-15 04:00:00+00:00,85.01,71.88,107.48,72.73186768105126,91.9592540314755
2024-05-15 05:00:00+00:00,88.16,77.33,118.96,79.84788106420066,103.729427769098
2024-05-15 06:00:00+00:00,84.45,51.5,110.12,60.46469124595331,84.16440728394224
2024-05-15 07:00:00+00:00,48.42,5.64,92.41,22.984807283810127,48.43488516446312
2024-05-15 08:00:00+00:00,7.36,-2.33,85.4,2.310446469167701,38.31050113179152
2024-05-15 09:00:00+00:00,-0.08,-11.12,79.48,-12.61314920413868,30.406795619535472
2024-05-15 10:00:00+00:00,-9.95,-36.33,72.93,-30.493451048449813,12.446894824334208
2024-05-15 11:00:00+00:00,-11.18,-42.95,68.79,-34.02712772581741,5.7422924478395885
2024-05-15 12:00:00+00:00,-9.91,-39.66,66.58,-30.55130218361687,5.670340034063358
2024-05-15 13:00:00+00:00,-0.09,-19.86,66.95,-16.635009650830725,17.84169982100613
2024-05-15 14:00:00+00:00,1.73,-2.93,75.72,-2.559958086202542,29.189610513805363
2024-05-15 15:00:00+00:00,30.33,-0.04,91.1,15.145014347026105,39.261086634180266
2024-05-15 16:00:00+00:00,73.66,43.74,106.5,54.03826462561548,74.17205631950702
2024-05-15 17:00:00+00:00,101.24,83.9,127.54,88.55559254048399,108.77243972646922
2024-05-15 18:00:00+00:00,110.2,93.47,134.42,92.82265988631347,114.01114731716807
2024-05-15 19:00:00+00:00,83.8,76.41,114.65,73.53024944311157,95.1674082293995
2024-05-15 20:00:00+00:00,63.64,45.35,96.54,47.71132379496816,68.96499143698742
2024-05-15 21:00:00+00:00,48.67,27.71,87.96,31.0349812288748,52.32259493647762
2024-05-15 22:00:00+00:00,51.14,30.56,87.6,29.534975620001106,48.63980454891925
2024-05-15 23:00:00+00:00,47.76,32.34,88.06,28.76308268917846,48.37094652928691
2024-05-16 00:00:00+00:00,39.62,39.38,82.97,31.891137086051927,51.572148114351045
2024-05-16 01:00:00+00:00,49.49,41.8,82.95,35.022852441719735,53.37085720770396
2024-05-16 02:00:00+00:00,44.44,37.96,88.83,36.40456774171653,51.60503549342844
2024-05-16 03:00:00+00:00,57.5,52.87,90.39,48.98364271859503,64.68044334443512
2024-05-16 04:00:00+00:00,81.35,85.01,88.13,74.1817589400634,94.21940266395856
2024-05-16 05:00:00+00:00,95.81,88.16,80.65,77.06303843187266,100.61843288234147
2024-05-16 06:00:00+00:00,82.98,84.45,65.53,66.14404960116488,94.83090477377061
2024-05-16 07:00:00+00:00,53.1,48.42,23.34,29.26724944639166,60.94335113606595
2024-05-16 08:00:00+00:00,11.5,7.36,5.07,-5.831409155769947,30.26209641811397
2024-05-16 09:00:00+00:00,0.08,-0.08,-0.52,-18.590995727556688,23.133117021589115
2024-05-16 10:00:00+00:00,-0.02,-9.95,-0.88,-28.800094336678725,13.155459077625423
2024-05-16 11:00:00+00:00,-0.71,-11.18,-1.35,-31.703225774672447,8.9552410323859
2024-05-16 12:00:00+00:00,-0.16,-9.91,-2.03,-29.949956664869475,6.943648028016796
2024-05-16 13:00:00+00:00,0.01,-0.09,-0.93,-19.909941436400956,13.471610868286035
2024-05-16 14:00:00+00:00,10.0,1.73,0.68,-11.276949041409111,14.853784816952711
2024-05-16 15:00:00+00:00,44.95,30.33,64.48,21.045445894591566,42.62984481763289
2024-05-16 16:00:00+00:00,74.96,73.66,89.72,62.23607286440977,80.6740558628693
2024-05-16 17:00:00+00:00,96.06,101.24,107.85,90.13306978043343,106.19755352296677
2024-05-16 18:00:00+00:00,109.91,110.2,132.79,99.86518485917324,115.46775871376107
2024-05-16 19:00:00+00:00,87.89,83.8,123.67,81.90213450074505,95.00334507911255
2024-05-16 20:00:00+00:00,82.57,63.64,99.94,62.45998049778912,74.35586145958709
2024-05-16 21:00:00+00:00,69.18,48.67,87.75,47.03755378027999,58.94620401619784
2024-05-16 22:00:00+00:00,69.52,51.14,92.13,57.283817754532414,65.5221289652991
2024-05-16 23:00:00+00:00,63.2,47.76,84.93,51.85967107783014,61.39440118386424
2024-05-17 00:00:00+00:00,63.22,39.62,77.07,45.61001987042331,55.02722398555967
2024-05-17 01:00:00+00:00,62.48,49.49,74.48,50.61040067647676,61.08483653916208
2024-05-17 02:00:00+00:00,64.39,44.44,74.78,50.87571118629967,58.66983826153296
2024-05-17 03:00:00+00:00,63.24,57.5,90.45,64.15375369756012,72.24162351630257
2024-05-17 04:00:00+00:00,83.73,81.35,115.2,87.90563879009268,99.13861193024002
2024-05-17 05:00:00+00:00,99.94,95.81,109.47,99.18453258461213,112.962042015681
2024-05-17 06:00:00+00:00,94.71,82.98,95.6,88.96856438310789,103.35373622244826
2024-05-17 07:00:00+00:00,73.9,53.1,67.39,62.85215536753791,76.68085446527218
2024-05-17 08:00:00+00:00,64.46,11.5,20.84,27.543609226037248,39.26853778158934
2024-05-17 09:00:00+00:00,57.41,0.08,2.87,13.073283796573847,27.71140255821588
2024-05-17 10:00:00+00:00,38.11,-0.02,0.52,7.643166704745951,24.90534774378949
2024-05-17 11:00:00+00:00,28.24,-0.71,0.02,2.9241836928922424,21.395060773759354
2024-05-17 12:00:00+00:00,31.6,-0.16,0.02,0.6934842277173487,19.004940402143802
2024-05-17 13:00:00+00:00,37.5,0.01,20.42,4.532286017464017,21.047198672606882
2024-05-17 14:00:00+00:00,52.09,10.0,65.46,17.74343350688936,32.43907859353088
2024-05-17 15:00:00+00:00,70.54,44.95,85.88,46.36199050891535,61.80233938290755
2024-05-17 16:00:00+00:00,69.88,74.96,105.91,75.6771378302078,89.77352857370792
2024-05-17 17:00:00+00:00,94.95,96.06,136.26,97.36752422167633,109.8893402102838
2024-05-17 18:00:00+00:00,107.94,109.91,170.72,109.81603362966563,123.03670676512203
2024-05-17 19:00:00+00:00,95.22,87.89,136.31,91.12798869067018,101.98597297241547
2024-05-17 20:00:00+00:00,89.39,82.57,104.87,80.66694916063047,92.2356820735009
2024-05-17 21:00:00+00:00,80.65,69.18,92.16,66.59875891717755,77.37281650876507
2024-05-17 22:00:00+00:00,67.55,69.52,96.76,63.62288315407653,72.43106088730948
2024-05-17 23:00:00+00:00,63.61,63.2,94.18,58.63414732488177,64.96788440821
2024-05-18 00:00:00+00:00,63.82,63.22,90.03,57.327143168438575,60.71313424225379
2024-05-18 01:00:00+00:00,65.18,62.48,89.09,57.601858016071695,57.72352861852977
2024-05-18 02:00:00+00:00,69.01,64.39,89.91,59.15866478451046,55.3002404542238
2024-05-18 03:00:00+00:00,72.51,63.24,90.7,60.736424329990086,52.743409598346254
2024-05-18 04:00:00+00:00,71.86,83.73,86.72,71.34038605051978,65.02134507188237
2024-05-18 05:00:00+00:00,70.39,99.94,79.84,78.44667204181935,75.52000202150434
2024-05-18 06:00:00+00:00,63.86,94.71,56.47,68.33263634010244,68.62586128483379
2024-05-18 07:00:00+00:00,47.36,73.9,6.8,43.53074694451349,46.62548379952342
2024-05-18 08:00:00+00:00,9.43,64.46,0.0,27.596485928205908,34.67229019302093
2024-05-18 09:00:00+00:00,0.71,57.41,-10.47,15.948756860141145,26.27082813955343
2024-05-18 10:00:00+00:00,-0.02,38.11,-21.21,1.2701655005800916,11.399760177313013
2024-05-18 11:00:00+00:00,-1.3,28.24,-21.99,-6.890105252599469,2.7764437183792836
2024-05-18 12:00:00+00:00,-2.79,31.6,-24.23,-5.6637452866899025,4.10044174172738
2024-05-18 13:00:00+00:00,-1.92,37.5,-11.46,1.335083095002787,9.744624344525334
2024-05-18 14:00:00+00:00,-0.04,52.09,-0.41,17.219995257585524,22.52800663102134
2024-05-18 15:00:00+00:00,50.66,70.54,32.77,46.07425493379052,45.99731681431491
2024-05-18 16:00:00+00:00,81.91,69.88,81.83,68.67156707174328,59.173066730463816
2024-05-18 17:00:00+00:00,109.94,94.95,101.68,96.01755836391037,83.26653957812898
2024-05-18 18:00:00+00:00,131.66,107.94,122.5,110.4997586335138,97.70115608832481
2024-05-18 19:00:00+00:00,122.78,95.22,103.48,100.82807871288527,87.00547423173953
2024-05-18 20:00:00+00:00,96.52,89.39,86.26,91.17016571170932,79.67408488887634
2024-05-18 21:00:00+00:00,86.6,80.65,68.37,80.44313256892357,69.22954106282899
2024-05-18 22:00:00+00:00,90.69,67.55,65.49,77.75935413455625,65.89590837261724
2024-05-18 23:00:00+00:00,89.06,63.61,54.5,71.010771814491,58.715629686868624
2024-05-19 00:00:00+00:00,88.66,63.82,44.52,67.16440426488704,54.671772124640654
2024-05-19 01:00:00+00:00,86.91,65.18,41.22,64.92597961476386,51.25285884067192
2024-05-19 02:00:00+00:00,86.13,69.01,46.33,64.65460217295548,49.67270369436459
2024-05-19 03:00:00+00:00,80.56,72.51,43.5,64.8520416219435,47.624522585133654
2024-05-19 04:00:00+00:00,75.57,71.86,17.61,58.78391632227337,42.11210705761879
2024-05-19 05:00:00+00:00,70.24,70.39,4.79,51.58007099829996,39.724210335484564
2024-05-19 06:00:00+00:00,46.96,63.86,2.35,40.3599164372088,34.92392403880561
2024-05-19 07:00:00+00:00,5.6,47.36,-2.8,22.882362550594294,22.89336122710405
2024-05-19 08:00:00+00:00,-0.03,9.43,-25.0,-3.8104052776762813,-4.3000214246476105
2024-05-19 09:00:00+00:00,-0.18,0.71,-69.64,-14.941687311466936,-15.260166046906022
2024-05-19 10:00:00+00:00,-2.06,-0.02,-100.06,-22.030036924623616,-22.171666101911114
2024-05-19 11:00:00+00:00,-7.41,-1.3,-135.45,-28.269637116642556,-28.849653726477797
2024-05-19 12:00:00+00:00,-15.13,-2.79,-132.85,-27.644567983376405,-28.618816988584356
2024-05-19 13:00:00+00:00,-10.0,-1.92,-85.08,-18.989987723582047,-20.026905331437007
2024-05-19 14:00:00+00:00,-3.79,-0.04,-30.0,-3.778195924596929,-7.279206327053117
2024-05-19 15:00:00+00:00,-0.06,50.66,-1.33,38.255134898203956,36.52683538544102
2024-05-19 16:00:00+00:00,64.17,81.91,22.5,72.30788786123335,66.31209101999198
2024-05-19 17:00:00+00:00,89.59,109.94,67.94,105.81043324663516,96.7630874449921
2024-05-19 18:00:00+00:00,113.66,131.66,75.74,125.68427582699613,116.83009439235838
2024-05-19 19:00:00+00:00,122.86,122.78,58.26,121.36111168084992,111.40933054441177
2024-05-19 20:00:00+00:00,101.93,96.52,44.6,106.03849498714351,94.40622321619068
2024-05-19 21:00:00+00:00,86.14,86.6,35.61,95.6889018735779,84.5737137766366
2024-05-19 22:00:00+00:00,91.09,90.69,26.84,100.74071987272566,92.07961561766473
2024-05-19 23:00:00+00:00,82.64,89.06,25.88,99.27437975894205,89.99929756005034
2024-05-20 00:00:00+00:00,86.73,88.66,25.71,99.95431397125287,89.45941332086389
2024-05-20 01:00:00+00:00,86.09,86.91,24.7,100.36918922440456,87.41770313384839
2024-05-20 02:00:00+00:00,88.21,86.13,27.0,102.88737948411558,86.933767065684
2024-05-20 03:00:00+00:00,91.46,80.56,39.68,104.29230828389825,84.46191609246114
2024-05-20 04:00:00+00:00,104.72,75.57,79.97,105.90528070017854,85.9118461506305
2024-05-20 05:00:00+00:00,105.69,70.24,106.6,100.98547148506402,87.03846458569706
2024-05-20 06:00:00+00:00,72.24,46.96,78.47,76.4596001007748,69.09618328743181
2024-05-20 07:00:00+00:00,32.8,5.6,43.51,41.62746245640654,38.3537765525922
2024-05-20 08:00:00+00:00,12.41,-0.03,10.38,24.322420825254213,27.958439993046255
2024-05-20 09:00:00+00:00,6.06,-0.18,-0.97,17.566901248619516,25.729107050786325
2024-05-20 10:00:00+00:00,2.41,-2.06,-2.69,11.088048874024238,22.009635543869194
2024-05-20 11:00:00+00:00,0.0,-7.41,-2.27,4.028096130526464,14.713609346363754
2024-05-20 12:00:00+00:00,-0.33,-15.13,-2.46,-0.3301247392039528,7.289395513489055
2024-05-20 13:00:00+00:00,-0.07,-10.0,-0.73,5.062644332734195,10.093110011104315
2024-05-20 14:00:00+00:00,0.89,-3.79,0.07,16.052774148408545,15.238352979245818
2024-05-20 15:00:00+00:00,64.17,-0.06,55.01,40.74841451495963,32.11657142439381
2024-05-20 16:00:00+00:00,85.94,64.17,83.12,92.17557415837784,82.8677772602347
2024-05-20 17:00:00+00:00,113.63,89.59,146.18,124.06639050615917,111.06812917862284
2024-05-20 18:00:00+00:00,135.9,113.66,139.0,139.52472527654268,128.99452364712937
2024-05-20 19:00:00+00:00,120.33,122.86,88.7,134.60148617334156,129.56191331950265
2024-05-20 20:00:00+00:00,96.63,101.93,69.55,116.87107580786565,113.90332095553622
2024-05-20 21:00:00+00:00,79.86,86.14,52.7,99.48388740154896,98.98493501887712
2024-05-20 22:00:00+00:00,81.46,91.09,48.58,88.75562844497834,93.8319936292929
2024-05-20 23:00:00+00:00,76.4,82.64,43.43,81.68023243038897,86.93132515326457
2024-05-21 00:00:00+00:00,76.21,86.73,35.35,82.51720976322213,88.62339344005781
2024-05-21 01:00:00+00:00,77.92,86.09,34.08,83.189345818261,87.97217259852769
2024-05-21 02:00:00+00:00,74.93,88.21,28.89,86.89164060408967,89.67788298531873
2024-05-21 03:00:00+00:00,79.58,91.46,52.35,96.7294563175791,96.87382888257888
2024-05-21 04:00:00+00:00,112.26,104.72,71.88,113.95341873979407,114.70326191579235
2024-05-21 05:00:00+00:00,122.98,105.69,77.33,117.3806065050808,120.72379975271687
2024-05-21 06:00:00+00:00,97.35,72.24,51.5,92.31351141609088,94.58322514192298
2024-05-21 07:00:00+00:00,81.86,32.8,5.64,55.28059799325855,58.2825505266064
2024-05-21 08:00:00+00:00,66.98,12.41,-2.33,33.45295741094246,42.370738395626724
2024-05-21 09:00:00+00:00,54.42,6.06,-11.12,22.947573712641955,36.49773723143215
2024-05-21 10:00:00+00:00,28.47,2.41,-36.33,14.432266268756578,29.308734211020464
2024-05-21 11:00:00+00:00,31.34,0.0,-42.95,12.30133368773825,24.187855906145984
2024-05-21 12:00:00+00:00,54.09,-0.33,-39.66,13.27582884305211,20.831477671805942
2024-05-21 13:00:00+00:00,69.65,-0.07,-19.86,18.02084286777081,22.273403574348862
2024-05-21 14:00:00+00:00,79.61,0.89,-2.93,23.33615250524697,24.53024604050991
2024-05-21 15:00:00+00:00,87.98,64.17,-0.04,60.359622152892285,67.38463587472071
2024-05-21 16:00:00+00:00,103.44,85.94,43.74,86.65337544777451,95.58673295171944
2024-05-21 17:00:00+00:00,126.98,113.63,83.9,109.82989786156578,122.69379518014082
2024-05-21 18:00:00+00:00,99.07,135.9,93.47,120.29311242986563,140.0659810787211
2024-05-21 19:00:00+00:00,83.58,120.33,76.41,105.13713456571051,127.84694240797091
2024-05-21 20:00:00+00:00,83.05,96.63,45.35,82.55376540843872,105.02918443247219
2024-05-21 21:00:00+00:00,65.91,79.86,27.71,65.22959695214558,87.79093552227097
2024-05-21 22:00:00+00:00,70.03,81.46,30.56,54.335045902348334,77.23685887796535
2024-05-21 23:00:00+00:00,66.4,76.4,32.34,49.56268680542805,72.24325683546651
2024-05-22 00:00:00+00:00,64.9,76.21,39.38,50.95121780883668,73.15142415901002
2024-05-22 01:00:00+00:00,54.12,77.92,41.8,54.445310588446546,74.69732300381565
2024-05-22 02:00:00+00:00,62.66,74.93,37.96,57.74023942160051,73.59789411612813
2024-05-22 03:00:00+00:00,70.2,79.58,52.87,70.13016675562119,81.6110596964462
2024-05-22 04:00:00+00:00,98.14,112.26,85.01,102.30738993989738,115.07067125651206
2024-05-22 05:00:00+00:00,103.12,122.98,88.16,114.00129548447799,127.25502598929734
2024-05-22 06:00:00+00:00,94.98,97.35,84.45,98.89017119188141,108.26439769273789
2024-05-22 07:00:00+00:00,81.21,81.86,48.42,80.35369046647585,89.19659036049421
2024-05-22 08:00:00+00:00,70.0,66.98,7.36,62.339438961534135,71.29258847539526
2024-05-22 09:00:00+00:00,69.78,54.42,-0.08,51.61750587469964,60.30025073530196
2024-05-22 10:00:00+00:00,65.65,28.47,-9.95,34.680747775907676,39.60525745960819
2024-05-22 11:00:00+00:00,56.91,31.34,-11.18,33.226543793655125,38.32509158073642
2024-05-22 12:00:00+00:00,56.14,54.09,-9.91,42.78591816408055,49.91260709482493
2024-05-22 13:00:00+00:00,67.17,69.65,-0.09,52.255500370423064,58.55256314492497
2024-05-22 14:00:00+00:00,77.61,79.61,1.73,59.530094701379554,62.46466844876458
2024-05-22 15:00:00+00:00,92.45,87.98,30.33,79.44007832579298,78.04202030772873
2024-05-22 16:00:00+00:00,99.98,103.44,73.66,107.04099318841727,98.44642007714775
2024-05-22 17:00:00+00:00,147.02,126.98,101.24,134.38377042365218,121.72093816704991
2024-05-22 18:00:00+00:00,154.88,99.07,110.2,124.8740836724738,105.82205276603545
2024-05-22 19:00:00+00:00,135.99,83.58,83.8,109.95088806865762,90.26618490121662
2024-05-22 20:00:00+00:00,107.71,83.05,63.64,99.78189974030785,83.49263243717145
2024-05-22 21:00:00+00:00,93.22,65.91,48.67,81.73602114219284,66.37741104202199
2024-05-22 22:00:00+00:00,79.27,70.03,51.14,69.65717037753497,60.389925748659806
2024-05-22 23:00:00+00:00,78.45,66.4,47.76,64.09718280614914,56.370501072897305
2024-05-23 00:00:00+00:00,74.93,64.9,39.62,61.69159088652553,54.42510905937239
2024-05-23 01:00:00+00:00,76.68,54.12,49.49,59.55810217691376,49.345061134196385
2024-05-23 02:00:00+00:00,78.65,62.66,44.44,67.22234508246615,55.28317909409344
2024-05-23 03:00:00+00:00,84.8,70.2,57.5,79.30238603163782,64.887444663251
2024-05-23 04:00:00+00:00,107.98,98.14,81.35,105.19532381480911,95.25310518149192
2024-05-23 05:00:00+00:00,118.0,103.12,95.81,110.81416967395313,105.98507265825063
2024-05-23 06:00:00+00:00,97.84,94.98,82.98,97.06126162323659,98.25403737196318
2024-05-23 07:00:00+00:00,75.65,81.21,53.1,74.74283020045256,83.45446841590511
2024-05-23 08:00:00+00:00,74.89,70.0,11.5,54.56364208932053,68.7350064486919
2024-05-23 09:00:00+00:00,64.1,69.78,0.08,47.46564653945528,64.95094739972849
2024-05-23 10:00:00+00:00,52.5,65.65,-0.02,40.01692282565437,57.201275060625534
2024-05-23 11:00:00+00:00,45.31,56.91,-0.71,34.159962731627544,48.91604357158619
2024-05-23 12:00:00+00:00,56.98,56.14,-0.16,35.478610516036504,47.9037242271729
2024-05-23 13:00:00+00:00,71.4,67.17,0.01,46.410681719252295,55.249148239587335
2024-05-23 14:00:00+00:00,83.77,77.61,10.0,60.46760838161004,63.15548736808986
2024-05-23 15:00:00+00:00,96.64,92.45,44.95,84.86280556805247,79.3197004549099
2024-05-23 16:00:00+00:00,111.49,99.98,74.96,107.48252999434531,92.22621606329344
2024-05-23 17:00:00+00:00,156.28,147.02,96.06,146.02558327945854,129.80356997310471
2024-05-23 18:00:00+00:00,180.06,154.88,109.91,154.8553934256046,134.7707457533724
2024-05-23 19:00:00+00:00,155.98,135.99,87.89,140.55271551619848,118.06748111277457
2024-05-23 20:00:00+00:00,126.15,107.71,82.57,120.65296222013308,97.06690990141283
2024-05-23 21:00:00+00:00,105.03,93.22,69.18,104.837801604292,81.56315911131779
2024-05-23 22:00:00+00:00,103.17,79.27,69.52,100.86279004202966,77.35184207188911
2024-05-23 23:00:00+00:00,94.12,78.45,63.2,98.06575724442173,74.97921999070365
2024-05-24 00:00:00+00:00,89.79,74.93,63.22,96.28108675485059,72.31232564853529
2024-05-24 01:00:00+00:00,88.22,76.68,62.48,97.71327693338755,72.29771546756734
2024-05-24 02:00:00+00:00,91.8,78.65,64.39,101.24982836149371,74.23575817102012
2024-05-24 03:00:00+00:00,103.23,84.8,63.24,107.11920828330459,78.86152185325906
2024-05-24 04:00:00+00:00,123.84,107.98,83.73,129.02257473163132,104.8165045732774
2024-05-24 05:00:00+00:00,122.07,118.0,99.94,136.92841265646712,118.62031247161408
2024-05-24 06:00:00+00:00,115.9,97.84,94.71,121.30488315668612,105.71368077945657
2024-05-24 07:00:00+00:00,106.1,75.65,73.9,99.38796501111253,86.4550837453572
2024-05-24 08:00:00+00:00,96.16,74.89,64.46,89.23929283885357,82.52030292145557
2024-05-24 09:00:00+00:00,90.07,64.1,57.41,77.69104892461415,73.35523678948209
2024-05-24 10:00:00+00:00,88.98,52.5,38.11,66.24114694756993,61.91815862264519
2024-05-24 11:00:00+00:00,87.74,45.31,28.24,57.60100724074545,52.55195329141258
2024-05-24 12:00:00+00:00,88.12,56.98,31.6,61.508543211641545,58.01671217584808
2024-05-24 13:00:00+00:00,88.18,71.4,37.5,70.74028697464594,68.19855646673531
2024-05-24 14:00:00+00:00,84.27,83.77,52.09,82.4084232505293,78.57637580647474
2024-05-24 15:00:00+00:00,98.79,96.64,70.54,100.49029524466089,92.81815014763187
2024-05-24 16:00:00+00:00,111.77,111.49,69.88,116.54241879980898,104.74561531620915
2024-05-24 17:00:00+00:00,129.99,156.28,94.95,149.79949808423626,142.07398760348374
2024-05-24 18:00:00+00:00,125.0,180.06,107.94,163.99187243749378,159.65883274641342
2024-05-24 19:00:00+00:00,115.84,155.98,95.22,146.11539345407962,140.53266431804133
2024-05-24 20:00:00+00:00,109.67,126.15,89.39,124.0127194105659,117.08691302278174
2024-05-24 21:00:00+00:00,99.84,105.03,80.65,106.17253659556114,98.49885839320058
2024-05-24 22:00:00+00:00,94.88,103.17,67.55,99.56879826712115,90.50157139649062
2024-05-24 23:00:00+00:00,91.83,94.12,63.61,91.22660631429036,80.95470755357094
2024-05-25 00:00:00+00:00,90.43,89.79,63.82,86.67387418036145,74.82078302559165
2024-05-25 01:00:00+00:00,89.16,88.22,65.18,85.15828143611263,70.87120744119727
2024-05-25 02:00:00+00:00,89.03,91.8,69.01,86.6481253462934,70.19401170915887
2024-05-25 03:00:00+00:00,90.26,103.23,72.51,92.45412373264058,74.95164481055971
2024-05-25 04:00:00+00:00,90.68,123.84,71.86,101.55844298781398,87.80372483877636
2024-05-25 05:00:00+00:00,86.23,122.07,70.39,96.60258690326461,86.81372925105822
2024-05-25 06:00:00+00:00,78.58,115.9,63.86,85.30824176997994,79.90946289738082
2024-05-25 07:00:00+00:00,74.75,106.1,47.36,69.85354982340479,69.39748207243197
2024-05-25 08:00:00+00:00,54.23,96.16,9.43,52.99301373347995,57.51754621365915
2024-05-25 09:00:00+00:00,9.34,90.07,0.71,43.03679063271598,50.83301313071182
2024-05-25 10:00:00+00:00,3.24,88.98,-0.02,38.489583260329155,48.597600897918575
2024-05-25 11:00:00+00:00,0.04,87.74,-1.3,34.24613041643978,45.18952317007917
2024-05-25 12:00:00+00:00,0.0,88.12,-2.79,35.63255874954223,45.237649115276916
2024-05-25 13:00:00+00:00,0.02,88.18,-1.92,42.2419250925155,48.07038533512574
2024-05-25 14:00:00+00:00,14.23,84.27,-0.04,49.397704372409706,48.74226044546969
2024-05-25 15:00:00+00:00,76.04,98.79,50.66,77.95268931739136,70.51223366265883
2024-05-25 16:00:00+00:00,96.23,111.77,81.91,103.65215747413761,88.64533100242966
2024-05-25 17:00:00+00:00,115.77,129.99,109.94,127.93548233070852,110.03738078511478
2024-05-25 18:00:00+00:00,131.92,125.0,131.66,133.32109194753647,113.13236979825842
2024-05-25 19:00:00+00:00,136.95,115.84,122.78,125.4754427907821,105.34847652113129
2024-05-25 20:00:00+00:00,115.77,109.67,96.52,114.2801454567425,95.9710450763288
2024-05-25 21:00:00+00:00,104.54,99.84,86.6,102.31454381910602,84.86798905412383
2024-05-25 22:00:00+00:00,107.36,94.88,90.69,104.03129989143041,88.19402824133243
2024-05-25 23:00:00+00:00,98.3,91.83,89.06,99.00632664323739,82.79270195336642
2024-05-26 00:00:00+00:00,90.77,90.43,88.66,96.2191925269796,78.85324225115073
2024-05-26 01:00:00+00:00,90.1,89.16,86.91,93.70758714169529,74.35337744442275
2024-05-26 02:00:00+00:00,91.16,89.03,86.13,92.69148505489912,70.93493663549245
2024-05-26 03:00:00+00:00,88.61,90.26,80.56,92.14557608939437,68.3640662150469
2024-05-26 04:00:00+00:00,83.49,90.68,75.57,88.01692549800295,66.90976508133214
2024-05-26 05:00:00+00:00,71.9,86.23,70.24,75.65691762511042,62.36628443304334
2024-05-26 06:00:00+00:00,13.25,78.58,46.96,56.787725447052,53.83281272122419
2024-05-26 07:00:00+00:00,0.02,74.75,5.6,38.207432525856696,45.98882553525726
2024-05-26 08:00:00+00:00,0.0,54.23,-0.03,17.27249507825269,30.682152174239747
2024-05-26 09:00:00+00:00,-0.09,9.34,-0.18,-6.437317577049811,2.2448749183129877
2024-05-26 10:00:00+00:00,-2.12,3.24,-2.06,-9.536005634869369,-1.4963731571993435
2024-05-26 11:00:00+00:00,-10.66,0.04,-7.41,-10.535623400711827,-4.370844301344363
2024-05-26 12:00:00+00:00,-23.88,0.0,-15.13,-7.1153190185831505,-3.83881738251263
2024-05-26 13:00:00+00:00,-9.91,0.02,-10.0,1.5203411020552977,-0.12200998325305079
2024-05-26 14:00:00+00:00,-0.6,14.23,-3.79,20.134452150803128,13.768049149325847
2024-05-26 15:00:00+00:00,57.0,76.04,-0.06,66.49066658520022,61.831715912634365
2024-05-26 16:00:00+00:00,93.26,96.23,64.17,99.85467209134177,88.75407758527052
2024-05-26 17:00:00+00:00,118.08,115.77,89.59,124.022602289107,109.53403724287033
2024-05-26 18:00:00+00:00,118.74,131.92,113.66,140.39534374960905,125.94674161766079
2024-05-26 19:00:00+00:00,121.1,136.95,122.86,143.56689250999352,132.3885760722308
2024-05-26 20:00:00+00:00,106.94,115.77,101.93,126.73204222076889,116.92729867577417
2024-05-26 21:00:00+00:00,87.5,104.54,86.14,113.3809282995559,105.55572711488873
2024-05-26 22:00:00+00:00,78.34,107.36,91.09,113.40227512874385,116.29469341533513
2024-05-26 23:00:00+00:00,75.07,98.3,82.64,106.98815040531836,108.36762492561363
2024-05-27 00:00:00+00:00,74.44,90.77,86.73,104.66062196028233,103.83256648335046
2024-05-27 01:00:00+00:00,74.43,90.1,86.09,107.07656843734483,103.39884459161728
2024-05-27 02:00:00+00:00,77.87,91.16,88.21,113.24631723141758,105.78917790892937
2024-05-27 03:00:00+00:00,84.04,88.61,91.46,120.23262196381195,107.65167702214418
2024-05-27 04:00:00+00:00,112.94,83.49,104.72,130.25860868260622,113.31725327205002
2024-05-27 05:00:00+00:00,128.74,71.9,105.69,129.06593058753117,110.39327828819884
2024-05-27 06:00:00+00:00,124.55,13.25,72.24,94.2382385737025,69.68260766653071
2024-05-27 07:00:00+00:00,107.22,0.02,32.8,76.79953558506358,55.90217040986712
2024-05-27 08:00:00+00:00,88.44,0.0,12.41,67.18631736696854,51.020153867425904
2024-05-27 09:00:00+00:00,86.26,-0.09,6.06,59.6907238262112,45.89339592167838
2024-05-27 10:00:00+00:00,77.34,-2.12,2.41,53.3776484763904,42.0655598822323
2024-05-27 11:00:00+00:00,74.46,-10.66,0.0,45.64900945324183,33.76568275564922
2024-05-27 12:00:00+00:00,72.96,-23.88,-0.33,38.898950990946865,23.38479529672655
2024-05-27 13:00:00+00:00,77.78,-9.91,-0.07,48.69726308766252,31.488665283299724
2024-05-27 14:00:00+00:00,84.66,-0.6,0.89,59.8444080664614,37.90928940909347
2024-05-27 15:00:00+00:00,111.04,57.0,64.17,110.08997930244792,89.84236134617305
2024-05-27 16:00:00+00:00,131.4,93.26,85.94,143.77383737465715,120.72874568183997
2024-05-27 17:00:00+00:00,186.68,118.08,113.63,167.379959974746,143.73233152312616
2024-05-27 18:00:00+00:00,221.46,118.74,135.9,171.14971863676442,148.01879032909656
2024-05-27 19:00:00+00:00,169.86,121.1,120.33,166.77645349698923,147.3814130610246
2024-05-27 20:00:00+00:00,131.4,106.94,96.63,149.73057586379826,131.64012246465887
2024-05-27 21:00:00+00:00,113.78,87.5,79.86,131.099993246204,113.09302474152202
2024-05-27 22:00:00+00:00,97.78,78.34,81.46,110.58593018212272,95.68035322753956
2024-05-27 23:00:00+00:00,90.5,75.07,76.4,104.35644924227653,91.44256902332896
2024-05-28 00:00:00+00:00,87.64,74.44,76.21,101.59685949472156,90.31535152381444
2024-05-28 01:00:00+00:00,85.22,74.43,77.92,101.0518555858609,90.51812910325869
2024-05-28 02:00:00+00:00,83.96,77.87,74.93,103.55111455905599,93.29865938611945
2024-05-28 03:00:00+00:00,88.04,84.04,79.58,111.33040104324974,100.23691633487974
2024-05-28 04:00:00+00:00,110.34,112.94,112.26,138.10540664705525,129.6525706555543
2024-05-28 05:00:00+00:00,120.1,128.74,122.98,149.68507393876203,145.07020331380235
2024-05-28 06:00:00+00:00,102.23,124.55,97.35,137.24539856748294,135.49793661539917
2024-05-28 07:00:00+00:00,85.43,107.22,81.86,116.44380270146893,119.98987999176244
2024-05-28 08:00:00+00:00,72.52,88.44,66.98,95.69178049789176,104.14921352835383
2024-05-28 09:00:00+00:00,69.17,86.26,54.42,85.3112359771055,99.66443920085486
2024-05-28 10:00:00+00:00,61.1,77.34,28.47,70.81015114445123,87.67541116297538
2024-05-28 11:00:00+00:00,55.25,74.46,31.34,64.39585150228284,82.12170586296851
2024-05-28 12:00:00+00:00,55.27,72.96,54.09,59.60962604033347,78.29758172116635
2024-05-28 13:00:00+00:00,65.66,77.78,69.65,63.54567047884156,81.15469600219882
2024-05-28 14:00:00+00:00,72.52,84.66,79.61,71.21498598479316,84.46191778056912
2024-05-28 15:00:00+00:00,85.8,111.04,87.98,100.10872351746802,108.64915656926104
2024-05-28 16:00:00+00:00,102.28,131.4,103.44,130.56746208620388,130.05125611648293
2024-05-28 17:00:00+00:00,130.05,186.68,126.98,177.33145617229422,174.15906749079164
2024-05-28 18:00:00+00:00,144.31,221.46,99.07,198.58668399396117,194.84738128626296
2024-05-28 19:00:00+00:00,124.0,169.86,83.58,168.21202557266037,159.26338512360473
2024-05-28 20:00:00+00:00,100.09,131.4,83.05,139.87624879510912,131.21185948473033
2024-05-28 21:00:00+00:00,88.78,113.78,65.91,118.04829302582476,113.02738446124158
2024-05-28 22:00:00+00:00,72.22,97.78,70.03,86.99270671122048,88.24024927088081
2024-05-28 23:00:00+00:00,57.54,90.5,66.4,77.1156813913006,82.04185647391033
2024-05-29 00:00:00+00:00,54.28,87.64,64.9,73.63451655483885,80.14140555308208
2024-05-29 01:00:00+00:00,50.59,85.22,54.12,71.51634633950434,77.43689523555142
2024-05-29 02:00:00+00:00,49.83,83.96,62.66,74.60909926131029,78.83358538760329
2024-05-29 03:00:00+00:00,45.91,88.04,70.2,82.05738791529376,84.83751140445912
2024-05-29 04:00:00+00:00,72.15,110.34,98.14,105.69385790356067,111.90322564527072
2024-05-29 05:00:00+00:00,86.45,120.1,103.12,115.14783767780668,125.11808083417708
2024-05-29 06:00:00+00:00,91.52,102.23,94.98,102.67115478256426,113.40248688405083
2024-05-29 07:00:00+00:00,69.11,85.43,81.21,85.50599578423461,98.622743462421
2024-05-29 08:00:00+00:00,67.85,72.52,70.0,71.83414622404887,86.36714996396941
2024-05-29 09:00:00+00:00,62.12,69.17,69.78,68.50087401993673,83.40748016204734
2024-05-29 10:00:00+00:00,59.07,61.1,65.65,62.3411943885685,75.52930172848369
2024-05-29 11:00:00+00:00,62.25,55.25,56.91,58.445349502569776,68.32224593329306
2024-05-29 12:00:00+00:00,62.18,55.27,56.14,58.38405770861829,65.59935775490436
2024-05-29 13:00:00+00:00,69.49,65.66,67.17,66.90656101541171,72.82869811626168
2024-05-29 14:00:00+00:00,72.67,72.52,77.61,75.5351695529628,78.16227022580046
2024-05-29 15:00:00+00:00,89.23,85.8,92.45,93.6181445265461,92.66272068205964
2024-05-29 16:00:00+00:00,94.66,102.28,99.98,115.07530178617588,109.19169790930366
2024-05-29 17:00:00+00:00,111.44,130.05,147.02,145.02010904286965,138.84859993862068
2024-05-29 18:00:00+00:00,140.5,144.31,154.88,154.671921661156,149.93449575714865
2024-05-29 19:00:00+00:00,143.26,124.0,135.99,136.5088616422766,128.78733816876675
2024-05-29 20:00:00+00:00,120.39,100.09,107.71,113.7390998284256,104.51970708930911
2024-05-29 21:00:00+00:00,95.53,88.78,93.22,99.81893561361667,91.12026031919247
2024-05-29 22:00:00+00:00,100.43,72.22,79.27,81.3696547151284,68.38714932906022
2024-05-29 23:00:00+00:00,96.2,57.54,78.45,72.58377434745495,56.98213129656382
2024-05-30 00:00:00+00:00,91.21,54.28,74.93,71.55819142085795,53.97667536660465
2024-05-30 01:00:00+00:00,93.63,50.59,76.68,72.67211086190133,51.685870805722
2024-05-30 02:00:00+00:00,94.56,49.83,78.65,76.34703263887201,51.665640641219454
2024-05-30 03:00:00+00:00,100.79,45.91,84.8,79.29315644468339,50.54388925229004
2024-05-30 04:00:00+00:00,103.37,72.15,107.98,98.68564947342692,73.4203197418646
2024-05-30 05:00:00+00:00,106.67,86.45,118.0,105.6877130753758,85.17593416347407
2024-05-30 06:00:00+00:00,97.71,91.52,97.84,100.6615266704363,84.8712804842149
2024-05-30 07:00:00+00:00,93.9,69.11,75.65,81.25357194369865,66.60050335986637
2024-05-30 08:00:00+00:00,85.0,67.85,74.89,74.16715211170636,64.14559356871769
2024-05-30 09:00:00+00:00,80.0,62.12,64.1,65.07370378891628,58.6145641876521
2024-05-30 10:00:00+00:00,70.92,59.07,52.5,56.63417463943406,53.1301546592674
2024-05-30 11:00:00+00:00,62.97,62.25,45.31,51.89184117588249,50.88564274773269
2024-05-30 12:00:00+00:00,62.97,62.18,56.98,51.68189483095999,49.88898183924386
2024-05-30 13:00:00+00:00,67.69,69.49,71.4,58.70453443294725,56.30814153451538
2024-05-30 14:00:00+00:00,83.75,72.67,83.77,67.20635824066994,60.949036477229114
2024-05-30 15:00:00+00:00,90.13,89.23,96.64,88.28803644373697,77.3395246367434
2024-05-30 16:00:00+00:00,110.67,94.66,111.49,104.89903684485571,86.83280453722746
2024-05-30 17:00:00+00:00,135.23,111.44,156.28,127.54239123418256,107.34243099064987
2024-05-30 18:00:00+00:00,154.73,140.5,180.06,148.94246689331754,131.72747282019523
2024-05-30 19:00:00+00:00,143.45,143.26,155.98,145.87183300109052,129.90500162042133
2024-05-30 20:00:00+00:00,112.11,120.39,126.15,125.90552809588733,108.94524855219895
2024-05-30 21:00:00+00:00,100.71,95.53,105.03,105.16127572032761,87.03420214294451
2024-05-30 22:00:00+00:00,96.21,100.43,103.17,105.9674079565067,94.02067581453063
2024-05-30 23:00:00+00:00,80.71,96.2,94.12,99.9689468024497,88.18980939672396
2024-05-31 00:00:00+00:00,79.49,91.21,89.79,95.99297625564945,83.6232276948943
2024-05-31 01:00:00+00:00,73.71,93.63,88.22,97.23140947764162,84.15946404279448
2024-05-31 02:00:00+00:00,74.53,94.56,91.8,101.27204443957271,86.07409124892325
2024-05-31 03:00:00+00:00,90.06,100.79,103.23,109.25132144258833,92.12071858337958
2024-05-31 04:00:00+00:00,106.27,103.37,123.84,122.44584622337565,104.15267091546127
2024-05-31 05:00:00+00:00,109.11,106.67,122.07,127.52719607519049,110.76274621488771
2024-05-31 06:00:00+00:00,108.72,97.71,115.9,121.0682637144459,105.7105655896092
2024-05-31 07:00:00+00:00,102.36,93.9,106.1,111.463234155862,98.55195558001022
2024-05-31 08:00:00+00:00,91.97,85.0,96.16,99.37663531283648,89.45223770722814
2024-05-31 09:00:00+00:00,82.02,80.0,90.07,90.81780475369659,83.77546808290272
2024-05-31 10:00:00+00:00,74.91,70.92,88.98,81.96119683890538,75.28951636465229
2024-05-31 11:00:00+00:00,68.5,62.97,87.74,75.28115178437741,68.00263075600876
2024-05-31 12:00:00+00:00,65.3,62.97,88.12,73.67844642640571,66.33468339885084
2024-05-31 13:00:00+00:00,66.94,67.69,88.18,76.43966702679589,68.80872157348904
2024-05-31 14:00:00+00:00,75.07,83.75,84.27,85.42302713726625,78.2915284437764
2024-05-31 15:00:00+00:00,84.1,90.13,98.79,95.93952035782317,86.85549315876848
2024-05-31 16:00:00+00:00,94.46,110.67,111.77,113.76915880618716,103.90386609280279
2024-05-31 17:00:00+00:00,107.94,135.23,129.99,132.8608407985888,124.68560196982094
2024-05-31 18:00:00+00:00,115.0,154.73,125.0,143.61998181790008,139.55930306746492
2024-05-31 19:00:00+00:00,107.91,143.45,115.84,133.66117566419504,131.34385758016532
2024-05-31 20:00:00+00:00,101.74,112.11,109.67,110.66123172381397,107.19382937300296
2024-05-31 21:00:00+00:00,84.18,100.71,99.84,96.93457155225326,93.89220111894153
2024-05-31 22:00:00+00:00,88.58,96.21,94.88,92.63773213872719,92.3473035367177
2024-05-31 23:00:00+00:00,88.82,80.71,91.83,80.39552847550765,78.51127764405567
2024-06-01 00:00:00+00:00,79.66,79.49,90.43,76.85284214858872,74.4344316416705
2024-06-01 01:00:00+00:00,72.14,73.71,89.16,72.78674930070329,67.94413231069211
2024-06-01 02:00:00+00:00,71.87,74.53,89.03,72.69217712511782,65.42753540120177
2024-06-01 03:00:00+00:00,71.83,90.06,90.26,80.91520672455808,73.13549237586484
2024-06-01 04:00:00+00:00,75.2,106.27,90.68,89.9411327820147,82.14119657804537
2024-06-01 05:00:00+00:00,74.4,109.11,86.23,91.20467556015365,82.97259447789997
2024-06-01 06:00:00+00:00,72.49,108.72,78.58,88.16264532872063,80.77898882983938
2024-06-01 07:00:00+00:00,61.35,102.36,74.75,80.89360341683583,75.4006034808096
2024-06-01 08:00:00+00:00,47.16,91.97,54.23,67.72307803114403,64.40346789448786
2024-06-01 09:00:00+00:00,41.86,82.02,9.34,53.46360894758672,50.97085727078806
2024-06-01 10:00:00+00:00,21.21,74.91,3.24,44.50874448666521,43.63134544983412
2024-06-01 11:00:00+00:00,7.44,68.5,0.04,36.51857680973592,36.55381203010637
2024-06-01 12:00:00+00:00,2.92,65.3,0.0,32.71154937593299,34.80218540106857
2024-06-01 13:00:00+00:00,5.8,66.94,0.02,33.95849034796039,38.22101789640627
2024-06-01 14:00:00+00:00,13.0,75.07,14.23,43.16281820828918,49.31092652297689
2024-06-01 15:00:00+00:00,52.08,84.1,76.04,62.80274602785804,68.12811463269809
2024-06-01 16:00:00+00:00,67.5,94.46,96.23,80.29423414511305,83.6691445534587
2024-06-01 17:00:00+00:00,81.9,107.94,115.77,97.06315983653167,99.76363265732213
2024-06-01 18:00:00+00:00,85.86,115.0,131.92,105.44627289653023,109.65423089148476
2024-06-01 19:00:00+00:00,81.76,107.91,136.95,99.6327084633106,105.73612047417568
2024-06-01 20:00:00+00:00,84.48,101.74,115.77,89.08029343241236,97.21410363596658
2024-06-01 21:00:00+00:00,65.39,84.18,104.54,73.74262351211675,81.97738209119765
2024-06-01 22:00:00+00:00,35.71,88.58,107.36,78.11145463179025,90.89647455534211
2024-06-01 23:00:00+00:00,31.12,88.82,98.3,73.66329900737068,85.88833458295417
2024-06-02 00:00:00+00:00,15.85,79.66,90.77,66.0704473304784,75.99271278762993
2024-06-02 01:00:00+00:00,7.22,72.14,90.1,60.11546986302338,67.12715555712414
2024-06-02 02:00:00+00:00,8.96,71.87,91.16,59.52765446985504,64.02122328297372
2024-06-02 03:00:00+00:00,5.13,71.83,88.61,59.77204230845323,61.824702017143835
2024-06-02 04:00:00+00:00,4.91,75.2,83.49,59.78493552643862,61.67039859158802
2024-06-02 05:00:00+00:00,4.11,74.4,71.9,56.07822142841742,59.08698480543592
2024-06-02 06:00:00+00:00,0.97,72.49,13.25,44.93849929574909,50.18073803068279
2024-06-02 07:00:00+00:00,0.0,61.35,0.02,33.90094903043649,41.328894225917125
2024-06-02 08:00:00+00:00,1.56,47.16,0.0,21.979630422060055,31.377787993610582
2024-06-02 09:00:00+00:00,0.77,41.86,-0.09,15.453292562075177,27.70682226896713
2024-06-02 10:00:00+00:00,-0.1,21.21,-2.12,2.045720344878063,13.055241270356063
2024-06-02 11:00:00+00:00,-4.01,7.44,-10.66,-9.988338287780138,2.3000913296881436
2024-06-02 12:00:00+00:00,-15.93,2.92,-23.88,-14.580190428949095,-0.9760289291485122
2024-06-02 13:00:00+00:00,-19.58,5.8,-9.91,-10.302630348829425,4.838380030404693
2024-06-02 14:00:00+00:00,-8.98,13.0,-0.6,-0.06049489027554955,14.550736449451463
2024-06-02 15:00:00+00:00,-1.27,52.08,57.0,37.95334693967942,53.592389473813064
2024-06-02 16:00:00+00:00,13.95,67.5,93.26,62.75718879205277,74.70042109487704
2024-06-02 17:00:00+00:00,67.23,81.9,118.08,83.68728759192149,91.77716940689656
2024-06-02 18:00:00+00:00,94.99,85.86,118.74,92.67507365963446,97.92073722701484
2024-06-02 19:00:00+00:00,106.93,81.76,121.1,91.22333066231143,97.18522053481907
2024-06-02 20:00:00+00:00,109.01,84.48,106.94,88.33319580719332,97.8011154993548
2024-06-02 21:00:00+00:00,99.16,65.39,87.5,72.56170365114471,80.63624905437518
2024-06-02 22:00:00+00:00,98.26,35.71,78.34,64.99273572646179,68.44780151927172
2024-06-02 23:00:00+00:00,84.58,31.12,75.07,63.350804476344514,64.90682525561998
2024-06-03 00:00:00+00:00,83.67,15.85,74.44,57.232523022806994,54.55885905137926
2024-06-03 01:00:00+00:00,83.81,7.22,74.43,56.01418368944784,49.2859658363903
2024-06-03 02:00:00+00:00,82.17,8.96,77.87,63.093525950354696,52.83147294437479
2024-06-03 03:00:00+00:00,96.17,5.13,84.04,70.63288775333461,54.78467767936424
2024-06-03 04:00:00+00:00,133.28,4.91,112.94,84.90947525846121,65.4886815416059
2024-06-03 05:00:00+00:00,193.06,4.11,128.74,90.5048258350347,71.82700242010324
2024-06-03 06:00:00+00:00,164.48,0.97,124.55,86.11496328271303,70.9616347115933
2024-06-03 07:00:00+00:00,128.08,0.0,107.22,77.15720496552177,67.06350413637534
2024-06-03 08:00:00+00:00,99.05,1.56,88.44,68.17453311814131,63.953545315585174
2024-06-03 09:00:00+00:00,95.9,0.77,86.26,60.74050606528643,61.97087061615808
2024-06-03 10:00:00+00:00,81.09,-0.1,77.34,52.07406918863485,57.34473031461811
2024-06-03 11:00:00+00:00,74.9,-4.01,74.46,43.78371513780757,51.37413948113776
2024-06-03 12:00:00+00:00,67.3,-15.93,72.96,33.16474866056838,41.43724953013137
2024-06-03 13:00:00+00:00,72.02,-19.58,77.78,32.29969235698313,39.20211620165243
2024-06-03 14:00:00+00:00,78.0,-8.98,84.66,42.13322584308168,46.511319750696074
2024-06-03 15:00:00+00:00,105.95,-1.27,111.04,60.93437441237102,59.30689516444611
2024-06-03 16:00:00+00:00,127.32,13.95,131.4,84.6351444950932,75.096325235444
2024-06-03 17:00:00+00:00,182.91,67.23,186.68,128.21173307676332,118.09919063979092
2024-06-03 18:00:00+00:00,215.28,94.99,221.46,151.46614528683534,140.4864681578653
2024-06-03 19:00:00+00:00,198.79,106.93,169.86,151.45775660062085,141.57040007964676
2024-06-03 20:00:00+00:00,149.29,109.01,131.4,143.98918620309576,136.63634440323963
2024-06-03 21:00:00+00:00,116.04,99.16,113.78,132.05577012482848,124.19054062385926
2024-06-03 22:00:00+00:00,106.87,98.26,97.78,120.75556372947669,109.72433083240054
2024-06-03 23:00:00+00:00,99.98,84.58,90.5,112.95064437332391,99.1850098017903
2024-06-04 00:00:00+00:00,95.42,83.67,87.64,113.02283027320384,97.06356878074442
2024-06-04 01:00:00+00:00,92.94,83.81,85.22,115.02054441573384,96.19158080141781
2024-06-04 02:00:00+00:00,92.25,82.17,83.96,118.74592306860987,96.07181625594525
2024-06-04 03:00:00+00:00,104.69,96.17,88.04,132.20149728303844,107.4473975253064
2024-06-04 04:00:00+00:00,162.0,133.28,110.34,160.52438411538148,140.63771194593684
2024-06-04 05:00:00+00:00,177.66,193.06,120.1,191.55129042353286,186.2416852527919
2024-06-04 06:00:00+00:00,141.68,164.48,102.23,167.1531623809638,166.36393279960288
2024-06-04 07:00:00+00:00,112.37,128.08,85.43,135.64847895882332,139.04459213139094
2024-06-04 08:00:00+00:00,91.6,99.05,72.52,109.73233172114983,116.79312248601697
2024-06-04 09:00:00+00:00,81.31,95.9,69.17,99.84894709745976,112.28116383878043
2024-06-04 10:00:00+00:00,67.34,81.09,61.1,84.905832183437,99.14543282600836
2024-06-04 11:00:00+00:00,55.27,74.9,55.25,75.79143452613812,91.21641193503282
2024-06-04 12:00:00+00:00,43.86,67.3,55.27,67.02742751084611,81.97932988239732
2024-06-04 13:00:00+00:00,47.06,72.02,65.66,69.85898477409302,83.74106532556421
2024-06-04 14:00:00+00:00,64.03,78.0,72.52,76.5464158755292,86.76031295737975
2024-06-04 15:00:00+00:00,84.88,105.95,85.8,99.6748649849358,106.41046837535619
2024-06-04 16:00:00+00:00,116.22,127.32,102.28,123.8923079364621,124.33661631233127
2024-06-04 17:00:00+00:00,176.78,182.91,130.05,168.08238201139773,169.46232427147206
2024-06-04 18:00:00+00:00,235.52,215.28,144.31,192.18236328300668,195.13168045096563
2024-06-04 19:00:00+00:00,140.68,198.79,124.0,179.2100666353022,183.33773178733844
2024-06-04 20:00:00+00:00,107.34,149.29,100.09,141.30444560172887,145.91056062915703
2024-06-04 21:00:00+00:00,75.81,116.04,88.78,112.79915921595772,119.26455777332147
2024-06-04 22:00:00+00:00,56.85,106.87,72.22,86.90501692723012,98.78614911691992
2024-06-04 23:00:00+00:00,43.93,99.98,57.54,75.29344509773563,90.13965127244894
2024-06-05 00:00:00+00:00,44.55,95.42,54.28,70.64429919575717,86.7723414252924
2024-06-05 01:00:00+00:00,50.05,92.94,50.59,68.99020412331814,84.88540204168955
2024-06-05 02:00:00+00:00,48.09,92.25,49.83,71.43266026542378,85.14894645578583
2024-06-05 03:00:00+00:00,71.19,104.69,45.91,84.34482856395587,96.0069052408792
2024-06-05 04:00:00+00:00,103.55,162.0,72.15,127.87914491304241,145.89774288994823
2024-06-05 05:00:00+00:00,142.76,177.66,86.45,144.84051020960231,167.806775570125
2024-06-05 06:00:00+00:00,112.92,141.68,91.52,123.71524355181663,144.3248655083791
2024-06-05 07:00:00+00:00,84.16,112.37,69.11,97.46642723629218,118.81066238500821
2024-06-05 08:00:00+00:00,69.93,91.6,67.85,79.63074931885933,101.41028034450412
2024-06-05 09:00:00+00:00,62.03,81.31,62.12,72.10540159574069,93.04209760764698
2024-06-05 10:00:00+00:00,48.4,67.34,59.07,62.58004555181532,81.07642010519044
2024-06-05 11:00:00+00:00,30.17,55.27,62.25,54.98813106858714,71.56841618869845
2024-06-05 12:00:00+00:00,26.3,43.86,62.18,47.005980211764346,61.76103923103629
2024-06-05 13:00:00+00:00,30.06,47.06,69.49,50.320796322998696,64.43274438598566
2024-06-05 14:00:00+00:00,62.57,64.03,72.67,62.458059615199126,75.06954324715069
2024-06-05 15:00:00+00:00,80.43,84.88,89.23,86.64458505571162,93.90570307381452
2024-06-05 16:00:00+00:00,105.09,116.22,94.66,117.55279285690521,118.75934938674146
2024-06-05 17:00:00+00:00,126.97,176.78,111.44,163.12297530046908,165.98830577162113
2024-06-05 18:00:00+00:00,155.9,235.52,140.5,203.77769696764324,210.50808846196367
2024-06-05 19:00:00+00:00,158.02,140.68,143.26,155.87457819188018,146.58793313759213
2024-06-05 20:00:00+00:00,141.47,107.34,120.39,129.26458185963034,115.70150012434226
2024-06-05 21:00:00+00:00,105.99,75.81,95.53,104.53293705748457,87.0526083816138
2024-06-05 22:00:00+00:00,93.24,56.85,100.43,86.1471323446942,69.94846288085982
2024-06-05 23:00:00+00:00,89.92,43.93,96.2,77.70794313903708,60.004990723902594
2024-06-06 00:00:00+00:00,85.86,44.55,91.21,77.41932024505208,59.64996024403647
2024-06-06 01:00:00+00:00,85.35,50.05,93.63,81.66651113923763,63.727707673884886
2024-06-06 02:00:00+00:00,88.25,48.09,94.56,84.4597585378781,63.96191262716922
2024-06-06 03:00:00+00:00,98.97,71.19,100.79,102.41429082553292,83.0410417983366
2024-06-06 04:00:00+00:00,123.9,103.55,103.37,128.1283263038286,116.15114631441988
2024-06-06 05:00:00+00:00,127.92,142.76,106.67,146.53203026390213,147.6699966458325
2024-06-06 06:00:00+00:00,96.83,112.92,97.71,119.84362308602488,125.3459867699659
2024-06-06 07:00:00+00:00,71.89,84.16,93.9,90.68033806888218,102.59751482048756
2024-06-06 08:00:00+00:00,57.8,69.93,85.0,70.76827340056869,89.6571141349588
2024-06-06 09:00:00+00:00,30.25,62.03,80.0,59.90274829939242,82.47508020078985
2024-06-06 10:00:00+00:00,24.33,48.4,70.92,47.95799438860286,70.06792697486048
2024-06-06 11:00:00+00:00,19.5,30.17,62.97,35.61204793937251,54.40459357385719
2024-06-06 12:00:00+00:00,24.23,26.3,62.97,33.20110871902945,48.95987382347323
2024-06-06 13:00:00+00:00,37.65,30.06,67.69,39.49770592148507,51.16227930724031
2024-06-06 14:00:00+00:00,62.11,62.57,83.75,65.17893647420595,74.88011883041823
2024-06-06 15:00:00+00:00,80.67,80.43,90.13,88.64674520736551,90.57149324615958
2024-06-06 16:00:00+00:00,89.92,105.09,110.67,120.0723597003286,113.84791689458555
2024-06-06 17:00:00+00:00,115.69,126.97,135.23,147.34660833501547,136.44717083033828
2024-06-06 18:00:00+00:00,163.98,155.9,154.73,169.0552794849845,160.21500279510641
2024-06-06 19:00:00+00:00,167.72,158.02,143.45,163.99588575091292,151.49431515474998
2024-06-06 20:00:00+00:00,132.45,141.47,112.11,146.76107487934357,132.6385788353727
2024-06-06 21:00:00+00:00,104.39,105.99,100.71,121.5880846027716,102.79703070251432
2024-06-06 22:00:00+00:00,101.0,93.24,96.21,117.55501538325376,96.33825420921471
2024-06-06 23:00:00+00:00,96.13,89.92,80.71,112.50938597707376,90.3510327675859
2024-06-07 00:00:00+00:00,91.7,85.86,79.49,110.29993720084212,86.92767173610687
2024-06-07 01:00:00+00:00,87.53,85.35,73.71,110.51749445810454,86.0426202477365
2024-06-07 02:00:00+00:00,84.25,88.25,74.53,114.208132631728,88.27848115122472
2024-06-07 03:00:00+00:00,91.9,98.97,90.06,123.62970597824099,98.64332877782692
2024-06-07 04:00:00+00:00,113.95,123.9,106.27,143.53490094662084,125.15948025660359
2024-06-07 05:00:00+00:00,119.05,127.92,109.11,144.85203325998586,136.48253537411844
2024-06-07 06:00:00+00:00,102.76,96.83,108.72,116.93814965108271,115.23329042204729
2024-06-07 07:00:00+00:00,78.56,71.89,102.36,87.10510117266571,94.61979793784676
2024-06-07 08:00:00+00:00,60.66,57.8,91.97,65.88148138123825,82.37943647434741
2024-06-07 09:00:00+00:00,41.39,30.25,82.02,44.001207494253116,62.04969488524974
2024-06-07 10:00:00+00:00,33.91,24.33,74.91,36.07080342150527,54.80935248860297
2024-06-07 11:00:00+00:00,25.36,19.5,68.5,29.5943015756137,46.9899381801017
2024-06-07 12:00:00+00:00,17.41,24.23,65.3,29.521290749168443,46.91224167564947
2024-06-07 13:00:00+00:00,13.08,37.65,66.94,38.67684712512388,54.987143054132716
2024-06-07 14:00:00+00:00,25.57,62.11,75.07,59.81891356787932,74.47241963158586
2024-06-07 15:00:00+00:00,64.56,80.67,84.1,82.31454100911276,90.23765197974875
2024-06-07 16:00:00+00:00,85.21,89.92,94.46,103.2444087428125,100.49493147744855
2024-06-07 17:00:00+00:00,128.58,115.69,107.94,130.49605165030462,120.9956349607527
2024-06-07 18:00:00+00:00,154.75,163.98,115.0,163.6925658957005,155.45971662555496
2024-06-07 19:00:00+00:00,153.85,167.72,107.91,166.08973447281448,157.11594428581103
2024-06-07 20:00:00+00:00,126.88,132.45,101.74,143.2308799096998,131.15014447352576
2024-06-07 21:00:00+00:00,97.45,104.39,84.18,119.65426722580935,105.50255471616902
2024-06-07 22:00:00+00:00,98.36,101.0,88.58,110.86475770307031,99.3862486838183
2024-06-07 23:00:00+00:00,90.04,96.13,88.82,102.70574802293751,93.19013244687484
2024-06-08 00:00:00+00:00,83.31,91.7,79.66,95.03036792055153,86.19274980851841
2024-06-08 01:00:00+00:00,83.53,87.53,72.14,89.15001496123168,79.3538045748707
2024-06-08 02:00:00+00:00,79.64,84.25,71.87,86.26066242214925,74.30581791924277
2024-06-08 03:00:00+00:00,82.11,91.9,71.83,88.42411487706536,76.11183301563752
2024-06-08 04:00:00+00:00,79.38,113.95,75.2,97.2950543574748,90.93345592080533
2024-06-08 05:00:00+00:00,62.82,119.05,74.4,92.31041495278416,94.18487276597433
2024-06-08 06:00:00+00:00,42.2,102.76,72.49,70.18176476352079,80.51154132688728
2024-06-08 07:00:00+00:00,12.24,78.56,61.35,41.27724959868865,60.999752551686484
2024-06-08 08:00:00+00:00,-0.13,60.66,47.16,17.354804979826,45.90703176817325
2024-06-08 09:00:00+00:00,-2.27,41.39,41.86,-2.308133970410495,29.570793338816117
2024-06-08 10:00:00+00:00,-10.26,33.91,21.21,-13.253218372489343,20.572315924082062
2024-06-08 11:00:00+00:00,-23.7,25.36,7.44,-21.148816304240952,11.230284678456286
2024-06-08 12:00:00+00:00,-30.03,17.41,2.92,-22.69620575249708,5.836818060724497
2024-06-08 13:00:00+00:00,-20.62,13.08,5.8,-17.792329090587558,7.084755177726947
2024-06-08 14:00:00+00:00,-8.25,25.57,13.0,-1.3072983586968405,21.620800969560378
2024-06-08 15:00:00+00:00,0.01,64.56,52.08,34.65498579446779,57.91603353460139
2024-06-08 16:00:00+00:00,44.91,85.21,67.5,62.372218992915606,79.32929441285667
2024-06-08 17:00:00+00:00,68.84,128.58,81.9,98.32755507968855,115.1079897154384
2024-06-08 18:00:00+00:00,99.32,154.75,85.86,120.23666986780007,138.25412945286416
2024-06-08 19:00:00+00:00,93.01,153.85,81.76,121.15994326481473,138.5385788381156
2024-06-08 20:00:00+00:00,100.0,126.88,84.48,106.33133780596424,119.6568345692002
2024-06-08 21:00:00+00:00,78.79,97.45,65.39,84.78290543627388,94.4519256800773
2024-06-08 22:00:00+00:00,74.28,98.36,35.71,87.55895696865849,97.0284332447807
2024-06-08 23:00:00+00:00,63.59,90.04,31.12,79.79668883822974,88.07664905668467
2024-06-09 00:00:00+00:00,42.52,83.31,15.85,72.06326869284541,78.7063584236219
2024-06-09 01:00:00+00:00,15.57,83.53,7.22,69.04546442126411,74.0106640545227
2024-06-09 02:00:00+00:00,18.19,79.64,8.96,66.76116743539336,68.26621911940528
2024-06-09 03:00:00+00:00,11.56,82.11,5.13,67.07485018009896,66.22639293314262
2024-06-09 04:00:00+00:00,8.4,79.38,4.91,62.96408130912878,63.16700401396752
2024-06-09 05:00:00+00:00,2.22,62.82,4.11,47.767482619876645,51.6975897252465
2024-06-09 06:00:00+00:00,-0.08,42.2,0.97,25.04703037540203,36.142304737915055
2024-06-09 07:00:00+00:00,-2.01,12.24,0.0,-2.0269419177896424,15.441714667009208
2024-06-09 08:00:00+00:00,-7.6,-0.13,1.56,-16.155377909066956,7.028400697260139
2024-06-09 09:00:00+00:00,-15.0,-2.27,0.77,-20.517801188796724,4.499179210106462
2024-06-09 10:00:00+00:00,-25.0,-10.26,-0.1,-24.605526312872612,-1.0977219978642694
2024-06-09 11:00:00+00:00,-32.69,-23.7,-4.01,-32.63796221420894,-11.617143189375355
2024-06-09 12:00:00+00:00,-37.14,-30.03,-15.93,-35.14328145907167,-17.157410309236
2024-06-09 13:00:00+00:00,-28.68,-20.62,-19.58,-25.55684800328764,-9.48120514132519
2024-06-09 14:00:00+00:00,-5.84,-8.25,-8.98,-9.886241661983178,4.669314023288408
2024-06-09 15:00:00+00:00,-0.5,0.01,-1.27,12.137594068697354,20.17014632672901
2024-06-09 16:00:00+00:00,42.76,44.91,13.95,52.73397641322482,58.3844727730884
2024-06-09 17:00:00+00:00,96.85,68.84,67.23,86.34621857421253,87.486168527905
2024-06-09 18:00:00+00:00,115.86,99.32,94.99,113.97090574666552,115.28215088603193
2024-06-09 19:00:00+00:00,111.24,93.01,106.93,114.06964007518337,114.25917085779953
2024-06-09 20:00:00+00:00,108.42,100.0,109.01,115.57249062928008,118.37233265659466
2024-06-09 21:00:00+00:00,97.21,78.79,99.16,97.74996905744663,99.22807611903761
2024-06-09 22:00:00+00:00,73.96,74.28,98.26,101.01348564274647,104.13646000148178
2024-06-09 23:00:00+00:00,71.59,63.59,84.58,92.40169497942175,94.2270912709308
2024-06-10 00:00:00+00:00,68.73,42.52,83.67,82.00993846765049,79.90754540287989
2024-06-10 01:00:00+00:00,68.27,15.57,83.81,71.1390735600157,62.91070833794442
2024-06-10 02:00:00+00:00,69.0,18.19,82.17,77.09721857838119,65.71125030843464
2024-06-10 03:00:00+00:00,78.32,11.56,96.17,82.38280728866509,66.03173461159273
2024-06-10 04:00:00+00:00,117.4,8.4,133.28,94.98899792768938,75.99773472144476
2024-06-10 05:00:00+00:00,185.18,2.22,193.06,99.47313465667101,82.91557680996725
2024-06-10 06:00:00+00:00,146.21,-0.08,164.48,86.41574428043627,78.01150688534233
2024-06-10 07:00:00+00:00,107.25,-2.01,128.08,68.68449994315463,69.07481634631752
2024-06-10 08:00:00+00:00,89.46,-7.6,99.05,53.89970160791858,60.165923101979175
2024-06-10 09:00:00+00:00,85.04,-15.0,95.9,47.08483684390439,54.58860906416565
2024-06-10 10:00:00+00:00,74.3,-25.0,81.09,39.40742314115656,44.39585479761928
2024-06-10 11:00:00+00:00,73.59,-32.69,74.9,32.65244355055235,35.43877026054794
2024-06-10 12:00:00+00:00,67.07,-37.14,67.3,27.983268628745392,29.153907041248303
2024-06-10 13:00:00+00:00,65.88,-28.68,72.02,34.36261649757343,35.085419806064905
2024-06-10 14:00:00+00:00,70.0,-5.84,78.0,49.3089050401109,50.566196746893546
2024-06-10 15:00:00+00:00,81.2,-0.5,105.95,63.43493581401649,59.7232280018462
2024-06-10 16:00:00+00:00,98.53,42.76,127.32,97.84641463087503,96.23128778582547
2024-06-10 17:00:00+00:00,118.59,96.85,182.91,137.42829341511452,140.96206731205976
2024-06-10 18:00:00+00:00,124.45,115.86,215.28,151.50992732734608,158.9162781310032
2024-06-10 19:00:00+00:00,113.32,111.24,198.79,142.0967415592954,152.6830339432853
2024-06-10 20:00:00+00:00,98.41,108.42,149.29,127.4873648733817,143.87178943711803
2024-06-10 21:00:00+00:00,77.76,97.21,116.04,109.53625885871814,128.48589462249768
2024-06-10 22:00:00+00:00,60.07,73.96,106.87,79.4974094634503,101.5580732945605
2024-06-10 23:00:00+00:00,56.96,71.59,99.98,73.81291800870278,97.39895630547291
2024-06-11 00:00:00+00:00,62.95,68.73,95.42,70.21528349148028,93.01304362657767
2024-06-11 01:00:00+00:00,55.82,68.27,92.94,70.59030397090302,90.45853203575149
2024-06-11 02:00:00+00:00,60.06,69.0,92.25,75.09752175169015,92.01360298585853
2024-06-11 03:00:00+00:00,59.11,78.32,104.69,87.37303021022652,101.32522710980332
2024-06-11 04:00:00+00:00,81.83,117.4,162.0,121.50947901866097,139.88720921650446
2024-06-11 05:00:00+00:00,100.26,185.18,177.66,158.82761500313183,190.47453237930426
2024-06-11 06:00:00+00:00,91.5,146.21,141.68,129.68530286989173,161.977533321595
2024-06-11 07:00:00+00:00,68.27,107.25,112.37,97.46252916386462,131.69543710348452
2024-06-11 08:00:00+00:00,49.92,89.46,91.6,76.75571521329894,115.4095445875979
2024-06-11 09:00:00+00:00,32.13,85.04,81.31,66.08994718064497,108.83007402806638
2024-06-11 10:00:00+00:00,11.12,74.3,67.34,52.05212078089598,96.09288089530128
2024-06-11 11:00:00+00:00,0.76,73.59,55.27,44.788100711447235,89.66298206111271
2024-06-11 12:00:00+00:00,0.0,67.07,43.86,35.802514276759005,79.661814727284
2024-06-11 13:00:00+00:00,0.03,65.88,47.06,34.86976673713765,76.73141958930493
2024-06-11 14:00:00+00:00,13.89,70.0,64.03,43.653047667706694,81.02959539508313
2024-06-11 15:00:00+00:00,55.27,81.2,84.88,62.20256833014983,91.50704895688459
2024-06-11 16:00:00+00:00,71.65,98.53,116.22,91.26725403645507,112.3530122141042
2024-06-11 17:00:00+00:00,100.0,118.59,176.78,123.1729225068083,138.08120663758373
2024-06-11 18:00:00+00:00,127.64,124.45,235.52,140.05031164566137,149.47494754741655
2024-06-11 19:00:00+00:00,122.37,113.32,140.68,123.62049323677965,129.3578468687964
2024-06-11 20:00:00+00:00,106.74,98.41,107.34,108.16509491920041,113.8254598909561
2024-06-11 21:00:00+00:00,90.82,77.76,75.81,88.67519154199846,93.25826057690138
2024-06-11 22:00:00+00:00,88.85,60.07,56.85,64.80187029049708,64.21370043565062
2024-06-11 23:00:00+00:00,85.35,56.96,43.93,61.46687559710837,60.2925073384224
2024-06-12 00:00:00+00:00,80.29,62.95,44.55,65.49996377701365,63.99616443350099
2024-06-12 01:00:00+00:00,82.11,55.82,50.05,65.5480963633407,60.421743720362635
2024-06-12 02:00:00+00:00,86.11,60.06,48.09,72.26140481354648,64.38614452634896
2024-06-12 03:00:00+00:00,94.65,59.11,71.19,81.2875901561422,70.00110601809428
2024-06-12 04:00:00+00:00,124.74,81.83,103.55,105.50591966058876,98.59428586536957
2024-06-12 05:00:00+00:00,136.4,100.26,142.76,118.67244560623419,124.34930253569418
2024-06-12 06:00:00+00:00,114.62,91.5,112.92,97.02064240693356,112.51938263051686
2024-06-12 07:00:00+00:00,78.65,68.27,84.16,67.87816468221965,89.81978742012382
2024-06-12 08:00:00+00:00,64.19,49.92,69.93,48.3784135266836,73.70222141033771
2024-06-12 09:00:00+00:00,58.0,32.13,62.03,35.135460882943974,60.605912462780424
2024-06-12 10:00:00+00:00,42.09,11.12,48.4,20.639971902082166,43.527421388904685
2024-06-12 11:00:00+00:00,40.72,0.76,30.17,13.29445503889984,33.50420104018953
2024-06-12 12:00:00+00:00,39.68,0.0,26.3,12.538302055969595,31.038487326411925
2024-06-12 13:00:00+00:00,45.34,0.03,30.06,16.3767807378661,31.264744008486943
2024-06-12 14:00:00+00:00,63.0,13.89,62.57,32.49120520187624,43.799425394794284
2024-06-12 15:00:00+00:00,81.2,55.27,80.43,65.56670425885997,75.32335523211603
2024-06-12 16:00:00+00:00,99.95,71.65,105.09,91.09787054711168,92.487252730291
2024-06-12 17:00:00+00:00,135.7,100.0,126.97,119.45768062653687,115.64591979376644
2024-06-12 18:00:00+00:00,154.34,127.64,155.9,141.9434513329005,136.09210785360034
2024-06-12 19:00:00+00:00,154.66,122.37,158.02,140.0200652730291,131.1950099669508
2024-06-12 20:00:00+00:00,130.88,106.74,141.47,125.39809058659338,115.99072191078176
2024-06-12 21:00:00+00:00,107.07,90.82,105.99,107.19467279483229,97.10469897886153
2024-06-12 22:00:00+00:00,99.0,88.85,93.24,96.8270573698446,87.51946980718904
2024-06-12 23:00:00+00:00,93.26,85.35,89.92,93.75689316603409,84.08863580287482
2024-06-13 00:00:00+00:00,84.19,80.29,85.86,91.72190807285904,80.7879594657157
2024-06-13 01:00:00+00:00,85.21,82.11,85.35,93.79594679813377,81.37286160066132
2024-06-13 02:00:00+00:00,83.83,86.11,88.25,99.4371545780408,85.09745814941084
2024-06-13 03:00:00+00:00,98.96,94.65,98.97,109.09768959382117,92.8061191823153
2024-06-13 04:00:00+00:00,122.41,124.74,123.9,136.527321300458,124.37467489181142
2024-06-13 05:00:00+00:00,131.09,136.4,127.92,144.0357721311057,138.8716430503203
2024-06-13 06:00:00+00:00,115.02,114.62,96.83,119.42995105521152,121.34353940038886
2024-06-13 07:00:00+00:00,83.8,78.65,71.89,84.00967651869128,91.53722577382706
2024-06-13 08:00:00+00:00,69.01,64.19,57.8,63.686736176409866,77.28410546735554
2024-06-13 09:00:00+00:00,61.71,58.0,30.25,52.037715631723074,67.41676460763139
2024-06-13 10:00:00+00:00,53.36,42.09,24.33,39.31365263852032,52.58066717950305
2024-06-13 11:00:00+00:00,46.96,40.72,19.5,34.81352753697071,47.53674444746372
2024-06-13 12:00:00+00:00,43.35,39.68,24.23,32.566915012867966,44.41522304979446
2024-06-13 13:00:00+00:00,53.74,45.34,37.65,39.0931448285446,47.76002938213567
2024-06-13 14:00:00+00:00,77.42,63.0,62.11,56.86177170999762,61.98865897229122
2024-06-13 15:00:00+00:00,80.08,81.2,80.67,80.60647231420569,80.47812944567279
2024-06-13 16:00:00+00:00,106.91,99.95,89.92,106.18433814318425,97.36905361385479
2024-06-13 17:00:00+00:00,139.66,135.7,115.69,141.03420540402496,127.84972015419127
2024-06-13 18:00:00+00:00,188.35,154.34,163.98,162.82728191876657,147.5730719068041
2024-06-13 19:00:00+00:00,163.84,154.66,167.72,162.29015694287602,147.22418993415363
2024-06-13 20:00:00+00:00,108.37,130.88,132.45,139.09937083713973,124.87260465320563
2024-06-13 21:00:00+00:00,85.18,107.07,104.39,114.08204914951267,101.74450114871202
2024-06-13 22:00:00+00:00,83.13,99.0,101.0,105.11855243721567,99.48484779883708
2024-06-13 23:00:00+00:00,71.45,93.26,96.13,96.21896025683927,94.12730561072809
2024-06-14 00:00:00+00:00,63.93,84.19,91.7,87.51329431094403,86.7533238955604
2024-06-14 01:00:00+00:00,59.53,85.21,87.53,86.26687193250704,86.65145685321899
2024-06-14 02:00:00+00:00,55.82,83.83,84.25,87.16648630314249,86.59236073553018
2024-06-14 03:00:00+00:00,64.22,98.96,91.9,99.75416389583603,99.93652821147474
2024-06-14 04:00:00+00:00,85.01,122.41,113.95,122.8843752120996,126.53685654561441
2024-06-14 05:00:00+00:00,100.95,131.09,119.05,132.6224462786522,138.06064035268437
2024-06-14 06:00:00+00:00,104.99,115.02,102.76,123.0897086712634,125.80484773732375
2024-06-14 07:00:00+00:00,102.54,83.8,78.56,99.66035199124175,98.55747862961589
2024-06-14 08:00:00+00:00,82.18,69.01,60.66,83.68620865694407,83.81576994091624
2024-06-14 09:00:00+00:00,68.1,61.71,41.39,71.53535226040893,74.74350539501442
2024-06-14 10:00:00+00:00,60.88,53.36,33.91,58.189999646173305,65.08714792392674
2024-06-14 11:00:00+00:00,47.46,46.96,25.36,47.267132098308515,57.33001529879684
2024-06-14 12:00:00+00:00,40.74,43.35,17.41,39.65749466844826,51.60442397086085
2024-06-14 13:00:00+00:00,41.0,53.74,13.08,44.636043648383996,57.2379236871078
2024-06-14 14:00:00+00:00,60.31,77.42,25.57,62.44641548801614,74.76006597117461
2024-06-14 15:00:00+00:00,75.0,80.08,64.56,78.53047302651352,84.37882618208477
2024-06-14 16:00:00+00:00,90.98,106.91,85.21,106.87667181412006,107.80625845225642
2024-06-14 17:00:00+00:00,136.0,139.66,128.58,138.32184387796883,137.97527943172523
2024-06-14 18:00:00+00:00,127.31,188.35,154.75,168.4106947334534,173.8454295716938
2024-06-14 19:00:00+00:00,117.12,163.84,153.85,149.6831854151507,156.70600057172763
2024-06-14 20:00:00+00:00,83.41,108.37,126.88,108.34081719963157,114.37440591269738
2024-06-14 21:00:00+00:00,59.42,85.18,97.45,83.17159737012832,91.55573993110306
2024-06-14 22:00:00+00:00,60.68,83.13,98.36,78.30721029484673,87.34769691173076
2024-06-14 23:00:00+00:00,41.04,71.45,90.04,67.20376786734008,75.69683470302265
2024-06-15 00:00:00+00:00,29.97,63.93,83.31,59.21248580018323,66.28926265454612
2024-06-15 01:00:00+00:00,28.86,59.53,83.53,54.89325255882207,60.71417829599177
2024-06-15 02:00:00+00:00,22.51,55.82,79.64,50.18286668188119,54.85371666160214
2024-06-15 03:00:00+00:00,10.04,64.22,82.11,50.63135025122466,58.005253897036845
2024-06-15 04:00:00+00:00,1.54,85.01,79.38,55.40055566644543,71.00899061296641
2024-06-15 05:00:00+00:00,0.09,100.95,62.82,56.27842958006637,79.52524463406068
2024-06-15 06:00:00+00:00,0.0,104.99,42.2,49.09976269855713,78.52038113534155
2024-06-15 07:00:00+00:00,-0.06,102.54,12.24,36.23012763245818,70.2274529936994
2024-06-15 08:00:00+00:00,-10.08,82.18,-0.13,12.999695906538065,53.25401241159458
2024-06-15 09:00:00+00:00,-29.04,68.1,-2.27,-4.316110385024999,42.65778997514114
2024-06-15 10:00:00+00:00,-44.92,60.88,-10.26,-16.96819157505935,35.04917230040816
2024-06-15 11:00:00+00:00,-65.46,47.46,-23.7,-30.068306047327766,23.27506989042773
2024-06-15 12:00:00+00:00,-80.01,40.74,-30.03,-34.7791947944642,17.871890247312606
2024-06-15 13:00:00+00:00,-56.23,41.0,-20.62,-25.77459463004442,21.794591689775288
2024-06-15 14:00:00+00:00,-29.53,60.31,-8.25,-2.1119248761577865,40.49843341440674
2024-06-15 15:00:00+00:00,-4.84,75.0,0.01,21.978660815572155,55.831792201652455
2024-06-15 16:00:00+00:00,-0.01,90.98,44.91,56.648535540344525,78.79372122325454
2024-06-15 17:00:00+00:00,40.0,136.0,68.84,100.67294456760207,117.13755960754557
2024-06-15 18:00:00+00:00,84.28,127.31,99.32,112.52489309791927,120.44958035779754
2024-06-15 19:00:00+00:00,79.92,117.12,93.01,106.4069079349753,111.45176877127525
2024-06-15 20:00:00+00:00,64.3,83.41,100.0,85.15213344967006,86.82463784370259
2024-06-15 21:00:00+00:00,40.4,59.42,78.79,64.32761731049892,65.5584921623814
2024-06-15 22:00:00+00:00,24.91,60.68,74.28,65.5194666868343,71.64235865179816
2024-06-15 23:00:00+00:00,10.36,41.04,63.59,49.668417415373405,54.39107671418924
2024-06-16 00:00:00+00:00,4.92,29.97,42.52,38.76824424005046,41.62929290391198
2024-06-16 01:00:00+00:00,2.92,28.86,15.57,33.242180702450284,34.06546754259574
2024-06-16 02:00:00+00:00,2.19,22.51,18.19,30.25231639885473,26.973786983761855
2024-06-16 03:00:00+00:00,2.53,10.04,11.56,23.207508204759904,15.24996807740709
2024-06-16 04:00:00+00:00,2.95,1.54,8.4,16.855214497983965,8.872476822055887
2024-06-16 05:00:00+00:00,0.69,0.09,2.22,11.491329258854492,8.960002483933934
2024-06-16 06:00:00+00:00,-0.02,0.0,-0.08,4.248696252169125,9.48647237191119
2024-06-16 07:00:00+00:00,-1.28,-0.06,-2.01,-4.5572368962307905,10.140451404413454
2024-06-16 08:00:00+00:00,-10.0,-10.08,-7.6,-18.23418694797114,1.8427880111879489
2024-06-16 09:00:00+00:00,-13.33,-29.04,-15.0,-31.30469117789532,-10.743889053836043
2024-06-16 10:00:00+00:00,-20.01,-44.92,-25.0,-40.7842104457831,-21.752069075197454
2024-06-16 11:00:00+00:00,-30.01,-65.46,-32.69,-51.46083942385481,-37.179013259831024
2024-06-16 12:00:00+00:00,-35.67,-80.01,-37.14,-54.52542074937624,-46.296840659638676
2024-06-16 13:00:00+00:00,-29.04,-56.23,-28.68,-33.289930961153956,-27.187243107468802
2024-06-16 14:00:00+00:00,-10.14,-29.53,-5.84,-6.353099543483452,-1.8906685704544657
2024-06-16 15:00:00+00:00,-2.34,-4.84,-0.5,21.100208438520994,21.7744728769364
2024-06-16 16:00:00+00:00,56.22,-0.01,42.76,43.532932794850495,36.61385178191316
2024-06-16 17:00:00+00:00,99.65,40.0,96.85,84.10639118284348,75.4226987402792
2024-06-16 18:00:00+00:00,119.15,84.28,115.86,115.26800188806975,107.57333865598324
2024-06-16 19:00:00+00:00,124.28,79.92,111.24,112.78457071766407,104.59371752616624
2024-06-16 20:00:00+00:00,120.34,64.3,108.42,101.54289119735036,93.10296447597595
2024-06-16 21:00:00+00:00,94.44,40.4,97.21,82.81151510699964,72.99860423072425
2024-06-16 22:00:00+00:00,76.62,24.91,73.96,75.79013609764401,67.46993262689612
2024-06-16 23:00:00+00:00,66.73,10.36,71.59,66.65160279596691,55.889298310823946
2024-06-17 00:00:00+00:00,68.81,4.92,68.73,63.27343028739384,50.85502106131648
2024-06-17 01:00:00+00:00,71.81,2.92,68.27,64.20049384900292,49.76957654422035
2024-06-17 02:00:00+00:00,73.56,2.19,69.0,68.07005716806823,50.54635223217564
2024-06-17 03:00:00+00:00,90.02,2.53,78.32,74.43654511528584,53.47861550151756
2024-06-17 04:00:00+00:00,119.13,2.95,117.4,86.89733592706293,65.04378633974787
2024-06-17 05:00:00+00:00,132.68,0.69,185.18,94.88624903201955,76.61617856846318
2024-06-17 06:00:00+00:00,116.23,-0.02,146.21,84.21141345456977,72.92855003144555
2024-06-17 07:00:00+00:00,84.73,-1.28,107.25,68.96800793087027,66.68365783203242
2024-06-17 08:00:00+00:00,62.11,-10.0,89.46,53.46652824553018,57.46852974077964
2024-06-17 09:00:00+00:00,55.01,-13.33,85.04,45.621271670091495,52.862728975732246
2024-06-17 10:00:00+00:00,41.86,-20.01,74.3,36.2530632383965,44.176618824544974
2024-06-17 11:00:00+00:00,39.45,-30.01,73.59,27.452942171650292,33.11659324084614
2024-06-17 12:00:00+00:00,46.62,-35.67,67.07,23.708775752899285,24.641328413969845
2024-06-17 13:00:00+00:00,54.54,-29.04,65.88,31.28342091971514,29.306298745894267
2024-06-17 14:00:00+00:00,64.21,-10.14,70.0,47.373081845275806,43.18989009620715
2024-06-17 15:00:00+00:00,88.58,-2.34,81.2,64.21350467805325,52.814657269581346
2024-06-17 16:00:00+00:00,114.16,56.22,98.53,108.55485134224095,95.40968979504623
2024-06-17 17:00:00+00:00,157.37,99.65,118.59,145.32228813039598,131.0792317624747
2024-06-17 18:00:00+00:00,210.16,119.15,124.45,157.75083124847697,143.28147844143916
2024-06-17 19:00:00+00:00,200.01,124.28,113.32,164.5488146637088,149.17792108060434
2024-06-17 20:00:00+00:00,128.15,120.34,98.41,156.84229233509333,143.01545205990135
2024-06-17 21:00:00+00:00,101.55,94.44,77.76,135.01239859978008,119.24634722692501
2024-06-17 22:00:00+00:00,96.92,76.62,60.07,109.71041775593325,92.14750144574194
2024-06-17 23:00:00+00:00,90.29,66.73,56.96,102.9213540382019,83.76791571485766
2024-06-18 00:00:00+00:00,87.53,68.81,62.95,104.80224058258584,85.00467313045961
2024-06-18 01:00:00+00:00,89.29,71.81,55.82,107.29648171574473,85.85658001361887
2024-06-18 02:00:00+00:00,90.29,73.56,60.06,112.48798604465341,88.2078177499422
2024-06-18 03:00:00+00:00,95.94,90.02,59.11,125.3945918013176,100.34187307099981
2024-06-18 04:00:00+00:00,134.49,119.13,81.83,149.26032845598735,128.77153394248253
2024-06-18 05:00:00+00:00,130.17,132.68,100.26,156.3407051882632,144.2520660056524
2024-06-18 06:00:00+00:00,95.96,116.23,91.5,136.95481053278726,133.31377052621266
2024-06-18 07:00:00+00:00,80.9,84.73,68.27,104.69869974707055,108.60208295252454
2024-06-18 08:00:00+00:00,69.91,62.11,49.92,79.92639616642003,89.35617685068334
2024-06-18 09:00:00+00:00,54.81,55.01,32.13,68.73355766384671,81.10755769770626
2024-06-18 10:00:00+00:00,51.16,41.86,11.12,56.44738780497838,67.16253507173292
2024-06-18 11:00:00+00:00,51.03,39.45,0.76,52.46407596962133,60.38121370452292
2024-06-18 12:00:00+00:00,57.04,46.62,0.0,56.612238816656934,61.04948566858089
2024-06-18 13:00:00+00:00,73.12,54.54,0.03,64.01896361207247,64.33203920439851
2024-06-18 14:00:00+00:00,76.24,64.21,13.89,76.6540314040637,71.77935964647835
2024-06-18 15:00:00+00:00,90.06,88.58,55.27,102.18301775728665,92.68252106559973
2024-06-18 16:00:00+00:00,133.25,114.16,71.65,130.31547974537006,118.04124765882895
2024-06-18 17:00:00+00:00,158.19,157.37,100.0,163.9036715188098,154.7191977429087
2024-06-18 18:00:00+00:00,171.87,210.16,127.64,191.2206560081097,190.06960434599733
2024-06-18 19:00:00+00:00,134.47,200.01,122.37,189.62173163024778,188.09177893164224
2024-06-18 20:00:00+00:00,104.2,128.15,106.74,146.41669350537387,137.94059537175366
2024-06-18 21:00:00+00:00,91.63,101.55,90.82,124.53546217005947,113.93340002260993
2024-06-18 22:00:00+00:00,99.95,96.92,88.85,107.57230628415505,94.50087390356317
2024-06-18 23:00:00+00:00,91.43,90.29,85.35,102.06286242582247,88.15525487178483
2024-06-19 00:00:00+00:00,86.85,87.53,80.29,100.24612507574747,85.75194968974633
2024-06-19 01:00:00+00:00,85.78,89.29,82.11,102.40752381506765,87.43687680140422
2024-06-19 02:00:00+00:00,83.47,90.29,86.11,106.09582005537017,89.65288907727412
2024-06-19 03:00:00+00:00,86.41,95.94,94.65,116.65448426316132,98.82777156918158
2024-06-19 04:00:00+00:00,112.55,134.49,124.74,149.25944680113295,136.61792408077284
2024-06-19 05:00:00+00:00,116.83,130.17,136.4,151.50592765201822,140.55212922358513
2024-06-19 06:00:00+00:00,107.33,95.96,114.62,127.16590042942218,116.0858714144714
2024-06-19 07:00:00+00:00,86.31,80.9,78.65,106.39948200620768,98.85558111530146
2024-06-19 08:00:00+00:00,75.1,69.91,64.19,90.86374350357227,86.73514431248749
2024-06-19 09:00:00+00:00,66.23,54.81,58.0,78.15938137212817,75.24499367212468
2024-06-19 10:00:00+00:00,58.03,51.16,42.09,68.74399663428328,68.4084226314346
2024-06-19 11:00:00+00:00,39.84,51.03,40.72,62.09245653399812,65.95462744619931
2024-06-19 12:00:00+00:00,22.41,57.04,39.68,59.93249064617323,68.28625624758959
2024-06-19 13:00:00+00:00,23.56,73.12,45.34,66.4274459917417,78.7220666883543
2024-06-19 14:00:00+00:00,59.9,76.24,63.0,71.15727753274966,82.48964630448152
2024-06-19 15:00:00+00:00,70.0,90.06,81.2,87.69276452831643,96.77561442982754
2024-06-19 16:00:00+00:00,88.44,133.25,99.95,123.64831279803724,131.20601717993165
2024-06-19 17:00:00+00:00,102.9,158.19,135.7,152.3732890446003,156.5702313407931
2024-06-19 18:00:00+00:00,143.66,171.87,154.34,161.86609887545677,165.80840641806276
2024-06-19 19:00:00+00:00,115.08,134.47,154.66,146.43302825991196,143.51374670377663
2024-06-19 20:00:00+00:00,108.26,104.2,130.88,120.26281075193819,113.5529159377455
2024-06-19 21:00:00+00:00,93.21,91.63,107.07,105.09535412277033,97.87976801690738
2024-06-19 22:00:00+00:00,85.89,99.95,99.0,101.99043672469385,93.47074729346541
2024-06-19 23:00:00+00:00,78.62,91.43,93.26,95.10480724014852,85.54145816387894
2024-06-20 00:00:00+00:00,78.88,86.85,84.19,91.72352585038031,80.75920688164604
2024-06-20 01:00:00+00:00,78.82,85.78,85.21,94.07557074433818,80.88035435913051
2024-06-20 02:00:00+00:00,78.62,83.47,83.83,96.39236968693842,79.77614646694147
2024-06-20 03:00:00+00:00,86.55,86.41,98.96,104.3488776797539,85.23070355960802
2024-06-20 04:00:00+00:00,114.11,112.55,122.41,129.39479301678338,115.50837076871684
2024-06-20 05:00:00+00:00,112.84,116.83,131.09,132.16032627516498,124.1564576601931
2024-06-20 06:00:00+00:00,102.99,107.33,115.02,115.16036491826945,114.06631851346324
2024-06-20 07:00:00+00:00,80.69,86.31,83.8,88.01193270057567,94.04278397021446
2024-06-20 08:00:00+00:00,69.13,75.1,69.01,70.71296574456423,82.54653164095532
2024-06-20 09:00:00+00:00,58.77,66.23,61.71,60.309827386456014,73.38110165261293
2024-06-20 10:00:00+00:00,55.46,58.03,53.36,53.16029925876672,65.16724407717814
2024-06-20 11:00:00+00:00,53.81,39.84,46.96,43.64625218251951,51.22882124057379
2024-06-20 12:00:00+00:00,57.18,22.41,43.35,38.32869123056003,38.516756457728604
2024-06-20 13:00:00+00:00,68.58,23.56,53.74,47.571753733179506,41.4626725117278
2024-06-20 14:00:00+00:00,80.0,59.9,77.42,75.77279742616247,67.76691533348756
2024-06-20 15:00:00+00:00,98.27,70.0,80.08,92.8761848414101,77.4140350158435
2024-06-20 16:00:00+00:00,119.31,88.44,106.91,116.59503069027936,98.13831548190137
2024-06-20 17:00:00+00:00,155.62,102.9,139.66,133.93129064729135,114.22019545911876
2024-06-20 18:00:00+00:00,200.09,143.66,188.35,159.89376583177878,146.5877698758085
2024-06-20 19:00:00+00:00,130.06,115.08,163.84,136.12710648000024,120.25984505358785
2024-06-20 20:00:00+00:00,111.83,108.26,108.37,117.76606791037968,104.66147073897471
2024-06-20 21:00:00+00:00,95.05,93.21,85.18,100.1239952510817,88.20721003646851
2024-06-20 22:00:00+00:00,100.81,85.89,83.13,102.43540524383594,89.02176716788364
2024-06-20 23:00:00+00:00,90.77,78.62,71.45,95.50553775149145,81.60152777240435
2024-06-21 00:00:00+00:00,89.95,78.88,63.93,94.50448970180065,80.19259145902815
2024-06-21 01:00:00+00:00,87.83,78.82,59.53,95.26204919508369,79.44809644983339
2024-06-21 02:00:00+00:00,86.31,78.62,55.82,97.2692486025931,79.17101043513523
2024-06-21 03:00:00+00:00,86.14,86.55,64.22,104.97959811681416,85.90877868869862
2024-06-21 04:00:00+00:00,96.92,114.11,85.01,129.7546484408981,115.13775871732665
2024-06-21 05:00:00+00:00,122.8,112.84,100.95,133.33329834562386,121.40179839385044
2024-06-21 06:00:00+00:00,121.84,102.99,104.99,125.0239787544595,116.07386122935469
2024-06-21 07:00:00+00:00,111.67,80.69,102.54,106.72462656580882,99.10829794758737
2024-06-21 08:00:00+00:00,100.65,69.13,82.18,93.05734308629017,87.13073530648606
2024-06-21 09:00:00+00:00,89.94,58.77,68.1,83.06381664885151,76.98137842150723
2024-06-21 10:00:00+00:00,88.54,55.46,60.88,77.24274283233557,71.66358799513334
2024-06-21 11:00:00+00:00,82.68,53.81,47.46,69.07419072096256,64.92919729414331
2024-06-21 12:00:00+00:00,78.22,57.18,40.74,65.81128180703831,62.49166950267582
2024-06-21 13:00:00+00:00,82.03,68.58,41.0,70.04897488886525,68.39324590682082
2024-06-21 14:00:00+00:00,88.85,80.0,60.31,81.73288121658003,80.3371015787931
2024-06-21 15:00:00+00:00,100.65,98.27,75.0,98.4150746255071,95.71578204077544
2024-06-21 16:00:00+00:00,110.0,119.31,90.98,117.7762423167795,114.29873629818239
2024-06-21 17:00:00+00:00,116.93,155.62,136.0,145.81757304807584,145.40795438984296
2024-06-21 18:00:00+00:00,114.4,200.09,127.31,169.97397929434732,177.0013258400864
2024-06-21 19:00:00+00:00,105.26,130.06,117.12,128.47302567622424,126.62953751970589
2024-06-21 20:00:00+00:00,95.99,111.83,83.41,109.33728055140413,108.95028007219126
2024-06-21 21:00:00+00:00,82.14,95.05,59.42,91.04576423641629,91.52338944318215
2024-06-21 22:00:00+00:00,80.07,100.81,60.68,86.50968231400759,93.29509908700804
2024-06-21 23:00:00+00:00,70.25,90.77,41.04,74.6471354857258,81.12194809977778
2024-06-22 00:00:00+00:00,62.43,89.95,29.97,69.41011117673835,76.08140288390679
2024-06-22 01:00:00+00:00,50.5,87.83,28.86,66.30708292621087,71.37448133536266
2024-06-22 02:00:00+00:00,49.62,86.31,22.51,64.60222225127168,66.86021415680395
2024-06-22 03:00:00+00:00,46.47,86.14,10.04,62.88785532598249,62.33636782997436
2024-06-22 04:00:00+00:00,60.56,96.92,1.54,67.1247193957104,68.54317149151862
2024-06-22 05:00:00+00:00,48.89,122.8,0.09,75.90401037695776,84.71880162722559
2024-06-22 06:00:00+00:00,44.92,121.84,0.0,67.87462817933508,83.81810200095349
2024-06-22 07:00:00+00:00,34.65,111.67,-0.06,53.26029074953681,75.55668522961972
2024-06-22 08:00:00+00:00,12.54,100.65,-10.08,37.97617191501169,65.1561084865234
2024-06-22 09:00:00+00:00,3.59,89.94,-29.04,24.794649978074034,53.72899374158919
2024-06-22 10:00:00+00:00,2.62,88.54,-44.92,17.831017980813144,48.722733063680714
2024-06-22 11:00:00+00:00,0.03,82.68,-65.46,9.406350461466317,40.097853551263896
2024-06-22 12:00:00+00:00,-0.01,78.22,-80.01,7.234588019960654,35.19534956493031
2024-06-22 13:00:00+00:00,-0.07,82.03,-56.23,19.24673584947233,43.146042084089395
2024-06-22 14:00:00+00:00,4.23,88.85,-29.53,36.31180960472646,54.49228615874855
2024-06-22 15:00:00+00:00,42.59,100.65,-4.84,59.879603092793126,71.04866343888243
2024-06-22 16:00:00+00:00,80.49,110.0,-0.01,81.22031489289103,84.18796684456318
2024-06-22 17:00:00+00:00,112.16,116.93,40.0,103.18531556704455,99.87922867945151
2024-06-22 18:00:00+00:00,122.81,114.4,84.28,113.10482354603491,107.01655856280878
2024-06-22 19:00:00+00:00,124.05,105.26,79.92,105.602195771172,95.49126532454098
2024-06-22 20:00:00+00:00,110.17,95.99,64.3,96.78026651315037,87.23657794060468
2024-06-22 21:00:00+00:00,89.77,82.14,40.4,82.42985026617534,72.46136844718805
2024-06-22 22:00:00+00:00,90.49,80.07,24.91,82.41622503332718,74.81032064377064
2024-06-22 23:00:00+00:00,79.25,70.25,10.36,72.68870171673096,63.6252872185176
2024-06-23 00:00:00+00:00,71.24,62.43,4.92,65.95428751956572,55.45296741518093
2024-06-23 01:00:00+00:00,70.67,50.5,2.92,58.245128203228276,44.43576505801295
2024-06-23 02:00:00+00:00,66.94,49.62,2.19,57.42998293418349,40.86441044952573
2024-06-23 03:00:00+00:00,62.09,46.47,2.53,55.048563929901015,35.34595975937652
2024-06-23 04:00:00+00:00,57.9,60.56,2.95,59.698070628153786,42.775575247916386
2024-06-23 05:00:00+00:00,46.35,48.89,0.69,50.05738781811212,36.864275917818084
2024-06-23 06:00:00+00:00,19.77,44.92,-0.02,38.097696417862785,33.91080008753045
2024-06-23 07:00:00+00:00,4.24,34.65,-1.28,23.220277461816778,27.107121737529837
2024-06-23 08:00:00+00:00,0.0,12.54,-10.0,4.656106452518102,11.482006417243653
2024-06-23 09:00:00+00:00,-0.05,3.59,-13.33,-2.8424321571860105,5.413013944239452
2024-06-23 10:00:00+00:00,-0.1,2.62,-20.01,-5.9346339678498055,3.7033024535551533
2024-06-23 11:00:00+00:00,-1.05,0.03,-30.01,-9.695956727782729,-0.16972228001208123
2024-06-23 12:00:00+00:00,-2.21,-0.01,-35.67,-9.470467044360504,-0.23603130421896878
2024-06-23 13:00:00+00:00,-2.05,-0.07,-29.04,-3.5078106553239223,3.577884973627917
2024-06-23 14:00:00+00:00,-0.27,4.23,-10.14,10.150526998074312,12.942560387837034
2024-06-23 15:00:00+00:00,22.61,42.59,-2.34,43.49959502115331,44.739752038813506
2024-06-23 16:00:00+00:00,71.12,80.49,56.22,86.37975892688354,82.96358831548758
2024-06-23 17:00:00+00:00,99.5,112.16,99.65,120.80828906670058,112.7140164443201
2024-06-23 18:00:00+00:00,115.14,122.81,119.15,137.94207597384917,124.96318154165834
2024-06-23 19:00:00+00:00,115.44,124.05,124.28,141.72417668115116,127.85728553144295
2024-06-23 20:00:00+00:00,114.33,110.17,120.34,132.87961663441968,119.31526245347133
2024-06-23 21:00:00+00:00,99.79,89.77,94.44,115.13615246907888,100.36130002006367
2024-06-23 22:00:00+00:00,106.18,90.49,76.62,119.01759891552227,106.57660391579711
2024-06-23 23:00:00+00:00,92.19,79.25,66.73,111.00468592271537,96.8984833897795
2024-06-24 00:00:00+00:00,84.93,71.24,68.81,107.37762776066279,91.16831660978183
2024-06-24 01:00:00+00:00,84.46,70.67,71.81,108.95841719032528,90.51278755963547
2024-06-24 02:00:00+00:00,84.96,66.94,73.56,111.513803868517,89.59607829669774
2024-06-24 03:00:00+00:00,97.02,62.09,90.02,115.75608388141755,90.1618800449313
2024-06-24 04:00:00+00:00,136.06,57.9,119.13,124.83822377828676,99.67914620705882
2024-06-24 05:00:00+00:00,136.0,46.35,132.68,118.50517914015327,98.8194158511239
2024-06-24 06:00:00+00:00,102.99,19.77,116.23,91.35503257641335,81.24098016635175
2024-06-24 07:00:00+00:00,79.34,4.24,84.73,63.96027505989719,65.43112500197137
2024-06-24 08:00:00+00:00,53.88,0.0,62.11,45.59220125108961,56.25807433075413
2024-06-24 09:00:00+00:00,37.81,-0.05,55.01,38.576151129122586,53.71845921489402
2024-06-24 10:00:00+00:00,31.19,-0.1,41.86,35.189677161381766,50.85283791876303
2024-06-24 11:00:00+00:00,29.96,-1.05,39.45,33.73541059685415,48.08547720004458
2024-06-24 12:00:00+00:00,30.93,-2.21,46.62,34.330375277328656,46.226967415519525
2024-06-24 13:00:00+00:00,47.85,-2.05,54.54,39.33380134965967,46.63244023602124
2024-06-24 14:00:00+00:00,66.32,-0.27,64.21,48.26682894370512,48.69579500951425
2024-06-24 15:00:00+00:00,82.49,22.61,88.58,77.04757005813426,71.64470192007505
2024-06-24 16:00:00+00:00,98.39,71.12,114.16,120.34385242901655,111.59447114125993
2024-06-24 17:00:00+00:00,153.3,99.5,157.37,151.62613592866944,138.44433409329318
2024-06-24 18:00:00+00:00,209.32,115.14,210.16,169.31463440205772,154.91542670442226
2024-06-24 19:00:00+00:00,156.0,115.44,200.01,165.00830004523988,153.09489792211406
2024-06-24 20:00:00+00:00,116.59,114.33,128.15,148.14347303921153,140.81418371788328
2024-06-24 21:00:00+00:00,91.89,99.79,101.55,130.497174638224,124.06642574707361
2024-06-24 22:00:00+00:00,88.8,106.18,96.92,120.44419555187062,116.21316977083522
2024-06-24 23:00:00+00:00,84.8,92.19,90.29,111.0555804470336,104.85987606946425
2024-06-25 00:00:00+00:00,84.78,84.93,87.53,107.12535158300022,98.8833384350201
2024-06-25 01:00:00+00:00,85.22,84.46,89.29,109.5214800335356,99.01479642087473
2024-06-25 02:00:00+00:00,85.5,84.96,90.29,114.00184849813954,100.09601410794981
2024-06-25 03:00:00+00:00,94.9,97.02,95.94,125.45779373581803,109.97410530346507
2024-06-25 04:00:00+00:00,114.8,136.06,134.49,156.63368153638623,146.98641647263173
2024-06-25 05:00:00+00:00,122.0,136.0,130.17,154.88101898316165,151.36258703023935
2024-06-25 06:00:00+00:00,103.8,102.99,95.96,121.10245104802307,124.35604775413758
2024-06-25 07:00:00+00:00,74.64,79.34,80.9,90.0828764595705,103.79641621043305
2024-06-25 08:00:00+00:00,48.32,53.88,69.91,59.96724789321856,82.80331221913315
2024-06-25 09:00:00+00:00,12.83,37.81,54.81,39.940781639442896,68.92608406752277
2024-06-25 10:00:00+00:00,0.0,31.19,51.16,30.700785081436422,62.43018496508531
2024-06-25 11:00:00+00:00,-0.05,29.96,51.03,27.557651404584178,59.432164251513
2024-06-25 12:00:00+00:00,-0.04,30.93,57.04,27.588177074752068,57.72819012400127
2024-06-25 13:00:00+00:00,11.59,47.85,73.12,41.618464889076314,69.0363594150762
2024-06-25 14:00:00+00:00,48.37,66.32,76.24,58.14763056024775,79.72143647825612
2024-06-25 15:00:00+00:00,74.0,82.49,90.06,82.52246274776958,94.75181406028835
2024-06-25 16:00:00+00:00,95.9,98.39,133.25,113.46922509998444,116.4033152031708
2024-06-25 17:00:00+00:00,128.9,153.3,158.19,156.5273891341552,158.66875804259166
2024-06-25 18:00:00+00:00,136.69,209.32,171.87,192.2395450684677,198.6783428464044
2024-06-25 19:00:00+00:00,122.09,156.0,134.47,158.25833525559986,158.77661310289534
2024-06-25 20:00:00+00:00,106.57,116.59,104.2,127.64277576981445,127.57485881136796
2024-06-25 21:00:00+00:00,89.95,91.89,91.63,107.69562104110663,106.34076053228218
2024-06-25 22:00:00+00:00,107.15,88.8,99.95,93.78059348290519,91.90046337471819
2024-06-25 23:00:00+00:00,99.88,84.8,91.43,90.90814399312485,86.35006978451821
2024-06-26 00:00:00+00:00,95.32,84.78,86.85,92.2014615067242,85.05892615278616
2024-06-26 01:00:00+00:00,95.46,85.22,85.78,95.78240571946996,85.54193660489786
2024-06-26 02:00:00+00:00,91.68,85.5,83.47,100.04077587177952,86.44571851110909
2024-06-26 03:00:00+00:00,97.01,94.9,86.41,111.60674048392374,96.60481423972719
2024-06-26 04:00:00+00:00,107.46,114.8,112.55,133.57695625007506,122.81687691829575
2024-06-26 05:00:00+00:00,130.0,122.0,116.83,138.53401616842388,133.52697307832742
2024-06-26 06:00:00+00:00,121.1,103.8,107.33,118.67770499847317,119.27899887339166
2024-06-26 07:00:00+00:00,101.76,74.64,86.31,85.81620330354336,94.50512153296772
2024-06-26 08:00:00+00:00,89.48,48.32,75.1,55.212506797633715,71.7854957590877
2024-06-26 09:00:00+00:00,84.1,12.83,66.23,27.48847041106886,45.49467295787137
2024-06-26 10:00:00+00:00,78.64,0.0,58.03,17.067028651497324,34.87537442594369
2024-06-26 11:00:00+00:00,76.54,-0.05,39.84,15.840039499880774,31.47118280200847
2024-06-26 12:00:00+00:00,80.0,-0.04,22.41,17.242430861557878,27.594597140215413
2024-06-26 13:00:00+00:00,90.45,11.59,23.56,31.039362405689715,36.50461916364843
2024-06-26 14:00:00+00:00,99.86,48.37,59.9,62.77414395239612,65.87982524733295
2024-06-26 15:00:00+00:00,105.8,74.0,70.0,88.89874273284819,86.45261268468454
2024-06-26 16:00:00+00:00,105.13,95.9,88.44,114.24152276439168,106.12680562904589
2024-06-26 17:00:00+00:00,126.73,128.9,102.9,141.26521281471724,134.40938221547353
2024-06-26 18:00:00+00:00,134.39,136.69,143.66,151.69124969622683,147.466398227648
2024-06-26 19:00:00+00:00,128.85,122.09,115.08,134.19097852422973,129.04557098850344
2024-06-26 20:00:00+00:00,115.55,106.57,108.26,116.5854544667692,113.02161407412298
2024-06-26 21:00:00+00:00,110.0,89.95,93.21,99.85954774477877,95.89622129389028
2024-06-26 22:00:00+00:00,96.0,107.15,85.89,103.73717832834348,100.15589198122555
2024-06-26 23:00:00+00:00,86.9,99.88,78.62,98.64078559773623,93.24995143125274
2024-06-27 00:00:00+00:00,80.4,95.32,78.88,97.8589194160221,89.81524301637755
2024-06-27 01:00:00+00:00,82.84,95.46,78.82,101.35229113856555,90.10726658938061
2024-06-27 02:00:00+00:00,78.79,91.68,78.62,103.83731808310398,88.14932718769131
2024-06-27 03:00:00+00:00,84.98,97.01,86.55,112.23276300654757,94.21705673774011
2024-06-27 04:00:00+00:00,117.51,107.46,114.11,128.90434196563223,112.5311668631483
2024-06-27 05:00:00+00:00,125.11,130.0,112.84,141.49834672198205,132.89114646270457
2024-06-27 06:00:00+00:00,115.0,121.1,102.99,127.93089323727364,125.62978953201889
2024-06-27 07:00:00+00:00,88.87,101.76,80.69,102.25659300963225,106.93750754738329
2024-06-27 08:00:00+00:00,66.74,89.48,69.13,82.8316671725726,93.85039882229154
2024-06-27 09:00:00+00:00,52.4,84.1,58.77,70.07187375533167,84.36819689013105
2024-06-27 10:00:00+00:00,48.82,78.64,55.46,61.41659577802814,77.19714255729744
2024-06-27 11:00:00+00:00,45.31,76.54,53.81,55.961448407752265,72.35004561457409
2024-06-27 12:00:00+00:00,44.56,80.0,57.18,55.2664628822069,71.35367794483068
2024-06-27 13:00:00+00:00,48.39,90.45,68.58,61.9608841411283,77.76774413380562
2024-06-27 14:00:00+00:00,61.92,99.86,80.0,71.95561804381376,86.11592482116721
2024-06-27 15:00:00+00:00,75.59,105.8,98.27,86.59028813078733,94.50783642552635
2024-06-27 16:00:00+00:00,79.53,105.13,119.31,102.76027562903465,99.9600791853838
2024-06-27 17:00:00+00:00,110.08,126.73,155.62,130.8622904692966,122.80176418610608
2024-06-27 18:00:00+00:00,200.04,134.39,200.09,146.65188266836236,134.02167049878383
2024-06-27 19:00:00+00:00,186.18,128.85,130.06,135.14278485489007,119.82299237069863
2024-06-27 20:00:00+00:00,125.21,115.55,111.83,121.62163301656764,106.76807014748994
2024-06-27 21:00:00+00:00,101.8,110.0,95.05,109.99893042914452,97.3731590145257
2024-06-27 22:00:00+00:00,96.85,96.0,100.81,102.29075864164471,93.27103196842327
2024-06-27 23:00:00+00:00,95.42,86.9,90.77,92.95745528031475,84.6338261630874
2024-06-28 00:00:00+00:00,86.08,80.4,89.95,87.75754411620787,79.64166586241296
2024-06-28 01:00:00+00:00,79.97,82.84,87.83,89.08260179882686,81.18639146009582
2024-06-28 02:00:00+00:00,83.61,78.79,86.31,89.01963954412211,78.79245357214847
2024-06-28 03:00:00+00:00,91.28,84.98,86.14,94.41953859555093,83.71126049636607
2024-06-28 04:00:00+00:00,120.29,117.51,96.92,118.02205816377915,113.70233121989239
2024-06-28 05:00:00+00:00,108.93,125.11,122.8,124.39070559365278,128.46558644017222
2024-06-28 06:00:00+00:00,84.89,115.0,121.84,107.36517412731052,122.14559792940226
2024-06-28 07:00:00+00:00,59.9,88.87,111.67,75.64574886596805,101.52264604964562
2024-06-28 08:00:00+00:00,24.45,66.74,100.65,49.442781164236536,84.17757479782229
2024-06-28 09:00:00+00:00,2.03,52.4,89.94,31.021515299339384,72.6102948432682
2024-06-28 10:00:00+00:00,-1.56,48.82,88.54,20.956386456493746,68.04965096217005
2024-06-28 11:00:00+00:00,-5.09,45.31,82.68,12.877450508710368,63.26773544429203
2024-06-28 12:00:00+00:00,-9.95,44.56,78.22,8.621620672724802,61.12596670281188
2024-06-28 13:00:00+00:00,-9.91,48.39,82.03,14.505610521845611,64.76251902436647
2024-06-28 14:00:00+00:00,-6.48,61.92,88.85,30.963844039361064,75.15917000220183
2024-06-28 15:00:00+00:00,3.62,75.59,100.65,53.54903767879046,86.82845519683548
2024-06-28 16:00:00+00:00,41.98,79.53,110.0,74.34190981136506,91.43549821940586
2024-06-28 17:00:00+00:00,84.32,110.08,116.93,106.22186113137424,113.96894793621763
2024-06-28 18:00:00+00:00,108.93,200.04,114.4,164.0274822165489,173.97543523201222
2024-06-28 19:00:00+00:00,138.06,186.18,105.26,161.57755687983152,163.411140394195
2024-06-28 20:00:00+00:00,126.57,125.21,95.99,128.75286262963988,120.34180383155828
2024-06-28 21:00:00+00:00,109.02,101.8,82.14,112.18339783860442,100.44280175683394
2024-06-28 22:00:00+00:00,110.4,96.85,80.07,110.00239799151257,94.6640693270758
2024-06-28 23:00:00+00:00,109.91,95.42,70.25,106.1342009701067,89.3358330994457
2024-06-29 00:00:00+00:00,109.89,86.08,62.43,98.62753897414999,78.81549934384941
2024-06-29 01:00:00+00:00,109.56,79.97,50.5,93.11750266346974,70.41028830226145
2024-06-29 02:00:00+00:00,108.09,83.61,49.62,94.32460888097789,69.41340484864241
2024-06-29 03:00:00+00:00,103.07,91.28,46.47,96.01543734336437,70.37920953264461
2024-06-29 04:00:00+00:00,96.62,120.29,60.56,109.00186814698999,91.40068206052355
2024-06-29 05:00:00+00:00,84.14,108.93,48.89,94.11657211112154,83.11952480130599
2024-06-29 06:00:00+00:00,66.91,84.89,44.92,67.98945288653076,65.5929333009172
2024-06-29 07:00:00+00:00,29.58,59.9,34.65,38.66708421719777,45.531803079230755
2024-06-29 08:00:00+00:00,5.04,24.45,12.54,5.5351167657780564,17.359259993662917
2024-06-29 09:00:00+00:00,0.04,2.03,3.59,-13.7117583560335,0.4890928745488452
2024-06-29 10:00:00+00:00,-0.02,-1.56,2.62,-18.30396400293266,-2.1550203478412726
2024-06-29 11:00:00+00:00,-0.23,-5.09,0.03,-20.337915087802244,-5.388967098748026
2024-06-29 12:00:00+00:00,-0.08,-9.95,-0.01,-17.444426013085263,-7.468203677470498
2024-06-29 13:00:00+00:00,1.3,-9.91,-0.07,-7.357835432607416,-4.634231464960777
2024-06-29 14:00:00+00:00,11.91,-6.48,4.23,10.366138732429263,3.3422673834166687
2024-06-29 15:00:00+00:00,69.51,3.62,42.59,38.847308301783826,20.893912972943028
2024-06-29 16:00:00+00:00,104.3,41.98,80.49,78.94918181111213,55.527271287343105
2024-06-29 17:00:00+00:00,126.93,84.32,112.16,114.09060180223457,92.25759135485048
2024-06-29 18:00:00+00:00,139.2,108.93,122.81,132.22452830163766,118.42286981926479
2024-06-29 19:00:00+00:00,113.3,138.06,124.05,140.88779620031303,137.4754109288777
2024-06-29 20:00:00+00:00,100.08,126.57,110.17,124.56293810784874,124.2575113359429
2024-06-29 21:00:00+00:00,93.83,109.02,89.77,107.13061716832561,107.45536912222295
2024-06-29 22:00:00+00:00,70.06,110.4,90.49,104.45681480964453,113.00373846640339
2024-06-29 23:00:00+00:00,61.69,109.91,79.25,100.61262680256948,109.13651110880481
2024-06-30 00:00:00+00:00,66.67,109.89,71.24,97.21662628460861,104.08194356509857
2024-06-30 01:00:00+00:00,67.05,109.56,70.67,97.97680411336579,100.89545383142561
2024-06-30 02:00:00+00:00,64.36,108.09,66.94,97.13675305344698,96.19669152871
2024-06-30 03:00:00+00:00,51.39,103.07,62.09,93.52615323440594,88.88353826848522
2024-06-30 04:00:00+00:00,51.56,96.62,57.9,88.64303127862289,83.05974122516189
2024-06-30 05:00:00+00:00,20.42,84.14,46.35,76.03579804552255,71.64776885944352
2024-06-30 06:00:00+00:00,6.83,66.91,19.77,55.98600612519102,55.20258378482956
2024-06-30 07:00:00+00:00,0.82,29.58,4.24,27.545715417567976,27.625963177624897
2024-06-30 08:00:00+00:00,0.0,5.04,0.0,6.652738778049027,8.001339369793143
2024-06-30 09:00:00+00:00,0.0,0.04,-0.05,0.494625553582523,3.1812036910940975
2024-06-30 10:00:00+00:00,-0.02,-0.02,-0.1,-1.9215625592433696,1.6756223085673128
2024-06-30 11:00:00+00:00,-1.51,-0.23,-1.05,-4.054501441153931,-0.6668857572422269
2024-06-30 12:00:00+00:00,-1.09,-0.08,-2.21,-4.331695278185052,-0.888895534747391
2024-06-30 13:00:00+00:00,0.0,1.3,-2.05,0.014025850980885934,1.8853101793606015
2024-06-30 14:00:00+00:00,0.91,11.91,-0.27,12.388031382462856,12.352079362518921
2024-06-30 15:00:00+00:00,36.66,69.51,22.61,53.650233098063836,58.08584987289766
2024-06-30 16:00:00+00:00,70.02,104.3,71.12,90.89218923256422,95.47945737425225
2024-06-30 17:00:00+00:00,87.26,126.93,99.5,117.19236221430455,120.7389898263948
2024-06-30 18:00:00+00:00,99.9,139.2,115.14,134.6902247183256,136.14406159280048
2024-06-30 19:00:00+00:00,102.39,113.3,115.44,127.13033525149092,123.62425000320106
2024-06-30 20:00:00+00:00,102.16,100.08,114.33,121.63829038685307,115.90408144609475
2024-06-30 21:00:00+00:00,93.01,93.83,99.79,114.15103526437699,107.34364657591736
2024-06-30 22:00:00+00:00,94.88,70.06,106.18,110.70928295355543,101.79140107492258
2024-06-30 23:00:00+00:00,84.32,61.69,92.19,104.29474550931548,93.98364401404784
2024-07-01 00:00:00+00:00,78.19,66.67,84.93,105.78539026254576,95.93025522557167
2024-07-01 01:00:00+00:00,78.01,67.05,84.46,107.07177437110101,96.17354065063435
2024-07-01 02:00:00+00:00,75.63,64.36,84.96,109.51668815629475,95.94794533820627
2024-07-01 03:00:00+00:00,80.82,51.39,97.02,109.90026079287554,91.22236431402028
2024-07-01 04:00:00+00:00,122.19,51.56,136.06,123.39358075731849,102.77652461344661
2024-07-01 05:00:00+00:00,141.3,20.42,136.0,111.59881779571289,87.2639769157684
2024-07-01 06:00:00+00:00,142.36,6.83,102.99,96.91961765912433,75.17952563816954
2024-07-01 07:00:00+00:00,115.57,0.82,79.34,81.25588245680669,64.48993344368128
2024-07-01 08:00:00+00:00,107.01,0.0,53.88,68.15426376207617,57.20285586510071
2024-07-01 09:00:00+00:00,91.67,0.0,37.81,58.854462261632044,54.016660295453704
2024-07-01 10:00:00+00:00,77.38,-0.02,31.19,50.873510241666935,51.738026533243996
2024-07-01 11:00:00+00:00,69.9,-1.51,29.96,42.289194963925674,48.46986240973271
2024-07-01 12:00:00+00:00,39.92,-1.09,30.93,36.6300908235067,47.24330403412303
2024-07-01 13:00:00+00:00,34.61,0.0,47.85,36.581993119406356,49.38256614276841
2024-07-01 14:00:00+00:00,37.63,0.91,66.32,42.23104673524566,52.99420209910121
2024-07-01 15:00:00+00:00,62.2,36.66,82.49,73.52157553132457,84.97341580346533
2024-07-01 16:00:00+00:00,78.04,70.02,98.39,104.8600042794519,113.37286538561015
2024-07-01 17:00:00+00:00,102.47,87.26,153.3,130.93964390840492,133.91354681817614
2024-07-01 18:00:00+00:00,166.79,99.9,209.32,149.22813947247383,148.76661049365055
2024-07-01 19:00:00+00:00,129.1,102.39,156.0,142.93051278718235,140.3656736908973
2024-07-01 20:00:00+00:00,107.51,102.16,116.59,133.80860123244602,133.17172416558776
2024-07-01 21:00:00+00:00,87.88,93.01,91.89,119.99186158867734,120.85080614138113
2024-07-01 22:00:00+00:00,81.59,94.88,88.8,107.28223960888732,109.769192392744
2024-07-01 23:00:00+00:00,79.93,84.32,84.8,99.01111507766669,100.84390093914956
2024-07-02 00:00:00+00:00,82.07,78.19,84.78,95.33786794716931,96.57625080188686
2024-07-02 01:00:00+00:00,80.95,78.01,85.22,96.43669101716131,96.35876011410828
2024-07-02 02:00:00+00:00,81.99,75.63,85.5,98.80998537076039,95.74483789234449
2024-07-02 03:00:00+00:00,81.99,80.82,94.9,106.98833939381888,101.07397742991407
2024-07-02 04:00:00+00:00,96.5,122.19,114.8,138.22861013790202,137.36387719822278
2024-07-02 05:00:00+00:00,100.69,141.3,122.0,148.41490995535702,152.80681460445646
2024-07-02 06:00:00+00:00,101.27,142.36,103.8,141.52856855159527,151.53382287555036
2024-07-02 07:00:00+00:00,87.5,115.57,74.64,117.10690201135952,128.7901024411357
2024-07-02 08:00:00+00:00,83.11,107.01,48.32,103.52778118366405,118.0690142023712
2024-07-02 09:00:00+00:00,74.56,91.67,12.83,88.03413766113289,101.98663559392402
2024-07-02 10:00:00+00:00,72.72,77.38,0.0,75.68227746072972,88.55222874158868
2024-07-02 11:00:00+00:00,69.16,69.9,-0.05,68.23068875066377,80.64134917451246
2024-07-02 12:00:00+00:00,60.93,39.92,-0.04,49.690749331861845,58.11094904578169
2024-07-02 13:00:00+00:00,62.73,34.61,11.59,48.76210492088382,54.694960209298955
2024-07-02 14:00:00+00:00,74.22,37.63,48.37,56.38726651776119,59.656617138493374
2024-07-02 15:00:00+00:00,75.9,62.2,74.0,78.94115843990801,82.7316326127053
2024-07-02 16:00:00+00:00,84.79,78.04,95.9,97.62452577075425,100.36622768993017
2024-07-02 17:00:00+00:00,103.63,102.47,128.9,119.44359847087262,122.73075186048777
2024-07-02 18:00:00+00:00,115.0,166.79,136.69,155.1938018705906,166.00844517181463
2024-07-02 19:00:00+00:00,109.96,129.1,122.09,133.79071386693298,138.76840860566043
2024-07-02 20:00:00+00:00,109.05,107.51,106.57,117.1745691170631,121.36441008176172
2024-07-02 21:00:00+00:00,86.0,87.88,89.95,99.3933691140139,102.96818960801005
2024-07-02 22:00:00+00:00,68.19,81.59,107.15,86.31338028669977,88.92784673636812
2024-07-02 23:00:00+00:00,65.3,79.93,99.88,83.16248652090479,85.54521073907564
2024-07-03 00:00:00+00:00,63.18,82.07,95.32,84.0554625154089,85.75852417230745
2024-07-03 01:00:00+00:00,65.58,80.95,95.46,85.58555183838143,84.77082611181808
2024-07-03 02:00:00+00:00,71.14,81.99,91.68,90.22989338791561,85.79911474528895
2024-07-03 03:00:00+00:00,78.91,81.99,97.01,97.85422808692435,89.06560578701234
2024-07-03 04:00:00+00:00,100.25,96.5,107.46,117.76884987443474,109.3768757740107
2024-07-03 05:00:00+00:00,116.51,100.69,130.0,126.11977953234302,120.7506045024837
2024-07-03 06:00:00+00:00,115.0,101.27,121.1,119.89340125205493,121.05372655868962
2024-07-03 07:00:00+00:00,90.59,87.5,101.76,101.38123427224028,106.69561051504004
2024-07-03 08:00:00+00:00,76.63,83.11,89.48,90.75582407483698,100.54346443958093
2024-07-03 09:00:00+00:00,73.1,74.56,84.1,81.27021529982224,92.11946175272838
2024-07-03 10:00:00+00:00,71.76,72.72,78.64,75.99295241802022,87.4705935627431
2024-07-03 11:00:00+00:00,71.14,69.16,76.54,72.02086359567274,82.23542143804202
2024-07-03 12:00:00+00:00,73.12,60.93,80.0,66.67542005689548,72.38614617742257
2024-07-03 13:00:00+00:00,71.98,62.73,90.45,70.95394824405415,72.87716539243485
2024-07-03 14:00:00+00:00,74.01,74.22,99.86,81.85513039333853,80.77811807752865
2024-07-03 15:00:00+00:00,86.97,75.9,105.8,91.7847514496709,85.66471191793458
2024-07-03 16:00:00+00:00,99.6,84.79,105.13,104.41760876971354,94.24683532344709
2024-07-03 17:00:00+00:00,118.79,103.63,126.73,122.29003332432836,111.86591971433343
2024-07-03 18:00:00+00:00,163.89,115.0,134.39,129.9646297161397,123.65408085172379
2024-07-03 19:00:00+00:00,115.88,109.96,128.85,119.87658783582917,115.21013542661267
2024-07-03 20:00:00+00:00,95.32,109.05,115.55,108.32355189122751,109.76733740165548
2024-07-03 21:00:00+00:00,76.1,86.0,110.0,84.88621532245284,89.63401659796973
2024-07-03 22:00:00+00:00,64.24,68.19,96.0,67.15583172637955,69.87466620042608
2024-07-03 23:00:00+00:00,51.94,65.3,86.9,57.888433752934155,65.83245635940517
2024-07-04 00:00:00+00:00,26.46,63.18,80.4,52.537056640813866,63.532772479415044
2024-07-04 01:00:00+00:00,18.01,65.58,82.84,52.641612610241445,65.66943882850845
2024-07-04 02:00:00+00:00,10.08,71.14,78.79,55.57076623533617,69.9711620426601
2024-07-04 03:00:00+00:00,10.27,78.91,84.98,61.927357190832154,77.5127945186077
2024-07-04 04:00:00+00:00,36.43,100.25,117.51,82.60073518887879,103.09519339985019
2024-07-04 05:00:00+00:00,40.0,116.51,125.11,92.51783974503248,120.08461326107587
2024-07-04 06:00:00+00:00,33.56,115.0,115.0,86.05143142651272,119.38474723576957
2024-07-04 07:00:00+00:00,22.65,90.59,88.87,61.556738136103405,98.47289793128888
2024-07-04 08:00:00+00:00,1.9,76.63,66.74,42.435112528147464,85.37731287081682
2024-07-04 09:00:00+00:00,0.0,73.1,52.4,32.00910863062772,79.47632856642339
2024-07-04 10:00:00+00:00,-0.04,71.76,48.82,26.152139415907115,76.2032085419226
2024-07-04 11:00:00+00:00,-5.03,71.14,45.31,19.827496835058184,73.13893945647347
2024-07-04 12:00:00+00:00,-19.09,73.12,44.56,15.333244303541676,71.10825616643577
2024-07-04 13:00:00+00:00,-18.03,71.98,48.39,15.651803075070745,69.75834047473833
2024-07-04 14:00:00+00:00,-8.7,74.01,61.92,22.89903243263008,73.28564040922926
2024-07-04 15:00:00+00:00,-0.03,86.97,75.59,39.693905384020944,84.62464326359346
2024-07-04 16:00:00+00:00,6.77,99.6,79.53,60.319714544418076,96.0529528827057
2024-07-04 17:00:00+00:00,49.85,118.79,110.08,90.0140499896181,115.2374030714973
2024-07-04 18:00:00+00:00,86.91,163.89,200.04,134.85161390917483,156.57972887912234
2024-07-04 19:00:00+00:00,115.3,115.88,186.18,111.39021358884814,122.07870598680756
2024-07-04 20:00:00+00:00,86.91,95.32,125.21,90.24841733079228,99.67742337211331
2024-07-04 21:00:00+00:00,64.01,76.1,101.8,70.01851639056153,79.53096159473772
2024-07-04 22:00:00+00:00,31.41,64.24,96.85,59.21529742852227,72.38651059912755
2024-07-04 23:00:00+00:00,20.13,51.94,95.42,49.223808484253794,63.12945511777849
2024-07-05 00:00:00+00:00,20.59,26.46,86.08,34.00184277335015,45.233764731952974
2024-07-05 01:00:00+00:00,19.79,18.01,79.97,31.064429738187243,40.10043969175811
2024-07-05 02:00:00+00:00,8.98,10.08,83.61,31.960171119500487,37.84579052564422
2024-07-05 03:00:00+00:00,10.01,10.27,91.28,38.56028767446234,42.2005283675461
2024-07-05 04:00:00+00:00,38.19,36.43,120.29,62.18023679380223,70.8426832773806
2024-07-05 05:00:00+00:00,45.75,40.0,108.93,65.58268633815885,78.68624398454637
2024-07-05 06:00:00+00:00,39.43,33.56,84.89,50.77133139367508,73.1900548921517
2024-07-05 07:00:00+00:00,18.56,22.65,59.9,25.51894075454696,60.20413410653603
2024-07-05 08:00:00+00:00,2.95,1.9,24.45,-1.6090910173572013,40.743340066975364
2024-07-05 09:00:00+00:00,0.41,0.0,2.03,-9.930626921545226,35.94806684873673
2024-07-05 10:00:00+00:00,-0.05,-0.04,-1.56,-13.472081743499658,33.844879884077145
2024-07-05 11:00:00+00:00,-0.64,-5.03,-5.09,-16.89692416843215,28.377319894878653
2024-07-05 12:00:00+00:00,-0.78,-19.09,-9.95,-21.92670059552414,17.455735202517488
2024-07-05 13:00:00+00:00,-0.03,-18.03,-9.91,-16.075641251549158,17.962198236370554
2024-07-05 14:00:00+00:00,1.93,-8.7,-6.48,-1.8222490289852686,25.32794814193393
2024-07-05 15:00:00+00:00,16.81,-0.03,3.62,18.874768795393067,35.2646804829254
2024-07-05 16:00:00+00:00,64.35,6.77,41.98,43.354533574060206,46.69475527190164
2024-07-05 17:00:00+00:00,90.09,49.85,84.32,82.44317477567967,80.8981765923599
2024-07-05 18:00:00+00:00,142.36,86.91,108.93,110.28995877958013,109.26279444965937
2024-07-05 19:00:00+00:00,130.38,115.3,138.06,125.85201512926885,125.80171193567813
2024-07-05 20:00:00+00:00,102.22,86.91,126.57,105.60547515413872,103.02300856017943
2024-07-05 21:00:00+00:00,84.95,64.01,109.02,85.35422711292706,81.8797653760696
2024-07-05 22:00:00+00:00,89.1,31.41,110.4,63.82399835624262,58.24352883719724
2024-07-05 23:00:00+00:00,70.71,20.13,109.91,51.627530009690446,46.87939278677729
2024-07-06 00:00:00+00:00,63.52,20.59,109.89,45.38994909387157,42.123406277301946
2024-07-06 01:00:00+00:00,46.46,19.79,109.56,39.465987014666005,37.46606585584186
2024-07-06 02:00:00+00:00,38.62,8.98,108.09,29.227482595180504,26.476876138101545
2024-07-06 03:00:00+00:00,15.69,10.01,103.07,23.64762251752306,22.232909590935733
2024-07-06 04:00:00+00:00,5.73,38.19,96.62,30.588982481288653,38.83896655096823
2024-07-06 05:00:00+00:00,5.37,45.75,84.14,25.4002842748624,42.42934900004992
2024-07-06 06:00:00+00:00,3.39,39.43,66.91,10.176212627860835,35.82292586844228
2024-07-06 07:00:00+00:00,0.0,18.56,29.58,-18.781999202896372,16.349540771745254
2024-07-06 08:00:00+00:00,-9.92,2.95,5.04,-42.421257343050755,0.26254406510263095
2024-07-06 09:00:00+00:00,-28.87,0.41,0.04,-50.52115623090127,-2.5801825703368166
2024-07-06 10:00:00+00:00,-32.69,-0.05,-0.02,-49.480293153491786,-2.348888510571939
2024-07-06 11:00:00+00:00,-44.1,-0.64,-0.23,-47.025079609385685,-3.7991692609328993
2024-07-06 12:00:00+00:00,-48.07,-0.78,-0.08,-42.632303764082494,-5.280939373323619
2024-07-06 13:00:00+00:00,-34.84,-0.03,1.3,-36.20518990728117,-3.0296639409743307
2024-07-06 14:00:00+00:00,-13.68,1.93,11.91,-27.506966785529386,3.051188647198259
2024-07-06 15:00:00+00:00,-0.06,16.81,69.51,-6.681554370176471,24.221615604455266
2024-07-06 16:00:00+00:00,1.88,64.35,104.3,29.050294644629744,64.07750409400103
2024-07-06 17:00:00+00:00,0.22,90.09,126.93,57.66428241162416,90.76187770071877
2024-07-06 18:00:00+00:00,6.69,142.36,139.2,96.04793693677375,132.25242692982124
2024-07-06 19:00:00+00:00,9.4,130.38,113.3,91.30481648703068,125.1835184986488
2024-07-06 20:00:00+00:00,18.0,102.22,100.08,75.25351939713102,104.30097392705659
2024-07-06 21:00:00+00:00,14.02,84.95,93.83,62.03240506889462,89.03971208213657
2024-07-06 22:00:00+00:00,-0.03,89.1,70.06,59.753758830846344,90.88073632030222
2024-07-06 23:00:00+00:00,-0.1,70.71,61.69,47.75104207807997,74.22890459467845
2024-07-07 00:00:00+00:00,-0.8,63.52,66.67,44.240358082289504,66.95784491107406
2024-07-07 01:00:00+00:00,-0.48,46.46,67.05,36.02803714273813,52.19495301527314
2024-07-07 02:00:00+00:00,-0.06,38.62,64.36,32.189950634300885,42.237878620461395
2024-07-07 03:00:00+00:00,-0.01,15.69,51.39,20.65976690944906,22.39010296839318
2024-07-07 04:00:00+00:00,-0.01,5.73,51.56,16.864144514361698,15.804666829330387
2024-07-07 05:00:00+00:00,-0.01,5.37,20.42,9.778699465694245,11.38819761071062
2024-07-07 06:00:00+00:00,-0.6,3.39,6.83,-1.305047393870339,7.531188335815244
2024-07-07 07:00:00+00:00,-6.49,0.0,0.82,-13.259844196695312,3.1298617704105
2024-07-07 08:00:00+00:00,-9.98,-9.92,0.0,-23.2008461818547,-4.550963764672247
2024-07-07 09:00:00+00:00,-12.04,-28.87,0.0,-32.08866565620296,-16.212944277457666
2024-07-07 10:00:00+00:00,-13.49,-32.69,-0.02,-33.73274759222666,-19.020660752227116
2024-07-07 11:00:00+00:00,-22.37,-44.1,-1.51,-38.04842847087353,-27.180148702052904
2024-07-07 12:00:00+00:00,-20.98,-48.07,-1.09,-36.32527878757027,-28.828896766485187
2024-07-07 13:00:00+00:00,-12.2,-34.84,0.0,-23.303500073639313,-17.772233377576583
2024-07-07 14:00:00+00:00,-6.16,-13.68,0.91,-1.6982263499803736,-0.07574842066533449
2024-07-07 15:00:00+00:00,-0.08,-0.06,36.66,24.79635025654362,19.80595361556071
2024-07-07 16:00:00+00:00,63.99,1.88,70.02,48.930368789402294,34.94863614911429
2024-07-07 17:00:00+00:00,90.27,0.22,87.26,65.30043038453434,41.632905298129465
2024-07-07 18:00:00+00:00,125.64,6.69,99.9,80.69259833821405,54.74870993566045
2024-07-07 19:00:00+00:00,133.17,9.4,102.39,81.7379162142719,56.41601461233702
2024-07-07 20:00:00+00:00,115.2,18.0,102.16,82.34087446470213,60.84825328620397
2024-07-07 21:00:00+00:00,97.13,14.02,93.01,72.86855465855498,53.96702384701545
2024-07-07 22:00:00+00:00,81.62,-0.03,94.88,67.0108079354971,52.25126753779806
2024-07-07 23:00:00+00:00,76.65,-0.1,84.32,60.520158943848315,48.272522846900145
2024-07-08 00:00:00+00:00,74.08,-0.8,78.19,56.062660466047156,45.62381950549312
2024-07-08 01:00:00+00:00,77.72,-0.48,78.01,55.28185634452103,44.42659842550252
2024-07-08 02:00:00+00:00,76.28,-0.06,75.63,57.47744494200909,44.99451469359123
2024-07-08 03:00:00+00:00,80.44,-0.01,80.82,62.42074576268115,46.424957005129826
2024-07-08 04:00:00+00:00,112.18,-0.01,122.19,75.45258807885857,58.27904633614118
2024-07-08 05:00:00+00:00,125.0,-0.01,141.3,78.008864689847,65.91360120343508
2024-07-08 06:00:00+00:00,100.64,-0.6,142.36,68.12641930249677,66.979054388952
2024-07-08 07:00:00+00:00,77.61,-6.49,115.57,46.609387565535805,58.41880113117649
2024-07-08 08:00:00+00:00,53.93,-9.98,107.01,30.021914799848375,52.77433022676048
2024-07-08 09:00:00+00:00,38.43,-12.04,91.67,19.286296358295928,47.09523907572323
2024-07-08 10:00:00+00:00,31.79,-13.49,77.38,13.945378011333148,42.48777827274111
2024-07-08 11:00:00+00:00,29.45,-22.37,69.9,7.5264061884129205,32.33939882187026
2024-07-08 12:00:00+00:00,29.56,-20.98,39.92,5.432141097047776,26.70253119627752
2024-07-08 13:00:00+00:00,36.75,-12.2,34.61,15.265738351890121,31.74448801162187
2024-07-08 14:00:00+00:00,64.0,-6.16,37.63,28.40177396776852,36.995497421985775
2024-07-08 15:00:00+00:00,80.2,-0.08,62.2,48.869714707374776,46.51482514856109
2024-07-08 16:00:00+00:00,102.63,63.99,78.04,100.17688765786193,93.20983726993478
2024-07-08 17:00:00+00:00,136.49,90.27,102.47,130.23581963911798,115.3724107047036
2024-07-08 18:00:00+00:00,257.35,125.64,166.79,164.08708365743064,148.5520653625625
2024-07-08 19:00:00+00:00,173.69,133.17,129.1,163.73493587493124,149.14455360495552
2024-07-08 20:00:00+00:00,113.65,115.2,107.51,148.1048268916515,134.6919640168616
2024-07-08 21:00:00+00:00,92.02,97.13,87.88,130.03214989145258,117.66351266505708
2024-07-08 22:00:00+00:00,105.52,81.62,81.59,107.84326159926897,95.5191193491631
2024-07-08 23:00:00+00:00,95.96,76.65,79.93,102.06932358739121,90.83449745357498
2024-07-09 00:00:00+00:00,93.08,74.08,82.07,99.39936610337045,88.68239078793152
2024-07-09 01:00:00+00:00,91.14,77.72,80.95,101.85368333388736,90.8593331322057
2024-07-09 02:00:00+00:00,87.66,76.28,81.99,103.86311336086473,90.59100110032203
2024-07-09 03:00:00+00:00,96.83,80.44,81.99,110.28189042795098,94.80403331481709
2024-07-09 04:00:00+00:00,111.38,112.18,96.5,134.77538226393034,123.96844704421633
2024-07-09 05:00:00+00:00,103.76,125.0,100.69,139.60536827397902,137.56981329505385
2024-07-09 06:00:00+00:00,94.0,100.64,101.27,116.23029336190137,122.28382749323224
2024-07-09 07:00:00+00:00,67.26,77.61,87.5,86.39885273750578,103.02408432761186
2024-07-09 08:00:00+00:00,46.63,53.93,83.11,59.09078267948612,84.77612052785737
2024-07-09 09:00:00+00:00,33.71,38.43,74.56,40.24754972984925,71.9375191560805
2024-07-09 10:00:00+00:00,21.95,31.79,72.72,29.20582465071989,64.9840389848215
2024-07-09 11:00:00+00:00,5.04,29.45,69.16,22.627437709710676,59.41765849900425
2024-07-09 12:00:00+00:00,2.71,29.56,60.93,20.997742993318283,56.03374861494468
2024-07-09 13:00:00+00:00,11.08,36.75,62.73,30.065012360486477,60.65159418729574
2024-07-09 14:00:00+00:00,53.73,64.0,74.22,52.688666358753025,78.54717186044073
2024-07-09 15:00:00+00:00,81.69,80.2,75.9,74.28522096973113,89.84645090898468
2024-07-09 16:00:00+00:00,99.27,102.63,84.79,104.95591547693333,112.25206514351618
2024-07-09 17:00:00+00:00,151.5,136.49,103.63,136.0914075721026,139.88533569152213
2024-07-09 18:00:00+00:00,147.64,257.35,115.0,205.5519854757631,225.38316868855725
2024-07-09 19:00:00+00:00,108.12,173.69,109.96,157.76712577650738,170.39042439302085
2024-07-09 20:00:00+00:00,86.07,113.65,109.05,115.96279642909359,128.1886297592698
2024-07-09 21:00:00+00:00,68.89,92.02,86.0,91.96045232763692,107.33463270913339
2024-07-09 22:00:00+00:00,55.0,105.52,68.19,79.76791100827353,99.45360757003712
2024-07-09 23:00:00+00:00,54.9,95.96,65.3,74.97812167623364,91.92019098179175
2024-07-10 00:00:00+00:00,53.92,93.08,63.18,76.1088956444442,89.36690313597059
2024-07-10 01:00:00+00:00,54.98,91.14,65.58,80.63384784025108,88.59358624368915
2024-07-10 02:00:00+00:00,59.92,87.66,71.14,85.41969888661514,87.66830368388638
2024-07-10 03:00:00+00:00,66.14,96.83,78.91,97.92069325683529,96.97932405314046
2024-07-10 04:00:00+00:00,84.46,111.38,100.25,118.63522242142767,118.21240900349943
2024-07-10 05:00:00+00:00,106.46,103.76,116.51,120.99014338199265,120.94171246346221
2024-07-10 06:00:00+00:00,102.01,94.0,115.0,112.20956244853005,113.87643148710559
2024-07-10 07:00:00+00:00,84.93,67.26,90.59,87.83244115487369,90.56040789867609
2024-07-10 08:00:00+00:00,65.0,46.63,76.63,67.48804242726939,72.21121274990804
2024-07-10 09:00:00+00:00,55.77,33.71,73.1,55.457319429372056,61.46670109686004
2024-07-10 10:00:00+00:00,47.13,21.95,71.76,45.900022724122934,51.38954734299931
2024-07-10 11:00:00+00:00,44.58,5.04,71.14,36.05056627075644,38.20899040415058
2024-07-10 12:00:00+00:00,55.0,2.71,73.12,35.270938415514216,35.094553464740855
2024-07-10 13:00:00+00:00,58.43,11.08,71.98,41.77506268788046,40.3022455650992
2024-07-10 14:00:00+00:00,67.48,53.73,74.01,69.00839848405599,70.15598501040006
2024-07-10 15:00:00+00:00,80.14,81.69,86.97,94.78526628632659,92.5175593415092
2024-07-10 16:00:00+00:00,80.73,99.27,99.6,118.11303967329306,108.74528112915242
2024-07-10 17:00:00+00:00,99.72,151.5,118.79,158.69522528157984,149.1109996158253
2024-07-10 18:00:00+00:00,148.61,147.64,163.89,169.3920807923975,160.25200942259977
2024-07-10 19:00:00+00:00,164.08,108.12,115.88,137.1488990809441,119.86284990193415
2024-07-10 20:00:00+00:00,113.97,86.07,95.32,115.52864656853303,96.34651263113155
2024-07-10 21:00:00+00:00,92.92,68.89,76.1,97.3865966136542,78.36810344246568
2024-07-10 22:00:00+00:00,96.02,55.0,64.24,82.69399309729538,63.15632789600827
2024-07-10 23:00:00+00:00,79.95,54.9,51.94,78.68297328802839,60.17710605195983
2024-07-11 00:00:00+00:00,77.06,53.92,26.46,74.06837893859691,55.909455123942024
2024-07-11 01:00:00+00:00,79.6,54.98,18.01,74.71941772475438,55.948054408970826
2024-07-11 02:00:00+00:00,80.31,59.92,10.08,78.65952114421617,58.69263087856973
2024-07-11 03:00:00+00:00,81.98,66.14,10.27,86.81909728626049,65.3972280180888
2024-07-11 04:00:00+00:00,107.71,84.46,36.43,106.61692537849562,87.80425975662372
2024-07-11 05:00:00+00:00,120.0,106.46,40.0,118.67661008612312,106.86257988661276
2024-07-11 06:00:00+00:00,106.53,102.01,33.56,107.88269879593489,103.58614122436698
2024-07-11 07:00:00+00:00,89.11,84.93,22.65,84.99721396878633,88.17929966170124
2024-07-11 08:00:00+00:00,80.69,65.0,1.9,59.371783154331276,69.44647994320385
2024-07-11 09:00:00+00:00,66.6,55.77,0.0,44.2801707256504,60.83033387598091
2024-07-11 10:00:00+00:00,57.44,47.13,-0.04,32.176398798289526,52.740845673763445
2024-07-11 11:00:00+00:00,47.7,44.58,-5.03,23.850965285200104,46.43676216471127
2024-07-11 12:00:00+00:00,44.48,55.0,-19.09,23.703406936370868,48.22090502770369
2024-07-11 13:00:00+00:00,50.1,58.43,-18.03,28.389314434529226,49.3867566735227
2024-07-11 14:00:00+00:00,60.98,67.48,-8.7,43.20602715996785,58.92341404416932
2024-07-11 15:00:00+00:00,81.91,80.14,-0.03,64.18571670407917,71.04008368034226
2024-07-11 16:00:00+00:00,91.58,80.73,6.77,82.15744763838367,75.5437142173123
2024-07-11 17:00:00+00:00,120.0,99.72,49.85,111.3331369500942,98.37352723533253
2024-07-11 18:00:00+00:00,184.33,148.61,86.91,145.91395586855083,134.51817418102465
2024-07-11 19:00:00+00:00,166.74,164.08,115.3,155.70726508891275,144.62955856806474
2024-07-11 20:00:00+00:00,121.59,113.97,86.91,121.23722796301985,105.03917206948698
2024-07-11 21:00:00+00:00,98.12,92.92,64.01,100.48644017378497,83.99134589649155
2024-07-11 22:00:00+00:00,102.42,96.02,31.41,99.56527129447583,84.23390435700162
2024-07-11 23:00:00+00:00,87.31,79.95,20.13,87.9443267456335,71.24488132846369
2024-07-12 00:00:00+00:00,82.87,77.06,20.59,85.48989599596871,68.75817012612342
2024-07-12 01:00:00+00:00,83.03,79.6,19.79,87.65026156114789,70.47827966625485
2024-07-12 02:00:00+00:00,82.21,80.31,8.98,89.28786402545506,70.61737823201011
2024-07-12 03:00:00+00:00,84.25,81.98,10.01,94.4420793503515,74.0838752504597
2024-07-12 04:00:00+00:00,107.94,107.71,38.19,118.1099196716119,101.9645078822127
2024-07-12 05:00:00+00:00,109.92,120.0,45.75,127.64866702111456,117.5019482159075
2024-07-12 06:00:00+00:00,109.6,106.53,39.43,115.73837871197826,109.15849844367379
2024-07-12 07:00:00+00:00,102.4,89.11,18.56,96.11594950436559,93.12236519947567
2024-07-12 08:00:00+00:00,95.87,80.69,2.95,81.35313373608105,82.52519285012107
2024-07-12 09:00:00+00:00,89.83,66.6,0.41,68.65766942542359,70.9672443145859
2024-07-12 10:00:00+00:00,83.25,57.44,-0.05,59.345144960026886,61.81123978641379
2024-07-12 11:00:00+00:00,78.6,47.7,-0.64,50.80070150104952,52.61819282354634
2024-07-12 12:00:00+00:00,78.04,44.48,-0.78,47.22015896021405,49.205755690607205
2024-07-12 13:00:00+00:00,78.19,50.1,-0.03,50.94135246423494,52.46762544642017
2024-07-12 14:00:00+00:00,85.71,60.98,1.93,60.48568703486375,60.57911514452005
2024-07-12 15:00:00+00:00,85.54,81.91,16.81,79.31193549612776,78.40318753231966
2024-07-12 16:00:00+00:00,92.26,91.58,64.35,95.24887065835962,91.75024601070858
2024-07-12 17:00:00+00:00,102.39,120.0,90.09,116.01187069502146,114.70126200698186
2024-07-12 18:00:00+00:00,93.29,184.33,142.36,158.7385341122419,167.4623154663716
2024-07-12 19:00:00+00:00,94.61,166.74,130.38,147.50799302693636,155.05672431017965
2024-07-12 20:00:00+00:00,85.66,121.59,102.22,115.67798809132863,117.05607469860692
2024-07-12 21:00:00+00:00,79.11,98.12,84.95,96.45226454348055,95.63935555935183
2024-07-12 22:00:00+00:00,50.65,102.42,89.1,85.79305723748492,98.9925429179523
2024-07-12 23:00:00+00:00,50.52,87.31,70.71,72.37622068406213,82.66891986136811
2024-07-13 00:00:00+00:00,36.92,82.87,63.52,66.70547005008487,75.80244256375241
2024-07-13 01:00:00+00:00,37.67,83.03,46.46,62.9098436091275,70.88487872246526
2024-07-13 02:00:00+00:00,32.72,82.21,38.62,60.70935293372919,66.29344820462583
2024-07-13 03:00:00+00:00,31.05,84.25,15.69,58.016084702080114,61.20576896254433
2024-07-13 04:00:00+00:00,30.66,107.94,5.73,67.2952721029362,74.32711746233237
2024-07-13 05:00:00+00:00,27.82,109.92,5.37,64.15161147294145,75.87517113132844
2024-07-13 06:00:00+00:00,26.6,109.6,3.39,54.75734276153442,74.35845293727026
2024-07-13 07:00:00+00:00,20.97,102.4,0.0,41.08211148429564,68.10275434125286
2024-07-13 08:00:00+00:00,5.16,95.87,-9.92,27.51695803002454,60.846030503586206
2024-07-13 09:00:00+00:00,0.04,89.83,-28.87,14.478806569317541,52.53483087423039
2024-07-13 10:00:00+00:00,-0.01,83.25,-32.69,5.697553744168516,46.06085906938094
2024-07-13 11:00:00+00:00,-5.0,78.6,-44.1,-2.279578914330358,39.40172373007771
2024-07-13 12:00:00+00:00,-14.9,78.04,-48.07,-4.643435573608187,37.83170803738337
2024-07-13 13:00:00+00:00,-11.47,78.19,-34.84,0.24754769702703072,41.09797500813838
2024-07-13 14:00:00+00:00,-3.48,85.71,-13.68,14.835744914138147,52.41511086673656
2024-07-13 15:00:00+00:00,-0.01,85.54,-0.06,31.08688059349116,60.28282914710756
2024-07-13 16:00:00+00:00,28.77,92.26,1.88,52.12416690742239,70.91936739370347
2024-07-13 17:00:00+00:00,50.33,102.39,0.22,73.40946777417408,82.33873825820237
2024-07-13 18:00:00+00:00,75.45,93.29,6.69,79.67373472072683,82.30118589040936
2024-07-13 19:00:00+00:00,76.26,94.61,9.4,80.85756895509229,82.993492254589
2024-07-13 20:00:00+00:00,78.84,85.66,18.0,72.5939176782545,75.34492296183436
2024-07-13 21:00:00+00:00,63.0,79.11,14.02,63.01239675395965,67.42232556319541
2024-07-13 22:00:00+00:00,88.95,50.65,-0.03,56.946157020862216,53.38390831291711
2024-07-13 23:00:00+00:00,63.19,50.52,-0.1,53.16168432128928,50.28921618530075
2024-07-14 00:00:00+00:00,55.45,36.92,-0.8,44.44960960652655,38.9665754966724
2024-07-14 01:00:00+00:00,44.3,37.67,-0.48,43.73176191374761,36.799923572807785
2024-07-14 02:00:00+00:00,37.93,32.72,-0.06,41.10196666749132,30.861578188986982
2024-07-14 03:00:00+00:00,36.81,31.05,-0.01,40.168351333927575,27.23908615956519
2024-07-14 04:00:00+00:00,31.96,30.66,-0.01,36.95465162224794,26.195285305945745
2024-07-14 05:00:00+00:00,14.28,27.82,-0.01,27.774595734165345,24.082912551329542
2024-07-14 06:00:00+00:00,0.29,26.6,-0.6,13.261880042300888,23.40600000682113
2024-07-14 07:00:00+00:00,-3.31,20.97,-6.49,-3.961341067719445,19.123095787097725
2024-07-14 08:00:00+00:00,-21.13,5.16,-9.98,-23.39213525865874,8.098162560276435
2024-07-14 09:00:00+00:00,-40.08,0.04,-12.04,-29.369364251154636,4.747647985748358
2024-07-14 10:00:00+00:00,-59.47,-0.01,-13.49,-31.249096991072705,3.4916334155801536
2024-07-14 11:00:00+00:00,-73.96,-5.0,-22.37,-35.804749509747396,-2.223733012553666
2024-07-14 12:00:00+00:00,-73.96,-14.9,-20.98,-35.99603720432374,-7.4083578638709895
2024-07-14 13:00:00+00:00,-51.82,-11.47,-12.2,-23.573874146884478,-1.3137632635614125
2024-07-14 14:00:00+00:00,-20.03,-3.48,-6.16,-7.044535821616606,9.286100605878616
2024-07-14 15:00:00+00:00,-0.05,-0.01,-0.08,10.94194564932694,17.42426624923833
2024-07-14 16:00:00+00:00,46.54,28.77,63.99,50.447797251778354,50.325725459427375
2024-07-14 17:00:00+00:00,91.93,50.33,90.27,77.78428644074417,71.84976011891213
2024-07-14 18:00:00+00:00,115.8,75.45,125.64,102.33138439611419,94.77097816625506
2024-07-14 19:00:00+00:00,108.68,76.26,133.17,105.58768301568169,98.38604484306805
2024-07-14 20:00:00+00:00,105.84,78.84,115.2,102.3050897629503,98.67133519013662
2024-07-14 21:00:00+00:00,87.06,63.0,97.13,86.18720903025121,84.07875197075224
2024-07-14 22:00:00+00:00,79.35,88.95,81.62,99.73237315478534,104.37331062453616
2024-07-14 23:00:00+00:00,66.24,63.19,76.65,84.36119230140764,86.5056220853506
2024-07-15 00:00:00+00:00,58.17,55.45,74.08,78.93964598029605,79.45413146044038
2024-07-15 01:00:00+00:00,63.03,44.3,77.72,76.24529207035405,73.15846480808739
2024-07-15 02:00:00+00:00,67.82,37.93,76.28,77.40109722895677,69.9808051521741
2024-07-15 03:00:00+00:00,80.07,36.81,80.44,83.96131517349491,72.18433849631757
2024-07-15 04:00:00+00:00,120.0,31.96,112.18,92.92521019750765,79.37755692062301
2024-07-15 05:00:00+00:00,144.1,14.28,125.0,84.66197958168321,74.57486083926949
2024-07-15 06:00:00+00:00,89.77,0.29,100.64,63.80655394603247,64.52312931778025
2024-07-15 07:00:00+00:00,59.29,-3.31,77.61,42.859916055097635,58.025616615179885
2024-07-15 08:00:00+00:00,35.52,-21.13,53.93,16.591782099220836,41.04879305192294
2024-07-15 09:00:00+00:00,11.29,-40.08,38.43,-2.180333269314019,26.307461016368265
2024-07-15 10:00:00+00:00,0.07,-59.47,31.79,-15.765355676976029,12.258587270023256
2024-07-15 11:00:00+00:00,-0.01,-73.96,29.45,-22.877164197616807,1.2865445683787442
2024-07-15 12:00:00+00:00,-0.07,-73.96,29.56,-19.07058815228794,-0.2047957496522912
2024-07-15 13:00:00+00:00,3.54,-51.82,36.75,1.698345068118826,15.402491120917219
2024-07-15 14:00:00+00:00,44.29,-20.03,64.0,33.217562421358494,40.08623664671285
2024-07-15 15:00:00+00:00,82.0,-0.05,80.2,62.37851043397665,56.69116297957643
2024-07-15 16:00:00+00:00,114.35,46.54,102.63,107.65751500607412,94.1212754079169
2024-07-15 17:00:00+00:00,204.19,91.93,136.49,147.11543246960804,130.9131291639854
2024-07-15 18:00:00+00:00,224.96,115.8,257.35,177.37163442354313,163.6702898375845
2024-07-15 19:00:00+00:00,143.56,108.68,173.69,158.2736467245104,148.01360534501615
2024-07-15 20:00:00+00:00,92.48,105.84,113.65,139.73368243134752,137.66172804182523
2024-07-15 21:00:00+00:00,80.1,87.06,92.02,115.96507553198367,118.62008035548975
2024-07-15 22:00:00+00:00,76.59,79.35,105.52,96.05920867952452,107.33469474962534
2024-07-15 23:00:00+00:00,63.77,66.24,95.96,81.97186083849692,94.79806049286502
2024-07-16 00:00:00+00:00,52.49,58.17,93.08,74.6280872825656,87.93387619646997
2024-07-16 01:00:00+00:00,36.82,63.03,91.14,77.29110874980935,90.32438930081348
2024-07-16 02:00:00+00:00,38.16,67.82,87.66,82.18367486046137,93.48759275452763
2024-07-16 03:00:00+00:00,50.32,80.07,96.83,95.24737122105286,104.61711698206034
2024-07-16 04:00:00+00:00,80.35,120.0,111.38,127.15049972714078,138.34430872488952
2024-07-16 05:00:00+00:00,90.95,144.1,103.76,142.28279618462065,156.18920273138613
2024-07-16 06:00:00+00:00,84.31,89.77,94.0,109.0058538555329,119.66742018268374
2024-07-16 07:00:00+00:00,62.77,59.29,67.26,80.44353650242562,94.97540872980724
2024-07-16 08:00:00+00:00,21.49,35.52,46.63,52.63261210676044,73.41765885772014
2024-07-16 09:00:00+00:00,0.06,11.29,33.71,26.708954844305055,52.77236709123567
2024-07-16 10:00:00+00:00,-8.03,0.07,21.95,8.561719277534394,39.91648906451603
2024-07-16 11:00:00+00:00,-11.03,-0.01,5.04,-2.8557541300794043,33.29396011839218
2024-07-16 12:00:00+00:00,-11.48,-0.07,2.71,-8.539659504138925,29.191801674293444
2024-07-16 13:00:00+00:00,-11.14,3.54,11.08,-3.561694215067945,32.67407085334129
2024-07-16 14:00:00+00:00,-2.3,44.29,53.73,28.928824815184754,65.6814510024706
2024-07-16 15:00:00+00:00,22.12,82.0,81.69,63.324826301829276,95.73644579019312
2024-07-16 16:00:00+00:00,63.02,114.35,99.27,100.08949235476324,124.80737781930195
2024-07-16 17:00:00+00:00,81.99,204.19,151.5,170.73184768179604,196.51692459985924
2024-07-16 18:00:00+00:00,121.6,224.96,147.64,190.27813222964207,211.90029513770145
2024-07-16 19:00:00+00:00,114.28,143.56,108.12,143.82247664730266,152.35391740526828
2024-07-16 20:00:00+00:00,105.81,92.48,86.07,109.26155123132813,114.27004817320801
2024-07-16 21:00:00+00:00,84.31,80.1,68.89,92.76051741627158,99.7587380310573
2024-07-16 22:00:00+00:00,87.4,76.59,55.0,80.79864360979889,82.63917457901313
2024-07-16 23:00:00+00:00,72.98,63.77,54.9,71.605628513176,72.59265077457911
2024-07-17 00:00:00+00:00,72.82,52.49,53.92,65.24389857679945,64.30986231004229
2024-07-17 01:00:00+00:00,70.53,36.82,54.98,59.24545285267171,54.77954160514989
2024-07-17 02:00:00+00:00,71.05,38.16,59.92,64.20008861411424,57.81125613369467
2024-07-17 03:00:00+00:00,77.44,50.32,66.14,76.82316707518873,69.80964477049318
2024-07-17 04:00:00+00:00,90.05,80.35,84.46,102.70947286099192,101.03093697060628
2024-07-17 05:00:00+00:00,99.76,90.95,106.46,111.58305635519173,117.1557134968748
2024-07-17 06:00:00+00:00,105.7,84.31,102.01,96.34852096959838,108.9764969462635
2024-07-17 07:00:00+00:00,77.14,62.77,84.93,70.724067399789,89.5385804653428
2024-07-17 08:00:00+00:00,58.19,21.49,65.0,38.12190261499213,57.36485080621691
2024-07-17 09:00:00+00:00,41.75,0.06,55.77,20.862875500148604,39.82862990778722
2024-07-17 10:00:00+00:00,32.59,-8.03,47.13,11.828785597628581,30.811620013781308
2024-07-17 11:00:00+00:00,21.85,-11.03,44.58,6.687563320156642,26.4501510426894
2024-07-17 12:00:00+00:00,10.8,-11.48,55.0,5.773719073575734,25.37415251295262
2024-07-17 13:00:00+00:00,13.47,-11.14,58.43,9.050746870879351,25.422964440971
2024-07-17 14:00:00+00:00,38.88,-2.3,67.48,23.34111801129434,35.602802613863716
2024-07-17 15:00:00+00:00,61.68,22.12,80.14,50.4464295020707,57.47021578434588
2024-07-17 16:00:00+00:00,82.93,63.02,80.73,88.22485667445339,88.90390821384196
2024-07-17 17:00:00+00:00,106.89,81.99,99.72,116.61518555937384,111.14853711268972
2024-07-17 18:00:00+00:00,187.95,121.6,148.61,147.30411768694256,142.35809487288765
2024-07-17 19:00:00+00:00,143.47,114.28,164.08,141.59352736021808,131.1723581634056
2024-07-17 20:00:00+00:00,114.91,105.81,113.97,124.6574532580045,113.25203336291504
2024-07-17 21:00:00+00:00,92.81,84.31,92.92,105.96799215078191,92.94796126993369
2024-07-17 22:00:00+00:00,89.97,87.4,96.02,101.89195325467549,89.60483516456729
2024-07-17 23:00:00+00:00,80.29,72.98,79.95,90.96301769081782,76.25831969961051
2024-07-18 00:00:00+00:00,79.05,72.82,77.06,90.06455168057457,74.39380427691607
2024-07-18 01:00:00+00:00,78.54,70.53,79.6,90.34252681474175,72.0839333302183
2024-07-18 02:00:00+00:00,79.27,71.05,80.31,93.983997487557,73.16801276445402
2024-07-18 03:00:00+00:00,92.1,77.44,81.98,103.62708500370583,80.52421719169791
2024-07-18 04:00:00+00:00,120.88,90.05,107.71,121.5284913609863,100.50480970107422
2024-07-18 05:00:00+00:00,107.27,99.76,120.0,126.04685495129114,113.93180537617809
2024-07-18 06:00:00+00:00,96.74,105.7,106.53,115.75867012285184,117.21600535701864
2024-07-18 07:00:00+00:00,79.22,77.14,89.11,83.34488607429758,93.58878490859742
2024-07-18 08:00:00+00:00,63.84,58.19,80.69,58.52660569895806,75.142167164128
2024-07-18 09:00:00+00:00,47.13,41.75,66.6,40.624508451890925,59.40367498115296
2024-07-18 10:00:00+00:00,35.01,32.59,57.44,30.93288425819692,49.72580509171782
2024-07-18 11:00:00+00:00,33.96,21.85,47.7,22.948132763334456,38.91213347456339
2024-07-18 12:00:00+00:00,37.01,10.8,44.48,16.60399357649922,28.35684297876422
2024-07-18 13:00:00+00:00,48.78,13.47,50.1,22.00631903599124,29.206269717491452
2024-07-18 14:00:00+00:00,67.56,38.88,60.98,43.13447635144927,46.48775520593151
2024-07-18 15:00:00+00:00,85.48,61.68,81.91,69.43997921189143,66.05091224203483
2024-07-18 16:00:00+00:00,92.0,82.93,91.58,98.1346150169808,86.08716972108279
2024-07-18 17:00:00+00:00,130.18,106.89,120.0,126.78376850675693,108.1172540017881
2024-07-18 18:00:00+00:00,227.6,187.95,184.33,183.65062125579118,173.71246419008543
2024-07-18 19:00:00+00:00,184.46,143.47,166.74,157.03649358395847,141.1434276252312
2024-07-18 20:00:00+00:00,119.54,114.91,121.59,130.5612623863248,114.44902164686692
2024-07-18 21:00:00+00:00,101.92,92.81,98.12,109.00139567958401,92.5725528066035
2024-07-18 22:00:00+00:00,90.11,89.97,102.42,109.13421041303559,94.27452058805832
2024-07-18 23:00:00+00:00,80.45,80.29,87.31,99.82936514339168,84.00875480957299
2024-07-19 00:00:00+00:00,79.91,79.05,82.87,97.98088322995382,82.06187797250513
2024-07-19 01:00:00+00:00,79.29,78.54,83.03,99.44560226925535,81.76785947998557
2024-07-19 02:00:00+00:00,83.38,79.27,82.21,103.1691966687357,82.79954236015371
2024-07-19 03:00:00+00:00,91.38,92.1,84.25,115.49984500282481,93.7307199618031
2024-07-19 04:00:00+00:00,115.6,120.88,107.94,140.67637152487453,122.74434773212646
2024-07-19 05:00:00+00:00,110.72,107.27,109.92,133.36719553371705,119.92290559174482
2024-07-19 06:00:00+00:00,98.4,96.74,109.6,117.50045922893929,115.00465134057433
2024-07-19 07:00:00+00:00,81.43,79.22,102.4,91.66577387779319,99.09420060936816
2024-07-19 08:00:00+00:00,70.0,63.84,95.87,69.57696259269167,84.864497805415
2024-07-19 09:00:00+00:00,58.75,47.13,89.83,51.85292034302143,70.35623824908328
2024-07-19 10:00:00+00:00,44.34,35.01,83.25,40.34935513237031,59.00865019123856
2024-07-19 11:00:00+00:00,36.5,33.96,78.6,36.47932796112399,54.082541199812525
2024-07-19 12:00:00+00:00,36.2,37.01,78.04,37.66039540717683,52.45986162034379
2024-07-19 13:00:00+00:00,42.54,48.78,78.19,48.201430014034266,59.45981164501739
2024-07-19 14:00:00+00:00,63.79,67.56,85.71,68.12209447334996,74.61678767877098
2024-07-19 15:00:00+00:00,77.34,85.48,85.54,90.36676013364229,88.88626810464807
2024-07-19 16:00:00+00:00,91.61,92.0,92.26,108.09469806055742,96.24983368122508
2024-07-19 17:00:00+00:00,121.02,130.18,102.39,137.9016031988812,124.21567562112648
2024-07-19 18:00:00+00:00,190.46,227.6,93.29,192.62667184619778,194.1835387116356
2024-07-19 19:00:00+00:00,120.0,184.46,94.61,166.12433574289076,162.15997830643664
2024-07-19 20:00:00+00:00,106.86,119.54,85.66,124.31530727975644,115.0146417827349
2024-07-19 21:00:00+00:00,91.55,101.92,79.11,107.05215119749734,98.52884857630673
2024-07-19 22:00:00+00:00,94.73,90.11,50.65,95.81003865434306,86.54319725621393
2024-07-19 23:00:00+00:00,89.41,80.45,50.52,87.02841565838267,76.66206361963766
2024-07-20 00:00:00+00:00,88.25,79.91,36.92,82.38120774776053,71.47453343015238
2024-07-20 01:00:00+00:00,89.88,79.29,37.67,80.5750407112335,67.88365627136615
2024-07-20 02:00:00+00:00,94.24,83.38,32.72,81.38987758456346,66.66568282333952
2024-07-20 03:00:00+00:00,93.8,91.38,31.05,85.4518541903592,69.32632567005297
2024-07-20 04:00:00+00:00,91.49,115.6,30.66,96.68040080112465,85.13984460561818
2024-07-20 05:00:00+00:00,85.99,110.72,27.82,87.26764603716164,79.92003192190334
2024-07-20 06:00:00+00:00,68.2,98.4,26.6,70.13546966535696,70.98731967699312
2024-07-20 07:00:00+00:00,49.8,81.43,20.97,48.18120785191483,57.537970926382116
2024-07-20 08:00:00+00:00,5.15,70.0,5.16,26.464503328917374,45.469389116355025
2024-07-20 09:00:00+00:00,0.0,58.75,0.04,10.602221288379752,35.43239649403513
2024-07-20 10:00:00+00:00,-4.65,44.34,-0.01,-2.117815458324685,24.276330553845582
2024-07-20 11:00:00+00:00,-4.29,36.5,-5.0,-8.959366590459197,17.2079693511738
2024-07-20 12:00:00+00:00,-2.88,36.2,-14.9,-7.885675505365242,16.081716293878074
2024-07-20 13:00:00+00:00,-2.71,42.54,-11.47,3.986849583787901,23.890271341343805
2024-07-20 14:00:00+00:00,2.42,63.79,-3.48,27.747548628973405,43.397834129481076
2024-07-20 15:00:00+00:00,52.29,77.34,-0.01,50.71144223391271,57.93928474055101
2024-07-20 16:00:00+00:00,85.0,91.61,28.77,78.13072087183644,75.70126145792383
2024-07-20 17:00:00+00:00,109.56,121.02,50.33,109.07274260641671,104.29931283538241
2024-07-20 18:00:00+00:00,134.75,190.46,75.45,152.54531802786815,162.55900436677643
2024-07-20 19:00:00+00:00,108.81,120.0,76.26,109.64389429639174,113.8842055488087
2024-07-20 20:00:00+00:00,84.1,106.86,78.84,93.50935628381481,101.09527029520018
2024-07-20 21:00:00+00:00,74.51,91.55,63.0,77.13866158967727,86.4362757953963
2024-07-20 22:00:00+00:00,63.63,94.73,88.95,86.54330347252977,95.62855278491128
2024-07-20 23:00:00+00:00,56.3,89.41,63.19,78.13911153784744,85.80096276137859
2024-07-21 00:00:00+00:00,55.2,88.25,55.45,75.25367633598577,81.0098332776169
2024-07-21 01:00:00+00:00,60.38,89.88,44.3,74.8309261384982,77.43240570877478
2024-07-21 02:00:00+00:00,68.61,94.24,37.93,77.73688179522081,76.42574350395779
2024-07-21 03:00:00+00:00,75.24,93.8,36.81,78.94352252471221,72.74183882686496
2024-07-21 04:00:00+00:00,81.37,91.49,31.96,76.78338532655482,69.25184413480932
2024-07-21 05:00:00+00:00,60.31,85.99,14.28,66.36931618333765,62.09592342436118
2024-07-21 06:00:00+00:00,48.68,68.2,0.29,45.27725317543876,47.45338542412361
2024-07-21 07:00:00+00:00,10.57,49.8,-3.31,24.988673396974193,33.96204033294036
2024-07-21 08:00:00+00:00,0.07,5.15,-21.13,-7.416221359072097,2.388511225785834
2024-07-21 09:00:00+00:00,0.01,0.0,-40.08,-15.356009721206817,-2.988971688112329
2024-07-21 10:00:00+00:00,0.01,-4.65,-59.47,-21.692495305099143,-9.404352085211173
2024-07-21 11:00:00+00:00,-0.08,-4.29,-73.96,-23.08943113023801,-12.186853069841987
2024-07-21 12:00:00+00:00,-0.21,-2.88,-73.96,-17.36126008653534,-10.37738855706236
2024-07-21 13:00:00+00:00,0.04,-2.71,-51.82,-5.09962121239117,-4.17482773823815
2024-07-21 14:00:00+00:00,0.11,2.42,-20.03,13.722800908551292,8.730845067572162
2024-07-21 15:00:00+00:00,59.81,52.29,-0.05,55.80696847790109,49.66728100626932
2024-07-21 16:00:00+00:00,94.27,85.0,46.54,93.09689119259365,83.30300167493824
2024-07-21 17:00:00+00:00,108.27,109.56,91.93,122.0067343494785,111.12436514135291
2024-07-21 18:00:00+00:00,127.68,134.75,115.8,144.7103187095185,139.33541953794978
2024-07-21 19:00:00+00:00,128.12,108.81,108.68,127.80750745860892,117.8096622556098
2024-07-21 20:00:00+00:00,111.85,84.1,105.84,111.88783624671018,101.64019024551354
2024-07-21 21:00:00+00:00,93.7,74.51,87.06,98.53798615336173,90.35627576055998
2024-07-21 22:00:00+00:00,122.1,63.63,79.35,97.85637806737616,90.69457248223742
2024-07-21 23:00:00+00:00,96.63,56.3,66.24,90.56028693267854,83.45445482675979
2024-07-22 00:00:00+00:00,86.88,55.2,58.17,88.06851262442264,81.47308371514154
2024-07-22 01:00:00+00:00,86.93,60.38,63.03,92.37089713734923,86.19082289160251
2024-07-22 02:00:00+00:00,86.14,68.61,67.82,99.72889209796043,93.75960128297983
2024-07-22 03:00:00+00:00,82.26,75.24,80.07,109.16519631396916,102.30650057817265
2024-07-22 04:00:00+00:00,119.48,81.37,120.0,124.64462798884003,117.4880758545817
2024-07-22 05:00:00+00:00,131.68,60.31,144.1,119.27925860450961,110.83245349538724
2024-07-22 06:00:00+00:00,126.05,48.68,89.77,102.20738423988227,97.11426690226565
2024-07-22 07:00:00+00:00,94.34,10.57,59.29,71.0308664256068,67.04418996318748
2024-07-22 08:00:00+00:00,75.14,0.07,35.52,50.67552663526342,52.097943097086315
2024-07-22 09:00:00+00:00,72.88,0.01,11.29,38.851825323227054,47.80230219459487
2024-07-22 10:00:00+00:00,66.22,0.01,0.07,29.78220240940935,44.50550948607561
2024-07-22 11:00:00+00:00,43.25,-0.08,-0.01,24.31498018058724,42.71891222110786
2024-07-22 12:00:00+00:00,19.41,-0.21,-0.07,20.850392238115745,40.92315883829332
2024-07-22 13:00:00+00:00,20.38,0.04,3.54,21.823586460628093,40.26337509970624
2024-07-22 14:00:00+00:00,48.46,0.11,44.29,32.26936455395045,44.82088504483184
2024-07-22 15:00:00+00:00,63.69,59.81,82.0,80.54899094205723,93.60685082604631
2024-07-22 16:00:00+00:00,81.15,94.27,114.35,119.10212302121707,124.91107932014566
2024-07-22 17:00:00+00:00,99.04,108.27,204.19,152.02517702043104,148.19456189110724
2024-07-22 18:00:00+00:00,186.24,127.68,224.96,172.37423263719683,165.38670997074877
2024-07-22 19:00:00+00:00,172.04,128.12,143.56,161.31199912485073,152.75734760910638
2024-07-22 20:00:00+00:00,111.04,111.85,92.48,141.19627581825114,132.16042213925203
2024-07-22 21:00:00+00:00,98.0,93.7,80.1,124.28031436631657,115.31935147825746
2024-07-22 22:00:00+00:00,83.39,122.1,76.59,125.12214221610301,123.01370303971414
2024-07-22 23:00:00+00:00,75.8,96.63,63.77,107.30793839301101,103.30993977836002
2024-07-23 00:00:00+00:00,76.7,86.88,52.49,99.48297825430814,95.10582188566244
2024-07-23 01:00:00+00:00,70.5,86.93,36.82,98.70691617853201,93.78387140946818
2024-07-23 02:00:00+00:00,73.83,86.14,38.16,101.52506686343142,94.75889159451162
2024-07-23 03:00:00+00:00,76.61,82.26,50.32,106.8371414653476,96.73855727427954
2024-07-23 04:00:00+00:00,106.73,119.48,80.35,136.81831361489918,131.36782040736134
2024-07-23 05:00:00+00:00,120.51,131.68,90.95,143.8635472211587,143.08852898476894
2024-07-23 06:00:00+00:00,115.21,126.05,84.31,133.71626511309802,139.31106602106942
2024-07-23 07:00:00+00:00,87.29,94.34,62.77,101.66082573448111,111.3109446838567
2024-07-23 08:00:00+00:00,68.87,75.14,21.49,74.97475964189167,90.78566953351591
2024-07-23 09:00:00+00:00,61.37,72.88,0.06,65.07928988561781,84.88652172712145
2024-07-23 10:00:00+00:00,43.42,66.22,-8.03,56.91750233363872,77.23706253027396
2024-07-23 11:00:00+00:00,38.29,43.25,-11.03,41.50256913466193,59.18458055688371
2024-07-23 12:00:00+00:00,36.01,19.41,-11.48,27.992451967105865,40.99951383336797
2024-07-23 13:00:00+00:00,41.96,20.38,-11.14,30.606471059869975,40.63577227536106
2024-07-23 14:00:00+00:00,64.86,48.46,-2.3,49.51437919705251,58.15348066428852
2024-07-23 15:00:00+00:00,79.53,63.69,22.12,72.27569025425854,76.74316736345018
2024-07-23 16:00:00+00:00,79.92,81.15,63.02,98.01830841704368,97.5777892322617
2024-07-23 17:00:00+00:00,96.03,99.04,81.99,117.64017514863946,113.65929708623923
2024-07-23 18:00:00+00:00,118.52,186.24,121.6,169.88125325375603,177.08762006895427
2024-07-23 19:00:00+00:00,102.01,172.04,114.28,160.66745665050726,166.83705311796734
2024-07-23 20:00:00+00:00,99.23,111.04,105.81,122.53428995879497,122.86938124561425
2024-07-23 21:00:00+00:00,91.58,98.0,84.31,105.95739144628568,107.5449562629811
2024-07-23 22:00:00+00:00,83.55,83.39,87.4,89.06581118275119,88.70405663225455
2024-07-23 23:00:00+00:00,78.33,75.8,72.98,80.28418834486465,79.45376799828531
2024-07-24 00:00:00+00:00,72.56,76.7,72.82,79.68692677553733,79.25535104567979
2024-07-24 01:00:00+00:00,74.85,70.5,70.53,77.3502655546073,75.09622870125467
2024-07-24 02:00:00+00:00,74.99,73.83,71.05,82.37393799143373,78.22884043343741
2024-07-24 03:00:00+00:00,75.77,76.61,77.44,89.96683231228043,82.86849502203253
2024-07-24 04:00:00+00:00,103.07,106.73,90.05,115.92096351012947,112.74846478025688
2024-07-24 05:00:00+00:00,128.9,120.51,99.76,125.99269370254578,128.08462292504814
2024-07-24 06:00:00+00:00,99.19,115.21,105.7,116.45050814346693,126.26147928734859
2024-07-24 07:00:00+00:00,72.91,87.29,77.14,86.42788524147952,101.35170638374764
2024-07-24 08:00:00+00:00,54.9,68.87,58.19,62.54886414055012,84.02174968543902
2024-07-24 09:00:00+00:00,21.19,61.37,41.75,46.88492368873004,76.1043143040668
2024-07-24 10:00:00+00:00,1.58,43.42,32.59,28.988316706041985,61.12618090577793
2024-07-24 11:00:00+00:00,-0.15,38.29,21.85,18.485865453361157,52.44556546970834
2024-07-24 12:00:00+00:00,-2.06,36.01,10.8,10.608382916904176,45.060794860616255
2024-07-24 13:00:00+00:00,-1.96,41.96,13.47,14.248046216321,47.555719410504366
2024-07-24 14:00:00+00:00,2.21,64.86,38.88,35.207263079485415,66.812536980508
2024-07-24 15:00:00+00:00,39.27,79.53,61.68,57.52400297880415,81.02028227148125
2024-07-24 16:00:00+00:00,69.34,79.92,82.93,77.78393786222522,87.2906735764403
2024-07-24 17:00:00+00:00,95.9,96.03,106.89,105.88200581481298,104.01008680511987
2024-07-24 18:00:00+00:00,109.93,118.52,187.95,137.5628266979127,135.07337681121433
2024-07-24 19:00:00+00:00,121.82,102.01,143.47,122.15900996385014,115.8572996883495
2024-07-24 20:00:00+00:00,109.58,99.23,114.91,110.39254733149974,103.52625638987799
2024-07-24 21:00:00+00:00,95.03,91.58,92.81,98.76835687416504,91.98120800200138
2024-07-24 22:00:00+00:00,92.55,83.55,89.97,90.48604373346542,79.40850314561867
2024-07-24 23:00:00+00:00,87.2,78.33,80.29,85.56267311936827,73.350355347543
2024-07-25 00:00:00+00:00,84.9,72.56,79.05,83.23625855603899,69.02937308885325
2024-07-25 01:00:00+00:00,79.92,74.85,78.54,86.40844828455351,70.16141598337757
2024-07-25 02:00:00+00:00,76.4,74.99,79.27,90.4615693685157,71.33475674827619
2024-07-25 03:00:00+00:00,92.53,75.77,92.1,98.23897317156126,75.83390745199421
2024-07-25 04:00:00+00:00,106.16,103.07,120.88,123.13460688486975,105.61522990118742
2024-07-25 05:00:00+00:00,116.86,128.9,107.27,132.20419193073624,126.8820219339637
2024-07-25 06:00:00+00:00,90.98,99.19,96.74,101.8602244069341,106.77943737342501
2024-07-25 07:00:00+00:00,71.98,72.91,79.22,69.18033277359086,84.50806300106385
2024-07-25 08:00:00+00:00,55.08,54.9,63.84,45.838242880574064,68.33549435966091
2024-07-25 09:00:00+00:00,36.95,21.19,47.13,21.19191308860853,43.31675242239963
2024-07-25 10:00:00+00:00,24.31,1.58,35.01,6.464796217446036,27.240977334968377
2024-07-25 11:00:00+00:00,17.36,-0.15,33.96,3.997424581972581,24.41700779743327
2024-07-25 12:00:00+00:00,13.27,-2.06,37.01,4.112272969037264,21.629588423667357
2024-07-25 13:00:00+00:00,26.2,-1.96,48.78,11.276947799818231,23.097104287685582
2024-07-25 14:00:00+00:00,53.8,2.21,67.56,26.377821178622696,29.822034986978267
2024-07-25 15:00:00+00:00,80.0,39.27,85.48,61.801584626437936,58.354048934355845
2024-07-25 16:00:00+00:00,97.0,69.34,92.0,93.97810472131262,80.86532918624809
2024-07-25 17:00:00+00:00,126.93,95.9,130.18,124.79512566923029,105.68403283809945
2024-07-25 18:00:00+00:00,155.72,109.93,227.6,148.0651698254921,128.41701921068176
2024-07-25 19:00:00+00:00,131.61,121.82,184.46,145.0811381176629,128.71472871828647
2024-07-25 20:00:00+00:00,100.0,109.58,119.54,124.14016563085559,110.58334926859206
2024-07-25 21:00:00+00:00,84.95,95.03,101.92,106.63335123791964,95.62308024578428
2024-07-25 22:00:00+00:00,83.32,92.55,90.11,100.60582566277705,94.59141841463416
2024-07-25 23:00:00+00:00,73.9,87.2,80.45,93.57088995197824,88.70118645888759
2024-07-26 00:00:00+00:00,79.1,84.9,79.91,90.62070860614914,86.09369601035561
2024-07-26 01:00:00+00:00,81.61,79.92,79.29,89.26567439141223,82.98923930277626
2024-07-26 02:00:00+00:00,81.17,76.4,83.38,91.5237457969412,81.96955246195552
2024-07-26 03:00:00+00:00,83.21,92.53,91.38,106.62351243112498,95.6911822096673
2024-07-26 04:00:00+00:00,99.52,106.16,115.6,126.42108742268599,115.39922616222178
2024-07-26 05:00:00+00:00,116.56,116.86,110.72,135.84008226844867,128.303383862513
2024-07-26 06:00:00+00:00,104.1,90.98,98.4,116.85115192093875,109.04044649069029
2024-07-26 07:00:00+00:00,96.83,71.98,81.43,97.47891352304227,91.65684140230849
2024-07-26 08:00:00+00:00,90.53,55.08,70.0,79.95830296427485,76.26218028829777
2024-07-26 09:00:00+00:00,81.35,36.95,58.75,61.450024943127815,58.64618439926099
2024-07-26 10:00:00+00:00,70.0,24.31,44.34,46.207876536315496,44.61777699589132
2024-07-26 11:00:00+00:00,63.12,17.36,36.5,37.23616234422824,36.29089492486352
2024-07-26 12:00:00+00:00,60.19,13.27,36.2,32.41146536349673,31.05722192342695
2024-07-26 13:00:00+00:00,68.14,26.2,42.54,39.77416649610486,38.87965282855255
2024-07-26 14:00:00+00:00,72.84,53.8,63.79,59.755208492964144,58.80605623252706
2024-07-26 15:00:00+00:00,88.52,80.0,77.34,84.19311375238455,80.87808020236291
2024-07-26 16:00:00+00:00,94.34,97.0,91.61,106.8038538477669,97.30652824702817
2024-07-26 17:00:00+00:00,107.79,126.93,121.02,136.7232448969475,123.22961257476007
2024-07-26 18:00:00+00:00,143.25,155.72,190.46,164.75258324360584,151.45814587604212
2024-07-26 19:00:00+00:00,139.0,131.61,120.0,143.30639127257453,127.13581632687782
2024-07-26 20:00:00+00:00,106.39,100.0,106.86,121.0583598632978,102.49937437882733
2024-07-26 21:00:00+00:00,97.91,84.95,91.55,106.12513124406057,87.4180045678358
2024-07-26 22:00:00+00:00,103.96,83.32,94.73,103.7242224320312,85.66090866938566
2024-07-26 23:00:00+00:00,103.41,73.9,89.41,94.73529597049676,75.68117491029372
2024-07-27 00:00:00+00:00,97.39,79.1,88.25,94.37901728159517,75.82057150460625
2024-07-27 01:00:00+00:00,95.25,81.61,89.88,93.8277585644194,74.06456360370993
2024-07-27 02:00:00+00:00,92.46,81.17,94.24,93.00549613815903,70.62717474575064
2024-07-27 03:00:00+00:00,90.51,83.21,93.8,94.99931978207037,70.39182951293068
2024-07-27 04:00:00+00:00,87.4,99.52,91.49,102.2984961984632,79.25572657563842
2024-07-27 05:00:00+00:00,82.75,116.56,85.99,106.69638236149375,89.35495212739585
2024-07-27 06:00:00+00:00,84.69,104.1,68.2,90.97541247866569,77.39097548854039
2024-07-27 07:00:00+00:00,67.67,96.83,49.8,76.01793737968971,69.06042782250931
2024-07-27 08:00:00+00:00,60.78,90.53,5.15,56.63617202285713,56.35161038658175
2024-07-27 09:00:00+00:00,39.9,81.35,0.0,43.10737721213771,47.13546875033108
2024-07-27 10:00:00+00:00,28.0,70.0,-4.65,32.25259860427863,37.312647321483844
2024-07-27 11:00:00+00:00,17.8,63.12,-4.29,26.436527543620258,30.684499396601325
2024-07-27 12:00:00+00:00,17.92,60.19,-2.88,26.19236895111925,27.63426874609935
2024-07-27 13:00:00+00:00,35.02,68.14,-2.71,36.73317830107674,34.886377826078714
2024-07-27 14:00:00+00:00,67.72,72.84,2.42,51.390940248593,43.57813726886133
2024-07-27 15:00:00+00:00,94.73,88.52,52.29,80.09010291126059,65.9440392087647
2024-07-27 16:00:00+00:00,104.97,94.34,85.0,100.3065190413383,79.48490244999127
2024-07-27 17:00:00+00:00,116.69,107.79,109.56,118.70809966425618,96.93083819848754
2024-07-27 18:00:00+00:00,123.1,143.25,134.75,142.27830193425993,127.4226722403265
2024-07-27 19:00:00+00:00,121.82,139.0,108.81,134.77793465950577,121.22784163051949
2024-07-27 20:00:00+00:00,108.1,106.39,84.1,111.08606398761754,95.177744904928
2024-07-27 21:00:00+00:00,97.94,97.91,74.51,100.2100820378076,86.03901188648
2024-07-27 22:00:00+00:00,109.99,103.96,63.63,101.88965736049666,94.2692009203557
2024-07-27 23:00:00+00:00,95.11,103.41,56.3,94.96543940064078,89.80486529128547
2024-07-28 00:00:00+00:00,88.21,97.39,55.2,86.3682835693545,83.06265600693989
2024-07-28 01:00:00+00:00,81.53,95.25,60.38,81.21280024485783,79.16035231298466
2024-07-28 02:00:00+00:00,78.54,92.46,68.61,76.82911717629587,74.76120913637308
2024-07-28 03:00:00+00:00,79.26,90.51,75.24,74.37323868825528,71.0078776250694
2024-07-28 04:00:00+00:00,75.53,87.4,81.37,71.78899617828297,67.23407736687068
2024-07-28 05:00:00+00:00,72.61,82.75,60.31,65.38855586949855,61.57454038327945
2024-07-28 06:00:00+00:00,25.49,84.69,48.68,58.129662048002956,60.29662808110159
2024-07-28 07:00:00+00:00,4.92,67.67,10.57,35.7189153975005,44.79274315430324
2024-07-28 08:00:00+00:00,0.0,60.78,0.07,18.653010279694456,38.14129279746589
2024-07-28 09:00:00+00:00,-2.43,39.9,0.01,-1.740911215660688,24.315502045207637
2024-07-28 10:00:00+00:00,-16.63,28.0,0.01,-15.617301557617466,15.373663240499553
2024-07-28 11:00:00+00:00,-39.91,17.8,-0.08,-25.527665769862338,7.598811111768967
2024-07-28 12:00:00+00:00,-48.69,17.92,-0.21,-25.23530228048972,8.546709655905616
2024-07-28 13:00:00+00:00,-33.53,35.02,0.04,-11.767257300666088,22.598992915770765
2024-07-28 14:00:00+00:00,-13.77,67.72,0.11,12.659664499894276,47.51685254217936
2024-07-28 15:00:00+00:00,-1.99,94.73,59.81,48.77603745113695,78.64541242861699
2024-07-28 16:00:00+00:00,40.87,104.97,94.27,80.80416310691665,95.9405672908596
2024-07-28 17:00:00+00:00,92.48,116.69,108.27,108.13203463064434,110.4685589137389
2024-07-28 18:00:00+00:00,111.85,123.1,127.68,125.48805958420064,123.34048625160389
2024-07-28 19:00:00+00:00,115.66,121.82,128.12,126.81428078854033,124.55338219190462
2024-07-28 20:00:00+00:00,104.95,108.1,111.85,115.04532644390262,112.28932110211534
2024-07-28 21:00:00+00:00,84.46,97.94,93.7,103.63525260483833,101.35196172293703
2024-07-28 22:00:00+00:00,79.59,109.99,122.1,118.13656829763367,120.55181135531461
2024-07-28 23:00:00+00:00,76.03,95.11,96.63,107.33146082425029,107.21077802301306
2024-07-29 00:00:00+00:00,72.25,88.21,86.88,102.94130329545547,100.63904302546347
2024-07-29 01:00:00+00:00,76.29,81.53,86.93,101.93173780918097,96.42645584557627
2024-07-29 02:00:00+00:00,80.0,78.54,86.14,104.93193741653153,95.58763323548193
2024-07-29 03:00:00+00:00,101.3,79.26,82.26,112.26908115552958,98.71418595146172
2024-07-29 04:00:00+00:00,135.0,75.53,119.48,123.31550804469586,107.36537248846383
2024-07-29 05:00:00+00:00,121.66,72.61,131.68,121.35511402864194,111.36486064981838
2024-07-29 06:00:00+00:00,98.46,25.49,126.05,86.00350653629773,82.55196330000994
2024-07-29 07:00:00+00:00,63.66,4.92,94.34,55.65812000224273,64.13164360969873
2024-07-29 08:00:00+00:00,10.58,0.0,75.14,37.10059273083733,57.690736733428025
2024-07-29 09:00:00+00:00,-0.16,-2.43,72.88,26.260767942033908,54.018445333027984
2024-07-29 10:00:00+00:00,-0.19,-16.63,66.22,12.70398853770645,42.4142696697464
2024-07-29 11:00:00+00:00,-1.7,-39.91,43.25,-3.767056589195434,22.50765456119028
2024-07-29 12:00:00+00:00,-0.98,-48.69,19.41,-8.691419196289132,13.084488625559445
2024-07-29 13:00:00+00:00,-0.07,-33.53,20.38,6.928348401187392,24.666549054757766
2024-07-29 14:00:00+00:00,13.74,-13.77,48.46,32.199468423816995,43.610540982399726
2024-07-29 15:00:00+00:00,64.48,-1.99,63.69,57.90833055169022,57.14085640308672
2024-07-29 16:00:00+00:00,96.91,40.87,81.15,101.97621504117454,90.12242888691203
2024-07-29 17:00:00+00:00,123.24,92.48,99.04,145.59718986528225,127.82554059518078
2024-07-29 18:00:00+00:00,178.07,111.85,186.24,170.41330578814944,151.85050715849275
2024-07-29 19:00:00+00:00,132.72,115.66,172.04,166.7281845315657,151.44695125799026
2024-07-29 20:00:00+00:00,107.8,104.95,111.04,146.77241420920902,134.06222621644372
2024-07-29 21:00:00+00:00,90.2,84.46,98.0,127.94093079639961,115.54691633572621
2024-07-29 22:00:00+00:00,78.01,79.59,83.39,111.6559578015021,101.8828003648722
2024-07-29 23:00:00+00:00,75.77,76.03,75.8,106.15449777303712,96.43552786006697
2024-07-30 00:00:00+00:00,79.27,72.25,76.7,103.47288969898025,92.97511828801318
2024-07-30 01:00:00+00:00,83.73,76.29,70.5,106.34022701054022,94.41820599878606
2024-07-30 02:00:00+00:00,88.59,80.0,73.83,112.2387575725059,97.72074504718059
2024-07-30 03:00:00+00:00,101.85,101.3,76.61,130.0081018662082,114.60905106190602
2024-07-30 04:00:00+00:00,115.64,135.0,106.73,158.93458774153586,146.36152201637876
2024-07-30 05:00:00+00:00,113.48,121.66,120.51,151.93108862739598,143.42899458338343
2024-07-30 06:00:00+00:00,99.65,98.46,115.21,125.80539798820087,124.99023184651061
2024-07-30 07:00:00+00:00,67.78,63.66,87.29,88.31274141308991,95.81121026142901
2024-07-30 08:00:00+00:00,37.52,10.58,68.87,45.505848379392,57.15953295233381
2024-07-30 09:00:00+00:00,7.84,-0.16,61.37,30.20564361026416,48.27119919706972
2024-07-30 10:00:00+00:00,1.09,-0.19,43.42,20.9975081469709,43.14580012006459
2024-07-30 11:00:00+00:00,-0.04,-1.7,38.29,14.602652323464824,36.86765550788384
2024-07-30 12:00:00+00:00,-0.06,-0.98,36.01,13.618345036083284,33.26995980200145
2024-07-30 13:00:00+00:00,13.25,-0.07,41.96,21.11956530776395,35.07016195944014
2024-07-30 14:00:00+00:00,40.68,13.74,64.86,40.24737304591445,47.4193940640252
2024-07-30 15:00:00+00:00,78.1,64.48,79.53,82.286786430425,83.28685737378187
2024-07-30 16:00:00+00:00,103.4,96.91,79.92,119.34402163556375,109.43390092149734
2024-07-30 17:00:00+00:00,129.44,123.24,96.03,151.09717968652268,134.00425602991064
2024-07-30 18:00:00+00:00,177.13,178.07,118.52,185.86777694212995,174.22814033722534
2024-07-30 19:00:00+00:00,147.67,132.72,102.01,158.85694997370376,142.6009475044177
2024-07-30 20:00:00+00:00,114.98,107.8,99.23,139.44184214150795,123.24260342780207
2024-07-30 21:00:00+00:00,99.04,90.2,91.58,122.96929550047183,106.52442133636983
2024-07-30 22:00:00+00:00,98.85,78.01,83.55,102.18827324110956,84.94579359238008
2024-07-30 23:00:00+00:00,87.29,75.77,78.33,99.95327509420557,82.23991795978111
2024-07-31 00:00:00+00:00,85.19,79.27,72.56,101.64893252923149,83.3716719853452
2024-07-31 01:00:00+00:00,82.9,83.73,74.85,106.51374195739814,86.92191725808364
2024-07-31 02:00:00+00:00,90.6,88.59,74.99,112.7021876502721,91.09730314555907
2024-07-31 03:00:00+00:00,102.39,101.85,75.77,126.27100881625347,103.75836229626546
2024-07-31 04:00:00+00:00,112.51,115.64,103.07,145.0275562869008,124.59220932500963
2024-07-31 05:00:00+00:00,110.14,113.48,128.9,143.4399505816805,129.29748213301525
2024-07-31 06:00:00+00:00,95.26,99.65,99.19,119.40709809384823,115.989382110019
2024-07-31 07:00:00+00:00,79.02,67.78,72.91,82.21877248832617,88.0506037878892
2024-07-31 08:00:00+00:00,55.89,37.52,54.9,48.277201634030355,60.28424872321814
2024-07-31 09:00:00+00:00,33.46,7.84,21.19,20.266251542130718,35.08271418258046
2024-07-31 10:00:00+00:00,21.75,1.09,1.58,8.34758767692378,26.355088335590054
2024-07-31 11:00:00+00:00,11.36,-0.04,-0.15,4.579734401002142,23.011795779335714
2024-07-31 12:00:00+00:00,17.53,-0.06,-2.06,5.798690135809139,20.750806928387007
2024-07-31 13:00:00+00:00,31.74,13.25,-1.96,18.138338720931984,28.740702586265897
2024-07-31 14:00:00+00:00,46.09,40.68,2.21,41.44798306214876,47.717510440025634
2024-07-31 15:00:00+00:00,75.85,78.1,39.27,79.93057018173599,81.56541196027767
2024-07-31 16:00:00+00:00,99.16,103.4,69.34,112.02204765184096,105.55368841009238
2024-07-31 17:00:00+00:00,115.39,129.44,95.9,140.12216047606398,129.29052275585818
2024-07-31 18:00:00+00:00,136.15,177.13,109.93,170.13727991088894,166.8275621833369
2024-07-31 19:00:00+00:00,116.19,147.67,121.82,151.28231254369547,144.9521187449353
2024-07-31 20:00:00+00:00,104.51,114.98,109.58,125.75434637545963,118.00587692936229
2024-07-31 21:00:00+00:00,96.49,99.04,95.03,110.0518490478488,101.69229509935086
2024-07-31 22:00:00+00:00,96.45,98.85,92.55,103.39092041480797,92.94671335038345
2024-07-31 23:00:00+00:00,92.4,87.29,87.2,95.9918917279704,83.77064561851965
2024-08-01 00:00:00+00:00,86.85,85.19,84.9,95.05697895967272,81.97152040397496
2024-08-01 01:00:00+00:00,84.11,82.9,79.92,96.25379157165469,80.63355902706888
2024-08-01 02:00:00+00:00,93.08,90.6,76.4,104.01388010882133,86.32389246804802
2024-08-01 03:00:00+00:00,112.71,102.39,92.53,119.0370546077536,99.34830291612653
2024-08-01 04:00:00+00:00,134.39,112.51,106.16,134.59398938492265,114.47367835571791
2024-08-01 05:00:00+00:00,109.52,110.14,116.86,135.2199051152994,118.5063178592547
2024-08-01 06:00:00+00:00,105.95,95.26,90.98,115.42120915222814,105.60705864513696
2024-08-01 07:00:00+00:00,90.1,79.02,71.98,90.57090214515912,89.14633312249853
2024-08-01 08:00:00+00:00,76.95,55.89,55.08,64.65596783090231,68.12845367218668
2024-08-01 09:00:00+00:00,67.64,33.46,36.95,43.52028326453026,47.456582432330045
2024-08-01 10:00:00+00:00,64.03,21.75,24.31,33.66897717961545,36.37686612260641
2024-08-01 11:00:00+00:00,60.38,11.36,17.36,28.046808896224363,26.776650243454952
2024-08-01 12:00:00+00:00,62.39,17.53,13.27,32.724577899893376,27.89205128006411
2024-08-01 13:00:00+00:00,71.22,31.74,26.2,45.529607796043976,38.36632727636103
2024-08-01 14:00:00+00:00,77.39,46.09,53.8,63.266996894976145,52.75009707135063
2024-08-01 15:00:00+00:00,95.16,75.85,80.0,91.63130479668395,79.14918707417449
2024-08-01 16:00:00+00:00,102.83,99.16,97.0,114.65782406938199,100.1221817445209
2024-08-01 17:00:00+00:00,112.5,115.39,126.93,132.13432796030077,117.63724053780638
2024-08-01 18:00:00+00:00,138.07,136.15,155.72,146.5952375631241,138.15375983079463
2024-08-01 19:00:00+00:00,124.03,116.19,131.61,128.23874313020147,118.8004267865324
2024-08-01 20:00:00+00:00,112.94,104.51,100.0,111.4468323659057,102.43436822000518
2024-08-01 21:00:00+00:00,105.7,96.49,84.95,99.82450266962009,91.2320325216204
2024-08-01 22:00:00+00:00,93.93,96.45,83.32,101.36637744314636,94.148381369746
2024-08-01 23:00:00+00:00,89.17,92.4,73.9,97.00075050743997,88.53028953354567
2024-08-02 00:00:00+00:00,88.11,86.85,79.1,94.98111268006386,84.88573962334561
2024-08-02 01:00:00+00:00,82.97,84.11,81.61,95.95417429376637,83.50916692797091
2024-08-02 02:00:00+00:00,86.95,93.08,81.17,103.99408431671839,90.64360922191898
2024-08-02 03:00:00+00:00,96.61,112.71,83.21,120.07244661209867,106.73968122900277
2024-08-02 04:00:00+00:00,110.75,134.39,99.52,142.5517153149301,129.27751122341772
2024-08-02 05:00:00+00:00,121.38,109.52,116.56,135.72647618269013,119.13541476266865
2024-08-02 06:00:00+00:00,113.19,105.95,104.1,128.83654460140917,115.79121662312834
2024-08-02 07:00:00+00:00,104.42,90.1,96.83,111.5983514577103,102.25568214551653
2024-08-02 08:00:00+00:00,91.68,76.95,90.53,93.82654093014148,89.04499216723264
2024-08-02 09:00:00+00:00,77.69,67.64,81.35,79.1131484952834,78.0935407479258
2024-08-02 10:00:00+00:00,73.58,64.03,70.0,68.12812193707357,70.41848698435051
2024-08-02 11:00:00+00:00,61.94,60.38,63.12,58.37684828392946,62.863357560997805
2024-08-02 12:00:00+00:00,53.44,62.39,60.19,55.603307283526775,61.65465621953846
2024-08-02 13:00:00+00:00,50.58,71.22,68.14,61.74865864540533,67.65332655470142
2024-08-02 14:00:00+00:00,65.42,77.39,72.84,70.2272510393443,72.52733730647304
2024-08-02 15:00:00+00:00,77.69,95.16,88.52,91.92463261232862,89.44190165141691
2024-08-02 16:00:00+00:00,102.22,102.83,94.34,109.22952993878496,98.61187783978092
2024-08-02 17:00:00+00:00,128.49,112.5,107.79,125.45503782158606,108.1902681376408
2024-08-02 18:00:00+00:00,146.19,138.07,143.25,146.31154426167706,130.8400942086902
2024-08-02 19:00:00+00:00,121.66,124.03,139.0,135.44146705430353,118.9648185221703
2024-08-02 20:00:00+00:00,114.42,112.94,106.39,120.7643852194921,105.28306889721914
2024-08-02 21:00:00+00:00,99.01,105.7,97.91,110.66301348168248,96.48385315771972
2024-08-02 22:00:00+00:00,102.65,93.93,103.96,104.1984087846334,88.91247444236413
2024-08-02 23:00:00+00:00,99.14,89.17,103.41,97.84113938063847,82.70617389419021
2024-08-03 00:00:00+00:00,93.3,88.11,97.39,93.23323241873716,77.87090352305457
2024-08-03 01:00:00+00:00,89.1,82.97,95.25,88.16725320318083,70.84649363152187
2024-08-03 02:00:00+00:00,86.31,86.95,92.46,89.19596601317959,70.67246985584103
2024-08-03 03:00:00+00:00,94.88,96.61,90.51,94.4275278469436,75.20290816065562
2024-08-03 04:00:00+00:00,103.74,110.75,87.4,99.86021771213109,82.679207117443
2024-08-03 05:00:00+00:00,95.51,121.38,82.75,97.81785277608648,86.00660343882798
2024-08-03 06:00:00+00:00,84.5,113.19,84.69,84.4371788842059,80.47930827670571
2024-08-03 07:00:00+00:00,66.06,104.42,67.67,67.46670547606476,71.17115988041638
2024-08-03 08:00:00+00:00,32.44,91.68,60.78,50.4077150831563,60.096066846044884
2024-08-03 09:00:00+00:00,20.36,77.69,39.9,33.96943218800959,46.877392920251964
2024-08-03 10:00:00+00:00,14.66,73.58,28.0,27.670086741445218,42.35641412377602
2024-08-03 11:00:00+00:00,6.41,61.94,17.8,18.18046780063959,32.431990006213866
2024-08-03 12:00:00+00:00,4.1,53.44,17.92,14.272635066771912,27.130507424748032
2024-08-03 13:00:00+00:00,12.38,50.58,35.02,20.60416437006468,30.460112400849496
2024-08-03 14:00:00+00:00,32.44,65.42,67.72,41.508410607471795,47.598155852093235
2024-08-03 15:00:00+00:00,73.61,77.69,94.73,65.016898589589,64.3666902640378
2024-08-03 16:00:00+00:00,103.55,102.22,104.97,92.8955490201943,86.26194553438103
2024-08-03 17:00:00+00:00,110.02,128.49,116.69,119.41656378447149,108.89212873477078
2024-08-03 18:00:00+00:00,124.64,146.19,123.1,136.18622416950794,126.28873049868157
2024-08-03 19:00:00+00:00,136.64,121.66,121.82,122.81759287284308,110.68549187706756
2024-08-03 20:00:00+00:00,119.2,114.42,108.1,114.15976538935347,104.06262575071794
2024-08-03 21:00:00+00:00,101.3,99.01,97.94,100.4041313544258,90.90092264244872
2024-08-03 22:00:00+00:00,110.21,102.65,109.99,104.48023025594631,99.14584539334719
2024-08-03 23:00:00+00:00,101.34,99.14,95.11,96.24342383500564,92.29138891610002
2024-08-04 00:00:00+00:00,96.9,93.3,88.21,87.96708022714927,84.5475910885095
2024-08-04 01:00:00+00:00,92.68,89.1,81.53,80.85349572299107,77.01941379109032
2024-08-04 02:00:00+00:00,90.21,86.31,78.54,76.57438472054116,71.82710364683906
2024-08-04 03:00:00+00:00,83.0,94.88,79.26,79.34326213262855,74.9178355826426
2024-08-04 04:00:00+00:00,77.7,103.74,75.53,80.74873165685923,77.50058404895708
2024-08-04 05:00:00+00:00,73.2,95.51,72.61,72.29261067495207,71.01803479894274
2024-08-04 06:00:00+00:00,63.93,84.5,25.49,53.43179462292272,57.49350466089702
2024-08-04 07:00:00+00:00,28.11,66.06,4.92,33.711923310378864,43.12236996920542
2024-08-04 08:00:00+00:00,8.05,32.44,0.0,8.00139930786834,20.01848413066446
2024-08-04 09:00:00+00:00,2.05,20.36,-2.43,-5.081587288859851,11.639232271726215
2024-08-04 10:00:00+00:00,0.06,14.66,-16.63,-15.50761539205702,5.650060215095493
2024-08-04 11:00:00+00:00,-0.04,6.41,-39.91,-27.007284550424302,-3.774549280573538
2024-08-04 12:00:00+00:00,-2.16,4.1,-48.69,-29.746004575508564,-5.848334750687272
2024-08-04 13:00:00+00:00,-0.01,12.38,-33.53,-18.7193184464043,3.567032332741576
2024-08-04 14:00:00+00:00,1.0,32.44,-13.77,4.370247835749993,24.025369200391197
2024-08-04 15:00:00+00:00,22.46,73.61,-1.99,41.5502291716285,58.26301055826334
2024-08-04 16:00:00+00:00,73.17,103.55,40.87,80.78323757663671,90.90553079312674
2024-08-04 17:00:00+00:00,105.66,110.02,92.48,106.07358796367316,107.44863094014124
2024-08-04 18:00:00+00:00,119.92,124.64,111.85,125.57187231830099,124.18566848810894
2024-08-04 19:00:00+00:00,124.99,136.64,115.66,133.904646583285,133.04045855066084
2024-08-04 20:00:00+00:00,112.94,119.2,104.95,123.23391243282703,120.83650321031169
2024-08-04 21:00:00+00:00,104.83,101.3,84.46,107.95671749917251,103.74021197981463
2024-08-04 22:00:00+00:00,103.08,110.21,79.59,117.36854166003657,117.42049354792744
2024-08-04 23:00:00+00:00,85.32,101.34,76.03,112.03666598990041,110.5200878672354
2024-08-05 00:00:00+00:00,82.3,96.9,72.25,109.91331059824282,106.32731369241768
2024-08-05 01:00:00+00:00,85.35,92.68,76.29,110.684932017124,103.9862690194658
2024-08-05 02:00:00+00:00,83.59,90.21,80.0,114.68849714967169,104.02405804249928
2024-08-05 03:00:00+00:00,97.24,83.0,101.3,121.5502183382442,105.5676480342647
2024-08-05 04:00:00+00:00,118.98,77.7,135.0,133.84388879527665,113.4929258181867
2024-08-05 05:00:00+00:00,136.75,73.2,121.66,132.09993167412102,112.78731782207942
2024-08-05 06:00:00+00:00,113.97,63.93,98.46,118.33504906782406,104.97386822979712
2024-08-05 07:00:00+00:00,102.83,28.11,63.66,84.94037739068925,75.44088436002193
2024-08-05 08:00:00+00:00,74.5,8.05,10.58,56.15524345243526,52.289138086553514
2024-08-05 09:00:00+00:00,64.3,2.05,-0.16,42.52369660812819,45.66871799526752
2024-08-05 10:00:00+00:00,57.12,0.06,-0.19,34.45713296172754,42.81505269484712
2024-08-05 11:00:00+00:00,42.05,-0.04,-1.7,29.49141723974789,39.92091199787236
2024-08-05 12:00:00+00:00,36.35,-2.16,-0.98,26.97521775794472,36.47416129423066
2024-08-05 13:00:00+00:00,51.43,-0.01,-0.07,31.629269190655776,37.281289282678365
2024-08-05 14:00:00+00:00,70.1,1.0,13.74,42.40559166081009,40.62566395883831
2024-08-05 15:00:00+00:00,85.4,22.46,64.48,74.24210734936916,65.7337674128834
2024-08-05 16:00:00+00:00,108.97,73.17,96.91,119.89643323902384,107.2086634119727
2024-08-05 17:00:00+00:00,152.76,105.66,123.24,152.03328029369516,133.44100160436116
2024-08-05 18:00:00+00:00,250.01,119.92,178.07,169.7571552927028,150.87420501158084
2024-08-05 19:00:00+00:00,170.93,124.99,132.72,163.36997666988788,149.0331572708796
2024-08-05 20:00:00+00:00,120.3,112.94,107.8,146.61021746973722,134.8343656627634
2024-08-05 21:00:00+00:00,102.92,104.83,90.2,132.51010168787542,123.290942112798
2024-08-05 22:00:00+00:00,103.09,103.08,78.01,120.20046819108151,111.51378562239324
2024-08-05 23:00:00+00:00,95.57,85.32,75.77,108.10652233654477,98.09711328318517
2024-08-06 00:00:00+00:00,89.24,82.3,79.27,105.84203129622247,95.86646994352925
2024-08-06 01:00:00+00:00,85.24,85.35,83.73,108.88378295868947,98.11107984056129
2024-08-06 02:00:00+00:00,85.76,83.59,88.59,111.80047691304094,98.13376405373948
2024-08-06 03:00:00+00:00,95.77,97.24,101.85,125.59704581554709,110.18259135151872
2024-08-06 04:00:00+00:00,123.86,118.98,115.64,146.10086190599336,131.4468652799119
2024-08-06 05:00:00+00:00,126.04,136.75,113.48,153.1502600502506,146.6964534209758
2024-08-06 06:00:00+00:00,85.29,113.97,99.65,127.95257483787941,131.2733333675622
2024-08-06 07:00:00+00:00,74.51,102.83,67.78,100.13788143273706,115.82140085634006
2024-08-06 08:00:00+00:00,36.04,74.5,37.52,66.04626399962808,90.05879471724184
2024-08-06 09:00:00+00:00,21.43,64.3,7.84,46.866629575471094,77.86343551959101
2024-08-06 10:00:00+00:00,15.86,57.12,1.09,35.97385189334621,70.05726363665022
2024-08-06 11:00:00+00:00,2.95,42.05,-0.04,25.149239335948337,57.21787421772657
2024-08-06 12:00:00+00:00,4.79,36.35,-0.06,22.534289751421397,50.254589852183635
2024-08-06 13:00:00+00:00,19.44,51.43,13.25,36.65425424021325,59.8837095101597
2024-08-06 14:00:00+00:00,39.71,70.1,40.68,57.390423487095646,73.4278546924149
2024-08-06 15:00:00+00:00,82.19,85.4,78.1,84.07088747166188,89.28578060550552
2024-08-06 16:00:00+00:00,106.29,108.97,103.4,119.13490459954086,113.44044330233818
2024-08-06 17:00:00+00:00,174.58,152.76,129.44,159.99221374250854,149.78169627165056
2024-08-06 18:00:00+00:00,230.85,250.01,177.13,221.4562064586968,222.85118729072252
2024-08-06 19:00:00+00:00,170.45,170.93,147.67,175.46876679412554,168.44449921483792
2024-08-06 20:00:00+00:00,118.54,120.3,114.98,138.10166113179915,128.2718353350026
2024-08-06 21:00:00+00:00,100.03,102.92,99.04,120.16357297581341,111.54990521871302
2024-08-06 22:00:00+00:00,91.39,103.09,98.85,106.27687749126498,99.8495051378682
2024-08-06 23:00:00+00:00,83.24,95.57,87.29,99.26795016284764,91.67007056063574
2024-08-07 00:00:00+00:00,79.29,89.24,85.19,96.22220190098595,86.94708616431151
2024-08-07 01:00:00+00:00,83.24,85.24,82.9,96.14574388435881,84.20874768688735
2024-08-07 02:00:00+00:00,86.43,85.76,90.6,101.37303724129602,86.13686598039001
2024-08-07 03:00:00+00:00,104.36,95.77,102.39,115.00607921433078,97.40916047409557
2024-08-07 04:00:00+00:00,126.07,123.86,112.51,139.9329248756086,124.32550401343948
2024-08-07 05:00:00+00:00,127.98,126.04,110.14,141.1780434197012,130.8429974496364
2024-08-07 06:00:00+00:00,109.06,85.29,95.26,110.02451486777478,102.11016318807901
2024-08-07 07:00:00+00:00,88.91,74.51,79.02,91.36263836276474,91.88914154659501
2024-08-07 08:00:00+00:00,73.56,36.04,55.89,58.87719402783449,61.039530293729364
2024-08-07 09:00:00+00:00,62.49,21.43,33.46,44.08190588634078,48.00234463469036
2024-08-07 10:00:00+00:00,42.14,15.86,21.75,37.297260738822644,41.58221550063838
2024-08-07 11:00:00+00:00,35.05,2.95,11.36,28.209703952111013,28.93363369896079
2024-08-07 12:00:00+00:00,51.19,4.79,17.53,29.950535749925507,28.06932538870329
2024-08-07 13:00:00+00:00,69.28,19.44,31.74,42.865224400992034,39.87102633949072
2024-08-07 14:00:00+00:00,85.74,39.71,46.09,60.45688695937996,55.90981101153168
2024-08-07 15:00:00+00:00,105.2,82.19,75.85,93.37735280211228,89.18984788622339
2024-08-07 16:00:00+00:00,106.41,106.29,99.16,118.88137420169464,111.29093376811974
2024-08-07 17:00:00+00:00,119.75,174.58,115.39,165.98498066113723,163.0448640088711
2024-08-07 18:00:00+00:00,149.28,230.85,136.15,203.7346052776296,210.35629048368668
2024-08-07 19:00:00+00:00,134.25,170.45,116.19,165.54628092671084,161.54492038219064
2024-08-07 20:00:00+00:00,112.74,118.54,104.51,130.57140316908084,119.81968489090576
2024-08-07 21:00:00+00:00,102.78,100.03,96.49,114.30268432058347,102.73215981248353
2024-08-07 22:00:00+00:00,96.43,91.39,96.45,105.12924587330247,92.11377317025232
2024-08-07 23:00:00+00:00,88.06,83.24,92.4,98.81738916193564,84.9010499448297
2024-08-08 00:00:00+00:00,87.36,79.29,86.85,95.48931389420969,80.73752737383117
2024-08-08 01:00:00+00:00,88.06,83.24,84.11,98.79457580060732,83.07370591065666
2024-08-08 02:00:00+00:00,88.27,86.43,93.08,104.6977557883121,87.17863448813569
2024-08-08 03:00:00+00:00,96.11,104.36,112.71,122.08085036957601,104.45410442097827
2024-08-08 04:00:00+00:00,110.93,126.07,134.39,145.8873362832536,129.2781082061336
2024-08-08 05:00:00+00:00,124.93,127.98,109.52,146.62120331421465,131.45499700850021
2024-08-08 06:00:00+00:00,114.41,109.06,105.95,131.367115113716,116.46144340332683
2024-08-08 07:00:00+00:00,106.84,88.91,90.1,111.77657002789721,100.34358390306224
2024-08-08 08:00:00+00:00,86.1,73.56,76.95,89.27512217502914,83.93372055117149
2024-08-08 09:00:00+00:00,71.6,62.49,67.64,71.03337151786305,72.47235467130253
2024-08-08 10:00:00+00:00,57.09,42.14,64.03,53.04042197858389,56.50396884778217
2024-08-08 11:00:00+00:00,40.49,35.05,60.38,43.183792282468374,47.932747769666655
2024-08-08 12:00:00+00:00,32.18,51.19,62.39,47.525711248290705,55.96008020029487
2024-08-08 13:00:00+00:00,40.24,69.28,71.22,57.888668853991646,67.94864270143162
2024-08-08 14:00:00+00:00,57.81,85.74,77.39,72.0520375902637,79.68238922476297
2024-08-08 15:00:00+00:00,80.52,105.2,95.16,96.42248956198866,98.54222004574713
2024-08-08 16:00:00+00:00,101.92,106.41,102.83,114.1982013842143,104.38261779748646
2024-08-08 17:00:00+00:00,138.49,119.75,112.5,137.47157646543116,121.18460142263527
2024-08-08 18:00:00+00:00,197.31,149.28,138.07,158.52036322211967,146.62239818220294
2024-08-08 19:00:00+00:00,135.0,134.25,124.03,141.85295666268374,129.08151438237934
2024-08-08 20:00:00+00:00,102.0,112.74,112.94,119.63455170610872,107.04914441362627
2024-08-08 21:00:00+00:00,93.56,102.78,105.7,104.31021164989939,95.46689764229095
2024-08-08 22:00:00+00:00,103.71,96.43,93.93,94.87872217743228,92.67242525716584
2024-08-08 23:00:00+00:00,83.92,88.06,89.17,82.52983974284997,84.9103942059856
2024-08-09 00:00:00+00:00,67.34,87.36,88.11,77.63186316761161,83.35188951340173
2024-08-09 01:00:00+00:00,64.3,88.06,82.97,76.31711514542542,83.64774587852612
2024-08-09 02:00:00+00:00,53.31,88.27,86.95,77.63963936407463,85.41165682942767
2024-08-09 03:00:00+00:00,64.36,96.11,96.61,86.91032438275792,95.62876403171812
2024-08-09 04:00:00+00:00,80.0,110.93,110.75,101.86934608340644,114.12727096729758
2024-08-09 05:00:00+00:00,88.41,124.93,121.38,109.29804068342527,129.02724636151063
2024-08-09 06:00:00+00:00,59.4,114.41,113.19,94.75004526358435,121.06331604567714
2024-08-09 07:00:00+00:00,31.31,106.84,104.42,77.17811713443203,112.49057988172675
2024-08-09 08:00:00+00:00,8.98,86.1,91.68,53.472045502147324,95.08285732946787
2024-08-09 09:00:00+00:00,0.6,71.6,77.69,35.04509924675503,82.02144290014704
2024-08-09 10:00:00+00:00,-0.03,57.09,73.58,18.6704042460792,67.37645635371362
2024-08-09 11:00:00+00:00,-0.16,40.49,61.94,4.72624855274087,51.809330102547015
2024-08-09 12:00:00+00:00,-0.8,32.18,53.44,0.4773929515063884,45.11106077400748
2024-08-09 13:00:00+00:00,-0.11,40.24,50.58,7.719893335890788,50.89328509001353
2024-08-09 14:00:00+00:00,-0.01,57.81,65.42,24.354105914296397,65.63089642303429
2024-08-09 15:00:00+00:00,2.55,80.52,77.69,46.39826218374067,84.18780508125027
2024-08-09 16:00:00+00:00,41.78,101.92,102.22,72.28600933094872,102.5760576276979
2024-08-09 17:00:00+00:00,81.04,138.49,128.49,107.2242834630937,131.6388023203084
2024-08-09 18:00:00+00:00,124.97,197.31,146.19,148.04345747319877,175.0363769165741
2024-08-09 19:00:00+00:00,118.05,135.0,121.66,114.08864960329583,129.56565884563042
2024-08-09 20:00:00+00:00,113.46,102.0,114.42,93.26768865164516,103.67958904473458
2024-08-09 21:00:00+00:00,93.23,93.56,99.01,84.06563909455537,93.36482064825393
2024-08-09 22:00:00+00:00,85.09,103.71,102.65,89.74197175960803,98.7156466811453
2024-08-09 23:00:00+00:00,92.13,83.92,99.14,77.40110742940803,82.03024630465711
2024-08-10 00:00:00+00:00,87.28,67.34,93.3,66.44869995410869,67.57460220932899
2024-08-10 01:00:00+00:00,84.67,64.3,89.1,63.20789219211481,62.11287320179798
2024-08-10 02:00:00+00:00,82.93,53.31,86.31,56.879852397703644,51.63829515921733
2024-08-10 03:00:00+00:00,85.52,64.36,94.88,63.40918137751284,57.35796708170395
2024-08-10 04:00:00+00:00,88.68,80.0,103.74,70.91147822157956,66.64078932993328
2024-08-10 05:00:00+00:00,76.01,88.41,95.51,68.91851671010565,71.27835861215824
2024-08-10 06:00:00+00:00,31.86,59.4,84.5,42.02862783666478,50.13354650085232
2024-08-10 07:00:00+00:00,0.2,31.31,66.06,11.905801523905168,29.287234964976207
2024-08-10 08:00:00+00:00,-3.0,8.98,32.44,-16.36583984474747,9.318661524207641
2024-08-10 09:00:00+00:00,-12.2,0.6,20.36,-30.64039616307126,1.6727453825377125
2024-08-10 10:00:00+00:00,-22.49,-0.03,14.66,-36.70986258154018,-0.21839241359172945
2024-08-10 11:00:00+00:00,-40.77,-0.16,6.41,-40.190893069844364,-3.059750426905893
2024-08-10 12:00:00+00:00,-40.09,-0.8,4.1,-39.95856087826577,-3.9691697072965866
2024-08-10 13:00:00+00:00,-29.67,-0.11,12.38,-32.13513598727074,0.5200680594221154
2024-08-10 14:00:00+00:00,-8.2,-0.01,32.44,-16.676763048174834,8.141881825150534
2024-08-10 15:00:00+00:00,0.07,2.55,73.61,6.396965385668722,21.116996225511073
2024-08-10 16:00:00+00:00,48.84,41.78,103.55,52.05122749379324,56.373885345522766
2024-08-10 17:00:00+00:00,106.55,81.04,110.02,91.37914792584588,88.66032472421686
2024-08-10 18:00:00+00:00,125.43,124.97,124.64,123.61717849494892,125.78053335967435
2024-08-10 19:00:00+00:00,133.0,118.05,136.64,119.7112593838435,119.14187350855772
2024-08-10 20:00:00+00:00,117.85,113.46,119.2,112.63928344213437,111.78480243278143
2024-08-10 21:00:00+00:00,106.64,93.23,101.3,97.0295830020173,94.51260221043083
2024-08-10 22:00:00+00:00,106.71,85.09,110.21,97.1223561269239,97.04630080927224
2024-08-10 23:00:00+00:00,104.17,92.13,101.34,96.2555349116972,96.62783651141385
2024-08-11 00:00:00+00:00,99.96,87.28,96.9,90.25164728246203,88.53237353172106
2024-08-11 01:00:00+00:00,95.14,84.67,92.68,86.9185144742658,82.65109879192644
2024-08-11 02:00:00+00:00,96.49,82.93,90.21,84.97846547723879,76.81665382154412
2024-08-11 03:00:00+00:00,114.97,85.52,83.0,86.75078645325436,75.21454902741455
2024-08-11 04:00:00+00:00,106.44,88.68,77.7,87.3811408825335,74.19697784517159
2024-08-11 05:00:00+00:00,71.02,76.01,73.2,74.79568999694162,64.38722848388235
2024-08-11 06:00:00+00:00,27.8,31.86,63.93,37.63191080233679,32.14384598266294
2024-08-11 07:00:00+00:00,0.0,0.2,28.11,1.155729050593223,5.464321714063843
2024-08-11 08:00:00+00:00,-5.01,-3.0,8.05,-16.78164461076578,-0.8587256174483286
2024-08-11 09:00:00+00:00,-14.99,-12.2,2.05,-30.184928784465782,-7.947404540640164
2024-08-11 10:00:00+00:00,-32.04,-22.49,0.06,-40.93588982160513,-15.803884655240651
2024-08-11 11:00:00+00:00,-59.96,-40.77,-0.04,-51.36762705898501,-28.251557022263768
2024-08-11 12:00:00+00:00,-50.09,-40.09,-2.16,-47.37796481275815,-26.90525763668468
2024-08-11 13:00:00+00:00,-31.42,-29.67,-0.01,-33.048343643168366,-17.228111945633515
2024-08-11 14:00:00+00:00,-4.97,-8.2,1.0,-9.256267879232027,0.35988575795029476
2024-08-11 15:00:00+00:00,1.46,0.07,22.46,16.45185085068951,13.413644021946183
2024-08-11 16:00:00+00:00,88.14,48.84,73.17,72.2017774007992,60.63001156604913
2024-08-11 17:00:00+00:00,128.8,106.55,105.66,123.95967404281855,109.44782620070525
2024-08-11 18:00:00+00:00,137.18,125.43,119.92,143.37052939848152,131.21793759886674
2024-08-11 19:00:00+00:00,126.15,133.0,124.99,146.1296383644588,138.81403037057717
2024-08-11 20:00:00+00:00,109.99,117.85,112.94,133.69569872837468,128.00037239988524
2024-08-11 21:00:00+00:00,97.28,106.64,104.83,121.58350796212994,116.43371805880341
2024-08-11 22:00:00+00:00,104.98,106.71,103.08,126.01717014660063,123.52936697937454
2024-08-11 23:00:00+00:00,94.62,104.17,85.32,122.43835735389698,120.00510589350215
2024-08-12 00:00:00+00:00,85.3,99.96,82.3,119.97593526565947,116.25506585557667
2024-08-12 01:00:00+00:00,86.6,95.14,85.35,119.9378720941139,113.665699310223
2024-08-12 02:00:00+00:00,88.85,96.49,83.59,124.4898217868636,115.58559978120502
2024-08-12 03:00:00+00:00,114.54,114.97,97.24,143.16658216009756,133.22560291900848
2024-08-12 04:00:00+00:00,153.82,106.44,118.98,151.7112400911493,137.6240221975147
2024-08-12 05:00:00+00:00,153.82,71.02,136.75,134.67637575443706,120.19185939857134
2024-08-12 06:00:00+00:00,115.25,27.8,113.97,97.32643033146054,87.36880122595657
2024-08-12 07:00:00+00:00,69.9,0.0,102.83,65.79376147650326,64.61966339164113
2024-08-12 08:00:00+00:00,40.12,-5.01,74.5,45.28343091962813,56.42413975508294
2024-08-12 09:00:00+00:00,16.04,-14.99,64.3,28.89615136348546,47.34660023581741
2024-08-12 10:00:00+00:00,10.06,-32.04,57.12,13.004300626853421,33.24271237270099
2024-08-12 11:00:00+00:00,6.98,-59.96,42.05,-5.9450069286822185,9.874580913545458
2024-08-12 12:00:00+00:00,13.8,-50.09,36.35,0.016742508112344012,13.784933275757368
2024-08-12 13:00:00+00:00,27.87,-31.42,51.43,18.468442290712687,28.317727297325646
2024-08-12 14:00:00+00:00,48.65,-4.97,70.1,44.734818524996044,49.063288898680916
2024-08-12 15:00:00+00:00,89.29,1.46,85.4,65.36544580082274,57.19210543674457
2024-08-12 16:00:00+00:00,122.78,88.14,108.97,129.92093325869104,122.53616436221178
2024-08-12 17:00:00+00:00,206.02,128.8,152.76,168.5719218688751,160.42012921252746
2024-08-12 18:00:00+00:00,224.84,137.18,250.01,183.47656026902058,179.50874500574514
2024-08-12 19:00:00+00:00,128.34,126.15,170.93,158.9680144206524,162.3431446877852
2024-08-12 20:00:00+00:00,106.88,109.99,120.3,134.36855007650763,142.28277071466033
2024-08-12 21:00:00+00:00,100.05,97.28,102.92,117.53696207432034,128.13316650105475
2024-08-12 22:00:00+00:00,99.64,104.98,103.09,111.44448111828768,123.540373246813
2024-08-12 23:00:00+00:00,87.91,94.62,95.57,103.84966070898535,114.78584985910476
2024-08-13 00:00:00+00:00,86.6,85.3,89.24,98.75456544212531,107.13314208936187
2024-08-13 01:00:00+00:00,84.79,86.6,85.24,101.26031563786509,107.31339382924912
2024-08-13 02:00:00+00:00,84.76,88.85,85.76,106.85444177218179,109.65987419509862
2024-08-13 03:00:00+00:00,101.37,114.54,95.77,128.90481061455424,131.77857154180373
2024-08-13 04:00:00+00:00,125.66,153.82,123.86,162.0297911849947,166.67046302380422
2024-08-13 05:00:00+00:00,133.71,153.82,126.04,162.17541921539095,168.31252051688696
2024-08-13 06:00:00+00:00,117.89,115.25,85.29,126.93837692603773,135.55798327742656
2024-08-13 07:00:00+00:00,87.81,69.9,74.51,88.29822601284388,100.63884785160346
2024-08-13 08:00:00+00:00,66.67,40.12,36.04,55.06431344829497,74.10029132617598
2024-08-13 09:00:00+00:00,55.94,16.04,21.43,31.678301360796056,54.27477754088539
2024-08-13 10:00:00+00:00,43.01,10.06,15.86,22.720851810863508,46.52107888347899
2024-08-13 11:00:00+00:00,40.37,6.98,2.95,17.052984163032377,37.70494340906526
2024-08-13 12:00:00+00:00,47.96,13.8,4.79,23.05636623454042,39.99339209782871
2024-08-13 13:00:00+00:00,64.15,27.87,19.44,40.05979736755576,51.596200819195836
2024-08-13 14:00:00+00:00,86.0,48.65,39.71,62.89681003669227,68.58306606319671
2024-08-13 15:00:00+00:00,105.0,89.29,82.19,100.48700297749527,100.79764947914347
2024-08-13 16:00:00+00:00,121.04,122.78,106.29,137.35181133025253,134.5569075861141
2024-08-13 17:00:00+00:00,202.72,206.02,174.58,198.0666492843963,202.6373662512654
2024-08-13 18:00:00+00:00,205.35,224.84,230.85,214.0183637626214,222.65567580880656
2024-08-13 19:00:00+00:00,128.9,128.34,170.45,152.32853319283012,150.7092808154178
2024-08-13 20:00:00+00:00,111.48,106.88,118.54,127.85602571703177,126.77481896421858
2024-08-13 21:00:00+00:00,104.99,100.05,100.03,116.3936399381584,116.46344483391786
2024-08-13 22:00:00+00:00,87.73,99.64,91.39,101.16768612335623,103.8049317327738
2024-08-13 23:00:00+00:00,90.79,87.91,83.24,94.1997925514896,93.81269405908563
2024-08-14 00:00:00+00:00,87.73,86.6,79.29,94.3682700050008,91.58465838685899
2024-08-14 01:00:00+00:00,93.4,84.79,83.24,97.16198619032906,91.04817549125846
2024-08-14 02:00:00+00:00,93.6,84.76,86.43,102.62505846191286,92.48087687515142
2024-08-14 03:00:00+00:00,107.1,101.37,104.36,121.91309077986308,110.06434735886239
2024-08-14 04:00:00+00:00,129.74,125.66,126.07,148.02190543287657,137.2893030455365
2024-08-14 05:00:00+00:00,136.62,133.71,127.98,153.65648289198546,146.8201921977158
2024-08-14 06:00:00+00:00,120.96,117.89,109.06,133.94308908900234,132.32949225113904
2024-08-14 07:00:00+00:00,108.79,87.81,88.91,102.02523559469498,105.34219174653703
2024-08-14 08:00:00+00:00,83.08,66.67,73.56,77.24853901552054,85.8868827551572
2024-08-14 09:00:00+00:00,77.24,55.94,62.49,61.67588156448865,74.06838938368325
2024-08-14 10:00:00+00:00,72.85,43.01,42.14,49.15681722503152,60.85084252726916
2024-08-14 11:00:00+00:00,75.38,40.37,35.05,45.62290420019576,55.43114590760657
2024-08-14 12:00:00+00:00,74.71,47.96,51.19,52.5259776017336,60.03533310175953
2024-08-14 13:00:00+00:00,81.74,64.15,69.28,67.38980225715721,72.67064974182318
2024-08-14 14:00:00+00:00,94.36,86.0,85.74,88.29584587464024,89.94950035580433
2024-08-14 15:00:00+00:00,105.59,105.0,105.2,112.47825769418958,108.81961412236365
2024-08-14 16:00:00+00:00,111.48,121.04,106.41,132.63422188024668,123.41286891176927
2024-08-14 17:00:00+00:00,161.41,202.72,119.75,185.5712650310425,186.22782195033147
2024-08-14 18:00:00+00:00,218.92,205.35,149.28,190.52544091480337,192.59012286823852
2024-08-14 19:00:00+00:00,148.7,128.9,134.25,142.3457032931873,131.93637335228016
2024-08-14 20:00:00+00:00,120.43,111.48,112.74,124.84747726988003,113.72000426867197
2024-08-14 21:00:00+00:00,109.95,104.99,102.78,115.43067124102274,105.07293207208853
2024-08-14 22:00:00+00:00,110.33,87.73,96.43,97.28019442265472,84.47417731334008
2024-08-14 23:00:00+00:00,109.66,90.79,88.06,96.22799267935767,84.047280150323
2024-08-15 00:00:00+00:00,105.3,87.73,87.36,93.64479398625349,81.0898019955172
2024-08-15 01:00:00+00:00,94.74,93.4,88.06,98.049657307485,85.01910041145726
2024-08-15 02:00:00+00:00,96.02,93.6,88.27,100.48197899116172,85.0320744865352
2024-08-15 03:00:00+00:00,108.91,107.1,96.11,114.62325402246145,97.84158766861805
2024-08-15 04:00:00+00:00,119.75,129.74,110.93,136.93591306624634,120.48186228791943
2024-08-15 05:00:00+00:00,120.71,136.62,124.93,142.99221214786309,129.9470994057123
2024-08-15 06:00:00+00:00,114.97,120.96,114.41,125.44504388034126,118.5937029309743
2024-08-15 07:00:00+00:00,91.12,108.79,106.84,104.69589356994695,107.24940134439882
2024-08-15 08:00:00+00:00,59.1,83.08,86.1,76.10440637367431,85.51609331280245
2024-08-15 09:00:00+00:00,19.94,77.24,71.6,60.822902599578015,78.23906052096639
2024-08-15 10:00:00+00:00,9.86,72.85,57.09,47.207599964686565,70.27548578054846
2024-08-15 11:00:00+00:00,0.01,75.38,40.49,39.53998086274781,66.56402028923776
2024-08-15 12:00:00+00:00,-0.04,74.71,32.18,35.232359756781676,62.93722018383746
2024-08-15 13:00:00+00:00,4.25,81.74,40.24,42.89321100122184,68.76878328310426
2024-08-15 14:00:00+00:00,33.41,94.36,57.81,59.52801172574996,80.6819431019123
2024-08-15 15:00:00+00:00,77.26,105.59,80.52,82.22439728075514,93.65378172323274
2024-08-15 16:00:00+00:00,119.93,111.48,101.92,105.7630971518654,103.59400437333122
2024-08-15 17:00:00+00:00,142.51,161.41,138.49,151.074262205094,148.31866135822116
2024-08-15 18:00:00+00:00,160.3,218.92,197.31,191.2415348856677,194.49333267319759
2024-08-15 19:00:00+00:00,140.84,148.7,135.0,142.66179339208048,134.54901556408183
2024-08-15 20:00:00+00:00,118.87,120.43,102.0,118.73785612531822,109.09331775433715
2024-08-15 21:00:00+00:00,94.94,109.95,93.56,106.36184031103681,98.32955951773559
2024-08-15 22:00:00+00:00,108.97,110.33,103.71,105.03853324628655,102.18619328839371
2024-08-15 23:00:00+00:00,86.78,109.66,83.92,100.63082217657507,98.98839243525491
2024-08-16 00:00:00+00:00,85.58,105.3,67.34,95.68403790897914,93.317069906913
2024-08-16 01:00:00+00:00,85.83,94.74,64.3,91.92127579552083,86.65239195397817
2024-08-16 02:00:00+00:00,87.76,96.02,53.31,94.57461804859855,86.85868090820252
2024-08-16 03:00:00+00:00,92.05,108.91,64.36,109.71338905746029,100.5785205571901
2024-08-16 04:00:00+00:00,128.42,119.75,80.0,125.95454229004523,116.33729983360112
2024-08-16 05:00:00+00:00,134.91,120.71,88.41,127.20079102720253,122.24403622466629
2024-08-16 06:00:00+00:00,124.83,114.97,59.4,110.16343984597624,115.11241790074146
2024-08-16 07:00:00+00:00,100.95,91.12,31.31,80.66507734652693,94.75543501932123
2024-08-16 08:00:00+00:00,76.15,59.1,8.98,47.667518830441566,67.48328338407276
2024-08-16 09:00:00+00:00,59.83,19.94,0.6,20.95438103787812,40.33722122967219
2024-08-16 10:00:00+00:00,50.68,9.86,-0.03,15.39677052106913,33.48011271902604
2024-08-16 11:00:00+00:00,49.93,0.01,-0.16,12.666271975638011,26.770518146198143
2024-08-16 12:00:00+00:00,47.57,-0.04,-0.8,16.583105311154966,26.002110229743508
2024-08-16 13:00:00+00:00,55.16,4.25,-0.11,26.490178104742867,29.711607733942486
2024-08-16 14:00:00+00:00,82.67,33.41,-0.01,52.39039531902009,51.10261772148103
2024-08-16 15:00:00+00:00,103.76,77.26,2.55,89.11439803609301,82.66032076340457
2024-08-16 16:00:00+00:00,134.92,119.93,41.78,129.72291006981274,116.87646592376524
2024-08-16 17:00:00+00:00,230.52,142.51,81.04,157.73785773551856,140.28919084840913
2024-08-16 18:00:00+00:00,243.12,160.3,124.97,174.9131113373607,160.95626170879288
2024-08-16 19:00:00+00:00,171.83,140.84,118.05,156.99270955139082,140.3839807185634
2024-08-16 20:00:00+00:00,134.54,118.87,113.46,139.22961355412346,121.27349941424615
2024-08-16 21:00:00+00:00,116.17,94.94,93.23,119.6725882971161,100.01228902083572
2024-08-16 22:00:00+00:00,107.11,108.97,85.09,124.42156104592293,108.20545180690252
2024-08-16 23:00:00+00:00,109.26,86.78,92.13,111.181136108787,92.05831807614827
2024-08-17 00:00:00+00:00,103.13,85.58,87.28,106.99516950688631,87.49867438787645
2024-08-17 01:00:00+00:00,101.82,85.83,84.67,104.6591054108343,83.47480115008804
2024-08-17 02:00:00+00:00,110.59,87.76,82.93,105.17139635847265,81.82828886126521
2024-08-17 03:00:00+00:00,110.84,92.05,85.52,107.35015383913733,82.19834263022283
2024-08-17 04:00:00+00:00,106.7,128.42,88.68,125.39697486179459,103.5629751270207
2024-08-17 05:00:00+00:00,103.97,134.91,76.01,124.5870597555671,105.24727477395588
2024-08-17 06:00:00+00:00,103.43,124.83,31.86,108.24319472147664,93.09241267595861
2024-08-17 07:00:00+00:00,84.0,100.95,0.2,83.50176824016272,71.71680132429688
2024-08-17 08:00:00+00:00,69.49,76.15,-3.0,60.09035158268961,51.58607376171407
2024-08-17 09:00:00+00:00,54.28,59.83,-12.2,41.14079024436793,35.177087448071845
2024-08-17 10:00:00+00:00,46.93,50.68,-22.49,29.5153961757175,25.520199198801578
2024-08-17 11:00:00+00:00,40.71,49.93,-40.77,22.957903187131222,19.597116002535373
2024-08-17 12:00:00+00:00,39.43,47.57,-40.09,22.300497471948134,17.10793310436891
2024-08-17 13:00:00+00:00,39.56,55.16,-29.67,31.54751841815626,24.433210227001908
2024-08-17 14:00:00+00:00,59.09,82.67,-8.2,57.88533957603488,49.69375937832095
2024-08-17 15:00:00+00:00,88.4,103.76,0.07,84.98547598584108,72.21055091617676
2024-08-17 16:00:00+00:00,119.68,134.92,48.84,122.94037182732798,107.0649619312555
2024-08-17 17:00:00+00:00,140.56,230.52,106.55,190.65397618757783,183.6070121998935
2024-08-17 18:00:00+00:00,149.18,243.12,125.43,204.81444490518533,199.41980698236725
2024-08-17 19:00:00+00:00,126.98,171.83,133.0,167.69251184766028,153.98322022338994
2024-08-17 20:00:00+00:00,116.7,134.54,117.85,143.25972654047092,126.5328762505601
2024-08-17 21:00:00+00:00,105.82,116.17,106.64,127.15756429828026,109.75608292645335
2024-08-17 22:00:00+00:00,111.82,107.11,106.71,126.73257554567618,110.76503506375455
2024-08-17 23:00:00+00:00,112.8,109.26,104.17,123.20136578345634,107.49860888495368
2024-08-18 00:00:00+00:00,106.17,103.13,99.96,116.85916385502833,100.0199349372306
2024-08-18 01:00:00+00:00,106.22,101.82,95.14,114.04686381098514,95.56687722441953
2024-08-18 02:00:00+00:00,104.75,110.59,96.49,117.53680894406074,98.17947290799577
2024-08-18 03:00:00+00:00,104.97,110.84,114.97,119.12102385605137,97.11463499439539
2024-08-18 04:00:00+00:00,99.53,106.7,106.44,116.90929476025175,92.64924508563867
2024-08-18 05:00:00+00:00,95.2,103.97,71.02,110.54978547379014,85.11364783827015
2024-08-18 06:00:00+00:00,88.2,103.43,27.8,103.96250053415503,78.50645029893874
2024-08-18 07:00:00+00:00,82.32,84.0,0.0,88.79508156171848,61.022247294088515
2024-08-18 08:00:00+00:00,72.12,69.49,-5.01,76.75790871452554,48.58198328532644
2024-08-18 09:00:00+00:00,72.52,54.28,-14.99,64.32946640065653,35.991686524679494
2024-08-18 10:00:00+00:00,66.03,46.93,-32.04,54.619927268811196,27.398542803871862
2024-08-18 11:00:00+00:00,33.64,40.71,-59.96,44.931973368996424,18.7212427200825
2024-08-18 12:00:00+00:00,17.72,39.43,-50.09,43.14631174434098,19.158082364667806
2024-08-18 13:00:00+00:00,51.28,39.56,-31.42,46.58212246379721,24.100964147690817
2024-08-18 14:00:00+00:00,69.86,59.09,-4.97,64.19603132526312,45.639503741011836
2024-08-18 15:00:00+00:00,82.39,88.4,1.46,87.42850178998083,72.56934668778513
2024-08-18 16:00:00+00:00,93.85,119.68,88.14,123.39673156336758,112.48311852543905
2024-08-18 17:00:00+00:00,109.93,140.56,128.8,146.37250978972025,142.2273813750472
2024-08-18 18:00:00+00:00,115.68,149.18,137.18,150.64037069733735,151.54209789497475
2024-08-18 19:00:00+00:00,109.83,126.98,126.15,133.09647666976807,131.60266149162163
2024-08-18 20:00:00+00:00,111.4,116.7,109.99,122.51468178390493,120.91137159307709
2024-08-18 21:00:00+00:00,99.45,105.82,97.28,111.20614549343398,109.27589845368836
2024-08-18 22:00:00+00:00,97.39,111.82,104.98,118.85112871336126,120.5210698257925
2024-08-18 23:00:00+00:00,90.1,112.8,94.62,117.4219371735297,119.50246341118137
2024-08-19 00:00:00+00:00,88.7,106.17,85.3,112.40371758365417,113.04907173230986
2024-08-19 01:00:00+00:00,84.86,106.22,86.6,114.72554660238676,113.65060482256045
2024-08-19 02:00:00+00:00,84.5,104.75,88.85,119.5042785793187,115.28925185759792
2024-08-19 03:00:00+00:00,87.97,104.97,114.54,130.60687638036657,121.7415056079861
2024-08-19 04:00:00+00:00,129.0,99.53,153.82,145.08259482387098,129.30134199534973
2024-08-19 05:00:00+00:00,152.33,95.2,153.82,148.05384917473185,129.93990193800485
2024-08-19 06:00:00+00:00,129.6,88.2,115.25,136.37833104103208,122.14321403575978
2024-08-19 07:00:00+00:00,112.58,82.32,69.9,117.42456726681931,110.48271976410973
2024-08-19 08:00:00+00:00,96.9,72.12,40.12,98.7958786855677,98.1603724085809
2024-08-19 09:00:00+00:00,89.74,72.52,16.04,88.8635180032511,92.82149627005991
2024-08-19 10:00:00+00:00,84.38,66.03,10.06,80.82636123210115,85.70826818857617
2024-08-19 11:00:00+00:00,78.87,33.64,6.98,62.321319000001594,61.762182033061514
2024-08-19 12:00:00+00:00,80.21,17.72,13.8,55.6725559260278,50.61157050092441
2024-08-19 13:00:00+00:00,79.9,51.28,27.87,76.06224186154459,72.91598212110937
2024-08-19 14:00:00+00:00,84.05,69.86,48.65,92.60036492498293,87.80775777132217
2024-08-19 15:00:00+00:00,100.7,82.39,89.29,114.72114286256009,104.6823404882042
2024-08-19 16:00:00+00:00,113.97,93.85,122.78,137.8869473810763,120.86944792572066
2024-08-19 17:00:00+00:00,200.0,109.93,206.02,164.57595293444945,144.12744390631218
2024-08-19 18:00:00+00:00,203.83,115.68,224.84,168.86400500469898,150.93664034562772
2024-08-19 19:00:00+00:00,140.11,109.83,128.34,146.47045208645733,132.86331591699235
2024-08-19 20:00:00+00:00,100.82,111.4,106.88,134.2187593931907,128.10489042744328
2024-08-19 21:00:00+00:00,86.2,99.45,100.05,117.05487964668603,116.17706032937802
2024-08-19 22:00:00+00:00,93.6,97.39,99.64,107.17141212062468,105.64275979018615
2024-08-19 23:00:00+00:00,89.55,90.1,87.91,97.75777465239153,98.50926536294831
2024-08-20 00:00:00+00:00,88.5,88.7,86.6,94.82711342229396,96.7337370677895
2024-08-20 01:00:00+00:00,89.31,84.86,84.79,92.9351010817848,93.94572361936018
2024-08-20 02:00:00+00:00,86.19,84.5,84.76,95.52632233964069,94.4859026228588
2024-08-20 03:00:00+00:00,89.97,87.97,101.37,104.91444267009362,101.19220537401083
2024-08-20 04:00:00+00:00,123.06,129.0,125.66,137.46407038206354,136.1048370046663
2024-08-20 05:00:00+00:00,133.23,152.33,133.71,151.24629933414093,155.53472699057534
2024-08-20 06:00:00+00:00,122.97,129.6,117.89,130.77340062014923,139.84071090398345
2024-08-20 07:00:00+00:00,103.09,112.58,87.81,108.84519692212214,124.43773254292269
2024-08-20 08:00:00+00:00,75.01,96.9,66.67,88.10793238835818,109.7155021920937
2024-08-20 09:00:00+00:00,50.13,89.74,55.94,74.67527570361895,101.585272592592
2024-08-20 10:00:00+00:00,37.69,84.38,43.01,69.37596027101847,96.71955613119238
2024-08-20 11:00:00+00:00,18.22,78.87,40.37,62.47847626087834,87.70294617477093
2024-08-20 12:00:00+00:00,20.36,80.21,47.96,61.69658493365547,84.87469680999548
2024-08-20 13:00:00+00:00,48.9,79.9,64.15,68.57263026161662,87.95150218240543
2024-08-20 14:00:00+00:00,82.15,84.05,86.0,81.14904895485267,93.8769167217617
2024-08-20 15:00:00+00:00,104.5,100.7,105.0,103.5353525006473,108.77534108487936
2024-08-20 16:00:00+00:00,118.07,113.97,121.04,124.32157689233982,120.90428404837881
2024-08-20 17:00:00+00:00,158.81,200.0,202.72,188.0284009236662,190.2839464860481
2024-08-20 18:00:00+00:00,154.71,203.83,205.35,191.47825759148265,194.5225795745796
2024-08-20 19:00:00+00:00,120.89,140.11,128.9,145.31205358264032,142.79741250702472
2024-08-20 20:00:00+00:00,103.82,100.82,111.48,116.52169405164231,113.3472572286193
2024-08-20 21:00:00+00:00,97.96,86.2,104.99,100.46234878041231,99.66611455185098
2024-08-20 22:00:00+00:00,87.36,93.6,87.73,87.50636724699491,91.07788111090302
2024-08-20 23:00:00+00:00,82.0,89.55,90.79,80.00038772721005,87.46425423064883
2024-08-21 00:00:00+00:00,65.93,88.5,87.73,74.62613294189092,86.13304001731305
2024-08-21 01:00:00+00:00,56.09,89.31,93.4,72.74322147628104,87.1999402425472
2024-08-21 02:00:00+00:00,60.42,86.19,93.6,71.02083577167171,86.19008175777347
2024-08-21 03:00:00+00:00,59.95,89.97,107.1,78.0268627626115,92.58034160912585
2024-08-21 04:00:00+00:00,81.3,123.06,129.74,107.87601619292163,125.75811027597422
2024-08-21 05:00:00+00:00,85.92,133.23,136.62,116.57879075037924,138.6538825606552
2024-08-21 06:00:00+00:00,87.38,122.97,120.96,100.10353143675063,129.30656371219615
2024-08-21 07:00:00+00:00,53.16,103.09,108.79,72.73928135730362,113.15800002290572
2024-08-21 08:00:00+00:00,0.16,75.01,83.08,38.45058239249691,89.43295273086704
2024-08-21 09:00:00+00:00,-4.95,50.13,77.24,13.18157948720119,70.07023067862852
2024-08-21 10:00:00+00:00,-13.01,37.69,72.85,3.7749205106158,62.403798310892704
2024-08-21 11:00:00+00:00,-20.32,18.22,75.38,-5.4798137596160785,48.92203319252204
2024-08-21 12:00:00+00:00,-21.28,20.36,74.71,-3.9425859374369026,48.82521720963239
2024-08-21 13:00:00+00:00,-16.05,48.9,81.74,14.10956970847083,67.56378275785863
2024-08-21 14:00:00+00:00,-12.64,82.15,94.36,38.759302130595714,90.22238288050852
2024-08-21 15:00:00+00:00,2.01,104.5,105.59,62.41871631409991,108.51299236558687
2024-08-21 16:00:00+00:00,67.26,118.07,111.48,91.15705595810127,120.96707540190205
2024-08-21 17:00:00+00:00,101.89,158.81,161.41,137.69322891107734,161.24725864136283
2024-08-21 18:00:00+00:00,140.35,154.71,218.92,146.69110273623767,164.57819948824636
2024-08-21 19:00:00+00:00,130.96,120.89,148.7,117.86174079053471,127.94504982108005
2024-08-21 20:00:00+00:00,103.42,103.82,120.43,100.36391585587421,107.54357763426552
2024-08-21 21:00:00+00:00,85.65,97.96,109.95,90.81944971658154,98.45147970180486
2024-08-21 22:00:00+00:00,78.94,87.36,110.33,78.42433620860687,85.7913352986832
2024-08-21 23:00:00+00:00,73.04,82.0,109.66,74.22440379441065,81.33306822302207
2024-08-22 00:00:00+00:00,80.46,65.93,105.3,65.32341975225096,69.65200183866803
2024-08-22 01:00:00+00:00,80.17,56.09,94.74,61.68620834309074,62.736946845447996
2024-08-22 02:00:00+00:00,70.23,60.42,96.02,67.05359772610639,66.19276395104595
2024-08-22 03:00:00+00:00,85.42,59.95,108.91,74.5797139252988,70.69606049015559
2024-08-22 04:00:00+00:00,99.95,81.3,119.75,97.39864084109348,95.0913814173502
2024-08-22 05:00:00+00:00,129.46,85.92,120.71,99.6380626222594,102.27005860630914
2024-08-22 06:00:00+00:00,113.05,87.38,114.97,89.97554417826626,102.75016779092985
2024-08-22 07:00:00+00:00,73.1,53.16,91.12,55.67582014879349,75.08348390407934
2024-08-22 08:00:00+00:00,14.8,0.16,59.1,8.974389652654509,33.798353396519744
2024-08-22 09:00:00+00:00,0.0,-4.95,19.94,-10.68173938932091,23.703810992493374
2024-08-22 10:00:00+00:00,-0.38,-13.01,9.86,-24.32696326449127,15.258382619249033
2024-08-22 11:00:00+00:00,-2.56,-20.32,0.01,-34.18086563335193,6.071326178918724
2024-08-22 12:00:00+00:00,-1.51,-21.28,-0.04,-34.73255958708346,4.241416559773427
2024-08-22 13:00:00+00:00,-4.35,-16.05,4.25,-23.951206053733188,10.393033751732645
2024-08-22 14:00:00+00:00,-0.09,-12.64,33.41,-5.631413769812454,19.511249320822046
2024-08-22 15:00:00+00:00,24.89,2.01,77.26,23.94357580253262,38.02471252609396
2024-08-22 16:00:00+00:00,89.46,67.26,119.93,79.88184333988853,88.20577287438117
2024-08-22 17:00:00+00:00,112.74,101.89,142.51,112.11581890027024,117.14555444991859
2024-08-22 18:00:00+00:00,111.5,140.35,160.3,131.8988646018089,144.24177938960858
2024-08-22 19:00:00+00:00,109.99,130.96,140.84,117.74964123929607,133.07337685891832
2024-08-22 20:00:00+00:00,95.48,103.42,118.87,93.15088047714261,109.317935739248
2024-08-22 21:00:00+00:00,79.22,85.65,94.94,74.29246488649724,92.19850417484788
2024-08-22 22:00:00+00:00,51.9,78.94,108.97,72.00659046550176,92.95008285265304
2024-08-22 23:00:00+00:00,45.87,73.04,86.78,63.1339049044105,84.78012407696878
2024-08-23 00:00:00+00:00,38.51,80.46,85.58,65.12990628881741,87.46296507349425
2024-08-23 01:00:00+00:00,26.36,80.17,85.83,65.98887120489549,86.87742398710662
2024-08-23 02:00:00+00:00,26.48,70.23,87.76,64.35036890022805,82.16456172829265
2024-08-23 03:00:00+00:00,30.59,85.42,92.05,77.2913822095947,95.19041426708392
2024-08-23 04:00:00+00:00,64.22,99.95,128.42,96.7281371635097,116.46420356378579
2024-08-23 05:00:00+00:00,60.63,129.46,134.91,111.50285604981372,140.76015484692897
2024-08-23 06:00:00+00:00,43.64,113.05,124.83,91.49963017987442,130.44761959133106
2024-08-23 07:00:00+00:00,4.06,73.1,100.95,51.55403767598317,97.34740221566015
2024-08-23 08:00:00+00:00,-0.01,14.8,76.15,2.246199561788103,50.33921386441657
2024-08-23 09:00:00+00:00,-3.97,0.0,59.83,-21.772564913805354,36.908825330723396
2024-08-23 10:00:00+00:00,-9.54,-0.38,50.68,-30.604609123611013,32.98792239180388
2024-08-23 11:00:00+00:00,-15.32,-2.56,49.93,-34.43211818492934,27.927659917265117
2024-08-23 12:00:00+00:00,-16.55,-1.51,47.57,-35.190548915721834,25.138647041698945
2024-08-23 13:00:00+00:00,-10.15,-4.35,55.16,-31.97764928493085,24.13116336141678
2024-08-23 14:00:00+00:00,-9.18,-0.09,82.67,-18.5051875481398,30.108387836191483
2024-08-23 15:00:00+00:00,-0.03,24.89,103.76,8.938648931398134,50.873044406333975
2024-08-23 16:00:00+00:00,50.2,89.46,134.92,67.89830484302716,103.64367095211492
2024-08-23 17:00:00+00:00,99.53,112.74,230.52,109.27884011751276,133.81581305642197
2024-08-23 18:00:00+00:00,118.57,111.5,243.12,117.95140468372965,137.17990419152358
2024-08-23 19:00:00+00:00,123.15,109.99,171.83,110.69508248479868,125.44791442585515
2024-08-23 20:00:00+00:00,119.54,95.48,134.54,99.85797407289107,107.27639513219509
2024-08-23 21:00:00+00:00,100.5,79.22,116.17,89.68252791359748,90.68203541303379
2024-08-23 22:00:00+00:00,110.45,51.9,107.11,79.16540371067653,70.5180577339253
2024-08-23 23:00:00+00:00,103.78,45.87,109.26,75.0142465877221,63.95090964331937
2024-08-24 00:00:00+00:00,100.42,38.51,103.13,68.5749785547618,56.38371416638408
2024-08-24 01:00:00+00:00,100.28,26.36,101.82,59.70787511511812,45.30820987069124
2024-08-24 02:00:00+00:00,100.9,26.48,110.59,57.781590855684954,42.44307761979593
2024-08-24 03:00:00+00:00,105.4,30.59,110.84,57.83585082475761,42.88526822873124
2024-08-24 04:00:00+00:00,101.02,64.22,106.7,71.44439047636348,62.25642106909701
2024-08-24 05:00:00+00:00,102.23,60.63,103.97,63.32602447599203,60.63119689240962
2024-08-24 06:00:00+00:00,76.22,43.64,103.43,41.25959748769841,48.123795351556694
2024-08-24 07:00:00+00:00,15.0,4.06,84.0,2.1964387259238407,16.80622786508968
2024-08-24 08:00:00+00:00,-0.03,-0.01,69.49,-17.315580478796463,6.698472098445137
2024-08-24 09:00:00+00:00,-6.85,-3.97,54.28,-30.596710040735715,0.46676034862599636
2024-08-24 10:00:00+00:00,-18.68,-9.54,46.93,-39.004728028704776,-4.6118053484697725
2024-08-24 11:00:00+00:00,-40.09,-15.32,40.71,-46.690492863237765,-10.131967364978976
2024-08-24 12:00:00+00:00,-44.18,-16.55,39.43,-48.160951474488186,-10.74292700032079
2024-08-24 13:00:00+00:00,-27.64,-10.15,39.56,-41.74341970942298,-4.5414322492511445
2024-08-24 14:00:00+00:00,-8.15,-9.18,59.09,-33.73077380345008,1.0228315082280943
2024-08-24 15:00:00+00:00,-0.99,-0.03,88.4,-10.894768719466057,16.702066604436936
2024-08-24 16:00:00+00:00,71.68,50.2,119.68,44.67006590912308,63.25032097185229
2024-08-24 17:00:00+00:00,91.52,99.53,140.56,87.11736937558567,103.59953621332781
2024-08-24 18:00:00+00:00,80.08,118.57,149.18,93.21823124013305,119.19769527272976
2024-08-24 19:00:00+00:00,68.91,123.15,126.98,86.38562487635176,120.70267185757649
2024-08-24 20:00:00+00:00,64.14,119.54,116.7,80.62258068551745,116.25065864090973
2024-08-24 21:00:00+00:00,50.0,100.5,105.82,67.34823009486334,100.00271014894778
2024-08-24 22:00:00+00:00,0.37,110.45,111.82,73.31384079409952,111.74900469959758
2024-08-24 23:00:00+00:00,-0.02,103.78,112.8,66.59173425937112,104.70378829136989
2024-08-25 00:00:00+00:00,-0.34,100.42,106.17,60.78638826726909,97.98295258639065
2024-08-25 01:00:00+00:00,-1.0,100.28,106.22,59.3644013584199,93.7450306603639
2024-08-25 02:00:00+00:00,-0.89,100.9,104.75,60.01085885164626,90.6190485305805
2024-08-25 03:00:00+00:00,-0.42,105.4,104.97,63.30329727187391,90.31473415167919
2024-08-25 04:00:00+00:00,-0.05,101.02,99.53,61.99227590656536,86.31629135829769
2024-08-25 05:00:00+00:00,-0.01,102.23,95.2,60.04019733993115,84.01393763164292
2024-08-25 06:00:00+00:00,-0.01,76.22,88.2,42.89137209022209,64.78808786155977
2024-08-25 07:00:00+00:00,-1.39,15.0,82.32,5.00554580407038,21.430682598302468
2024-08-25 08:00:00+00:00,-6.07,-0.03,72.12,-9.816524928788326,9.871907202677534
2024-08-25 09:00:00+00:00,-10.1,-6.85,72.52,-16.269748183211306,5.407250054959576
2024-08-25 10:00:00+00:00,-15.5,-18.68,66.03,-25.983254429428,-4.298392355518871
2024-08-25 11:00:00+00:00,-20.01,-40.09,33.64,-41.305158946159295,-23.614306038351344
2024-08-25 12:00:00+00:00,-19.83,-44.18,17.72,-42.01337074027457,-27.691082706099806
2024-08-25 13:00:00+00:00,-10.15,-27.64,51.28,-21.331998561153895,-10.014590495086907
2024-08-25 14:00:00+00:00,-5.01,-8.15,69.86,2.067907530762355,8.171627504918916
2024-08-25 15:00:00+00:00,1.0,-0.99,82.39,22.866770941206795,20.199105461890113
2024-08-25 16:00:00+00:00,87.04,71.68,93.85,84.24126374685902,78.68081636605287
2024-08-25 17:00:00+00:00,110.0,91.52,109.93,114.01899612697004,101.63161151014985
2024-08-25 18:00:00+00:00,119.45,80.08,115.68,114.43147031178928,99.68698932133196
2024-08-25 19:00:00+00:00,105.49,68.91,109.83,107.39273659311687,94.17669324987568
2024-08-25 20:00:00+00:00,99.7,64.14,111.4,101.61553716982242,91.71585271466233
2024-08-25 21:00:00+00:00,92.48,50.0,99.45,86.78047747665927,78.12567306059194
2024-08-25 22:00:00+00:00,92.75,0.37,97.39,63.910177827593074,53.846307331754225
2024-08-25 23:00:00+00:00,85.65,-0.02,90.1,60.10751937296797,51.96403425879473
2024-08-26 00:00:00+00:00,80.94,-0.34,88.7,58.7397737006395,51.52312982260205
2024-08-26 01:00:00+00:00,83.36,-1.0,84.86,58.76626511979748,51.259092683249804
2024-08-26 02:00:00+00:00,82.43,-0.89,84.5,61.79356415139762,53.07662519274294
2024-08-26 03:00:00+00:00,83.48,-0.42,87.97,68.38817961026389,57.500776379177196
2024-08-26 04:00:00+00:00,113.11,-0.05,129.0,83.17272546725367,69.13849989484243
2024-08-26 05:00:00+00:00,153.69,-0.01,152.33,87.43020478277836,75.60837353390775
2024-08-26 06:00:00+00:00,130.97,-0.01,129.6,75.5800789023092,72.05209037466234
2024-08-26 07:00:00+00:00,98.93,-1.39,112.58,58.306444984528156,63.343980183666844
2024-08-26 08:00:00+00:00,77.0,-6.07,96.9,41.18871830936112,56.079089168177845
2024-08-26 09:00:00+00:00,65.31,-10.1,89.74,29.580673692901172,51.49100980713368
2024-08-26 10:00:00+00:00,23.07,-15.5,84.38,21.86522622036047,44.98554299661915
2024-08-26 11:00:00+00:00,17.55,-20.01,78.87,16.812262781431812,37.329611311382855
2024-08-26 12:00:00+00:00,42.88,-19.83,80.21,18.72994897857906,35.09937053197352
2024-08-26 13:00:00+00:00,71.05,-10.15,79.9,30.61982613766331,41.75943874756393
2024-08-26 14:00:00+00:00,88.0,-5.01,84.05,44.1723136401459,46.518854741610596
2024-08-26 15:00:00+00:00,99.47,1.0,100.7,63.58160162490884,54.13711869928994
2024-08-26 16:00:00+00:00,116.82,87.04,113.97,127.18332997245977,119.37395020449837
2024-08-26 17:00:00+00:00,190.31,110.0,200.0,161.36627858808328,148.2268462555061
2024-08-26 18:00:00+00:00,231.06,119.45,203.83,167.60304345975624,154.34099178727658
2024-08-26 19:00:00+00:00,143.82,105.49,140.11,149.6897254994938,136.1158355219058
2024-08-26 20:00:00+00:00,110.86,99.7,100.82,136.41914780573526,124.98151243088623
2024-08-26 21:00:00+00:00,107.54,92.48,86.2,125.54764774950642,115.05656095712429
2024-08-26 22:00:00+00:00,98.41,92.75,93.6,115.02298290180104,102.61180710200469
2024-08-26 23:00:00+00:00,89.91,85.65,89.55,108.98138324654602,96.27859309560874
2024-08-27 00:00:00+00:00,86.45,80.94,88.5,106.2455938292382,92.7404708034225
2024-08-27 01:00:00+00:00,87.3,83.36,89.31,109.06762219263325,94.5331577086023
2024-08-27 02:00:00+00:00,89.1,82.43,86.19,110.96805689917234,94.11212106225967
2024-08-27 03:00:00+00:00,100.16,83.48,89.97,116.86536578179296,97.20891317845036
2024-08-27 04:00:00+00:00,125.76,113.11,123.06,144.88585854992593,126.09174705701162
2024-08-27 05:00:00+00:00,137.99,153.69,133.23,167.0089262057479,157.69595733016465
2024-08-27 06:00:00+00:00,116.01,130.97,122.97,142.07998861999937,142.72902695739302
2024-08-27 07:00:00+00:00,89.94,98.93,103.09,107.2169903102465,117.96047179506613
2024-08-27 08:00:00+00:00,73.72,77.0,75.01,77.14004091397436,98.04174252952497
2024-08-27 09:00:00+00:00,29.13,65.31,50.13,56.2919316191458,85.4626905637868
2024-08-27 10:00:00+00:00,5.07,23.07,37.69,26.693550309566376,53.97362196864112
2024-08-27 11:00:00+00:00,1.18,17.55,18.22,17.78304614143029,44.36632015220422
2024-08-27 12:00:00+00:00,2.33,42.88,20.36,30.51672870046076,57.396517806356705
2024-08-27 13:00:00+00:00,23.45,71.05,48.9,53.94696175316038,78.19244144877933
2024-08-27 14:00:00+00:00,52.5,88.0,82.15,75.98173609677175,92.0055962706107
2024-08-27 15:00:00+00:00,88.71,99.47,104.5,100.56807520788097,102.98454577133835
2024-08-27 16:00:00+00:00,116.06,116.82,118.07,132.8503135437997,124.68791792923503
2024-08-27 17:00:00+00:00,232.25,190.31,158.81,186.1901840406536,181.54191290642183
2024-08-27 18:00:00+00:00,217.92,231.06,154.71,204.90625861907543,209.73796992659635
2024-08-27 19:00:00+00:00,120.52,143.82,120.89,147.9065504453165,146.7902176655784
2024-08-27 20:00:00+00:00,105.21,110.86,103.82,119.22183103686585,120.67250521402079
2024-08-27 21:00:00+00:00,92.47,107.54,97.96,107.982887007576,114.5026405037657
2024-08-27 22:00:00+00:00,90.47,98.41,87.36,89.82938657195065,95.92325365306004
2024-08-27 23:00:00+00:00,91.31,89.91,82.0,84.14181981689823,88.6347137530216
2024-08-28 00:00:00+00:00,87.48,86.45,65.93,81.44326968930625,83.71358775027224
2024-08-28 01:00:00+00:00,89.2,87.3,56.09,84.0684800085217,83.64406363131783
2024-08-28 02:00:00+00:00,91.74,89.1,60.42,89.59917362363387,85.97442922267544
2024-08-28 03:00:00+00:00,92.35,100.16,59.95,101.20709631718138,95.473144281935
2024-08-28 04:00:00+00:00,114.99,125.76,81.3,127.50481660464762,122.8250176985053
2024-08-28 05:00:00+00:00,128.57,137.99,85.92,136.75610678132028,138.0903934030025
2024-08-28 06:00:00+00:00,121.0,116.01,87.38,116.19106718270227,123.48168381183214
2024-08-28 07:00:00+00:00,105.4,89.94,53.16,86.07644895602567,99.36212251670774
2024-08-28 08:00:00+00:00,87.56,73.72,0.16,57.02350886034006,79.56516973803977
2024-08-28 09:00:00+00:00,68.78,29.13,-4.95,23.579894538928826,48.31957970876961
2024-08-28 10:00:00+00:00,35.14,5.07,-13.01,1.4900437448431632,26.687823040172987
2024-08-28 11:00:00+00:00,10.4,1.18,-20.32,-5.035906440223542,20.76095823102675
2024-08-28 12:00:00+00:00,8.17,2.33,-21.28,-1.7750719714156418,21.92550912889631
2024-08-28 13:00:00+00:00,54.84,23.45,-16.05,18.193576439441216,38.73495268251266
2024-08-28 14:00:00+00:00,78.56,52.5,-12.64,44.699766219977676,59.26041713329548
2024-08-28 15:00:00+00:00,92.37,88.71,2.01,82.39893544686996,86.95871024088964
2024-08-28 16:00:00+00:00,111.57,116.06,67.26,122.85352967032667,115.68656401956517
2024-08-28 17:00:00+00:00,201.91,232.25,101.89,198.86918727392168,203.78701228891276
2024-08-28 18:00:00+00:00,204.03,217.92,140.35,193.97910149485506,202.68572452472787
2024-08-28 19:00:00+00:00,124.84,120.52,130.96,130.98691173060314,129.60477836297775
2024-08-28 20:00:00+00:00,111.76,105.21,103.42,109.342293603342,110.97988127100143
2024-08-28 21:00:00+00:00,99.7,92.47,85.65,94.62433917538546,98.23698419282863
2024-08-28 22:00:00+00:00,93.53,90.47,78.94,83.46130545614275,88.97637445346571
2024-08-28 23:00:00+00:00,93.98,91.31,73.04,82.97108454527438,87.2563245625781
2024-08-29 00:00:00+00:00,89.81,87.48,80.46,83.57123951444973,84.72469838555577
2024-08-29 01:00:00+00:00,88.68,89.2,80.17,88.73817842310183,86.48257724272176
2024-08-29 02:00:00+00:00,89.37,91.74,70.23,94.1441736593355,87.83443551072088
2024-08-29 03:00:00+00:00,101.23,92.35,85.42,104.8246035871575,93.55044311128158
2024-08-29 04:00:00+00:00,125.46,114.99,99.95,131.64291344843528,118.58616347912542
2024-08-29 05:00:00+00:00,134.47,128.57,129.46,144.951443737592,135.53422901003205
2024-08-29 06:00:00+00:00,126.24,121.0,113.05,129.35026070483968,128.63666006442708
2024-08-29 07:00:00+00:00,108.71,105.4,73.1,101.24337776673543,110.25063427102093
2024-08-29 08:00:00+00:00,92.19,87.56,14.8,69.78958949119317,87.7842417554488
2024-08-29 09:00:00+00:00,84.4,68.78,0.0,45.6058419968539,68.49710951940352
2024-08-29 10:00:00+00:00,65.78,35.14,-0.38,21.002051591949368,42.99466948615419
2024-08-29 11:00:00+00:00,45.25,10.4,-2.56,4.697747336932224,24.363256145003135
2024-08-29 12:00:00+00:00,51.32,8.17,-1.51,3.644015426936619,21.018245862707232
2024-08-29 13:00:00+00:00,79.45,54.84,-4.35,32.75086186201355,52.0477334266077
2024-08-29 14:00:00+00:00,90.15,78.56,-0.09,55.97653151265638,69.64420025800302
2024-08-29 15:00:00+00:00,105.38,92.37,24.89,83.72833680977637,85.54823898687079
2024-08-29 16:00:00+00:00,123.51,111.57,89.46,119.19869049035223,109.43993283277595
2024-08-29 17:00:00+00:00,227.49,201.91,112.74,181.53844088476657,181.56598746869662
2024-08-29 18:00:00+00:00,289.27,204.03,111.5,181.71631868684557,181.82752562921343
2024-08-29 19:00:00+00:00,169.09,124.84,109.99,133.76410708613994,120.95154389504614
2024-08-29 20:00:00+00:00,125.0,111.76,95.48,119.11534754137614,106.76716623516857
2024-08-29 21:00:00+00:00,110.1,99.7,79.22,105.96464631082083,93.53288302131845
2024-08-29 22:00:00+00:00,109.88,93.53,51.9,103.43511820383603,89.43919647818745
2024-08-29 23:00:00+00:00,100.3,93.98,45.87,101.6041494291279,88.27693917245361
2024-08-30 00:00:00+00:00,93.53,89.81,38.51,97.55549748850038,83.75425026741938
2024-08-30 01:00:00+00:00,93.28,88.68,26.36,97.11445364143316,82.07165823104741
2024-08-30 02:00:00+00:00,97.62,89.37,26.48,100.17192826942404,83.14995957972457
2024-08-30 03:00:00+00:00,107.37,101.23,30.59,112.34723533574174,93.6707061919477
2024-08-30 04:00:00+00:00,136.83,125.46,64.22,140.39297257517103,121.59916718425451
2024-08-30 05:00:00+00:00,151.06,134.47,60.63,148.1434672842039,132.17687440870628
2024-08-30 06:00:00+00:00,133.55,126.24,43.64,134.31744827146437,125.68900835154571
2024-08-30 07:00:00+00:00,113.7,108.71,4.06,107.69931647449954,107.08242375921368
2024-08-30 08:00:00+00:00,98.24,92.19,-0.01,86.90259307997258,93.17100274566762
2024-08-30 09:00:00+00:00,89.95,84.4,-3.97,72.83114866441719,84.54733102153236
2024-08-30 10:00:00+00:00,86.13,65.78,-9.54,54.43896747462925,66.22440213486317
2024-08-30 11:00:00+00:00,80.2,45.25,-15.32,37.50268575796251,46.71796296323813
2024-08-30 12:00:00+00:00,79.08,51.32,-16.55,38.18238155375529,47.033212168655005
2024-08-30 13:00:00+00:00,81.98,79.45,-10.15,58.671298169847944,68.96097990275871
2024-08-30 14:00:00+00:00,86.35,90.15,-9.18,72.2076282723589,77.42111109678659
2024-08-30 15:00:00+00:00,101.96,105.38,-0.03,93.67672398502765,90.60719323414784
2024-08-30 16:00:00+00:00,119.99,123.51,50.2,122.06285299567058,111.86348026637293
2024-08-30 17:00:00+00:00,156.11,227.49,99.53,190.138159418761,194.86527008810458
2024-08-30 18:00:00+00:00,137.29,289.27,118.57,224.07771867849468,240.00731340233176
2024-08-30 19:00:00+00:00,112.71,169.09,123.15,156.10981819048243,154.75739855170477
2024-08-30 20:00:00+00:00,96.83,125.0,119.54,127.61121588591085,122.38592440621774
2024-08-30 21:00:00+00:00,95.36,110.1,100.5,112.57063700079227,107.14187217939471
2024-08-30 22:00:00+00:00,107.67,109.88,110.45,111.41928595562186,106.54177959853583
2024-08-30 23:00:00+00:00,105.44,100.3,103.78,102.94667721262459,97.05693407177492
2024-08-31 00:00:00+00:00,102.06,93.53,100.42,96.00190314935692,88.80496441602587
2024-08-31 01:00:00+00:00,99.04,93.28,100.28,94.19755175156166,85.51916775969504
2024-08-31 02:00:00+00:00,96.65,97.62,100.9,95.68883937950315,85.18242297390807
2024-08-31 03:00:00+00:00,98.07,107.37,105.4,101.54827058058196,89.7152570666498
2024-08-31 04:00:00+00:00,109.97,136.83,101.02,117.84028974370337,107.75655930801372
2024-08-31 05:00:00+00:00,110.75,151.06,102.23,123.29263836566156,116.84099223063467
2024-08-31 06:00:00+00:00,109.97,133.55,76.22,104.29841329596562,101.85563188539227
2024-08-31 07:00:00+00:00,84.92,113.7,15.0,75.94223924246728,79.87860919662995
2024-08-31 08:00:00+00:00,60.13,98.24,-0.03,51.94054833459177,65.62888673641503
2024-08-31 09:00:00+00:00,18.34,89.95,-6.85,36.0980729626621,58.03423173829292
2024-08-31 10:00:00+00:00,0.47,86.13,-18.68,24.839491169032044,51.49454976149074
2024-08-31 11:00:00+00:00,-0.59,80.2,-40.09,14.0483802466551,41.28870201788972
2024-08-31 12:00:00+00:00,-0.8,79.08,-44.18,14.4710230013509,40.183056049266604
2024-08-31 13:00:00+00:00,2.55,81.98,-27.64,26.98171030021672,48.21847287052773
2024-08-31 14:00:00+00:00,23.71,86.35,-8.15,44.608214043415316,57.34980561654543
2024-08-31 15:00:00+00:00,80.02,101.96,-0.99,72.11168807202989,74.54908903125809
2024-08-31 16:00:00+00:00,117.3,119.99,71.68,108.7741953555996,102.01241314621177
2024-08-31 17:00:00+00:00,148.29,156.11,91.52,140.24541604263095,139.43777401179426
2024-08-31 18:00:00+00:00,126.78,137.29,80.08,123.27710713091932,130.49855162994433
2024-08-31 19:00:00+00:00,107.29,112.71,68.91,96.23107156728943,103.30043883266741
2024-08-31 20:00:00+00:00,99.85,96.83,64.14,81.43363164896758,88.9577052109077
2024-08-31 21:00:00+00:00,89.23,95.36,50.0,74.18785330526194,83.6319660746153
2024-08-31 22:00:00+00:00,93.76,107.67,0.37,73.28346111270169,89.02735257306644
2024-08-31 23:00:00+00:00,85.98,105.44,-0.02,70.21907134360296,84.41424292617837
2024-09-01 00:00:00+00:00,80.37,102.06,-0.34,66.29736439410726,78.57163071013619
2024-09-01 01:00:00+00:00,80.14,99.04,-1.0,63.17853670991095,73.36292659505497
2024-09-01 02:00:00+00:00,81.2,96.65,-0.89,61.01709210265935,68.73961458675795
2024-09-01 03:00:00+00:00,80.16,98.07,-0.42,61.948941301942014,67.36185747272461
2024-09-01 04:00:00+00:00,79.49,109.97,-0.05,68.84167643684833,74.53121954237453
2024-09-01 05:00:00+00:00,73.1,110.75,-0.01,65.29443074150154,74.16945479539382
2024-09-01 06:00:00+00:00,60.63,109.97,-0.01,55.3155006918971,72.2516910887514
2024-09-01 07:00:00+00:00,41.27,84.92,-1.39,32.33061234923578,54.86736549192926
2024-09-01 08:00:00+00:00,12.73,60.13,-6.07,7.053767287346545,37.035861916740636
2024-09-01 09:00:00+00:00,-0.79,18.34,-10.1,-22.079295089064743,10.236360604098607
2024-09-01 10:00:00+00:00,-9.17,0.47,-15.5,-35.03027288490681,-1.6792803757229393
2024-09-01 11:00:00+00:00,-24.0,-0.59,-20.01,-35.69022596905815,-3.4979347424680185
2024-09-01 12:00:00+00:00,-19.94,-0.8,-19.83,-30.4698356739424,-2.475863943630955
2024-09-01 13:00:00+00:00,-4.99,2.55,-10.15,-17.186749577641265,4.144877482639188
2024-09-01 14:00:00+00:00,25.56,23.71,-5.01,8.47198677730097,22.746620991312994
2024-09-01 15:00:00+00:00,78.28,80.02,1.0,57.578612947387526,66.66540374339274
2024-09-01 16:00:00+00:00,109.11,117.3,87.04,106.24135565989933,108.68367035240189
2024-09-01 17:00:00+00:00,131.6,148.29,110.0,134.33019419050717,139.13249908392817
2024-09-01 18:00:00+00:00,123.91,126.78,119.45,121.21025640042552,128.23665943270632
2024-09-01 19:00:00+00:00,107.63,107.29,105.49,104.02976488879497,113.44384554448918
2024-09-01 20:00:00+00:00,102.02,99.85,99.7,96.84839621344618,107.53749403589896
2024-09-01 21:00:00+00:00,91.5,89.23,92.48,87.81158190552878,98.40829886177701
2024-09-01 22:00:00+00:00,91.24,93.76,92.75,96.83114352760565,109.64794544770336
2024-09-01 23:00:00+00:00,94.77,85.98,85.65,92.92617612013468,103.09485100247618
2024-09-02 00:00:00+00:00,92.39,80.37,80.94,91.4571643569619,98.4124151122377
2024-09-02 01:00:00+00:00,92.51,80.14,83.36,95.06788400176113,98.94915623843274
2024-09-02 02:00:00+00:00,91.59,81.2,82.43,100.13681184816352,100.63071926897533
2024-09-02 03:00:00+00:00,101.52,80.16,83.48,107.54251291879531,103.59258658561619
2024-09-02 04:00:00+00:00,114.73,79.49,113.11,123.55020312290341,114.94536742036675
2024-09-02 05:00:00+00:00,134.95,73.1,153.69,128.18796409524066,119.51027924799203
2024-09-02 06:00:00+00:00,131.94,60.63,130.97,113.02661001334445,110.5755261612188
2024-09-02 07:00:00+00:00,122.64,41.27,98.93,88.32442283835663,91.64385597465049
2024-09-02 08:00:00+00:00,102.83,12.73,77.0,58.743746163390654,67.61146708378945
2024-09-02 09:00:00+00:00,90.82,-0.79,65.31,39.36268336741512,53.569146746357156
2024-09-02 10:00:00+00:00,85.05,-9.17,23.07,24.51243895592461,40.17418848867349
2024-09-02 11:00:00+00:00,81.19,-24.0,17.55,15.645413038190313,27.8867052559697
2024-09-02 12:00:00+00:00,83.63,-19.94,42.88,24.04921041735237,32.23602403052966
2024-09-02 13:00:00+00:00,88.24,-4.99,71.05,42.71505372894469,45.41087755240218
2024-09-02 14:00:00+00:00,93.63,25.56,88.0,70.59670812858862,68.2671485120795
2024-09-02 15:00:00+00:00,112.88,78.28,99.47,114.92029758697151,109.77037003287471
2024-09-02 16:00:00+00:00,137.78,109.11,116.82,146.75161693073312,136.59790408284852
2024-09-02 17:00:00+00:00,255.4,131.6,190.31,171.4273333527073,164.06180322677488
2024-09-02 18:00:00+00:00,212.06,123.91,231.06,165.43795485497859,162.5606168522979
2024-09-02 19:00:00+00:00,131.9,107.63,143.82,138.62657593472633,138.2097444614999
2024-09-02 20:00:00+00:00,114.24,102.02,110.86,125.22343775948889,127.3010539255199
2024-09-02 21:00:00+00:00,103.84,91.5,107.54,114.65239169800563,116.7390037063602
2024-09-02 22:00:00+00:00,99.6,91.24,98.41,105.07597127475836,106.26355739932247
2024-09-02 23:00:00+00:00,93.1,94.77,89.91,105.90099871954322,106.11192047570827
2024-09-03 00:00:00+00:00,91.56,92.39,86.45,106.07563462760392,103.66116444434078
2024-09-03 01:00:00+00:00,93.27,92.51,87.3,109.21555669389366,104.01544669001939
2024-09-03 02:00:00+00:00,96.24,91.59,89.1,113.41849888537494,104.49711499263285
2024-09-03 03:00:00+00:00,102.68,101.52,100.16,126.71537834105231,114.62945203951281
2024-09-03 04:00:00+00:00,137.21,114.73,125.76,148.0344346525153,132.3161423379802
2024-09-03 05:00:00+00:00,151.06,134.95,137.99,162.86144949051686,149.83553432828944
2024-09-03 06:00:00+00:00,133.95,131.94,116.01,151.70366130301474,145.96603363674643
2024-09-03 07:00:00+00:00,115.98,122.64,89.94,130.50384718918232,134.1944594432847
2024-09-03 08:00:00+00:00,98.88,102.83,73.72,103.67852529062006,115.05695728108091
2024-09-03 09:00:00+00:00,90.02,90.82,29.13,81.19395111944424,98.69641434439713
2024-09-03 10:00:00+00:00,84.8,85.05,5.07,68.41863134036873,88.80582884666481
2024-09-03 11:00:00+00:00,82.69,81.19,1.18,60.3560742379191,80.68279352560214
2024-09-03 12:00:00+00:00,84.13,83.63,2.33,60.446897286557856,78.86068240731703
2024-09-03 13:00:00+00:00,86.67,88.24,23.45,69.31135730122516,83.04410731774351
2024-09-03 14:00:00+00:00,91.21,93.63,52.5,84.15937812297506,90.30659053697387
2024-09-03 15:00:00+00:00,123.93,112.88,88.71,115.52930970995507,112.35546776286317
2024-09-03 16:00:00+00:00,300.01,137.78,116.06,147.82917047867647,135.62400984090334
2024-09-03 17:00:00+00:00,656.37,255.4,232.25,234.80554418251336,232.94120754311342
2024-09-03 18:00:00+00:00,520.32,212.06,217.92,211.63754576860615,203.66713643210656
2024-09-03 19:00:00+00:00,216.97,131.9,120.52,154.5168243500886,136.9480823348189
2024-09-03 20:00:00+00:00,133.2,114.24,105.21,137.36023030120157,120.69817321113209
2024-09-03 21:00:00+00:00,117.56,103.84,92.47,124.75624562417892,108.95386289172953
2024-09-03 22:00:00+00:00,108.17,99.6,90.47,110.91877123574022,94.48998612028882
2024-09-03 23:00:00+00:00,101.02,93.1,91.31,106.97749267945892,90.19854664011339
2024-09-04 00:00:00+00:00,99.03,91.56,87.48,105.81797265775639,88.51329540077036
2024-09-04 01:00:00+00:00,99.98,93.27,89.2,108.50476431512409,90.17016338812245
2024-09-04 02:00:00+00:00,99.06,96.24,91.74,113.47161971409244,93.09744384332333
2024-09-04 03:00:00+00:00,109.37,102.68,92.35,123.16566964806198,100.5345943247373
2024-09-04 04:00:00+00:00,144.02,137.21,114.99,153.60779351229277,132.3474677381348
2024-09-04 05:00:00+00:00,181.16,151.06,128.57,166.65580498295037,148.26515323138204
2024-09-04 06:00:00+00:00,155.89,133.95,121.0,152.12527145401017,137.52977704170516
2024-09-04 07:00:00+00:00,125.29,115.98,105.4,131.86157086898385,122.50681687688845
2024-09-04 08:00:00+00:00,107.21,98.88,87.56,111.48887016072524,106.440249186814
2024-09-04 09:00:00+00:00,96.06,90.02,68.78,97.84789697586893,96.6782541306459
2024-09-04 10:00:00+00:00,92.0,84.8,35.14,86.3960355827429,87.2005793362775
2024-09-04 11:00:00+00:00,90.49,82.69,10.4,78.69196144153594,80.27508131805357
2024-09-04 12:00:00+00:00,89.2,84.13,8.17,77.76322023372686,78.86457186721663
2024-09-04 13:00:00+00:00,92.72,86.67,54.84,88.04861034932655,86.06955118533203
2024-09-04 14:00:00+00:00,101.85,91.21,78.56,97.71102831574868,91.64541009682418
2024-09-04 15:00:00+00:00,123.97,123.93,92.37,124.40336748844393,117.00826306140775
2024-09-04 16:00:00+00:00,155.7,300.01,111.57,228.9164857947983,240.56654084971308
2024-09-04 17:00:00+00:00,320.07,656.37,201.91,450.33932095122793,509.7087688637839
2024-09-04 18:00:00+00:00,189.23,520.32,204.03,385.66773042337536,422.87601792402404
2024-09-04 19:00:00+00:00,130.42,216.97,124.84,216.17593702089573,207.32427609626728
2024-09-04 20:00:00+00:00,108.59,133.2,111.76,165.40257788242445,146.8230532745533
2024-09-04 21:00:00+00:00,99.58,117.56,99.7,150.4533508801482,131.94829163373996
2024-09-04 22:00:00+00:00,101.27,108.17,93.53,138.20736010463813,118.47231060146296
2024-09-04 23:00:00+00:00,94.6,101.02,93.98,131.4276442767276,112.11064048234688
2024-09-05 00:00:00+00:00,90.0,99.03,89.81,127.79781645332555,109.55507580960477
2024-09-05 01:00:00+00:00,87.11,99.98,88.68,128.1771369212541,110.68070700098174
2024-09-05 02:00:00+00:00,80.92,99.06,89.37,128.39515925240673,111.13039057353141
2024-09-05 03:00:00+00:00,84.7,109.37,101.23,138.30123719654716,122.59643420948598
2024-09-05 04:00:00+00:00,109.05,144.02,125.46,167.42505659179255,157.6751774813802
2024-09-05 05:00:00+00:00,113.6,181.16,134.47,187.21385057064435,187.37274984758676
2024-09-05 06:00:00+00:00,119.04,155.89,126.24,165.2161256823833,170.32806570372637
2024-09-05 07:00:00+00:00,97.68,125.29,108.71,134.62790193053095,146.2302450788103
2024-09-05 08:00:00+00:00,71.04,107.21,92.19,106.41590748011606,129.394114108031
2024-09-05 09:00:00+00:00,0.11,96.06,84.4,82.81610192529767,119.22672103270207
2024-09-05 10:00:00+00:00,-3.05,92.0,65.78,66.37256849215285,112.47644502509952
2024-09-05 11:00:00+00:00,-11.7,90.49,45.25,55.24129413840377,106.55859566838603
2024-09-05 12:00:00+00:00,-19.68,89.2,51.32,52.60901733876759,104.23351578796716
2024-09-05 13:00:00+00:00,-7.02,92.72,79.45,59.89401999269441,109.29252533221037
2024-09-05 14:00:00+00:00,-0.01,101.85,90.15,72.85187373650447,116.24995478063406
2024-09-05 15:00:00+00:00,36.13,123.97,105.38,102.81224845323497,136.05574925582243
2024-09-05 16:00:00+00:00,84.95,155.7,123.51,146.42291140776524,175.63269069432704
2024-09-05 17:00:00+00:00,99.74,320.07,227.49,251.12087873201142,320.03285789790135
2024-09-05 18:00:00+00:00,92.93,189.23,289.27,168.20883108491154,223.9615149965214
2024-09-05 19:00:00+00:00,80.1,130.42,169.09,101.93059745906235,143.4979747356078
2024-09-05 20:00:00+00:00,80.03,108.59,125.0,78.27619894382269,114.5876943242842
2024-09-05 21:00:00+00:00,64.61,99.58,110.1,68.9851086129998,103.28031834756598
2024-09-05 22:00:00+00:00,64.79,101.27,109.88,73.21487168906434,106.34422734303548
2024-09-05 23:00:00+00:00,61.0,94.6,100.3,69.03905639815342,99.16655070072821
2024-09-06 00:00:00+00:00,51.22,90.0,93.53,68.22691907060585,94.7651932382687
2024-09-06 01:00:00+00:00,48.58,87.11,93.28,70.94317632204366,93.5005449873152
2024-09-06 02:00:00+00:00,57.75,80.92,97.62,73.46822928452399,90.96498446632665
2024-09-06 03:00:00+00:00,69.86,84.7,107.37,84.73462280563233,98.36772464562868
2024-09-06 04:00:00+00:00,93.29,109.05,136.83,113.46838155708427,126.966211947053
2024-09-06 05:00:00+00:00,119.48,113.6,151.06,125.23234363490934,138.45609608185202
2024-09-06 06:00:00+00:00,120.37,119.04,133.55,123.80089571486967,139.318074974304
2024-09-06 07:00:00+00:00,100.09,97.68,113.7,103.01401345326532,119.7972462905447
2024-09-06 08:00:00+00:00,80.0,71.04,98.24,77.08228229875323,97.76541748532468
2024-09-06 09:00:00+00:00,59.51,0.11,89.95,31.369018296110923,49.5603174231578
2024-09-06 10:00:00+00:00,31.54,-3.05,86.13,22.242797079736448,46.13918442923108
2024-09-06 11:00:00+00:00,12.48,-11.7,80.2,13.421827381203144,38.10300803408797
2024-09-06 12:00:00+00:00,14.53,-19.68,79.08,10.59961143496362,31.604610550649852
2024-09-06 13:00:00+00:00,30.06,-7.02,81.98,24.78532815245147,40.91361007056941
2024-09-06 14:00:00+00:00,71.18,-0.01,86.35,39.822475940692414,47.11877516831357
2024-09-06 15:00:00+00:00,87.56,36.13,101.96,76.17546650177708,75.91282689749244
2024-09-06 16:00:00+00:00,100.27,84.95,119.99,118.17433712375573,113.68599655472508
2024-09-06 17:00:00+00:00,129.0,99.74,156.11,135.68923769265214,138.93549215538886
2024-09-06 18:00:00+00:00,136.49,92.93,137.29,117.34378227291484,120.33637846930864
2024-09-06 19:00:00+00:00,99.76,80.1,112.71,99.76774911927654,102.52080009912419
2024-09-06 20:00:00+00:00,95.36,80.03,96.83,92.7887151262594,96.4406587317179
2024-09-06 21:00:00+00:00,92.88,64.61,95.36,82.04631114553727,83.18964615165376
2024-09-06 22:00:00+00:00,102.47,64.79,107.67,85.28629393984471,84.2521692284562
2024-09-06 23:00:00+00:00,96.9,61.0,105.44,82.19408168579628,78.34642352147827
2024-09-07 00:00:00+00:00,96.3,51.22,102.06,76.44718833710243,68.40781656003317
2024-09-07 01:00:00+00:00,95.31,48.58,99.04,74.93174536580804,63.060608028727835
2024-09-07 02:00:00+00:00,98.29,57.75,96.65,79.55573367135258,65.00905837860977
2024-09-07 03:00:00+00:00,101.02,69.86,98.07,87.08211793798682,70.36064727576297
2024-09-07 04:00:00+00:00,103.88,93.29,109.97,103.03729289260222,86.55214891380297
2024-09-07 05:00:00+00:00,104.71,119.48,110.75,114.23059146915136,102.49422097962542
2024-09-07 06:00:00+00:00,95.44,120.37,109.97,106.11075491393395,103.87135972458844
2024-09-07 07:00:00+00:00,84.19,100.09,84.92,79.6746367462244,85.8339710539032
2024-09-07 08:00:00+00:00,51.52,80.0,60.13,51.72058290824629,66.42448082694736
2024-09-07 09:00:00+00:00,14.17,59.51,18.34,21.281711484750957,40.53541706648814
2024-09-07 10:00:00+00:00,5.48,31.54,0.47,-1.3529080664205821,18.692895632628307
2024-09-07 11:00:00+00:00,1.02,12.48,-0.59,-14.573735455529672,3.5872336867733736
2024-09-07 12:00:00+00:00,0.44,14.53,-0.8,-12.405308923267043,3.4300210055226756
2024-09-07 13:00:00+00:00,8.41,30.06,2.55,5.211302153806386,16.709033471805554
2024-09-07 14:00:00+00:00,49.62,71.18,23.71,40.597133688640795,47.720088847220005
2024-09-07 15:00:00+00:00,101.4,87.56,80.02,79.20212529351322,73.70574748190064
2024-09-07 16:00:00+00:00,128.57,100.27,117.3,110.58312279396047,93.56016890767077
2024-09-07 17:00:00+00:00,150.4,129.0,148.29,137.8417767627621,121.39838093872899
2024-09-07 18:00:00+00:00,133.0,136.49,126.78,136.57527290860062,126.85724834245897
2024-09-07 19:00:00+00:00,101.9,99.76,107.29,109.12587981015365,100.56316014868644
2024-09-07 20:00:00+00:00,92.32,95.36,99.85,99.82278916579493,96.86242669904024
2024-09-07 21:00:00+00:00,89.24,92.88,89.23,90.7544509349948,91.27059999997888
2024-09-07 22:00:00+00:00,93.91,102.47,93.76,100.56019591592123,103.88311265022217
2024-09-07 23:00:00+00:00,86.46,96.9,85.98,93.92415316520734,96.46834615657085
2024-09-08 00:00:00+00:00,83.68,96.3,80.37,90.43645053266198,91.56404028706224
2024-09-08 01:00:00+00:00,82.0,95.31,80.14,88.98112022779209,87.41606036401325
2024-09-08 02:00:00+00:00,82.39,98.29,81.2,90.69535356831159,86.78440335956469
2024-09-08 03:00:00+00:00,85.1,101.02,80.16,92.65772697577597,85.97778424551667
2024-09-08 04:00:00+00:00,83.36,103.88,79.49,95.72633129558592,86.31767512029387
2024-09-08 05:00:00+00:00,82.07,104.71,73.1,93.79589832084149,85.76834484498029
2024-09-08 06:00:00+00:00,76.73,95.44,60.63,81.21544082405438,78.18524182565787
2024-09-08 07:00:00+00:00,40.58,84.19,41.27,65.5279786355413,67.46253320289597
2024-09-08 08:00:00+00:00,8.29,51.52,12.73,36.38063272063725,41.06868926582805
2024-09-08 09:00:00+00:00,0.44,14.17,-0.79,9.177176617156661,14.167598509129562
2024-09-08 10:00:00+00:00,0.04,5.48,-9.17,-0.9099277375936907,4.883225479991779
2024-09-08 11:00:00+00:00,0.01,1.02,-24.0,-7.195191111031107,-2.721185642014362
2024-09-08 12:00:00+00:00,1.16,0.44,-19.94,-2.543803435213732,-2.260020990081287
2024-09-08 13:00:00+00:00,3.17,8.41,-4.99,15.477040110418287,8.611152021081807
2024-09-08 14:00:00+00:00,58.62,49.62,25.56,56.0824954388454,45.55519812050779
2024-09-08 15:00:00+00:00,95.99,101.4,78.28,105.74662385114368,91.87653483855134
2024-09-08 16:00:00+00:00,119.55,128.57,109.11,139.08883646592608,120.49085423035089
2024-09-08 17:00:00+00:00,124.15,150.4,131.6,161.14181884551988,144.60412229127843
2024-09-08 18:00:00+00:00,128.12,133.0,123.91,152.10102465918428,136.80996812351867
2024-09-08 19:00:00+00:00,117.2,101.9,107.63,130.89910830165695,113.23967901599092
2024-09-08 20:00:00+00:00,105.8,92.32,102.02,122.47637967512765,106.75899045119675
2024-09-08 21:00:00+00:00,97.13,89.24,91.5,115.06348680291478,102.0208463285354
2024-09-08 22:00:00+00:00,86.41,93.91,91.24,119.06386240429312,114.26301516058591
2024-09-08 23:00:00+00:00,85.76,86.46,94.77,113.51412827395146,108.80242493512779
2024-09-09 00:00:00+00:00,84.1,83.68,92.39,111.17744323037408,106.65632632825965
2024-09-09 01:00:00+00:00,82.03,82.0,92.51,111.96349075235521,106.33187784395258
2024-09-09 02:00:00+00:00,85.11,82.39,91.59,116.15806979645228,108.4434767856101
2024-09-09 03:00:00+00:00,85.79,85.1,101.52,126.12592210263182,115.75426309200755
2024-09-09 04:00:00+00:00,118.47,83.36,114.73,138.60293573538084,124.07836788622657
2024-09-09 05:00:00+00:00,140.62,82.07,134.95,146.3563988544976,129.55889665743504
2024-09-09 06:00:00+00:00,159.57,76.73,131.94,142.83223858306422,126.71631130556207
2024-09-09 07:00:00+00:00,129.68,40.58,122.64,118.4053202490875,101.33445821515619
2024-09-09 08:00:00+00:00,110.87,8.29,102.83,92.63426150181303,74.76142139616535
2024-09-09 09:00:00+00:00,100.74,0.44,90.82,79.98162636688073,64.6392762179133
2024-09-09 10:00:00+00:00,94.98,0.04,85.05,73.76897714673231,61.49920706009323
2024-09-09 11:00:00+00:00,89.17,0.01,81.19,68.40430595334959,58.440478566507146
2024-09-09 12:00:00+00:00,82.06,1.16,83.63,63.570151045226446,56.96379182711164
2024-09-09 13:00:00+00:00,83.98,3.17,88.24,63.764004787479216,58.61351549233394
2024-09-09 14:00:00+00:00,78.68,58.62,93.63,94.9840950179094,97.81985902774115
2024-09-09 15:00:00+00:00,92.8,95.99,112.88,125.15341718564756,130.5218618908681
2024-09-09 16:00:00+00:00,113.15,119.55,137.78,148.7697854596739,153.2664908678196
2024-09-09 17:00:00+00:00,114.56,124.15,255.4,167.1356335828972,173.54189750774287
2024-09-09 18:00:00+00:00,111.53,128.12,212.06,156.7632691163623,169.0159174918398
2024-09-09 19:00:00+00:00,96.02,117.2,131.9,131.51226965416157,147.71308502977965
2024-09-09 20:00:00+00:00,87.94,105.8,114.24,114.65209453328569,135.22586837094218
2024-09-09 21:00:00+00:00,79.52,97.13,103.84,101.52867620790288,125.72889223375307
2024-09-09 22:00:00+00:00,67.34,86.41,99.6,89.43957554926516,109.3562910203125
2024-09-09 23:00:00+00:00,59.79,85.76,93.1,86.38975382438792,106.3736273594051
2024-09-10 00:00:00+00:00,61.47,84.1,91.56,86.88832931983532,104.77873811843389
2024-09-10 01:00:00+00:00,61.36,82.03,93.27,89.75325307379627,103.86209278571113
2024-09-10 02:00:00+00:00,67.3,85.11,96.24,97.08978431324286,107.47403030071435
2024-09-10 03:00:00+00:00,80.92,85.79,102.68,105.59771699771949,111.73424691216334
2024-09-10 04:00:00+00:00,103.12,118.47,137.21,136.64238630440963,143.22734709078262
2024-09-10 05:00:00+00:00,129.9,140.62,151.06,156.00965422556175,163.51337023899293
2024-09-10 06:00:00+00:00,114.94,159.57,133.95,161.99766269287556,175.3020248873866
2024-09-10 07:00:00+00:00,100.0,129.68,115.98,133.2050383774399,150.01259745185644
2024-09-10 08:00:00+00:00,59.92,110.87,98.88,104.54573122349828,130.14196839751753
2024-09-10 09:00:00+00:00,9.52,100.74,90.02,84.8149724235721,119.92458039795582
2024-09-10 10:00:00+00:00,0.04,94.98,84.8,71.09449545725215,112.56429272701487
2024-09-10 11:00:00+00:00,-0.07,89.17,82.69,60.25581191006673,104.89511651391383
2024-09-10 12:00:00+00:00,-0.16,82.06,84.13,50.47684678868169,96.3116494746948
2024-09-10 13:00:00+00:00,-0.04,83.98,86.67,51.03353149360087,95.97967068348036
2024-09-10 14:00:00+00:00,0.22,78.68,91.21,56.482109151402106,96.87326685647702
2024-09-10 15:00:00+00:00,21.77,92.8,123.93,80.9250931134228,115.68407387574614
2024-09-10 16:00:00+00:00,80.4,113.15,300.01,124.54118516253057,153.81903650659214
2024-09-10 17:00:00+00:00,92.91,114.56,656.37,172.1556545356026,198.7879842313784
2024-09-10 18:00:00+00:00,83.25,111.53,520.32,150.4636016663826,179.8621297596285
2024-09-10 19:00:00+00:00,82.02,96.02,216.97,100.08107750005308,129.99654657677078
2024-09-10 20:00:00+00:00,76.63,87.94,133.2,81.91631054970806,111.8699682673805
2024-09-10 21:00:00+00:00,64.38,79.52,117.56,72.5948725759782,101.71015048036993
2024-09-10 22:00:00+00:00,40.0,67.34,108.17,53.12718463721591,79.84713693117966
2024-09-10 23:00:00+00:00,39.91,59.79,101.02,49.251913013634926,73.60091057732026
2024-09-11 00:00:00+00:00,32.99,61.47,99.03,51.94513409504467,74.31029162818766
2024-09-11 01:00:00+00:00,33.73,61.36,99.98,55.74899544864875,74.91996517639545
2024-09-11 02:00:00+00:00,38.93,67.3,99.06,64.16251763950186,80.39443714241048
2024-09-11 03:00:00+00:00,61.56,80.92,109.37,79.37686467929375,93.45354544849968
2024-09-11 04:00:00+00:00,86.79,103.12,144.02,105.86536268741412,120.26440232689112
2024-09-11 05:00:00+00:00,97.55,129.9,181.16,131.30475503825664,147.88163966504015
2024-09-11 06:00:00+00:00,110.72,114.94,155.89,121.2731703182031,137.55921111402517
2024-09-11 07:00:00+00:00,97.6,100.0,125.29,104.87775471393591,121.33231013544918
2024-09-11 08:00:00+00:00,76.81,59.92,107.21,77.32620283275398,89.81982695688642
2024-09-11 09:00:00+00:00,67.51,9.52,96.06,50.74497785556773,55.91699532979039
2024-09-11 10:00:00+00:00,62.45,0.04,92.0,45.2385127351955,48.27318932815982
2024-09-11 11:00:00+00:00,63.85,-0.07,90.49,44.147308125647754,46.10582735887882
2024-09-11 12:00:00+00:00,69.0,-0.16,89.2,41.737072394820785,42.486588066668695
2024-09-11 13:00:00+00:00,69.05,-0.04,92.72,46.15242579403282,43.70109018081552
2024-09-11 14:00:00+00:00,76.75,0.22,101.85,53.259027028053474,45.23023779433007
2024-09-11 15:00:00+00:00,101.39,21.77,123.97,79.32680219899555,66.53955915106638
2024-09-11 16:00:00+00:00,115.14,80.4,155.7,122.9918962217294,111.55845475909953
2024-09-11 17:00:00+00:00,142.86,92.91,320.07,149.29978215595366,137.6312798694345
2024-09-11 18:00:00+00:00,138.36,83.25,189.23,122.4669044807307,112.35094823726863
2024-09-11 19:00:00+00:00,115.14,82.02,130.42,108.24616496335021,101.06982801660789
2024-09-11 20:00:00+00:00,102.97,76.63,108.59,97.1621626241207,92.00667835705347
2024-09-11 21:00:00+00:00,101.49,64.38,99.58,84.9155313664249,79.99284350490551
2024-09-11 22:00:00+00:00,90.06,40.0,101.27,61.05476778593471,55.6145850282534
2024-09-11 23:00:00+00:00,84.1,39.91,94.6,58.298575808900715,53.2767629765563
2024-09-12 00:00:00+00:00,83.93,32.99,90.0,54.27139009018218,47.76591382559744
2024-09-12 01:00:00+00:00,83.45,33.73,87.11,57.034137324652235,48.44403481055623
2024-09-12 02:00:00+00:00,85.02,38.93,80.92,63.246349077755745,52.38466291504189
2024-09-12 03:00:00+00:00,86.92,61.56,84.7,83.11628158818041,71.75610644051365
2024-09-12 04:00:00+00:00,107.96,86.79,109.05,112.73409313181426,100.1767051374205
2024-09-12 05:00:00+00:00,134.94,97.55,113.6,125.18543246679087,113.09851938338704
2024-09-12 06:00:00+00:00,135.94,110.72,119.04,127.45524979749777,121.55064141314699
2024-09-12 07:00:00+00:00,103.36,97.6,97.68,108.56336021308908,107.92564179266456
2024-09-12 08:00:00+00:00,85.0,76.81,71.04,83.87068345279648,86.45838008114352
2024-09-12 09:00:00+00:00,80.41,67.51,0.11,61.92224539728487,66.30295184523678
2024-09-12 10:00:00+00:00,78.62,62.45,-3.05,54.26575364924251,59.506680751089306
2024-09-12 11:00:00+00:00,78.23,63.85,-11.7,51.68375096777954,56.497501338737145
2024-09-12 12:00:00+00:00,80.11,69.0,-19.68,53.37164346736448,55.732398089680224
2024-09-12 13:00:00+00:00,84.93,69.05,-7.02,58.46247234435833,55.002563949369666
2024-09-12 14:00:00+00:00,91.67,76.75,-0.01,69.95950534055507,59.63357955811451
2024-09-12 15:00:00+00:00,109.74,101.39,36.13,99.02359461865561,83.00912940136868
2024-09-12 16:00:00+00:00,145.19,115.14,84.95,127.03802837447995,105.26120847171299
2024-09-12 17:00:00+00:00,300.01,142.86,99.74,147.70044695422348,127.41329002283457
2024-09-12 18:00:00+00:00,250.02,138.36,92.93,141.27483365396657,122.93491081379032
2024-09-12 19:00:00+00:00,125.0,115.14,80.1,123.37810793980464,104.98907044633151
2024-09-12 20:00:00+00:00,99.47,102.97,80.03,111.29210406637723,94.70987591741006
2024-09-12 21:00:00+00:00,92.04,101.49,64.61,102.17845060891383,88.46029163713692
2024-09-12 22:00:00+00:00,99.97,90.06,64.79,95.98770682214827,81.3957457644626
2024-09-12 23:00:00+00:00,91.52,84.1,61.0,88.59893478318895,75.5083079948314
2024-09-13 00:00:00+00:00,87.31,83.93,51.22,84.02802235481963,72.41953449852787
2024-09-13 01:00:00+00:00,86.76,83.45,48.58,83.09157210578316,71.7383483031463
2024-09-13 02:00:00+00:00,84.63,85.02,57.75,86.70097165377814,74.97531671776284
2024-09-13 03:00:00+00:00,87.92,86.92,69.86,94.84107017351575,82.06349728221323
2024-09-13 04:00:00+00:00,100.49,107.96,93.29,119.71231601919081,107.44220557123083
2024-09-13 05:00:00+00:00,119.96,134.94,119.48,142.51679592703508,133.29439832118027
2024-09-13 06:00:00+00:00,132.24,135.94,120.37,142.44178644151998,136.7901838830917
2024-09-13 07:00:00+00:00,116.24,103.36,100.09,116.83830524838228,110.42785308470138
2024-09-13 08:00:00+00:00,102.54,85.0,80.0,96.1884332994052,92.34022667785777
2024-09-13 09:00:00+00:00,94.99,80.41,59.51,83.31710617142815,84.24783654980078
2024-09-13 10:00:00+00:00,88.55,78.62,31.54,71.5406004591018,76.79111919255064
2024-09-13 11:00:00+00:00,77.5,78.23,12.48,63.15128708297357,71.80096903344051
2024-09-13 12:00:00+00:00,66.96,80.11,14.53,59.30833153756434,70.77196549043725
2024-09-13 13:00:00+00:00,72.2,84.93,30.06,61.06492606738205,74.02364919609792
2024-09-13 14:00:00+00:00,74.3,91.67,71.18,69.52328969084202,83.3970455283952
2024-09-13 15:00:00+00:00,79.85,109.74,87.56,86.85718482257758,101.19345839645422
2024-09-13 16:00:00+00:00,96.47,145.19,100.27,113.61335071766857,129.41565022392183
2024-09-13 17:00:00+00:00,100.0,300.01,129.0,205.62052067223328,242.33652857565897
2024-09-13 18:00:00+00:00,94.25,250.02,136.49,178.68638858813728,210.89721307785135
2024-09-13 19:00:00+00:00,84.57,125.0,99.76,104.13259347053958,121.22734554738052
2024-09-13 20:00:00+00:00,79.3,99.47,95.36,84.77749513956816,101.29180280100704
2024-09-13 21:00:00+00:00,60.99,92.04,92.88,75.31623044709708,93.97505469593258
2024-09-13 22:00:00+00:00,55.61,99.97,102.47,78.55729100509527,98.16060262039338
2024-09-13 23:00:00+00:00,50.01,91.52,96.9,69.37955945785761,88.38895960591265
2024-09-14 00:00:00+00:00,43.33,87.31,96.3,64.61241521481506,82.44167216678598
2024-09-14 01:00:00+00:00,45.18,86.76,95.31,62.78960619425422,78.54196396742236
2024-09-14 02:00:00+00:00,46.7,84.63,98.29,62.954142789946204,74.91334310366322
2024-09-14 03:00:00+00:00,44.27,87.92,101.02,67.08393273073881,74.91667002087472
2024-09-14 04:00:00+00:00,55.35,100.49,103.88,77.12584318308217,82.55455792901249
2024-09-14 05:00:00+00:00,65.0,119.96,104.71,91.31375563161814,96.15095894519997
2024-09-14 06:00:00+00:00,75.54,132.24,95.44,96.35652802621958,103.20505638605064
2024-09-14 07:00:00+00:00,66.6,116.24,84.19,79.89819848662091,88.79573829071991
2024-09-14 08:00:00+00:00,41.02,102.54,51.52,57.95518510472596,73.53832084303274
2024-09-14 09:00:00+00:00,8.08,94.99,14.17,40.729697501636025,62.71704604708219
2024-09-14 10:00:00+00:00,0.86,88.55,5.48,31.805110145250055,56.16716999262281
2024-09-14 11:00:00+00:00,-0.06,77.5,1.02,24.015441278938468,46.98604203827814
2024-09-14 12:00:00+00:00,-0.46,66.96,0.44,19.86044995398845,39.752260336877576
2024-09-14 13:00:00+00:00,-0.07,72.2,8.41,27.923368731368257,45.743027814118264
2024-09-14 14:00:00+00:00,9.54,74.3,49.62,43.146997375544004,55.528776169078704
2024-09-14 15:00:00+00:00,65.09,79.85,101.4,68.27001557568494,71.88981524582663
2024-09-14 16:00:00+00:00,94.39,96.47,128.57,99.19400494509055,95.0224805017699
2024-09-14 17:00:00+00:00,126.58,100.0,150.4,113.61117171221522,114.29505384206655
2024-09-14 18:00:00+00:00,117.85,94.25,133.0,98.28740197552465,102.8391643341443
2024-09-14 19:00:00+00:00,103.09,84.57,101.9,80.39109785267749,82.64093511600679
2024-09-14 20:00:00+00:00,93.75,79.3,92.32,73.9421968839261,76.59886542325272
2024-09-14 21:00:00+00:00,84.76,60.99,89.24,62.08289954668054,62.89786874197146
2024-09-14 22:00:00+00:00,78.11,55.61,93.91,62.95971462033558,65.78887195984237
2024-09-14 23:00:00+00:00,70.07,50.01,86.46,56.293259631152,58.49833928323103
2024-09-15 00:00:00+00:00,66.6,43.33,83.68,50.18903369660968,51.07538246079781
2024-09-15 01:00:00+00:00,67.15,45.18,82.0,49.70650695882659,49.36355944120504
2024-09-15 02:00:00+00:00,63.66,46.7,82.39,50.42525645778256,47.712229583188844
2024-09-15 03:00:00+00:00,65.61,44.27,85.1,50.25624993910859,44.038981609284896
2024-09-15 04:00:00+00:00,69.18,55.35,83.36,56.679463490818236,48.89034599946144
2024-09-15 05:00:00+00:00,85.42,65.0,82.07,60.8775218018736,54.230930564603106
2024-09-15 06:00:00+00:00,76.96,75.54,76.73,59.571262482495726,61.16175663067892
2024-09-15 07:00:00+00:00,54.07,66.6,40.58,40.71789100620346,50.14776016210686
2024-09-15 08:00:00+00:00,10.92,41.02,8.29,13.205056714260692,28.076477292632717
2024-09-15 09:00:00+00:00,0.07,8.08,0.44,-10.098007772131211,5.750631136285477
2024-09-15 10:00:00+00:00,0.0,0.86,0.04,-16.059004027541263,0.7047408669057091
2024-09-15 11:00:00+00:00,-0.01,-0.06,0.01,-17.5013281250489,-1.423052746941579
2024-09-15 12:00:00+00:00,-0.41,-0.46,1.16,-14.740929773080424,-1.7939515941735493
2024-09-15 13:00:00+00:00,-0.27,-0.07,3.17,-6.277499373482996,1.267829035143862
2024-09-15 14:00:00+00:00,19.7,9.54,58.62,17.11007167629083,18.159397761348956
2024-09-15 15:00:00+00:00,82.25,65.09,95.99,65.984528003321,64.97883286589533
2024-09-15 16:00:00+00:00,112.8,94.39,119.55,100.67226266858142,94.49581351763237
2024-09-15 17:00:00+00:00,133.16,126.58,124.15,125.59473861260085,121.37871932387682
2024-09-15 18:00:00+00:00,123.6,117.85,128.12,122.01408624601495,119.0336635849723
2024-09-15 19:00:00+00:00,112.68,103.09,117.2,112.05646897847065,108.98302492285323
2024-09-15 20:00:00+00:00,107.11,93.75,105.8,104.76456373938007,102.16630582834789
2024-09-15 21:00:00+00:00,92.6,84.76,97.13,95.05553006628375,92.47245091608666
2024-09-15 22:00:00+00:00,92.99,78.11,86.41,96.62135151482728,93.76609582833558
2024-09-15 23:00:00+00:00,88.14,70.07,85.76,91.47026548712495,87.26024854493153
2024-09-16 00:00:00+00:00,87.26,66.6,84.1,88.70985559254424,83.78120727256228
2024-09-16 01:00:00+00:00,84.93,67.15,82.03,90.09607309090478,84.51370116386984
2024-09-16 02:00:00+00:00,84.34,63.66,85.11,92.47685291663255,84.63505376816238
2024-09-16 03:00:00+00:00,88.31,65.61,85.79,99.73585173948364,89.64069577936198
2024-09-16 04:00:00+00:00,110.97,69.18,118.47,116.53909018654744,104.16615378093022
2024-09-16 05:00:00+00:00,130.0,85.42,140.62,133.3882797543556,121.81274545583699
2024-09-16 06:00:00+00:00,146.06,76.96,159.57,132.90470692605493,121.20307111518912
2024-09-16 07:00:00+00:00,126.4,54.07,129.68,114.87951676091637,102.21247546338167
2024-09-16 08:00:00+00:00,112.63,10.92,110.87,85.36297894745907,69.03872211624596
2024-09-16 09:00:00+00:00,105.02,0.07,100.74,72.62620039116635,57.66969027618058
2024-09-16 10:00:00+00:00,96.02,0.0,94.98,66.21507890899179,54.72716779265401
2024-09-16 11:00:00+00:00,86.89,-0.01,89.17,59.929494391219336,51.49562618545419
2024-09-16 12:00:00+00:00,80.86,-0.41,82.06,54.11767700087815,48.010487407930235
2024-09-16 13:00:00+00:00,75.37,-0.27,83.98,52.286438804072354,47.03004182890004
2024-09-16 14:00:00+00:00,76.3,19.7,78.68,61.79765838016406,59.28407456187364
2024-09-16 15:00:00+00:00,86.98,82.25,92.8,102.08971054283461,108.30818553492026
2024-09-16 16:00:00+00:00,107.87,112.8,113.15,125.58922001901928,135.16061720942366
2024-09-16 17:00:00+00:00,112.57,133.16,114.56,137.86953915347144,153.19859261848603
2024-09-16 18:00:00+00:00,109.01,123.6,111.53,126.99789203544297,145.27367328461654
2024-09-16 19:00:00+00:00,90.1,112.68,96.02,112.7304320461365,132.98781537088803
2024-09-16 20:00:00+00:00,78.81,107.11,87.94,103.85570784797721,125.26368614913198
2024-09-16 21:00:00+00:00,81.53,92.6,79.52,91.55445348999622,111.56201527166677
2024-09-16 22:00:00+00:00,85.54,92.99,67.34,85.34260700637131,99.76410275996872
2024-09-16 23:00:00+00:00,82.3,88.14,59.79,81.36089440869648,94.06342276874652
2024-09-17 00:00:00+00:00,80.51,87.26,61.47,82.21133574328326,93.241249934313
2024-09-17 01:00:00+00:00,79.84,84.93,61.36,83.47736890239595,92.28903103476881
2024-09-17 02:00:00+00:00,80.04,84.34,67.3,86.81743296860077,93.39175337628829
2024-09-17 03:00:00+00:00,91.52,88.31,80.92,95.86469537287039,100.24553749343202
2024-09-17 04:00:00+00:00,108.32,110.97,103.12,120.6007735456837,124.17446468875107
2024-09-17 05:00:00+00:00,133.94,130.0,129.9,141.80197577580444,145.2933984056147
2024-09-17 06:00:00+00:00,137.52,146.06,114.94,148.76157785283274,154.68292595619582
2024-09-17 07:00:00+00:00,108.91,126.4,100.0,131.34056945987612,137.3925531185722
2024-09-17 08:00:00+00:00,96.52,112.63,59.92,109.93160855428059,118.32273110791054
2024-09-17 09:00:00+00:00,82.39,105.02,9.52,90.34296631288001,104.41084720709391
2024-09-17 10:00:00+00:00,59.81,96.02,0.04,74.95988101925478,94.73342014189234
2024-09-17 11:00:00+00:00,41.77,86.89,-0.07,60.90786938960665,85.02848142064607
2024-09-17 12:00:00+00:00,25.64,80.86,-0.16,50.48343044027154,77.07908783306448
2024-09-17 13:00:00+00:00,44.44,75.37,-0.04,45.98170182155331,70.5011746953596
2024-09-17 14:00:00+00:00,74.29,76.3,0.22,51.74063217650404,70.61434568134572
2024-09-17 15:00:00+00:00,93.5,86.98,21.77,76.26272457250099,87.02542679001024
2024-09-17 16:00:00+00:00,112.99,107.87,80.4,107.70279588607383,111.94098596166394
2024-09-17 17:00:00+00:00,132.53,112.57,92.91,113.99139690405087,119.89002001777094
2024-09-17 18:00:00+00:00,111.24,109.01,83.25,103.8812277480389,115.51288772811694
2024-09-17 19:00:00+00:00,96.12,90.1,82.02,87.4311201844891,100.36385181171664
2024-09-17 20:00:00+00:00,89.94,78.81,76.63,76.60991710521603,89.73468489642633
2024-09-17 21:00:00+00:00,83.84,81.53,64.38,72.4564882839306,86.28563059391873
2024-09-17 22:00:00+00:00,85.16,85.54,40.0,62.726245325444616,73.59958412018719
2024-09-17 23:00:00+00:00,80.94,82.3,39.91,61.93094901084282,70.58134705776496
2024-09-18 00:00:00+00:00,83.71,80.51,32.99,62.01861319091799,68.53866266937237
2024-09-18 01:00:00+00:00,83.67,79.84,33.73,64.77434617584507,68.71023085652139
2024-09-18 02:00:00+00:00,82.51,80.04,38.93,69.32098106633875,70.3792429711556
2024-09-18 03:00:00+00:00,89.92,91.52,61.56,84.16152035743863,83.58790657628329
2024-09-18 04:00:00+00:00,105.09,108.32,86.79,106.90618195299284,105.44130033678363
2024-09-18 05:00:00+00:00,141.92,133.94,97.55,127.07982264582796,128.8051580638027
2024-09-18 06:00:00+00:00,133.07,137.52,110.72,126.02173493209753,135.44404291820777
2024-09-18 07:00:00+00:00,102.44,108.91,97.6,97.67260051910534,113.03620382079933
2024-09-18 08:00:00+00:00,79.0,96.52,76.81,74.79017425841397,100.01422691935794
2024-09-18 09:00:00+00:00,55.32,82.39,67.51,53.694420475293896,88.20838250782184
2024-09-18 10:00:00+00:00,5.49,59.81,62.45,31.9935401939008,71.22496377183793
2024-09-18 11:00:00+00:00,0.0,41.77,63.85,16.697151601110747,57.377398268434995
2024-09-18 12:00:00+00:00,-0.09,25.64,69.0,7.6155514455628435,45.52496367659845
2024-09-18 13:00:00+00:00,1.04,44.44,69.05,21.075031884319984,56.50288982206626
2024-09-18 14:00:00+00:00,40.05,74.29,76.75,46.01176082581811,76.28325837892652
2024-09-18 15:00:00+00:00,87.52,93.5,101.39,76.43478118616383,94.88292368297495
2024-09-18 16:00:00+00:00,113.91,112.99,115.14,104.163798599873,113.12781221868538
2024-09-18 17:00:00+00:00,129.92,132.53,142.86,118.53936958993928,131.1458377754202
2024-09-18 18:00:00+00:00,108.2,111.24,138.36,99.33233787508959,116.08350102261517
2024-09-18 19:00:00+00:00,93.25,96.12,115.14,81.04391532135348,99.86321351245897
2024-09-18 20:00:00+00:00,89.92,89.94,102.97,71.51644385717488,90.72247054698126
2024-09-18 21:00:00+00:00,79.49,83.84,101.49,65.80993266134135,84.35089256267352
2024-09-18 22:00:00+00:00,76.4,85.16,90.06,61.54383197361542,76.6977285591901
2024-09-18 23:00:00+00:00,77.53,80.94,84.1,59.947886075496505,72.02241086365967
2024-09-19 00:00:00+00:00,78.03,83.71,83.93,63.1702996032058,72.93494329917289
2024-09-19 01:00:00+00:00,77.35,83.67,83.45,66.73764839024065,73.58210014420197
2024-09-19 02:00:00+00:00,79.26,82.51,85.02,69.83228493198756,73.60948287110759
2024-09-19 03:00:00+00:00,89.99,89.92,86.92,80.57441222375198,82.50899099232797
2024-09-19 04:00:00+00:00,113.47,105.09,107.96,103.49047488556116,104.08502134280876
2024-09-19 05:00:00+00:00,143.24,141.92,134.94,130.88314170409103,136.94865509246023
2024-09-19 06:00:00+00:00,124.12,133.07,135.94,121.18369710592594,132.8154896072852
2024-09-19 07:00:00+00:00,97.64,102.44,103.36,89.06435192564463,105.81875302925293
2024-09-19 08:00:00+00:00,74.81,79.0,85.0,60.92344921692221,85.35901922447869
2024-09-19 09:00:00+00:00,50.41,55.32,80.41,36.45796224710687,67.72895508817001
2024-09-19 10:00:00+00:00,4.97,5.49,78.62,2.9963846646001997,32.821722798804515
2024-09-19 11:00:00+00:00,-0.06,0.0,78.23,-4.891866525663488,26.414505711534204
2024-09-19 12:00:00+00:00,-0.09,-0.09,80.11,-6.31720726060081,23.14891445034594
2024-09-19 13:00:00+00:00,10.91,1.04,84.93,1.0494554164161087,25.897909826355658
2024-09-19 14:00:00+00:00,58.55,40.05,91.67,33.158723244051785,54.637669489431424
2024-09-19 15:00:00+00:00,91.05,87.52,109.74,76.92556841359719,91.39402967068179
2024-09-19 16:00:00+00:00,114.53,113.91,145.19,109.92267349899782,116.34877761765831
2024-09-19 17:00:00+00:00,134.3,129.92,300.01,138.6344068351062,148.75150171231488
2024-09-19 18:00:00+00:00,113.5,108.2,250.02,114.48913110756709,126.96518219963482
2024-09-19 19:00:00+00:00,91.1,93.25,125.0,84.91676047609089,99.17670912377037
2024-09-19 20:00:00+00:00,88.97,89.92,99.47,75.09676480932926,91.09646913525887
2024-09-19 21:00:00+00:00,78.87,79.49,92.04,65.22622864617801,80.53307166008305
2024-09-19 22:00:00+00:00,72.61,76.4,99.97,65.89089054059694,82.04782136799909
2024-09-19 23:00:00+00:00,74.04,77.53,91.52,64.74113835709551,80.28095568834294
2024-09-20 00:00:00+00:00,73.42,78.03,87.31,65.79257803201276,79.80178840067713
2024-09-20 01:00:00+00:00,73.17,77.35,86.76,68.63146529184512,79.9776375621233
2024-09-20 02:00:00+00:00,74.52,79.26,84.63,73.55240105073985,82.0780655566956
2024-09-20 03:00:00+00:00,89.09,89.99,87.92,86.1115756851606,92.83266097556323
2024-09-20 04:00:00+00:00,108.06,113.47,100.49,111.82562399940984,117.9733620491316
2024-09-20 05:00:00+00:00,141.45,143.24,119.96,136.17444373304733,146.77071162476
2024-09-20 06:00:00+00:00,108.6,124.12,132.24,120.94772076650976,136.2411955139115
2024-09-20 07:00:00+00:00,88.92,97.64,116.24,90.58057707745039,112.77751115572774
2024-09-20 08:00:00+00:00,62.05,74.81,102.54,62.433059312176724,92.01878703044522
2024-09-20 09:00:00+00:00,24.69,50.41,94.99,35.111813415299224,71.52918737761172
2024-09-20 10:00:00+00:00,8.24,4.97,88.55,-0.787367531464497,34.59610168235038
2024-09-20 11:00:00+00:00,-0.01,-0.06,77.5,-10.244148994184101,26.585877058225748
2024-09-20 12:00:00+00:00,0.07,-0.09,66.96,-12.566926902537503,22.301190357662463
2024-09-20 13:00:00+00:00,7.56,10.91,72.2,-0.2941961717076964,29.043962840439164
2024-09-20 14:00:00+00:00,43.68,58.55,74.3,38.85974083650009,63.332706743920575
2024-09-20 15:00:00+00:00,84.12,91.05,79.85,78.63414185213213,91.16373534431733
2024-09-20 16:00:00+00:00,106.01,114.53,96.47,110.11114884754716,112.77701510436286
2024-09-20 17:00:00+00:00,145.72,134.3,100.0,120.51045814636109,128.19630929177285
2024-09-20 18:00:00+00:00,108.84,113.5,94.25,100.27153913644918,111.70858854700538
2024-09-20 19:00:00+00:00,91.07,91.1,84.57,80.2748117543172,92.66746437527519
2024-09-20 20:00:00+00:00,87.8,88.97,79.3,74.65218418143547,88.2449926384751
2024-09-20 21:00:00+00:00,87.08,78.87,60.99,64.58443298328616,76.157709961721
2024-09-20 22:00:00+00:00,88.29,72.61,55.61,60.61341823613763,69.83058019060182
2024-09-20 23:00:00+00:00,85.3,74.04,50.01,60.586584414573416,67.53343969806093
2024-09-21 00:00:00+00:00,82.0,73.42,43.33,59.41228436885454,63.49605854385032
2024-09-21 01:00:00+00:00,82.19,73.17,45.18,59.86729976290154,60.51498706691256
2024-09-21 02:00:00+00:00,86.38,74.52,46.7,61.55442527324681,58.7099250959365
2024-09-21 03:00:00+00:00,89.48,89.09,44.27,69.79701625057402,65.70385452917856
2024-09-21 04:00:00+00:00,99.69,108.06,55.35,83.04302182319202,78.99033618095089
2024-09-21 05:00:00+00:00,97.76,141.45,65.0,101.55514865587625,102.73319128624533
2024-09-21 06:00:00+00:00,85.3,108.6,75.54,78.01131848478315,81.27776080543822
2024-09-21 07:00:00+00:00,60.99,88.92,66.6,54.83402556609786,65.26249528995207
2024-09-21 08:00:00+00:00,22.0,62.05,41.02,25.69440773866077,41.54870610225017
2024-09-21 09:00:00+00:00,3.15,24.69,8.08,-8.558199078977367,10.589027184190186
2024-09-21 10:00:00+00:00,0.0,8.24,0.86,-27.217322253038304,-5.696445812782542
2024-09-21 11:00:00+00:00,-3.36,-0.01,-0.06,-34.48205612169177,-12.980456019362677
2024-09-21 12:00:00+00:00,-3.95,0.07,-0.46,-31.557403664415105,-13.46236988364943
2024-09-21 13:00:00+00:00,1.09,7.56,-0.07,-16.547474954766912,-5.896453443748712
2024-09-21 14:00:00+00:00,47.26,43.68,9.54,21.530647511312637,25.457953698819082
2024-09-21 15:00:00+00:00,97.19,84.12,65.09,72.31839288804126,66.13019249513202
2024-09-21 16:00:00+00:00,127.5,106.01,94.39,106.47698781901835,91.54190254796804
2024-09-21 17:00:00+00:00,141.99,145.72,126.58,133.7232976020262,127.24551697887664
2024-09-21 18:00:00+00:00,112.5,108.84,117.85,108.70883238748839,103.00748547341341
2024-09-21 19:00:00+00:00,95.93,91.07,103.09,92.66155409163221,88.30349640274173
2024-09-21 20:00:00+00:00,93.6,87.8,93.75,87.35221157002542,84.93908968269425
2024-09-21 21:00:00+00:00,88.3,87.08,84.76,82.88318979849805,81.01510815477485
2024-09-21 22:00:00+00:00,97.73,88.29,78.11,89.06584848343581,86.48879455231506
2024-09-21 23:00:00+00:00,90.05,85.3,70.07,86.267126420269,81.58101215495324
2024-09-22 00:00:00+00:00,89.99,82.0,66.6,83.20361754528741,76.11709914783586
2024-09-22 01:00:00+00:00,89.5,82.19,67.15,83.36122415785864,73.29443780487775
2024-09-22 02:00:00+00:00,90.75,86.38,63.66,85.53711792455049,72.54293545579584
2024-09-22 03:00:00+00:00,90.65,89.48,65.61,88.58012303156706,72.76468587460764
2024-09-22 04:00:00+00:00,94.88,99.69,69.18,95.91684968513394,78.44442222147778
2024-09-22 05:00:00+00:00,97.31,97.76,85.42,96.35168235906099,79.16884424202364
2024-09-22 06:00:00+00:00,86.48,85.3,76.96,78.13294378639145,66.95343545280821
2024-09-22 07:00:00+00:00,62.79,60.99,54.07,49.88353882176055,47.591294784846404
2024-09-22 08:00:00+00:00,26.17,22.0,10.92,11.639132021377833,14.729809126930107
2024-09-22 09:00:00+00:00,11.13,3.15,0.07,-10.394081912589442,-1.8938991971657089
2024-09-22 10:00:00+00:00,7.69,0.0,0.0,-18.491134383199693,-5.890664829892799
2024-09-22 11:00:00+00:00,-0.08,-3.36,-0.01,-21.866081427931434,-10.167077219651361
2024-09-22 12:00:00+00:00,0.01,-3.95,-0.41,-17.271239216250393,-10.720559671539533
2024-09-22 13:00:00+00:00,9.66,1.09,-0.27,-2.781398987740559,-4.734326131711995
2024-09-22 14:00:00+00:00,61.6,47.26,19.7,41.132542921960884,33.73849283145
2024-09-22 15:00:00+00:00,106.27,97.19,82.25,97.71048867562887,82.8244204272138
2024-09-22 16:00:00+00:00,132.23,127.5,112.8,136.00333471653818,114.70052915907421
2024-09-22 17:00:00+00:00,157.18,141.99,133.16,152.16399372231422,134.57021964134478
2024-09-22 18:00:00+00:00,126.11,112.5,123.6,133.3015249764859,114.87296167112534
2024-09-22 19:00:00+00:00,109.54,95.93,112.68,120.4219670290995,102.72699171346021
2024-09-22 20:00:00+00:00,98.72,93.6,107.11,115.60681408278681,100.94069777155087
2024-09-22 21:00:00+00:00,92.0,88.3,92.6,107.22029342173911,94.30616445415187
2024-09-22 22:00:00+00:00,90.8,97.73,92.99,117.02510424786418,107.9103584493005
2024-09-22 23:00:00+00:00,84.08,90.05,88.14,111.86843949998436,101.58502161794206
2024-09-23 00:00:00+00:00,85.2,89.99,87.26,112.06146147968431,101.04694434711115
2024-09-23 01:00:00+00:00,87.15,89.5,84.93,113.95045602307017,101.0056921511954
2024-09-23 02:00:00+00:00,86.93,90.75,84.34,119.268321502353,103.70847339369003
2024-09-23 03:00:00+00:00,97.3,90.65,88.31,127.18969508423788,107.93743555727649
2024-09-23 04:00:00+00:00,133.4,94.88,110.97,145.03047350762023,122.02822206584574
2024-09-23 05:00:00+00:00,203.73,97.31,130.0,153.9000391198775,129.12643444045722
2024-09-23 06:00:00+00:00,151.33,86.48,146.06,146.84821198459235,124.86035183834403
2024-09-23 07:00:00+00:00,109.99,62.79,126.4,121.9317416071572,104.7701295123947
2024-09-23 08:00:00+00:00,94.66,26.17,112.63,89.88558776167633,74.75897131555244
2024-09-23 09:00:00+00:00,80.16,11.13,105.02,73.74941059277793,61.81992255329849
2024-09-23 10:00:00+00:00,78.94,7.69,96.02,66.3712670784889,57.067100021328116
2024-09-23 11:00:00+00:00,76.55,-0.08,86.89,58.96912941305955,48.452151153808195
2024-09-23 12:00:00+00:00,76.77,0.01,80.86,59.576472407137075,45.47978439862349
2024-09-23 13:00:00+00:00,80.98,9.66,75.37,69.52628857381856,50.38145535350393
2024-09-23 14:00:00+00:00,102.25,61.6,76.3,105.61625582050799,87.0288573317962
2024-09-23 15:00:00+00:00,136.01,106.27,86.98,142.23346931774594,122.98247423004997
2024-09-23 16:00:00+00:00,240.26,132.23,107.87,165.51030464334298,146.58552506796815
2024-09-23 17:00:00+00:00,328.39,157.18,112.57,179.38786147710886,166.58317210361992
2024-09-23 18:00:00+00:00,178.64,126.11,109.01,156.91812900416545,143.67420824800334
2024-09-23 19:00:00+00:00,116.71,109.54,90.1,138.7379573648209,127.63118873006641
2024-09-23 20:00:00+00:00,100.93,98.72,78.81,124.07427153569756,116.46831276649222
2024-09-23 21:00:00+00:00,91.54,92.0,81.53,114.05147276046827,109.35127419058153
2024-09-23 22:00:00+00:00,88.2,90.8,85.54,105.80650694692763,100.35975658813072
2024-09-23 23:00:00+00:00,82.51,84.08,82.3,99.49874984043967,93.82954322770779
2024-09-24 00:00:00+00:00,83.69,85.2,80.51,99.82610421200155,94.49162361114941
2024-09-24 01:00:00+00:00,85.02,87.15,79.84,102.06034941759373,95.88102905797778
2024-09-24 02:00:00+00:00,83.26,86.93,80.04,105.27474237877999,96.8137166043214
2024-09-24 03:00:00+00:00,88.29,97.3,91.52,117.56206673989101,107.40973631596904
2024-09-24 04:00:00+00:00,110.75,133.4,108.32,148.7952609459793,139.90036099382874
2024-09-24 05:00:00+00:00,141.96,203.73,133.94,195.25934499634133,193.54488581152606
2024-09-24 06:00:00+00:00,127.4,151.33,137.52,169.89631759337152,161.05023688771394
2024-09-24 07:00:00+00:00,106.02,109.99,108.91,138.3761534433628,128.09646802743788
2024-09-24 08:00:00+00:00,92.61,94.66,96.52,118.22101295051708,111.67641816908451
2024-09-24 09:00:00+00:00,83.87,80.16,82.39,99.24864330895986,97.51921475020116
2024-09-24 10:00:00+00:00,75.75,78.94,59.81,86.67287364852153,91.32974581773802
2024-09-24 11:00:00+00:00,68.99,76.55,41.77,75.18579982779247,83.63260442188371
2024-09-24 12:00:00+00:00,61.59,76.77,25.64,67.69075530690164,78.147716788954
2024-09-24 13:00:00+00:00,74.94,80.98,44.44,71.91271786278942,81.4900943755536
2024-09-24 14:00:00+00:00,83.27,102.25,74.29,93.66138704480639,102.64021539994947
2024-09-24 15:00:00+00:00,104.04,136.01,93.5,124.6644434005387,131.9717272253709
2024-09-24 16:00:00+00:00,119.05,240.26,112.99,189.735341621283,207.6527831895741
2024-09-24 17:00:00+00:00,124.13,328.39,132.53,242.37469734331972,275.2985174516857
2024-09-24 18:00:00+00:00,101.7,178.64,111.24,155.49784792218077,172.11737039198584
2024-09-24 19:00:00+00:00,80.44,116.71,96.12,111.85402337392489,126.87429916829927
2024-09-24 20:00:00+00:00,74.48,100.93,89.94,95.00304706894599,113.0719717881922
2024-09-24 21:00:00+00:00,60.58,91.54,83.84,82.82690663114812,103.27980993900563
2024-09-24 22:00:00+00:00,51.48,88.2,85.16,64.9289453048531,89.23183444724359
2024-09-24 23:00:00+00:00,42.18,82.51,80.94,60.12040506303517,83.70301665259184
2024-09-25 00:00:00+00:00,39.2,83.69,83.71,61.97277428647727,84.70705654273773
2024-09-25 01:00:00+00:00,39.45,85.02,83.67,65.4016861842888,86.11722842027248
2024-09-25 02:00:00+00:00,54.77,83.26,82.51,68.97612126259,85.93853152154784
2024-09-25 03:00:00+00:00,63.95,88.29,89.92,80.25627413497793,93.82820846294814
2024-09-25 04:00:00+00:00,78.34,110.75,105.09,105.95510903610402,119.21596473325268
2024-09-25 05:00:00+00:00,83.77,141.96,141.92,135.90385389855965,153.19783296851855
2024-09-25 06:00:00+00:00,88.15,127.4,133.07,123.19125931808523,139.7201185254705
2024-09-25 07:00:00+00:00,70.32,106.02,102.44,97.44800705611702,118.36384526070233
2024-09-25 08:00:00+00:00,49.46,92.61,79.0,76.69670382789434,104.54820380083689
2024-09-25 09:00:00+00:00,25.24,83.87,55.32,63.39311829073567,93.94868136511118
2024-09-25 10:00:00+00:00,19.1,75.75,5.49,51.937166553435304,80.6084991670609
2024-09-25 11:00:00+00:00,18.78,68.99,0.0,49.391612918335596,73.10261516201152
2024-09-25 12:00:00+00:00,55.53,61.59,-0.09,50.356158887992706,65.81324878935595
2024-09-25 13:00:00+00:00,72.23,74.94,1.04,67.00032210214965,73.94549442206431
2024-09-25 14:00:00+00:00,89.69,83.27,40.05,89.64490732071697,85.73768934665428
2024-09-25 15:00:00+00:00,107.85,104.04,87.52,121.2501599854826,109.59783338275258
2024-09-25 16:00:00+00:00,156.2,119.05,113.91,143.219258197396,132.32436299623592
2024-09-25 17:00:00+00:00,195.42,124.13,129.92,142.58222139914707,141.5390356620664
2024-09-25 18:00:00+00:00,131.84,101.7,108.2,113.45067263834338,110.08608703037847
2024-09-25 19:00:00+00:00,96.61,80.44,93.25,90.55256949618129,87.77746113457717
2024-09-25 20:00:00+00:00,91.64,74.48,89.92,78.64832595187097,79.73175164856634
2024-09-25 21:00:00+00:00,82.22,60.58,79.49,63.260368008790635,66.51316612503966
2024-09-25 22:00:00+00:00,66.02,51.48,76.4,43.8427639884875,53.281565443142554
2024-09-25 23:00:00+00:00,58.78,42.18,77.53,34.4904050000888,46.56117451620952
2024-09-26 00:00:00+00:00,52.34,39.2,78.03,29.24832048797967,44.6674375495308
2024-09-26 01:00:00+00:00,49.87,39.45,77.35,27.650208083871007,46.0665076376412
2024-09-26 02:00:00+00:00,45.53,54.77,79.26,34.31346235770475,57.482722987690494
2024-09-26 03:00:00+00:00,49.71,63.95,89.99,41.95246656918165,68.0718215293127
2024-09-26 04:00:00+00:00,72.03,78.34,113.47,59.098631270627315,88.75580276100847
2024-09-26 05:00:00+00:00,85.2,83.77,143.24,70.50499973034694,101.78947261999826
2024-09-26 06:00:00+00:00,83.4,88.15,124.12,71.38564661993544,102.23154045156954
2024-09-26 07:00:00+00:00,67.33,70.32,97.64,57.42527480660552,86.08990264119393
2024-09-26 08:00:00+00:00,49.23,49.46,74.81,39.23614880879378,67.64490270526841
2024-09-26 09:00:00+00:00,31.62,25.24,50.41,19.261966908296415,47.57929466814327
2024-09-26 10:00:00+00:00,17.0,19.1,4.97,5.776653333796631,36.46067420377734
2024-09-26 11:00:00+00:00,12.08,18.78,-0.06,1.9459886769550394,33.553279604660204
2024-09-26 12:00:00+00:00,12.68,55.53,-0.09,17.25246968696098,53.95339748219678
2024-09-26 13:00:00+00:00,37.9,72.23,10.91,28.71484417047003,64.82471606588243
2024-09-26 14:00:00+00:00,54.91,89.69,58.55,49.153167133025086,82.11760012653316
2024-09-26 15:00:00+00:00,73.65,107.85,91.05,70.79426122360982,101.13531881551691
2024-09-26 16:00:00+00:00,80.0,156.2,114.53,106.24886957580178,140.3833997132615
2024-09-26 17:00:00+00:00,89.0,195.42,134.3,132.09839697600168,172.40533187508606
2024-09-26 18:00:00+00:00,78.93,131.84,113.5,92.25555989950979,126.47470935591119
2024-09-26 19:00:00+00:00,62.84,96.61,91.1,63.0395555926015,97.15618572115326
2024-09-26 20:00:00+00:00,53.72,91.64,88.97,53.05189113806299,90.73198606453361
2024-09-26 21:00:00+00:00,36.3,82.22,78.87,39.133043503043446,78.98759813209989
2024-09-26 22:00:00+00:00,-0.06,66.02,72.61,27.156813601861856,70.38977767669803
2024-09-26 23:00:00+00:00,0.04,58.78,74.04,18.11373694196007,63.57235793452096
2024-09-27 00:00:00+00:00,-0.01,52.34,73.42,11.161585385137357,58.12924622782495
2024-09-27 01:00:00+00:00,-0.59,49.87,73.17,9.057379730407945,56.78417049904445
2024-09-27 02:00:00+00:00,-0.2,45.53,74.52,10.140429229246465,56.62552560380151
2024-09-27 03:00:00+00:00,-0.03,49.71,89.09,20.027240254266445,64.74323159221782
2024-09-27 04:00:00+00:00,0.0,72.03,108.06,43.19653640575298,88.77146631351393
2024-09-27 05:00:00+00:00,25.92,85.2,141.45,59.395559607784584,104.93048027653094
2024-09-27 06:00:00+00:00,39.92,83.4,108.6,50.85692802856932,101.43024299978605
2024-09-27 07:00:00+00:00,5.53,67.33,88.92,26.783847058762035,87.2245160493996
2024-09-27 08:00:00+00:00,-0.09,49.23,62.05,3.9030725656895413,70.01205755254477
2024-09-27 09:00:00+00:00,-3.75,31.62,24.69,-16.543828152333916,50.48238082747331
2024-09-27 10:00:00+00:00,-5.56,17.0,8.24,-28.15140640913937,36.28297404122842
2024-09-27 11:00:00+00:00,-6.32,12.08,-0.01,-31.392707178973623,29.313658983928278
2024-09-27 12:00:00+00:00,-5.05,12.68,0.07,-24.754811544311124,30.633265806468444
2024-09-27 13:00:00+00:00,-0.11,37.9,7.56,-2.6918557504724845,48.915784486318316
2024-09-27 14:00:00+00:00,0.0,54.91,43.68,20.142035183282957,66.19533421389846
2024-09-27 15:00:00+00:00,37.83,73.65,84.12,49.00655736637098,85.73743351048158
2024-09-27 16:00:00+00:00,62.55,80.0,106.01,66.20047488278578,98.20679223469818
2024-09-27 17:00:00+00:00,60.47,89.0,145.72,76.71528864912429,112.37538320209748
2024-09-27 18:00:00+00:00,59.57,78.93,108.84,59.636600503136336,94.42429858026999
2024-09-27 19:00:00+00:00,33.09,62.84,91.07,41.325255194690726,76.18529502833863
2024-09-27 20:00:00+00:00,26.03,53.72,87.8,31.8082199303054,67.39729088085515
2024-09-27 21:00:00+00:00,25.0,36.3,87.08,18.682864019379934,53.061711163815225
2024-09-27 22:00:00+00:00,1.77,-0.06,88.29,-9.582756525253117,28.587420068333472
2024-09-27 23:00:00+00:00,3.03,0.04,85.3,-9.671136686471101,25.41731512758983
2024-09-28 00:00:00+00:00,3.29,-0.01,82.0,-8.733729175286541,21.97200845887987
2024-09-28 01:00:00+00:00,3.16,-0.59,82.19,-6.325420690678058,19.134565394631636
2024-09-28 02:00:00+00:00,3.27,-0.2,86.38,-2.209690172829198,17.300966795221512
2024-09-28 03:00:00+00:00,4.15,-0.03,89.48,2.015786192242601,15.22463106429693
2024-09-28 04:00:00+00:00,11.96,0.0,99.69,8.20489539349795,15.972813572899184
2024-09-28 05:00:00+00:00,22.28,25.92,97.76,24.608285837309552,31.819292494169858
2024-09-28 06:00:00+00:00,26.21,39.92,85.3,29.675753760123783,39.25837541617523
2024-09-28 07:00:00+00:00,18.91,5.53,60.99,3.3267767259830237,13.173405824507114
2024-09-28 08:00:00+00:00,9.75,-0.09,22.0,-12.702306293816847,3.020076565809859
2024-09-28 09:00:00+00:00,3.78,-3.75,3.15,-23.75580754975357,-3.762829791641593
2024-09-28 10:00:00+00:00,0.65,-5.56,0.0,-30.19851046875793,-7.348726746496126
2024-09-28 11:00:00+00:00,0.0,-6.32,-3.36,-33.62077986547375,-9.754131183438162
2024-09-28 12:00:00+00:00,0.0,-5.05,-3.95,-32.170734866689585,-9.137682023300428
2024-09-28 13:00:00+00:00,0.06,-0.11,1.09,-21.855904911128405,-1.485907564238147
2024-09-28 14:00:00+00:00,9.82,0.0,47.26,-4.732119051271937,8.426101670376227
2024-09-28 15:00:00+00:00,63.23,37.83,97.19,36.52931818228039,44.88784646989024
2024-09-28 16:00:00+00:00,80.28,62.55,127.5,68.30967502465766,70.38555100301366
2024-09-28 17:00:00+00:00,100.08,60.47,141.99,74.60531268036073,75.57738518752488
2024-09-28 18:00:00+00:00,96.31,59.57,112.5,68.66623916182053,72.21939920335075
2024-09-28 19:00:00+00:00,80.7,33.09,95.93,50.11331831654229,52.211309278524396
2024-09-28 20:00:00+00:00,80.28,26.03,93.6,43.504191045167275,46.67616531626065
2024-09-28 21:00:00+00:00,74.73,25.0,88.3,38.19384498594963,42.52029184499254
2024-09-28 22:00:00+00:00,60.66,1.77,97.73,26.96300520571654,30.723730438256737
2024-09-28 23:00:00+00:00,45.5,3.03,90.05,25.248735249833416,28.177745674391772
2024-09-29 00:00:00+00:00,44.16,3.29,89.99,24.649428663930806,25.501317749286457
2024-09-29 01:00:00+00:00,43.35,3.16,89.5,25.013899908778868,22.151472782220992
2024-09-29 02:00:00+00:00,57.74,3.27,90.75,27.65105535196065,19.47221449389474
2024-09-29 03:00:00+00:00,73.63,4.15,90.65,30.883898169779854,16.65619809737592
2024-09-29 04:00:00+00:00,77.0,11.96,94.88,37.96563681116099,18.537474145124378
2024-09-29 05:00:00+00:00,98.0,22.28,97.31,46.95604561406674,25.278666356443594
2024-09-29 06:00:00+00:00,96.88,26.21,86.48,43.107615038845275,27.548172016686138
2024-09-29 07:00:00+00:00,54.43,18.91,62.79,23.109536481034112,17.635611347460213
2024-09-29 08:00:00+00:00,1.33,9.75,26.17,1.8024473052549297,6.541303112997213
2024-09-29 09:00:00+00:00,0.0,3.78,11.13,-10.783683154705884,0.03603950974886061
2024-09-29 10:00:00+00:00,-0.01,0.65,7.69,-16.20810986491645,-3.963434126000976
2024-09-29 11:00:00+00:00,-0.5,0.0,-0.08,-16.901144078889857,-6.975761485292523
2024-09-29 12:00:00+00:00,-0.45,0.0,0.01,-11.846888301907043,-7.185065046746033
2024-09-29 13:00:00+00:00,0.0,0.06,9.66,-0.20253160182868157,-3.7745638477457533
2024-09-29 14:00:00+00:00,43.24,9.82,61.6,25.719065735824955,11.993076527841879
2024-09-29 15:00:00+00:00,94.01,63.23,106.27,78.62571387640011,61.44025756606948
2024-09-29 16:00:00+00:00,152.59,80.28,132.23,104.75842287338808,84.52324320476993
2024-09-29 17:00:00+00:00,167.32,100.08,157.18,119.21006152818343,105.95519133615772
2024-09-29 18:00:00+00:00,109.61,96.31,126.11,109.07780146926588,103.21185314651433
2024-09-29 19:00:00+00:00,80.13,80.7,109.54,91.66775576828839,90.9828648489241
2024-09-29 20:00:00+00:00,64.3,80.28,98.72,83.43302821198266,90.02616995240005
2024-09-29 21:00:00+00:00,37.39,74.73,92.0,71.63200266443201,84.30287119578918
2024-09-29 22:00:00+00:00,19.0,60.66,90.8,60.05606613868919,80.085721872244
2024-09-29 23:00:00+00:00,11.45,45.5,84.08,47.92420150475223,68.7853154987123
2024-09-30 00:00:00+00:00,8.4,44.16,85.2,45.73306561063909,67.84283061645459
2024-09-30 01:00:00+00:00,5.53,43.35,87.15,45.772114125062394,67.69598885268344
2024-09-30 02:00:00+00:00,5.61,57.74,86.93,56.12871969798769,78.75649159601379
2024-09-30 03:00:00+00:00,16.98,73.63,97.3,72.62233448902322,95.09345901667112
2024-09-30 04:00:00+00:00,45.64,77.0,133.4,89.56186865008914,109.86226817560527
2024-09-30 05:00:00+00:00,90.42,98.0,203.73,115.4836198504342,136.76417351881543
2024-09-30 06:00:00+00:00,93.55,96.88,151.33,108.72040964199005,131.1419498709242
2024-09-30 07:00:00+00:00,68.46,54.43,109.99,77.24336714181464,97.10289075231077
2024-09-30 08:00:00+00:00,44.41,1.33,94.66,43.00444702593983,59.07354064659139
2024-09-30 09:00:00+00:00,20.91,0.0,80.16,33.1474729204688,55.27581809934132
2024-09-30 10:00:00+00:00,9.28,-0.01,78.94,26.69326535847422,53.27091576118511
2024-09-30 11:00:00+00:00,2.06,-0.5,76.55,22.835125225526028,50.158302426861106
2024-09-30 12:00:00+00:00,7.63,-0.45,76.77,23.032472191911083,48.19778045849139
2024-09-30 13:00:00+00:00,21.96,0.0,80.98,27.1843235431118,48.242129141673495
2024-09-30 14:00:00+00:00,35.13,43.24,102.25,56.23775388165072,79.0600682516494
2024-09-30 15:00:00+00:00,64.6,94.01,136.01,96.72346536117274,122.72126450621981
2024-09-30 16:00:00+00:00,70.36,152.59,240.26,143.75053300827705,177.89267296815962
2024-09-30 17:00:00+00:00,64.24,167.32,328.39,160.43740962029256,202.63936770312597
2024-09-30 18:00:00+00:00,42.35,109.61,178.64,105.3239913679497,145.0874557746804
2024-09-30 19:00:00+00:00,21.93,80.13,116.71,74.46850915404546,115.18654464452054
2024-09-30 20:00:00+00:00,20.01,64.3,100.93,59.58206414033527,100.88810999280045
2024-09-30 21:00:00+00:00,9.84,37.39,91.54,39.800652055659214,79.39851883445728
2024-09-30 22:00:00+00:00,3.21,19.0,88.2,20.444989854598788,52.59073854774089
2024-09-30 23:00:00+00:00,0.07,11.45,82.51,15.028004235300642,45.16728867147379
2024-10-01 00:00:00+00:00,0.05,8.4,83.69,14.008842277739816,43.162740294163314
2024-10-01 01:00:00+00:00,0.02,5.53,85.02,16.57385742003268,42.142580095185856
2024-10-01 02:00:00+00:00,0.09,5.61,83.26,23.872324714592295,44.91722157202647
2024-10-01 03:00:00+00:00,6.8,16.98,88.29,40.00670688440157,57.48386005685152
2024-10-01 04:00:00+00:00,63.96,45.64,110.75,70.23380413373518,85.913690024623
2024-10-01 05:00:00+00:00,103.35,90.42,141.96,107.07022235503973,124.26849300148363
2024-10-01 06:00:00+00:00,114.98,93.55,127.4,109.42222851836266,125.18045121063668
2024-10-01 07:00:00+00:00,100.41,68.46,106.02,88.78240706160975,102.21190080414137
2024-10-01 08:00:00+00:00,76.48,44.41,92.61,66.72036893627072,79.25502864576538
2024-10-01 09:00:00+00:00,68.21,20.91,83.87,48.36129616216907,60.92366511371331
2024-10-01 10:00:00+00:00,58.6,9.28,75.75,38.62004531072697,50.17384964107245
2024-10-01 11:00:00+00:00,55.66,2.06,68.99,33.797833919414174,42.26573148402321
2024-10-01 12:00:00+00:00,56.51,7.63,61.59,37.09096205914733,42.40740146420071
2024-10-01 13:00:00+00:00,62.18,21.96,74.94,51.8769257470127,52.655302883412595
2024-10-01 14:00:00+00:00,98.94,35.13,83.27,69.96517891929528,65.78093837053065
2024-10-01 15:00:00+00:00,109.58,64.6,104.04,100.07464644514494,94.10971510358935
2024-10-01 16:00:00+00:00,133.9,70.36,119.05,110.2886355073215,105.10072611507768
2024-10-01 17:00:00+00:00,136.51,64.24,124.13,101.71608958535955,101.50357030211458
2024-10-01 18:00:00+00:00,118.54,42.35,101.7,77.0461835882889,77.46000736021503
2024-10-01 19:00:00+00:00,92.3,21.93,80.44,56.063286479348406,56.903958629669425
2024-10-01 20:00:00+00:00,91.45,20.01,74.48,49.24376328259255,51.79967884379997
2024-10-01 21:00:00+00:00,76.24,9.84,60.58,37.27781860527934,38.92668975626474
2024-10-01 22:00:00+00:00,85.44,3.21,51.48,24.106856874680147,19.53071533961176
2024-10-01 23:00:00+00:00,80.88,0.07,42.18,20.498964006922975,15.677683750902546
2024-10-02 00:00:00+00:00,77.09,0.05,39.2,20.14702727801614,15.016290459615348
2024-10-02 01:00:00+00:00,74.93,0.02,39.45,21.62747697562061,15.199173504599315
2024-10-02 02:00:00+00:00,77.14,0.09,54.77,26.80161779081854,18.15768943814794
2024-10-02 03:00:00+00:00,81.1,6.8,63.95,38.49962193063789,27.937927187237776
2024-10-02 04:00:00+00:00,96.53,63.96,78.34,79.5209057118805,74.9152248915918
2024-10-02 05:00:00+00:00,118.83,103.35,83.77,108.75965880660601,108.39656210441605
2024-10-02 06:00:00+00:00,135.7,114.98,88.15,117.91275865790136,118.41543869444162
2024-10-02 07:00:00+00:00,117.59,100.41,70.32,106.05795892449008,105.05011868826183
2024-10-02 08:00:00+00:00,103.21,76.48,49.46,86.8116685056168,84.39944740647455
2024-10-02 09:00:00+00:00,96.52,68.21,25.24,73.9197113011814,72.67585683573176
2024-10-02 10:00:00+00:00,90.45,58.6,19.1,63.44149599647536,62.41208878965746
2024-10-02 11:00:00+00:00,86.44,55.66,18.78,57.15827505504284,56.473052418867645
2024-10-02 12:00:00+00:00,78.87,56.51,55.53,59.19045793324363,58.78521848963481
2024-10-02 13:00:00+00:00,82.07,62.18,72.23,65.32349301995745,64.12870516842332
2024-10-02 14:00:00+00:00,81.51,98.94,89.69,91.51703413145195,91.92612200855241
2024-10-02 15:00:00+00:00,100.1,109.58,107.85,109.49089395431612,106.83022876539466
2024-10-02 16:00:00+00:00,117.01,133.9,156.2,133.00539583426843,131.48196006421557
2024-10-02 17:00:00+00:00,130.07,136.51,195.42,137.48739197110626,138.72116016630082
2024-10-02 18:00:00+00:00,114.37,118.54,131.84,114.46499568806121,115.98451361027065
2024-10-02 19:00:00+00:00,96.54,92.3,96.61,90.1891579687094,90.61801096532614
2024-10-02 20:00:00+00:00,93.3,91.45,91.64,82.36514368169713,85.32129441205616
2024-10-02 21:00:00+00:00,85.0,76.24,82.22,69.09129010603525,71.06574475749679
2024-10-02 22:00:00+00:00,67.33,85.44,66.02,56.14866996119071,61.89113363751269
2024-10-02 23:00:00+00:00,65.86,80.88,58.78,51.096377572010276,56.02725150299732
2024-10-03 00:00:00+00:00,65.14,77.09,52.34,47.31863575888635,50.94711252634859
2024-10-03 01:00:00+00:00,64.18,74.93,49.87,45.136497694451585,47.409158514317205
2024-10-03 02:00:00+00:00,63.98,77.14,45.53,44.05455651526376,45.75197665007566
2024-10-03 03:00:00+00:00,64.4,81.1,49.71,45.74170278866422,47.04951832798851
2024-10-03 04:00:00+00:00,65.43,96.53,72.03,61.04602696419688,64.32274012051815
2024-10-03 05:00:00+00:00,73.37,118.83,85.2,80.83259431471853,85.42551087180608
2024-10-03 06:00:00+00:00,76.67,135.7,83.4,90.81871514403177,98.07841155277289
2024-10-03 07:00:00+00:00,72.9,117.59,67.33,78.30446292880234,85.30287708687267
2024-10-03 08:00:00+00:00,69.28,103.21,49.23,63.61270719059268,71.7719810610641
2024-10-03 09:00:00+00:00,63.04,96.52,31.62,52.47813092507307,63.40752479251636
2024-10-03 10:00:00+00:00,47.09,90.45,17.0,42.0372171721747,54.24636971863506
2024-10-03 11:00:00+00:00,33.98,86.44,12.08,35.33837725916802,47.36726833148624
2024-10-03 12:00:00+00:00,39.14,78.87,12.68,30.2828640292216,40.12159873551792
2024-10-03 13:00:00+00:00,51.36,82.07,37.9,37.39289316648735,44.46140542844031
2024-10-03 14:00:00+00:00,66.04,81.51,54.91,47.843455107397475,49.646655566483574
2024-10-03 15:00:00+00:00,89.7,100.1,73.65,71.01454857016437,67.94998621259356
2024-10-03 16:00:00+00:00,110.07,117.01,80.0,89.76692558267769,85.56181672369867
2024-10-03 17:00:00+00:00,115.32,130.07,89.0,96.85925115524626,97.54252165203032
2024-10-03 18:00:00+00:00,108.28,114.37,78.93,83.02830132450445,84.90865369994007
2024-10-03 19:00:00+00:00,98.76,96.54,62.84,67.55184833300709,69.35571405478376
2024-10-03 20:00:00+00:00,90.96,93.3,53.72,64.94196435277634,68.12516755942488
2024-10-03 21:00:00+00:00,81.46,85.0,36.3,55.190973903056495,58.06949886104656
2024-10-03 22:00:00+00:00,73.9,67.33,-0.06,44.018591142972255,46.5152511563615
2024-10-03 23:00:00+00:00,72.52,65.86,0.04,43.757411170231926,45.11625307096059
2024-10-04 00:00:00+00:00,72.1,65.14,-0.01,44.95787281000573,44.444289459809085
2024-10-04 01:00:00+00:00,72.0,64.18,-0.59,47.389741403789806,44.21362641595461
2024-10-04 02:00:00+00:00,72.33,63.98,-0.2,52.41721504827202,45.97452871289594
2024-10-04 03:00:00+00:00,77.1,64.4,-0.03,60.83978214157439,50.20677214574383
2024-10-04 04:00:00+00:00,103.0,65.43,0.0,72.8384537400159,57.75091294963663
2024-10-04 05:00:00+00:00,126.54,73.37,25.92,88.24906533933122,70.86654153105584
2024-10-04 06:00:00+00:00,141.42,76.67,39.92,94.18670442247216,77.43660132124825
2024-10-04 07:00:00+00:00,116.27,72.9,5.53,83.82212178107449,69.24062948411714
2024-10-04 08:00:00+00:00,100.09,69.28,-0.09,74.15872727984808,63.467474809369385
2024-10-04 09:00:00+00:00,85.0,63.04,-3.75,64.57204541462832,57.18900269442053
2024-10-04 10:00:00+00:00,75.07,47.09,-5.56,53.144156932027826,44.866407314039115
2024-10-04 11:00:00+00:00,73.49,33.98,-6.32,45.74826441712638,34.52968527743823
2024-10-04 12:00:00+00:00,75.82,39.14,-5.05,48.19160702335675,35.82767964421304
2024-10-04 13:00:00+00:00,79.07,51.36,-0.11,57.095067173069694,43.11929894385987
2024-10-04 14:00:00+00:00,89.8,66.04,0.0,71.65824572259875,53.696920145783565
2024-10-04 15:00:00+00:00,107.1,89.7,37.83,100.04369024974093,79.2820803374714
2024-10-04 16:00:00+00:00,131.97,110.07,62.55,119.4286943580659,99.43548194766244
2024-10-04 17:00:00+00:00,149.02,115.32,60.47,119.34037867363665,104.20937652920165
2024-10-04 18:00:00+00:00,123.7,108.28,59.57,109.58786560073051,97.36354603789923
2024-10-04 19:00:00+00:00,99.9,98.76,33.09,95.54087319889541,84.72406563587245
2024-10-04 20:00:00+00:00,99.9,90.96,26.03,86.44151645990411,76.98249281975455
2024-10-04 21:00:00+00:00,90.0,81.46,25.0,76.90765970606577,67.58449504255321
2024-10-04 22:00:00+00:00,93.1,73.9,1.77,70.62369921189106,58.2898781623688
2024-10-04 23:00:00+00:00,84.64,72.52,3.03,67.32103375879015,54.47980589717125
2024-10-05 00:00:00+00:00,81.4,72.1,3.29,65.26581481997954,51.27706628974023
2024-10-05 01:00:00+00:00,75.54,72.0,3.16,64.96906618645762,48.596136629960625
2024-10-05 02:00:00+00:00,75.72,72.33,3.27,66.04933820506476,46.447525862972434
2024-10-05 03:00:00+00:00,79.82,77.1,4.15,68.47448210697362,46.08009013622911
2024-10-05 04:00:00+00:00,86.2,103.0,11.96,83.41649142374264,60.964861910058865
2024-10-05 05:00:00+00:00,100.4,126.54,22.28,100.1050987646299,77.06491258834906
2024-10-05 06:00:00+00:00,110.62,141.42,26.21,109.03235176486089,88.13181539741798
2024-10-05 07:00:00+00:00,103.0,116.27,18.91,90.74003720854246,70.90580134492991
2024-10-05 08:00:00+00:00,82.42,100.09,9.75,73.30875498191693,58.06710625807942
2024-10-05 09:00:00+00:00,68.27,85.0,3.78,57.0292306983243,45.66609519123336
2024-10-05 10:00:00+00:00,51.44,75.07,0.65,45.89883253002289,35.742342347524875
2024-10-05 11:00:00+00:00,38.88,73.49,0.0,41.468472534518995,31.357335608601105
2024-10-05 12:00:00+00:00,43.49,75.82,0.0,43.40238132056295,32.31516379172338
2024-10-05 13:00:00+00:00,62.92,79.07,0.06,51.00437034479447,36.13634177670026
2024-10-05 14:00:00+00:00,77.12,89.8,9.82,68.17641746783798,48.233812349460536
2024-10-05 15:00:00+00:00,99.48,107.1,63.23,98.0845170922838,73.46495927906528
2024-10-05 16:00:00+00:00,148.65,131.97,80.28,123.72728782076427,99.66834030008866
2024-10-05 17:00:00+00:00,143.28,149.02,100.08,135.69502837673343,118.66518130737339
2024-10-05 18:00:00+00:00,107.23,123.7,96.31,117.44672212551453,102.71237428680483
2024-10-05 19:00:00+00:00,96.56,99.9,80.7,97.43961531229469,84.80649194148614
2024-10-05 20:00:00+00:00,85.23,99.9,80.28,92.43710962237387,84.85116704363908
2024-10-05 21:00:00+00:00,67.0,90.0,74.73,80.95336766468225,75.54701816870343
2024-10-05 22:00:00+00:00,67.04,93.1,60.66,82.69157494715307,80.04494497151924
2024-10-05 23:00:00+00:00,63.97,84.64,45.5,73.6463429712336,70.07720617792263
2024-10-06 00:00:00+00:00,62.83,81.4,44.16,69.4385634621179,65.05897607755284
2024-10-06 01:00:00+00:00,63.35,75.54,43.35,64.54493325643462,58.23102356952036
2024-10-06 02:00:00+00:00,62.71,75.72,57.74,65.21538830639783,57.008917635138666
2024-10-06 03:00:00+00:00,63.97,79.82,73.63,67.9063536381329,58.06941392433968
2024-10-06 04:00:00+00:00,63.41,86.2,77.0,71.37678420671884,60.92419477814489
2024-10-06 05:00:00+00:00,72.81,100.4,98.0,83.53752089552445,73.8421454334993
2024-10-06 06:00:00+00:00,77.2,110.62,96.88,83.30371668457258,80.28565883739755
2024-10-06 07:00:00+00:00,66.06,103.0,54.43,64.24439045650556,68.67562812295256
2024-10-06 08:00:00+00:00,35.28,82.42,1.33,37.43514432277391,46.92612744300876
2024-10-06 09:00:00+00:00,16.68,68.27,0.0,20.7748630178272,36.220408001646014
2024-10-06 10:00:00+00:00,5.25,51.44,-0.01,5.131831777070516,23.531349318367504
2024-10-06 11:00:00+00:00,-0.01,38.88,-0.5,-3.302442436114191,14.110412029497212
2024-10-06 12:00:00+00:00,-0.01,43.49,-0.45,3.3622263021872385,17.748809582441723
2024-10-06 13:00:00+00:00,0.2,62.92,0.0,22.455021324869406,32.44593284634854
2024-10-06 14:00:00+00:00,59.6,77.12,43.24,49.207304494338516,51.04337100352735
2024-10-06 15:00:00+00:00,90.94,99.48,94.01,84.35059195564025,79.05499599097294
2024-10-06 16:00:00+00:00,106.3,148.65,152.59,127.00080585755958,127.35473789787557
2024-10-06 17:00:00+00:00,97.22,143.28,167.32,123.44246571873941,131.96607397932286
2024-10-06 18:00:00+00:00,72.98,107.23,109.61,90.9203133576959,101.42335710543647
2024-10-06 19:00:00+00:00,59.37,96.56,80.13,76.34431058833877,90.39131746970702
2024-10-06 20:00:00+00:00,58.69,85.23,64.3,66.69994477597962,82.51044332927071
2024-10-06 21:00:00+00:00,51.71,67.0,37.39,49.929267336952954,65.43051333319676
2024-10-06 22:00:00+00:00,34.58,67.04,19.0,48.08975194418351,70.11048398106703
2024-10-06 23:00:00+00:00,35.34,63.97,11.45,44.294840058664185,66.15048985112642
2024-10-07 00:00:00+00:00,33.25,62.83,8.4,43.84485001547703,64.85010633467428
2024-10-07 01:00:00+00:00,30.15,63.35,5.53,45.70318940468558,65.07972983356714
2024-10-07 02:00:00+00:00,36.09,62.71,5.61,49.61721492618539,66.41093968502636
2024-10-07 03:00:00+00:00,46.73,63.97,16.98,58.37806459831705,72.35344051605551
2024-10-07 04:00:00+00:00,67.59,63.41,45.64,73.55238576063294,83.36001284645027
2024-10-07 05:00:00+00:00,100.92,72.81,90.42,92.97825004932923,100.07541547636556
2024-10-07 06:00:00+00:00,108.32,77.2,93.55,98.63074645315713,105.93533424665657
2024-10-07 07:00:00+00:00,91.86,66.06,68.46,86.01652176382882,95.05484944571933
2024-10-07 08:00:00+00:00,66.09,35.28,44.41,61.60779669923385,69.80119021071336
2024-10-07 09:00:00+00:00,60.22,16.68,20.91,43.62636871110634,53.281574191162846
2024-10-07 10:00:00+00:00,54.11,5.25,9.28,31.947580631856994,41.982661269486286
2024-10-07 11:00:00+00:00,43.29,-0.01,2.06,26.758114763625628,35.02442477124954
2024-10-07 12:00:00+00:00,55.0,-0.01,7.63,31.387711377552577,34.856807422254846
2024-10-07 13:00:00+00:00,67.01,0.2,21.96,43.57818292327076,38.10890744371999
2024-10-07 14:00:00+00:00,97.9,59.6,35.13,87.191531609202,79.03706568713397
2024-10-07 15:00:00+00:00,120.71,90.94,64.6,121.10464206700536,106.84675183124124
2024-10-07 16:00:00+00:00,237.65,106.3,70.36,136.77836107402075,123.75809196753659
2024-10-07 17:00:00+00:00,229.53,97.22,64.24,127.30683999062958,118.05714176613095
2024-10-07 18:00:00+00:00,121.98,72.98,42.35,103.27218777451367,95.49778231301438
2024-10-07 19:00:00+00:00,99.93,59.37,21.93,85.27739819089123,80.83713228917536
2024-10-07 20:00:00+00:00,91.91,58.69,20.01,77.59897613586219,77.01241193308758
2024-10-07 21:00:00+00:00,79.12,51.71,9.84,65.82415470311125,67.11453096894869
2024-10-07 22:00:00+00:00,72.33,34.58,3.21,45.63790155319729,45.02710592716299
2024-10-07 23:00:00+00:00,67.07,35.34,0.07,41.46263049285306,44.07395130827357
2024-10-08 00:00:00+00:00,63.99,33.25,0.05,37.85879317726705,42.666974633333254
2024-10-08 01:00:00+00:00,59.67,30.15,0.02,34.94496206735897,41.05497929142512
2024-10-08 02:00:00+00:00,59.69,36.09,0.09,38.24490737439798,45.57579950334924
2024-10-08 03:00:00+00:00,67.43,46.73,6.8,48.643479085946964,56.107846123114506
2024-10-08 04:00:00+00:00,85.97,67.59,63.96,75.8416486616581,83.12032653766936
2024-10-08 05:00:00+00:00,110.37,100.92,103.35,105.30792343459453,113.96082400965501
2024-10-08 06:00:00+00:00,106.24,108.32,114.98,112.63273163088695,122.52311911980064
2024-10-08 07:00:00+00:00,85.0,91.86,100.41,97.88150161705522,109.09445721969948
2024-10-08 08:00:00+00:00,80.33,66.09,76.48,76.64015348822144,85.81390311208686
2024-10-08 09:00:00+00:00,80.5,60.22,68.21,70.24353001728912,78.07592556071879
2024-10-08 10:00:00+00:00,76.0,54.11,58.6,64.95199803326119,69.89313680967226
2024-10-08 11:00:00+00:00,82.53,43.29,55.66,60.47364846768919,59.716444738854804
2024-10-08 12:00:00+00:00,88.39,55.0,56.51,68.14567751005082,63.727260662428385
2024-10-08 13:00:00+00:00,90.08,67.01,62.18,80.49961419436421,70.0751956947155
2024-10-08 14:00:00+00:00,101.19,97.9,98.94,111.02302146902629,99.22275346090105
2024-10-08 15:00:00+00:00,126.34,120.71,109.58,132.60202568263546,120.02175806926783
2024-10-08 16:00:00+00:00,156.77,237.65,133.9,203.26474904485045,206.44901576165284
2024-10-08 17:00:00+00:00,168.2,229.53,136.51,201.4789372906691,204.65367349366343
2024-10-08 18:00:00+00:00,114.41,121.98,118.54,139.6917613650255,129.73475625217876
2024-10-08 19:00:00+00:00,94.9,99.93,92.3,118.20515920766198,109.0912593218954
2024-10-08 20:00:00+00:00,86.6,91.91,91.45,106.29153498311167,100.73858315631428
2024-10-08 21:00:00+00:00,67.6,79.12,76.24,90.49409083929272,86.95059158724798
2024-10-08 22:00:00+00:00,61.93,72.33,85.44,70.74834842871539,70.01920787970369
2024-10-08 23:00:00+00:00,60.0,67.07,80.88,64.87481495882034,64.82777693819577
2024-10-09 00:00:00+00:00,57.48,63.99,77.09,61.832431710492266,61.6582043503204
2024-10-09 01:00:00+00:00,54.32,59.67,74.93,59.636803803982154,58.3749750294876
2024-10-09 02:00:00+00:00,57.32,59.69,77.14,62.1323581357878,60.01557076750906
2024-10-09 03:00:00+00:00,63.87,67.43,81.1,70.00672056789357,68.12113475903567
2024-10-09 04:00:00+00:00,86.7,85.97,96.53,91.00863555765295,90.43004664188354
2024-10-09 05:00:00+00:00,111.19,110.37,118.83,113.54980352675037,115.73300387803317
2024-10-09 06:00:00+00:00,110.98,106.24,135.7,111.47651497171898,116.77397928223807
2024-10-09 07:00:00+00:00,87.0,85.0,117.59,88.00972400258203,98.62180436892602
2024-10-09 08:00:00+00:00,72.09,80.33,103.21,73.33808542942475,90.17260110391537
2024-10-09 09:00:00+00:00,59.9,80.5,96.52,67.61191977570121,87.9857888432724
2024-10-09 10:00:00+00:00,59.8,76.0,90.45,62.017763612764504,81.86846833254863
2024-10-09 11:00:00+00:00,59.85,82.53,86.44,65.78157262230204,82.71386785300317
2024-10-09 12:00:00+00:00,67.63,88.39,78.87,70.40214137210094,83.04090890484085
2024-10-09 13:00:00+00:00,77.17,90.08,82.07,77.55000797337732,84.31655933629858
2024-10-09 14:00:00+00:00,95.0,101.19,81.51,89.06952104473477,93.25240711081139
2024-10-09 15:00:00+00:00,117.45,126.34,100.1,111.05433472782646,115.45817219535306
2024-10-09 16:00:00+00:00,122.53,156.77,117.01,135.5666687082534,148.96486978227225
2024-10-09 17:00:00+00:00,127.12,168.2,130.07,139.4236073700855,157.87034340703198
2024-10-09 18:00:00+00:00,111.05,114.41,114.37,102.2978947427893,111.0524357661647
2024-10-09 19:00:00+00:00,95.8,94.9,96.54,84.61573468774216,92.09093619080029
2024-10-09 20:00:00+00:00,95.1,86.6,93.3,75.04562467225446,82.64355919278704
2024-10-09 21:00:00+00:00,82.34,67.6,85.0,59.771161962396526,65.04623675888661
2024-10-09 22:00:00+00:00,61.19,61.93,67.33,39.50391521052157,54.97576756161467
2024-10-09 23:00:00+00:00,46.89,60.0,65.86,34.86355904285375,52.29486076944018
2024-10-10 00:00:00+00:00,37.75,57.48,65.14,31.16190861524298,49.84696483643703
2024-10-10 01:00:00+00:00,32.0,54.32,64.18,28.364854233257915,47.860860604794944
2024-10-10 02:00:00+00:00,29.64,57.32,63.98,29.909333558855224,51.124061057144246
2024-10-10 03:00:00+00:00,39.6,63.87,64.4,36.16753251766355,59.33468451436189
2024-10-10 04:00:00+00:00,62.1,86.7,65.43,55.41167032354548,83.02478113665728
2024-10-10 05:00:00+00:00,84.9,111.19,73.37,74.53363796686517,105.86435723881787
2024-10-10 06:00:00+00:00,80.46,110.98,76.67,76.166477975701,107.02085263573993
2024-10-10 07:00:00+00:00,67.5,87.0,72.9,59.767562455352014,88.92420499673516
2024-10-10 08:00:00+00:00,52.01,72.09,69.28,44.64619379781413,77.15843758590567
2024-10-10 09:00:00+00:00,38.93,59.9,63.04,31.475717287384626,67.94929049606637
2024-10-10 10:00:00+00:00,21.89,59.8,47.09,24.495398797070933,64.42236198885934
2024-10-10 11:00:00+00:00,15.94,59.85,33.98,20.43064479552855,61.51500633208004
2024-10-10 12:00:00+00:00,20.01,67.63,39.14,24.120161082533627,64.81590347815256
2024-10-10 13:00:00+00:00,38.37,77.17,51.36,36.061964020176454,71.31969335762494
2024-10-10 14:00:00+00:00,58.5,95.0,66.04,56.676194851024654,85.517477871075
2024-10-10 15:00:00+00:00,85.82,117.45,89.7,83.40286372054535,107.21891410305277
2024-10-10 16:00:00+00:00,96.07,122.53,110.07,96.21754574119632,117.56868827064373
2024-10-10 17:00:00+00:00,119.32,127.12,115.32,99.52811936136949,122.94670290343089
2024-10-10 18:00:00+00:00,101.19,111.05,108.28,85.00578223386583,105.49026836585355
2024-10-10 19:00:00+00:00,90.41,95.8,98.76,71.24896660880805,90.54865063737137
2024-10-10 20:00:00+00:00,83.16,95.1,90.96,66.37837995626498,85.87486890762376
2024-10-10 21:00:00+00:00,69.93,82.34,81.46,54.09804183570963,71.86791817105662
2024-10-10 22:00:00+00:00,79.96,61.19,73.9,50.118014110543186,59.877133931683154
2024-10-10 23:00:00+00:00,73.21,46.89,72.52,41.95676192452283,49.34067185183043
2024-10-11 00:00:00+00:00,71.7,37.75,72.1,37.89873159368925,42.813489590644274
2024-10-11 01:00:00+00:00,67.91,32.0,72.0,37.35339996021233,39.764111297376054
2024-10-11 02:00:00+00:00,69.56,29.64,72.33,40.68791682357027,40.262018011789756
2024-10-11 03:00:00+00:00,73.39,39.6,77.1,53.66894428966514,51.148558992291775
2024-10-11 04:00:00+00:00,99.95,62.1,103.0,81.74722794726667,78.00845750692264
2024-10-11 05:00:00+00:00,140.41,84.9,126.54,106.69211093670121,101.83691301771026
2024-10-11 06:00:00+00:00,155.49,80.46,141.42,107.16773274261791,101.60615063173867
2024-10-11 07:00:00+00:00,110.01,67.5,116.27,88.34466291170003,86.86114954666976
2024-10-11 08:00:00+00:00,90.0,52.01,100.09,68.86556666575059,72.52671725663666
2024-10-11 09:00:00+00:00,72.35,38.93,85.0,50.49352299301596,59.32314257399726
2024-10-11 10:00:00+00:00,61.65,21.89,75.07,33.64766094907257,44.88925582408037
2024-10-11 11:00:00+00:00,57.17,15.94,73.49,26.67714003575766,38.68977308233956
2024-10-11 12:00:00+00:00,59.56,20.01,75.82,29.067066471404857,40.24375360522017
2024-10-11 13:00:00+00:00,66.96,38.37,79.07,45.50479755704459,52.52979324362282
2024-10-11 14:00:00+00:00,73.35,58.5,89.8,69.08597725909155,68.59238677339812
2024-10-11 15:00:00+00:00,112.78,85.82,107.1,101.7126333630974,92.49878205433019
2024-10-11 16:00:00+00:00,167.86,96.07,131.97,118.53373740164923,104.51824324455491
2024-10-11 17:00:00+00:00,174.24,119.32,149.02,131.56508081138034,123.38309820153057
2024-10-11 18:00:00+00:00,121.31,101.19,123.7,113.21966028084557,105.41045404240732
2024-10-11 19:00:00+00:00,99.79,90.41,99.9,98.62639933712092,92.01195782465236
2024-10-11 20:00:00+00:00,98.41,83.16,99.9,89.99141794816921,85.2791402394302
2024-10-11 21:00:00+00:00,87.83,69.93,90.0,75.95418475330149,71.83940360204969
2024-10-11 22:00:00+00:00,90.09,79.96,93.1,76.9523610147078,75.93305190513013
2024-10-11 23:00:00+00:00,79.42,73.21,84.64,67.85418078791554,66.3740375495662
2024-10-12 00:00:00+00:00,75.58,71.7,81.4,62.701876155428515,61.17117874794548
2024-10-12 01:00:00+00:00,75.02,67.91,75.54,57.02360509315987,54.31425429655472
2024-10-12 02:00:00+00:00,71.92,69.56,75.72,55.57830777615238,52.11487533501697
2024-10-12 03:00:00+00:00,67.9,73.39,79.82,56.101983124970616,52.58884540380638
2024-10-12 04:00:00+00:00,71.63,99.95,86.2,69.30482077420716,69.99688606425092
2024-10-12 05:00:00+00:00,68.73,140.41,100.4,92.58186320101385,98.9177047544914
2024-10-12 06:00:00+00:00,68.91,155.49,110.62,96.36036113063611,110.37195756896905
2024-10-12 07:00:00+00:00,41.82,110.01,103.0,60.08486948639306,78.98857390264479
2024-10-12 08:00:00+00:00,35.3,90.0,82.42,39.160010066572326,61.350088158381226
2024-10-12 09:00:00+00:00,34.28,72.35,68.27,24.587057849915738,45.74476041661622
2024-10-12 10:00:00+00:00,24.79,61.65,51.44,14.159886245809886,33.68799690842178
2024-10-12 11:00:00+00:00,14.33,57.17,38.88,11.17860916384278,26.540843049413823
2024-10-12 12:00:00+00:00,23.34,59.56,43.49,17.89402091879417,27.64226894404713
2024-10-12 13:00:00+00:00,46.35,66.96,62.92,34.41331623505117,37.358912290258885
2024-10-12 14:00:00+00:00,63.18,73.35,77.12,50.3833522938675,47.804687625746716
2024-10-12 15:00:00+00:00,76.02,112.78,99.48,82.44184743948847,83.69077339215376
2024-10-12 16:00:00+00:00,80.86,167.86,148.65,120.10268141610628,133.21240216161897
2024-10-12 17:00:00+00:00,77.62,174.24,143.28,120.91035751651921,143.29700732025876
2024-10-12 18:00:00+00:00,60.19,121.31,107.23,82.91782603593566,103.87293926849856
2024-10-12 19:00:00+00:00,45.42,99.79,96.56,64.10326031986071,88.06905080174876
2024-10-12 20:00:00+00:00,34.87,98.41,85.23,57.86041287485758,85.59114902657687
2024-10-12 21:00:00+00:00,25.37,87.83,67.0,44.376858975527476,74.07608116417269
2024-10-12 22:00:00+00:00,0.0,90.09,67.04,39.52715567603475,81.92368133968218
2024-10-12 23:00:00+00:00,-0.01,79.42,63.97,30.33624916341246,71.49151921253772
2024-10-13 00:00:00+00:00,-0.07,75.58,62.83,23.628043390198386,65.63083261154942
2024-10-13 01:00:00+00:00,-0.37,75.02,63.35,19.104276946885193,62.10146035838824
2024-10-13 02:00:00+00:00,-0.51,71.92,62.71,13.74051020353825,57.30898968676527
2024-10-13 03:00:00+00:00,-0.09,67.9,63.97,7.580727150997589,51.977942888402104
2024-10-13 04:00:00+00:00,-0.3,71.63,63.41,5.484649245747761,53.13144675951669
2024-10-13 05:00:00+00:00,-0.04,68.73,72.81,6.45358875344823,53.70949719265659
2024-10-13 06:00:00+00:00,-0.07,68.91,77.2,7.204904169980338,55.493478223011735
2024-10-13 07:00:00+00:00,-0.86,41.82,66.06,-14.11683772730838,34.416639164306176
2024-10-13 08:00:00+00:00,-0.64,35.3,35.28,-29.084769397163583,25.263224308856763
2024-10-13 09:00:00+00:00,-1.97,34.28,16.68,-35.6008014344428,21.464983790829166
2024-10-13 10:00:00+00:00,-7.49,24.79,5.25,-44.5363768763694,12.44602456351879
2024-10-13 11:00:00+00:00,-15.16,14.33,-0.01,-51.72832024196275,3.5725825074591313
2024-10-13 12:00:00+00:00,-15.69,23.34,-0.01,-44.799855695308295,9.713564321046661
2024-10-13 13:00:00+00:00,-5.01,46.35,0.2,-24.133530332152446,26.774944976301924
2024-10-13 14:00:00+00:00,-1.99,63.18,59.6,3.720051415085109,48.74023580563379
2024-10-13 15:00:00+00:00,0.06,76.02,90.94,30.456546048082487,70.23135980830523
2024-10-13 16:00:00+00:00,35.83,80.86,106.3,50.05742086481581,86.04484710992008
2024-10-13 17:00:00+00:00,54.05,77.62,97.22,50.28475818718272,86.6976026245797
2024-10-13 18:00:00+00:00,39.51,60.19,72.98,35.99334049301268,69.2906226438726
2024-10-13 19:00:00+00:00,38.43,45.42,59.37,26.42247965250114,57.47031843002989
2024-10-13 20:00:00+00:00,40.13,34.87,58.69,23.69221568805351,51.94981044015252
2024-10-13 21:00:00+00:00,36.81,25.37,51.71,17.33798097061502,43.294561792255394
2024-10-13 22:00:00+00:00,37.1,0.0,34.58,8.76189974946682,32.52705116895896
2024-10-13 23:00:00+00:00,35.25,-0.01,35.34,12.102570592399672,31.7299607483166
2024-10-14 00:00:00+00:00,35.17,-0.07,33.25,17.59635842638302,31.73558959952244
2024-10-14 01:00:00+00:00,34.36,-0.37,30.15,24.2228599191194,32.31057368979489
2024-10-14 02:00:00+00:00,39.33,-0.51,36.09,33.82623625699439,35.0552834421857
2024-10-14 03:00:00+00:00,62.2,-0.09,46.73,47.17858177893785,41.00096129977432
2024-10-14 04:00:00+00:00,98.74,-0.3,67.59,64.92189855442815,51.661352999181865
2024-10-14 05:00:00+00:00,132.89,-0.04,100.92,79.62528212784498,60.14741655703744
2024-10-14 06:00:00+00:00,153.61,-0.07,108.32,83.62438915457324,62.72689452695097
2024-10-14 07:00:00+00:00,117.94,-0.86,91.86,76.25161257264531,57.78484417954331
2024-10-14 08:00:00+00:00,100.95,-0.64,66.09,69.53608319529448,53.523752955323076
2024-10-14 09:00:00+00:00,95.53,-1.97,60.22,65.68595013672892,51.22255847503738
2024-10-14 10:00:00+00:00,88.36,-7.49,54.11,59.95215379288541,44.474129555159415
2024-10-14 11:00:00+00:00,82.6,-15.16,43.29,53.64460971907609,34.9358766593607
2024-10-14 12:00:00+00:00,74.16,-15.69,55.0,56.93592155314206,34.879753381149456
2024-10-14 13:00:00+00:00,87.08,-5.01,67.01,70.2643704399022,44.34498485877905
2024-10-14 14:00:00+00:00,105.79,-1.99,97.9,83.50265083579185,51.406501909440244
2024-10-14 15:00:00+00:00,159.59,0.06,120.71,95.26599261375699,58.46912686359402
2024-10-14 16:00:00+00:00,257.1,35.83,237.65,129.68436964284692,98.73590843347267
2024-10-14 17:00:00+00:00,269.74,54.05,229.53,135.28969350230642,110.89050042621835
2024-10-14 18:00:00+00:00,158.0,39.51,121.98,107.62097996249445,84.83115423747245
2024-10-14 19:00:00+00:00,114.12,38.43,99.93,97.2946122891608,77.95026614154085
2024-10-14 20:00:00+00:00,99.66,40.13,91.91,91.082819302348,75.17809572540943
2024-10-14 21:00:00+00:00,94.8,36.81,79.12,81.72490000651021,67.89946794282557
2024-10-14 22:00:00+00:00,91.23,37.1,72.33,70.50285410562097,54.524469661861446
2024-10-14 23:00:00+00:00,86.49,35.25,67.07,67.37246249965008,51.68312333569357
2024-10-15 00:00:00+00:00,88.35,35.17,63.99,67.44103049593663,51.351117172213335
2024-10-15 01:00:00+00:00,84.04,34.36,59.67,68.26754833044359,50.62502315234976
2024-10-15 02:00:00+00:00,80.8,39.33,59.69,74.15157234500522,54.716603694750184
2024-10-15 03:00:00+00:00,89.51,62.2,67.43,93.3050616368733,73.43522018455089
2024-10-15 04:00:00+00:00,114.53,98.74,85.97,126.668372177828,106.8588352485378
2024-10-15 05:00:00+00:00,185.39,132.89,110.37,157.13373784639006,137.40508146163995
2024-10-15 06:00:00+00:00,176.61,153.61,106.24,168.92128801117804,152.76348589021097
2024-10-15 07:00:00+00:00,110.54,117.94,85.0,139.02954383370786,126.03573301074191
2024-10-15 08:00:00+00:00,92.75,100.95,80.33,118.3753199667917,112.93606618123458
2024-10-15 09:00:00+00:00,83.05,95.53,80.5,106.49621831201777,107.80609196878682
2024-10-15 10:00:00+00:00,78.47,88.36,76.0,96.06804528218373,99.72707811633161
2024-10-15 11:00:00+00:00,71.75,82.6,82.53,89.32637871030727,92.81253481917818
2024-10-15 12:00:00+00:00,75.9,74.16,88.39,84.9573597086694,84.69795230154463
2024-10-15 13:00:00+00:00,83.36,87.08,90.08,95.78298921568489,92.35154545379542
2024-10-15 14:00:00+00:00,89.03,105.79,101.19,113.37714687547428,105.26024508030633
2024-10-15 15:00:00+00:00,120.69,159.59,126.34,152.14986066260784,145.84518641071986
2024-10-15 16:00:00+00:00,136.79,257.1,156.77,208.37000690573439,220.73630963443884
2024-10-15 17:00:00+00:00,97.31,269.74,168.2,211.33421801178753,235.4473405665879
2024-10-15 18:00:00+00:00,76.26,158.0,114.41,136.67194847681293,152.49278720957426
2024-10-15 19:00:00+00:00,66.65,114.12,94.9,101.9471117491353,118.93018615656484
2024-10-15 20:00:00+00:00,59.65,99.66,86.6,85.93902321673679,106.32020863775632
2024-10-15 21:00:00+00:00,40.78,94.8,67.6,72.82447672900895,97.18198819994406
2024-10-15 22:00:00+00:00,23.35,91.23,61.93,53.890356954889455,81.95293352808304
2024-10-15 23:00:00+00:00,12.8,86.49,60.0,47.982691963014744,77.00759414242025
2024-10-16 00:00:00+00:00,5.3,88.35,57.48,47.46776668131712,76.90971679184108
2024-10-16 01:00:00+00:00,3.61,84.04,54.32,45.743771787675904,73.51293406289516
2024-10-16 02:00:00+00:00,3.16,80.8,57.32,47.20463766009987,72.90557428396038
2024-10-16 03:00:00+00:00,8.2,89.51,63.87,58.59018680690384,83.83641669069806
2024-10-16 04:00:00+00:00,42.59,114.53,86.7,84.49878778357268,112.4284365341754
2024-10-16 05:00:00+00:00,67.29,185.39,111.19,131.98086047120518,168.67494529926466
2024-10-16 06:00:00+00:00,66.52,176.61,110.98,128.1374062064857,166.17378406666995
2024-10-16 07:00:00+00:00,54.29,110.54,87.0,79.58126784718837,116.5786944981061
2024-10-16 08:00:00+00:00,26.68,92.75,72.09,57.50223907438546,100.82057985161754
2024-10-16 09:00:00+00:00,14.16,83.05,59.9,43.468366584572024,91.16762148012454
2024-10-16 10:00:00+00:00,4.09,78.47,59.8,36.12072282318966,85.58946462539765
2024-10-16 11:00:00+00:00,2.04,71.75,59.85,31.957749234197664,78.53056483764809
2024-10-16 12:00:00+00:00,4.0,75.9,67.63,37.380648688340926,78.88401920296411
2024-10-16 13:00:00+00:00,14.18,83.36,77.17,51.187665851945376,84.61737179040112
2024-10-16 14:00:00+00:00,54.92,89.03,95.0,68.58455332453268,91.94602841827235
2024-10-16 15:00:00+00:00,72.95,120.69,117.45,100.32492214779099,122.00564501431914
2024-10-16 16:00:00+00:00,84.47,136.79,122.53,113.76239766478427,142.9521275837146
2024-10-16 17:00:00+00:00,88.38,97.31,127.12,86.34330700518925,118.1463192617087
2024-10-16 18:00:00+00:00,65.31,76.26,111.05,61.32492717991651,91.28695826604113
2024-10-16 19:00:00+00:00,61.86,66.65,95.8,47.225474908433505,77.81008541306159
2024-10-16 20:00:00+00:00,35.14,59.65,95.1,39.34766274649723,69.9647397003589
2024-10-16 21:00:00+00:00,26.54,40.78,82.34,24.836110423995635,53.67483271872488
2024-10-16 22:00:00+00:00,17.04,23.35,61.19,6.855874123753821,34.01054546933301
2024-10-16 23:00:00+00:00,12.15,12.8,46.89,0.5537343075086483,25.05889196577479
2024-10-17 00:00:00+00:00,10.48,5.3,37.75,-1.7917455701718126,19.77891754485924
2024-10-17 01:00:00+00:00,5.61,3.61,32.0,0.22522470552667073,19.12757955395726
2024-10-17 02:00:00+00:00,10.01,3.16,29.64,4.970115000348315,20.562822987891423
2024-10-17 03:00:00+00:00,29.8,8.2,39.6,16.757116938331137,29.439315616056916
2024-10-17 04:00:00+00:00,70.51,42.59,62.1,49.312468552309234,63.71567034062664
2024-10-17 05:00:00+00:00,101.39,67.29,84.9,76.05387963372374,91.8377128246504
2024-10-17 06:00:00+00:00,92.53,66.52,80.46,75.27472715006614,90.47101358266193
2024-10-17 07:00:00+00:00,73.76,54.29,67.5,58.60941447619613,75.32531810344214
2024-10-17 08:00:00+00:00,62.22,26.68,52.01,35.96958382080451,52.82048089948138
2024-10-17 09:00:00+00:00,52.02,14.16,38.93,23.780573928821468,40.752873196892615
2024-10-17 10:00:00+00:00,46.54,4.09,21.89,16.566756737983553,30.4933336320681
2024-10-17 11:00:00+00:00,47.52,2.04,15.94,17.501355175390387,26.33472611346791
2024-10-17 12:00:00+00:00,60.04,4.0,20.01,23.867741096493376,26.123351157123892
2024-10-17 13:00:00+00:00,63.55,14.18,38.37,40.852820031412314,34.36826906117561
2024-10-17 14:00:00+00:00,92.68,54.92,58.5,75.44015534286615,63.2928974934407
2024-10-17 15:00:00+00:00,123.6,72.95,85.82,100.05677796889555,82.51076042495207
2024-10-17 16:00:00+00:00,186.21,84.47,96.07,110.08211681027831,94.68916109222305
2024-10-17 17:00:00+00:00,172.19,88.38,119.32,110.21017056115758,98.50682508646571
2024-10-17 18:00:00+00:00,117.5,65.31,101.19,89.41060942828774,77.28558857181272
2024-10-17 19:00:00+00:00,97.81,61.86,90.41,80.57438498932768,70.49450799981493
2024-10-17 20:00:00+00:00,89.05,35.14,83.16,61.352190065380476,49.08544629267737
2024-10-17 21:00:00+00:00,82.21,26.54,69.93,50.30639395186032,37.6581903705167
2024-10-17 22:00:00+00:00,80.95,17.04,79.96,50.96873102429247,33.96166272417183
2024-10-17 23:00:00+00:00,81.16,12.15,73.21,46.6754191665289,28.123119927819303
2024-10-18 00:00:00+00:00,82.73,10.48,71.7,45.434069915098476,25.50724776834457
2024-10-18 01:00:00+00:00,78.84,5.61,67.91,44.54718167113944,22.143973846362556
2024-10-18 02:00:00+00:00,81.19,10.01,69.56,50.2308409579533,26.13366300572119
2024-10-18 03:00:00+00:00,84.34,29.8,73.39,66.5674957178127,42.55924917101667
2024-10-18 04:00:00+00:00,98.89,70.51,99.95,102.67838269610004,81.70649141105919
2024-10-18 05:00:00+00:00,149.78,101.39,140.41,133.16683067525565,113.22362601705044
2024-10-18 06:00:00+00:00,156.24,92.53,155.49,131.88634510678753,110.65107265164599
2024-10-18 07:00:00+00:00,111.0,73.76,110.01,109.3376767043674,90.98560275717976
2024-10-18 08:00:00+00:00,95.76,62.22,90.0,91.94329230567202,77.52937301371125
2024-10-18 09:00:00+00:00,85.3,52.02,72.35,77.17975178183933,66.03151564607802
2024-10-18 10:00:00+00:00,82.96,46.54,61.65,67.82225768081923,57.59045680606528
2024-10-18 11:00:00+00:00,80.2,47.52,57.17,65.51535224958126,54.12851877520655
2024-10-18 12:00:00+00:00,81.19,60.04,59.56,72.7622809547232,59.44098508939754
2024-10-18 13:00:00+00:00,84.34,63.55,66.96,82.29523599734136,62.42970028391357
2024-10-18 14:00:00+00:00,103.29,92.68,73.35,108.55550956581084,85.84922893977341
2024-10-18 15:00:00+00:00,133.67,123.6,112.78,138.17013493971822,114.98292879808949
2024-10-18 16:00:00+00:00,181.28,186.21,167.86,180.14449357053667,167.61655740216514
2024-10-18 17:00:00+00:00,142.58,172.19,174.24,170.722099154948,161.2211235353653
2024-10-18 18:00:00+00:00,103.25,117.5,121.31,129.24722744355364,115.47414447685006
2024-10-18 19:00:00+00:00,96.83,97.81,99.79,110.48894136209137,97.66125702448986
2024-10-18 20:00:00+00:00,93.26,89.05,98.41,98.85641448768332,87.2308699787596
2024-10-18 21:00:00+00:00,85.54,82.21,87.83,87.8593758920332,77.7406349982005
2024-10-18 22:00:00+00:00,87.06,80.95,90.09,87.71583172384027,75.61560990378625
2024-10-18 23:00:00+00:00,83.03,81.16,79.42,81.86186226295166,70.3611850076013
2024-10-19 00:00:00+00:00,79.91,82.73,75.58,77.94885710358355,66.80966331618757
2024-10-19 01:00:00+00:00,75.26,78.84,75.02,72.26456821383232,60.069976132887284
2024-10-19 02:00:00+00:00,75.87,81.19,71.92,70.5595394949523,57.88472614190734
2024-10-19 03:00:00+00:00,76.77,84.34,67.9,71.36281695696664,57.744187698111155
2024-10-19 04:00:00+00:00,80.0,98.89,71.63,81.99220300716381,68.95953176247295
2024-10-19 05:00:00+00:00,91.91,149.78,68.73,110.88675758365213,102.8934447248701
2024-10-19 06:00:00+00:00,89.66,156.24,68.91,115.6633088892237,106.46313918068114
2024-10-19 07:00:00+00:00,84.6,111.0,41.82,86.10585370792974,72.5029481242208
2024-10-19 08:00:00+00:00,78.8,95.76,35.3,71.33352234020484,60.05612660366062
2024-10-19 09:00:00+00:00,73.32,85.3,34.28,59.593277231909696,50.86661723663449
2024-10-19 10:00:00+00:00,66.16,82.96,24.79,53.466558534405394,46.257701502142545
2024-10-19 11:00:00+00:00,60.96,80.2,14.33,49.00547099608198,41.21627001764991
2024-10-19 12:00:00+00:00,63.89,81.19,23.34,53.69986885470844,43.57672394924718
2024-10-19 13:00:00+00:00,79.07,84.34,46.35,66.02416795676031,50.44128336326434
2024-10-19 14:00:00+00:00,98.09,103.29,63.18,89.81154065926958,70.52925364331466
2024-10-19 15:00:00+00:00,109.14,133.67,76.02,119.02022193466433,99.88780553348168
2024-10-19 16:00:00+00:00,135.82,181.28,80.86,150.8217044859977,142.67608441302178
2024-10-19 17:00:00+00:00,118.93,142.58,77.62,126.88260775535403,118.89180597492656
2024-10-19 18:00:00+00:00,96.8,103.25,60.19,96.88091886839443,87.39081160521404
2024-10-19 19:00:00+00:00,90.18,96.83,45.42,85.87519958704081,80.26147261818878
2024-10-19 20:00:00+00:00,83.83,93.26,34.87,78.39776510954357,76.37146075744124
2024-10-19 21:00:00+00:00,73.33,85.54,25.37,68.02104818816795,68.17657498241945
2024-10-19 22:00:00+00:00,55.57,87.06,0.0,65.70427269453945,71.05235389026294
2024-10-19 23:00:00+00:00,54.9,83.03,-0.01,61.59675120383629,66.05742514592511
2024-10-20 00:00:00+00:00,57.23,79.91,-0.07,59.015761059804035,61.55200561736376
2024-10-20 01:00:00+00:00,59.82,75.26,-0.37,56.30926452414771,55.38112045192436
2024-10-20 02:00:00+00:00,62.92,75.87,-0.51,57.55658841173769,52.95318111464987
2024-10-20 03:00:00+00:00,66.91,76.77,-0.09,59.53130450513062,50.851344739134625
2024-10-20 04:00:00+00:00,64.23,80.0,-0.3,62.704492067147925,50.87384450090244
2024-10-20 05:00:00+00:00,75.32,91.91,-0.04,72.40241890873183,60.47668912904438
2024-10-20 06:00:00+00:00,68.28,89.66,-0.07,70.58721956223195,59.169518777696624
2024-10-20 07:00:00+00:00,45.75,84.6,-0.86,59.08595385816244,53.211901432815836
2024-10-20 08:00:00+00:00,6.37,78.8,-0.64,44.967197893599916,47.869994939243504
2024-10-20 09:00:00+00:00,0.08,73.32,-1.97,33.01001378989217,43.31632193108934
2024-10-20 10:00:00+00:00,0.0,66.16,-7.49,22.96470594944246,37.31786517109232
2024-10-20 11:00:00+00:00,-0.98,60.96,-15.16,16.225099283191483,31.348346335463717
2024-10-20 12:00:00+00:00,-2.01,63.89,-15.69,19.425516617463344,33.452455908987176
2024-10-20 13:00:00+00:00,0.0,79.07,-5.01,35.05088707991243,46.54446354083365
2024-10-20 14:00:00+00:00,5.1,98.09,-1.99,56.842908511814265,64.3932774360106
2024-10-20 15:00:00+00:00,57.69,109.14,0.06,74.82862993173813,80.56915250189773
2024-10-20 16:00:00+00:00,60.7,135.82,35.83,95.42583204520201,112.52080301312297
2024-10-20 17:00:00+00:00,45.08,118.93,54.05,80.12120468290787,104.03922502895917
2024-10-20 18:00:00+00:00,34.35,96.8,39.51,58.0624573079521,85.95828473769272
2024-10-20 19:00:00+00:00,20.95,90.18,38.43,48.82311427071343,82.13464549037946
2024-10-20 20:00:00+00:00,12.15,83.83,40.13,44.05096710662383,79.27463385463531
2024-10-20 21:00:00+00:00,1.93,73.33,36.81,34.31179525593059,70.05161812368635
2024-10-20 22:00:00+00:00,-0.1,55.57,37.1,28.755071796223646,66.71391744839352
2024-10-20 23:00:00+00:00,-0.1,54.9,35.25,27.973810562638135,65.08451508962821
2024-10-21 00:00:00+00:00,-0.14,57.23,35.17,31.23873934693286,66.40255544056512
2024-10-21 01:00:00+00:00,-0.08,59.82,34.36,36.97155430447638,68.51095018334553
2024-10-21 02:00:00+00:00,-0.04,62.92,39.33,46.19161549289677,73.16569459184024
2024-10-21 03:00:00+00:00,3.45,66.91,62.2,60.73024742519002,82.26407697374728
2024-10-21 04:00:00+00:00,66.6,64.23,98.74,77.80807312805447,92.58600542175817
2024-10-21 05:00:00+00:00,104.98,75.32,132.89,99.25650433247446,109.32436774133339
2024-10-21 06:00:00+00:00,120.39,68.28,153.61,103.5943054785806,108.29689529613307
2024-10-21 07:00:00+00:00,103.9,45.75,117.94,85.7932258767332,88.77563790347814
2024-10-21 08:00:00+00:00,89.04,6.37,100.95,59.99330186773834,60.29987736599462
2024-10-21 09:00:00+00:00,81.03,0.08,95.53,52.95416203013274,55.45701132973222
2024-10-21 10:00:00+00:00,73.19,0.0,88.36,50.19201470521627,53.333462744108566
2024-10-21 11:00:00+00:00,81.36,-0.98,82.6,50.12546274472519,50.41931769915197
2024-10-21 12:00:00+00:00,81.65,-2.01,74.16,53.88136705538983,47.90046421222238
2024-10-21 13:00:00+00:00,98.59,0.0,87.08,66.2084877345325,51.76749464572056
2024-10-21 14:00:00+00:00,123.5,5.1,105.79,82.85813228891874,58.91054308952802
2024-10-21 15:00:00+00:00,131.54,57.69,159.59,126.78099826359446,102.33241499742807
2024-10-21 16:00:00+00:00,222.11,60.7,257.1,144.43260646553347,120.77194020023117
2024-10-21 17:00:00+00:00,190.87,45.08,269.74,133.8914070009806,111.78639255618975
2024-10-21 18:00:00+00:00,128.44,34.35,158.0,107.60699836581945,87.74593230927212
2024-10-21 19:00:00+00:00,102.0,20.95,114.12,89.04547495343874,71.26074495796347
2024-10-21 20:00:00+00:00,97.8,12.15,99.66,76.40401791382345,61.07299173415683
2024-10-21 21:00:00+00:00,92.97,1.93,94.8,64.66191740490419,50.77466747319757
2024-10-21 22:00:00+00:00,91.67,-0.1,91.23,52.808772599057455,38.39250947184629
2024-10-21 23:00:00+00:00,89.43,-0.1,86.49,50.00824690470465,36.91986511500195
2024-10-22 00:00:00+00:00,85.69,-0.14,88.35,49.8978766172643,37.529447641459136
2024-10-22 01:00:00+00:00,83.6,-0.08,84.04,49.72851214577878,37.8732938457239
2024-10-22 02:00:00+00:00,83.19,-0.04,80.8,51.0706699138455,38.80540926644985
2024-10-22 03:00:00+00:00,89.95,3.45,89.51,58.367294442091456,45.21804885175538
2024-10-22 04:00:00+00:00,100.58,66.6,114.53,102.68188092296019,95.90276806450332
2024-10-22 05:00:00+00:00,156.09,104.98,185.39,140.73871157644743,135.7698439784172
2024-10-22 06:00:00+00:00,170.12,120.39,176.61,151.32032245177064,146.1947768845443
2024-10-22 07:00:00+00:00,113.44,103.9,110.54,130.38134552214783,125.09721272482071
2024-10-22 08:00:00+00:00,99.22,89.04,92.75,112.0584432436379,108.52350420972887
2024-10-22 09:00:00+00:00,87.75,81.03,83.05,99.6724510896974,99.92118843713341
2024-10-22 10:00:00+00:00,77.11,73.19,78.47,88.29595119354232,91.87626715534661
2024-10-22 11:00:00+00:00,70.88,81.36,71.75,86.31400984242957,93.53871326826466
2024-10-22 12:00:00+00:00,73.53,81.65,75.9,84.42653496807947,91.50339259982528
2024-10-22 13:00:00+00:00,87.08,98.59,83.36,97.41289411699503,102.62973196049708
2024-10-22 14:00:00+00:00,107.45,123.5,89.03,120.70699244494378,120.07554294973804
2024-10-22 15:00:00+00:00,109.97,131.54,120.69,143.30302550393378,135.90389787385266
2024-10-22 16:00:00+00:00,140.36,222.11,136.79,197.97442989361804,201.69211666233025
2024-10-22 17:00:00+00:00,157.75,190.87,97.31,175.6284383539027,176.45928329980066
2024-10-22 18:00:00+00:00,114.02,128.44,76.26,135.68725033475673,130.105377120537
2024-10-22 19:00:00+00:00,99.4,102.0,66.65,114.77701344321233,107.91021988320892
2024-10-22 20:00:00+00:00,95.72,97.8,59.65,106.6682042207906,101.10883812867654
2024-10-22 21:00:00+00:00,88.35,92.97,40.78,96.41497216064829,91.23242773883506
2024-10-22 22:00:00+00:00,80.83,91.67,23.35,80.23135986193587,74.98517835402053
2024-10-22 23:00:00+00:00,83.23,89.43,12.8,77.49603958403954,70.28973796126468
2024-10-23 00:00:00+00:00,82.02,85.69,5.3,75.96215958337227,65.73522952976529
2024-10-23 01:00:00+00:00,83.21,83.6,3.61,77.5267293277992,63.63776211101914
2024-10-23 02:00:00+00:00,85.8,83.19,3.16,81.04897543631662,63.11241283815743
2024-10-23 03:00:00+00:00,93.6,89.95,8.2,90.78351111476266,69.55569737447496
2024-10-23 04:00:00+00:00,108.19,100.58,42.59,115.32267015909432,92.13498496473309
2024-10-23 05:00:00+00:00,172.79,156.09,67.29,157.47481668668257,138.63841040599516
2024-10-23 06:00:00+00:00,183.13,170.12,66.52,168.93959943816122,150.46654318138891
2024-10-23 07:00:00+00:00,128.42,113.44,54.29,133.12915115239903,110.06643440369476
2024-10-23 08:00:00+00:00,104.1,99.22,26.68,113.01676332439354,94.94739146913817
2024-10-23 09:00:00+00:00,93.86,87.75,14.16,96.2732721979575,83.55174816152342
2024-10-23 10:00:00+00:00,85.62,77.11,4.09,83.44000657548628,72.61575523829086
2024-10-23 11:00:00+00:00,80.99,70.88,2.04,77.62745181104847,66.35824255505102
2024-10-23 12:00:00+00:00,78.97,73.53,4.0,78.88370801697312,65.59854952273096
2024-10-23 13:00:00+00:00,88.62,87.08,14.18,92.55352663141032,75.88653529888398
2024-10-23 14:00:00+00:00,101.9,107.45,54.92,117.54778368745417,96.12027473430678
2024-10-23 15:00:00+00:00,147.15,109.97,72.95,131.7502994531353,103.09167599989118
2024-10-23 16:00:00+00:00,218.18,140.36,84.47,153.54991128138653,133.92375704894857
2024-10-23 17:00:00+00:00,177.6,157.75,88.38,156.3661839440635,144.12893122843772
2024-10-23 18:00:00+00:00,111.71,114.02,65.31,121.71613822947866,106.04204881050057
2024-10-23 19:00:00+00:00,101.51,99.4,61.86,106.14806263235127,92.18425603438021
2024-10-23 20:00:00+00:00,103.33,95.72,35.14,94.44555674001006,84.05696535008464
2024-10-23 21:00:00+00:00,93.16,88.35,26.54,83.36524840191396,75.18759735924428
2024-10-23 22:00:00+00:00,91.75,80.83,17.04,72.36797615145663,63.4612960927809
2024-10-23 23:00:00+00:00,82.42,83.23,12.15,70.70463175706553,63.410297233593106
2024-10-24 00:00:00+00:00,80.67,82.02,10.48,69.18518786292636,61.995913396958365
2024-10-24 01:00:00+00:00,80.29,83.21,5.61,70.4048538166394,62.555537763622546
2024-10-24 02:00:00+00:00,80.45,85.8,10.01,75.70686436199368,66.27576623242976
2024-10-24 03:00:00+00:00,83.82,93.6,29.8,88.00749591877096,77.0131122510863
2024-10-24 04:00:00+00:00,103.21,108.19,70.51,111.2026470159845,98.65950579392846
2024-10-24 05:00:00+00:00,148.29,172.79,101.39,158.33989263375554,153.41654523073913
2024-10-24 06:00:00+00:00,171.27,183.13,92.53,166.3461487542417,162.28234881346307
2024-10-24 07:00:00+00:00,117.3,128.42,73.76,127.58723338969251,119.34427338327956
2024-10-24 08:00:00+00:00,101.91,104.1,62.22,104.0904170864454,99.69647034848619
2024-10-24 09:00:00+00:00,93.05,93.86,52.02,89.01380397744754,88.8780281922967
2024-10-24 10:00:00+00:00,83.96,85.62,46.54,77.35365661325406,79.60693719621457
2024-10-24 11:00:00+00:00,79.15,80.99,47.52,70.9728866877519,73.43513588548237
2024-10-24 12:00:00+00:00,81.51,78.97,60.04,71.52915386122373,71.20687607833057
2024-10-24 13:00:00+00:00,95.7,88.62,63.55,82.46225540082786,77.25766019457299
2024-10-24 14:00:00+00:00,116.17,101.9,92.68,102.68395598110865,91.1572329519694
2024-10-24 15:00:00+00:00,129.9,147.15,123.6,137.21520403893678,127.32302334874879
2024-10-24 16:00:00+00:00,141.53,218.18,186.21,183.1034688579643,189.15101781968033
2024-10-24 17:00:00+00:00,114.19,177.6,172.19,156.8208371527104,165.01270197173517
2024-10-24 18:00:00+00:00,96.61,111.71,117.5,106.38407109462156,109.17933481562257
2024-10-24 19:00:00+00:00,93.64,101.51,97.81,91.52347969708168,96.45686802055728
2024-10-24 20:00:00+00:00,89.9,103.33,89.05,87.03947722874472,93.76406415056982
2024-10-24 21:00:00+00:00,83.61,93.16,82.21,77.15762043337746,82.65989331406169
2024-10-24 22:00:00+00:00,82.5,91.75,80.95,80.34647065150737,84.1988948062077
2024-10-24 23:00:00+00:00,82.07,82.42,81.16,76.17398259369224,77.38449436511964
2024-10-25 00:00:00+00:00,79.69,80.67,82.73,76.27585992214819,75.60028645576409
2024-10-25 01:00:00+00:00,82.6,80.29,78.84,78.61932767158545,75.53719238171796
2024-10-25 02:00:00+00:00,84.47,80.45,81.19,83.4932742254929,77.19514747700846
2024-10-25 03:00:00+00:00,94.59,83.82,84.34,93.17840780845712,83.2870327759626
2024-10-25 04:00:00+00:00,108.94,103.21,98.89,117.71418446461945,105.86603276784007
2024-10-25 05:00:00+00:00,123.75,148.29,149.78,158.80775076438215,151.1112823125273
2024-10-25 06:00:00+00:00,150.59,171.27,156.24,174.56653146004288,168.8187866412274
2024-10-25 07:00:00+00:00,122.43,117.3,111.0,133.71604712957225,122.83572433586212
2024-10-25 08:00:00+00:00,108.15,101.91,95.76,113.87649788095918,107.45280994960726
2024-10-25 09:00:00+00:00,93.9,93.05,85.3,98.68098187529762,97.47228462920567
2024-10-25 10:00:00+00:00,81.08,83.96,82.96,86.68010610952891,88.06232933125266
2024-10-25 11:00:00+00:00,78.18,79.15,80.2,80.43653153533667,81.11436994328815
2024-10-25 12:00:00+00:00,82.47,81.51,81.19,83.29101896802678,79.80820917126405
2024-10-25 13:00:00+00:00,99.33,95.7,84.34,100.88613223979775,89.34666482629133
2024-10-25 14:00:00+00:00,118.03,116.17,103.29,128.31228328307995,106.13105156452401
2024-10-25 15:00:00+00:00,158.73,129.9,133.67,154.07710293570835,125.22788722227324
2024-10-25 16:00:00+00:00,227.32,141.53,181.28,169.78745867869895,146.53269425691914
2024-10-25 17:00:00+00:00,184.85,114.19,142.58,143.72976005918238,120.65623391577435
2024-10-25 18:00:00+00:00,123.86,96.61,103.25,119.86006124664186,96.6992124793308
2024-10-25 19:00:00+00:00,116.29,93.64,96.83,111.33199315403584,91.05145529235057
2024-10-25 20:00:00+00:00,113.96,89.9,93.26,104.29325985784901,86.3712276263796
2024-10-25 21:00:00+00:00,107.4,83.61,85.54,94.53937303545216,77.57907981060515
2024-10-25 22:00:00+00:00,115.29,82.5,87.06,93.22249726854231,76.62487140476185
2024-10-25 23:00:00+00:00,109.64,82.07,83.03,89.65716735456627,72.58528664765859
2024-10-26 00:00:00+00:00,106.95,79.69,79.91,86.27343134770193,67.85629922165786
2024-10-26 01:00:00+00:00,107.79,82.6,75.26,86.15670333399665,66.2541382726855
2024-10-26 02:00:00+00:00,105.7,84.47,75.87,86.31746068362777,64.28085676530984
2024-10-26 03:00:00+00:00,106.82,94.59,76.77,91.07609913705807,68.03583726702725
2024-10-26 04:00:00+00:00,113.93,108.94,80.0,99.75875914280174,76.71441844634681
2024-10-26 05:00:00+00:00,125.71,123.75,91.91,111.97734066974016,89.98320397474133
2024-10-26 06:00:00+00:00,126.0,150.59,89.66,126.47960214366822,108.71450257738344
2024-10-26 07:00:00+00:00,117.57,122.43,84.6,104.9536526996647,85.60962561591066
2024-10-26 08:00:00+00:00,101.39,108.15,78.8,87.33947857717236,73.30885176622706
2024-10-26 09:00:00+00:00,81.48,93.9,73.32,69.50011409411808,61.57935679189016
2024-10-26 10:00:00+00:00,68.35,81.08,66.16,53.76370222867176,50.14749007179126
2024-10-26 11:00:00+00:00,63.3,78.18,60.96,47.1284365897002,45.49572292840933
2024-10-26 12:00:00+00:00,64.55,82.47,63.89,51.551493025321,48.67206857149143
2024-10-26 13:00:00+00:00,81.44,99.33,79.07,71.57577020334583,64.14822919912942
2024-10-26 14:00:00+00:00,100.6,118.03,98.09,98.33902858909926,83.61142557357543
2024-10-26 15:00:00+00:00,125.73,158.73,109.14,134.00048056998054,118.84938554788886
2024-10-26 16:00:00+00:00,150.9,227.32,135.82,178.00181403992786,176.24676154164425
2024-10-26 17:00:00+00:00,118.74,184.85,118.93,150.1588359861235,148.30599486653898
2024-10-26 18:00:00+00:00,96.48,123.86,96.8,110.41494017096728,105.16252537668939
2024-10-26 19:00:00+00:00,88.76,116.29,90.18,101.15168677240443,99.63216545386234
2024-10-26 20:00:00+00:00,87.5,113.96,83.83,96.35788426268272,97.42040404504834
2024-10-26 21:00:00+00:00,76.63,107.4,73.33,87.52698569671271,89.63173963283595
2024-10-26 23:00:00+00:00,84.0,109.64,54.9,87.45164492496905,91.95271180120358
2024-10-27 00:00:00+00:00,82.23,106.95,57.23,84.62483745134878,87.38589867656889
2024-10-27 01:00:00+00:00,80.43,107.79,59.82,87.37701424610093,88.9151685622384
2024-10-27 02:00:00+00:00,79.41,105.7,62.92,86.28239952755706,85.07870641309032
2024-10-27 03:00:00+00:00,78.79,106.82,66.91,87.34387956068367,83.84675351910145
2024-10-27 04:00:00+00:00,85.14,113.93,64.23,90.60955271515122,85.57682174674346
2024-10-27 05:00:00+00:00,89.21,125.71,75.32,97.87270342433443,92.01242609542217
2024-10-27 06:00:00+00:00,88.05,126.0,68.28,97.6666499756888,91.19137737553393
2024-10-27 07:00:00+00:00,84.34,117.57,45.75,85.75147359178428,80.17959088560721
2024-10-27 08:00:00+00:00,66.48,101.39,6.37,68.82245632088038,64.49688737113607
2024-10-27 09:00:00+00:00,54.72,81.48,0.08,52.548483815384316,49.28264341073903
2024-10-27 10:00:00+00:00,42.5,68.35,0.0,41.27158878672108,39.797069763315925
2024-10-27 11:00:00+00:00,39.99,63.3,-0.98,35.418095602219864,35.00967340533799
2024-10-27 12:00:00+00:00,40.0,64.55,-2.01,37.56521123957675,34.72275415583796
2024-10-27 13:00:00+00:00,64.33,81.44,0.0,55.63921800110182,47.819523434594885
2024-10-27 14:00:00+00:00,111.53,100.6,5.1,80.32560487460333,64.33617584118463
2024-10-27 15:00:00+00:00,123.67,125.73,57.69,114.93407702966117,94.36562048581811
2024-10-27 16:00:00+00:00,148.3,150.9,60.7,137.01574386188662,121.97450745478953
2024-10-27 17:00:00+00:00,145.71,118.74,45.08,121.08457803073281,101.77884365833187
2024-10-27 18:00:00+00:00,130.47,96.48,34.35,107.71315119337113,84.79662921081
2024-10-27 19:00:00+00:00,118.15,88.76,20.95,101.1463718805593,79.38587089343127
2024-10-27 20:00:00+00:00,112.01,87.5,12.15,97.66946100392053,79.00116058452215
2024-10-27 21:00:00+00:00,113.68,76.63,1.93,88.99862115517783,72.00534820316938
2024-10-27 23:00:00+00:00,95.6,84.0,-0.1,90.13253414053676,83.21362965504508
2024-10-28 00:00:00+00:00,94.37,82.23,-0.14,86.06115403831308,81.4558847072097
2024-10-28 01:00:00+00:00,88.74,80.43,-0.08,83.57482869461303,80.46334408167931
2024-10-28 02:00:00+00:00,84.09,79.41,-0.04,83.88260914801495,80.66867481006832
2024-10-28 03:00:00+00:00,86.26,78.79,3.45,87.48048622632257,82.6057706992388
2024-10-28 04:00:00+00:00,99.93,85.14,66.6,105.16925479407983,99.07575900738404
2024-10-28 05:00:00+00:00,109.92,89.21,104.98,123.30889228383393,115.1095514631372
2024-10-28 06:00:00+00:00,130.01,88.05,120.39,130.27797629801506,120.594392221659
2024-10-28 07:00:00+00:00,127.38,84.34,103.9,123.90749839921489,116.6569971196133
2024-10-28 08:00:00+00:00,116.18,66.48,89.04,106.43939996503151,101.05794889356706
2024-10-28 09:00:00+00:00,97.61,54.72,81.03,91.93444646901398,89.40554591579397
2024-10-28 10:00:00+00:00,98.31,42.5,73.19,79.15965596330874,78.69319600904798
2024-10-28 11:00:00+00:00,94.93,39.99,81.36,75.15983200725651,76.22841751134995
2024-10-28 12:00:00+00:00,101.33,40.0,81.65,75.28744070072092,74.41408443864677
2024-10-28 13:00:00+00:00,113.93,64.33,98.59,94.45196691009372,91.81274826756079
2024-10-28 14:00:00+00:00,121.36,111.53,123.5,131.0631173990387,127.0350178073198
2024-10-28 15:00:00+00:00,124.2,123.67,131.54,147.1943537777867,138.15993309785011
2024-10-28 16:00:00+00:00,141.11,148.3,222.11,174.71945832416355,169.8426108261304
2024-10-28 17:00:00+00:00,148.8,145.71,190.87,169.2010575713024,164.87126620183665
2024-10-28 18:00:00+00:00,146.12,130.47,128.44,151.76859495975089,146.8936400660632
2024-10-28 19:00:00+00:00,124.19,118.15,102.0,137.17074860753468,133.17474375685896
2024-10-28 20:00:00+00:00,115.59,112.01,97.8,128.68709864997737,126.18928872922436
2024-10-28 21:00:00+00:00,109.96,113.68,92.97,124.00589779427543,123.2407032037103
2024-10-28 22:00:00+00:00,102.41,102.99,91.67,114.86965794223737,114.52732166578626
2024-10-28 23:00:00+00:00,101.34,95.6,89.43,98.26692741704073,100.25490535468626
2024-10-29 00:00:00+00:00,100.04,94.37,85.69,95.94367919935796,97.1767610186936
2024-10-29 01:00:00+00:00,98.83,88.74,83.6,93.8222744337787,92.66376225822158
2024-10-29 02:00:00+00:00,98.17,84.09,83.19,93.6667153328631,89.37452749511606
2024-10-29 03:00:00+00:00,100.02,86.26,89.95,99.56321103635813,92.3125740955987
2024-10-29 04:00:00+00:00,113.1,99.93,100.58,113.52538986628663,104.71768164456071
2024-10-29 05:00:00+00:00,127.38,109.92,156.09,134.93338736631088,122.98331676863377
2024-10-29 06:00:00+00:00,157.73,130.01,170.12,156.82916610058288,143.0058321804981
2024-10-29 07:00:00+00:00,151.32,127.38,113.44,151.46846546458426,136.43230255406257
2024-10-29 08:00:00+00:00,129.69,116.18,99.22,141.0786014172982,125.47992797347588
2024-10-29 09:00:00+00:00,120.7,97.61,87.75,125.82888243913263,109.15292851049747
2024-10-29 10:00:00+00:00,112.97,98.31,77.11,120.14918888342761,105.05706648946108
2024-10-29 11:00:00+00:00,105.45,94.93,70.88,115.33976880518671,99.61961864248404
2024-10-29 12:00:00+00:00,117.73,101.33,73.53,118.06472845416062,101.13678892328525
2024-10-29 13:00:00+00:00,135.94,113.93,87.08,129.1719904667693,110.41404017789696
2024-10-29 14:00:00+00:00,172.26,121.36,107.45,143.50623313834265,120.98120106275432
2024-10-29 15:00:00+00:00,212.72,124.2,109.97,150.10344693237923,123.84633337325437
2024-10-29 16:00:00+00:00,285.8,141.11,140.36,162.77603646643192,141.83814814815068
2024-10-29 17:00:00+00:00,257.44,148.8,157.75,166.92585289630375,151.01423161308944
2024-10-29 18:00:00+00:00,203.82,146.12,114.02,157.6481450943569,144.28592785364657
2024-10-29 19:00:00+00:00,140.6,124.19,99.4,140.0913762680395,126.56196289421871
2024-10-29 20:00:00+00:00,124.05,115.59,95.72,129.40045459232192,118.00759775849858
2024-10-29 21:00:00+00:00,118.08,109.96,88.35,120.49201880963798,111.7169902201147
2024-10-29 22:00:00+00:00,103.09,102.41,80.83,109.72523925636574,102.43608497257927
2024-10-29 23:00:00+00:00,100.71,101.34,83.23,92.81219646421098,87.94371564421144
2024-10-30 00:00:00+00:00,100.52,100.04,82.02,90.83829221226978,86.28004827566087
2024-10-30 01:00:00+00:00,98.16,98.83,83.21,90.4464044318629,84.85760459072318
2024-10-30 02:00:00+00:00,98.05,98.17,85.8,92.2900297862689,84.78501502986363
2024-10-30 03:00:00+00:00,100.56,100.02,93.6,97.50879654259906,88.15839763972102
2024-10-30 04:00:00+00:00,106.32,113.1,108.19,112.23382237318349,102.22509893155075
2024-10-30 05:00:00+00:00,123.54,127.38,172.79,138.67727092641596,126.34718716231538
2024-10-30 06:00:00+00:00,139.68,157.73,183.13,164.93886711032388,153.50337108651706
2024-10-30 07:00:00+00:00,138.91,151.32,128.42,157.13791815843157,143.84580056098886
2024-10-30 08:00:00+00:00,124.34,129.69,104.1,140.20761947424953,125.0569125402265
2024-10-30 09:00:00+00:00,115.0,120.7,93.86,129.04165216253878,114.99077194683531
2024-10-30 10:00:00+00:00,109.68,112.97,85.62,120.07693774014109,107.50221019143665
2024-10-30 11:00:00+00:00,102.53,105.45,80.99,112.65219407480686,99.77444174604555
2024-10-30 12:00:00+00:00,106.95,117.73,78.97,117.10233129577664,105.53769961494024
2024-10-30 13:00:00+00:00,111.31,135.94,88.62,129.16029326030306,117.00885501779814
2024-10-30 14:00:00+00:00,126.16,172.26,101.9,156.21654613740597,142.76086770575264
2024-10-30 15:00:00+00:00,160.0,212.72,147.15,189.728911903237,176.22472405348304
2024-10-30 16:00:00+00:00,193.88,285.8,218.18,243.79877777954232,239.717436051309
2024-10-30 17:00:00+00:00,192.89,257.44,177.6,228.69560518547053,221.0132633338198
2024-10-30 18:00:00+00:00,159.44,203.82,111.71,192.76135011201657,178.60662789454193
2024-10-30 19:00:00+00:00,133.56,140.6,101.51,154.19365742097818,132.30608117060646
2024-10-30 20:00:00+00:00,122.67,124.05,103.33,141.23456889427572,119.2316472494264
2024-10-30 21:00:00+00:00,115.34,118.08,93.16,130.38556380098387,110.27196941581107
2024-10-30 22:00:00+00:00,112.37,103.09,91.75,117.02079674358264,96.99254698596276
2024-10-30 23:00:00+00:00,105.16,100.71,82.42,105.33731628047879,87.90314929201834
2024-10-31 00:00:00+00:00,98.51,100.52,80.67,102.81415515740123,86.7154258845311
2024-10-31 01:00:00+00:00,96.58,98.16,80.29,100.92985364553265,84.8685991251465
2024-10-31 02:00:00+00:00,94.81,98.05,80.45,100.84818708915053,84.30388792117016
2024-10-31 03:00:00+00:00,98.03,100.56,83.82,104.56666901441311,86.84237040487206
2024-10-31 04:00:00+00:00,102.34,106.32,103.21,116.00287607146103,96.80770522505837
2024-10-31 05:00:00+00:00,121.15,123.54,148.29,140.50154130057473,120.98374644178385
2024-10-31 06:00:00+00:00,135.53,139.68,171.27,157.98747938249562,140.17858841365057
2024-10-31 07:00:00+00:00,133.47,138.91,117.3,150.52215708268912,134.28963539089145
2024-10-31 08:00:00+00:00,123.28,124.34,101.91,136.56341758272492,121.72880535607018
2024-10-31 09:00:00+00:00,105.14,115.0,93.05,123.72159279369762,112.50175317959128
2024-10-31 10:00:00+00:00,98.05,109.68,83.96,112.27136073234334,104.81292885726575
2024-10-31 11:00:00+00:00,88.91,102.53,79.15,103.05204750391033,97.06933635539461
2024-10-31 12:00:00+00:00,92.55,106.95,81.51,105.49382394632913,99.97936065046835
2024-10-31 13:00:00+00:00,99.38,111.31,95.7,112.4527867292056,104.16435382542102
2024-10-31 14:00:00+00:00,111.5,126.16,116.17,128.64556472274765,117.9609627501898
2024-10-31 15:00:00+00:00,123.17,160.0,129.9,151.94184248009225,144.70248048850908
2024-10-31 16:00:00+00:00,129.0,193.88,141.53,171.46605528160399,175.5789320224451
2024-10-31 17:00:00+00:00,128.41,192.89,114.19,162.01900191034986,171.20194463943372
2024-10-31 18:00:00+00:00,117.84,159.44,96.61,135.81526257297082,144.38025362447257
2024-10-31 19:00:00+00:00,105.8,133.56,93.64,110.79271859672674,119.2529924047477
2024-10-31 20:00:00+00:00,85.34,122.67,89.9,96.42075350547186,107.64158333640822
2024-10-31 21:00:00+00:00,80.44,115.34,83.61,87.66477453193001,100.75961591800419
2024-10-31 22:00:00+00:00,64.56,112.37,82.5,78.29325420495759,94.25259107417429
2024-10-31 23:00:00+00:00,63.34,105.16,82.07,68.86782213549361,87.41307746349771
2024-11-01 00:00:00+00:00,62.95,98.51,79.69,63.6829681308162,81.85088419658105
2024-11-01 01:00:00+00:00,57.1,96.58,82.6,62.883496358535545,80.01198162897353
2024-11-01 02:00:00+00:00,54.54,94.81,84.47,64.1924481284004,79.17397620351866
2024-11-01 03:00:00+00:00,56.99,98.03,94.59,70.70777507355783,83.53538842745985
2024-11-01 04:00:00+00:00,63.21,102.34,108.94,76.41648941083848,87.4451689147723
2024-11-01 05:00:00+00:00,69.68,121.15,123.75,90.73274693567427,102.46089474583191
2024-11-01 06:00:00+00:00,70.35,135.53,150.59,105.33092863152037,116.64504120843026
2024-11-01 07:00:00+00:00,64.18,133.47,122.43,101.79442605704313,113.1265053865539
2024-11-01 08:00:00+00:00,61.2,123.28,108.15,93.24492534005842,104.93908753694633
2024-11-01 09:00:00+00:00,55.01,105.14,93.9,77.9639878050911,90.12522909254582
2024-11-01 10:00:00+00:00,32.04,98.05,81.08,69.32521602212019,83.1950939287727
2024-11-01 11:00:00+00:00,29.49,88.91,78.18,61.749731319876574,74.79429201775895
2024-11-01 12:00:00+00:00,34.9,92.55,82.47,63.963196979952215,75.9188764919865
2024-11-01 13:00:00+00:00,63.83,99.38,99.33,73.31939566192051,80.45221390546766
2024-11-01 14:00:00+00:00,89.33,111.5,118.03,90.948745050942,91.85091686692859
2024-11-01 15:00:00+00:00,115.98,123.17,158.73,109.84001941561338,108.00401368040454
2024-11-01 16:00:00+00:00,119.87,129.0,227.32,124.67624833461352,126.07225828630548
2024-11-01 17:00:00+00:00,117.97,128.41,184.85,117.91934439630063,122.60323133186901
2024-11-01 18:00:00+00:00,117.59,117.84,123.86,100.16539221665893,105.82853595504763
2024-11-01 19:00:00+00:00,113.2,105.8,116.29,87.12819323269272,94.23097835401934
2024-11-01 20:00:00+00:00,104.64,85.34,113.96,73.23329689401888,79.84792891966649
2024-11-01 21:00:00+00:00,98.41,80.44,107.4,68.61944867416338,75.68748633686872
2024-11-01 22:00:00+00:00,85.64,64.56,115.29,60.02367960489568,65.30972515990251
2024-11-01 23:00:00+00:00,95.75,63.34,109.64,60.01951361191976,63.74199966299235
2024-11-02 00:00:00+00:00,91.31,62.95,106.95,58.786631892283296,60.55973115229625
2024-11-02 01:00:00+00:00,88.76,57.1,107.79,57.07618560705395,54.50742072922544
2024-11-02 02:00:00+00:00,86.0,54.54,105.7,57.824320903283834,50.417636498313996
2024-11-02 03:00:00+00:00,86.85,56.99,106.82,61.86914537254049,50.162568336270034
2024-11-02 04:00:00+00:00,92.13,63.21,113.93,69.24829564574227,53.243744849152975
2024-11-02 05:00:00+00:00,96.97,69.68,125.71,78.70002240306437,58.29991583439027
2024-11-02 06:00:00+00:00,100.11,70.35,126.0,84.3310440480675,58.69294159189484
2024-11-02 07:00:00+00:00,101.16,64.18,117.57,81.7586939530682,53.46319574317708
2024-11-02 08:00:00+00:00,109.64,61.2,101.39,76.14268858569852,48.68521042170926
2024-11-02 09:00:00+00:00,91.19,55.01,81.48,66.77107809510672,40.163595055314744
2024-11-02 10:00:00+00:00,94.44,32.04,68.35,52.51759406842591,22.77020899464391
2024-11-02 11:00:00+00:00,88.68,29.49,63.3,51.18525595721993,19.340080239069792
2024-11-02 12:00:00+00:00,91.51,34.9,64.55,56.553629890810356,22.318251432369834
2024-11-02 13:00:00+00:00,103.42,63.83,81.44,78.64088985409208,43.7803968599824
2024-11-02 14:00:00+00:00,122.3,89.33,100.6,102.89628995550109,65.7160454684053
2024-11-02 15:00:00+00:00,137.61,115.98,125.73,127.30554261358266,90.75919009651324
2024-11-02 16:00:00+00:00,158.56,119.87,150.9,136.01995949943998,102.74628334380401
2024-11-02 17:00:00+00:00,149.92,117.97,118.74,132.25865009600892,102.99658983377066
2024-11-02 18:00:00+00:00,134.96,117.59,96.48,126.9651570717243,101.86623062072444
2024-11-02 19:00:00+00:00,122.79,113.2,88.76,119.53883308964667,97.82598640563796
2024-11-02 20:00:00+00:00,111.26,104.64,87.5,110.95349560809748,91.00614169427507
2024-11-02 21:00:00+00:00,106.28,98.41,76.63,103.32862843520144,85.4242884631457
2024-11-02 22:00:00+00:00,100.61,85.64,92.22,93.47345149839967,76.06531916209418
2024-11-02 23:00:00+00:00,101.19,95.75,84.0,100.13324284007004,87.56414531074716
2024-11-03 00:00:00+00:00,96.63,91.31,82.23,94.01910500007818,82.09754819422886
2024-11-03 01:00:00+00:00,89.05,88.76,80.43,89.11407700568522,76.55782817079583
2024-11-03 02:00:00+00:00,85.09,86.0,79.41,85.3570919718574,71.0524882980185
2024-11-03 03:00:00+00:00,87.43,86.85,78.79,84.84759197298499,68.54163607578192
2024-11-03 04:00:00+00:00,88.5,92.13,85.14,87.82965569863951,69.67909897140136
2024-11-03 05:00:00+00:00,95.56,96.97,89.21,90.5198996563001,70.13491123419381
2024-11-03 06:00:00+00:00,98.11,100.11,88.05,91.66825504737831,69.70785590945195
2024-11-03 07:00:00+00:00,88.47,101.16,84.34,86.46821143296984,69.21884498998007
2024-11-03 08:00:00+00:00,83.97,109.64,66.48,80.09194736593805,72.65397292752772
2024-11-03 09:00:00+00:00,70.71,91.19,54.72,60.64548969128626,57.51388071789781
2024-11-03 10:00:00+00:00,60.78,94.44,42.5,54.58433947992647,54.87611837268214
2024-11-03 11:00:00+00:00,52.63,88.68,39.99,48.414361967665634,47.87648168562645
2024-11-03 12:00:00+00:00,61.08,91.51,40.0,51.62259459254868,47.78466516443181
2024-11-03 13:00:00+00:00,84.37,103.42,64.33,69.76797053657627,60.38201925841321
2024-11-03 14:00:00+00:00,100.95,122.3,111.53,99.92952940602153,83.0115651444201
2024-11-03 15:00:00+00:00,115.16,137.61,123.67,122.06085079429506,100.93120791012085
2024-11-03 16:00:00+00:00,127.91,158.56,148.3,142.4940001055551,125.78924240793128
2024-11-03 17:00:00+00:00,126.09,149.92,145.71,140.2723243313199,126.03893552259385
2024-11-03 18:00:00+00:00,120.72,134.96,130.47,130.12350267127067,117.72877166845625
2024-11-03 19:00:00+00:00,110.8,122.79,118.15,120.31097110999247,109.87485923890073
2024-11-03 20:00:00+00:00,102.0,111.26,112.01,111.86814188334094,102.60320079630712
2024-11-03 21:00:00+00:00,100.69,106.28,113.68,108.17092440897568,100.11346689194659
2024-11-03 22:00:00+00:00,94.53,100.61,102.99,100.47006906067719,92.58003668085475
2024-11-03 23:00:00+00:00,92.04,101.19,95.6,107.52013250489436,101.01163598558037
2024-11-04 00:00:00+00:00,89.96,96.63,94.37,104.85458912952343,97.02806117416738
2024-11-04 01:00:00+00:00,90.07,89.05,88.74,101.70888248378786,91.27730237901073
2024-11-04 02:00:00+00:00,89.86,85.09,84.09,102.224680831943,88.80919030147372
2024-11-04 03:00:00+00:00,90.8,87.43,86.26,108.58529044008512,92.47153938974769
2024-11-04 04:00:00+00:00,98.52,88.5,99.93,119.58088936136623,99.64444465694103
2024-11-04 05:00:00+00:00,124.89,95.56,109.92,137.12898346978608,113.22293303574932
2024-11-04 06:00:00+00:00,144.91,98.11,130.01,149.215902784836,121.70456231482443
2024-11-04 07:00:00+00:00,139.18,88.47,127.38,144.30221420312972,116.88574354766621
2024-11-04 08:00:00+00:00,120.63,83.97,116.18,135.408158389692,112.7223611471953
2024-11-04 09:00:00+00:00,100.0,70.71,97.61,118.15643579164181,98.49759334189616
2024-11-04 10:00:00+00:00,97.12,60.78,98.31,108.51717227240411,91.75878289693193
2024-11-04 11:00:00+00:00,95.16,52.63,94.93,100.6325810539745,83.99878627142392
2024-11-04 12:00:00+00:00,98.47,61.08,101.33,106.33191258366868,88.44395964408838
2024-11-04 13:00:00+00:00,103.17,84.37,113.93,126.23217870218764,104.56837087619178
2024-11-04 14:00:00+00:00,130.4,100.95,121.36,146.58170536347262,117.62239562214245
2024-11-04 15:00:00+00:00,181.47,115.16,124.2,161.03141518962707,128.45041368330112
2024-11-04 16:00:00+00:00,290.21,127.91,141.11,169.99483360580078,143.37599837680534
2024-11-04 17:00:00+00:00,241.04,126.09,148.8,166.15873792859014,144.7787359550634
2024-11-04 18:00:00+00:00,162.09,120.72,146.12,157.45614667457738,140.2085543685278
2024-11-04 19:00:00+00:00,123.0,110.8,124.19,141.93669858029926,128.22256457222258
2024-11-04 20:00:00+00:00,112.27,102.0,115.59,129.3019298581255,118.5510130287077
2024-11-04 21:00:00+00:00,107.98,100.69,109.96,121.642118531526,114.33478096286227
2024-11-04 22:00:00+00:00,97.6,94.53,102.41,111.75161334846622,106.28315819533148
2024-11-04 23:00:00+00:00,101.77,92.04,101.34,98.86573395326364,95.00365705363618
2024-11-05 00:00:00+00:00,94.0,89.96,100.04,95.89809161091887,92.25804360520901
2024-11-05 01:00:00+00:00,91.2,90.07,98.83,96.45539826595318,91.56360697697362
2024-11-05 02:00:00+00:00,93.0,89.86,98.17,98.81911235741525,91.42629963005666
2024-11-05 03:00:00+00:00,95.39,90.8,100.02,104.27470086505696,93.72682718620489
2024-11-05 04:00:00+00:00,104.88,98.52,113.1,116.9612089975551,103.30070792708447
2024-11-05 05:00:00+00:00,127.95,124.89,127.38,144.0883008246135,129.09981499808364
2024-11-05 06:00:00+00:00,149.32,144.91,157.73,166.78795250508398,150.52586675293063
2024-11-05 07:00:00+00:00,139.15,139.18,151.32,161.5747738245473,146.87047174325474
2024-11-05 08:00:00+00:00,118.23,120.63,129.69,142.32766353315665,130.5712417275621
2024-11-05 09:00:00+00:00,105.87,100.0,120.7,121.97889327474564,112.68143667405036
2024-11-05 10:00:00+00:00,95.28,97.12,112.97,113.2768438882993,107.31503824154694
2024-11-05 11:00:00+00:00,94.92,95.16,105.45,108.87451422659487,101.78707501739008
2024-11-05 12:00:00+00:00,99.25,98.47,117.73,114.97766812354489,103.06622011696952
2024-11-05 13:00:00+00:00,110.35,103.17,135.94,128.41473479111207,108.27750574289836
2024-11-05 14:00:00+00:00,155.99,130.4,172.26,158.63177226980724,131.41153469144075
2024-11-05 15:00:00+00:00,331.83,181.47,212.72,199.63113997208092,172.0850242561924
2024-11-05 16:00:00+00:00,505.31,290.21,285.8,272.42716764661253,260.09242077190106
2024-11-05 17:00:00+00:00,468.74,241.04,257.44,246.0759701042149,227.86682825034524
2024-11-05 18:00:00+00:00,341.7,162.09,203.82,197.29402517288096,169.65355840204725
2024-11-05 19:00:00+00:00,172.14,123.0,140.6,164.1408892735699,133.56116586650072
2024-11-05 20:00:00+00:00,130.77,112.27,124.05,151.0962458525242,121.91877806480915
2024-11-05 21:00:00+00:00,117.77,107.98,118.08,143.25003663996085,116.33122530802689
2024-11-05 22:00:00+00:00,110.03,97.6,103.09,130.77090433986217,104.5311976198983
2024-11-05 23:00:00+00:00,106.39,101.77,100.71,120.90154356570127,95.70233978931542
2024-11-06 00:00:00+00:00,99.05,94.0,100.52,115.44637594704845,89.49571037360232
2024-11-06 01:00:00+00:00,95.47,91.2,98.16,114.16417145356709,87.16775919969166
2024-11-06 02:00:00+00:00,97.04,93.0,98.05,117.09537484545638,88.68876645948934
2024-11-06 03:00:00+00:00,100.51,95.39,100.56,122.69926249553733,91.96154445517631
2024-11-06 04:00:00+00:00,110.25,104.88,106.32,134.7539081912432,102.10601877045211
2024-11-06 05:00:00+00:00,163.4,127.95,123.54,160.5864021286611,127.61185749126525
2024-11-06 06:00:00+00:00,299.99,149.32,139.68,182.28227438041426,149.28327174073513
2024-11-06 07:00:00+00:00,240.54,139.15,138.91,178.02799085404513,143.31827339287113
2024-11-06 08:00:00+00:00,144.94,118.23,124.34,161.17153338207524,125.19772865451777
2024-11-06 09:00:00+00:00,133.46,105.87,115.0,148.89557994311465,112.77991993528167
2024-11-06 10:00:00+00:00,123.2,95.28,109.68,140.57613701858423,103.79663708740672
2024-11-06 11:00:00+00:00,123.2,94.92,102.53,138.25519882588134,100.5247760911651
2024-11-06 12:00:00+00:00,125.55,99.25,106.95,141.63994800828152,101.61132751913212
2024-11-06 13:00:00+00:00,141.76,110.35,111.31,150.0360303684914,107.30250554335862
2024-11-06 14:00:00+00:00,270.09,155.99,126.16,180.37325301438344,140.41131309705605
2024-11-06 15:00:00+00:00,524.25,331.83,160.0,282.54924637271426,266.7022121125373
2024-11-06 16:00:00+00:00,820.11,505.31,193.88,391.92215272261217,402.82708683650463
2024-11-06 17:00:00+00:00,805.08,468.74,192.89,379.17776396003967,381.5830543115262
2024-11-06 18:00:00+00:00,450.0,341.7,159.44,307.9788651213144,289.7148200474894
2024-11-06 19:00:00+00:00,207.35,172.14,133.56,212.87397286733054,170.71826141922804
2024-11-06 20:00:00+00:00,133.48,130.77,122.67,184.70864825597994,139.66438575753202
2024-11-06 21:00:00+00:00,119.35,117.77,115.34,171.06363547478122,127.47484815548009
2024-11-06 22:00:00+00:00,111.73,110.03,112.37,160.44189410553983,118.35778892744408
2024-11-06 23:00:00+00:00,109.54,106.39,105.16,147.68431635449213,106.84626673143524
2024-11-07 00:00:00+00:00,102.98,99.05,98.51,141.3059293836135,100.01702585085958
2024-11-07 01:00:00+00:00,99.74,95.47,96.58,139.07459496520386,96.94586708850609
2024-11-07 02:00:00+00:00,99.85,97.04,94.81,141.72209047801636,98.50091256023883
2024-11-07 03:00:00+00:00,102.73,100.51,98.03,147.04845222284285,102.11429673817597
2024-11-07 04:00:00+00:00,116.89,110.25,102.34,159.02002971630813,112.41103018228009
2024-11-07 05:00:00+00:00,157.41,163.4,121.15,200.54499846910932,158.05042564544618
2024-11-07 06:00:00+00:00,219.56,299.99,135.53,280.5423424563773,254.93766734083272
2024-11-07 07:00:00+00:00,191.99,240.54,133.47,253.47124555107717,216.2816154345077
2024-11-07 08:00:00+00:00,152.92,144.94,123.28,202.53750285613347,150.26451020503237
2024-11-07 09:00:00+00:00,148.9,133.46,105.14,190.48179671181438,137.2603429303514
2024-11-07 10:00:00+00:00,134.81,123.2,98.05,182.80108749536657,128.14894194891343
2024-11-07 11:00:00+00:00,135.06,123.2,88.91,180.5185116888093,125.34238876156175
2024-11-07 12:00:00+00:00,132.91,125.55,92.55,181.53847742948133,125.29793178310065
2024-11-07 13:00:00+00:00,139.94,141.76,99.38,190.9036015173774,134.8416015444966
2024-11-07 14:00:00+00:00,189.42,270.09,111.5,261.32248495543143,222.98023379604012
2024-11-07 15:00:00+00:00,261.16,524.25,123.17,406.361842921345,409.4180030257441
2024-11-07 16:00:00+00:00,408.26,820.11,129.0,581.6619269222366,631.3951540675095
2024-11-07 17:00:00+00:00,296.78,805.08,128.41,583.9429105883694,627.8603882373997
2024-11-07 18:00:00+00:00,175.11,450.0,117.84,397.2633158204614,385.13815297074717
2024-11-07 19:00:00+00:00,129.41,207.35,105.8,259.85592436729706,209.24535044417917
2024-11-07 20:00:00+00:00,113.92,133.48,85.34,212.45326898627457,153.615690235053
2024-11-07 21:00:00+00:00,111.77,119.35,80.44,198.22147789157293,140.81288255095788
2024-11-07 22:00:00+00:00,99.87,111.73,64.56,186.70882348715946,131.06420947954064
2024-11-07 23:00:00+00:00,99.57,109.54,63.34,186.07590857921252,132.47594179682042
2024-11-08 00:00:00+00:00,99.73,102.98,62.95,180.30483815351116,126.61962611712651
2024-11-08 01:00:00+00:00,97.97,99.74,57.1,177.24655368086638,122.88081675228274
2024-11-08 02:00:00+00:00,97.69,99.85,54.54,178.18177771549713,122.79719553275442
2024-11-08 03:00:00+00:00,97.45,102.73,56.99,182.73229675016103,126.12177989296117
2024-11-08 04:00:00+00:00,98.21,116.89,63.21,196.4625473413771,139.75186039730906
2024-11-08 05:00:00+00:00,107.19,157.41,69.68,229.54072463326685,177.54448772803306
2024-11-08 06:00:00+00:00,127.55,219.56,70.35,273.8859654184197,233.7876046871179
2024-11-08 07:00:00+00:00,132.91,191.99,64.18,258.280694484138,211.8833726817976
2024-11-08 08:00:00+00:00,126.52,152.92,61.2,231.63855639010632,177.70967082169676
2024-11-08 09:00:00+00:00,117.34,148.9,55.01,224.00333842227593,171.7225417229442
2024-11-08 10:00:00+00:00,110.94,134.81,32.04,210.18092428278038,157.52302897441953
2024-11-08 11:00:00+00:00,105.59,135.06,29.49,207.43655982494286,155.55148805610565
2024-11-08 12:00:00+00:00,106.81,132.91,34.9,204.22531626832824,151.83956849142072
2024-11-08 13:00:00+00:00,112.25,139.94,63.83,211.4751840198495,158.65887265912147
2024-11-08 14:00:00+00:00,123.59,189.42,89.33,249.5773517088212,205.35879811906702
2024-11-08 15:00:00+00:00,129.1,261.16,115.98,299.0129069479952,276.44033274175916
2024-11-08 16:00:00+00:00,128.56,408.26,119.87,372.84165613412694,394.5851160316759
2024-11-08 17:00:00+00:00,132.9,296.78,117.97,292.2955779564441,311.5194547488518
2024-11-08 18:00:00+00:00,127.19,175.11,117.59,203.4424509297814,199.14875393294932
2024-11-08 19:00:00+00:00,115.74,129.41,113.2,162.6202282328402,146.36895367212318
2024-11-08 20:00:00+00:00,109.48,113.92,104.64,146.35199597269843,126.93993743743563
2024-11-08 21:00:00+00:00,113.0,111.77,98.41,140.7626979922102,121.58770884870103
2024-11-08 22:00:00+00:00,104.06,99.87,85.64,129.3168668520598,108.87846968515558
2024-11-08 23:00:00+00:00,105.1,99.57,95.75,130.98237706462427,108.77058607700044
2024-11-09 00:00:00+00:00,99.96,99.73,91.31,128.0677251494603,105.43408188094298
2024-11-09 01:00:00+00:00,98.0,97.97,88.76,124.77959071061748,100.97515319691662
2024-11-09 02:00:00+00:00,96.68,97.69,86.0,123.16263391539952,97.46249307143518
2024-11-09 03:00:00+00:00,98.41,97.45,86.85,123.42620765238505,94.68556288695898
2024-11-09 04:00:00+00:00,100.69,98.21,92.13,125.7935822070453,93.73060679389866
2024-11-09 05:00:00+00:00,104.31,107.19,96.97,134.8972214986271,100.97668405389028
2024-11-09 06:00:00+00:00,109.87,127.55,100.11,151.5407370141054,118.67382568583697
2024-11-09 07:00:00+00:00,114.1,132.91,101.16,153.05233411975001,120.06280730020143
2024-11-09 08:00:00+00:00,114.6,126.52,109.64,147.00441848360785,113.6838279876323
2024-11-09 09:00:00+00:00,109.97,117.34,91.19,136.09119893604333,104.4525610387768
2024-11-09 10:00:00+00:00,106.4,110.94,94.44,128.24369970975022,98.7316037188839
2024-11-09 11:00:00+00:00,106.88,105.59,88.68,124.55464950564804,93.73156729500334
2024-11-09 12:00:00+00:00,108.0,106.81,91.51,128.58262793810817,93.74426073650014
2024-11-09 13:00:00+00:00,110.18,112.25,103.42,140.918995856425,99.79958057251213
2024-11-09 14:00:00+00:00,121.46,123.59,122.3,162.65847082536632,116.01390568532483
2024-11-09 15:00:00+00:00,137.23,129.1,137.61,177.59862751587423,130.72244544622922
2024-11-09 16:00:00+00:00,146.93,128.56,158.56,179.81100769641466,145.960369462263
2024-11-09 17:00:00+00:00,147.8,132.9,149.92,168.25361664873373,139.43784790776144
2024-11-09 18:00:00+00:00,139.9,127.19,134.96,154.47948326415877,125.52260738780207
2024-11-09 19:00:00+00:00,128.32,115.74,122.79,142.0048416981324,113.42477156150953
2024-11-09 20:00:00+00:00,117.96,109.48,111.26,134.47169806014887,107.31191441616033
2024-11-09 21:00:00+00:00,114.53,113.0,106.28,133.29094028673276,108.98181559281376
2024-11-09 22:00:00+00:00,110.1,104.06,100.61,123.89848322571707,99.81346853816375
2024-11-09 23:00:00+00:00,104.99,105.1,101.19,129.64900093847353,107.28509485566589
2024-11-10 00:00:00+00:00,102.28,99.96,96.63,123.91529885401823,101.21275995668697
2024-11-10 01:00:00+00:00,102.01,98.0,89.05,119.63894846340685,96.06455444518225
2024-11-10 02:00:00+00:00,100.86,96.68,85.09,116.64653531270952,91.35498960465887
2024-11-10 03:00:00+00:00,100.88,98.41,87.43,117.16510832635018,89.70122989835443
2024-11-10 04:00:00+00:00,101.98,100.69,88.5,118.21809812466128,88.06286195053441
2024-11-10 05:00:00+00:00,100.32,104.31,95.56,121.80623548938733,88.9316533154717
2024-11-10 06:00:00+00:00,102.45,109.87,98.11,127.73760126276697,92.8040213268172
2024-11-10 07:00:00+00:00,105.38,114.1,88.47,129.74922620163946,94.66250636829176
2024-11-10 08:00:00+00:00,110.99,114.6,83.97,128.76986478057376,94.6175186817876
2024-11-10 09:00:00+00:00,112.62,109.97,70.71,121.75841733776412,88.55691251851954
2024-11-10 10:00:00+00:00,110.13,106.4,60.78,117.0464504703455,84.581149570533
2024-11-10 11:00:00+00:00,110.92,106.88,52.63,114.85051491571991,82.29218566586451
2024-11-10 12:00:00+00:00,108.6,108.0,61.08,117.11327429992743,82.75878116994272
2024-11-10 13:00:00+00:00,112.36,110.18,84.37,125.7042149553986,87.66225938919953
2024-11-10 14:00:00+00:00,126.22,121.46,100.95,141.40697878416782,100.13805373340065
2024-11-10 15:00:00+00:00,134.02,137.23,115.16,157.69669867903448,116.66459915308761
2024-11-10 16:00:00+00:00,148.72,146.93,127.91,168.59207235152576,131.1472511980234
2024-11-10 17:00:00+00:00,146.01,147.8,126.09,171.60148604201063,137.89709527811462
2024-11-10 18:00:00+00:00,138.61,139.9,120.72,166.34633997757174,135.43984629567126
2024-11-10 19:00:00+00:00,125.31,128.32,110.8,156.35563406098402,127.83790320730179
2024-11-10 20:00:00+00:00,115.28,117.96,102.0,147.04422128030834,121.02490151986373
2024-11-10 21:00:00+00:00,111.1,114.53,100.69,142.55553916064943,119.79030593451424
2024-11-10 22:00:00+00:00,108.02,110.1,94.53,134.0975807095808,113.56065477342754
2024-11-10 23:00:00+00:00,109.65,104.99,92.04,133.65532958777675,117.81464898083252
2024-11-11 00:00:00+00:00,103.68,102.28,89.96,129.58955911514596,115.05308978860383
2024-11-11 01:00:00+00:00,100.0,102.01,90.07,128.6383725521916,114.84632059437297
2024-11-11 02:00:00+00:00,97.86,100.86,89.86,128.45428108592785,114.36028153102907
2024-11-11 03:00:00+00:00,97.5,100.88,90.8,131.3023736444074,116.4660362424172
2024-11-11 04:00:00+00:00,103.89,101.98,98.52,138.50444141804718,122.63888898450945
2024-11-11 05:00:00+00:00,115.69,100.32,124.89,151.54091371098067,132.93747662188426
2024-11-11 06:00:00+00:00,128.35,102.45,144.91,162.69931690164546,141.63494733662006
2024-11-11 07:00:00+00:00,135.06,105.38,139.18,166.60747454001893,144.67977499271532
2024-11-11 08:00:00+00:00,132.94,110.99,120.63,166.73142701650903,145.5212761300383
2024-11-11 09:00:00+00:00,128.5,112.62,100.0,163.10666792579542,142.24029299017582
2024-11-11 10:00:00+00:00,124.21,110.13,97.12,160.2455947026095,139.09617278825618
2024-11-11 11:00:00+00:00,119.84,110.92,95.16,158.66022751064617,137.5385098977525
2024-11-11 12:00:00+00:00,129.02,108.6,98.47,157.27112846621668,134.46015734793926
2024-11-11 13:00:00+00:00,130.44,112.36,103.17,160.35484182318044,135.71017088466513
2024-11-11 14:00:00+00:00,139.05,126.22,130.4,172.9061666262848,148.43631012224483
2024-11-11 15:00:00+00:00,140.94,134.02,181.47,183.6783639609825,161.55555758906144
2024-11-11 16:00:00+00:00,153.18,148.72,290.21,204.82700326600036,188.66237122642633
2024-11-11 17:00:00+00:00,147.09,146.01,241.04,196.1263276275044,182.98202699636448
2024-11-11 18:00:00+00:00,133.7,138.61,162.09,179.30853954919684,168.00529905787815
2024-11-11 19:00:00+00:00,121.94,125.31,123.0,161.7528650980509,151.44803145768364
2024-11-11 20:00:00+00:00,112.88,115.28,112.27,150.2100334403267,140.78799642783449
2024-11-11 21:00:00+00:00,111.56,111.1,107.98,142.63597647424362,134.94103070063818
2024-11-11 22:00:00+00:00,105.4,108.02,97.6,134.92801936191182,128.6787642947262
2024-11-11 23:00:00+00:00,110.31,109.65,101.77,127.42902491563382,120.71485999135483
2024-11-12 00:00:00+00:00,104.64,103.68,94.0,122.97570017283303,114.70611873957748
2024-11-12 01:00:00+00:00,102.69,100.0,91.2,122.82446868536502,111.97385591467742
2024-11-12 02:00:00+00:00,103.99,97.86,93.0,125.20441083707505,111.01406472388227
2024-11-12 03:00:00+00:00,107.5,97.5,95.39,130.305168879869,112.27849221428092
2024-11-12 04:00:00+00:00,118.01,103.89,104.88,141.85277005480046,120.43362023425945
2024-11-12 05:00:00+00:00,147.67,115.69,127.95,162.1934792632117,137.11374309377285
2024-11-12 06:00:00+00:00,185.52,128.35,149.32,180.7872722920931,152.4500196006924
2024-11-12 07:00:00+00:00,201.64,135.06,139.15,186.66197923322324,157.3053529403924
2024-11-12 08:00:00+00:00,223.33,132.94,118.23,181.9019247117888,152.89171695052093
2024-11-12 09:00:00+00:00,190.24,128.5,105.87,175.55622835838972,146.88237288143839
2024-11-12 10:00:00+00:00,171.08,124.21,95.28,170.43556338187062,141.38450756301881
2024-11-12 11:00:00+00:00,161.59,119.84,94.92,167.26285451795923,136.5792131729607
2024-11-12 12:00:00+00:00,156.47,129.02,99.25,172.24915576857993,140.6167877488453
2024-11-12 13:00:00+00:00,174.37,130.44,110.35,175.8191933345167,141.11260780636889
2024-11-12 14:00:00+00:00,218.78,139.05,155.99,189.9063523834934,152.9781222618089
2024-11-12 15:00:00+00:00,272.73,140.94,331.83,213.60579990317467,177.0585365857474
2024-11-12 16:00:00+00:00,317.89,153.18,505.31,241.07919100587418,210.7434659444439
2024-11-12 17:00:00+00:00,225.33,147.09,468.74,231.27117613564093,203.79577327587097
2024-11-12 18:00:00+00:00,171.35,133.7,341.7,204.82778582646594,178.53571758033766
2024-11-12 19:00:00+00:00,149.12,121.94,172.14,171.56894835075522,146.5584444815971
2024-11-12 20:00:00+00:00,131.9,112.88,130.77,156.50442727518782,132.81217813209062
2024-11-12 21:00:00+00:00,125.21,111.56,117.77,149.6239796951985,128.22695426006118
2024-11-12 22:00:00+00:00,115.59,105.4,110.03,140.7236229292971,120.61806700942185
2024-11-12 23:00:00+00:00,117.15,110.31,106.39,130.8652371791604,110.92065669394414
2024-11-13 00:00:00+00:00,111.71,104.64,99.05,125.42138825906916,105.00968560161172
2024-11-13 01:00:00+00:00,107.85,102.69,95.47,124.14055759403047,102.72251987462508
2024-11-13 02:00:00+00:00,107.45,103.99,97.04,126.78473584612449,103.9798089361119
2024-11-13 03:00:00+00:00,110.63,107.5,100.51,132.34532562041008,107.83412992818788
2024-11-13 04:00:00+00:00,119.0,118.01,110.25,144.95759825545878,119.20405555212828
2024-11-13 05:00:00+00:00,131.1,147.67,163.4,176.9660497592108,151.89968628696982
2024-11-13 06:00:00+00:00,164.78,185.52,299.99,223.08178792961945,199.49247751353215
2024-11-13 07:00:00+00:00,225.45,201.64,240.54,230.00374193921544,205.76289868760762
2024-11-13 08:00:00+00:00,227.43,223.33,144.94,230.51323590206795,208.30503486596103
2024-11-13 09:00:00+00:00,200.8,190.24,133.46,210.95626579758743,183.813880101392
2024-11-13 10:00:00+00:00,177.7,171.08,123.2,198.6710068173694,168.6177461861098
2024-11-13 11:00:00+00:00,160.99,161.59,123.2,191.89172019102415,160.02528040770318
2024-11-13 12:00:00+00:00,162.07,156.47,125.55,188.17170925721672,155.26446663806294
2024-11-13 13:00:00+00:00,159.9,174.37,141.76,197.9853941252287,166.83008257575614
2024-11-13 14:00:00+00:00,165.6,218.78,270.09,236.5100380326004,211.57170840180578
2024-11-13 15:00:00+00:00,178.28,272.73,524.25,295.42090336209765,279.38273685025763
2024-11-13 16:00:00+00:00,178.43,317.89,820.11,357.82259941131906,351.0866606730455
2024-11-13 17:00:00+00:00,173.9,225.33,805.08,306.3518935219911,289.3093765035945
2024-11-13 18:00:00+00:00,161.79,171.35,450.0,229.73814693318616,208.55770787970027
2024-11-13 19:00:00+00:00,125.22,149.12,207.35,179.8779353423643,160.6982317434378
2024-11-13 20:00:00+00:00,114.86,131.9,133.48,153.77287133703584,137.77387598234864
2024-11-13 21:00:00+00:00,113.51,125.21,119.35,140.92614636506414,129.38639233626137
2024-11-13 22:00:00+00:00,106.62,115.59,111.73,127.86781376694196,119.39899464644901
2024-11-13 23:00:00+00:00,101.7,117.15,109.54,121.16134202990244,114.4953702211379
2024-11-14 00:00:00+00:00,99.83,111.71,102.98,114.10955891766139,108.78223500645295
2024-11-14 01:00:00+00:00,96.01,107.85,99.74,110.5962011719981,105.3391321925683
2024-11-14 02:00:00+00:00,92.25,107.45,99.85,111.49064920652651,105.61056996346822
2024-11-14 03:00:00+00:00,91.41,110.63,102.73,116.22615101413338,109.33179711434487
2024-11-14 04:00:00+00:00,92.24,119.0,116.89,129.075212545192,120.28515079041222
2024-11-14 05:00:00+00:00,103.44,131.1,157.41,153.82925007437646,142.5745071085925
2024-11-14 06:00:00+00:00,115.61,164.78,219.56,188.73661717471668,179.17889024138535
2024-11-14 07:00:00+00:00,127.14,225.45,191.99,220.05706344872073,218.06824964961072
2024-11-14 08:00:00+00:00,123.92,227.43,152.92,217.72924144907626,216.2369880811084
2024-11-14 09:00:00+00:00,125.65,200.8,148.9,200.70503791968216,193.74100838415492
2024-11-14 10:00:00+00:00,124.84,177.7,134.81,186.5303762913785,174.386173121859
2024-11-14 11:00:00+00:00,121.68,160.99,135.06,177.40024674948154,161.4730446170704
2024-11-14 12:00:00+00:00,127.4,162.07,132.91,177.0027476860286,159.8009537176468
2024-11-14 13:00:00+00:00,134.01,159.9,139.94,177.90043945983714,158.35350470523494
2024-11-14 14:00:00+00:00,142.18,165.6,189.42,190.29194419535185,170.65633120207124
2024-11-14 15:00:00+00:00,147.41,178.28,261.16,206.38671603721474,191.35238914946467
2024-11-14 16:00:00+00:00,155.91,178.43,408.26,218.99535388102362,211.31630128478466
2024-11-14 17:00:00+00:00,154.09,173.9,296.78,190.61256547688282,183.76238862453908
2024-11-14 18:00:00+00:00,148.29,161.79,175.11,162.59825168538276,155.08089073452393
2024-11-14 19:00:00+00:00,138.58,125.22,129.41,132.61241478091029,121.62734597298429
2024-11-14 20:00:00+00:00,129.44,114.86,113.92,121.03252740615582,110.19664007799692
2024-11-14 21:00:00+00:00,122.89,113.51,111.77,115.8933538557286,106.67666234161315
2024-11-14 22:00:00+00:00,112.48,106.62,99.87,106.80160416572451,97.68120721658933
2024-11-14 23:00:00+00:00,110.44,101.7,99.57,109.49052788409224,97.1664710447843
2024-11-15 00:00:00+00:00,106.71,99.83,99.73,107.97821256271978,94.84853550579064
2024-11-15 01:00:00+00:00,107.01,96.01,97.97,106.57527768906765,91.57457564579845
2024-11-15 02:00:00+00:00,103.62,92.25,97.69,107.11046187567689,89.7524852705695
2024-11-15 03:00:00+00:00,104.42,91.41,97.45,110.61635059917941,90.95186512343716
2024-11-15 04:00:00+00:00,108.6,92.24,98.21,117.7678087504492,95.48736417606264
2024-11-15 05:00:00+00:00,129.26,103.44,107.19,136.62021561424967,112.22477907641914
2024-11-15 06:00:00+00:00,144.16,115.61,127.55,154.37856692095843,129.5918085588749
2024-11-15 07:00:00+00:00,157.77,127.14,132.91,164.0750221373341,143.52118422377927
2024-11-15 08:00:00+00:00,150.86,123.92,126.52,156.67718564101312,138.78114681428752
2024-11-15 09:00:00+00:00,138.84,125.65,117.34,150.53619302650395,134.3070179882182
2024-11-15 10:00:00+00:00,135.08,124.84,110.94,145.59691992036872,129.2042433290143
2024-11-15 11:00:00+00:00,121.74,121.68,105.59,141.35827897650333,123.25548653287821
2024-11-15 12:00:00+00:00,121.8,127.4,106.81,143.57496707244917,124.64597299446112
2024-11-15 13:00:00+00:00,131.89,134.01,112.25,148.00110091093512,127.06819307213642
2024-11-15 14:00:00+00:00,141.75,142.18,123.59,155.59348874265456,133.47252373451775
2024-11-15 15:00:00+00:00,133.95,147.41,129.1,158.6588619570645,138.91018038749723
2024-11-15 16:00:00+00:00,136.26,155.91,128.56,159.88131461364603,146.5894945341963
2024-11-15 17:00:00+00:00,134.77,154.09,132.9,152.92907812123087,145.99189356071332
2024-11-15 18:00:00+00:00,128.39,148.29,127.19,140.69520505157686,139.62006880309593
2024-11-15 19:00:00+00:00,115.73,138.58,115.74,123.86572139368295,126.46561497994003
2024-11-15 20:00:00+00:00,110.74,129.44,109.48,110.16586020434352,116.71041566454312
2024-11-15 21:00:00+00:00,108.19,122.89,113.0,101.05991064669574,111.05357940899897
2024-11-15 22:00:00+00:00,98.1,112.48,104.06,88.22602445557234,100.14138113487293
2024-11-15 23:00:00+00:00,101.92,110.44,105.1,83.36178733090534,97.41148493738967
2024-11-16 00:00:00+00:00,95.43,106.71,99.96,75.99267686041462,91.29382733553263
2024-11-16 01:00:00+00:00,89.87,107.01,98.0,71.89499827261041,87.8807958057062
2024-11-16 02:00:00+00:00,86.57,103.62,96.68,67.63610248151949,82.2796204489277
2024-11-16 03:00:00+00:00,88.81,104.42,98.41,66.68812824840724,79.97084809891595
2024-11-16 04:00:00+00:00,86.95,108.6,100.69,67.74537497841915,79.50233921259702
2024-11-16 05:00:00+00:00,73.82,129.26,104.31,79.19831885346085,91.48512985938406
2024-11-16 06:00:00+00:00,90.1,144.16,109.87,90.44791184759707,101.40547121764324
2024-11-16 07:00:00+00:00,104.75,157.77,114.1,99.50389554996818,111.93154854694608
2024-11-16 08:00:00+00:00,109.77,150.86,114.6,94.93749051895276,107.54071094425798
2024-11-16 09:00:00+00:00,107.6,138.84,109.97,85.82546686005666,98.3139308877736
2024-11-16 10:00:00+00:00,99.03,135.08,106.4,81.01426455135203,94.5096314687203
2024-11-16 11:00:00+00:00,96.98,121.74,106.88,72.27706741617469,84.33029847093243
2024-11-16 12:00:00+00:00,96.97,121.8,108.0,72.98707452318652,83.68601098000067
2024-11-16 13:00:00+00:00,93.72,131.89,110.18,82.47432269321023,91.2471084277408
2024-11-16 14:00:00+00:00,100.22,141.75,121.46,95.70476838276612,101.88771054619241
2024-11-16 15:00:00+00:00,108.99,133.95,137.23,98.636047619936,103.17270951663902
2024-11-16 16:00:00+00:00,118.93,136.26,146.93,103.93775645664071,112.92100906076884
2024-11-16 17:00:00+00:00,114.95,134.77,147.8,102.79867766826102,116.70301905786792
2024-11-16 18:00:00+00:00,104.18,128.39,139.9,94.94068352673052,113.61677672017373
2024-11-16 19:00:00+00:00,82.67,115.73,128.32,80.45423032107031,103.36521051100783
2024-11-16 20:00:00+00:00,72.82,110.74,117.96,71.80021358653859,98.5633267733961
2024-11-16 21:00:00+00:00,73.83,108.19,114.53,67.79406235328743,96.694649753252
2024-11-16 22:00:00+00:00,65.67,98.1,110.1,57.9053355934619,87.74313165791696
2024-11-16 23:00:00+00:00,80.1,101.92,104.99,62.130711589730794,95.25468031638763
2024-11-17 00:00:00+00:00,69.28,95.43,102.28,54.93472424746997,87.81168037072572
2024-11-17 01:00:00+00:00,72.48,89.87,102.01,49.398756489491696,81.46296890094075
2024-11-17 02:00:00+00:00,58.72,86.57,100.86,45.634858330932786,76.220672859829
2024-11-17 03:00:00+00:00,42.0,88.81,100.88,46.07751801384924,75.25364147776611
2024-11-17 04:00:00+00:00,34.81,86.95,101.98,44.84860318033329,71.70126812853891
2024-11-17 05:00:00+00:00,42.36,73.82,100.32,38.18592331337619,61.745273633007805
2024-11-17 06:00:00+00:00,60.69,90.1,102.45,49.02397973101008,72.35408249886451
2024-11-17 07:00:00+00:00,64.8,104.75,105.38,57.356968916227615,83.44203298988381
2024-11-17 08:00:00+00:00,65.4,109.77,110.99,58.3939319365277,87.83280890952807
2024-11-17 09:00:00+00:00,68.3,107.6,112.62,52.77547526012114,85.06848101438275
2024-11-17 10:00:00+00:00,64.79,99.03,110.13,44.84660623574186,78.75561991239826
2024-11-17 11:00:00+00:00,54.9,96.98,110.92,40.96280917233275,75.43042092895098
2024-11-17 12:00:00+00:00,46.86,96.97,108.6,40.40177611445695,74.25612890839453
2024-11-17 13:00:00+00:00,61.25,93.72,112.36,43.873010056290724,73.90324212173451
2024-11-17 14:00:00+00:00,64.8,100.22,126.22,56.040224010777116,82.36241632420044
2024-11-17 15:00:00+00:00,70.1,108.99,134.02,66.63916565248934,92.42030847694059
2024-11-17 16:00:00+00:00,102.84,118.93,148.72,77.10187436447175,107.53956697260337
2024-11-17 17:00:00+00:00,80.7,114.95,146.01,75.8288677684564,109.77152425262312
2024-11-17 18:00:00+00:00,65.4,104.18,138.61,67.89021846524986,104.24033977153552
2024-11-17 19:00:00+00:00,57.41,82.67,125.31,51.5650330395257,88.805383065203
2024-11-17 20:00:00+00:00,64.79,72.82,115.28,43.05225818566466,82.32360791357112
2024-11-17 21:00:00+00:00,68.76,73.83,111.1,42.601950077373715,83.85160125479204
2024-11-17 22:00:00+00:00,62.02,65.67,108.02,34.70664298217139,76.73887045708992
2024-11-17 23:00:00+00:00,65.42,80.1,109.65,49.34101996838751,94.35119458629424
2024-11-18 00:00:00+00:00,64.39,69.28,103.68,42.12895636498505,85.6786095381848
2024-11-18 01:00:00+00:00,59.86,72.48,100.0,43.23353077561334,86.75444022355097
2024-11-18 02:00:00+00:00,42.39,58.72,97.86,38.471286383467614,78.32962761101523
2024-11-18 03:00:00+00:00,58.17,42.0,97.5,35.721353778955134,70.68733170990669
2024-11-18 04:00:00+00:00,74.23,34.81,103.89,41.18552319522749,71.86022191554765
2024-11-18 05:00:00+00:00,95.55,42.36,115.69,58.283753538935,85.05614072337319
2024-11-18 06:00:00+00:00,121.66,60.69,128.35,80.82903839874817,104.29510513019885
2024-11-18 07:00:00+00:00,121.91,64.8,135.06,89.16216673115255,110.47479334569748
2024-11-18 08:00:00+00:00,119.56,65.4,132.94,86.37910780106513,110.48607225036064
2024-11-18 09:00:00+00:00,111.51,68.3,128.5,82.43270048950231,110.65256137681088
2024-11-18 10:00:00+00:00,92.98,64.79,124.21,76.44731649864511,106.3635753383062
2024-11-18 11:00:00+00:00,79.5,54.9,119.84,69.9206614207537,97.61963559521163
2024-11-18 12:00:00+00:00,94.13,46.86,129.02,70.11776796977881,91.95918257398128
2024-11-18 13:00:00+00:00,109.52,61.25,130.44,83.42043287334013,99.80428952965265
2024-11-18 14:00:00+00:00,119.98,64.8,139.05,95.02103534002708,102.9259659043192
2024-11-18 15:00:00+00:00,132.48,70.1,140.94,103.67451333129578,107.89652157227303
2024-11-18 16:00:00+00:00,159.9,102.84,153.18,124.4660663341453,134.2941951319318
2024-11-18 17:00:00+00:00,161.82,80.7,147.09,113.24386694610818,120.0771190840299
2024-11-18 18:00:00+00:00,152.96,65.4,133.7,102.60078777564337,107.49360288776734
2024-11-18 19:00:00+00:00,128.94,57.41,121.94,92.16934434138484,96.63891448515639
2024-11-18 20:00:00+00:00,117.62,64.79,112.88,91.40706951008548,97.52600971513176
2024-11-18 21:00:00+00:00,116.99,68.76,111.56,91.20934995657574,98.20164015783891
2024-11-18 22:00:00+00:00,108.7,62.02,105.4,83.7120664440553,89.90734091475416
2024-11-18 23:00:00+00:00,107.06,65.42,110.31,76.77468115388672,83.57730779025476
2024-11-19 00:00:00+00:00,101.4,64.39,104.64,74.26107186759589,80.47623384573592
2024-11-19 01:00:00+00:00,95.58,59.86,102.69,72.08390346016239,77.42840294675787
2024-11-19 02:00:00+00:00,91.73,42.39,103.99,64.12992857301705,65.55079564181864
2024-11-19 03:00:00+00:00,95.28,58.17,107.5,73.63731629061893,75.99733628213669
2024-11-19 04:00:00+00:00,98.73,74.23,118.01,85.70918375715121,89.45678865860471
2024-11-19 05:00:00+00:00,116.27,95.55,147.67,108.13224107444952,113.99887714452973
2024-11-19 06:00:00+00:00,131.59,121.66,185.52,133.4986725939643,142.3441536894498
2024-11-19 07:00:00+00:00,155.06,121.91,201.64,136.91559284196563,146.77963034560676
2024-11-19 08:00:00+00:00,157.57,119.56,223.33,136.0641988433052,147.53829055955669
2024-11-19 09:00:00+00:00,156.26,111.51,190.24,125.91358312067482,137.30876123126234
2024-11-19 10:00:00+00:00,152.81,92.98,171.08,113.08466592774691,121.52264500862877
2024-11-19 11:00:00+00:00,148.19,79.5,161.59,103.25058617492206,108.71933008508536
2024-11-19 12:00:00+00:00,144.14,94.13,156.47,107.92852906609767,114.71760611402325
2024-11-19 13:00:00+00:00,140.15,109.52,174.37,119.01194907037694,125.91419132528894
2024-11-19 14:00:00+00:00,128.78,119.98,218.78,132.08871928909838,137.7410061013475
2024-11-19 15:00:00+00:00,132.89,132.48,272.73,147.6227949877396,154.12143619826048
2024-11-19 16:00:00+00:00,140.19,159.9,317.89,172.1540403276773,184.065963843547
2024-11-19 17:00:00+00:00,134.65,161.82,225.33,161.68053629503856,174.3281941762018
2024-11-19 18:00:00+00:00,125.93,152.96,171.35,147.47112583137803,160.3908613242446
2024-11-19 19:00:00+00:00,117.1,128.94,149.12,126.20178054602538,138.17154745624495
2024-11-19 20:00:00+00:00,109.37,117.62,131.9,113.97720790330209,126.78335542915056
2024-11-19 21:00:00+00:00,105.25,116.99,125.21,109.70575138921583,124.4803999950255
2024-11-19 22:00:00+00:00,89.84,108.7,115.59,98.60253749484329,114.64277319753279
2024-11-19 23:00:00+00:00,100.14,107.06,117.15,96.3991276786067,102.17042543599408
2024-11-20 00:00:00+00:00,92.0,101.4,111.71,89.86978275433647,96.15225294236805
2024-11-20 01:00:00+00:00,86.6,95.58,107.85,82.81646068082664,89.92063203615523
2024-11-20 02:00:00+00:00,81.52,91.73,107.45,78.20100081070495,85.13529972314193
2024-11-20 03:00:00+00:00,81.96,95.28,110.63,81.86225271360489,89.67377577104986
2024-11-20 04:00:00+00:00,93.29,98.73,119.0,87.40550059662876,95.10897271437979
2024-11-20 05:00:00+00:00,107.55,116.27,131.1,102.91396599289249,112.0925339401701
2024-11-20 06:00:00+00:00,135.62,131.59,164.78,121.93758856295004,130.8854846702337
2024-11-20 07:00:00+00:00,142.87,155.06,225.45,142.46466315345782,154.89734745138006
2024-11-20 08:00:00+00:00,140.09,157.57,227.43,140.00181044533429,156.72005227872845
2024-11-20 09:00:00+00:00,120.35,156.26,200.8,131.2770100731185,151.65839676849984
2024-11-20 10:00:00+00:00,107.77,152.81,177.7,122.07187277540318,144.06938074293362
2024-11-20 11:00:00+00:00,97.26,148.19,160.99,113.75511642131261,135.16063220636772
2024-11-20 12:00:00+00:00,97.36,144.14,162.07,111.95578303504216,131.04675812253095
2024-11-20 13:00:00+00:00,106.64,140.15,159.9,113.94400954196685,127.09702382144378
2024-11-20 14:00:00+00:00,130.84,128.78,165.6,115.16914523707793,119.78945279353344
2024-11-20 15:00:00+00:00,135.09,132.89,178.28,122.02771359022019,125.79394649405799
2024-11-20 16:00:00+00:00,142.0,140.19,178.43,127.1756680207312,136.4559328731117
2024-11-20 17:00:00+00:00,142.58,134.65,173.9,122.34780698721661,134.92947634201388
2024-11-20 18:00:00+00:00,140.26,125.93,161.79,113.63176518586448,127.89104910767124
2024-11-20 19:00:00+00:00,135.98,117.1,125.22,99.0221321365038,113.87352687601647
2024-11-20 20:00:00+00:00,123.05,109.37,114.86,89.44710312138638,104.5844100404774
2024-11-20 21:00:00+00:00,116.42,105.25,113.51,83.41035819830839,99.44401603853268
2024-11-20 22:00:00+00:00,103.5,89.84,106.62,71.11740127286143,86.31049437907461
2024-11-20 23:00:00+00:00,93.96,100.14,101.7,69.41455551534256,87.1526908776194
2024-11-21 00:00:00+00:00,90.4,92.0,99.83,62.71069027142588,80.24328683801104
2024-11-21 01:00:00+00:00,86.8,86.6,96.01,57.671379048355206,75.4511441828495
2024-11-21 02:00:00+00:00,84.15,81.52,92.25,55.05190186738008,71.993794766579
2024-11-21 03:00:00+00:00,84.23,81.96,91.41,58.25791987575173,74.16272431311805
2024-11-21 04:00:00+00:00,92.48,93.29,92.24,70.63882132152187,85.5522222807466
2024-11-21 05:00:00+00:00,107.17,107.55,103.44,91.10987244574297,104.81701077435513
2024-11-21 06:00:00+00:00,121.44,135.62,115.61,116.11196078449552,129.8873427109115
2024-11-21 07:00:00+00:00,132.99,142.87,127.14,123.11768902181551,138.93958502969258
2024-11-21 08:00:00+00:00,134.98,140.09,123.92,116.1108039186967,136.07904435858518
2024-11-21 09:00:00+00:00,127.33,120.35,125.65,100.56428169679882,121.50202767866551
2024-11-21 10:00:00+00:00,115.47,107.77,124.84,91.2813635579836,111.2424793290477
2024-11-21 11:00:00+00:00,113.57,97.26,121.68,86.6002411581155,101.69391023088251
2024-11-21 12:00:00+00:00,120.83,97.36,127.4,91.7703984380656,100.1503303104977
2024-11-21 13:00:00+00:00,141.62,106.64,134.01,103.13824746810558,104.21149032699508
2024-11-21 14:00:00+00:00,154.85,130.84,142.18,122.59435617478948,118.81515570722141
2024-11-21 15:00:00+00:00,174.97,135.09,147.41,129.68724396874893,123.07444880528786
2024-11-21 16:00:00+00:00,182.26,142.0,155.91,137.38179683408902,132.4934460793004
2024-11-21 17:00:00+00:00,161.34,142.58,154.09,137.56861344229569,134.10161421670105
2024-11-21 18:00:00+00:00,154.05,140.26,148.29,134.38843776132933,131.77938152180474
2024-11-21 19:00:00+00:00,131.33,135.98,138.58,125.45450702731814,124.44914586302741
2024-11-21 20:00:00+00:00,123.05,123.05,129.44,113.2784687244027,112.25861971160771
2024-11-21 21:00:00+00:00,122.9,116.42,122.89,104.0851693867255,104.74631217709026
2024-11-21 22:00:00+00:00,107.46,103.5,112.48,89.05760584654351,91.16097106006684
2024-11-21 23:00:00+00:00,116.12,93.96,110.44,91.5189072897132,88.34829768856764
2024-11-22 00:00:00+00:00,106.21,90.4,106.71,84.11881288426576,83.72391648298823
2024-11-22 01:00:00+00:00,97.85,86.8,107.01,77.99295987309453,80.36510403546447
2024-11-22 02:00:00+00:00,91.37,84.15,103.62,73.36816126528389,77.99442667840586
2024-11-22 03:00:00+00:00,88.65,84.23,104.42,73.36470039353983,79.70450195064353
2024-11-22 04:00:00+00:00,92.16,92.48,108.6,80.92992722563548,89.45267474165423
2024-11-22 05:00:00+00:00,117.06,107.17,129.26,98.65269530325047,109.37026329561296
2024-11-22 06:00:00+00:00,135.3,121.44,144.16,115.83140547136638,127.38326204861586
2024-11-22 07:00:00+00:00,144.08,132.99,157.77,123.83775903205678,138.35704606385548
2024-11-22 08:00:00+00:00,141.58,134.98,150.86,117.70356140642899,137.64228813192716
2024-11-22 09:00:00+00:00,135.75,127.33,138.84,104.56334369993634,127.81581403045855
2024-11-22 10:00:00+00:00,116.84,115.47,135.08,90.62230532414401,116.95475524943681
2024-11-22 11:00:00+00:00,105.14,113.57,121.74,82.38845763532977,111.04848432909937
2024-11-22 12:00:00+00:00,95.23,120.83,121.8,83.1685710245649,112.93352211082727
2024-11-22 13:00:00+00:00,96.18,141.62,131.89,95.51670491025112,126.12552910321838
2024-11-22 14:00:00+00:00,106.24,154.85,141.75,106.49947669647567,137.26648578899102
2024-11-22 15:00:00+00:00,111.21,174.97,133.95,116.2145297368929,151.12576738623073
2024-11-22 16:00:00+00:00,128.44,182.26,136.26,121.11795384951807,161.15253947830053
2024-11-22 17:00:00+00:00,134.28,161.34,134.77,107.93940352379897,149.03972189098386
2024-11-22 18:00:00+00:00,128.8,154.05,128.39,100.05810997236911,142.92010688312212
2024-11-22 19:00:00+00:00,106.21,131.33,115.73,82.15390629431455,123.12790824225318
2024-11-22 20:00:00+00:00,106.35,123.05,110.74,74.06407660841907,113.98148204508993
2024-11-22 21:00:00+00:00,93.25,122.9,108.19,71.4081486477113,111.50297839846345
2024-11-22 22:00:00+00:00,77.0,107.46,98.1,57.43388126446743,96.74750070912214
2024-11-22 23:00:00+00:00,80.0,116.12,101.92,61.992069271173534,99.56490575504863
2024-11-23 00:00:00+00:00,76.87,106.21,95.43,51.85213190674438,88.54998883954799
2024-11-23 01:00:00+00:00,77.88,97.85,89.87,43.609528485295364,78.54041067362738
2024-11-23 02:00:00+00:00,79.04,91.37,86.57,38.704528210360614,70.62330349633355
2024-11-23 03:00:00+00:00,79.35,88.65,88.81,38.999177037982236,66.88919222597735
2024-11-23 04:00:00+00:00,82.54,92.16,86.95,43.494855078857846,67.31883491533812
2024-11-23 05:00:00+00:00,82.05,117.06,73.82,57.95474399908103,80.79266251582429
2024-11-23 06:00:00+00:00,89.27,135.3,90.1,74.92680331876056,94.28658573700054
2024-11-23 07:00:00+00:00,97.48,144.08,104.75,84.38429672127631,102.82628434536485
2024-11-23 08:00:00+00:00,85.62,141.58,109.77,82.6692243988678,102.41802630236705
2024-11-23 09:00:00+00:00,78.54,135.75,107.6,75.7836709574578,96.9820876449793
2024-11-23 10:00:00+00:00,73.5,116.84,99.03,62.51318767846994,81.70649797184063
2024-11-23 11:00:00+00:00,71.2,105.14,96.98,57.106001123339205,72.59882733109055
2024-11-23 12:00:00+00:00,75.85,95.23,96.97,55.47127342624938,65.57634198445047
2024-11-23 13:00:00+00:00,85.68,96.18,93.72,61.96697389004636,67.68858631277263
2024-11-23 14:00:00+00:00,104.55,106.24,100.22,72.62115663014933,77.83810097587723
2024-11-23 15:00:00+00:00,87.31,111.21,108.99,76.90319912751997,87.67310122614461
2024-11-23 16:00:00+00:00,95.56,128.44,118.93,84.34283793498987,106.54614527111889
2024-11-23 17:00:00+00:00,86.08,134.28,114.95,81.76643457668071,112.63746794890653
2024-11-23 18:00:00+00:00,71.0,128.8,104.18,72.06453201216885,109.85814963437717
2024-11-23 19:00:00+00:00,59.55,106.21,82.67,49.835747808959276,91.1747596768263
2024-11-23 20:00:00+00:00,48.03,106.35,72.82,42.071198304404874,89.87271501709608
2024-11-23 21:00:00+00:00,39.1,93.25,73.83,32.40493745684492,82.5798016286679
2024-11-23 22:00:00+00:00,18.46,77.0,65.67,16.786218045122766,68.94639340978685
2024-11-23 23:00:00+00:00,1.01,80.0,80.1,14.548625208363049,77.260981105184
2024-11-24 00:00:00+00:00,0.0,76.87,69.28,7.914920365037958,70.57609202874191
2024-11-24 01:00:00+00:00,0.0,77.88,72.48,5.632310814295479,67.87490991318415
2024-11-24 02:00:00+00:00,-0.01,79.04,58.72,3.4632696103702614,63.55659521271171
2024-11-24 03:00:00+00:00,-0.02,79.35,42.0,1.6801410499489435,58.721868794302246
2024-11-24 04:00:00+00:00,-0.03,82.54,34.81,4.040650211385568,57.385624101559905
2024-11-24 05:00:00+00:00,-0.05,82.05,42.36,6.275156594912048,56.87084662846557
2024-11-24 06:00:00+00:00,-0.03,89.27,60.69,15.586648782881511,63.370665038658736
2024-11-24 07:00:00+00:00,1.37,97.48,64.8,21.334966509914423,69.58494771712822
2024-11-24 08:00:00+00:00,3.75,85.62,65.4,13.33390708073594,62.07427115936204
2024-11-24 09:00:00+00:00,2.07,78.54,68.3,6.145086618536155,56.807219481212876
2024-11-24 10:00:00+00:00,2.53,73.5,64.79,0.8717063723164671,51.67169311025026
2024-11-24 11:00:00+00:00,1.01,71.2,54.9,-3.091053784166334,47.128194420902055
2024-11-24 12:00:00+00:00,1.01,75.85,46.86,-1.0106172259184376,47.09783537638066
2024-11-24 13:00:00+00:00,3.11,85.68,61.25,11.09963347282239,55.87158861163251
2024-11-24 14:00:00+00:00,6.61,104.55,64.8,29.585444638615925,72.01187992445556
2024-11-24 15:00:00+00:00,13.99,87.31,70.1,28.681702576358035,66.5125254051196
2024-11-24 16:00:00+00:00,15.52,95.56,102.84,42.19512469092638,84.45225913270687
2024-11-24 17:00:00+00:00,16.18,86.08,80.7,36.81580796724678,81.34066659251037
2024-11-24 18:00:00+00:00,12.02,71.0,65.4,25.32601400637975,71.76770232299427
2024-11-24 19:00:00+00:00,7.4,59.55,57.41,14.449199260816599,63.095992348859916
2024-11-24 20:00:00+00:00,4.5,48.03,64.79,7.735856862480702,58.04198355773417
2024-11-24 21:00:00+00:00,3.27,39.1,68.76,4.220657319856585,53.48817195361793
2024-11-24 22:00:00+00:00,0.01,18.46,62.02,-8.778099856565362,37.932143944988354
2024-11-24 23:00:00+00:00,-1.25,1.01,65.42,-9.716710308696861,35.88644878139794
2024-11-25 00:00:00+00:00,-1.59,0.0,64.39,-10.235527858390512,35.37044519791748
2024-11-25 01:00:00+00:00,-1.42,0.0,59.86,-9.36295449186224,35.7907685618131
2024-11-25 02:00:00+00:00,-1.86,-0.01,42.39,-8.017977843745726,35.513179734215406
2024-11-25 03:00:00+00:00,-1.42,-0.02,58.17,-0.6097788847460635,40.31000207521013
2024-11-25 04:00:00+00:00,-0.28,-0.03,74.23,9.036410018705809,47.43777957216535
2024-11-25 05:00:00+00:00,0.09,-0.05,95.55,20.497824304544082,58.00144510748333
2024-11-25 06:00:00+00:00,54.38,-0.03,121.66,33.42026668583205,66.41760123529198
2024-11-25 07:00:00+00:00,77.01,1.37,121.91,35.372604369290414,69.8264452236641
2024-11-25 08:00:00+00:00,66.57,3.75,119.56,29.257961957968405,69.8042567782794
2024-11-25 09:00:00+00:00,42.55,2.07,111.51,21.599602688578955,66.06746037479388
2024-11-25 10:00:00+00:00,41.37,2.53,92.98,18.22043862107509,63.20351362234671
2024-11-25 11:00:00+00:00,40.0,1.01,79.5,18.098505290136487,59.104888208751525
2024-11-25 12:00:00+00:00,57.16,1.01,94.13,24.72406845471889,59.54011531438784
2024-11-25 13:00:00+00:00,67.97,3.11,109.52,35.6394014433886,62.30058789433195
2024-11-25 14:00:00+00:00,94.99,6.61,119.98,46.79727883544377,66.47386510876038
2024-11-25 15:00:00+00:00,92.58,13.99,132.48,55.081060670775265,71.61715612103168
2024-11-25 16:00:00+00:00,116.08,15.52,159.9,61.04351504043009,79.1481958212755
2024-11-25 17:00:00+00:00,128.0,16.18,161.82,59.564199305381855,79.9657274387237
2024-11-25 18:00:00+00:00,118.0,12.02,152.96,51.79816798155736,74.30844419105766
2024-11-25 19:00:00+00:00,94.73,7.4,128.94,39.696606901659294,64.61823051734888
2024-11-25 20:00:00+00:00,81.26,4.5,117.62,31.628365645605072,57.80556552870777
2024-11-25 21:00:00+00:00,86.26,3.27,116.99,27.136860580449465,53.66663628132951
2024-11-25 22:00:00+00:00,69.17,0.01,108.7,20.363554982561254,46.64007834099856
2024-11-25 23:00:00+00:00,89.53,-1.25,107.06,14.564268671805237,35.01071514575631
2024-11-26 00:00:00+00:00,77.99,-1.59,101.4,12.618480226843872,32.89927544387801
2024-11-26 01:00:00+00:00,77.66,-1.42,95.58,11.716102231856325,31.909384884113422
2024-11-26 02:00:00+00:00,70.55,-1.86,91.73,12.966453119173863,31.933794924310945
2024-11-26 03:00:00+00:00,72.72,-1.42,95.28,17.3204136785199,33.98823360354598
2024-11-26 04:00:00+00:00,82.26,-0.28,98.73,25.154227254125104,37.92633619059617
2024-11-26 05:00:00+00:00,101.45,0.09,116.27,39.4477937371859,46.79983440368827
2024-11-26 06:00:00+00:00,130.9,54.38,131.59,80.67985257972727,89.60954877066489
2024-11-26 07:00:00+00:00,137.84,77.01,155.06,100.36762009951683,109.76656140640769
2024-11-26 08:00:00+00:00,127.09,66.57,157.57,91.5289772143485,102.65098211656678
2024-11-26 09:00:00+00:00,112.09,42.55,156.26,72.78305414222075,85.13460647734381
2024-11-26 10:00:00+00:00,100.0,41.37,152.81,66.96381402419392,82.61345022277291
2024-11-26 11:00:00+00:00,90.9,40.0,148.19,63.60249102889858,79.1992080702051
2024-11-26 12:00:00+00:00,102.07,57.16,144.14,74.51236124607523,87.7462631704163
2024-11-26 13:00:00+00:00,116.1,67.97,140.15,87.54780685930741,92.7797230308077
2024-11-26 14:00:00+00:00,123.95,94.99,128.78,110.31570463319471,109.41991245163804
2024-11-26 15:00:00+00:00,143.1,92.58,132.89,114.94857946523777,110.31210800112059
2024-11-26 16:00:00+00:00,155.52,116.08,140.19,129.90922957031722,130.92806238112524
2024-11-26 17:00:00+00:00,160.91,128.0,134.65,134.23427404276305,139.83861526251732
2024-11-26 18:00:00+00:00,153.28,118.0,125.93,124.04725631534994,131.01642022257653
2024-11-26 19:00:00+00:00,126.38,94.73,117.1,105.63159623806307,112.06406703031189
2024-11-26 20:00:00+00:00,118.23,81.26,109.37,93.00784568803434,99.64235461430847
2024-11-26 21:00:00+00:00,122.13,86.26,105.25,91.81576902526469,100.07731362008667
2024-11-26 22:00:00+00:00,113.34,69.17,89.84,78.42431858406447,84.1205559838981
2024-11-26 23:00:00+00:00,104.74,89.53,100.14,78.61250142487913,85.9377788566323
2024-11-27 00:00:00+00:00,106.28,77.99,92.0,72.21314205213561,75.65845331474122
2024-11-27 01:00:00+00:00,110.0,77.66,86.6,73.92713934687922,73.56536292021373
2024-11-27 02:00:00+00:00,111.46,70.55,81.52,73.9980565901646,67.88407452339845
2024-11-27 03:00:00+00:00,114.66,72.72,81.96,80.67012335933563,69.75011868797498
2024-11-27 04:00:00+00:00,123.92,82.26,93.29,93.50000143002352,78.77608226575751
2024-11-27 05:00:00+00:00,140.5,101.45,107.55,114.93054278601436,97.86936340313588
2024-11-27 06:00:00+00:00,160.0,130.9,135.62,144.8626921270637,129.45069297083984
2024-11-27 07:00:00+00:00,184.84,137.84,142.87,152.5709750751359,138.1557800220672
2024-11-27 08:00:00+00:00,164.45,127.09,140.09,141.73016949149064,129.09600356281868
2024-11-27 09:00:00+00:00,153.1,112.09,120.35,124.1858273793655,112.95521736002127
2024-11-27 10:00:00+00:00,150.0,100.0,107.77,109.19811863957489,100.96807115218408
2024-11-27 11:00:00+00:00,145.66,90.9,97.26,96.0375291238701,90.359871895143
2024-11-27 12:00:00+00:00,140.49,102.07,97.36,96.6408541168953,96.30858548952293
2024-11-27 13:00:00+00:00,130.09,116.1,106.64,101.14572012185941,105.34797060250263
2024-11-27 14:00:00+00:00,131.7,123.95,130.84,105.41204987061022,114.96621357778457
2024-11-27 15:00:00+00:00,117.56,143.1,135.09,109.0243090086154,128.954068225063
2024-11-27 16:00:00+00:00,110.24,155.52,142.0,111.5048231908792,143.75423670891976
2024-11-27 17:00:00+00:00,112.29,160.91,142.58,107.9295465217743,150.04887068224744
2024-11-27 18:00:00+00:00,101.84,153.28,140.26,95.64192446046121,143.99629801104928
2024-11-27 19:00:00+00:00,78.14,126.38,135.98,71.50304289157862,121.67902920121998
2024-11-27 20:00:00+00:00,71.86,118.23,123.05,57.689571104290025,111.3751910820684
2024-11-27 21:00:00+00:00,67.05,122.13,116.42,55.0146646207825,111.4370514122686
2024-11-27 22:00:00+00:00,48.78,113.34,103.5,43.165708788017575,99.9806401288136
2024-11-27 23:00:00+00:00,49.21,104.74,93.96,33.34159784855463,90.05571221444518
2024-11-28 00:00:00+00:00,41.21,106.28,90.4,28.988872591906443,87.53320758418361
2024-11-28 01:00:00+00:00,32.95,110.0,86.8,28.349876274950176,88.30092413693788
2024-11-28 02:00:00+00:00,32.08,111.46,84.15,29.41234645360089,88.44939585764742
2024-11-28 03:00:00+00:00,31.69,114.66,84.23,35.94499143124295,91.52767222184377
2024-11-28 04:00:00+00:00,52.29,123.92,92.48,50.847089334547334,102.30264740198321
2024-11-28 05:00:00+00:00,64.98,140.5,107.17,74.89365147265515,123.07456469516255
2024-11-28 06:00:00+00:00,88.13,160.0,121.44,99.78137291396716,144.52286055877715
2024-11-28 07:00:00+00:00,107.41,184.84,132.99,121.28400169687225,164.78785162981947
2024-11-28 08:00:00+00:00,107.41,164.45,134.98,111.62767608199673,150.18743663496457
2024-11-28 09:00:00+00:00,92.1,153.1,127.33,101.9204507504001,138.4698686590022
2024-11-28 10:00:00+00:00,98.7,150.0,115.47,95.64897704557941,132.45846658101692
2024-11-28 11:00:00+00:00,96.16,145.66,113.57,90.6033269365451,126.21439871692253
2024-11-28 12:00:00+00:00,96.68,140.49,120.83,89.41245662793375,122.28800853784327
2024-11-28 13:00:00+00:00,97.86,130.09,141.62,91.40394248965833,117.0495920940571
2024-11-28 14:00:00+00:00,111.59,131.7,154.85,101.79964926563258,119.61352710123131
2024-11-28 15:00:00+00:00,132.62,117.56,174.97,104.52925407586325,115.39516749949324
2024-11-28 16:00:00+00:00,149.33,110.24,182.26,108.04823013501579,115.88017852022752
2024-11-28 17:00:00+00:00,158.23,112.29,161.34,110.78634665684562,117.18313885538706
2024-11-28 18:00:00+00:00,153.91,101.84,154.05,106.09101368294945,109.02016091715006
2024-11-28 19:00:00+00:00,143.97,78.14,131.33,89.55267322779967,86.9808872314345
2024-11-28 20:00:00+00:00,132.49,71.86,123.05,84.66522895995189,79.71450238314671
2024-11-28 21:00:00+00:00,122.16,67.05,122.9,82.5762880631737,75.51146418266075
2024-11-28 22:00:00+00:00,112.6,48.78,107.46,71.51119729412012,59.80825107512593
2024-11-28 23:00:00+00:00,110.3,49.21,116.12,75.20039217408649,63.77289715385191
2024-11-29 00:00:00+00:00,107.01,41.21,106.21,72.05236601393877,56.899659304762416
2024-11-29 01:00:00+00:00,103.47,32.95,97.85,70.72864068413847,50.8926081862326
2024-11-29 02:00:00+00:00,102.8,32.08,91.37,75.28642228323606,50.969080187335784
2024-11-29 03:00:00+00:00,105.3,31.69,88.65,81.79864988904626,52.92881820398856
2024-11-29 04:00:00+00:00,115.28,52.29,92.16,101.49982698886402,71.32801228403964
2024-11-29 05:00:00+00:00,145.1,64.98,117.06,123.92297770343178,90.6067294675149
2024-11-29 06:00:00+00:00,169.28,88.13,135.3,147.52925527615338,113.45021678306114
2024-11-29 07:00:00+00:00,181.35,107.41,144.08,161.88871129268068,130.01874572902264
2024-11-29 08:00:00+00:00,162.49,107.41,141.58,156.0919595673327,126.79943837465507
2024-11-29 09:00:00+00:00,143.01,92.1,135.75,140.04118284720937,112.69411651037115
2024-11-29 10:00:00+00:00,136.4,98.7,116.84,134.8086099131356,112.02220468650509
2024-11-29 11:00:00+00:00,126.59,96.16,105.14,129.37402139762426,106.46527263635917
2024-11-29 12:00:00+00:00,119.5,96.68,95.23,127.59858443045644,102.39415101600623
2024-11-29 13:00:00+00:00,129.58,97.86,96.18,129.96878014982406,100.09866660287122
2024-11-29 14:00:00+00:00,141.02,111.59,106.24,142.98065768531478,110.57566078838335
2024-11-29 15:00:00+00:00,152.01,132.62,111.21,155.03586751157195,125.51384830243735
2024-11-29 16:00:00+00:00,150.44,149.33,128.44,164.72413590801722,142.03464613462884
2024-11-29 17:00:00+00:00,142.03,158.23,134.28,165.8328677689675,150.0350745677965
2024-11-29 18:00:00+00:00,130.81,153.91,128.8,155.62683014812762,144.7017983512666
2024-11-29 19:00:00+00:00,119.9,143.97,106.21,138.6394621986218,131.55711954690406
2024-11-29 20:00:00+00:00,115.1,132.49,106.35,124.53804727063857,121.34242360976374
2024-11-29 21:00:00+00:00,113.73,122.16,93.25,110.43337127537352,110.66344613200867
2024-11-29 22:00:00+00:00,103.45,112.6,77.0,94.39547028959201,97.60186759772455
2024-11-29 23:00:00+00:00,98.83,110.3,80.0,87.10518776056396,94.51739932128838
2024-11-30 00:00:00+00:00,92.0,107.01,76.87,78.62226374299311,87.44018027252379
2024-11-30 01:00:00+00:00,89.69,103.47,77.88,71.53960393424082,80.53428515770192
2024-11-30 02:00:00+00:00,86.9,102.8,79.04,67.54918550991874,76.41769179716076
2024-11-30 03:00:00+00:00,88.18,105.3,79.35,66.77848855412503,74.66648738289047
2024-11-30 04:00:00+00:00,90.18,115.28,82.54,71.6460118455094,79.47203485982418
2024-11-30 05:00:00+00:00,88.9,145.1,82.05,86.30265517938979,96.29980789525767
2024-11-30 06:00:00+00:00,103.06,169.28,89.27,103.82072225183701,113.71390964894965
2024-11-30 07:00:00+00:00,107.39,181.35,97.48,111.59945865951404,124.52027861100598
2024-11-30 08:00:00+00:00,91.17,162.49,85.62,92.72550997648683,111.1045161524969
2024-11-30 09:00:00+00:00,85.2,143.01,78.54,72.90696563919963,95.02683246042251
2024-11-30 10:00:00+00:00,86.12,136.4,73.5,66.04804084803743,89.28795873450991
2024-11-30 11:00:00+00:00,87.7,126.59,71.2,63.44790995483679,80.63786632327253
2024-11-30 12:00:00+00:00,90.03,119.5,75.85,68.27344306406373,74.99860610735549
2024-11-30 13:00:00+00:00,93.35,129.58,85.68,86.38347359102953,82.46281902217265
2024-11-30 14:00:00+00:00,124.34,141.02,104.55,108.23081508186392,94.84731404409925
2024-11-30 15:00:00+00:00,132.89,152.01,87.31,119.69390483232507,106.26053962436619
2024-11-30 16:00:00+00:00,136.94,150.44,95.56,122.51550767875858,114.30368520827264
2024-11-30 17:00:00+00:00,135.9,142.03,86.08,118.34450055827844,113.57396423134918
2024-11-30 18:00:00+00:00,131.96,130.81,71.0,109.93624315772934,106.8985904724124
2024-11-30 19:00:00+00:00,124.51,119.9,59.55,100.25703413358667,98.28091881937985
2024-11-30 20:00:00+00:00,115.08,115.1,48.03,94.59260277986327,93.55386524842997
2024-11-30 21:00:00+00:00,114.78,113.73,39.1,91.94532528544974,91.73210138897151
2024-11-30 22:00:00+00:00,106.67,103.45,18.46,81.3578583993623,80.46998786411277
2024-11-30 23:00:00+00:00,99.66,98.83,1.01,80.33245461421106,78.15552842274514
2024-12-01 00:00:00+00:00,90.01,92.0,0.0,74.75597487702157,70.95023538566896
2024-12-01 01:00:00+00:00,88.14,89.69,0.0,72.26875653989977,66.51235504588647
2024-12-01 02:00:00+00:00,85.7,86.9,-0.01,70.53227010392654,62.059991980011645
2024-12-01 03:00:00+00:00,84.8,88.18,-0.02,71.49954411065217,60.35557074339725
2024-12-01 04:00:00+00:00,85.31,90.18,-0.03,74.18406195629709,60.17327704300458
2024-12-01 05:00:00+00:00,84.43,88.9,-0.05,75.31560435698975,58.858006657540095
2024-12-01 06:00:00+00:00,89.97,103.06,-0.03,84.26968664550854,67.96115420428725
2024-12-01 07:00:00+00:00,99.64,107.39,1.37,85.32886956815508,71.06618046812704
2024-12-01 08:00:00+00:00,94.6,91.17,3.75,69.52493086458259,59.886848167861885
2024-12-01 09:00:00+00:00,89.3,85.2,2.07,57.727120600903994,54.136067493122376
2024-12-01 10:00:00+00:00,82.38,86.12,2.53,54.13913543170682,54.337167652928585
2024-12-01 11:00:00+00:00,85.25,87.7,1.01,54.577852003536265,53.553898009553095
2024-12-01 12:00:00+00:00,83.08,90.03,1.01,58.81775711076862,52.98423553984023
2024-12-01 13:00:00+00:00,90.61,93.35,3.11,68.8254053263946,56.595111561242184
2024-12-01 14:00:00+00:00,108.62,124.34,6.61,93.6240752874793,79.98859474822231
2024-12-01 15:00:00+00:00,121.53,132.89,13.99,101.3861795569338,92.02765793870132
2024-12-01 16:00:00+00:00,117.77,136.94,15.52,102.97502194659026,102.36613714039227
2024-12-01 17:00:00+00:00,121.51,135.9,16.18,100.53075861908968,106.83978452875984
2024-12-01 18:00:00+00:00,110.23,131.96,12.02,94.04019420890606,105.9395602703371
2024-12-01 19:00:00+00:00,91.35,124.51,7.4,84.69818810364218,100.88140760744122
2024-12-01 20:00:00+00:00,84.36,115.08,4.5,76.39777633714141,95.39239742454467
2024-12-01 21:00:00+00:00,96.98,114.78,3.27,74.65678073480942,96.34393391515434
2024-12-01 22:00:00+00:00,85.0,106.67,0.01,65.7030048636152,88.42416310329664
2024-12-01 23:00:00+00:00,74.77,99.66,-1.25,60.79353914808268,89.82244099549354
2024-12-02 00:00:00+00:00,65.78,90.01,-1.59,54.71301418610397,82.05948957076907
2024-12-02 01:00:00+00:00,61.17,88.14,-1.42,54.277160873063615,80.2343126230591
2024-12-02 02:00:00+00:00,46.44,85.7,-1.86,55.49466886422363,78.8363182817581
2024-12-02 03:00:00+00:00,50.21,84.8,-1.42,60.798693235698444,80.5868500672246
2024-12-02 04:00:00+00:00,69.53,85.31,-0.28,69.66248448298472,85.43610179484998
2024-12-02 05:00:00+00:00,92.08,84.43,0.09,81.35261225514441,92.04167712975742
2024-12-02 06:00:00+00:00,125.25,89.97,54.38,100.90721757702396,107.54946869631624
2024-12-02 07:00:00+00:00,125.2,99.64,77.01,112.52570865763083,118.33586829724051
2024-12-02 08:00:00+00:00,123.63,94.6,66.57,106.62951407461944,111.61448776588307
2024-12-02 09:00:00+00:00,121.27,89.3,42.55,98.34181505680883,103.26284165054358
2024-12-02 10:00:00+00:00,115.8,82.38,41.37,94.292674319353,97.6867589609445
2024-12-02 11:00:00+00:00,115.09,85.25,40.0,96.02398640449715,97.64735307501789
2024-12-02 12:00:00+00:00,127.6,83.08,57.16,98.92316573763094,96.59178459209454
2024-12-02 13:00:00+00:00,136.74,90.61,67.97,107.83679156031113,101.78735681650085
2024-12-02 14:00:00+00:00,144.04,108.62,94.99,124.86531294524977,118.91331983438717
2024-12-02 15:00:00+00:00,144.75,121.53,92.58,132.38728978499867,128.40188326372856
2024-12-02 16:00:00+00:00,147.68,117.77,116.08,133.45391968199783,131.7188299386395
2024-12-02 17:00:00+00:00,147.9,121.51,128.0,134.08137923975193,136.79049600270588
2024-12-02 18:00:00+00:00,138.0,110.23,118.0,122.19002213396209,127.95159315014433
2024-12-02 19:00:00+00:00,120.01,91.35,94.73,101.46418760196289,109.77868267733633
2024-12-02 20:00:00+00:00,112.68,84.36,81.26,88.80519302141647,100.64356907272698
2024-12-02 21:00:00+00:00,111.72,96.98,86.26,90.1308186036322,107.76805296721965
2024-12-02 22:00:00+00:00,102.21,85.0,69.17,76.32539182868848,95.05165430020733
2024-12-02 23:00:00+00:00,110.73,74.77,89.53,65.80265318878045,81.05676857047632
2024-12-03 00:00:00+00:00,103.05,65.78,77.99,56.84122751130544,72.30228121007684
2024-12-03 01:00:00+00:00,96.28,61.17,77.66,55.10320652176903,69.08844521364489
2024-12-03 02:00:00+00:00,93.22,46.44,70.55,50.16176723103138,59.5821447345085
2024-12-03 03:00:00+00:00,100.48,50.21,72.72,57.227409406005144,64.00976370530631
2024-12-03 04:00:00+00:00,108.09,69.53,82.26,74.83445460748256,80.71622491196905
2024-12-03 05:00:00+00:00,121.76,92.08,101.45,98.83337193072184,103.6258362833885
2024-12-03 06:00:00+00:00,142.39,125.25,130.9,129.18969871405432,133.84902630873728
2024-12-03 07:00:00+00:00,154.62,125.2,137.84,135.53270739460996,137.02230484047467
2024-12-03 08:00:00+00:00,150.09,123.63,127.09,132.94343901841665,133.28432429311624
2024-12-03 09:00:00+00:00,141.37,121.27,112.09,127.96174373525396,127.54141926942003
2024-12-03 10:00:00+00:00,139.23,115.8,100.0,123.65071558951007,120.48550547843769
2024-12-03 11:00:00+00:00,135.62,115.09,90.9,124.38406717376162,117.55240793783265
2024-12-03 12:00:00+00:00,142.41,127.6,102.07,134.86807749603645,124.93632455776819
2024-12-03 13:00:00+00:00,150.02,136.74,116.1,145.99937904083268,131.83305987138735
2024-12-03 14:00:00+00:00,168.94,144.04,123.95,155.70751313179107,138.80203390320332
2024-12-03 15:00:00+00:00,205.18,144.75,143.1,160.72019036675755,143.97124122980088
2024-12-03 16:00:00+00:00,210.0,147.68,155.52,165.4036359798746,150.88410990826878
2024-12-03 17:00:00+00:00,197.88,147.9,160.91,165.22406843398178,153.45918621388503
2024-12-03 18:00:00+00:00,189.83,138.0,153.28,155.20719133633492,144.290509203228
2024-12-03 19:00:00+00:00,170.04,120.01,126.38,137.34858671505302,125.67761990843097
2024-12-03 20:00:00+00:00,153.61,112.68,118.23,128.44482561358876,117.36031951171483
2024-12-03 21:00:00+00:00,142.08,111.72,122.13,125.46239669893588,116.44008719408752
2024-12-03 22:00:00+00:00,130.81,102.21,113.34,115.48033747983305,105.95744692420688
2024-12-03 23:00:00+00:00,120.99,110.73,104.74,105.60642226163505,97.60673105057663
2024-12-04 00:00:00+00:00,116.66,103.05,106.28,100.10532384234001,90.88197748146747
2024-12-04 01:00:00+00:00,112.79,96.28,110.0,96.53836036692749,85.68602928051635
2024-12-04 02:00:00+00:00,110.19,93.22,111.46,94.78558265797294,81.95424316412883
2024-12-04 03:00:00+00:00,112.26,100.48,114.66,101.05609413027922,87.46594205907775
2024-12-04 04:00:00+00:00,120.91,108.09,123.92,112.89370703088613,97.72558684868778
2024-12-04 05:00:00+00:00,145.2,121.76,140.5,132.35153003334165,115.51125852802426
2024-12-04 06:00:00+00:00,209.76,142.39,160.0,156.11210991619066,138.5824610165935
2024-12-04 07:00:00+00:00,276.66,154.62,184.84,169.7485844032305,150.96400912433012
2024-12-04 08:00:00+00:00,250.76,150.09,164.45,164.85534472601262,145.39292578113572
2024-12-04 09:00:00+00:00,212.21,141.37,153.1,157.03092247231896,136.79735376625302
2024-12-04 10:00:00+00:00,198.95,139.23,150.0,154.92176512607114,133.2612228440147
2024-12-04 11:00:00+00:00,192.25,135.62,145.66,153.21218413742028,128.5959149976612
2024-12-04 12:00:00+00:00,199.82,142.41,140.49,156.96996126237826,130.60746005008264
2024-12-04 13:00:00+00:00,218.44,150.02,130.09,161.681173451627,132.81158103571687
2024-12-04 14:00:00+00:00,242.87,168.94,131.7,174.38177769814604,145.3422601190691
2024-12-04 15:00:00+00:00,267.35,205.18,117.56,193.6437606898973,169.7078553010315
2024-12-04 16:00:00+00:00,287.76,210.0,110.24,198.02293368605854,176.63196499819102
2024-12-04 17:00:00+00:00,230.22,197.88,112.29,190.7820766850262,170.4500952201413
2024-12-04 18:00:00+00:00,197.59,189.83,101.84,180.94244439056462,162.59321810504173
2024-12-04 19:00:00+00:00,165.68,170.04,78.14,160.99693173337118,143.1369823230419
2024-12-04 20:00:00+00:00,148.34,153.61,71.86,145.75862676419243,129.16987264677883
2024-12-04 21:00:00+00:00,128.33,142.08,67.05,133.34465443693958,118.99375265521002
2024-12-04 22:00:00+00:00,113.27,130.81,48.78,118.67143502075089,106.31023181717933
2024-12-04 23:00:00+00:00,114.77,120.99,49.21,103.27556847078657,93.15054197391696
2024-12-05 00:00:00+00:00,105.74,116.66,41.21,95.18029567263146,87.47493932730778
2024-12-05 01:00:00+00:00,103.27,112.79,32.95,89.3056772313722,82.63171901768361
2024-12-05 02:00:00+00:00,104.5,110.19,32.08,86.85887428047343,80.46916671252706
2024-12-05 03:00:00+00:00,103.27,112.26,31.69,89.26275117011932,83.14609608702291
2024-12-05 04:00:00+00:00,104.12,120.91,52.29,100.7029768194677,94.83346404849645
2024-12-05 05:00:00+00:00,135.88,145.2,64.98,123.47523484879245,119.74757587747852
2024-12-05 06:00:00+00:00,143.54,209.76,88.13,166.14795197637716,170.9494019196244
2024-12-05 07:00:00+00:00,141.29,276.66,107.41,205.5828879603274,220.8279070911301
2024-12-05 08:00:00+00:00,131.78,250.76,107.41,187.7865897560998,203.89581272046007
2024-12-05 09:00:00+00:00,124.92,212.21,92.1,158.08321023033125,174.27892882221158
2024-12-05 10:00:00+00:00,107.31,198.95,98.7,146.44472515932642,165.4005530763054
2024-12-05 11:00:00+00:00,102.67,192.25,96.16,138.74603131791775,158.6109050137774
2024-12-05 12:00:00+00:00,102.93,199.82,96.68,141.5426549484114,162.10088485212853
2024-12-05 13:00:00+00:00,102.89,218.44,97.86,150.89518067061192,172.63793480734165
2024-12-05 14:00:00+00:00,100.87,242.87,111.59,165.66728030379028,191.4712129259202
2024-12-05 15:00:00+00:00,101.5,267.35,132.62,180.36199361978515,214.525908574057
2024-12-05 16:00:00+00:00,118.31,287.76,149.33,192.60488621574132,234.25527075104378
2024-12-05 17:00:00+00:00,112.16,230.22,158.23,161.87328097478115,198.3072658911566
2024-12-05 18:00:00+00:00,105.36,197.59,153.91,140.56595250201377,175.77674718975885
2024-12-05 19:00:00+00:00,87.13,165.68,143.97,114.81366486501403,149.97407431364013
2024-12-05 20:00:00+00:00,77.3,148.34,132.49,97.7533467823149,134.43884572013184
2024-12-05 21:00:00+00:00,74.17,128.33,122.16,82.11893674051963,117.798138639943
2024-12-05 22:00:00+00:00,43.14,113.27,112.6,67.99141211534658,104.41396157144834
2024-12-05 23:00:00+00:00,10.64,114.77,110.3,63.90992065832186,106.35413222828217
2024-12-06 00:00:00+00:00,4.6,105.74,107.01,56.02532197986421,98.4629604409996
2024-12-06 01:00:00+00:00,3.87,103.27,103.47,52.61087046110779,95.19034232662587
2024-12-06 02:00:00+00:00,2.31,104.5,102.8,54.294327776376456,95.9533970911865
2024-12-06 03:00:00+00:00,2.99,103.27,105.3,59.314683320475915,97.42475899373176
2024-12-06 04:00:00+00:00,10.35,104.12,115.28,70.43843830614448,103.36339843742721
2024-12-06 05:00:00+00:00,63.49,135.88,145.1,104.1040250915197,136.34718813684168
2024-12-06 06:00:00+00:00,92.71,143.54,169.28,126.72348845272253,154.55658911087056
2024-12-06 07:00:00+00:00,110.17,141.29,181.35,136.6458017727951,161.70141166552597
2024-12-06 08:00:00+00:00,110.16,131.78,162.49,127.92872196587973,149.89333758321044
2024-12-06 09:00:00+00:00,104.08,124.92,143.01,118.41528864749756,137.9573871448099
2024-12-06 10:00:00+00:00,98.37,107.31,136.4,109.5959386418484,123.2557023209767
2024-12-06 11:00:00+00:00,91.9,102.67,126.59,107.84257849486663,117.01650376347945
2024-12-06 12:00:00+00:00,100.7,102.93,119.5,109.33484857670493,114.87707627407998
2024-12-06 13:00:00+00:00,109.0,102.89,129.58,113.35042855420986,115.58212112835722
2024-12-06 14:00:00+00:00,116.92,100.87,141.02,116.37675457030417,116.98469679473895
2024-12-06 15:00:00+00:00,131.55,101.5,152.01,120.51151506784663,121.87068895420266
2024-12-06 16:00:00+00:00,142.99,118.31,150.44,131.21777851951185,136.52907522496704
2024-12-06 17:00:00+00:00,151.07,112.16,142.03,122.88345853095741,125.99254947794954
2024-12-06 18:00:00+00:00,142.48,105.36,130.81,113.39383745118036,115.2844895249915
2024-12-06 19:00:00+00:00,130.0,87.13,119.9,97.45653373100981,96.67700091132512
2024-12-06 20:00:00+00:00,119.42,77.3,115.1,87.39714208845105,86.26108929916434
2024-12-06 21:00:00+00:00,121.08,74.17,113.73,81.9699592790218,81.15402851328375
2024-12-06 22:00:00+00:00,102.14,43.14,103.45,62.13811727016128,57.19442798254619
2024-12-06 23:00:00+00:00,86.65,10.64,98.83,44.76422848679875,36.656052336090376
2024-12-07 00:00:00+00:00,74.32,4.6,92.0,38.18921630647239,30.134575757198036
2024-12-07 01:00:00+00:00,68.0,3.87,89.69,34.63773103815113,27.698066859963404
2024-12-07 02:00:00+00:00,63.87,2.31,86.9,30.47424386641461,24.43609139596751
2024-12-07 03:00:00+00:00,58.09,2.99,88.18,29.207157819074126,23.458397153698243
2024-12-07 04:00:00+00:00,50.16,10.35,90.18,31.56410195647527,27.10165366751626
2024-12-07 05:00:00+00:00,39.46,63.49,88.9,55.545056439017806,61.37469135530398
2024-12-07 06:00:00+00:00,43.28,92.71,103.06,70.29798592309368,81.2089907909336
2024-12-07 07:00:00+00:00,58.06,110.17,107.39,78.55256755056935,92.83247523759184
2024-12-07 08:00:00+00:00,62.86,110.16,91.17,75.3398813871904,90.16451044667603
2024-12-07 09:00:00+00:00,64.92,104.08,85.2,70.08792439891972,83.71916956106429
2024-12-07 10:00:00+00:00,64.92,98.37,86.12,67.55770153778903,77.9228695887171
2024-12-07 11:00:00+00:00,68.0,91.9,87.7,65.83514041661334,72.36578753667175
2024-12-07 12:00:00+00:00,72.84,100.7,90.03,70.93837675446629,76.96122650453168
2024-12-07 13:00:00+00:00,74.24,109.0,93.35,77.03040547766741,82.93560598701985
2024-12-07 14:00:00+00:00,82.5,116.92,124.34,86.58475292628816,93.77600156381978
2024-12-07 15:00:00+00:00,96.45,131.55,132.89,97.95436812422199,108.86823898321592
2024-12-07 16:00:00+00:00,96.0,142.99,136.94,109.78822414854012,124.93460741000075
2024-12-07 17:00:00+00:00,87.92,151.07,135.9,116.39878318685683,134.30956853963724
2024-12-07 18:00:00+00:00,82.41,142.48,131.96,112.46817668640524,130.08311218348737
2024-12-07 19:00:00+00:00,78.92,130.0,124.51,104.05617612921344,120.28558523187982
2024-12-07 20:00:00+00:00,85.03,119.42,115.08,96.69684885427453,111.96148246767967
2024-12-07 21:00:00+00:00,82.5,121.08,114.78,97.90165010056758,113.47554848602496
2024-12-07 22:00:00+00:00,74.8,102.14,106.67,83.92884971780835,95.92323755844681
2024-12-07 23:00:00+00:00,93.91,86.65,99.66,81.0156509717701,86.00624164375891
2024-12-08 00:00:00+00:00,86.83,74.32,90.01,71.64931895083143,72.4215301983857
2024-12-08 01:00:00+00:00,86.73,68.0,88.14,67.40348709824146,63.957760291077136
2024-12-08 02:00:00+00:00,83.95,63.87,85.7,64.47441705470267,56.55130104541169
2024-12-08 03:00:00+00:00,84.44,58.09,84.8,61.18264686168024,48.499990788495005
2024-12-08 04:00:00+00:00,91.13,50.16,85.31,56.79833608252745,39.52453738435486
2024-12-08 05:00:00+00:00,91.25,39.46,84.43,54.46992383676266,33.43223544594723
2024-12-08 06:00:00+00:00,91.29,43.28,89.97,61.257079912680524,37.63760347606007
2024-12-08 07:00:00+00:00,100.84,58.06,99.64,74.05155149624359,50.22963594768365
2024-12-08 08:00:00+00:00,109.4,62.86,94.6,77.17017156783758,54.0572784254065
2024-12-08 09:00:00+00:00,110.84,64.92,89.3,76.60968760833782,54.34497445729328
2024-12-08 10:00:00+00:00,117.39,64.92,82.38,75.58407879145341,53.0154510270727
2024-12-08 11:00:00+00:00,118.36,68.0,85.25,77.0125139030186,53.96265094722664
2024-12-08 12:00:00+00:00,116.74,72.84,83.08,79.25761260233824,56.593535426792485
2024-12-08 13:00:00+00:00,111.91,74.24,90.61,82.56785829629908,59.842837445873165
2024-12-08 14:00:00+00:00,121.38,82.5,108.62,89.61701129137418,70.19848332660209
2024-12-08 15:00:00+00:00,105.94,96.45,121.53,98.04028316181657,86.56063349854834
2024-12-08 16:00:00+00:00,113.61,96.0,117.77,97.9522908718146,93.30376025056896
2024-12-08 17:00:00+00:00,98.55,87.92,121.51,93.48482652122829,94.15325501699141
2024-12-08 18:00:00+00:00,97.69,82.41,110.23,85.30743783869701,91.02151828795901
2024-12-08 19:00:00+00:00,91.29,78.92,91.35,75.52377584149403,86.44062083780858
2024-12-08 20:00:00+00:00,90.56,85.03,84.36,72.88155864853131,89.87721825763848
2024-12-08 21:00:00+00:00,88.6,82.5,96.98,70.2157573128869,90.81373859071795
2024-12-08 22:00:00+00:00,75.01,74.8,85.0,59.06326935353645,81.32611952375348
2024-12-08 23:00:00+00:00,71.36,93.91,74.77,70.16669608165574,99.26467162851606
2024-12-09 00:00:00+00:00,55.83,86.83,65.78,62.63669692472988,91.78912406455274
2024-12-09 01:00:00+00:00,35.13,86.73,61.17,60.599394889534246,90.35475699207106
2024-12-09 02:00:00+00:00,34.4,83.95,46.44,58.0955890734337,86.94848371302687
2024-12-09 03:00:00+00:00,40.01,84.44,50.21,61.931418571168514,89.20068223829689
2024-12-09 04:00:00+00:00,72.24,91.13,69.53,74.94035709694683,99.75078161540978
2024-12-09 05:00:00+00:00,79.4,91.25,92.08,86.97765859798614,108.51738387943688
2024-12-09 06:00:00+00:00,113.34,91.29,125.25,98.25145759905966,115.94803838461148
2024-12-09 07:00:00+00:00,122.54,100.84,125.2,107.66836986211963,124.23773060846894
2024-12-09 08:00:00+00:00,123.12,109.4,123.63,113.33881184316931,129.6098050295037
2024-12-09 09:00:00+00:00,129.81,110.84,121.27,113.30583716411998,129.14961915840843
2024-12-09 10:00:00+00:00,128.7,117.39,115.8,116.4024786030158,132.23580967175693
2024-12-09 11:00:00+00:00,128.32,118.36,115.09,116.85080605462548,131.34275861398362
2024-12-09 12:00:00+00:00,124.51,116.74,127.6,116.97968478162956,130.0241974552693
2024-12-09 13:00:00+00:00,121.35,111.91,136.74,116.00961121139031,127.18482716785226
2024-12-09 14:00:00+00:00,116.83,121.38,144.04,120.94824909881831,134.29172950496982
2024-12-09 15:00:00+00:00,116.08,105.94,144.75,112.56345861031664,126.38466232492249
2024-12-09 16:00:00+00:00,120.57,113.61,147.68,115.63483499127786,134.20843421010557
2024-12-09 17:00:00+00:00,123.69,98.55,147.9,104.40904613308346,124.66040408179278
2024-12-09 18:00:00+00:00,125.76,97.69,138.0,98.47639741621938,122.44925665971651
2024-12-09 19:00:00+00:00,114.97,91.29,120.01,86.3407233297645,113.16936037519004
2024-12-09 20:00:00+00:00,100.98,90.56,112.68,80.53972284025798,110.32041483606255
2024-12-09 21:00:00+00:00,98.48,88.6,111.72,75.47092781004272,106.96379079820915
2024-12-09 22:00:00+00:00,92.77,75.01,102.21,64.20995884518337,94.39963579970751
2024-12-09 23:00:00+00:00,92.85,71.36,110.73,59.37291314752453,85.19060244884867
2024-12-10 00:00:00+00:00,89.33,55.83,103.05,50.70394476329401,72.58340839396894
2024-12-10 01:00:00+00:00,86.5,35.13,96.28,42.55782545713944,58.94164709119647
2024-12-10 02:00:00+00:00,83.7,34.4,93.22,46.06714343340532,59.13800365409949
2024-12-10 03:00:00+00:00,87.21,40.01,100.48,56.4297155740854,65.98816110631232
2024-12-10 04:00:00+00:00,89.07,72.24,108.09,82.43008295653479,91.74343978788369
2024-12-10 05:00:00+00:00,112.06,79.4,121.76,100.31187026634224,104.11747951805654
2024-12-10 06:00:00+00:00,135.18,113.34,142.39,131.6831199664291,133.11303204101927
2024-12-10 07:00:00+00:00,169.76,122.54,154.62,145.9645695884494,142.9240715035506
2024-12-10 08:00:00+00:00,182.14,123.12,150.09,149.55762651358614,142.77466933577358
2024-12-10 09:00:00+00:00,184.75,129.81,141.37,153.3525753903938,144.5044347742339
2024-12-10 10:00:00+00:00,186.5,128.7,139.23,154.94347055291485,143.01328925267504
2024-12-10 11:00:00+00:00,180.62,128.32,135.62,156.35463244663674,141.10167192108534
2024-12-10 12:00:00+00:00,190.78,124.51,142.41,156.38421647411556,137.3803112363363
2024-12-10 13:00:00+00:00,189.41,121.35,150.02,156.95175005879528,134.23659147973612
2024-12-10 14:00:00+00:00,197.64,116.83,168.94,159.01131542660323,133.95959475959756
2024-12-10 15:00:00+00:00,200.18,116.08,205.18,162.7695286591304,137.39892438254162
2024-12-10 16:00:00+00:00,202.38,120.57,210.0,168.91977158165017,145.64997179729755
2024-12-10 17:00:00+00:00,181.0,123.69,197.88,167.24504335358426,145.40927612703712
2024-12-10 18:00:00+00:00,180.17,125.76,189.83,164.6601020954157,144.5447967252332
2024-12-10 19:00:00+00:00,166.6,114.97,170.04,152.5393970016271,132.32809411468833
2024-12-10 20:00:00+00:00,151.15,100.98,153.61,140.12864738389754,119.12772817307254
2024-12-10 21:00:00+00:00,137.94,98.48,142.08,134.49755150689504,114.3038756977196
2024-12-10 22:00:00+00:00,121.37,92.77,130.81,126.18365878978527,105.92210910040488
2024-12-10 23:00:00+00:00,115.94,92.85,120.99,113.08721506564473,92.44133344861271
2024-12-11 00:00:00+00:00,108.22,89.33,116.66,109.28592203463421,87.444385793978
2024-12-11 01:00:00+00:00,107.31,86.5,112.79,105.84533195794289,82.22080799345423
2024-12-11 02:00:00+00:00,106.17,83.7,110.19,104.40569343674059,78.91340405898664
2024-12-11 03:00:00+00:00,108.69,87.21,112.26,108.81522105006846,81.81680734735156
2024-12-11 04:00:00+00:00,125.31,89.07,120.91,118.73550541945886,89.38350395633495
2024-12-11 05:00:00+00:00,163.42,112.06,145.2,142.8043203867746,112.62770830681193
2024-12-11 06:00:00+00:00,295.5,135.18,209.76,173.16575383924743,142.93658688349052
2024-12-11 07:00:00+00:00,368.97,169.76,276.66,204.58492440693888,176.31265276627272
2024-12-11 08:00:00+00:00,377.12,182.14,250.76,209.77341660665476,182.01428861963217
2024-12-11 09:00:00+00:00,348.64,184.75,212.21,206.3042935717456,179.09765645869246
2024-12-11 10:00:00+00:00,379.99,186.5,198.95,204.95817649570014,177.6774721880873
2024-12-11 11:00:00+00:00,385.87,180.62,192.25,201.17225174613324,171.67959232968764
2024-12-11 12:00:00+00:00,404.91,190.78,199.82,206.5898573286277,176.6307900015983
2024-12-11 13:00:00+00:00,371.96,189.41,218.44,209.01866477943395,176.01627542416782
2024-12-11 14:00:00+00:00,380.94,197.64,242.87,217.27498362597157,183.26505315637965
2024-12-11 15:00:00+00:00,437.87,200.18,267.35,222.78230998832453,189.52110106258505
2024-12-11 16:00:00+00:00,445.08,202.38,287.76,227.862061466459,197.1100412255645
2024-12-11 17:00:00+00:00,359.92,181.0,230.22,207.51592251231418,176.65650451094064
2024-12-11 18:00:00+00:00,341.25,180.17,197.59,198.13016696687555,170.98282587981222
2024-12-11 19:00:00+00:00,206.82,166.6,165.68,180.4974628088073,154.8536921648444
2024-12-11 20:00:00+00:00,171.2,151.15,148.34,164.89483822305777,139.96042170150469
2024-12-11 21:00:00+00:00,150.0,137.94,128.33,150.6649453180339,126.80882613831406
2024-12-11 22:00:00+00:00,135.96,121.37,113.27,136.07644193752103,111.9600742609279
2024-12-11 23:00:00+00:00,122.24,115.94,114.77,125.84784117096002,100.27122432254093
2024-12-12 00:00:00+00:00,115.3,108.22,105.74,118.49710223412495,92.34972353497507
2024-12-12 01:00:00+00:00,109.96,107.31,103.27,117.09206003236156,90.3684453940311
2024-12-12 02:00:00+00:00,107.35,106.17,104.5,117.61957499246209,89.20995009335337
2024-12-12 03:00:00+00:00,112.51,108.69,103.27,122.34785762331964,91.89392764297463
2024-12-12 04:00:00+00:00,123.67,125.31,104.12,136.95878551358922,105.47310883513103
2024-12-12 05:00:00+00:00,176.18,163.42,135.88,171.70995492826978,141.85162438662215
2024-12-12 06:00:00+00:00,599.99,295.5,143.54,252.10631642479558,236.6892612812686
2024-12-12 07:00:00+00:00,655.6,368.97,141.29,300.7616111070589,291.2680988270088
2024-12-12 08:00:00+00:00,646.76,377.12,131.78,309.3527570047705,298.4755229473418
2024-12-12 09:00:00+00:00,543.83,348.64,124.92,294.5424321009096,278.9170820681398
2024-12-12 10:00:00+00:00,465.36,379.99,107.31,309.7564003072564,297.53018138857254
2024-12-12 11:00:00+00:00,404.99,385.87,102.67,314.1950165980148,299.914832364225
2024-12-12 12:00:00+00:00,415.3,404.91,102.93,328.23951576877346,312.8931117257833
2024-12-12 13:00:00+00:00,490.34,371.96,102.89,315.62144357496186,290.1101696393129
2024-12-12 14:00:00+00:00,668.49,380.94,100.87,324.8319894141699,296.4009021399541
2024-12-12 15:00:00+00:00,818.98,437.87,101.5,357.2055068772978,335.8188222953868
2024-12-12 16:00:00+00:00,936.28,445.08,118.31,366.3219742500877,346.78231713029777
2024-12-12 17:00:00+00:00,674.18,359.92,112.16,320.89559839065,289.96754512959006
2024-12-12 18:00:00+00:00,551.01,341.25,105.36,307.77262612114623,277.1313536896505
2024-12-12 19:00:00+00:00,295.66,206.82,87.13,231.98674398491158,184.09011925319314
2024-12-12 20:00:00+00:00,169.4,171.2,77.3,205.7344720851777,156.07452152911478
2024-12-12 21:00:00+00:00,150.0,150.0,74.17,188.41853984841242,138.83334065011843
2024-12-12 22:00:00+00:00,134.75,135.96,43.14,170.88868184532902,121.7693103114364
2024-12-12 23:00:00+00:00,130.07,122.24,10.64,158.90833560451372,110.6946002643002
2024-12-13 00:00:00+00:00,122.9,115.3,4.6,151.52575473039892,103.47859287049495
2024-12-13 01:00:00+00:00,118.97,109.96,3.87,147.5056230898342,99.10817517704147
2024-12-13 02:00:00+00:00,114.95,107.35,2.31,146.5415601118398,97.2138600519973
2024-12-13 03:00:00+00:00,115.64,112.51,2.99,151.88452667285992,102.01985899738906
2024-12-13 04:00:00+00:00,125.83,123.67,10.35,164.20053250697768,114.50723029845187
2024-12-13 05:00:00+00:00,156.53,176.18,63.49,208.1987655243056,164.87102403110327
2024-12-13 06:00:00+00:00,187.71,599.99,92.71,444.35961130550317,464.21651260541296
2024-12-13 07:00:00+00:00,253.0,655.6,110.17,489.62332484282865,514.4965065670351
2024-12-13 08:00:00+00:00,245.74,646.76,110.16,488.93454476549385,511.93705116081986
2024-12-13 09:00:00+00:00,208.42,543.83,104.08,433.7429457404585,441.2392849123745
2024-12-13 10:00:00+00:00,174.4,465.36,98.37,394.61676309768535,390.8471862451361
2024-12-13 11:00:00+00:00,166.06,404.99,91.9,364.6621470325805,349.7280065731652
2024-12-13 12:00:00+00:00,165.0,415.3,100.7,373.6571178953094,356.99836340840307
2024-12-13 13:00:00+00:00,184.5,490.34,109.0,416.66445076276176,402.8503831206856
2024-12-13 14:00:00+00:00,220.77,668.49,116.92,519.0799680776012,523.3872249282538
2024-12-13 15:00:00+00:00,250.06,818.98,131.55,611.0203587536059,634.6903646498151
2024-12-13 16:00:00+00:00,284.21,936.28,142.99,684.4909639090936,723.3285786031263
2024-12-13 17:00:00+00:00,260.0,674.18,151.07,552.5412700986337,548.9178380812102
2024-12-13 18:00:00+00:00,225.6,551.01,142.48,485.79633798397975,465.3044148286505
2024-12-13 19:00:00+00:00,175.0,295.66,130.0,343.914641498887,283.18071298819694
2024-12-13 20:00:00+00:00,146.22,169.4,119.42,272.2580065041264,194.60651346677395
2024-12-13 21:00:00+00:00,135.09,150.0,121.08,256.41749302524954,178.76463468830474
2024-12-13 22:00:00+00:00,116.52,134.75,102.14,239.53149332730516,162.6297104870597
2024-12-13 23:00:00+00:00,116.94,130.07,86.65,230.55045447051117,156.13213439715832
2024-12-14 00:00:00+00:00,111.36,122.9,74.32,219.8345218530878,146.2724647654524
2024-12-14 01:00:00+00:00,108.04,118.97,68.0,212.3078639047232,139.2117877632686
2024-12-14 02:00:00+00:00,99.02,114.95,63.87,205.35060228683386,132.37008969058616
2024-12-14 03:00:00+00:00,93.44,115.64,58.09,202.49740933387193,129.95994755429808
2024-12-14 04:00:00+00:00,91.55,125.83,50.16,204.82778718160506,133.87898187979235
2024-12-14 05:00:00+00:00,92.35,156.53,39.46,219.16483143873043,154.20859555989455
2024-12-14 06:00:00+00:00,101.67,187.71,43.28,257.38407987311007,211.28188894904793
2024-12-14 07:00:00+00:00,113.75,253.0,58.06,293.17074189707097,261.03145497386413
2024-12-14 08:00:00+00:00,124.98,245.74,62.86,285.2917748884198,256.9224500473532
2024-12-14 09:00:00+00:00,120.93,208.42,64.92,256.03088426841254,224.38391767635113
2024-12-14 10:00:00+00:00,107.48,174.4,64.92,231.95597250140196,196.24014664785392
2024-12-14 11:00:00+00:00,104.71,166.06,68.0,223.63977921231617,186.2438736044155
2024-12-14 12:00:00+00:00,102.96,165.0,72.84,224.08131322754963,186.93087867582184
2024-12-14 13:00:00+00:00,96.63,184.5,74.24,239.17484368762018,207.3821164934448
2024-12-14 14:00:00+00:00,98.24,220.77,82.5,263.85266232284175,248.0691779377708
2024-12-14 15:00:00+00:00,105.67,250.06,96.45,277.6479294360287,281.6393681281002
2024-12-14 16:00:00+00:00,121.12,284.21,96.0,279.78228355764696,309.1146261892626
2024-12-14 17:00:00+00:00,93.15,260.0,87.92,239.37158590139512,267.9447966593303
2024-12-14 18:00:00+00:00,95.6,225.6,82.41,200.85911454617127,231.02974696787413
2024-12-14 19:00:00+00:00,86.01,175.0,78.92,155.6637299831649,175.715321023584
2024-12-14 20:00:00+00:00,82.78,146.22,85.03,132.15293883290846,147.7038773388224
2024-12-14 21:00:00+00:00,87.25,135.09,82.5,123.8421765950728,139.72404234072252
2024-12-14 22:00:00+00:00,73.81,116.52,74.8,109.38750949014603,124.54833180944131
2024-12-14 23:00:00+00:00,73.58,116.94,93.91,114.90316271662716,131.52157779685288
2024-12-15 00:00:00+00:00,68.48,111.36,86.83,107.5342641634221,123.6123754633146
2024-12-15 01:00:00+00:00,67.61,108.04,86.73,102.62301789753235,118.08203698066805
2024-12-15 02:00:00+00:00,59.39,99.02,83.95,95.84072298160238,108.53619156621079
2024-12-15 03:00:00+00:00,55.33,93.44,84.44,93.45625742676312,102.61185244195384
2024-12-15 04:00:00+00:00,52.74,91.55,91.13,94.57121971932249,100.20288773374261
2024-12-15 05:00:00+00:00,45.62,92.35,91.25,96.37954162290686,99.52669415134541
2024-12-15 06:00:00+00:00,53.92,101.67,91.29,105.76178717306935,106.83077853897915
2024-12-15 07:00:00+00:00,65.3,113.75,100.84,118.76478055109241,121.8536524571724
2024-12-15 08:00:00+00:00,70.65,124.98,109.4,124.86736379682958,130.82535481363476
2024-12-15 09:00:00+00:00,65.26,120.93,110.84,118.27552098340246,125.23267458049084
2024-12-15 10:00:00+00:00,60.9,107.48,117.39,108.58233110604294,114.57620634657167
2024-12-15 11:00:00+00:00,61.5,104.71,118.36,104.91538436694329,111.56583785819089
2024-12-15 12:00:00+00:00,47.51,102.96,116.74,102.01265358729265,109.63484104236656
2024-12-15 13:00:00+00:00,49.47,96.63,111.91,99.25957487726612,107.61699099863279
2024-12-15 14:00:00+00:00,47.92,98.24,121.38,101.77782885303174,114.93711395478542
2024-12-15 15:00:00+00:00,38.0,105.67,105.94,103.47686076989248,124.24796534508135
2024-12-15 16:00:00+00:00,43.42,121.12,113.61,112.26688934968705,143.4308941918676
2024-12-15 17:00:00+00:00,28.33,93.15,98.55,92.44947263527605,125.19902896479115
2024-12-15 18:00:00+00:00,24.55,95.6,97.69,86.33438332000591,125.18125335238548
2024-12-15 19:00:00+00:00,18.55,86.01,91.29,72.7195409131191,114.5133947948208
2024-12-15 20:00:00+00:00,13.96,82.78,90.56,66.08069084505416,111.19351955880465
2024-12-15 21:00:00+00:00,10.08,87.25,88.6,67.00522759987723,114.58554829067582
2024-12-15 22:00:00+00:00,2.29,73.81,75.01,54.3709102967469,101.99126559220103
2024-12-15 23:00:00+00:00,0.09,73.58,71.36,56.7059258118332,108.64209491313748
2024-12-16 00:00:00+00:00,0.1,68.48,55.83,50.506798622054376,102.27864581641207
2024-12-16 01:00:00+00:00,0.05,67.61,35.13,47.431305486784254,98.78341849736213
2024-12-16 02:00:00+00:00,0.07,59.39,34.4,45.2998911009281,93.56262977591683
2024-12-16 03:00:00+00:00,-0.01,55.33,40.01,49.510944255138845,94.07471840626998
2024-12-16 04:00:00+00:00,1.75,52.74,72.24,60.90150702126234,101.0682364762655
2024-12-16 05:00:00+00:00,7.73,45.62,79.4,69.85641876787882,104.7718488003991
2024-12-16 06:00:00+00:00,59.3,53.92,113.34,87.54349244196274,119.52696220554157
2024-12-16 07:00:00+00:00,71.79,65.3,122.54,100.90214833324205,131.00642355741547
2024-12-16 08:00:00+00:00,75.91,70.65,123.12,106.09129731919363,135.43800574750782
2024-12-16 09:00:00+00:00,75.46,65.26,129.81,104.57208265141252,131.47069064321454
2024-12-16 10:00:00+00:00,80.13,60.9,128.7,102.17947287442949,126.6646745537341
2024-12-16 11:00:00+00:00,85.22,61.5,128.32,102.40323977542087,125.24090485703485
2024-12-16 12:00:00+00:00,81.7,47.51,124.51,94.90008750311904,113.87775935324325
2024-12-16 13:00:00+00:00,81.7,49.47,121.35,96.1819457403257,113.12302917265643
2024-12-16 14:00:00+00:00,81.7,47.92,116.83,95.51345265467496,111.4108682433705
2024-12-16 15:00:00+00:00,74.0,38.0,116.08,90.64916586138702,106.27240197549854
2024-12-16 16:00:00+00:00,81.56,43.42,120.57,93.85895919984092,113.79614278346703
2024-12-16 17:00:00+00:00,72.01,28.33,123.69,83.17961138935947,103.6082098542003
2024-12-16 18:00:00+00:00,70.94,24.55,125.76,77.64772071753936,101.94279911212203
2024-12-16 19:00:00+00:00,61.5,18.55,114.97,67.02863619083537,94.33104556535132
2024-12-16 20:00:00+00:00,44.41,13.96,100.98,57.29652399452068,87.64361076943506
2024-12-16 21:00:00+00:00,44.4,10.08,98.48,52.43555219210988,83.84852159390077
2024-12-16 22:00:00+00:00,16.59,2.29,92.77,44.102139374302325,75.43455314189264
2024-12-16 23:00:00+00:00,37.45,0.09,92.85,33.05496317309586,63.69496716861686
2024-12-17 00:00:00+00:00,21.57,0.1,89.33,32.02262824007009,62.06445230051254
2024-12-17 01:00:00+00:00,20.94,0.05,86.5,33.39251377656706,61.479979340463444
2024-12-17 02:00:00+00:00,25.01,0.07,83.7,36.663882482320645,61.22966806299267
2024-12-17 03:00:00+00:00,28.98,-0.01,87.21,42.81679854124973,63.09136844813567
2024-12-17 04:00:00+00:00,57.27,1.75,89.07,52.47115007747919,67.52835597934047
2024-12-17 05:00:00+00:00,67.77,7.73,112.06,70.28871280888069,79.76228478335601
2024-12-17 06:00:00+00:00,104.94,59.3,135.18,111.16553171705218,121.00383312332114
2024-12-17 07:00:00+00:00,115.92,71.79,169.76,130.34986421556795,136.1047798834648
2024-12-17 08:00:00+00:00,114.04,75.91,182.14,137.10796327555545,140.30428686490177
2024-12-17 09:00:00+00:00,108.4,75.46,184.75,136.7400060747434,138.384223315336
2024-12-17 10:00:00+00:00,102.38,80.13,186.5,139.83743542075158,140.29567736579347
2024-12-17 11:00:00+00:00,102.72,85.22,180.62,143.5870648362336,141.51472124390853
2024-12-17 12:00:00+00:00,106.2,81.7,190.78,146.3025456288475,137.66000730624728
2024-12-17 13:00:00+00:00,109.63,81.7,189.41,153.206421909293,136.21580783623136
2024-12-17 14:00:00+00:00,116.42,81.7,197.64,161.05527226577905,136.62517127075319
2024-12-17 15:00:00+00:00,117.1,74.0,200.18,160.02294472063775,131.84437590110096
2024-12-17 16:00:00+00:00,127.33,81.56,202.38,165.13363449663262,139.9344483616355
2024-12-17 17:00:00+00:00,121.6,72.01,181.0,155.04260731250307,130.94124386225133
2024-12-17 18:00:00+00:00,108.1,70.94,180.17,149.9999111556328,129.29332387929534
2024-12-17 19:00:00+00:00,98.51,61.5,166.6,137.32472900528296,119.37548606214878
2024-12-17 20:00:00+00:00,95.84,44.41,151.15,120.15526287609276,103.9119469194595
2024-12-17 21:00:00+00:00,92.44,44.4,137.94,112.41162189621572,100.02840689030515
2024-12-17 22:00:00+00:00,70.66,16.59,121.37,89.51156480302366,76.66736040613115
2024-12-17 23:00:00+00:00,69.18,37.45,115.94,83.88512764987954,77.89414950156589
2024-12-18 00:00:00+00:00,52.31,21.57,108.22,70.50644710342875,64.94116519323879
2024-12-18 01:00:00+00:00,48.41,20.94,107.31,66.7907077386154,63.699146305964604
2024-12-18 02:00:00+00:00,45.0,25.01,106.17,66.66440194344236,65.99128801294952
2024-12-18 03:00:00+00:00,30.25,28.98,108.69,69.01479528810636,69.87840365194391
2024-12-18 04:00:00+00:00,38.0,57.27,125.31,86.30456768994608,92.17125896937796
2024-12-18 05:00:00+00:00,49.91,67.77,163.42,100.56088809111375,109.1399917696921
2024-12-18 06:00:00+00:00,57.9,104.94,295.5,142.723228099654,158.03681651594022
2024-12-18 07:00:00+00:00,77.58,115.92,368.97,159.0162404114313,177.09246745739372
2024-12-18 08:00:00+00:00,72.82,114.04,377.12,155.13244684984815,176.41293845802005
2024-12-18 09:00:00+00:00,65.99,108.4,348.64,143.97499643824068,168.2500702542616
2024-12-18 10:00:00+00:00,63.08,102.38,379.99,141.18476914914893,167.43204818848767
2024-12-18 11:00:00+00:00,63.07,102.72,385.87,138.14808626889487,166.54545173170158
2024-12-18 12:00:00+00:00,63.08,106.2,404.91,139.59295067617722,169.27561170456056
2024-12-18 13:00:00+00:00,63.08,109.63,371.96,136.4314424105621,165.53546070876308
2024-12-18 14:00:00+00:00,55.63,116.42,380.94,141.99108383333183,170.6204959589429
2024-12-18 15:00:00+00:00,46.81,117.1,437.87,149.30075431890893,178.29501793784235
2024-12-18 16:00:00+00:00,57.9,127.33,445.08,155.3233458828089,188.593847642779
2024-12-18 17:00:00+00:00,63.08,121.6,359.92,141.2384110791013,175.2692511385655
2024-12-18 18:00:00+00:00,63.08,108.1,341.25,131.57237082629703,164.8249018449768
2024-12-18 19:00:00+00:00,57.9,98.51,206.82,106.9726430463469,139.2416969598383
2024-12-18 20:00:00+00:00,50.69,95.84,171.2,97.82065572568612,129.12057074144255
2024-12-18 21:00:00+00:00,43.14,92.44,150.0,93.18239299897284,122.2550387620062
2024-12-18 22:00:00+00:00,21.44,70.66,135.96,76.08323237630579,100.9832499441198
2024-12-18 23:00:00+00:00,11.28,69.18,122.24,64.80148139740578,93.8587630660689
2024-12-19 00:00:00+00:00,13.23,52.31,115.3,51.09495805227901,78.51976909354272
2024-12-19 01:00:00+00:00,5.45,48.41,109.96,44.47423400620706,74.08699372369551
2024-12-19 02:00:00+00:00,1.25,45.0,107.35,39.994200054538815,71.47441972226824
2024-12-19 03:00:00+00:00,0.31,30.25,112.51,35.31751361787273,64.56697098624755
2024-12-19 04:00:00+00:00,2.0,38.0,123.67,46.801755483316306,76.92831498283121
2024-12-19 05:00:00+00:00,8.57,49.91,176.18,67.01183802030147,98.24363275439065
2024-12-19 06:00:00+00:00,53.95,57.9,599.99,132.06391920244386,162.94244917635348
2024-12-19 07:00:00+00:00,67.44,77.58,655.6,153.292180911302,184.4064964956592
2024-12-19 08:00:00+00:00,68.42,72.82,646.76,150.96448527633555,179.1751523111196
2024-12-19 09:00:00+00:00,65.84,65.99,543.83,135.2099632267025,160.10082692110947
2024-12-19 10:00:00+00:00,67.7,63.08,465.36,125.48962665199628,146.49411502794408
2024-12-19 11:00:00+00:00,69.72,63.07,404.99,119.8014527295287,137.13991027052435
2024-12-19 12:00:00+00:00,70.4,63.08,415.3,121.70560990048833,136.73541711198237
2024-12-19 13:00:00+00:00,69.72,63.08,490.34,132.57487901049728,144.35868397043507
2024-12-19 14:00:00+00:00,70.47,55.63,668.49,152.6389497405909,160.88057588166572
2024-12-19 15:00:00+00:00,71.46,46.81,818.98,167.31494254209326,174.08898701728612
2024-12-19 16:00:00+00:00,81.52,57.9,936.28,187.52537534689986,198.33375376168237
2024-12-19 17:00:00+00:00,92.58,63.08,674.18,155.44680485818557,169.66041017416563
2024-12-19 18:00:00+00:00,87.36,63.08,551.01,135.01852994556128,153.21247116806302
2024-12-19 19:00:00+00:00,75.37,57.9,295.66,92.8477041153161,115.21226361575793
2024-12-19 20:00:00+00:00,70.0,50.69,169.4,64.53227915092143,91.92246040765443
2024-12-19 21:00:00+00:00,69.72,43.14,150.0,51.3455773161056,82.3033999545545
2024-12-19 22:00:00+00:00,55.01,21.44,134.75,31.26767988810198,62.439731365367315
2024-12-19 23:00:00+00:00,47.72,11.28,130.07,24.37611473094549,58.38597135115485
2024-12-20 00:00:00+00:00,31.48,13.23,122.9,22.631855287307644,56.5323031967892
2024-12-20 01:00:00+00:00,16.31,5.45,118.97,19.027099153661922,50.39425079009059
2024-12-20 02:00:00+00:00,17.43,1.25,114.95,19.852944104341418,47.66690287932066
2024-12-20 03:00:00+00:00,22.82,0.31,115.64,24.982502688404807,48.14661946404388
2024-12-20 04:00:00+00:00,48.49,2.0,125.83,36.023493832588926,54.50442393741601
2024-12-20 05:00:00+00:00,66.15,8.57,156.53,54.76772785373391,69.12825335548634
2024-12-20 06:00:00+00:00,102.4,53.95,187.71,91.02386450521419,105.63053241334048
2024-12-20 07:00:00+00:00,109.72,67.44,253.0,111.77651685607913,124.19023509528569
2024-12-20 08:00:00+00:00,106.65,68.42,245.74,108.62397837862851,121.12365409963192
2024-12-20 09:00:00+00:00,103.14,65.84,208.42,98.19207533387873,112.21024606086296
2024-12-20 10:00:00+00:00,97.44,67.7,174.4,91.02360883802153,106.75505538418282
2024-12-20 11:00:00+00:00,87.56,69.72,166.06,89.39430831783679,104.7278282617242
2024-12-20 12:00:00+00:00,83.84,70.4,165.0,89.32949921458456,102.0252758510176
2024-12-20 13:00:00+00:00,88.03,69.72,184.5,94.08068562995396,101.01245286184695
2024-12-20 14:00:00+00:00,98.67,70.47,220.77,102.11870629142487,102.7398203555384
2024-12-20 15:00:00+00:00,105.24,71.46,250.06,104.40065479911355,104.52238894134535
2024-12-20 16:00:00+00:00,109.89,81.52,284.21,108.12525150842544,115.3002484581743
2024-12-20 17:00:00+00:00,101.18,92.58,260.0,103.67460140455158,118.497737978487
2024-12-20 18:00:00+00:00,98.65,87.36,225.6,88.38162500738312,108.20227431620626
2024-12-20 19:00:00+00:00,89.73,75.37,175.0,68.85004842651719,91.25943925107082
2024-12-20 20:00:00+00:00,71.82,70.0,146.22,55.911570485267916,81.60247901901701
2024-12-20 21:00:00+00:00,70.34,69.72,135.09,49.550998623497065,77.9509131239175
2024-12-20 22:00:00+00:00,58.26,55.01,116.52,32.47859990649772,61.714234632944624
2024-12-20 23:00:00+00:00,27.75,47.72,116.94,23.658114380327078,54.52500072531429
2024-12-21 00:00:00+00:00,22.75,31.48,111.36,9.59166894567089,40.10176493409297
2024-12-21 01:00:00+00:00,21.56,16.31,108.04,-3.286624386725265,25.809084943659855
2024-12-21 02:00:00+00:00,19.41,17.43,99.02,-7.937391807113983,21.418854907728615
2024-12-21 03:00:00+00:00,18.11,22.82,93.44,-8.124548902516622,21.14452415962336
2024-12-21 04:00:00+00:00,20.04,48.49,91.55,3.255957120064167,33.85376308509949
2024-12-21 05:00:00+00:00,20.0,66.15,92.35,11.058802493136596,41.39402376046918
2024-12-21 06:00:00+00:00,21.21,102.4,101.67,36.80509242710272,68.35858966220265
2024-12-21 07:00:00+00:00,22.87,109.72,113.75,46.75231157596857,75.69708009205875
2024-12-21 08:00:00+00:00,29.33,106.65,124.98,47.28010765548582,75.5937080867094
2024-12-21 09:00:00+00:00,31.43,103.14,120.93,42.737451404998026,71.79234468994218
2024-12-21 10:00:00+00:00,31.01,97.44,107.48,37.211417244998046,65.67263712383141
2024-12-21 11:00:00+00:00,31.23,87.56,104.71,31.656024214587802,58.09363583222272
2024-12-21 12:00:00+00:00,29.9,83.84,102.96,29.17618044478563,54.315659707004926
2024-12-21 13:00:00+00:00,25.92,88.03,96.63,31.91821083737709,56.83862296585382
2024-12-21 14:00:00+00:00,27.28,98.67,98.24,37.30242248200989,65.35531755067001
2024-12-21 15:00:00+00:00,29.31,105.24,105.67,41.03552954485227,74.22499609232821
2024-12-21 16:00:00+00:00,29.27,109.89,121.12,44.53735563515927,85.07028599623231
2024-12-21 17:00:00+00:00,27.95,101.18,93.15,34.695754760752536,80.9016970829432
2024-12-21 18:00:00+00:00,20.73,98.65,95.6,29.26574659947437,81.48330565601104
2024-12-21 19:00:00+00:00,15.3,89.73,86.01,17.711354460764483,73.89050549744621
2024-12-21 20:00:00+00:00,4.9,71.82,82.78,4.901780224873221,61.634511562221945
2024-12-21 21:00:00+00:00,3.0,70.34,87.25,4.667498124627443,62.40750398710504
2024-12-21 22:00:00+00:00,1.0,58.26,73.81,-6.4529533172076725,50.54781601584057
2024-12-21 23:00:00+00:00,0.0,27.75,73.58,-17.03258008927689,35.07809675685904
2024-12-22 00:00:00+00:00,-0.03,22.75,68.48,-21.556755176175713,27.02006214460907
2024-12-22 01:00:00+00:00,-0.46,21.56,67.61,-24.643014116720607,21.63826396103532
2024-12-22 02:00:00+00:00,-1.04,19.41,59.39,-27.349445445680715,15.91957222400326
2024-12-22 03:00:00+00:00,-2.06,18.11,55.33,-26.440043774963826,12.58202507403928
2024-12-22 04:00:00+00:00,-0.47,20.04,52.74,-21.87803704653301,13.043808182274617
2024-12-22 05:00:00+00:00,-0.68,20.0,45.62,-20.89485660993745,9.599269705531114
2024-12-22 06:00:00+00:00,-0.12,21.21,53.92,-11.99273701793146,12.667896605537777
2024-12-22 07:00:00+00:00,3.46,22.87,65.3,-4.327289421945849,15.96781643171606
2024-12-22 08:00:00+00:00,20.6,29.33,70.65,4.029652699821142,21.97330835280158
2024-12-22 09:00:00+00:00,20.17,31.43,65.26,4.4780715359466825,22.372765984861047
2024-12-22 10:00:00+00:00,23.0,31.01,60.9,2.8044688165533813,21.362224249791367
2024-12-22 11:00:00+00:00,21.19,31.23,61.5,1.7051705859749404,20.13816074138559
2024-12-22 12:00:00+00:00,21.39,29.9,47.51,-1.3070077290746127,16.133041351049656
2024-12-22 13:00:00+00:00,28.02,25.92,49.47,1.3899587805540392,15.025049736531358
2024-12-22 14:00:00+00:00,41.77,27.28,47.92,8.35418886605909,19.044862523949632
2024-12-22 15:00:00+00:00,46.93,29.31,38.0,12.510239676555926,23.85628711930498
2024-12-22 16:00:00+00:00,65.47,29.27,43.42,16.92548226664786,31.39072263122945
2024-12-22 17:00:00+00:00,60.79,27.95,28.33,15.353554733214239,33.57604969483256
2024-12-22 18:00:00+00:00,58.21,20.73,24.55,8.185503843331787,30.584516069033754
2024-12-22 19:00:00+00:00,46.93,15.3,18.55,-0.8899892381911059,26.25326900216271
2024-12-22 20:00:00+00:00,36.66,4.9,13.96,-11.096535363167632,18.62334788974856
2024-12-22 21:00:00+00:00,36.2,3.0,10.08,-14.796371648522438,18.128578051477902
2024-12-22 22:00:00+00:00,24.5,1.0,2.29,-22.147134505343203,13.926346487416296
2024-12-22 23:00:00+00:00,29.19,0.0,0.09,-12.08997206026217,17.41963457759961
2024-12-23 00:00:00+00:00,20.13,-0.03,0.1,-13.387477754281278,16.336779045184002
2024-12-23 01:00:00+00:00,14.31,-0.46,0.05,-13.193476209334563,15.999517221511041
2024-12-23 02:00:00+00:00,9.12,-1.04,0.07,-12.626605088530923,15.997695342541405
2024-12-23 03:00:00+00:00,9.78,-2.06,-0.01,-9.972076798345057,17.683399313470048
2024-12-23 04:00:00+00:00,14.8,-0.47,1.75,-3.4045783241299006,23.068275870029296
2024-12-23 05:00:00+00:00,17.39,-0.68,7.73,2.6294882773330954,28.557391068660365
2024-12-23 06:00:00+00:00,52.01,-0.12,59.3,17.11808201661613,40.02210692051746
2024-12-23 07:00:00+00:00,59.34,3.46,71.79,25.12786980621756,46.01569036842469
2024-12-23 08:00:00+00:00,59.62,20.6,75.91,33.3778402650029,56.792590563316594
2024-12-23 09:00:00+00:00,52.73,20.17,75.46,32.81920064698758,56.054798580240046
2024-12-23 10:00:00+00:00,52.0,23.0,80.13,32.52803444678244,56.39460665798031
2024-12-23 11:00:00+00:00,54.17,21.19,85.22,31.021282128133578,54.533516309165854
2024-12-23 12:00:00+00:00,54.81,21.39,81.7,29.069604729074413,52.2627982279775
2024-12-23 13:00:00+00:00,61.56,28.02,81.7,33.00655344256862,54.343513034666756
2024-12-23 14:00:00+00:00,73.69,41.77,81.7,43.565344465767176,63.210208577939014
2024-12-23 15:00:00+00:00,82.56,46.93,74.0,47.87953086662071,66.69424936698785
2024-12-23 16:00:00+00:00,98.25,65.47,81.56,63.4891643335558,84.91586582619718
2024-12-23 17:00:00+00:00,101.75,60.79,72.01,60.70650135373539,82.26821315799312
2024-12-23 18:00:00+00:00,97.47,58.21,70.94,58.14022276520856,79.70820377353978
2024-12-23 19:00:00+00:00,92.59,46.93,61.5,49.006103444033535,68.94974690219018
2024-12-23 20:00:00+00:00,108.29,36.66,44.41,39.730041620822355,57.23643308580754
2024-12-23 21:00:00+00:00,105.82,36.2,44.4,40.33626778388048,55.98431663873793
2024-12-23 22:00:00+00:00,96.99,24.5,16.59,30.654756566594145,42.38180847930436
2024-12-23 23:00:00+00:00,86.03,29.19,37.45,25.787377845628313,36.83158937246332
2024-12-24 00:00:00+00:00,82.84,20.13,21.57,20.626053106745573,27.232824745723406
2024-12-24 01:00:00+00:00,81.89,14.31,20.94,20.178849038735237,22.05795625833396
2024-12-24 02:00:00+00:00,78.0,9.12,25.01,22.449273399285644,18.949172531566077
2024-12-24 03:00:00+00:00,78.78,9.78,28.98,29.17469024750227,20.552671530795095
2024-12-24 04:00:00+00:00,80.6,14.8,57.27,40.78906331943203,27.404803386194743
2024-12-24 05:00:00+00:00,85.07,17.39,67.77,50.09350600043369,31.470844748137864
2024-12-24 06:00:00+00:00,100.83,52.01,104.94,77.97718019947278,59.917182665437835
2024-12-24 07:00:00+00:00,115.09,59.34,115.92,87.85975749564977,67.48742450767001
2024-12-24 08:00:00+00:00,120.95,59.62,114.04,90.03673542890377,69.2486083804574
2024-12-24 09:00:00+00:00,120.0,52.73,108.4,85.01751211240295,63.38054221022889
2024-12-24 10:00:00+00:00,118.16,52.0,102.38,83.85415163983731,61.96532036407689
2024-12-24 11:00:00+00:00,117.49,54.17,102.72,84.66324283643884,62.01151508384612
2024-12-24 12:00:00+00:00,115.38,54.81,106.2,84.31878916835515,60.53365911903641
2024-12-24 13:00:00+00:00,117.98,61.56,109.63,88.22408184658346,64.15412593848919
2024-12-24 14:00:00+00:00,119.5,73.69,116.42,95.66019879504051,73.06698927979092
2024-12-24 15:00:00+00:00,120.21,82.56,117.1,100.47805419238223,80.67952744169618
2024-12-24 16:00:00+00:00,118.0,98.25,127.33,112.09248616106022,97.5897650269181
2024-12-24 17:00:00+00:00,110.98,101.75,121.6,113.01339787963228,100.95193451534061
2024-12-24 18:00:00+00:00,105.66,97.47,108.1,107.08116614009907,96.66908794520704
2024-12-24 19:00:00+00:00,102.56,92.59,98.51,98.62362784805642,90.39439859514022
2024-12-24 20:00:00+00:00,94.63,108.29,95.84,101.52457573212425,98.67661695099072
2024-12-24 21:00:00+00:00,99.04,105.82,92.44,94.37484230943554,94.41044989819244
2024-12-24 22:00:00+00:00,90.0,96.99,70.66,82.61500899269691,83.40897419198853
2024-12-24 23:00:00+00:00,91.37,86.03,69.18,66.29947349011724,64.23078989369367
2024-12-25 00:00:00+00:00,86.44,82.84,52.31,59.70284376598723,57.3141391490138
2024-12-25 01:00:00+00:00,85.07,81.89,48.41,57.82291740121494,54.341120118401186
2024-12-25 02:00:00+00:00,80.81,78.0,45.0,55.27421354094578,49.26189425447792
2024-12-25 03:00:00+00:00,75.99,78.78,30.25,54.92210430817945,46.32256236903127
2024-12-25 04:00:00+00:00,80.81,80.6,38.0,59.39833822858722,47.790498044014726
2024-12-25 05:00:00+00:00,83.01,85.07,49.91,64.55060387185053,50.21910417978707
2024-12-25 06:00:00+00:00,84.94,100.83,57.9,79.46271577953925,64.35531011596444
2024-12-25 07:00:00+00:00,90.21,115.09,77.58,94.57043810895013,78.04824123484875
2024-12-25 08:00:00+00:00,99.24,120.95,72.82,99.46537831847931,83.34877627583475
2024-12-25 09:00:00+00:00,93.56,120.0,65.99,95.84917037246352,81.16970251576677
2024-12-25 10:00:00+00:00,92.55,118.16,63.08,94.0914345263053,78.92472524462906
2024-12-25 11:00:00+00:00,94.41,117.49,63.07,94.5686830090898,77.0948678066944
2024-12-25 12:00:00+00:00,91.03,115.38,63.08,93.92529311050407,72.7393468088283
2024-12-25 13:00:00+00:00,99.17,117.98,63.08,98.39154603834209,73.07463078990162
2024-12-25 14:00:00+00:00,112.69,119.5,55.63,102.03365457598117,73.09227093323699
2024-12-25 15:00:00+00:00,118.01,120.21,46.81,103.97487282555929,74.2351476811616
2024-12-25 16:00:00+00:00,120.53,118.0,57.9,105.86078091324825,78.93185741604474
2024-12-25 17:00:00+00:00,119.11,110.98,63.08,102.40900647180791,78.16842295702988
2024-12-25 18:00:00+00:00,118.01,105.66,63.08,96.66118795141665,75.53507170809343
2024-12-25 19:00:00+00:00,118.33,102.56,57.9,90.24746416414379,72.50735427327645
2024-12-25 20:00:00+00:00,113.01,94.63,50.69,82.59444899706561,67.71358470356387
2024-12-25 21:00:00+00:00,114.07,99.04,43.14,81.40914390671387,69.88213541079635
2024-12-25 22:00:00+00:00,104.63,90.0,21.44,70.60098974179643,59.463951684489494
2024-12-25 23:00:00+00:00,102.17,91.37,11.28,61.54795492557827,50.3298189067954
2024-12-26 00:00:00+00:00,95.06,86.44,13.23,56.985589758623355,45.4111915615748
2024-12-26 01:00:00+00:00,94.61,85.07,5.45,55.703702761045854,43.11134598382065
2024-12-26 02:00:00+00:00,89.64,80.81,1.25,53.68954798967088,38.789821597265956
2024-12-26 03:00:00+00:00,90.87,75.99,0.31,53.45833505790704,35.3912952797654
2024-12-26 04:00:00+00:00,95.1,80.81,2.0,59.83912226763076,39.13362187099919
2024-12-26 05:00:00+00:00,99.0,83.01,8.57,65.0577279570536,40.97737571437007
2024-12-26 06:00:00+00:00,112.61,84.94,53.95,76.68434971061212,49.385731005953566
2024-12-26 07:00:00+00:00,119.1,90.21,67.44,85.85422606264936,57.02279155020473
2024-12-26 08:00:00+00:00,118.23,99.24,68.42,91.19333353906957,66.02331994178476
2024-12-26 09:00:00+00:00,113.25,93.56,65.84,83.9684007096527,61.74926524922401
2024-12-26 10:00:00+00:00,106.01,92.55,67.7,81.39860466057618,60.918743506774746
2024-12-26 11:00:00+00:00,107.71,94.41,69.72,81.05409074116957,60.63337005250193
2024-12-26 12:00:00+00:00,103.9,91.03,70.4,79.33809072741434,55.9806257681619
2024-12-26 13:00:00+00:00,109.64,99.17,69.72,87.07897519479684,60.19009702573
2024-12-26 14:00:00+00:00,120.75,112.69,70.47,99.1571289398265,68.39673573087894
2024-12-26 15:00:00+00:00,129.64,118.01,71.46,105.5549002502524,73.38250350565414
2024-12-26 16:00:00+00:00,137.9,120.53,81.52,109.41651520098402,80.05244097744168
2024-12-26 17:00:00+00:00,138.05,119.11,92.58,109.34227569260894,82.75708470149983
2024-12-26 18:00:00+00:00,135.71,118.01,87.36,105.50843861062592,82.05037285183859
2024-12-26 19:00:00+00:00,129.13,118.33,75.37,101.0910593332712,80.99155396397363
2024-12-26 20:00:00+00:00,120.85,113.01,70.0,94.46813760728702,76.4664327993983
2024-12-26 21:00:00+00:00,123.5,114.07,69.72,95.08817810404027,79.8205635240767
2024-12-26 22:00:00+00:00,116.98,104.63,55.01,84.21863203615551,69.70277163020071
2024-12-26 23:00:00+00:00,106.79,102.17,47.72,84.3010434693037,71.3010540676192
2024-12-27 00:00:00+00:00,101.52,95.06,31.48,77.05884260259353,63.49468800031086
2024-12-27 01:00:00+00:00,101.03,94.61,16.31,74.91567445897068,60.789334664170966
2024-12-27 02:00:00+00:00,99.74,89.64,17.43,73.90371001626114,57.254268430752944
2024-12-27 03:00:00+00:00,99.58,90.87,22.82,78.77590818738123,59.36119003704803
2024-12-27 04:00:00+00:00,106.2,95.1,48.49,87.9570890497483,65.99150345513623
2024-12-27 05:00:00+00:00,115.7,99.0,66.15,97.78332120908425,72.21368065767761
2024-12-27 06:00:00+00:00,124.29,112.61,102.4,115.54731447055474,87.45896152736502
2024-12-27 07:00:00+00:00,131.85,119.1,109.72,124.4303823588265,94.68616151891567
2024-12-27 08:00:00+00:00,130.15,118.23,106.65,119.97394702717538,95.14280748802612
2024-12-27 09:00:00+00:00,120.1,113.25,103.14,109.48919873053558,90.02326576110903
2024-12-27 10:00:00+00:00,107.94,106.01,97.44,100.47833266200365,83.24467479068647
2024-12-27 11:00:00+00:00,107.81,107.71,87.56,98.37258981005162,81.27428706952911
2024-12-27 12:00:00+00:00,107.94,103.9,83.84,96.95632781911581,75.51016672050854
2024-12-27 13:00:00+00:00,121.65,109.64,88.03,106.9189101427783,79.20275954636728
2024-12-27 14:00:00+00:00,136.46,120.75,98.67,123.07783203170204,88.36251828955301
2024-12-27 15:00:00+00:00,146.25,129.64,105.24,133.24059204033136,95.8793425218088
2024-12-27 16:00:00+00:00,151.8,137.9,109.89,139.5688777423478,105.35829504253496
2024-12-27 17:00:00+00:00,158.4,138.05,101.18,137.2986528986798,106.04885548166516
2024-12-27 18:00:00+00:00,146.43,135.71,98.65,132.83606571071593,104.7566537936387
2024-12-27 19:00:00+00:00,133.14,129.13,89.73,124.68457736238628,99.37575236928475
2024-12-27 20:00:00+00:00,125.42,120.85,71.82,114.2332173577556,91.14540471698841
2024-12-27 21:00:00+00:00,126.76,123.5,70.34,111.60889370016628,92.28861733875557
2024-12-27 22:00:00+00:00,114.0,116.98,58.26,101.7935038345457,83.97639556851983
2024-12-27 23:00:00+00:00,126.4,106.79,27.75,94.59745240380897,74.53923226613539
2024-12-28 00:00:00+00:00,116.63,101.52,22.75,87.94400265981955,67.62468995228868
2024-12-28 01:00:00+00:00,110.15,101.03,21.56,85.17097916656901,64.44481531463028
2024-12-28 02:00:00+00:00,105.92,99.74,19.41,82.03862264857759,59.64033202996483
2024-12-28 03:00:00+00:00,102.93,99.58,18.11,81.91728554344517,57.070342325595576
2024-12-28 04:00:00+00:00,105.58,106.2,20.04,87.27634108451511,60.25747141989502
2024-12-28 05:00:00+00:00,109.71,115.7,20.0,92.06185296087082,63.18510947309843
2024-12-28 06:00:00+00:00,124.24,124.29,21.21,98.8449595877428,67.82209039740295
2024-12-28 07:00:00+00:00,128.0,131.85,22.87,106.28658810872255,73.78693268772805
2024-12-28 08:00:00+00:00,128.3,130.15,29.33,102.96206562088237,74.03526541987574
2024-12-28 09:00:00+00:00,122.83,120.1,31.43,91.25036478382307,66.78402841866057
2024-12-28 10:00:00+00:00,113.4,107.94,31.01,79.78512152769312,57.64883740507723
2024-12-28 11:00:00+00:00,108.97,107.81,31.23,77.96339879111399,57.07640593497271
2024-12-28 12:00:00+00:00,110.01,107.94,29.9,78.99921704566833,55.521588018488515
2024-12-28 13:00:00+00:00,117.83,121.65,25.92,93.52973202488897,65.2875367316196
2024-12-28 14:00:00+00:00,137.84,136.46,27.28,112.9794509684989,78.38152735068047
2024-12-28 15:00:00+00:00,143.25,146.25,29.31,126.36897787274174,89.78582275955505
2024-12-28 16:00:00+00:00,152.0,151.8,29.27,132.70560419879968,100.03398758252636
2024-12-28 17:00:00+00:00,147.51,158.4,27.95,136.49279708827981,108.86776575460121
2024-12-28 18:00:00+00:00,140.48,146.43,20.73,127.20334799893953,102.53098264203865
2024-12-28 19:00:00+00:00,129.26,133.14,15.3,115.4913507325418,93.80953846737614
2024-12-28 20:00:00+00:00,125.9,125.42,4.9,105.95375853022648,87.7630175970459
2024-12-28 21:00:00+00:00,121.25,126.76,3.0,103.70756139454141,90.0438688901642
2024-12-28 22:00:00+00:00,114.93,114.0,1.0,91.77682512353482,79.80059015428749
2024-12-28 23:00:00+00:00,127.39,126.4,0.0,95.60826284129354,91.3644754367023
2024-12-29 00:00:00+00:00,114.09,116.63,-0.03,85.25249528756967,81.6682058902568
2024-12-29 01:00:00+00:00,107.71,110.15,-0.46,78.04468717911398,74.18364698250758
2024-12-29 02:00:00+00:00,101.7,105.92,-1.04,73.05049032072486,67.964833155238
2024-12-29 03:00:00+00:00,97.73,102.93,-2.06,69.66706833015161,62.92632964547095
2024-12-29 04:00:00+00:00,98.61,105.58,-0.47,69.70826838870553,61.91846638767718
2024-12-29 05:00:00+00:00,98.16,109.71,-0.68,69.2327665678288,60.377638285548514
2024-12-29 06:00:00+00:00,102.09,124.24,-0.12,77.2644404757615,68.1667402524093
2024-12-29 07:00:00+00:00,110.71,128.0,3.46,81.26123931448258,71.75952475767431
2024-12-29 08:00:00+00:00,114.65,128.3,20.6,80.97912605127567,75.49316524777227
2024-12-29 09:00:00+00:00,104.07,122.83,20.17,72.61573904494782,71.1945532359648
2024-12-29 10:00:00+00:00,100.19,113.4,23.0,64.92683879401532,64.59382570009785
2024-12-29 11:00:00+00:00,100.72,108.97,21.19,60.77956053994728,60.61656447647069
2024-12-29 12:00:00+00:00,99.73,110.01,21.39,61.175989516870715,59.90734892590228
2024-12-29 13:00:00+00:00,98.44,117.83,28.02,70.90415106949055,67.691638844692
2024-12-29 14:00:00+00:00,104.01,137.84,41.77,88.42755312993549,85.65547005131461
2024-12-29 15:00:00+00:00,121.73,143.25,46.93,95.05749128540249,94.72493676951743
2024-12-29 16:00:00+00:00,122.0,152.0,65.47,103.6133706563836,109.8613890445719
2024-12-29 17:00:00+00:00,126.11,147.51,60.79,101.12724122550833,112.59462431853837
2024-12-29 18:00:00+00:00,121.34,140.48,58.21,93.6496500938472,109.65421640473078
2024-12-29 19:00:00+00:00,109.92,129.26,46.93,81.6979355542043,101.62404464223303
2024-12-29 20:00:00+00:00,90.21,125.9,36.66,74.73706523055694,99.27147640863305
2024-12-29 21:00:00+00:00,83.79,121.25,36.2,70.61474403098325,98.22826412333823
2024-12-29 22:00:00+00:00,71.63,114.93,24.5,60.085737249308856,90.7297359907589
2024-12-29 23:00:00+00:00,71.73,127.39,29.19,70.28524145635011,105.72940555365042
2024-12-30 00:00:00+00:00,68.6,114.09,20.13,59.13910543547527,94.09272039097549
2024-12-30 01:00:00+00:00,68.6,107.71,14.31,54.02031250255423,88.27173334481317
2024-12-30 02:00:00+00:00,64.65,101.7,9.12,51.05461164852557,83.60930669301494
2024-12-30 03:00:00+00:00,66.89,97.73,9.78,52.9030582120777,82.89480908433679
2024-12-30 04:00:00+00:00,69.17,98.61,14.8,59.15970575680294,86.54414978298976
2024-12-30 05:00:00+00:00,71.14,98.16,17.39,65.50442962743824,89.63664825036373
2024-12-30 06:00:00+00:00,80.2,102.09,52.01,79.08083015151655,99.75121690930398
2024-12-30 07:00:00+00:00,86.3,110.71,59.34,89.34680429661427,108.12506109280956
2024-12-30 08:00:00+00:00,87.06,114.65,59.62,92.38087055585528,111.4152135923866
2024-12-30 09:00:00+00:00,83.71,104.07,52.73,84.35889586018108,102.63176969715289
2024-12-30 10:00:00+00:00,78.88,100.19,52.0,81.29569126622748,99.34184718816331
2024-12-30 11:00:00+00:00,82.86,100.72,54.17,80.15764208046754,98.17864108084659
2024-12-30 12:00:00+00:00,80.5,99.73,54.81,78.04809648088583,95.51778382957725
2024-12-30 13:00:00+00:00,83.7,98.44,61.56,79.25380092337541,94.78010783512954
2024-12-30 14:00:00+00:00,92.42,104.01,73.69,85.63590763405256,100.97916201676388
2024-12-30 15:00:00+00:00,96.97,121.73,82.56,95.8412511731181,114.84526000164816
2024-12-30 16:00:00+00:00,109.97,122.0,98.25,97.4219129073694,120.75221817012365
2024-12-30 17:00:00+00:00,100.0,126.11,101.75,96.63253035714284,125.02102495838027
2024-12-30 18:00:00+00:00,86.62,121.34,97.47,88.70598678444631,120.88239856133407
2024-12-30 19:00:00+00:00,74.83,109.92,92.59,75.9963075746929,110.84082585135262
2024-12-30 20:00:00+00:00,68.02,90.21,108.29,63.008419449583954,98.54215410769413
2024-12-30 21:00:00+00:00,67.26,83.79,105.82,58.08580542551866,93.66425550798313
2024-12-30 22:00:00+00:00,35.66,71.63,96.99,47.811209278202604,82.92020222255367
2024-12-30 23:00:00+00:00,50.49,71.73,86.03,41.665787411420155,74.03859740376916
2024-12-31 00:00:00+00:00,45.9,68.6,82.84,39.154073148656664,69.80884647215262
2024-12-31 01:00:00+00:00,56.43,68.6,81.89,40.78537998876056,68.98297169681784
2024-12-31 02:00:00+00:00,57.06,64.65,78.0,40.739349167201766,65.50819232291657
2024-12-31 03:00:00+00:00,63.92,66.89,78.78,45.86501116787703,67.86769120988954
2024-12-31 04:00:00+00:00,63.72,69.17,80.6,52.18523751077611,70.9180265989572
2024-12-31 05:00:00+00:00,63.7,71.14,85.07,58.308719954500866,73.78668771454039
2024-12-31 06:00:00+00:00,71.63,80.2,100.83,71.1302880789157,82.97244180820894
2024-12-31 07:00:00+00:00,78.43,86.3,115.09,80.72049539791138,90.55137926838162
2024-12-31 08:00:00+00:00,83.46,87.06,120.95,81.77845629578978,93.18418647829463
2024-12-31 09:00:00+00:00,82.47,83.71,120.0,75.39429038777521,89.52573977306741
2024-12-31 10:00:00+00:00,81.03,78.88,118.16,68.61939324806853,85.83709885300121
2024-12-31 11:00:00+00:00,81.17,82.86,117.49,66.77344116847351,87.10236395793746
2024-12-31 12:00:00+00:00,78.93,80.5,115.38,63.35388395596876,82.88265693543164
2024-12-31 13:00:00+00:00,76.84,83.7,117.98,67.07973306019619,83.7356105537965
2024-12-31 14:00:00+00:00,82.07,92.42,119.5,73.88855392257084,89.06497093205365
2024-12-31 15:00:00+00:00,83.67,96.97,120.21,75.29775582484004,94.09685869319783
2024-12-31 16:00:00+00:00,83.25,109.97,118.0,76.82881161562796,105.16823328525034
2024-12-31 17:00:00+00:00,77.68,100.0,110.98,66.1541016049355,100.23938781724937
2024-12-31 18:00:00+00:00,67.77,86.62,105.66,51.47737666320052,91.06995939227647
2024-12-31 19:00:00+00:00,35.56,74.83,102.56,35.63682286094231,80.79037024841071
2024-12-31 20:00:00+00:00,15.7,68.02,94.63,22.982515412860437,72.96824766513396
2024-12-31 21:00:00+00:00,9.06,67.26,99.04,17.05005206924423,70.66738917292312
2024-12-31 22:00:00+00:00,0.52,35.66,90.0,-3.675661765038285,47.633756505630416
