timestamp_utc,price_eur_mwh,lag_24_pred,lag_168_pred,elasticnet_full_pred,elasticnet_tier1_pred
2022-12-31 23:00:00+00:00,-5.17,-0.03,120.28,-24.078476587191076,21.049687577219515
2023-01-01 00:00:00+00:00,-1.07,-0.07,112.11,-29.174592035357463,16.56436603826009
2023-01-01 01:00:00+00:00,-1.47,-0.03,106.65,-32.486346444619684,12.632197181975059
2023-01-01 02:00:00+00:00,-5.08,-0.04,90.84,-35.826427736086444,6.815056929457526
2023-01-01 03:00:00+00:00,-4.49,-0.03,85.7,-36.22868861630782,3.0967559830460516
2023-01-01 04:00:00+00:00,-5.4,-0.02,85.65,-37.74848259303933,-1.6076637755369205
2023-01-01 05:00:00+00:00,-5.02,-0.01,85.64,-40.25857666759647,-7.1223124278258325
2023-01-01 06:00:00+00:00,-1.3,-0.05,92.7,-36.525481250711394,-8.926243572702504
2023-01-01 07:00:00+00:00,-1.44,0.63,110.1,-31.609415404906215,-8.060439245683327
2023-01-01 08:00:00+00:00,-1.09,-0.03,113.28,-32.21427297115797,-8.305050618890021
2023-01-01 09:00:00+00:00,-1.07,-0.3,119.6,-33.39412534561815,-8.113026939502575
2023-01-01 10:00:00+00:00,-1.07,-1.66,121.36,-32.63423870140274,-8.316413856341896
2023-01-01 11:00:00+00:00,-0.79,-3.78,101.01,-32.810718622427416,-13.191596496296498
2023-01-01 12:00:00+00:00,-0.27,-3.44,95.6,-26.174671840805516,-13.848872488208016
2023-01-01 13:00:00+00:00,0.85,-2.07,92.89,-18.76475734294644,-11.899339118042604
2023-01-01 14:00:00+00:00,23.53,-1.98,110.08,-5.169777165854342,-6.4286144578461375
2023-01-01 15:00:00+00:00,36.54,-0.9,112.91,4.377781218542069,-0.6971262679458761
2023-01-01 16:00:00+00:00,46.03,0.0,130.42,12.809082993708728,9.525591634332713
2023-01-01 17:00:00+00:00,55.57,-0.01,120.38,11.685264443059069,12.163426166917986
2023-01-01 18:00:00+00:00,54.95,-1.01,110.09,7.436933138218663,12.330860544404587
2023-01-01 19:00:00+00:00,49.23,-1.39,118.21,5.340018305761632,13.081428513453105
2023-01-01 20:00:00+00:00,44.99,-1.04,106.52,2.7442065732971344,13.376204118648758
2023-01-01 21:00:00+00:00,45.96,-1.07,102.25,2.158102982501404,14.911012420112726
2023-01-01 22:00:00+00:00,35.0,-0.68,100.0,-1.9813670561711803,13.70422070580453
2023-01-01 23:00:00+00:00,57.91,-5.17,50.3,3.341837845477855,17.89956738103821
2023-01-02 00:00:00+00:00,51.67,-1.07,36.98,2.3154152333012803,17.95498532979687
2023-01-02 01:00:00+00:00,52.93,-1.47,27.02,-0.649014918876432,16.081009255882904
2023-01-02 02:00:00+00:00,44.09,-5.08,21.3,-3.739376230631933,13.263206657311557
2023-01-02 03:00:00+00:00,50.08,-4.49,17.9,-2.017133668004405,14.538983651681136
2023-01-02 04:00:00+00:00,69.72,-5.4,16.33,1.4241530303447405,16.08852833843129
2023-01-02 05:00:00+00:00,105.08,-5.02,18.11,9.803583649331088,21.861485696346406
2023-01-02 06:00:00+00:00,140.64,-1.3,23.29,19.935367583407043,28.841984838718943
2023-01-02 07:00:00+00:00,145.98,-1.44,38.68,24.564146981258233,31.80757489348055
2023-01-02 08:00:00+00:00,147.05,-1.09,53.57,23.360981370277386,33.70047236910631
2023-01-02 09:00:00+00:00,145.61,-1.07,59.3,19.38460034501537,33.6578678490832
2023-01-02 10:00:00+00:00,143.35,-1.07,59.0,16.48690331173735,32.86605817592388
2023-01-02 11:00:00+00:00,144.38,-0.79,54.9,15.819027247145215,31.079545258925037
2023-01-02 12:00:00+00:00,143.76,-0.27,29.99,15.547611180707875,26.852587777629694
2023-01-02 13:00:00+00:00,148.2,0.85,32.64,19.66904273779042,26.251734578003422
2023-01-02 14:00:00+00:00,155.34,23.53,33.99,36.236515035880856,41.914194361416996
2023-01-02 15:00:00+00:00,162.89,36.54,47.63,47.87131756311393,53.890528837905514
2023-01-02 16:00:00+00:00,170.0,46.03,54.98,56.681881721386056,64.8033205293135
2023-01-02 17:00:00+00:00,174.74,55.57,52.2,61.23340801401257,73.08415949249581
2023-01-02 18:00:00+00:00,164.46,54.95,59.17,58.631468716751876,73.838340430832
2023-01-02 19:00:00+00:00,153.0,49.23,58.43,51.987306702476744,68.65970596407958
2023-01-02 20:00:00+00:00,141.67,44.99,59.04,46.81188365902145,64.67093028500284
2023-01-02 21:00:00+00:00,134.91,45.96,48.55,44.58215713328196,63.171691730595406
2023-01-02 22:00:00+00:00,124.22,35.0,19.48,32.623108697729776,50.26341340683123
2023-01-02 23:00:00+00:00,130.01,57.91,23.36,33.685567544588295,52.53061955887927
2023-01-03 00:00:00+00:00,120.0,51.67,9.98,30.04251207180367,46.12245650500272
2023-01-03 01:00:00+00:00,118.76,52.93,5.69,32.39463335635777,45.784034747077904
2023-01-03 02:00:00+00:00,115.0,44.09,5.0,30.742615905372276,39.186916147743815
2023-01-03 03:00:00+00:00,113.63,50.08,11.46,40.794466510865924,45.213000199945135
2023-01-03 04:00:00+00:00,116.27,69.72,19.59,60.743711317726884,61.45537853002635
2023-01-03 05:00:00+00:00,138.92,105.08,30.42,94.54121556813983,92.0022390578687
2023-01-03 06:00:00+00:00,159.92,140.64,80.96,134.4550806014258,128.37199185483576
2023-01-03 07:00:00+00:00,169.17,145.98,95.9,147.04458631450524,136.29289700335954
2023-01-03 08:00:00+00:00,171.18,147.05,100.08,148.27429098174088,137.65328908586704
2023-01-03 09:00:00+00:00,168.57,145.61,95.93,144.32059892923306,135.3084986498806
2023-01-03 10:00:00+00:00,169.49,143.35,108.42,142.7842915175509,134.7051345335326
2023-01-03 11:00:00+00:00,164.5,144.38,110.38,141.51553881810347,133.99909012538873
2023-01-03 12:00:00+00:00,160.91,143.76,124.36,141.5938088954195,133.00224445964267
2023-01-03 13:00:00+00:00,163.06,148.2,139.08,146.76638522771063,135.40038019598225
2023-01-03 14:00:00+00:00,167.73,155.34,143.32,155.28056201407696,141.34824778306594
2023-01-03 15:00:00+00:00,166.61,162.89,147.56,160.53622779087135,148.64775517952225
2023-01-03 16:00:00+00:00,170.72,170.0,158.69,163.33306315716808,157.90872348023362
2023-01-03 17:00:00+00:00,168.93,174.74,164.69,162.0014753672991,163.98244186142603
2023-01-03 18:00:00+00:00,160.99,164.46,156.93,147.6871566861434,156.11625273150162
2023-01-03 19:00:00+00:00,149.62,153.0,147.56,130.31801936440405,145.17103678565476
2023-01-03 20:00:00+00:00,130.99,141.67,128.8,112.06162272555576,133.00850316533732
2023-01-03 21:00:00+00:00,114.27,134.91,107.84,97.81982159548267,124.12419726480961
2023-01-03 22:00:00+00:00,93.66,124.22,85.62,79.89099521781365,110.44405308276411
2023-01-03 23:00:00+00:00,80.89,130.01,40.28,61.273251875561364,95.7766349050579
2023-01-04 00:00:00+00:00,70.67,120.0,33.13,48.49613803200932,86.09761363228019
2023-01-04 01:00:00+00:00,40.0,118.76,10.31,39.759996903149236,81.2766962121938
2023-01-04 02:00:00+00:00,8.68,115.0,0.05,34.0947782266891,75.71737634752282
2023-01-04 03:00:00+00:00,0.85,113.63,0.03,33.90660489023654,74.72645269568505
2023-01-04 04:00:00+00:00,11.02,116.27,0.1,33.52054990599747,78.66046705458714
2023-01-04 05:00:00+00:00,61.02,138.92,16.97,50.76883592809833,102.54118196817383
2023-01-04 06:00:00+00:00,79.2,159.92,31.41,72.49164653950751,125.68184336999856
2023-01-04 07:00:00+00:00,84.2,169.17,43.24,82.08705246097055,135.32057579640005
2023-01-04 08:00:00+00:00,83.32,171.18,63.63,85.37346612259387,139.06715898639757
2023-01-04 09:00:00+00:00,70.07,168.57,68.38,84.1323791887972,137.32501148162714
2023-01-04 10:00:00+00:00,79.74,169.49,59.95,83.97872108765762,136.44327030448326
2023-01-04 11:00:00+00:00,80.89,164.5,52.08,80.4489165613594,131.31492774848445
2023-01-04 12:00:00+00:00,79.72,160.91,47.09,76.40679731431459,126.12168904390172
2023-01-04 13:00:00+00:00,80.22,163.06,71.1,78.76392825263332,128.6298353364678
2023-01-04 14:00:00+00:00,79.74,167.73,71.08,81.10244257337892,131.59870446173466
2023-01-04 15:00:00+00:00,80.82,166.61,85.77,82.68328788815387,133.9718666384582
2023-01-04 16:00:00+00:00,86.16,170.72,89.71,87.57043876937405,140.91928200378783
2023-01-04 17:00:00+00:00,72.28,168.93,87.43,84.8131522073233,141.01774297905726
2023-01-04 18:00:00+00:00,66.61,160.99,71.77,74.02064782487997,133.13176256865938
2023-01-04 19:00:00+00:00,43.2,149.62,55.1,58.80573081191832,120.5595286955011
2023-01-04 20:00:00+00:00,31.25,130.99,46.42,43.215411989059184,104.73672451617149
2023-01-04 21:00:00+00:00,34.96,114.27,35.45,30.707138628244067,91.02258354330658
2023-01-04 22:00:00+00:00,9.09,93.66,21.05,12.829914958658748,72.77263186674122
2023-01-04 23:00:00+00:00,0.05,80.89,-1.01,1.9154997300303194,57.75241316773065
2023-01-05 00:00:00+00:00,0.07,70.67,-1.05,-2.5298901775414464,50.20436986532851
2023-01-05 01:00:00+00:00,0.07,40.0,-1.1,-15.936158060550966,30.87923800804907
2023-01-05 02:00:00+00:00,0.12,8.68,-2.18,-27.976608483978865,11.90806303728489
2023-01-05 03:00:00+00:00,2.23,0.85,-2.05,-25.51641115747347,10.169570189199106
2023-01-05 04:00:00+00:00,10.07,11.02,-0.98,-12.209492699061997,21.565141204643083
2023-01-05 05:00:00+00:00,61.04,61.02,-0.05,25.690788625459064,63.03682917947572
2023-01-05 06:00:00+00:00,87.19,79.2,0.09,44.82473600488897,79.11052137965959
2023-01-05 07:00:00+00:00,95.84,84.2,8.98,55.860595552467096,85.17155497427619
2023-01-05 08:00:00+00:00,125.55,83.32,5.97,59.47436093411837,84.21709726453696
2023-01-05 09:00:00+00:00,131.92,70.07,5.28,55.52952817482037,74.4139663952123
2023-01-05 10:00:00+00:00,143.07,79.74,4.01,63.87551250921961,80.21079732371348
2023-01-05 11:00:00+00:00,140.91,80.89,1.99,67.21019968710024,79.26768563415078
2023-01-05 12:00:00+00:00,142.58,79.72,3.4,69.71437390853919,76.29753811608069
2023-01-05 13:00:00+00:00,151.03,80.22,19.95,78.57676414700771,76.80411835622243
2023-01-05 14:00:00+00:00,159.48,79.74,24.54,88.14995817239881,76.47876803424397
2023-01-05 15:00:00+00:00,172.73,80.82,27.2,96.66920738677511,78.24483570126574
2023-01-05 16:00:00+00:00,194.7,86.16,34.54,106.86912805284636,85.74295060521406
2023-01-05 17:00:00+00:00,194.67,72.28,51.41,103.12490325559322,79.42043916164715
2023-01-05 18:00:00+00:00,177.98,66.61,47.94,96.72457842679404,74.09226675205625
2023-01-05 19:00:00+00:00,163.99,43.2,26.62,75.14412692637214,52.38292918000523
2023-01-05 20:00:00+00:00,152.0,31.25,25.01,62.01812250411643,41.38130857257521
2023-01-05 21:00:00+00:00,144.64,34.96,26.31,57.341781432395116,41.823992170004765
2023-01-05 22:00:00+00:00,127.0,9.09,21.07,34.416283522024784,20.331032544288647
2023-01-05 23:00:00+00:00,107.21,0.05,11.17,23.52548216626296,16.292020936116984
2023-01-06 00:00:00+00:00,101.1,0.07,5.09,19.142592156190275,14.457748751843113
2023-01-06 01:00:00+00:00,96.73,0.07,3.09,15.288707878409994,11.991663077852337
2023-01-06 02:00:00+00:00,82.34,0.12,0.65,12.144021211675167,9.600062323641083
2023-01-06 03:00:00+00:00,81.93,2.23,0.57,11.937192662827172,10.582828390917925
2023-01-06 04:00:00+00:00,84.03,10.07,4.88,17.989745199290724,18.291943405628672
2023-01-06 05:00:00+00:00,97.25,61.04,10.93,51.41333932211315,60.43170241087832
2023-01-06 06:00:00+00:00,106.51,87.19,24.13,71.42401695471783,84.16995904239478
2023-01-06 07:00:00+00:00,120.7,95.84,27.69,75.99577060895194,91.22258335897652
2023-01-06 08:00:00+00:00,116.86,125.55,29.08,88.67891187950269,111.06106169661018
2023-01-06 09:00:00+00:00,112.85,131.92,26.09,88.6191067844787,113.80511887015723
2023-01-06 10:00:00+00:00,113.37,143.07,24.72,95.20717845156112,122.07158131555224
2023-01-06 11:00:00+00:00,115.0,140.91,17.74,93.74443449544755,118.81112827966002
2023-01-06 12:00:00+00:00,109.78,142.58,19.87,95.79907941628642,118.17973442468633
2023-01-06 13:00:00+00:00,119.71,151.03,25.64,105.55476186687261,122.95628906973675
2023-01-06 14:00:00+00:00,125.83,159.48,27.97,118.28105596804697,129.16582042203046
2023-01-06 15:00:00+00:00,139.57,172.73,21.01,132.78517770531693,139.73815957811718
2023-01-06 16:00:00+00:00,155.93,194.7,30.78,154.9312366516869,161.43334144875766
2023-01-06 17:00:00+00:00,163.5,194.67,22.4,155.78952867229464,161.13899860016195
2023-01-06 18:00:00+00:00,146.74,177.98,13.79,144.38266455574228,148.34284054380836
2023-01-06 19:00:00+00:00,139.38,163.99,2.63,131.9306219918202,134.30227437607826
2023-01-06 20:00:00+00:00,131.8,152.0,0.69,122.15956599417612,123.5238233483699
2023-01-06 21:00:00+00:00,129.94,144.64,0.4,116.7292889588104,117.75043161420716
2023-01-06 22:00:00+00:00,121.3,127.0,0.0,102.63903852527935,101.47875688118079
2023-01-06 23:00:00+00:00,97.15,107.21,-0.03,84.18892339947665,82.82577851927584
2023-01-07 00:00:00+00:00,98.43,101.1,-0.07,77.02414357948479,74.78083734060412
2023-01-07 01:00:00+00:00,96.05,96.73,-0.03,70.24048409109626,67.31891384491209
2023-01-07 02:00:00+00:00,87.97,82.34,-0.04,58.53977266161821,53.07618764999357
2023-01-07 03:00:00+00:00,82.99,81.93,-0.03,55.16818368408293,48.30968244471436
2023-01-07 04:00:00+00:00,83.59,84.03,-0.02,53.361555191912366,44.9865544989359
2023-01-07 05:00:00+00:00,90.76,97.25,-0.01,62.39515324259571,54.31388359293789
2023-01-07 06:00:00+00:00,103.21,106.51,-0.05,72.11461432938906,61.66404469613707
2023-01-07 07:00:00+00:00,111.86,120.7,0.63,83.53048088984362,72.02764772570698
2023-01-07 08:00:00+00:00,112.0,116.86,-0.03,81.7380426186833,71.68392713868754
2023-01-07 09:00:00+00:00,100.0,112.85,-0.3,76.3547982713565,68.77407873985433
2023-01-07 10:00:00+00:00,88.32,113.37,-1.66,74.44284417346688,69.30267986632325
2023-01-07 11:00:00+00:00,87.9,115.0,-3.78,72.5476390153614,69.00309092747244
2023-01-07 12:00:00+00:00,94.05,109.78,-3.44,68.87383334825634,64.79144390592558
2023-01-07 13:00:00+00:00,88.98,119.71,-2.07,77.98747821668071,72.86970663001759
2023-01-07 14:00:00+00:00,85.56,125.83,-1.98,86.66114232031812,80.05313251257252
2023-01-07 15:00:00+00:00,94.1,139.57,-0.9,95.95778255325217,94.9624655388303
2023-01-07 16:00:00+00:00,96.81,155.93,0.0,104.20846972946623,113.79221083418082
2023-01-07 17:00:00+00:00,99.52,163.5,-0.01,104.29108428061095,123.14445646341042
2023-01-07 18:00:00+00:00,94.58,146.74,-1.01,89.10417747131785,112.66530017037016
2023-01-07 19:00:00+00:00,87.86,139.38,-1.39,79.17333449991436,106.97152441971456
2023-01-07 20:00:00+00:00,61.47,131.8,-1.04,71.12852092044038,101.54020307019957
2023-01-07 21:00:00+00:00,50.0,129.94,-1.07,69.3251977849984,100.75494681671091
2023-01-07 22:00:00+00:00,38.25,121.3,-0.68,61.057040674777916,92.60801144934615
2023-01-07 23:00:00+00:00,10.93,97.15,-5.17,46.05989681502252,78.69479038533547
2023-01-08 00:00:00+00:00,9.07,98.43,-1.07,48.17614180696694,78.04602388708788
2023-01-08 01:00:00+00:00,9.1,96.05,-1.47,46.47721445734286,73.53282290406585
2023-01-08 02:00:00+00:00,4.16,87.97,-5.08,41.09137392066132,62.6595792147906
2023-01-08 03:00:00+00:00,5.58,82.99,-4.49,40.134758815242805,56.6104243832797
2023-01-08 04:00:00+00:00,9.92,83.59,-5.4,40.400331178498156,53.1046081306599
2023-01-08 05:00:00+00:00,9.02,90.76,-5.02,45.702171046734506,54.994958876140736
2023-01-08 06:00:00+00:00,16.47,103.21,-1.3,56.60550137150116,62.96724325365972
2023-01-08 07:00:00+00:00,49.42,111.86,-1.44,65.3292935007042,68.90537919690404
2023-01-08 08:00:00+00:00,82.8,112.0,-1.09,67.27128968074359,68.35569256133039
2023-01-08 09:00:00+00:00,93.7,100.0,-1.07,62.54119719844811,60.12373130381154
2023-01-08 10:00:00+00:00,103.87,88.32,-1.07,59.28195565907217,53.446770981916515
2023-01-08 11:00:00+00:00,101.69,87.9,-0.79,60.24078864174918,52.972323641010625
2023-01-08 12:00:00+00:00,99.0,94.05,-0.27,64.88156027567457,56.21796282643188
2023-01-08 13:00:00+00:00,104.29,88.98,0.85,66.70417491395571,54.129739519026785
2023-01-08 14:00:00+00:00,103.64,85.56,23.53,72.94261291122051,57.34564365833193
2023-01-08 15:00:00+00:00,109.11,94.1,36.54,83.47832791238928,70.1118568231449
2023-01-08 16:00:00+00:00,118.04,96.81,46.03,89.98335798000069,81.18976263271922
2023-01-08 17:00:00+00:00,122.61,99.52,55.57,92.01287874080374,89.50775347109294
2023-01-08 18:00:00+00:00,109.11,94.58,54.95,84.53601485643514,87.48339511545741
2023-01-08 19:00:00+00:00,103.93,87.86,49.23,75.04015239250259,82.62418467788933
2023-01-08 20:00:00+00:00,98.43,61.47,44.99,56.73544082761519,65.1788886341428
2023-01-08 21:00:00+00:00,99.37,50.0,45.96,49.43876283901419,59.52454168309934
2023-01-08 22:00:00+00:00,81.34,38.25,35.0,37.77324091283424,49.280202752433205
2023-01-08 23:00:00+00:00,75.13,10.93,57.91,29.795792294092394,42.1390091324001
2023-01-09 00:00:00+00:00,64.38,9.07,51.67,29.748644564070347,41.16427109785454
2023-01-09 01:00:00+00:00,60.28,9.1,52.93,31.277992491815425,41.88923667282006
2023-01-09 02:00:00+00:00,39.41,4.16,44.09,30.417320541546232,38.30493833967572
2023-01-09 03:00:00+00:00,47.25,5.58,50.08,38.08102741412783,42.38816975025965
2023-01-09 04:00:00+00:00,69.07,9.92,69.72,51.10687126934665,51.30667231129031
2023-01-09 05:00:00+00:00,107.13,9.02,105.08,67.900518810769,62.4583413736769
2023-01-09 06:00:00+00:00,160.0,16.47,140.64,86.73434521452867,77.43817243407666
2023-01-09 07:00:00+00:00,180.0,49.42,145.98,109.21192981988509,102.06772744677764
2023-01-09 08:00:00+00:00,177.14,82.8,147.05,126.64206639703823,124.32082328909739
2023-01-09 09:00:00+00:00,159.07,93.7,145.61,130.1437707160489,129.83422436055736
2023-01-09 10:00:00+00:00,160.57,103.87,143.35,133.9754001743998,135.27929934638428
2023-01-09 11:00:00+00:00,140.56,101.69,144.38,132.33511107231405,132.81787191149857
2023-01-09 12:00:00+00:00,137.67,99.0,143.76,131.3623391534794,129.25040235674288
2023-01-09 13:00:00+00:00,143.57,104.29,148.2,137.00397233987292,131.01253206250067
2023-01-09 14:00:00+00:00,151.02,103.64,155.34,141.77402707929588,130.52345567233576
2023-01-09 15:00:00+00:00,161.96,109.11,162.89,147.8775718885234,136.43621718624357
2023-01-09 16:00:00+00:00,176.07,118.04,170.0,155.17987713106695,146.8643415796833
2023-01-09 17:00:00+00:00,182.18,122.61,174.74,155.82854804797333,152.23768975394847
2023-01-09 18:00:00+00:00,170.79,109.11,164.46,142.03022004496296,141.95617960176162
2023-01-09 19:00:00+00:00,160.51,103.93,153.0,130.3204546634389,135.02524630163083
2023-01-09 20:00:00+00:00,138.93,98.43,141.67,118.0813509506624,126.42847717645745
2023-01-09 21:00:00+00:00,132.0,99.37,134.91,112.33705064088676,124.37040346668098
2023-01-09 22:00:00+00:00,108.31,81.34,124.22,94.19375415076863,107.42585786231261
2023-01-09 23:00:00+00:00,106.02,75.13,130.01,80.40470016445471,91.03550531296179
2023-01-10 00:00:00+00:00,96.71,64.38,120.0,71.67930208399454,80.98496068336102
2023-01-10 01:00:00+00:00,95.14,60.28,118.76,69.06380120172625,77.17646786533666
2023-01-10 02:00:00+00:00,90.36,39.41,115.0,58.337227709005994,61.90934749338787
2023-01-10 03:00:00+00:00,95.61,47.25,113.63,65.38303661391592,67.53516785063388
2023-01-10 04:00:00+00:00,108.6,69.07,116.27,82.70907552246783,84.26635759332223
2023-01-10 05:00:00+00:00,138.13,107.13,138.92,115.5139380971721,117.3893049464628
2023-01-10 06:00:00+00:00,154.73,160.0,159.92,153.96177934684852,157.94015222311802
2023-01-10 07:00:00+00:00,165.33,180.0,169.17,173.74277194214392,175.89313232886752
2023-01-10 08:00:00+00:00,160.42,177.14,171.18,176.14765726125,176.66396619176862
2023-01-10 09:00:00+00:00,154.73,159.07,168.57,165.4029990158644,164.3825418687067
2023-01-10 10:00:00+00:00,146.45,160.57,169.49,165.04160404331714,166.243259834293
2023-01-10 11:00:00+00:00,141.22,140.56,164.5,151.4040408706472,150.70622382743696
2023-01-10 12:00:00+00:00,141.68,137.67,160.91,147.0077170569305,145.6495037726042
2023-01-10 13:00:00+00:00,145.41,143.57,163.06,150.32759973286875,147.7851772232539
2023-01-10 14:00:00+00:00,145.92,151.02,167.73,156.79656033835192,152.4047856333358
2023-01-10 15:00:00+00:00,140.5,161.96,166.61,161.93108410931205,160.72329388217833
2023-01-10 16:00:00+00:00,146.34,176.07,170.72,168.6429835381299,174.9594531491556
2023-01-10 17:00:00+00:00,140.45,182.18,168.93,165.1663813962677,180.55302303625643
2023-01-10 18:00:00+00:00,124.44,170.79,160.99,148.45835497446336,171.0932303218762
2023-01-10 19:00:00+00:00,106.15,160.51,149.62,130.35592559521714,160.52923570678163
2023-01-10 20:00:00+00:00,86.53,138.93,130.99,106.05703399922429,141.3776350877734
2023-01-10 21:00:00+00:00,81.3,132.0,114.27,93.93542714812551,133.5424994339528
2023-01-10 22:00:00+00:00,42.96,108.31,93.66,70.33776950259653,111.33335885150203
2023-01-10 23:00:00+00:00,5.0,106.02,80.89,54.2405776305466,97.2510851723045
2023-01-11 00:00:00+00:00,0.16,96.71,70.67,46.70688225412832,87.76568826742455
2023-01-11 01:00:00+00:00,0.08,95.14,40.0,40.427823831565796,81.6628389984446
2023-01-11 02:00:00+00:00,0.01,90.36,8.68,32.98315068445693,72.23233399244671
2023-01-11 03:00:00+00:00,0.04,95.61,0.85,37.57163482772672,75.47661175993179
2023-01-11 04:00:00+00:00,2.75,108.6,11.02,50.072853330504984,88.37762629032486
2023-01-11 05:00:00+00:00,57.88,138.13,61.02,83.0934003688934,122.27881548150751
2023-01-11 06:00:00+00:00,91.11,154.73,79.2,110.58003536518062,144.06176931480985
2023-01-11 07:00:00+00:00,127.44,165.33,84.2,127.04669579547117,154.16829969610316
2023-01-11 08:00:00+00:00,129.74,160.42,83.32,129.13345655903126,149.1115412487869
2023-01-11 09:00:00+00:00,131.71,154.73,70.07,126.62113347069611,141.175580700312
2023-01-11 10:00:00+00:00,130.02,146.45,79.74,125.21999064958877,136.27122208057938
2023-01-11 11:00:00+00:00,117.47,141.22,80.89,121.8169336351676,130.1055399753286
2023-01-11 12:00:00+00:00,110.54,141.68,79.72,121.63116080902964,128.1012915051008
2023-01-11 13:00:00+00:00,115.74,145.41,80.22,124.07760754191511,129.17791371107995
2023-01-11 14:00:00+00:00,117.7,145.92,79.74,125.20562372922305,128.71494792162684
2023-01-11 15:00:00+00:00,119.2,140.5,80.82,123.31126732520724,126.26051155593704
2023-01-11 16:00:00+00:00,132.39,146.34,86.16,128.39438362686906,135.11479809895005
2023-01-11 17:00:00+00:00,132.88,140.45,72.28,118.48037590613195,130.92507586191172
2023-01-11 18:00:00+00:00,127.8,124.44,66.61,100.52585258264979,118.54937357490934
2023-01-11 19:00:00+00:00,114.56,106.15,43.2,76.65869889187358,100.63636448694065
2023-01-11 20:00:00+00:00,93.47,86.53,31.25,54.54383735416446,83.25897200318542
2023-01-11 21:00:00+00:00,91.71,81.3,34.96,45.6723093102292,79.10026837669065
2023-01-11 22:00:00+00:00,68.54,42.96,9.09,15.158617330337421,47.60882738494169
2023-01-11 23:00:00+00:00,19.88,5.0,0.05,-15.41309656474138,18.409648092989528
2023-01-12 00:00:00+00:00,5.55,0.16,0.07,-17.85014036360711,14.786912865443966
2023-01-12 01:00:00+00:00,4.69,0.08,0.07,-16.87789316642626,15.928848771986836
2023-01-12 02:00:00+00:00,0.1,0.01,0.12,-11.395828583231278,17.928542844619912
2023-01-12 03:00:00+00:00,2.03,0.04,2.23,-5.041298531755501,21.271546519227144
2023-01-12 04:00:00+00:00,24.94,2.75,10.07,4.914344441602651,28.38371415385302
2023-01-12 05:00:00+00:00,85.72,57.88,61.04,52.13227779502001,80.39666309954333
2023-01-12 06:00:00+00:00,111.55,91.11,87.19,80.55169712489172,110.56028693194851
2023-01-12 07:00:00+00:00,106.83,127.44,95.84,103.205875626462,137.61566142894551
2023-01-12 08:00:00+00:00,97.83,129.74,125.55,104.90045875946348,141.33367574066605
2023-01-12 09:00:00+00:00,84.74,131.71,131.92,103.79715286223215,141.94187723667477
2023-01-12 10:00:00+00:00,87.38,130.02,143.07,102.74023505019738,141.08030323931803
2023-01-12 11:00:00+00:00,75.88,117.47,140.91,94.34003525280558,130.654097191452
2023-01-12 12:00:00+00:00,81.84,110.54,142.58,89.94129277500527,124.00448838750734
2023-01-12 13:00:00+00:00,88.2,115.74,151.03,94.81948958271893,126.9205743955281
2023-01-12 14:00:00+00:00,95.18,117.7,159.48,99.41870242626926,128.72583969200082
2023-01-12 15:00:00+00:00,99.08,119.2,172.73,103.79129849727673,131.25666277019727
2023-01-12 16:00:00+00:00,112.01,132.39,194.7,117.37312571242327,146.30204602265604
2023-01-12 17:00:00+00:00,119.49,132.88,194.67,115.73263924469296,147.38153469561277
2023-01-12 18:00:00+00:00,100.79,127.8,177.98,104.41778472308471,140.56996937993827
2023-01-12 19:00:00+00:00,99.35,114.56,163.99,86.9004837044514,126.87422165011336
2023-01-12 20:00:00+00:00,84.77,93.47,152.0,66.61864596545644,108.21231794633577
2023-01-12 21:00:00+00:00,70.43,91.71,144.64,59.92857347241621,104.42954339183635
2023-01-12 22:00:00+00:00,39.57,68.54,127.0,37.796050680242736,81.59721102749545
2023-01-12 23:00:00+00:00,32.64,19.88,107.21,6.200760433458171,46.908085427946126
2023-01-13 00:00:00+00:00,16.99,5.55,101.1,-2.2966668345463717,34.83545121824082
2023-01-13 01:00:00+00:00,9.0,4.69,96.73,-2.1853226977131897,32.85643750868064
2023-01-13 02:00:00+00:00,2.02,0.1,82.34,-2.537782350090552,28.233427653002252
2023-01-13 03:00:00+00:00,2.61,2.03,81.93,3.461543796842818,30.46472334761738
2023-01-13 04:00:00+00:00,25.26,24.94,84.03,21.99316512709251,48.0541780489946
2023-01-13 05:00:00+00:00,54.74,85.72,97.25,69.0155261967258,99.68313980060306
2023-01-13 06:00:00+00:00,87.88,111.55,106.51,95.52438410558268,124.16514316332123
2023-01-13 07:00:00+00:00,105.95,106.83,120.7,98.61394830617459,125.65588333651851
2023-01-13 08:00:00+00:00,100.64,97.83,116.86,89.29304571029286,117.87239002209472
2023-01-13 09:00:00+00:00,94.85,84.74,112.85,76.25272043754003,107.64923092755949
2023-01-13 10:00:00+00:00,84.93,87.38,113.37,72.24963998907421,108.41837299798843
2023-01-13 11:00:00+00:00,76.53,75.88,115.0,61.39183378128411,98.46956107656072
2023-01-13 12:00:00+00:00,70.24,81.84,109.78,61.210552373736725,99.40951335851531
2023-01-13 13:00:00+00:00,73.55,88.2,119.71,66.03493723195396,103.35299353060974
2023-01-13 14:00:00+00:00,79.85,95.18,125.83,73.93203475050026,108.3239954291095
2023-01-13 15:00:00+00:00,85.31,99.08,139.57,80.29880735896123,113.498973448131
2023-01-13 16:00:00+00:00,96.9,112.01,155.93,91.46050171115128,128.17176923201777
2023-01-13 17:00:00+00:00,96.97,119.49,163.5,94.0463445249027,135.4827661433455
2023-01-13 18:00:00+00:00,95.91,100.79,146.74,77.00815704371851,120.11034816368431
2023-01-13 19:00:00+00:00,84.94,99.35,139.38,68.27758947428191,114.90403327941104
2023-01-13 20:00:00+00:00,76.89,84.77,131.8,53.86279700167385,100.86845345365379
2023-01-13 21:00:00+00:00,76.51,70.43,129.94,44.44474982871157,89.93008755605705
2023-01-13 22:00:00+00:00,68.3,39.57,121.3,23.426894283083143,64.67826738242469
2023-01-13 23:00:00+00:00,25.68,32.64,97.15,7.721829845226978,48.02663886622132
2023-01-14 00:00:00+00:00,34.62,16.99,98.43,-0.7265135209175071,33.607125417535855
2023-01-14 01:00:00+00:00,44.7,9.0,96.05,-4.75704716967131,24.95227889539028
2023-01-14 02:00:00+00:00,41.23,2.02,87.97,-8.002288691733654,15.883669158141188
2023-01-14 03:00:00+00:00,40.7,2.61,82.99,-5.131200276037916,12.946070828370097
2023-01-14 04:00:00+00:00,40.68,25.26,83.59,11.261975308530069,26.824545483408784
2023-01-14 05:00:00+00:00,45.1,54.74,90.76,33.193481125649114,49.413065584716186
2023-01-14 06:00:00+00:00,53.14,87.88,103.21,57.7596897532238,73.91899904521699
2023-01-14 07:00:00+00:00,52.34,105.95,111.86,70.04763556904126,86.30259308467583
2023-01-14 08:00:00+00:00,54.16,100.64,112.0,64.91968785724549,81.84405358521688
2023-01-14 09:00:00+00:00,50.47,94.85,100.0,56.03618634850615,75.04925520087033
2023-01-14 10:00:00+00:00,55.01,84.93,88.32,46.416007238134384,67.31902738978354
2023-01-14 11:00:00+00:00,48.91,76.53,87.9,37.838820945913,59.88658994817495
2023-01-14 12:00:00+00:00,25.25,70.24,94.05,32.983262308670405,55.473944477568885
2023-01-14 13:00:00+00:00,13.42,73.55,88.98,31.58743792955339,57.47710409855836
2023-01-14 14:00:00+00:00,9.05,79.85,85.56,32.71316981919006,63.99508405772248
2023-01-14 15:00:00+00:00,9.04,85.31,94.1,36.24523046425463,73.03513360247364
2023-01-14 16:00:00+00:00,11.04,96.9,96.81,47.05653829191712,89.47813572218826
2023-01-14 17:00:00+00:00,13.69,96.97,99.52,48.4338118466856,95.23355721871854
2023-01-14 18:00:00+00:00,6.84,95.91,94.58,45.2644292996563,94.84221882215168
2023-01-14 19:00:00+00:00,9.03,84.94,87.86,35.80078386789896,86.64602029088464
2023-01-14 20:00:00+00:00,9.07,76.89,61.47,26.933803250083457,77.47356881437423
2023-01-14 21:00:00+00:00,5.9,76.51,50.0,26.12032283483346,75.37098228477007
2023-01-14 22:00:00+00:00,5.19,68.3,38.25,16.537300119982348,64.34865648371078
2023-01-14 23:00:00+00:00,3.94,25.68,10.93,-8.450105074259085,37.20738604953702
2023-01-15 00:00:00+00:00,1.71,34.62,9.07,-5.424564621077664,38.915813188328215
2023-01-15 01:00:00+00:00,4.1,44.7,9.1,-1.8639826703059867,41.44237090977652
2023-01-15 02:00:00+00:00,2.65,41.23,4.16,-5.2109256863596585,34.20790073560127
2023-01-15 03:00:00+00:00,2.87,40.7,5.58,-5.641609543439998,30.04797780251471
2023-01-15 04:00:00+00:00,4.01,40.68,9.92,-3.9304990320054856,28.267657675906165
2023-01-15 05:00:00+00:00,1.58,45.1,9.02,0.24032295608051868,30.153634899134317
2023-01-15 06:00:00+00:00,1.74,53.14,16.47,9.843781726377827,37.44615017808634
2023-01-15 07:00:00+00:00,9.08,52.34,49.42,15.341113780249898,41.57813530740578
2023-01-15 08:00:00+00:00,10.31,54.16,82.8,19.091040312828397,46.67783461463091
2023-01-15 09:00:00+00:00,9.01,50.47,93.7,14.088027535874772,45.34324271824859
2023-01-15 10:00:00+00:00,8.03,55.01,103.87,13.380043369164468,49.96331332235859
2023-01-15 11:00:00+00:00,6.76,48.91,101.69,6.183793924321279,44.93765755554019
2023-01-15 12:00:00+00:00,0.42,25.25,99.0,-7.955402817183099,27.423019167952944
2023-01-15 13:00:00+00:00,0.29,13.42,104.29,-12.155293559713456,21.130139565021835
2023-01-15 14:00:00+00:00,0.32,9.05,103.64,-10.65159144607263,21.16311706896282
2023-01-15 15:00:00+00:00,0.46,9.04,109.11,-4.424731703841488,26.973427072687457
2023-01-15 16:00:00+00:00,1.25,11.04,118.04,4.456553152504668,38.250259734205756
2023-01-15 17:00:00+00:00,26.95,13.69,122.61,8.516846068143835,46.07136243091867
2023-01-15 18:00:00+00:00,25.27,6.84,109.11,3.085021836329588,42.20324326769184
2023-01-15 19:00:00+00:00,12.17,9.03,103.93,2.9279949946580075,43.408128373354366
2023-01-15 20:00:00+00:00,19.69,9.07,98.43,3.498160499316299,43.4370898284288
2023-01-15 21:00:00+00:00,32.14,5.9,99.37,6.633641564747265,43.05839627019749
2023-01-15 22:00:00+00:00,37.47,5.19,81.34,5.380359933461406,38.320619099187276
2023-01-15 23:00:00+00:00,60.01,3.94,75.13,8.619647351720388,42.06161811058174
2023-01-16 00:00:00+00:00,60.01,1.71,64.38,11.803438086805016,39.165008252532886
2023-01-16 01:00:00+00:00,62.72,4.1,60.28,18.4549185269603,41.0885193478679
2023-01-16 02:00:00+00:00,56.1,2.65,39.41,21.440473989113485,37.82932076251087
2023-01-16 03:00:00+00:00,63.3,2.87,47.25,31.354630251542048,40.87052459937361
2023-01-16 04:00:00+00:00,87.0,4.01,69.07,44.77134237383643,47.436241497691114
2023-01-16 05:00:00+00:00,154.63,1.58,107.13,63.27833945576405,58.31300942970963
2023-01-16 06:00:00+00:00,175.11,1.74,160.0,80.87516012588674,70.49807130336055
2023-01-16 07:00:00+00:00,185.99,9.08,180.0,88.87633777811939,78.74621377640817
2023-01-16 08:00:00+00:00,170.0,10.31,177.14,81.80248750078155,77.46689661422857
2023-01-16 09:00:00+00:00,150.2,9.01,159.07,72.39723272568449,72.46566767379285
2023-01-16 10:00:00+00:00,150.89,8.03,160.57,68.31577205792237,70.77134268656704
2023-01-16 11:00:00+00:00,147.04,6.76,140.56,61.789989538221185,64.84568465407105
2023-01-16 12:00:00+00:00,140.87,0.42,137.67,55.780884724051255,56.39913989816709
2023-01-16 13:00:00+00:00,141.24,0.29,143.57,56.808553468187796,54.56178825957143
2023-01-16 14:00:00+00:00,145.69,0.32,151.02,58.97819672134942,54.158926053991195
2023-01-16 15:00:00+00:00,150.81,0.46,161.96,61.408102417024466,56.01528314001116
2023-01-16 16:00:00+00:00,166.79,1.25,176.07,65.5231526726399,61.78897363834534
2023-01-16 17:00:00+00:00,173.72,26.95,182.18,78.03951768570256,82.22285716922171
2023-01-16 18:00:00+00:00,150.5,25.27,170.79,70.14851836676397,79.59078509568067
2023-01-16 19:00:00+00:00,136.97,12.17,160.51,55.0970549669372,67.56046569794128
2023-01-16 20:00:00+00:00,127.74,19.69,138.93,50.55939459483558,68.42028890813461
2023-01-16 21:00:00+00:00,123.24,32.14,132.0,51.98729243083002,74.6226733388736
2023-01-16 22:00:00+00:00,109.4,37.47,108.31,47.16141471692307,73.46711210866343
2023-01-16 23:00:00+00:00,98.24,60.01,106.02,42.752792246683434,78.63140960829257
2023-01-17 00:00:00+00:00,94.61,60.01,96.71,40.748907873830746,76.4809310798796
2023-01-17 01:00:00+00:00,91.91,62.72,95.14,42.561595541166724,78.15623244927176
2023-01-17 02:00:00+00:00,89.51,56.1,90.36,40.599742797871265,73.64978046886013
2023-01-17 03:00:00+00:00,91.77,63.3,95.61,49.44202641405979,80.42060763694548
2023-01-17 04:00:00+00:00,100.0,87.0,108.6,71.6686884436535,101.17389564880062
2023-01-17 05:00:00+00:00,116.96,154.63,138.13,127.40871258554156,158.40968893234515
2023-01-17 06:00:00+00:00,140.8,175.11,154.73,156.4654966960139,180.31890799414924
2023-01-17 07:00:00+00:00,151.96,185.99,165.33,172.57582237355604,191.54175313820963
2023-01-17 08:00:00+00:00,136.1,170.0,160.42,162.63075954177768,179.0652729849254
2023-01-17 09:00:00+00:00,126.17,150.2,154.73,148.17528571461,163.3320802934377
2023-01-17 10:00:00+00:00,122.75,150.89,146.45,145.8682462289198,161.66036345963946
2023-01-17 11:00:00+00:00,116.07,147.04,141.22,142.74619507865657,156.5469744664098
2023-01-17 12:00:00+00:00,129.56,140.87,141.68,140.70866956804258,149.2304889496934
2023-01-17 13:00:00+00:00,146.05,141.24,145.41,146.1092028997754,147.33339935303687
2023-01-17 14:00:00+00:00,163.85,145.69,145.92,156.16607808194237,148.44814775266855
2023-01-17 15:00:00+00:00,180.05,150.81,140.5,163.9774119954103,150.64329491604178
2023-01-17 16:00:00+00:00,188.83,166.79,146.34,175.36291098610792,164.38382411684856
2023-01-17 17:00:00+00:00,176.9,173.72,140.45,177.5455740928163,171.09300766041537
2023-01-17 18:00:00+00:00,175.56,150.5,124.44,159.02073968464364,152.66361049731194
2023-01-17 19:00:00+00:00,154.02,136.97,106.15,141.71016098622118,136.82268325298548
2023-01-17 20:00:00+00:00,146.26,127.74,86.53,128.52596566276526,125.57725975613009
2023-01-17 21:00:00+00:00,139.94,123.24,81.3,121.65176263804031,120.24951993487647
2023-01-17 22:00:00+00:00,127.73,109.4,42.96,104.6255812646152,103.32864459403285
2023-01-17 23:00:00+00:00,122.85,98.24,5.0,85.00676642430379,81.13707970172054
2023-01-18 00:00:00+00:00,124.68,94.61,0.16,81.85531778921674,76.47630072016723
2023-01-18 01:00:00+00:00,124.64,91.91,0.08,81.74880757422494,74.09634038320527
2023-01-18 02:00:00+00:00,122.87,89.51,0.01,82.44772856788695,71.46359591843999
2023-01-18 03:00:00+00:00,119.91,91.77,0.04,87.5337790411454,73.54544032114505
2023-01-18 04:00:00+00:00,126.6,100.0,2.75,99.9278725099777,83.08784318765112
2023-01-18 05:00:00+00:00,152.72,116.96,57.88,130.6904200319062,111.96307720131469
2023-01-18 06:00:00+00:00,171.69,140.8,91.11,158.1149416442185,137.4215200956532
2023-01-18 07:00:00+00:00,188.67,151.96,127.44,171.80486554968957,150.21746071335812
2023-01-18 08:00:00+00:00,183.11,136.1,129.74,160.32737498365017,137.2479717163779
2023-01-18 09:00:00+00:00,161.25,126.17,131.71,151.096286945989,128.3421908467528
2023-01-18 10:00:00+00:00,152.45,122.75,130.02,147.23610853068834,125.13881632985941
2023-01-18 11:00:00+00:00,140.87,116.07,117.47,140.7877378176396,117.51334678407771
2023-01-18 12:00:00+00:00,141.24,129.56,110.54,145.83051440994987,123.61472932362915
2023-01-18 13:00:00+00:00,142.33,146.05,115.74,155.22610525230306,133.55143847561973
2023-01-18 14:00:00+00:00,152.69,163.85,117.7,166.37815368527245,145.33374035296728
2023-01-18 15:00:00+00:00,153.81,180.05,119.2,175.41560297842767,157.51064389738406
2023-01-18 16:00:00+00:00,164.64,188.83,132.39,181.47219836765228,169.74062705717512
2023-01-18 17:00:00+00:00,158.96,176.9,132.88,169.93554570408423,163.707509458098
2023-01-18 18:00:00+00:00,133.55,175.56,127.8,161.33759644557648,161.1148845132603
2023-01-18 19:00:00+00:00,137.48,154.02,114.56,139.38062649684443,142.1768711420699
2023-01-18 20:00:00+00:00,131.47,146.26,93.47,124.48252722665927,131.83830487753275
2023-01-18 21:00:00+00:00,128.99,139.94,91.71,114.74105104545683,125.77419687055021
2023-01-18 22:00:00+00:00,112.68,127.73,68.54,98.0363149076073,111.6533008150293
2023-01-18 23:00:00+00:00,111.53,122.85,19.88,71.354917094682,95.583491642114
2023-01-19 00:00:00+00:00,106.98,124.68,5.55,68.09453018061757,93.44699162847351
2023-01-19 01:00:00+00:00,104.97,124.64,4.69,66.18996087715144,92.05869864522744
2023-01-19 02:00:00+00:00,101.72,122.87,0.1,64.80012321720031,89.72797495998618
2023-01-19 03:00:00+00:00,99.14,119.91,2.03,65.96479362573041,88.55543853794192
2023-01-19 04:00:00+00:00,110.95,126.6,24.94,77.97377374459536,98.52633889516598
2023-01-19 05:00:00+00:00,118.22,152.72,85.72,110.60962717115908,130.70077544299534
2023-01-19 06:00:00+00:00,149.62,171.69,111.55,137.19657950844208,153.5963545027641
2023-01-19 07:00:00+00:00,159.93,188.67,106.83,151.9214052343457,166.38070406822524
2023-01-19 08:00:00+00:00,155.88,183.11,97.83,146.06852213686335,159.009668247725
2023-01-19 09:00:00+00:00,154.81,161.25,84.74,130.7958034166719,140.16521363919105
2023-01-19 10:00:00+00:00,138.63,152.45,87.38,127.01506968453444,133.02678796994934
2023-01-19 11:00:00+00:00,150.07,140.87,75.88,119.47689531380937,120.91746048236939
2023-01-19 12:00:00+00:00,154.87,141.24,81.84,121.98469780770407,120.41978932598435
2023-01-19 13:00:00+00:00,160.49,142.33,88.2,127.66042197488323,121.36643847533277
2023-01-19 14:00:00+00:00,179.1,152.69,95.18,139.73132235376977,129.75460519985225
2023-01-19 15:00:00+00:00,186.29,153.81,99.08,145.039628505062,132.56841000374203
2023-01-19 16:00:00+00:00,198.73,164.64,112.01,156.5159342688192,145.72209990345542
2023-01-19 17:00:00+00:00,197.57,158.96,119.49,153.05353665759358,143.29169751121373
2023-01-19 18:00:00+00:00,186.29,133.55,100.79,134.15448379020538,123.83713639684906
2023-01-19 19:00:00+00:00,169.93,137.48,99.35,130.6911807559352,123.06228674850985
2023-01-19 20:00:00+00:00,159.77,131.47,84.77,121.58903134471126,115.19859705550805
2023-01-19 21:00:00+00:00,162.14,128.99,70.43,115.48845511853949,110.32012436722314
2023-01-19 22:00:00+00:00,139.5,112.68,39.57,99.40443579950042,93.01320035158076
2023-01-19 23:00:00+00:00,146.89,111.53,32.64,100.3402145396666,93.87525554754437
2023-01-20 00:00:00+00:00,144.5,106.98,16.99,95.05793027019858,88.08642421057424
2023-01-20 01:00:00+00:00,142.44,104.97,9.0,94.55445478746097,85.67355160058239
2023-01-20 02:00:00+00:00,142.8,101.72,2.02,95.28992801909553,83.2356696120621
2023-01-20 03:00:00+00:00,144.98,99.14,2.61,98.00803840924482,82.03342407160743
2023-01-20 04:00:00+00:00,150.5,110.95,25.26,114.41089471370134,95.42331275522844
2023-01-20 05:00:00+00:00,176.01,118.22,54.74,134.89202868089498,111.44264404666055
2023-01-20 06:00:00+00:00,208.07,149.62,87.88,166.26379021452104,142.03357163287149
2023-01-20 07:00:00+00:00,235.06,159.93,105.95,177.88262127620146,152.582907248475
2023-01-20 08:00:00+00:00,221.7,155.88,100.64,172.16273126105517,147.03148476558613
2023-01-20 09:00:00+00:00,209.77,154.81,94.85,167.7161936604541,142.86985603859873
2023-01-20 10:00:00+00:00,201.52,138.63,84.93,156.6000587614697,128.81202419126254
2023-01-20 11:00:00+00:00,189.26,150.07,76.53,160.9607306354523,132.81713917236635
2023-01-20 12:00:00+00:00,181.63,154.87,70.24,163.27801822197793,133.0445024620931
2023-01-20 13:00:00+00:00,182.36,160.49,73.55,167.77024569097847,135.09058382837674
2023-01-20 14:00:00+00:00,192.0,179.1,79.85,182.26436569313103,148.60405365423134
2023-01-20 15:00:00+00:00,200.0,186.29,85.31,190.01543440732047,155.17073397079875
2023-01-20 16:00:00+00:00,208.22,198.73,96.9,201.69206795097034,169.39531413283635
2023-01-20 17:00:00+00:00,208.4,197.57,96.97,200.50257460899843,170.28091669552816
2023-01-20 18:00:00+00:00,197.0,186.29,95.91,190.88885566425702,161.33199129632465
2023-01-20 19:00:00+00:00,175.7,169.93,84.94,175.41049707118907,147.44720068397328
2023-01-20 20:00:00+00:00,166.37,159.77,76.89,164.0883557956002,138.03034317256288
2023-01-20 21:00:00+00:00,163.1,162.14,76.51,161.2282635645402,138.6799892940789
2023-01-20 22:00:00+00:00,147.55,139.5,68.3,142.0046637252089,119.10352804395266
2023-01-20 23:00:00+00:00,144.13,146.89,25.68,135.3907471529326,117.34067856759467
2023-01-21 00:00:00+00:00,140.06,144.5,34.62,129.21779472898078,113.54529743605988
2023-01-21 01:00:00+00:00,140.19,142.44,44.7,124.15376845507518,109.45759423474183
2023-01-21 02:00:00+00:00,133.74,142.8,41.23,120.86711050482496,105.7826807425045
2023-01-21 03:00:00+00:00,131.24,144.98,40.7,118.58005858782437,102.64063906069585
2023-01-21 04:00:00+00:00,132.06,150.5,40.68,119.61985450533587,102.85483806853144
2023-01-21 05:00:00+00:00,130.47,176.01,45.1,132.66697410290138,117.1449450791061
2023-01-21 06:00:00+00:00,140.25,208.07,53.14,155.86227963694938,141.4500736927427
2023-01-21 07:00:00+00:00,152.48,235.06,52.34,175.34915227025283,160.9566456710253
2023-01-21 08:00:00+00:00,171.66,221.7,54.16,170.59697287984292,152.24124618400407
2023-01-21 09:00:00+00:00,170.01,209.77,50.47,163.90637580401537,143.57772057130785
2023-01-21 10:00:00+00:00,156.94,201.52,55.01,157.73917138142804,136.75773612042366
2023-01-21 11:00:00+00:00,147.91,189.26,48.91,148.4421571523386,127.6419190215924
2023-01-21 12:00:00+00:00,137.02,181.63,25.25,137.8219651430654,118.49240522756479
2023-01-21 13:00:00+00:00,136.58,182.36,13.42,135.1189089498577,117.89104213488241
2023-01-21 14:00:00+00:00,135.9,192.0,9.05,141.6768448494038,127.64343707756049
2023-01-21 15:00:00+00:00,144.22,200.0,9.04,147.3547933043042,137.7899493484123
2023-01-21 16:00:00+00:00,173.92,208.22,11.04,154.34364681940323,151.23032479327082
2023-01-21 17:00:00+00:00,178.89,208.4,13.69,153.19294474863372,156.55101866497301
2023-01-21 18:00:00+00:00,143.52,197.0,6.84,141.02490119901825,149.846387432055
2023-01-21 19:00:00+00:00,138.53,175.7,9.03,123.09716838198335,134.86478056813706
2023-01-21 20:00:00+00:00,136.04,166.37,9.07,113.54847064302805,128.68565733384685
2023-01-21 21:00:00+00:00,131.88,163.1,5.9,110.27461017757594,127.67469199633571
2023-01-21 22:00:00+00:00,117.76,147.55,5.19,96.57963387645057,113.88852431335005
2023-01-21 23:00:00+00:00,127.6,144.13,3.94,102.89242281092635,118.09482907435338
2023-01-22 00:00:00+00:00,119.01,140.06,1.71,98.8182833757772,112.52389408939221
2023-01-22 01:00:00+00:00,116.77,140.19,4.1,97.71525611321916,109.71852748544072
2023-01-22 02:00:00+00:00,118.35,133.74,2.65,95.03229902360232,102.92321397231296
2023-01-22 03:00:00+00:00,122.12,131.24,2.87,94.4170912678693,98.17154271725941
2023-01-22 04:00:00+00:00,117.79,132.06,4.01,96.30775654696343,95.86889569558103
2023-01-22 05:00:00+00:00,127.6,130.47,1.58,97.23088067454108,92.62988955142049
2023-01-22 06:00:00+00:00,127.6,140.25,1.74,109.10916917827879,100.00831592258348
2023-01-22 07:00:00+00:00,137.51,152.48,9.08,123.13621370281207,110.48421960596951
2023-01-22 08:00:00+00:00,145.82,171.66,10.31,138.23603818095796,122.92821021732874
2023-01-22 09:00:00+00:00,151.28,170.01,9.01,140.85139608741977,121.01851145253218
2023-01-22 10:00:00+00:00,161.75,156.94,8.03,137.7501471931354,112.3850987218076
2023-01-22 11:00:00+00:00,161.55,147.91,6.76,134.43142897322537,105.13102227241103
2023-01-22 12:00:00+00:00,150.0,137.02,0.42,128.23147008189596,95.61599576076381
2023-01-22 13:00:00+00:00,154.9,136.58,0.29,128.9712726243351,95.22532165695448
2023-01-22 14:00:00+00:00,157.49,135.9,0.32,131.39142847901735,97.44062186508071
2023-01-22 15:00:00+00:00,171.03,144.22,0.46,138.91882154111818,107.61405957712424
2023-01-22 16:00:00+00:00,191.99,173.92,1.25,159.5258341175642,134.973016113747
2023-01-22 17:00:00+00:00,202.07,178.89,26.95,166.6857725614392,146.35260655787096
2023-01-22 18:00:00+00:00,199.19,143.52,25.27,145.200753791819,123.9473588991921
2023-01-22 19:00:00+00:00,179.01,138.53,12.17,137.18370265672098,118.3856971086755
2023-01-22 20:00:00+00:00,170.77,136.04,19.69,135.02400561555362,118.48962256635488
2023-01-22 21:00:00+00:00,162.86,131.88,32.14,134.63775759775493,119.29702905224096
2023-01-22 22:00:00+00:00,153.56,117.76,37.47,123.96945550684546,108.39216509888121
2023-01-22 23:00:00+00:00,148.96,127.6,60.01,137.24977786351621,125.97968078823261
2023-01-23 00:00:00+00:00,149.0,119.01,60.01,130.9241340685463,119.01136639711092
2023-01-23 01:00:00+00:00,148.4,116.77,62.72,130.73604252244698,117.70285304417911
2023-01-23 02:00:00+00:00,147.59,118.35,56.1,133.13829505978822,118.25830789701551
2023-01-23 03:00:00+00:00,149.88,122.12,63.3,139.34227590870717,122.42653695420333
2023-01-23 04:00:00+00:00,150.32,117.79,87.0,146.6865573800386,125.39517083628179
2023-01-23 05:00:00+00:00,189.96,127.6,154.63,172.38125717239802,146.75790315739187
2023-01-23 06:00:00+00:00,226.54,127.6,175.11,185.6112078886095,154.61010058394902
2023-01-23 07:00:00+00:00,257.92,137.51,185.99,196.6328967511227,163.9232129012588
2023-01-23 08:00:00+00:00,270.22,145.82,170.0,200.31044844428044,167.56603068153413
2023-01-23 09:00:00+00:00,249.94,151.28,150.2,201.34088063089644,167.79355980716926
2023-01-23 10:00:00+00:00,230.23,161.75,150.89,207.25729036172567,173.56644664377433
2023-01-23 11:00:00+00:00,220.95,161.55,147.04,205.92462954031717,171.21280814776395
2023-01-23 12:00:00+00:00,219.18,150.0,140.87,196.6336242757148,159.8291263848319
2023-01-23 13:00:00+00:00,219.69,154.9,141.24,197.04913809512675,161.19183313822253
2023-01-23 14:00:00+00:00,218.99,157.49,145.69,197.32236403981653,162.32686928168545
2023-01-23 15:00:00+00:00,224.58,171.03,150.81,203.85382631488926,172.81661351403898
2023-01-23 16:00:00+00:00,248.9,191.99,166.79,218.75226217566245,194.231815083723
2023-01-23 17:00:00+00:00,248.07,202.07,173.72,223.57360524374582,204.3877120070681
2023-01-23 18:00:00+00:00,223.19,199.19,150.5,214.6173566459608,197.95987282964646
2023-01-23 19:00:00+00:00,203.53,179.01,136.97,196.59430979240943,180.83287369887455
2023-01-23 20:00:00+00:00,184.01,170.77,127.74,185.9385476622798,172.54188721730213
2023-01-23 21:00:00+00:00,172.09,162.86,123.24,177.12961025080972,165.34361217748676
2023-01-23 22:00:00+00:00,163.48,153.56,109.4,165.11730052227887,154.19841772816295
2023-01-23 23:00:00+00:00,164.85,148.96,98.24,148.07337560947684,138.52900810297976
2023-01-24 00:00:00+00:00,160.07,149.0,94.61,145.39701268269278,136.0491923740286
2023-01-24 01:00:00+00:00,154.79,148.4,91.91,144.1675530255164,134.154098735807
2023-01-24 02:00:00+00:00,149.05,147.59,89.51,145.30351008661574,133.5306592393037
2023-01-24 03:00:00+00:00,153.65,149.88,91.77,149.9924291212012,136.07763181312762
2023-01-24 04:00:00+00:00,163.34,150.32,100.0,156.87610344165262,139.01888863541222
2023-01-24 05:00:00+00:00,183.61,189.96,116.96,192.2295829271605,174.22437493634646
2023-01-24 06:00:00+00:00,210.08,226.54,140.8,226.2797580018849,206.72758040168358
2023-01-24 07:00:00+00:00,251.1,257.92,151.96,250.82270135026573,231.14086484664597
2023-01-24 08:00:00+00:00,256.43,270.22,136.1,258.19372813769064,237.78229362861964
2023-01-24 09:00:00+00:00,238.66,249.94,126.17,247.36782337960807,222.7315361696798
2023-01-24 10:00:00+00:00,229.98,230.23,122.75,237.49015075408403,209.4039708825801
2023-01-24 11:00:00+00:00,217.92,220.95,116.07,230.96651850294455,200.91159096791608
2023-01-24 12:00:00+00:00,206.05,219.18,129.56,229.52559000502646,198.16763247765485
2023-01-24 13:00:00+00:00,215.28,219.69,146.05,231.08726245566413,198.71588104338127
2023-01-24 14:00:00+00:00,217.98,218.99,163.85,233.3908085539182,199.33725555717223
2023-01-24 15:00:00+00:00,224.58,224.58,180.05,239.62073177655043,206.084844157362
2023-01-24 16:00:00+00:00,250.0,248.9,188.83,256.31974876659285,228.05780369370035
2023-01-24 17:00:00+00:00,250.0,248.07,176.9,254.07594276216895,228.67715174039506
2023-01-24 18:00:00+00:00,231.15,223.19,175.56,237.9771644685099,212.14606836475338
2023-01-24 19:00:00+00:00,214.02,203.53,154.02,219.09004336972222,193.29573284329388
2023-01-24 20:00:00+00:00,187.37,184.01,146.26,202.35495538438684,177.04877444198362
2023-01-24 21:00:00+00:00,172.43,172.09,139.94,190.73527636304772,166.674373330609
2023-01-24 22:00:00+00:00,162.24,163.48,127.73,179.14258431551272,156.6933164282193
2023-01-24 23:00:00+00:00,149.17,164.85,122.85,167.34711884090348,144.32155472605342
2023-01-25 00:00:00+00:00,150.83,160.07,124.68,161.71287293444024,139.7294488742604
2023-01-25 01:00:00+00:00,150.71,154.79,124.64,157.78599425656603,135.30738775025878
2023-01-25 02:00:00+00:00,147.57,149.05,122.87,156.02170100093772,131.55301294027998
2023-01-25 03:00:00+00:00,146.7,153.65,119.91,161.1326205591457,135.14836152404393
2023-01-25 04:00:00+00:00,150.85,163.34,126.6,172.55495690443033,144.49099682186568
2023-01-25 05:00:00+00:00,170.6,183.61,152.72,199.47193484692306,170.0196785588853
2023-01-25 06:00:00+00:00,200.09,210.08,171.69,226.326161477788,196.77945387303828
2023-01-25 07:00:00+00:00,225.04,251.1,188.67,255.24375551623513,229.48321266201697
2023-01-25 08:00:00+00:00,225.0,256.43,183.11,256.7263453221763,232.10706192828854
2023-01-25 09:00:00+00:00,212.42,238.66,161.25,241.44294679929715,215.15441489038164
2023-01-25 10:00:00+00:00,200.98,229.98,152.45,232.38923994759648,205.98604710515278
2023-01-25 11:00:00+00:00,193.2,217.92,140.87,221.178629960225,194.25916841167657
2023-01-25 12:00:00+00:00,185.2,206.05,141.24,211.43728595902894,183.77964866090093
2023-01-25 13:00:00+00:00,191.7,215.28,142.33,215.03535223794967,188.28761539284437
2023-01-25 14:00:00+00:00,197.3,217.98,152.69,218.6812076555148,190.64506147065867
2023-01-25 15:00:00+00:00,199.19,224.58,153.81,223.40880383189813,195.72907933862055
2023-01-25 16:00:00+00:00,206.35,250.0,164.64,241.20046436328113,218.97658716142968
2023-01-25 17:00:00+00:00,208.62,250.0,158.96,239.92963270152103,220.52502472567255
2023-01-25 18:00:00+00:00,193.21,231.15,133.55,222.53928835263378,203.44421219470757
2023-01-25 19:00:00+00:00,174.29,214.02,137.48,207.62823672418858,189.2079101999663
2023-01-25 20:00:00+00:00,165.95,187.37,131.47,187.29748645665936,167.70565655839383
2023-01-25 21:00:00+00:00,163.61,172.43,128.99,174.7485518400307,155.64889444102752
2023-01-25 22:00:00+00:00,153.23,162.24,112.68,162.27022286412455,144.17846607170014
2023-01-25 23:00:00+00:00,150.0,149.17,111.53,151.95605225416324,130.0668009453731
2023-01-26 00:00:00+00:00,140.33,150.83,106.98,150.04792387742498,129.29526681547662
2023-01-26 01:00:00+00:00,137.13,150.71,104.97,149.25485563752173,127.94594026656452
2023-01-26 02:00:00+00:00,134.63,147.57,101.72,149.06768597808505,125.40254103321094
2023-01-26 03:00:00+00:00,136.01,146.7,99.14,152.02397002438715,125.65378784882368
2023-01-26 04:00:00+00:00,143.85,150.85,110.95,162.1717473447071,132.69194937041325
2023-01-26 05:00:00+00:00,165.68,170.6,118.22,186.2967109937667,154.52658911692822
2023-01-26 06:00:00+00:00,186.98,200.09,149.62,215.41664994393574,184.19915453428345
2023-01-26 07:00:00+00:00,198.95,225.04,159.93,235.0623556898417,205.98894319325828
2023-01-26 08:00:00+00:00,202.91,225.0,155.88,233.93899420002623,204.47859045513553
2023-01-26 09:00:00+00:00,197.11,212.42,154.81,225.25496375990545,193.5759188652762
2023-01-26 10:00:00+00:00,194.23,200.98,138.63,216.1235695185888,182.48880695953176
2023-01-26 11:00:00+00:00,187.19,193.2,150.07,210.8489405817169,176.01833193178658
2023-01-26 12:00:00+00:00,184.72,185.2,154.87,204.0850230710854,168.25075056414198
2023-01-26 13:00:00+00:00,181.28,191.7,160.49,205.9831997958874,171.9700104275967
2023-01-26 14:00:00+00:00,175.62,197.3,179.1,209.6946889163503,177.3364068173936
2023-01-26 15:00:00+00:00,168.86,199.19,186.29,210.01899958681742,180.33982806863628
2023-01-26 16:00:00+00:00,186.2,206.35,198.73,214.79024213637223,191.0615540594382
2023-01-26 17:00:00+00:00,180.73,208.62,197.57,211.90620624753655,194.20923107037476
2023-01-26 18:00:00+00:00,170.55,193.21,186.29,195.3789793772771,181.35518602683783
2023-01-26 19:00:00+00:00,158.99,174.29,169.93,174.96520790967918,163.61516381795687
2023-01-26 20:00:00+00:00,154.44,165.95,159.77,162.01821316094407,153.43986463025323
2023-01-26 21:00:00+00:00,149.75,163.61,162.14,155.62966087386866,150.02981426294986
2023-01-26 22:00:00+00:00,137.91,153.23,139.5,141.716559571379,137.6716923835714
2023-01-26 23:00:00+00:00,135.0,150.0,146.89,144.89015437787558,139.0991792267906
2023-01-27 00:00:00+00:00,132.23,140.33,144.5,136.07809254706797,131.20868436983457
2023-01-27 01:00:00+00:00,130.32,137.13,142.44,132.77811484776856,128.55722344276325
2023-01-27 02:00:00+00:00,125.11,134.63,142.8,132.7010013254107,127.32844199780818
2023-01-27 03:00:00+00:00,128.31,136.01,144.98,136.38584697571537,129.27693940057753
2023-01-27 04:00:00+00:00,134.12,143.85,150.5,146.72330407245934,137.48315978011175
2023-01-27 05:00:00+00:00,151.01,165.68,176.01,173.79030492251394,162.54377777599996
2023-01-27 06:00:00+00:00,176.1,186.98,208.07,200.46411406723382,187.05177942040166
2023-01-27 07:00:00+00:00,195.0,198.95,235.06,216.85274194814104,201.27293811219965
2023-01-27 08:00:00+00:00,199.19,202.91,221.7,218.7687622914309,201.0872520274046
2023-01-27 09:00:00+00:00,195.0,197.11,209.77,214.56062116811188,193.59135113398014
2023-01-27 10:00:00+00:00,190.0,194.23,201.52,212.28755025590533,188.62718571770563
2023-01-27 11:00:00+00:00,183.06,187.19,189.26,205.22576615184084,179.0827721162155
2023-01-27 12:00:00+00:00,180.0,184.72,181.63,201.58773463391745,173.69598489517173
2023-01-27 13:00:00+00:00,181.5,181.28,182.36,198.88967925510835,169.49690042806188
2023-01-27 14:00:00+00:00,185.0,175.62,192.0,196.8854943193869,165.94752040244816
2023-01-27 15:00:00+00:00,188.0,168.86,200.0,193.9414855856113,162.67942445006244
2023-01-27 16:00:00+00:00,198.05,186.2,208.22,204.87078713220598,178.4916240269858
2023-01-27 17:00:00+00:00,200.7,180.73,208.4,201.18143240175925,177.05022588724194
2023-01-27 18:00:00+00:00,193.7,170.55,197.0,191.03543143627428,168.0412263758779
2023-01-27 19:00:00+00:00,181.5,158.99,175.7,176.69743019668908,154.48908385231456
2023-01-27 20:00:00+00:00,166.25,154.44,166.37,168.61226836487077,148.05979834779217
2023-01-27 21:00:00+00:00,155.12,149.75,163.1,162.89819232054688,143.3961221166834
2023-01-27 22:00:00+00:00,146.0,137.91,147.55,151.13966743207834,131.10759506886097
2023-01-27 23:00:00+00:00,139.9,135.0,144.13,149.05690607541015,127.06525180115638
2023-01-28 00:00:00+00:00,135.06,132.23,140.06,143.43729449155458,121.02206372208006
2023-01-28 01:00:00+00:00,133.38,130.32,140.19,140.31245179784582,116.7504298612381
2023-01-28 02:00:00+00:00,129.59,125.11,133.74,136.08406107742422,109.92453578147504
2023-01-28 03:00:00+00:00,125.28,128.31,131.24,136.73190152004418,108.793928938426
2023-01-28 04:00:00+00:00,122.83,134.12,132.06,139.5345581320637,109.8045810421711
2023-01-28 05:00:00+00:00,128.85,151.01,130.47,150.18369921627715,119.71320365743293
2023-01-28 06:00:00+00:00,136.32,176.1,140.25,168.93138970733258,138.05209806969054
2023-01-28 07:00:00+00:00,145.43,195.0,152.48,184.51825064241467,152.71883167050342
2023-01-28 08:00:00+00:00,160.16,199.19,171.66,189.8909627079188,157.85708795332357
2023-01-28 09:00:00+00:00,161.57,195.0,170.01,185.5128788962301,153.5133173816838
2023-01-28 10:00:00+00:00,157.3,190.0,156.94,179.50834650782207,147.69835162226602
2023-01-28 11:00:00+00:00,141.56,183.06,147.91,172.18788615871455,140.25184419945577
2023-01-28 12:00:00+00:00,135.32,180.0,137.02,166.71487488739768,135.4518378187497
2023-01-28 13:00:00+00:00,138.16,181.5,136.58,166.67809367211103,135.9846816013458
2023-01-28 14:00:00+00:00,147.14,185.0,135.9,170.99217810708814,139.65262928447967
2023-01-28 15:00:00+00:00,154.27,188.0,144.22,177.3658178505089,146.2400005683955
2023-01-28 16:00:00+00:00,164.93,198.05,173.92,191.3364583323468,164.88054801524933
2023-01-28 17:00:00+00:00,174.06,200.7,178.89,194.2279142191137,172.45390937654082
2023-01-28 18:00:00+00:00,163.56,193.7,143.52,183.56826037613826,165.28115352214226
2023-01-28 19:00:00+00:00,149.96,181.5,138.53,171.8085821178305,156.3447240509446
2023-01-28 20:00:00+00:00,146.13,166.25,136.04,159.62489161473002,146.21317879731782
2023-01-28 21:00:00+00:00,142.23,155.12,131.88,151.28980248849354,139.228841804914
2023-01-28 22:00:00+00:00,139.78,146.0,117.76,139.95530635449853,129.3589996113193
2023-01-28 23:00:00+00:00,154.85,139.9,127.6,140.70402013213604,132.92344844865227
2023-01-29 00:00:00+00:00,129.66,135.06,119.01,132.92543978511313,126.0857312944931
2023-01-29 01:00:00+00:00,126.23,133.38,116.77,127.95309722197734,121.90047874095077
2023-01-29 02:00:00+00:00,123.63,129.59,118.35,123.02298732343314,116.28587759286523
2023-01-29 03:00:00+00:00,123.87,125.28,122.12,119.38013386830477,110.86455102014685
2023-01-29 04:00:00+00:00,123.13,122.83,117.79,115.962561625196,105.33813950806935
2023-01-29 05:00:00+00:00,127.74,128.85,127.6,119.26484851360782,107.91741934714827
2023-01-29 06:00:00+00:00,133.26,136.32,127.6,124.73186171003798,112.75978459425431
2023-01-29 07:00:00+00:00,148.07,145.43,137.51,131.45836210368364,120.52797971430944
2023-01-29 08:00:00+00:00,155.77,160.16,145.82,137.813132186207,131.81498838898074
2023-01-29 09:00:00+00:00,124.76,161.57,151.28,134.82490539555963,132.91197028223036
2023-01-29 10:00:00+00:00,121.06,157.3,161.75,131.22846501240468,131.46037040567683
2023-01-29 11:00:00+00:00,115.31,141.56,161.55,119.45587145453511,119.69349765821755
2023-01-29 12:00:00+00:00,114.97,135.32,150.0,111.59825463361575,112.72551319458076
2023-01-29 13:00:00+00:00,121.03,138.16,154.9,113.60954591796686,115.1623049154054
2023-01-29 14:00:00+00:00,125.5,147.14,157.49,121.62820743079374,123.53343312085862
2023-01-29 15:00:00+00:00,130.09,154.27,171.03,130.56530790657757,134.16544113044273
2023-01-29 16:00:00+00:00,156.14,164.93,191.99,142.148368180998,151.68305401138588
2023-01-29 17:00:00+00:00,153.36,174.06,202.07,146.3697140044084,164.85686799952896
2023-01-29 18:00:00+00:00,128.65,163.56,199.19,132.79310141474002,159.29803912271558
2023-01-29 19:00:00+00:00,99.84,149.96,179.01,114.73002620574039,148.11537982259492
2023-01-29 20:00:00+00:00,85.0,146.13,170.77,104.70988400347983,144.96603459998764
2023-01-29 21:00:00+00:00,79.83,142.23,162.86,98.54533229406196,142.83959774483444
2023-01-29 22:00:00+00:00,64.36,139.78,153.56,89.16068637294221,138.7689527602978
2023-01-29 23:00:00+00:00,45.0,154.85,148.96,97.15605451929538,157.39932830160456
2023-01-30 00:00:00+00:00,5.9,129.66,149.0,81.47173822025886,139.16968480311687
2023-01-30 01:00:00+00:00,5.07,126.23,148.4,79.1781165309526,136.4474491132394
2023-01-30 02:00:00+00:00,2.03,123.63,147.59,78.8725359133663,134.8039308415053
2023-01-30 03:00:00+00:00,9.03,123.87,149.88,80.81171239325576,135.92881224533696
2023-01-30 04:00:00+00:00,37.47,123.13,150.32,84.5530542222647,138.0385555529294
2023-01-30 05:00:00+00:00,88.1,127.74,189.96,102.05126313864686,153.1385539030115
2023-01-30 06:00:00+00:00,102.18,133.26,226.54,120.05525817221235,166.40755378354228
2023-01-30 07:00:00+00:00,115.5,148.07,257.92,136.22009188669458,181.97994038657015
2023-01-30 08:00:00+00:00,100.8,155.77,270.22,140.9916399647581,188.84607493530012
2023-01-30 09:00:00+00:00,96.81,124.76,249.94,118.73501027332148,164.64002939370533
2023-01-30 10:00:00+00:00,88.23,121.06,230.23,112.0109398765601,158.81596873034385
2023-01-30 11:00:00+00:00,86.1,115.31,220.95,105.6132786836876,151.51150984373072
2023-01-30 12:00:00+00:00,83.38,114.97,219.18,102.99749401042777,148.73851521233624
2023-01-30 13:00:00+00:00,88.36,121.03,219.69,105.5022671247132,151.16350797332964
2023-01-30 14:00:00+00:00,86.12,125.5,218.99,110.44522963253871,154.53588810302358
2023-01-30 15:00:00+00:00,89.69,130.09,224.58,116.39790726351774,159.04516788893568
2023-01-30 16:00:00+00:00,98.62,156.14,248.9,137.3713753006795,183.20702816853913
2023-01-30 17:00:00+00:00,96.29,153.36,248.07,137.0211709991176,183.98076635432108
2023-01-30 18:00:00+00:00,100.7,128.65,223.19,117.40992689932112,163.64178299370172
2023-01-30 19:00:00+00:00,89.95,99.84,203.53,93.96558044911735,139.2855298197956
2023-01-30 20:00:00+00:00,86.85,85.0,184.01,80.43158075668445,125.81340089069002
2023-01-30 21:00:00+00:00,88.15,79.83,172.09,76.27067817708044,120.23736494510423
2023-01-30 22:00:00+00:00,90.8,64.36,163.48,64.99614701979587,107.64940340540699
2023-01-30 23:00:00+00:00,94.01,45.0,164.85,51.882123708543226,87.16876279515893
2023-01-31 00:00:00+00:00,98.15,5.9,160.07,32.72791935235804,59.41991497178543
2023-01-31 01:00:00+00:00,98.15,5.07,154.79,35.586031003753575,59.35819433516783
2023-01-31 02:00:00+00:00,100.91,2.03,149.05,39.28157573187922,58.44438016439187
2023-01-31 03:00:00+00:00,105.29,9.03,153.65,50.41979492734753,66.1131577434555
2023-01-31 04:00:00+00:00,109.53,37.47,163.34,75.26316794395935,89.71049020491913
2023-01-31 05:00:00+00:00,144.34,88.1,183.61,116.71804175443859,132.7786974531632
2023-01-31 06:00:00+00:00,171.4,102.18,210.08,135.71518313911076,149.15625090439545
2023-01-31 07:00:00+00:00,182.98,115.5,251.1,148.87856630785754,164.6398877546776
2023-01-31 08:00:00+00:00,169.94,100.8,256.43,137.42740851375152,154.50054627470155
2023-01-31 09:00:00+00:00,167.11,96.81,238.66,128.01248927085243,146.2704399600643
2023-01-31 10:00:00+00:00,146.33,88.23,229.98,118.3150175600408,138.32903965192105
2023-01-31 11:00:00+00:00,138.23,86.1,217.92,110.42516336711958,133.30749264920135
2023-01-31 12:00:00+00:00,123.71,83.38,206.05,102.24551699446009,127.73520309004662
2023-01-31 13:00:00+00:00,106.62,88.36,215.28,102.11903198631526,130.4197578628497
2023-01-31 14:00:00+00:00,108.1,86.12,217.98,99.75077013529585,128.78108180260912
2023-01-31 15:00:00+00:00,101.73,89.69,224.58,101.3297368034217,132.15944775101153
2023-01-31 16:00:00+00:00,103.18,98.62,250.0,110.63952247195392,145.41220572404114
2023-01-31 17:00:00+00:00,108.96,96.29,250.0,108.32808314450341,145.55848445009724
2023-01-31 18:00:00+00:00,100.28,100.7,231.15,103.21149386309482,144.3281397191987
2023-01-31 19:00:00+00:00,94.92,89.95,214.02,88.3386971341009,130.63602454408954
2023-01-31 20:00:00+00:00,86.19,86.85,187.37,77.98399216791736,122.39893995156858
2023-01-31 21:00:00+00:00,86.1,88.15,172.43,73.34927426669724,119.63255169542585
2023-01-31 22:00:00+00:00,69.56,90.8,162.24,68.10263195334879,116.81279731798114
2023-01-31 23:00:00+00:00,79.94,94.01,149.17,60.507953399562105,106.92018887894075
2023-02-01 00:00:00+00:00,67.55,98.15,150.83,57.530519446753054,104.5876576128256
2023-02-01 01:00:00+00:00,65.69,98.15,150.71,55.865424781036516,102.78693417098333
2023-02-01 02:00:00+00:00,66.82,100.91,147.57,56.068436303678304,102.30933123313106
2023-02-01 03:00:00+00:00,57.59,105.29,146.7,57.68626064595058,103.6930659760431
2023-02-01 04:00:00+00:00,74.96,109.53,150.85,64.64545075255651,109.93081420468705
2023-02-01 05:00:00+00:00,95.98,144.34,170.6,99.6185195776614,146.67063886553177
2023-02-01 06:00:00+00:00,112.75,171.4,200.09,130.3724732521501,175.6362488847512
2023-02-01 07:00:00+00:00,120.74,182.98,225.04,145.69831175190095,189.6999412638325
2023-02-01 08:00:00+00:00,111.29,169.94,225.0,137.6956450623093,179.38221706827494
2023-02-01 09:00:00+00:00,105.03,167.11,212.42,132.14207187215797,174.70853269700046
2023-02-01 10:00:00+00:00,101.45,146.33,200.98,117.05719985941654,157.98522052285836
2023-02-01 11:00:00+00:00,99.34,138.23,193.2,108.10589069494675,149.28768115357957
2023-02-01 12:00:00+00:00,98.53,123.71,185.2,96.95889282834828,135.97094108256252
2023-02-01 13:00:00+00:00,95.97,106.62,191.7,87.07152099955321,122.88555668033817
2023-02-01 14:00:00+00:00,98.56,108.1,197.3,88.8724278271791,123.01306673352755
2023-02-01 15:00:00+00:00,102.69,101.73,199.19,85.96262784537295,118.68179506465638
2023-02-01 16:00:00+00:00,109.12,103.18,206.35,90.20341111098428,123.8638870948793
2023-02-01 17:00:00+00:00,111.58,108.96,208.62,94.12350833243141,130.4649553135779
2023-02-01 18:00:00+00:00,100.88,100.28,193.21,83.46002241890619,122.44901913972767
2023-02-01 19:00:00+00:00,97.65,94.92,174.29,71.30823401142072,113.34216215988195
2023-02-01 20:00:00+00:00,94.75,86.19,165.95,60.10321661135857,104.40227539368044
2023-02-01 21:00:00+00:00,86.42,86.1,163.61,57.22942976202231,103.06413817774124
2023-02-01 22:00:00+00:00,78.59,69.56,153.23,43.298540242015086,89.13227023077619
2023-02-01 23:00:00+00:00,74.3,79.94,150.0,42.951113270581494,90.22309107451986
2023-02-02 00:00:00+00:00,67.77,67.55,140.33,34.70708859497421,80.33259145503985
2023-02-02 01:00:00+00:00,71.35,65.69,137.13,34.982988345459816,78.76987481672406
2023-02-02 02:00:00+00:00,76.75,66.82,134.63,39.079683334385244,80.18289655182006
2023-02-02 03:00:00+00:00,88.55,57.59,136.01,40.3321862834097,75.65380279797502
2023-02-02 04:00:00+00:00,93.11,74.96,143.85,60.054863438373644,91.34038444907831
2023-02-02 05:00:00+00:00,116.21,95.98,165.68,89.78562946375533,116.79699347116156
2023-02-02 06:00:00+00:00,139.22,112.75,186.98,114.58555988882716,135.91497298907305
2023-02-02 07:00:00+00:00,169.87,120.74,198.95,128.29146429009032,143.20160865143202
2023-02-02 08:00:00+00:00,178.2,111.29,202.91,127.72000938249218,134.26604566571825
2023-02-02 09:00:00+00:00,170.09,105.03,197.11,127.29793235575586,127.57515325498522
2023-02-02 10:00:00+00:00,167.21,101.45,194.23,127.53395611476772,122.37604310599924
2023-02-02 11:00:00+00:00,156.86,99.34,187.19,126.76871333888892,117.31322248466003
2023-02-02 12:00:00+00:00,152.74,98.53,184.72,127.02423358141982,113.04852097221878
2023-02-02 13:00:00+00:00,161.44,95.97,181.28,128.3248990841328,107.5821125128106
2023-02-02 14:00:00+00:00,163.39,98.56,175.62,133.92731962399205,107.5892778552854
2023-02-02 15:00:00+00:00,167.28,102.69,168.86,137.9756768390106,109.31094518858492
2023-02-02 16:00:00+00:00,178.17,109.12,186.2,144.1855922341338,118.29335874459198
2023-02-02 17:00:00+00:00,183.12,111.58,180.73,142.9405284228224,122.19943945501464
2023-02-02 18:00:00+00:00,172.18,100.88,170.55,128.56109428644257,113.07901113021379
2023-02-02 19:00:00+00:00,142.09,97.65,158.99,115.17067839881811,107.0201541710368
2023-02-02 20:00:00+00:00,143.54,94.75,154.44,103.4578859260326,102.0410150221138
2023-02-02 21:00:00+00:00,130.15,86.42,149.75,90.55317599945217,94.31651014015047
2023-02-02 22:00:00+00:00,103.93,78.59,137.91,75.65620863192922,84.1984128121592
2023-02-02 23:00:00+00:00,108.3,74.3,135.0,64.36185134326544,84.69331960197702
2023-02-03 00:00:00+00:00,100.27,67.77,132.23,52.73009119264636,77.89725212497044
2023-02-03 01:00:00+00:00,93.82,71.35,130.32,48.269797794173535,79.22377262381272
2023-02-03 02:00:00+00:00,87.83,76.75,125.11,47.35548089612833,82.71779184948649
2023-02-03 03:00:00+00:00,84.03,88.55,128.31,51.03395442303733,90.63722670468712
2023-02-03 04:00:00+00:00,89.02,93.11,134.12,55.73268922157567,97.53060860333918
2023-02-03 05:00:00+00:00,100.27,116.21,151.01,78.2558810532082,122.8257288281269
2023-02-03 06:00:00+00:00,107.73,139.22,176.1,103.31340907604704,147.89609363791354
2023-02-03 07:00:00+00:00,110.39,169.87,195.0,127.01070913381447,173.70718804135137
2023-02-03 08:00:00+00:00,110.01,178.2,199.19,132.48933420873283,179.25532051598614
2023-02-03 09:00:00+00:00,97.73,170.09,195.0,126.98163151582787,172.25188110384718
2023-02-03 10:00:00+00:00,102.81,167.21,190.0,123.7169467474221,168.7812425299668
2023-02-03 11:00:00+00:00,102.0,156.86,183.06,114.85521026643373,159.15474754614627
2023-02-03 12:00:00+00:00,99.19,152.74,180.0,109.44194594071102,153.4012120460346
2023-02-03 13:00:00+00:00,97.91,161.44,181.5,112.64293403087154,156.51390136078598
2023-02-03 14:00:00+00:00,102.0,163.39,185.0,115.75738441050734,157.4541068645545
2023-02-03 15:00:00+00:00,107.72,167.28,188.0,120.54406683633692,161.0057559575665
2023-02-03 16:00:00+00:00,112.4,178.17,198.05,131.2885166879733,172.7027666008109
2023-02-03 17:00:00+00:00,113.52,183.12,200.7,136.07952566690193,179.18398906125867
2023-02-03 18:00:00+00:00,108.07,172.18,193.7,126.43646813020518,169.97383700725803
2023-02-03 19:00:00+00:00,103.7,142.09,181.5,103.62449244511753,145.14357890052884
2023-02-03 20:00:00+00:00,102.95,143.54,166.25,99.8213114011996,141.77843600168467
2023-02-03 21:00:00+00:00,113.19,130.15,155.12,91.1764503481502,128.73233191721476
2023-02-03 22:00:00+00:00,107.8,103.93,146.0,76.54144069249335,107.03404049686245
2023-02-03 23:00:00+00:00,99.36,108.3,139.9,77.14117943309137,103.58316708609847
2023-02-04 00:00:00+00:00,106.25,100.27,135.06,76.86529621472238,93.70131826171522
2023-02-04 01:00:00+00:00,113.15,93.82,133.38,79.25992432923239,86.1297080544025
2023-02-04 02:00:00+00:00,121.77,87.83,129.59,82.69428007293816,78.72216611489928
2023-02-04 03:00:00+00:00,125.38,84.03,125.28,86.7608761649079,73.09500038983558
2023-02-04 04:00:00+00:00,127.44,89.02,122.83,94.88395163998244,72.9976413835561
2023-02-04 05:00:00+00:00,137.34,100.27,128.85,108.17021406641055,80.1031021582483
2023-02-04 06:00:00+00:00,156.31,107.73,136.32,121.12654781170974,86.53660366042247
2023-02-04 07:00:00+00:00,164.19,110.39,145.43,130.3945588601407,91.59671263433543
2023-02-04 08:00:00+00:00,169.83,110.01,160.16,132.34155309188645,93.20657650673132
2023-02-04 09:00:00+00:00,164.11,97.73,161.57,123.06812121367673,83.89377870332807
2023-02-04 10:00:00+00:00,156.39,102.81,157.3,122.68810083680076,86.1498071035144
2023-02-04 11:00:00+00:00,148.84,102.0,141.56,117.42826153269223,81.74077727599307
2023-02-04 12:00:00+00:00,133.37,99.19,135.32,114.07198857006833,77.80216514596879
2023-02-04 13:00:00+00:00,134.09,97.91,138.16,115.66942170667315,77.66512821260329
2023-02-04 14:00:00+00:00,141.61,102.0,147.14,125.13794695182679,83.39361336770826
2023-02-04 15:00:00+00:00,155.36,107.72,154.27,136.86168606393005,91.73757038958283
2023-02-04 16:00:00+00:00,170.29,112.4,164.93,146.64408350652025,102.72124075661979
2023-02-04 17:00:00+00:00,184.16,113.52,174.06,149.28977022346962,109.90724276902067
2023-02-04 18:00:00+00:00,179.96,108.07,163.56,140.14921562329204,105.45122469349086
2023-02-04 19:00:00+00:00,167.89,103.7,149.96,128.69341543708973,98.62814173176002
2023-02-04 20:00:00+00:00,158.13,102.95,146.13,121.57142065555315,97.77346258279692
2023-02-04 21:00:00+00:00,152.38,113.19,142.23,121.15123075638579,103.91987744822853
2023-02-04 22:00:00+00:00,136.67,107.8,139.78,110.49574033651919,96.61429328786141
2023-02-04 23:00:00+00:00,135.51,99.36,154.85,109.79904762497813,99.1328139766808
2023-02-05 00:00:00+00:00,136.97,106.25,129.66,105.19041248453853,97.51993723128246
2023-02-05 01:00:00+00:00,129.03,113.15,126.23,104.76120755174095,98.34466509042579
2023-02-05 02:00:00+00:00,130.68,121.77,123.63,106.92609425502894,100.44201466635717
2023-02-05 03:00:00+00:00,116.2,125.38,123.87,107.292870268533,99.58294620870026
2023-02-05 04:00:00+00:00,113.27,127.44,123.13,106.55429495373603,97.46328463009203
2023-02-05 05:00:00+00:00,114.21,137.34,127.74,112.64638954347117,102.30808355895903
2023-02-05 06:00:00+00:00,115.6,156.31,133.26,126.71304068490855,114.90123690513738
2023-02-05 07:00:00+00:00,120.48,164.19,148.07,134.62064854759603,122.53418308325604
2023-02-05 08:00:00+00:00,117.68,169.83,155.77,136.7002099474554,128.21599579782492
2023-02-05 09:00:00+00:00,117.3,164.11,124.76,126.9276782985024,119.95295827900202
2023-02-05 10:00:00+00:00,122.09,156.39,121.06,122.43540610438357,115.62813833703962
2023-02-05 11:00:00+00:00,116.09,148.84,115.31,115.19272366909667,108.50258591112444
2023-02-05 12:00:00+00:00,107.01,133.37,114.97,104.11937308973913,96.23634506275238
2023-02-05 13:00:00+00:00,109.75,134.09,121.03,104.45294786075732,96.8590564230174
2023-02-05 14:00:00+00:00,116.32,141.61,125.5,111.3922261867624,104.0790261145007
2023-02-05 15:00:00+00:00,125.16,155.36,130.09,125.41329185056817,118.07977227057329
2023-02-05 16:00:00+00:00,147.57,170.29,156.14,145.54675041372224,139.0916894539903
2023-02-05 17:00:00+00:00,171.44,184.16,153.36,158.69137847318146,155.41800321517843
2023-02-05 18:00:00+00:00,170.92,179.96,128.65,154.02664796877258,152.82894363400916
2023-02-05 19:00:00+00:00,165.9,167.89,99.84,142.94857296206118,142.22387393255372
2023-02-05 20:00:00+00:00,153.67,158.13,85.0,136.14213921033064,135.18131592999316
2023-02-05 21:00:00+00:00,155.77,152.38,79.83,134.3632770258397,132.99693733099352
2023-02-05 22:00:00+00:00,144.18,136.67,64.36,122.3770385317012,118.5380236551694
2023-02-05 23:00:00+00:00,145.0,135.51,45.0,132.7741376302926,123.45780346722485
2023-02-06 00:00:00+00:00,143.73,136.97,5.9,128.69946596437245,118.62954844488763
2023-02-06 01:00:00+00:00,145.41,129.03,5.07,126.11688115474345,113.0859422864203
2023-02-06 02:00:00+00:00,142.09,130.68,2.03,129.74374430896822,114.60620942600173
2023-02-06 03:00:00+00:00,140.1,116.2,9.03,128.08369858637587,107.35698356530455
2023-02-06 04:00:00+00:00,148.93,113.27,37.47,138.2979511345744,112.25425425984618
2023-02-06 05:00:00+00:00,175.67,114.21,88.1,159.23918596971683,126.94821304675851
2023-02-06 06:00:00+00:00,200.65,115.6,102.18,173.13316729066338,135.77777993049693
2023-02-06 07:00:00+00:00,213.39,120.48,115.5,181.0192362024925,142.8163738739618
2023-02-06 08:00:00+00:00,200.65,117.68,100.8,174.4210269373815,138.92953929326387
2023-02-06 09:00:00+00:00,185.08,117.3,96.81,169.22939822075483,136.98856606267822
2023-02-06 10:00:00+00:00,179.84,122.09,88.23,167.6733231144151,137.9430324110886
2023-02-06 11:00:00+00:00,168.72,116.09,86.1,161.60223920474033,131.3733346976474
2023-02-06 12:00:00+00:00,161.16,107.01,83.38,155.22155649813416,122.31398613372217
2023-02-06 13:00:00+00:00,163.9,109.75,88.36,158.01222651516727,122.88222385935434
2023-02-06 14:00:00+00:00,170.67,116.32,86.12,165.01217332015747,126.63892969862563
2023-02-06 15:00:00+00:00,181.8,125.16,89.69,174.25511555943478,133.98155655900536
2023-02-06 16:00:00+00:00,198.94,147.57,98.62,190.53707388117795,153.8990895212478
2023-02-06 17:00:00+00:00,213.5,171.44,96.29,202.5376010564113,173.6511822411194
2023-02-06 18:00:00+00:00,205.38,170.92,100.7,197.09820613921926,173.50607771908057
2023-02-06 19:00:00+00:00,186.21,165.9,89.95,185.35430522848827,165.99730383189896
2023-02-06 20:00:00+00:00,166.48,153.67,86.85,171.62557283007305,155.01754454018507
2023-02-06 21:00:00+00:00,159.82,155.77,88.15,167.3782815300609,155.18521820150215
2023-02-06 22:00:00+00:00,154.0,144.18,90.8,154.81503046316456,144.549094835054
2023-02-06 23:00:00+00:00,145.78,145.0,94.01,140.89810767369667,132.51936404268045
2023-02-07 00:00:00+00:00,142.21,143.73,98.15,137.85539187495374,131.19907270067264
2023-02-07 01:00:00+00:00,140.42,145.41,98.15,138.34229636683833,131.57143079298285
2023-02-07 02:00:00+00:00,139.44,142.09,100.91,138.88512297501558,129.9427098769687
2023-02-07 03:00:00+00:00,141.6,140.1,105.29,142.0224958448069,128.8890174444983
2023-02-07 04:00:00+00:00,145.87,148.93,109.53,154.102059798134,137.35468082369343
2023-02-07 05:00:00+00:00,170.54,175.67,144.34,185.81584905078614,166.14191598121437
2023-02-07 06:00:00+00:00,198.04,200.65,171.4,215.08271183643694,192.07266482947438
2023-02-07 07:00:00+00:00,214.16,213.39,182.98,224.11262844486794,204.41176496492207
2023-02-07 08:00:00+00:00,191.85,200.65,169.94,203.83265117292177,193.0139871494353
2023-02-07 09:00:00+00:00,172.52,185.08,167.11,183.55390032105095,180.51896167068804
2023-02-07 10:00:00+00:00,141.83,179.84,146.33,172.15110909621367,173.60067537046785
2023-02-07 11:00:00+00:00,140.33,168.72,138.23,161.08302467309232,162.14683364316414
2023-02-07 12:00:00+00:00,134.86,161.16,123.71,154.98422497312703,152.0967845483358
2023-02-07 13:00:00+00:00,148.34,163.9,106.62,159.3299054450999,149.05181554959464
2023-02-07 14:00:00+00:00,171.86,170.67,108.1,174.82975937164866,152.72400013295484
2023-02-07 15:00:00+00:00,189.98,181.8,101.73,192.92687190502033,159.79342217669296
2023-02-07 16:00:00+00:00,222.26,198.94,103.18,211.18923347281242,176.12421844961494
2023-02-07 17:00:00+00:00,245.6,213.5,108.96,222.11183996687384,192.12645317490689
2023-02-07 18:00:00+00:00,229.0,205.38,100.28,213.23314696653904,185.99914397553306
2023-02-07 19:00:00+00:00,199.03,186.21,94.92,195.4144210632868,170.1247693665887
2023-02-07 20:00:00+00:00,188.18,166.48,86.19,177.0927348461792,153.1216031671941
2023-02-07 21:00:00+00:00,173.36,159.82,86.1,168.88554973105968,147.69829224428412
2023-02-07 22:00:00+00:00,163.08,154.0,69.56,157.6379805912925,138.6284325660729
2023-02-07 23:00:00+00:00,160.05,145.78,79.94,139.44684164293696,121.45898207559523
2023-02-08 00:00:00+00:00,155.16,142.21,67.55,133.80545384119193,116.56030585849624
2023-02-08 01:00:00+00:00,150.0,140.42,65.69,132.10331340545605,114.74404346438202
2023-02-08 02:00:00+00:00,147.97,139.44,66.82,132.54912905279355,114.1703181036491
2023-02-08 03:00:00+00:00,145.97,141.6,57.59,134.70534208302752,114.89100395383726
2023-02-08 04:00:00+00:00,149.18,145.87,74.96,144.99930189963553,123.08043788487079
2023-02-08 05:00:00+00:00,175.69,170.54,95.98,172.87465317326226,150.45012554119648
2023-02-08 06:00:00+00:00,196.64,198.04,112.75,199.0465749884881,176.95665987338066
2023-02-08 07:00:00+00:00,216.19,214.16,120.74,205.19567405019234,190.64524018956268
2023-02-08 08:00:00+00:00,177.75,191.85,111.29,175.7812579930185,172.0064431201822
2023-02-08 09:00:00+00:00,128.0,172.52,105.03,151.31065263334122,155.53810333575277
2023-02-08 10:00:00+00:00,126.33,141.83,101.45,127.50527365517367,132.7676923321951
2023-02-08 11:00:00+00:00,124.95,140.33,99.34,122.8709776930716,128.97752444486719
2023-02-08 12:00:00+00:00,124.96,134.86,98.53,120.09485152102216,122.93557596300126
2023-02-08 13:00:00+00:00,124.95,148.34,95.97,132.62921988420516,130.2685981302655
2023-02-08 14:00:00+00:00,134.49,171.86,98.56,156.2216978414986,145.81920190537795
2023-02-08 15:00:00+00:00,156.86,189.98,102.69,177.94377244047993,159.57577362056804
2023-02-08 16:00:00+00:00,183.99,222.26,109.12,198.73069577759236,186.6740241093378
2023-02-08 17:00:00+00:00,192.45,245.6,111.58,205.34982217542466,208.05521094864747
2023-02-08 18:00:00+00:00,153.0,229.0,100.88,185.51417106348725,196.09258673559634
2023-02-08 19:00:00+00:00,145.45,199.03,97.65,159.20888378660518,172.4970990577434
2023-02-08 20:00:00+00:00,133.81,188.18,94.75,145.16681303807633,161.66895023363378
2023-02-08 21:00:00+00:00,127.73,173.36,86.42,131.76668821323668,149.17377777398923
2023-02-08 22:00:00+00:00,118.94,163.08,78.59,121.19314755338536,139.09413826408172
2023-02-08 23:00:00+00:00,109.56,160.05,74.3,116.33951495150004,130.59663495091868
2023-02-09 00:00:00+00:00,118.36,155.16,67.77,112.31858562570915,124.89926007088268
2023-02-09 01:00:00+00:00,115.12,150.0,71.35,109.94244834043059,121.1303261202526
2023-02-09 02:00:00+00:00,115.46,147.97,76.75,110.93989913490117,120.45443737732656
2023-02-09 03:00:00+00:00,120.47,145.97,88.55,114.37634164393566,121.39289454925284
2023-02-09 04:00:00+00:00,132.57,149.18,93.11,122.68267353835903,126.71505698727056
2023-02-09 05:00:00+00:00,155.24,175.69,116.21,152.4714034173926,155.36448262695365
2023-02-09 06:00:00+00:00,174.46,196.64,139.22,177.0171875064293,178.4027477296592
2023-02-09 07:00:00+00:00,173.02,216.19,169.87,190.6350877247973,197.22311796965045
2023-02-09 08:00:00+00:00,111.36,177.75,178.2,159.01442003672116,169.01037675804568
2023-02-09 09:00:00+00:00,114.01,128.0,170.09,123.46895289493335,131.82015866844654
2023-02-09 10:00:00+00:00,111.77,126.33,167.21,118.51107194697929,127.25406726826309
2023-02-09 11:00:00+00:00,111.18,124.95,156.86,114.5887357240123,122.84119359026877
2023-02-09 12:00:00+00:00,110.19,124.96,152.74,114.88995634238631,119.71572615216638
2023-02-09 13:00:00+00:00,121.46,124.95,161.44,122.14580903555516,119.79165189812691
2023-02-09 14:00:00+00:00,157.91,134.49,163.39,138.20569560049748,127.39981214667749
2023-02-09 15:00:00+00:00,165.04,156.86,167.28,160.22065238797722,144.45622486845625
2023-02-09 16:00:00+00:00,173.25,183.99,178.17,180.79122157342812,169.43594255004248
2023-02-09 17:00:00+00:00,166.33,192.45,183.12,183.1584592907331,180.47285801007538
2023-02-09 18:00:00+00:00,134.89,153.0,172.18,153.39501688487653,151.97497430202208
2023-02-09 19:00:00+00:00,115.77,145.45,142.09,135.76016543866308,139.16450719817908
2023-02-09 20:00:00+00:00,135.77,133.81,143.54,122.28513887823716,129.31699753405013
2023-02-09 21:00:00+00:00,119.93,127.73,130.15,111.97194169604712,121.49250768736182
2023-02-09 22:00:00+00:00,117.95,118.94,103.93,99.45762661438718,110.1224742127167
2023-02-09 23:00:00+00:00,122.69,109.56,108.3,99.67936481204966,108.20148665246867
2023-02-10 00:00:00+00:00,123.09,118.36,100.27,103.62399953217697,111.94278341485855
2023-02-10 01:00:00+00:00,116.32,115.12,93.82,103.20702034878153,108.66410156849992
2023-02-10 02:00:00+00:00,116.7,115.46,87.83,106.36792139827045,108.48406783595803
2023-02-10 03:00:00+00:00,118.51,120.47,84.03,113.447469791472,112.23608885108743
2023-02-10 04:00:00+00:00,125.47,132.57,89.02,128.07935834172577,123.59410317529225
2023-02-10 05:00:00+00:00,153.99,155.24,100.27,154.36177735512092,147.50075457295054
2023-02-10 06:00:00+00:00,185.91,174.46,107.73,176.3512628553064,166.75679242204484
2023-02-10 07:00:00+00:00,196.23,173.02,110.39,175.5052803928239,167.11809373386356
2023-02-10 08:00:00+00:00,158.72,111.36,110.01,133.04779936736966,121.10347116833458
2023-02-10 09:00:00+00:00,140.35,114.01,97.73,123.53749964612066,116.6690814496339
2023-02-10 10:00:00+00:00,131.68,111.77,102.81,115.94974084764192,114.32583843220205
2023-02-10 11:00:00+00:00,118.84,111.18,102.0,108.38553811259409,111.42233041860354
2023-02-10 12:00:00+00:00,117.94,110.19,99.19,103.57262579569374,108.21043054185421
2023-02-10 13:00:00+00:00,110.12,121.46,97.91,108.96212229227268,113.02110592349959
2023-02-10 14:00:00+00:00,127.95,157.91,102.0,134.9355793512393,137.7164333963062
2023-02-10 15:00:00+00:00,123.76,165.04,107.72,146.88687617475082,144.9474604120919
2023-02-10 16:00:00+00:00,158.93,173.25,112.4,154.32152561285648,155.87796255081804
2023-02-10 17:00:00+00:00,129.55,166.33,113.52,146.95037401249408,155.37830887838675
2023-02-10 18:00:00+00:00,108.29,134.89,108.07,119.13041122839292,131.14089700847651
2023-02-10 19:00:00+00:00,108.26,115.77,103.7,97.36260943280924,115.38001003956234
2023-02-10 20:00:00+00:00,94.66,135.77,102.95,98.09332383955051,126.18748133815522
2023-02-10 21:00:00+00:00,89.19,119.93,113.19,84.57133593135087,115.29236175868682
2023-02-10 22:00:00+00:00,45.0,117.95,107.8,76.65152343843005,111.01312694452382
2023-02-10 23:00:00+00:00,89.89,122.69,99.36,78.16169288243229,111.43645105331325
2023-02-11 00:00:00+00:00,85.38,123.09,106.25,75.70136200064965,109.83556290195294
2023-02-11 01:00:00+00:00,85.03,116.32,113.15,69.82375089854186,102.59987193339128
2023-02-11 02:00:00+00:00,81.87,116.7,121.77,70.13239749569715,101.03101753017285
2023-02-11 03:00:00+00:00,82.31,118.51,125.38,71.34682767606608,99.71346812425963
2023-02-11 04:00:00+00:00,80.88,125.47,127.44,75.79901266986968,101.88924274682533
2023-02-11 05:00:00+00:00,82.95,153.99,137.34,93.35793722254424,120.55984079675814
2023-02-11 06:00:00+00:00,86.59,185.91,156.31,117.14519956677825,144.32678740780682
2023-02-11 07:00:00+00:00,93.13,196.23,164.19,127.27949188188029,152.13906005870604
2023-02-11 08:00:00+00:00,93.95,158.72,169.83,107.15293830200729,123.10121593876414
2023-02-11 09:00:00+00:00,93.01,140.35,164.11,96.19801088215816,109.371595451365
2023-02-11 10:00:00+00:00,89.93,131.68,156.39,89.33800323891967,101.6268506398253
2023-02-11 11:00:00+00:00,93.23,118.84,148.84,79.33520263839544,90.80800539892218
2023-02-11 12:00:00+00:00,90.92,117.94,133.37,75.17849053534124,86.71639538126334
2023-02-11 13:00:00+00:00,93.89,110.12,134.09,74.65822875438104,81.91259586751045
2023-02-11 14:00:00+00:00,101.13,127.95,141.61,93.8046923790982,98.75711760033477
2023-02-11 15:00:00+00:00,118.36,123.76,155.36,103.1201451610992,101.65852761142246
2023-02-11 16:00:00+00:00,153.94,158.93,170.29,134.15369304668815,133.88943450561626
2023-02-11 17:00:00+00:00,152.79,129.55,184.16,128.11719819350367,121.75993156529739
2023-02-11 18:00:00+00:00,140.73,108.29,179.96,117.32683564946936,107.35019087861511
2023-02-11 19:00:00+00:00,140.42,108.26,167.89,114.29347637086474,104.6742332083092
2023-02-11 20:00:00+00:00,138.28,94.66,158.13,107.61496855559871,96.89482302013886
2023-02-11 21:00:00+00:00,143.76,89.19,152.38,104.97209226388892,92.89972366658715
2023-02-11 22:00:00+00:00,138.06,45.0,136.67,79.73269326084053,61.13935802773643
2023-02-11 23:00:00+00:00,129.72,89.89,135.51,111.84241505844957,97.48539438852079
2023-02-12 00:00:00+00:00,125.49,85.38,136.97,108.64385131846292,92.53324460466854
2023-02-12 01:00:00+00:00,131.79,85.03,129.03,107.28988374945153,88.53894725918926
2023-02-12 02:00:00+00:00,127.57,81.87,130.68,106.80236943392025,84.28540370065755
2023-02-12 03:00:00+00:00,118.46,82.31,116.2,106.2238709444366,79.91994597218363
2023-02-12 04:00:00+00:00,118.89,80.88,113.27,106.69479251380109,76.01927537896341
2023-02-12 05:00:00+00:00,108.02,82.95,114.21,109.93161224311038,76.19010499411048
2023-02-12 06:00:00+00:00,116.17,86.59,115.6,114.61486497716302,78.45672155831393
2023-02-12 07:00:00+00:00,149.4,93.13,120.48,120.29386803466733,82.98532298799356
2023-02-12 08:00:00+00:00,144.27,93.95,117.68,118.82258265856652,80.58036567095132
2023-02-12 09:00:00+00:00,145.56,93.01,117.3,116.04331954102395,78.8583216425352
2023-02-12 10:00:00+00:00,140.07,89.93,122.09,113.82814372903023,77.9353291722708
2023-02-12 11:00:00+00:00,129.89,93.23,116.09,111.00077438957445,77.78273213648421
2023-02-12 12:00:00+00:00,120.0,90.92,107.01,105.00801996701402,73.39004906437019
2023-02-12 13:00:00+00:00,120.0,93.89,109.75,106.93057357344495,74.70080479375413
2023-02-12 14:00:00+00:00,124.63,101.13,116.32,117.4011394265979,83.06852036643889
2023-02-12 15:00:00+00:00,135.16,118.36,125.16,134.9578737864252,99.03562810246166
2023-02-12 16:00:00+00:00,158.54,153.94,147.57,165.4897725549962,134.9944137680565
2023-02-12 17:00:00+00:00,167.51,152.79,171.44,171.3739616643465,142.3361918428457
2023-02-12 18:00:00+00:00,169.49,140.73,170.92,163.05196107818944,135.9156263071275
2023-02-12 19:00:00+00:00,160.0,140.42,165.9,159.13499409372713,136.5243985157838
2023-02-12 20:00:00+00:00,140.89,138.28,153.67,153.1760259293021,133.74117580573278
2023-02-12 21:00:00+00:00,151.91,143.76,155.77,155.2536271958912,139.14275553730536
2023-02-12 22:00:00+00:00,137.98,138.06,144.18,143.90366988930893,128.71403351536281
2023-02-12 23:00:00+00:00,137.5,129.72,145.0,145.61577902583718,135.36035548183477
2023-02-13 00:00:00+00:00,132.68,125.49,143.73,140.63170479141985,130.8711064650723
2023-02-13 01:00:00+00:00,132.64,131.79,145.41,144.6534958972734,135.16402635392402
2023-02-13 02:00:00+00:00,129.04,127.57,142.09,143.64686017070986,131.7974597106202
2023-02-13 03:00:00+00:00,130.84,118.46,140.1,142.47461223491027,126.45809229776056
2023-02-13 04:00:00+00:00,137.36,118.89,148.93,150.2877249210748,130.19847885838092
2023-02-13 05:00:00+00:00,163.19,108.02,175.67,161.49374046138732,133.40196566947304
2023-02-13 06:00:00+00:00,196.08,116.17,200.65,179.54048364788568,146.7548903251806
2023-02-13 07:00:00+00:00,215.87,149.4,213.39,202.02733849750797,172.14799673102388
2023-02-13 08:00:00+00:00,196.2,144.27,200.65,192.99636511555374,165.66750076536408
2023-02-13 09:00:00+00:00,173.35,145.56,185.08,185.07188105559703,162.82005300426695
2023-02-13 10:00:00+00:00,154.42,140.07,179.84,173.91386152636534,156.14915388352222
2023-02-13 11:00:00+00:00,140.0,129.89,168.72,160.88028751895217,145.7681285070596
2023-02-13 12:00:00+00:00,136.87,120.0,161.16,151.66500434664545,135.58169253991147
2023-02-13 13:00:00+00:00,140.0,120.0,163.9,153.50457858351777,133.66457242956665
2023-02-13 14:00:00+00:00,157.45,124.63,170.67,164.25890007366377,136.68913733779002
2023-02-13 15:00:00+00:00,166.06,135.16,181.8,181.33481903088918,146.1461316223634
2023-02-13 16:00:00+00:00,188.06,158.54,198.94,204.32702442812212,169.3233102483722
2023-02-13 17:00:00+00:00,221.8,167.51,213.5,213.02469722332023,180.91296515484407
2023-02-13 18:00:00+00:00,206.6,169.49,205.38,210.74015702513924,181.68660523191318
2023-02-13 19:00:00+00:00,187.86,160.0,186.21,197.62529745109276,171.22597420870832
2023-02-13 20:00:00+00:00,168.95,140.89,166.48,179.3731697345333,153.8049537553702
2023-02-13 21:00:00+00:00,160.97,151.91,159.82,180.8347742141429,159.64140217492516
2023-02-13 22:00:00+00:00,150.12,137.98,154.0,168.6091193366923,147.38552418538083
2023-02-13 23:00:00+00:00,135.62,137.5,145.78,151.48258571386953,132.7656769153564
2023-02-14 00:00:00+00:00,132.32,132.68,142.21,146.48893719521467,127.80983452159057
2023-02-14 01:00:00+00:00,132.16,132.64,140.42,146.50491925861996,127.74405277292134
2023-02-14 02:00:00+00:00,132.12,129.04,139.44,145.70957121502485,125.11994843529381
2023-02-14 03:00:00+00:00,132.32,130.84,141.6,149.7706850383837,126.87161583213124
2023-02-14 04:00:00+00:00,141.93,137.36,145.87,159.72333534279795,134.12955306435103
2023-02-14 05:00:00+00:00,166.22,163.19,170.54,187.7456334531273,159.7793611608944
2023-02-14 06:00:00+00:00,199.99,196.08,198.04,219.59698881246936,190.94914285680164
2023-02-14 07:00:00+00:00,206.98,215.87,214.16,235.9043968143293,210.74729956920095
2023-02-14 08:00:00+00:00,180.6,196.2,191.85,214.40975227022284,193.0249199670336
2023-02-14 09:00:00+00:00,138.26,173.35,172.52,190.4386467872896,173.67163012797158
2023-02-14 10:00:00+00:00,139.16,154.42,141.83,168.46983608080745,155.10054080570913
2023-02-14 11:00:00+00:00,130.36,140.0,140.33,153.71386995313685,142.11672425674374
2023-02-14 12:00:00+00:00,125.41,136.87,134.86,148.50841011073996,136.33467004077758
2023-02-14 13:00:00+00:00,126.93,140.0,148.34,154.023152530123,137.77520868870624
2023-02-14 14:00:00+00:00,132.32,157.45,171.86,175.11864431528784,151.35933622858823
2023-02-14 15:00:00+00:00,152.7,166.06,189.98,194.59478348593575,159.8276337849819
2023-02-14 16:00:00+00:00,180.81,188.06,222.26,220.41912745315074,183.21192829409176
2023-02-14 17:00:00+00:00,199.99,221.8,245.6,244.6673474423725,213.98174827399356
2023-02-14 18:00:00+00:00,192.97,206.6,229.0,232.07994135495835,203.1352718921076
2023-02-14 19:00:00+00:00,175.81,187.86,199.03,211.44509056977216,184.4749774394917
2023-02-14 20:00:00+00:00,160.09,168.95,188.18,192.414964399797,166.87947078874686
2023-02-14 21:00:00+00:00,151.03,160.97,173.36,181.93888492740592,159.14078370538033
2023-02-14 22:00:00+00:00,141.73,150.12,163.08,169.60669679443248,147.54743190302557
2023-02-14 23:00:00+00:00,134.81,135.62,160.05,148.8600414077261,125.89925505881773
2023-02-15 00:00:00+00:00,130.95,132.32,155.16,144.51523579301187,121.62197161956556
2023-02-15 01:00:00+00:00,130.0,132.16,150.0,144.16212168207036,120.6027961500192
2023-02-15 02:00:00+00:00,130.01,132.12,147.97,145.71560454147817,120.391923762509
2023-02-15 03:00:00+00:00,126.66,132.32,145.97,149.14542138599302,121.30906704457561
2023-02-15 04:00:00+00:00,136.53,141.93,149.18,160.9001699339882,130.989687079295
2023-02-15 05:00:00+00:00,161.2,166.22,175.69,189.24449687538925,158.41337716791213
2023-02-15 06:00:00+00:00,185.0,199.99,196.64,218.20076403426486,189.54261646898718
2023-02-15 07:00:00+00:00,188.76,206.98,216.19,222.00933846075844,198.38259967600246
2023-02-15 08:00:00+00:00,171.22,180.6,177.75,190.26152590667198,172.79205491481002
2023-02-15 09:00:00+00:00,152.52,138.26,128.0,149.4216946177495,135.28711030082624
2023-02-15 10:00:00+00:00,132.16,139.16,126.33,140.76112842316178,133.22521957785443
2023-02-15 11:00:00+00:00,120.79,130.36,124.95,129.51301368805514,123.98237096386597
2023-02-15 12:00:00+00:00,121.45,125.41,124.96,125.16697372670791,118.38738147285517
2023-02-15 13:00:00+00:00,121.38,126.93,124.95,129.36286250460668,117.52400720311152
2023-02-15 14:00:00+00:00,128.71,132.32,134.49,143.90002780848116,122.53233531269116
2023-02-15 15:00:00+00:00,144.99,152.7,156.86,170.0158197746709,139.69189383942688
2023-02-15 16:00:00+00:00,158.8,180.81,183.99,194.59402272490058,166.00963839107095
2023-02-15 17:00:00+00:00,173.52,199.99,192.45,203.92222642086267,186.04224775665455
2023-02-15 18:00:00+00:00,165.25,192.97,153.0,186.08634876108124,176.38836704084383
2023-02-15 19:00:00+00:00,143.59,175.81,145.45,163.85481762689705,160.78521019442655
2023-02-15 20:00:00+00:00,133.97,160.09,133.81,143.54135987785395,145.63558177050888
2023-02-15 21:00:00+00:00,133.14,151.03,127.73,130.44419578803607,136.9458902606042
2023-02-15 22:00:00+00:00,119.1,141.73,118.94,116.9833012576978,126.67739485606596
2023-02-15 23:00:00+00:00,112.86,134.81,109.56,103.90375686629531,113.82910903515153
2023-02-16 00:00:00+00:00,117.48,130.95,118.36,101.79458615112853,111.12529363159396
2023-02-16 01:00:00+00:00,114.52,130.0,115.12,101.55860659538914,109.7286334507469
2023-02-16 02:00:00+00:00,113.35,130.01,115.46,104.13653935253787,110.14658085340685
2023-02-16 03:00:00+00:00,115.0,126.66,120.47,107.25170377140127,109.45944613160387
2023-02-16 04:00:00+00:00,119.96,136.53,132.57,121.3998885815609,120.77054948339944
2023-02-16 05:00:00+00:00,145.6,161.2,155.24,150.0910179363245,148.02151326285173
2023-02-16 06:00:00+00:00,166.5,185.0,174.46,175.00474867732203,172.69298362871064
2023-02-16 07:00:00+00:00,175.34,188.76,173.02,174.80847453238087,175.87494612399905
2023-02-16 08:00:00+00:00,166.44,171.22,111.36,147.44118645148998,153.1580262911972
2023-02-16 09:00:00+00:00,150.28,152.52,114.01,130.1396114719042,136.48544498763667
2023-02-16 10:00:00+00:00,132.94,132.16,111.77,118.25952801276827,121.18880676469429
2023-02-16 11:00:00+00:00,118.18,120.79,111.18,110.54049564795045,110.48488552535308
2023-02-16 12:00:00+00:00,118.63,121.45,110.19,111.47392484974293,108.44581074916896
2023-02-16 13:00:00+00:00,127.93,121.38,121.46,116.74656527744746,107.71798115429726
2023-02-16 14:00:00+00:00,134.95,128.71,157.91,133.07333033027052,116.5261118596841
2023-02-16 15:00:00+00:00,140.96,144.99,165.04,149.79692031619714,129.78297334277758
2023-02-16 16:00:00+00:00,166.0,158.8,173.25,162.11361431290374,144.60927125490286
2023-02-16 17:00:00+00:00,166.92,173.52,166.33,168.56760504805288,158.53470950474133
2023-02-16 18:00:00+00:00,160.59,165.25,134.89,153.54789378403416,149.18989906942835
2023-02-16 19:00:00+00:00,143.57,143.59,115.77,129.59785341091393,129.04599457904342
2023-02-16 20:00:00+00:00,137.96,133.97,135.77,117.84083432102233,122.22576423382536
2023-02-16 21:00:00+00:00,127.52,133.14,119.93,108.24939472807333,117.623488423945
2023-02-16 22:00:00+00:00,108.07,119.1,117.95,93.05848231937266,105.04823396474359
2023-02-16 23:00:00+00:00,106.05,112.86,122.69,82.47925214099023,105.55824925464076
2023-02-17 00:00:00+00:00,98.61,117.48,123.09,81.93650162344427,107.3246833974188
2023-02-17 01:00:00+00:00,92.71,114.52,116.32,77.50164941651401,104.08214157631473
2023-02-17 02:00:00+00:00,86.12,113.35,116.7,76.89540050282821,103.81155383839041
2023-02-17 03:00:00+00:00,80.63,115.0,118.51,79.21088655695084,106.05652381964586
2023-02-17 04:00:00+00:00,90.9,119.96,125.47,87.20707736996947,113.61204578066197
2023-02-17 05:00:00+00:00,105.12,145.6,153.99,114.66189324017697,142.37107006649012
2023-02-17 06:00:00+00:00,122.65,166.5,185.91,136.47106818765516,166.0324114662116
2023-02-17 07:00:00+00:00,129.9,175.34,196.23,142.1262094224954,174.41002131384113
2023-02-17 08:00:00+00:00,114.52,166.44,158.72,127.76097124409792,161.52911009697618
2023-02-17 09:00:00+00:00,101.56,150.28,140.35,110.9861963101244,145.82476256676497
2023-02-17 10:00:00+00:00,91.96,132.94,131.68,94.71188254433821,130.51604394747014
2023-02-17 11:00:00+00:00,90.8,118.18,118.84,79.15925116498421,116.30006077818513
2023-02-17 12:00:00+00:00,67.63,118.63,117.94,74.30864649418176,114.2035354133443
2023-02-17 13:00:00+00:00,36.68,127.93,110.12,74.34143923378504,116.81882434532406
2023-02-17 14:00:00+00:00,33.71,134.95,127.95,79.54946193943962,123.02915222401653
2023-02-17 15:00:00+00:00,69.63,140.96,123.76,82.75393597182554,127.06901943403125
2023-02-17 16:00:00+00:00,79.92,166.0,158.93,104.33459092809969,151.79454158787559
2023-02-17 17:00:00+00:00,90.53,166.92,129.55,105.93788045918407,153.54292226688653
2023-02-17 18:00:00+00:00,85.05,160.59,108.29,98.50223297290817,146.6011399245782
2023-02-17 19:00:00+00:00,59.96,143.57,108.26,84.22786235579584,131.36982964885408
2023-02-17 20:00:00+00:00,46.9,137.96,94.66,75.98434234718363,123.34268975144393
2023-02-17 21:00:00+00:00,43.82,127.52,89.19,68.08382298726124,113.91004928081432
2023-02-17 22:00:00+00:00,22.22,108.07,45.0,49.37262120214544,92.59422093847301
2023-02-17 23:00:00+00:00,28.14,106.05,89.89,52.53388511630486,95.17250007280728
2023-02-18 00:00:00+00:00,36.44,98.61,85.38,47.97108796713252,87.34869383504373
2023-02-18 01:00:00+00:00,35.82,92.71,85.03,45.4020814992554,80.95824256620944
2023-02-18 02:00:00+00:00,44.41,86.12,81.87,42.75454536946802,73.49799024407542
2023-02-18 03:00:00+00:00,62.98,80.63,82.31,41.955571151499235,67.25497142487396
2023-02-18 04:00:00+00:00,70.1,90.9,80.88,50.74049852786182,71.27657919201815
2023-02-18 05:00:00+00:00,82.26,105.12,82.95,62.76092749725216,80.31617680974153
2023-02-18 06:00:00+00:00,93.37,122.65,86.59,78.29451431809207,92.84876604769104
2023-02-18 07:00:00+00:00,109.95,129.9,93.13,85.90533536580205,99.12120859017584
2023-02-18 08:00:00+00:00,114.92,114.52,93.95,76.47639895677624,88.0416881823734
2023-02-18 09:00:00+00:00,107.64,101.56,93.01,65.40373005983608,77.43406997632599
2023-02-18 10:00:00+00:00,102.8,91.96,89.93,55.91292657959693,68.77824566292776
2023-02-18 11:00:00+00:00,94.47,90.8,93.23,51.40624731600722,66.08770790987441
2023-02-18 12:00:00+00:00,83.29,67.63,90.92,36.612303209949374,49.16580913178855
2023-02-18 13:00:00+00:00,86.37,36.68,93.89,24.400772229283902,30.41603329054992
2023-02-18 14:00:00+00:00,96.6,33.71,101.13,31.57100064909021,32.68178570979204
2023-02-18 15:00:00+00:00,109.98,69.63,118.36,61.19719101119748,62.82402045749187
2023-02-18 16:00:00+00:00,128.8,79.92,153.94,80.24644034321263,81.18105271112891
2023-02-18 17:00:00+00:00,147.08,90.53,152.79,92.84726902925775,94.4221880314779
2023-02-18 18:00:00+00:00,149.95,85.05,140.73,88.82960818730841,91.01891383869108
2023-02-18 19:00:00+00:00,135.49,59.96,140.42,73.28358052176314,73.21249719382698
2023-02-18 20:00:00+00:00,120.64,46.9,138.28,65.45994433672996,64.61172116956881
2023-02-18 21:00:00+00:00,116.99,43.82,143.76,64.22158469616123,63.319148836948045
2023-02-18 22:00:00+00:00,113.66,22.22,138.06,49.4747601971709,46.03623867715867
2023-02-18 23:00:00+00:00,109.04,28.14,129.72,54.74939328650449,54.74733956002099
2023-02-19 00:00:00+00:00,104.12,36.44,125.49,55.32371338047449,57.31194070758356
2023-02-19 01:00:00+00:00,99.53,35.82,131.79,53.4146399722153,55.457390430259295
2023-02-19 02:00:00+00:00,93.0,44.41,127.57,55.70396302136552,58.161464669818855
2023-02-19 03:00:00+00:00,92.55,62.98,118.46,63.311540473370535,66.41208793721441
2023-02-19 04:00:00+00:00,97.78,70.1,118.89,67.2486303992319,68.6059308323226
2023-02-19 05:00:00+00:00,98.5,82.26,108.02,72.56438055335772,72.53076985920232
2023-02-19 06:00:00+00:00,107.77,93.37,116.17,83.20416576303099,80.02112601817906
2023-02-19 07:00:00+00:00,113.86,109.95,149.4,99.61733261744561,95.16375058014664
2023-02-19 08:00:00+00:00,118.32,114.92,144.27,102.82285854323119,97.17587688204618
2023-02-19 09:00:00+00:00,116.17,107.64,145.56,98.9959090533751,91.90673245534332
2023-02-19 10:00:00+00:00,113.87,102.8,140.07,96.11272018116883,88.39586396292346
2023-02-19 11:00:00+00:00,108.52,94.47,129.89,89.07074097472837,80.82862842808328
2023-02-19 12:00:00+00:00,101.18,83.29,120.0,78.56036855455358,68.9271257427629
2023-02-19 13:00:00+00:00,98.54,86.37,120.0,79.63352242628717,68.05087941692162
2023-02-19 14:00:00+00:00,107.7,96.6,124.63,92.06763303641708,76.59767709308176
2023-02-19 15:00:00+00:00,120.72,109.98,135.16,112.64289508960816,93.08447202010825
2023-02-19 16:00:00+00:00,141.11,128.8,158.54,135.14072288752283,115.77715841557414
2023-02-19 17:00:00+00:00,158.7,147.08,167.51,150.5492588545932,138.02786016556053
2023-02-19 18:00:00+00:00,158.38,149.95,169.49,147.93561328394674,143.62378530737456
2023-02-19 19:00:00+00:00,138.31,135.49,160.0,131.9728219716816,132.429879563716
2023-02-19 20:00:00+00:00,127.1,120.64,140.89,115.11883955952484,120.1944408775177
2023-02-19 21:00:00+00:00,117.68,116.99,151.91,109.06430677445438,119.8722554818631
2023-02-19 22:00:00+00:00,94.85,113.66,137.98,96.61414851880537,112.29053925717734
2023-02-19 23:00:00+00:00,78.87,109.04,137.5,90.60555979360215,117.50162266649396
2023-02-20 00:00:00+00:00,51.06,104.12,132.68,82.4427028785005,112.52807530555131
2023-02-20 01:00:00+00:00,48.86,99.53,132.64,75.13253421638633,108.4228303235635
2023-02-20 02:00:00+00:00,34.0,93.0,129.04,68.07196351223593,103.78149971991925
2023-02-20 03:00:00+00:00,29.13,92.55,130.84,68.09423275443558,105.95438724081404
2023-02-20 04:00:00+00:00,38.24,97.78,137.36,74.38824514092335,113.24441319098327
2023-02-20 05:00:00+00:00,72.3,98.5,163.19,86.55136335598071,124.28965221700554
2023-02-20 06:00:00+00:00,78.18,107.77,196.08,102.57687010801382,139.6493703154178
2023-02-20 07:00:00+00:00,75.75,113.86,215.87,107.22607687518784,148.51014949802317
2023-02-20 08:00:00+00:00,49.92,118.32,196.2,100.0828340770284,148.581599585608
2023-02-20 09:00:00+00:00,41.96,116.17,173.35,88.52353755767662,142.8379528597941
2023-02-20 10:00:00+00:00,23.93,113.87,154.42,78.37584260014161,137.65459358565474
2023-02-20 11:00:00+00:00,23.81,108.52,140.0,68.29842175301725,129.66477776110005
2023-02-20 12:00:00+00:00,22.01,101.18,136.87,61.96121944386423,121.26188218518692
2023-02-20 13:00:00+00:00,41.52,98.54,140.0,63.68449536921316,117.78817916228263
2023-02-20 14:00:00+00:00,52.34,107.7,157.45,79.16275767112533,125.5578078790234
2023-02-20 15:00:00+00:00,57.15,120.72,166.06,97.99668592090836,135.99972447444458
2023-02-20 16:00:00+00:00,94.99,141.11,188.06,120.7195695111347,155.99804127174426
2023-02-20 17:00:00+00:00,112.54,158.7,221.8,139.03821472385775,177.47293557245163
2023-02-20 18:00:00+00:00,109.04,158.38,206.6,135.5256624551162,176.97270109459922
2023-02-20 19:00:00+00:00,92.57,138.31,187.86,116.70175990388292,158.41849989949029
2023-02-20 20:00:00+00:00,87.73,127.1,168.95,103.2989688325839,145.82777231817192
2023-02-20 21:00:00+00:00,89.47,117.68,160.97,94.226460062486,136.85730603669458
2023-02-20 22:00:00+00:00,68.64,94.85,150.12,77.05987623301135,118.15199093573706
2023-02-20 23:00:00+00:00,50.5,78.87,135.62,54.708422649793604,94.2589349721999
2023-02-21 00:00:00+00:00,46.01,51.06,132.32,41.871665880107535,75.10272870066781
2023-02-21 01:00:00+00:00,47.76,48.86,132.16,44.08320712051248,74.33011279670566
2023-02-21 02:00:00+00:00,53.28,34.0,132.12,41.41465497552479,65.46957337551478
2023-02-21 03:00:00+00:00,69.15,29.13,132.32,46.052583381360755,64.44153642121584
2023-02-21 04:00:00+00:00,94.87,38.24,141.93,61.94635689353008,75.45079173864877
2023-02-21 05:00:00+00:00,127.67,72.3,166.22,96.59496533536164,107.61661043580641
2023-02-21 06:00:00+00:00,148.87,78.18,199.99,113.96925878378767,119.36733440194412
2023-02-21 07:00:00+00:00,153.96,75.75,206.98,116.09220387660666,119.28560172521333
2023-02-21 08:00:00+00:00,130.7,49.92,180.6,97.06409488818365,97.76752414543644
2023-02-21 09:00:00+00:00,129.24,41.96,138.26,85.70967527093009,86.41642565603243
2023-02-21 10:00:00+00:00,116.51,23.93,139.16,76.34799461157287,74.18574596918441
2023-02-21 11:00:00+00:00,112.53,23.81,130.36,75.70512981920629,71.29466518012464
2023-02-21 12:00:00+00:00,114.14,22.01,125.41,76.22787315306192,67.48531279895624
2023-02-21 13:00:00+00:00,119.3,41.52,126.93,91.05403558515434,78.46669982617229
2023-02-21 14:00:00+00:00,130.56,52.34,132.32,107.19472962447222,85.906438289097
2023-02-21 15:00:00+00:00,148.99,57.15,152.7,124.00616877694972,92.32494050126654
2023-02-21 16:00:00+00:00,164.85,94.99,180.81,156.71380162431123,124.34714113655698
2023-02-21 17:00:00+00:00,178.13,112.54,199.99,172.57234582734964,142.74582664207952
2023-02-21 18:00:00+00:00,177.1,109.04,192.97,168.1745843344857,139.9455074676398
2023-02-21 19:00:00+00:00,170.0,92.57,175.81,151.17400693482995,123.21728213251546
2023-02-21 20:00:00+00:00,158.8,87.73,160.09,141.01761938257587,115.12849312362306
2023-02-21 21:00:00+00:00,153.2,89.47,151.03,136.11328308565837,112.78706710562153
2023-02-21 22:00:00+00:00,142.58,68.64,141.73,118.39833911574429,93.80477483911153
2023-02-21 23:00:00+00:00,139.9,50.5,134.81,98.26114996790731,68.30343469824346
2023-02-22 00:00:00+00:00,128.53,46.01,130.95,91.72349083462734,61.88740074747982
2023-02-22 01:00:00+00:00,125.3,47.76,130.0,91.14517516038477,62.2051222401342
2023-02-22 02:00:00+00:00,128.53,53.28,130.01,94.10238255822756,64.96964567324673
2023-02-22 03:00:00+00:00,129.53,69.15,126.66,104.13194793667455,75.49874452514625
2023-02-22 04:00:00+00:00,139.19,94.87,136.53,124.12748976402075,96.6532921033406
2023-02-22 05:00:00+00:00,157.49,127.67,161.2,157.21435478915416,130.58763697609194
2023-02-22 06:00:00+00:00,173.13,148.87,185.0,180.05805561998554,152.70084692585834
2023-02-22 07:00:00+00:00,176.34,153.96,188.76,182.30870830681243,157.90871091072506
2023-02-22 08:00:00+00:00,164.55,130.7,171.22,158.60253922614612,136.87203880986786
2023-02-22 09:00:00+00:00,152.53,129.24,152.52,147.90374350430184,132.07141662983003
2023-02-22 10:00:00+00:00,136.99,116.51,132.16,131.85944290649527,118.25226392557883
2023-02-22 11:00:00+00:00,129.56,112.53,120.79,123.75240613822436,111.15628647955617
2023-02-22 12:00:00+00:00,129.18,114.14,121.45,123.02903695700351,108.60304714213567
2023-02-22 13:00:00+00:00,136.04,119.3,121.38,128.81886457101695,110.34204989336212
2023-02-22 14:00:00+00:00,150.91,130.56,128.71,142.82892758697415,118.29782916158854
2023-02-22 15:00:00+00:00,156.96,148.99,144.99,161.5505768366696,132.58313588209344
2023-02-22 16:00:00+00:00,165.01,164.85,158.8,177.52120577129682,149.96586614739365
2023-02-22 17:00:00+00:00,175.0,178.13,173.52,187.65540303649823,166.15170859541252
2023-02-22 18:00:00+00:00,172.73,177.1,165.25,182.86547294680562,165.5073087696947
2023-02-22 19:00:00+00:00,162.06,170.0,143.59,170.89566399792852,155.69374821527825
2023-02-22 20:00:00+00:00,154.02,158.8,133.97,158.87882066870023,144.92380316318537
2023-02-22 21:00:00+00:00,149.6,153.2,133.14,152.6820135882475,139.7556982571075
2023-02-22 22:00:00+00:00,134.47,142.58,119.1,140.6158910689971,126.74525163355769
2023-02-22 23:00:00+00:00,134.68,139.9,112.86,128.26667956237813,114.8689612000734
2023-02-23 00:00:00+00:00,131.4,128.53,117.48,120.25811108325252,104.99108939347411
2023-02-23 01:00:00+00:00,129.0,125.3,114.52,118.1154200405914,101.0658594349726
2023-02-23 02:00:00+00:00,124.78,128.53,113.35,120.99197704614306,102.33503828176889
2023-02-23 03:00:00+00:00,125.17,129.53,115.0,125.4076634261392,104.22512497744535
2023-02-23 04:00:00+00:00,129.93,139.19,119.96,138.18385388272588,114.98286143518307
2023-02-23 05:00:00+00:00,153.98,157.49,145.6,163.94701987906075,138.4290967016883
2023-02-23 06:00:00+00:00,170.0,173.13,166.5,183.80216341759888,156.43026082790604
2023-02-23 07:00:00+00:00,178.08,176.34,175.34,187.7354817651812,160.38647300360878
2023-02-23 08:00:00+00:00,169.6,164.55,166.44,174.95689834890356,147.75921414444247
2023-02-23 09:00:00+00:00,154.59,152.53,150.28,162.31472182342657,136.28725749411305
2023-02-23 10:00:00+00:00,149.83,136.99,132.94,147.23480055747302,121.52613036046354
2023-02-23 11:00:00+00:00,142.22,129.56,118.18,136.13192290358035,111.7748664602803
2023-02-23 12:00:00+00:00,136.7,129.18,118.63,131.2770711367689,108.86097227045465
2023-02-23 13:00:00+00:00,135.3,136.04,127.93,132.2915356683286,112.48111725084347
2023-02-23 14:00:00+00:00,135.39,150.91,134.95,141.2089016539283,123.11143234027168
2023-02-23 15:00:00+00:00,139.54,156.96,140.96,148.02268819746598,129.45996588660628
2023-02-23 16:00:00+00:00,152.36,165.01,166.0,159.96704884473272,141.5475909728509
2023-02-23 17:00:00+00:00,165.22,175.0,166.92,168.8305532719778,153.36446196648092
2023-02-23 18:00:00+00:00,165.0,172.73,160.59,164.49461887436206,152.26441893931874
2023-02-23 19:00:00+00:00,155.91,162.06,143.57,149.96348275905643,140.91277285944372
2023-02-23 20:00:00+00:00,151.14,154.02,137.96,137.6482235609482,132.46676155268895
2023-02-23 21:00:00+00:00,145.61,149.6,127.52,127.92716591122598,126.48961151351223
2023-02-23 22:00:00+00:00,131.46,134.47,108.07,111.19021830275159,111.27882028931849
2023-02-23 23:00:00+00:00,133.68,134.68,106.05,113.13546881029052,114.50687386864935
2023-02-24 00:00:00+00:00,118.18,131.4,98.61,107.89792676021355,109.91494779102278
2023-02-24 01:00:00+00:00,117.55,129.0,92.71,104.16559225800167,107.17481434583925
2023-02-24 02:00:00+00:00,114.76,124.78,86.12,101.25894090640257,104.31397709975158
2023-02-24 03:00:00+00:00,117.55,125.17,80.63,102.19742317170126,104.82146131935528
2023-02-24 04:00:00+00:00,117.23,129.93,90.9,110.0871002325459,112.24618014441131
2023-02-24 05:00:00+00:00,137.12,153.98,105.12,133.0784841802089,136.98875726829957
2023-02-24 06:00:00+00:00,155.05,170.0,122.65,149.4172474202137,154.31505274449572
2023-02-24 07:00:00+00:00,155.0,178.08,129.9,153.50959814231726,161.64911331027957
2023-02-24 08:00:00+00:00,150.26,169.6,114.52,139.9363815928467,152.21268746701287
2023-02-24 09:00:00+00:00,131.43,154.59,101.56,123.56897714541277,138.78525460786
2023-02-24 10:00:00+00:00,109.02,149.83,91.96,113.24084614497397,132.31259798439734
2023-02-24 11:00:00+00:00,112.76,142.22,90.8,103.57086899365878,124.48111162426534
2023-02-24 12:00:00+00:00,107.88,136.7,67.63,94.82520990929324,115.24091772995905
2023-02-24 13:00:00+00:00,101.49,135.3,36.68,88.5333248861383,108.08712786313376
2023-02-24 14:00:00+00:00,109.08,135.39,33.71,89.6043488431567,108.04850111015851
2023-02-24 15:00:00+00:00,110.49,139.54,69.63,98.37958959855472,115.6990854334276
2023-02-24 16:00:00+00:00,119.69,152.36,79.92,108.99619545892655,128.02559415374148
2023-02-24 17:00:00+00:00,136.41,165.22,90.53,118.66806127282545,142.13943870409702
2023-02-24 18:00:00+00:00,116.96,165.0,85.05,114.02797940701917,141.9779258491741
2023-02-24 19:00:00+00:00,91.35,155.91,59.96,99.13078418477345,130.20059572079973
2023-02-24 20:00:00+00:00,104.61,151.14,46.9,89.32398140133691,123.49250378664837
2023-02-24 21:00:00+00:00,93.13,145.61,43.82,81.6597538028178,117.97028114057233
2023-02-24 22:00:00+00:00,78.58,131.46,22.22,65.57942001773088,102.77142018339529
2023-02-24 23:00:00+00:00,90.55,133.68,28.14,68.67292224731469,106.12904756577335
2023-02-25 00:00:00+00:00,83.14,118.18,36.44,57.8550300098393,93.84761905504118
2023-02-25 01:00:00+00:00,78.93,117.55,35.82,53.83929776471689,90.61691369623614
2023-02-25 02:00:00+00:00,75.23,114.76,44.41,51.96600105387763,86.8587647057783
2023-02-25 03:00:00+00:00,82.03,117.55,62.98,55.606905368721414,87.9663263352242
2023-02-25 04:00:00+00:00,77.97,117.23,70.1,56.895907860993645,85.42043251794573
2023-02-25 05:00:00+00:00,76.77,137.12,82.26,70.90609876225426,98.90517700614157
2023-02-25 06:00:00+00:00,84.47,155.05,93.37,84.96120919748994,111.7400293904378
2023-02-25 07:00:00+00:00,89.89,155.0,109.95,88.65619970486148,114.0312608677077
2023-02-25 08:00:00+00:00,87.02,150.26,114.92,86.09609086158113,110.95021276777823
2023-02-25 09:00:00+00:00,74.4,131.43,107.64,72.13343068525205,96.28523123270534
2023-02-25 10:00:00+00:00,65.17,109.02,102.8,57.617428455346555,80.3119926380936
2023-02-25 11:00:00+00:00,59.43,112.76,94.47,55.886468645904145,80.19004688094122
2023-02-25 12:00:00+00:00,44.9,107.88,83.29,49.7568764970421,74.11347507510285
2023-02-25 13:00:00+00:00,62.68,101.49,86.37,47.324212925031325,70.12609444001247
2023-02-25 14:00:00+00:00,81.85,109.08,96.6,59.09988227193419,78.2092651534214
2023-02-25 15:00:00+00:00,96.54,110.49,109.98,73.35478831320182,84.4598034700174
2023-02-25 16:00:00+00:00,123.4,119.69,128.8,95.11567343125031,99.3635827995761
2023-02-25 17:00:00+00:00,136.48,136.41,147.08,114.51962292084549,119.88947769381383
2023-02-25 18:00:00+00:00,130.85,116.96,149.95,103.76919821094693,109.87843404701908
2023-02-25 19:00:00+00:00,116.64,91.35,135.49,84.7877527026281,90.99838955513974
2023-02-25 20:00:00+00:00,102.27,104.61,120.64,87.68999178325058,98.53347049850261
2023-02-25 21:00:00+00:00,114.93,93.13,116.99,80.85996480453268,91.05038501814265
2023-02-25 22:00:00+00:00,107.43,78.58,113.66,70.61275428315453,79.1855756149816
2023-02-25 23:00:00+00:00,106.39,90.55,109.04,80.88362316926185,93.42631633307121
2023-02-26 00:00:00+00:00,102.94,83.14,104.12,74.87162099512503,84.64616102803703
2023-02-26 01:00:00+00:00,102.77,78.93,99.53,71.87861381437833,79.3720080534188
2023-02-26 02:00:00+00:00,106.26,75.23,93.0,69.77425598801504,74.06918116864807
2023-02-26 03:00:00+00:00,104.1,82.03,92.55,73.60048050881878,76.17360068962891
2023-02-26 04:00:00+00:00,105.54,77.97,97.78,71.44814796137788,70.52031253178477
2023-02-26 05:00:00+00:00,107.04,76.77,98.5,71.00036928273238,67.18706261605934
2023-02-26 06:00:00+00:00,109.55,84.47,107.77,77.65321379502853,71.816623090156
2023-02-26 07:00:00+00:00,109.02,89.89,113.86,78.38499212403852,75.17959436697969
2023-02-26 08:00:00+00:00,105.54,87.02,118.32,71.9271134642097,72.8915488857141
2023-02-26 09:00:00+00:00,97.34,74.4,116.17,59.47268452664362,62.968116132746694
2023-02-26 10:00:00+00:00,92.94,65.17,113.87,50.04244481322603,55.63397635062294
2023-02-26 11:00:00+00:00,85.0,59.43,108.52,44.19008129774228,50.86786013855373
2023-02-26 12:00:00+00:00,55.0,44.9,101.18,34.72998190116324,39.2820698665999
2023-02-26 13:00:00+00:00,55.28,62.68,98.54,45.463984665951685,50.42173067085999
2023-02-26 14:00:00+00:00,85.04,81.85,107.7,64.52811084945382,66.82285382185991
2023-02-26 15:00:00+00:00,98.92,96.54,120.72,86.9526884465355,81.64597428435155
2023-02-26 16:00:00+00:00,129.9,123.4,141.11,119.88333661682488,108.96118705586153
2023-02-26 17:00:00+00:00,153.7,136.48,158.7,138.16779801827727,128.5462330693512
2023-02-26 18:00:00+00:00,156.91,130.85,158.38,134.7389907835747,127.14001850238323
2023-02-26 19:00:00+00:00,153.64,116.64,138.31,122.61029044400364,114.93068604364048
2023-02-26 20:00:00+00:00,141.64,102.27,127.1,114.18667554985609,106.5354515242905
2023-02-26 21:00:00+00:00,138.29,114.93,117.68,121.81040068948566,115.5714811704739
2023-02-26 22:00:00+00:00,132.98,107.43,94.85,113.38980963452279,105.69479460560241
2023-02-26 23:00:00+00:00,122.83,106.39,78.87,117.26700506479716,112.28374143414591
2023-02-27 00:00:00+00:00,132.91,102.94,51.06,112.27446904729541,105.4721437175085
2023-02-27 01:00:00+00:00,132.9,102.77,48.86,113.66012899288344,104.88812740813447
2023-02-27 02:00:00+00:00,125.03,106.26,34.0,116.76897995495233,105.81464925719595
2023-02-27 03:00:00+00:00,120.07,104.1,29.13,119.70537186746469,105.47322520332445
2023-02-27 04:00:00+00:00,139.83,105.54,38.24,127.7959482887729,109.51928803538569
2023-02-27 05:00:00+00:00,164.23,107.04,72.3,144.5380700218443,120.51642957910957
2023-02-27 06:00:00+00:00,186.66,109.55,78.18,154.4104679301655,127.05469619599337
2023-02-27 07:00:00+00:00,186.95,109.02,75.75,149.6532069075008,127.73459900456228
2023-02-27 08:00:00+00:00,166.57,105.54,49.92,135.40594254312714,121.12919605815213
2023-02-27 09:00:00+00:00,152.91,97.34,41.96,122.93487881166439,113.29151054947721
2023-02-27 10:00:00+00:00,135.87,92.94,23.93,113.78456069311632,106.49179064998498
2023-02-27 11:00:00+00:00,138.59,85.0,23.81,105.73652634694483,98.20707745668776
2023-02-27 12:00:00+00:00,135.52,55.0,22.01,87.88393323850995,73.8637719858211
2023-02-27 13:00:00+00:00,131.51,55.28,41.52,93.36313680564434,75.56855768720071
2023-02-27 14:00:00+00:00,132.2,85.04,52.34,116.69268190448553,97.24284194081962
2023-02-27 15:00:00+00:00,153.45,98.92,57.15,132.39748102818203,107.77754669014833
2023-02-27 16:00:00+00:00,170.69,129.9,94.99,162.26402034560945,137.28077314734512
2023-02-27 17:00:00+00:00,190.01,153.7,112.54,181.22818965640118,160.5584078031086
2023-02-27 18:00:00+00:00,198.15,156.91,109.04,180.00874925744182,163.2828962980662
2023-02-27 19:00:00+00:00,174.49,153.64,92.57,171.22657152840168,157.08435834218648
2023-02-27 20:00:00+00:00,160.3,141.64,87.73,159.52277024421716,146.15427080431783
2023-02-27 21:00:00+00:00,153.46,138.29,89.47,155.67688372220087,144.27088979720514
2023-02-27 22:00:00+00:00,149.46,132.98,68.64,146.58604250425384,135.84881791592443
2023-02-27 23:00:00+00:00,134.0,122.83,50.5,127.19284366800188,115.30838493979206
2023-02-28 00:00:00+00:00,124.82,132.91,46.01,130.64162812211387,120.38443076193776
2023-02-28 01:00:00+00:00,123.83,132.9,47.76,131.24956426305468,120.34193048535526
2023-02-28 02:00:00+00:00,124.59,125.03,53.28,129.81609921438172,116.28592406269453
2023-02-28 03:00:00+00:00,126.25,120.07,69.15,131.84364859891363,115.2803871085822
2023-02-28 04:00:00+00:00,141.41,139.83,94.87,151.11731551470314,133.95171487106893
2023-02-28 05:00:00+00:00,162.47,164.23,127.67,179.7534776572743,160.42033559118542
2023-02-28 06:00:00+00:00,177.99,186.66,148.87,202.58135721998548,182.5503448816723
2023-02-28 07:00:00+00:00,186.04,186.95,153.96,199.18713768676906,184.65319363571402
2023-02-28 08:00:00+00:00,160.31,166.57,130.7,174.65281113601122,166.7076708387517
2023-02-28 09:00:00+00:00,130.38,152.91,129.24,156.68555735575234,156.00226576547908
2023-02-28 10:00:00+00:00,124.2,135.87,116.51,138.38305181791574,141.444719553484
2023-02-28 11:00:00+00:00,116.71,138.59,112.53,134.18662252869407,139.36918175584788
2023-02-28 12:00:00+00:00,119.19,135.52,114.14,128.93282214052272,131.3145416173991
2023-02-28 13:00:00+00:00,123.41,131.51,119.3,128.87192846279365,125.16557588942064
2023-02-28 14:00:00+00:00,133.2,132.2,130.56,139.72501534551753,127.10630309857316
2023-02-28 15:00:00+00:00,154.42,153.45,148.99,165.48110325028682,143.50456999373864
2023-02-28 16:00:00+00:00,173.13,170.69,164.85,189.3246576422509,161.40333599530123
2023-02-28 17:00:00+00:00,193.87,190.01,178.13,205.91595380898167,182.07316288190611
2023-02-28 18:00:00+00:00,193.78,198.15,177.1,207.0846978926349,189.09349827564927
2023-02-28 19:00:00+00:00,174.89,174.49,170.0,187.89173195602717,170.9321215702398
2023-02-28 20:00:00+00:00,158.27,160.3,158.8,173.11525390769827,157.68582882513576
2023-02-28 21:00:00+00:00,153.78,153.46,153.2,164.7882479675738,151.12331784805474
2023-02-28 22:00:00+00:00,142.14,149.46,142.58,156.70646158234416,144.68338547799684
2023-02-28 23:00:00+00:00,133.08,134.0,139.9,138.67566260560488,123.23135619742311
2023-03-01 00:00:00+00:00,125.46,124.82,128.53,131.38095641734594,115.54528005969969
2023-03-01 01:00:00+00:00,124.96,123.83,125.3,131.1291486995156,114.3330078169597
2023-03-01 02:00:00+00:00,127.66,124.59,128.53,133.81538635294874,115.0255601869798
2023-03-01 03:00:00+00:00,130.58,126.25,129.53,137.55520637491674,116.47910067185293
2023-03-01 04:00:00+00:00,141.35,141.41,139.19,153.50680933171154,131.7248889099145
2023-03-01 05:00:00+00:00,163.45,162.47,157.49,179.21407779191577,155.77765096914402
2023-03-01 06:00:00+00:00,186.03,177.99,173.13,196.25700568797714,172.96655303761432
2023-03-01 07:00:00+00:00,186.03,186.04,176.34,194.82195049263504,179.6331506788098
2023-03-01 08:00:00+00:00,152.9,160.31,164.55,167.3648095052738,158.49518069793288
2023-03-01 09:00:00+00:00,126.69,130.38,152.53,139.50915860582185,135.2353945567998
2023-03-01 10:00:00+00:00,118.72,124.2,136.99,125.79870042529241,126.9019372012835
2023-03-01 11:00:00+00:00,115.79,116.71,129.56,115.8414781574342,119.35229691989193
2023-03-01 12:00:00+00:00,114.12,119.19,129.18,115.70200319987285,118.78479886014652
2023-03-01 13:00:00+00:00,116.09,123.41,136.04,121.17346834837318,120.13540002024304
2023-03-01 14:00:00+00:00,122.81,133.2,150.91,136.59564002457034,127.48311465103201
2023-03-01 15:00:00+00:00,135.46,154.42,156.96,162.01017710189885,143.65987064280637
2023-03-01 16:00:00+00:00,162.74,173.13,165.01,184.4708275752821,160.74639445917717
2023-03-01 17:00:00+00:00,183.69,193.87,175.0,198.60668817500397,181.13381213224565
2023-03-01 18:00:00+00:00,182.48,193.78,172.73,193.54621264888613,182.57305945717027
2023-03-01 19:00:00+00:00,162.74,174.89,162.06,174.41175034511883,165.0542800757469
2023-03-01 20:00:00+00:00,144.85,158.27,154.02,159.08584589307893,150.44564268681142
2023-03-01 21:00:00+00:00,142.05,153.78,149.6,152.2256752711959,145.13458963514185
2023-03-01 22:00:00+00:00,131.51,142.14,134.47,139.97962993191607,132.98729137390285
2023-03-01 23:00:00+00:00,125.82,133.08,134.68,129.60262765367753,120.25847536822293
2023-03-02 00:00:00+00:00,128.57,125.46,131.4,123.26956068875523,113.0711426200527
2023-03-02 01:00:00+00:00,130.03,124.96,129.0,122.65213084138523,111.96900477069482
2023-03-02 02:00:00+00:00,131.47,127.66,124.78,125.42303260116773,113.7036600905725
2023-03-02 03:00:00+00:00,130.01,130.58,125.17,130.20036093084798,116.62162919841184
2023-03-02 04:00:00+00:00,135.58,141.35,129.93,143.62798610592364,128.13498247709217
2023-03-02 05:00:00+00:00,164.99,163.45,153.98,171.47043672032476,153.64979163585667
2023-03-02 06:00:00+00:00,181.11,186.03,170.0,193.2201566255983,175.3253024916397
2023-03-02 07:00:00+00:00,177.62,186.03,178.08,190.4888904470327,177.71945865895333
2023-03-02 08:00:00+00:00,141.44,152.9,169.6,161.26516988627057,151.0766454990102
2023-03-02 09:00:00+00:00,124.36,126.69,154.59,136.8060478142592,128.2345273268696
2023-03-02 10:00:00+00:00,116.79,118.72,149.83,124.92540110226473,120.47271770147391
2023-03-02 11:00:00+00:00,115.39,115.79,142.22,117.24558527544283,114.90331736635859
2023-03-02 12:00:00+00:00,113.64,114.12,136.7,114.39599698388326,111.0695861635534
2023-03-02 13:00:00+00:00,117.69,116.09,135.3,117.81541951740111,110.15076848580787
2023-03-02 14:00:00+00:00,128.62,122.81,135.39,130.48515678303156,114.2880169989977
2023-03-02 15:00:00+00:00,152.64,135.46,139.54,151.6090600272426,124.96735558560033
2023-03-02 16:00:00+00:00,166.38,162.74,152.36,178.5413546869395,148.3769457202253
2023-03-02 17:00:00+00:00,184.91,183.69,165.22,193.60267531048368,169.35845422127568
2023-03-02 18:00:00+00:00,184.13,182.48,165.0,189.79486833769772,169.88662167187394
2023-03-02 19:00:00+00:00,163.43,162.74,155.91,171.91296445365856,152.13541305615956
2023-03-02 20:00:00+00:00,159.31,144.85,151.14,156.8946677528927,136.61332065597384
2023-03-02 21:00:00+00:00,149.53,142.05,145.61,151.70686507337302,132.58645065859386
2023-03-02 22:00:00+00:00,139.9,131.51,131.46,140.25043554420816,120.7859084456361
2023-03-02 23:00:00+00:00,140.3,125.82,133.68,138.39926846032364,119.84159685465599
2023-03-03 00:00:00+00:00,130.18,128.57,118.18,135.6847986611397,118.16844866773869
2023-03-03 01:00:00+00:00,130.59,130.03,117.55,136.66258481673998,118.8301443646887
2023-03-03 02:00:00+00:00,128.43,131.47,114.76,139.06957872190517,120.02739437881482
2023-03-03 03:00:00+00:00,127.78,130.01,117.55,142.11612234219018,120.62906085055121
2023-03-03 04:00:00+00:00,135.0,135.58,117.23,151.57851889617635,127.6386713135281
2023-03-03 05:00:00+00:00,162.19,164.99,137.12,181.37575575658155,156.89492414923131
2023-03-03 06:00:00+00:00,187.03,181.11,155.05,200.19163901603048,175.1066641740565
2023-03-03 07:00:00+00:00,195.39,177.62,155.0,195.8185077139138,173.56198487866482
2023-03-03 08:00:00+00:00,166.48,141.44,150.26,166.33590705320597,144.79692414813707
2023-03-03 09:00:00+00:00,131.12,124.36,131.43,144.3033743270031,127.99354091805851
2023-03-03 10:00:00+00:00,123.01,116.79,109.02,127.60703944905745,118.22038295197
2023-03-03 11:00:00+00:00,114.69,115.39,112.76,118.95379040529703,115.27331903049283
2023-03-03 12:00:00+00:00,112.1,113.64,107.88,112.13258446588677,110.90578536642317
2023-03-03 13:00:00+00:00,110.89,117.69,101.49,111.77578017533858,110.48889705080221
2023-03-03 14:00:00+00:00,114.69,128.62,109.08,123.40838343899847,118.15327215100719
2023-03-03 15:00:00+00:00,129.31,152.64,110.49,145.4411353528762,134.99926747277198
2023-03-03 16:00:00+00:00,155.98,166.38,119.69,163.23920608883213,149.6315909958251
2023-03-03 17:00:00+00:00,165.0,184.91,136.41,175.91742797229404,169.94873824350705
2023-03-03 18:00:00+00:00,152.94,184.13,116.96,165.55798685748522,168.68840727704097
2023-03-03 19:00:00+00:00,133.31,163.43,91.35,140.32203974087435,148.1882752882888
2023-03-03 20:00:00+00:00,122.2,159.31,104.61,130.53672332092106,144.1491359778913
2023-03-03 21:00:00+00:00,112.09,149.53,93.13,117.79988104564595,134.80599839767524
2023-03-03 22:00:00+00:00,101.63,139.9,78.58,104.30295882346651,123.67074513108462
2023-03-03 23:00:00+00:00,108.27,140.3,90.55,104.11791221349138,123.16029328603908
2023-03-04 00:00:00+00:00,95.86,130.18,83.14,94.13406574305063,112.83213291408903
2023-03-04 01:00:00+00:00,92.18,130.59,78.93,91.15254861361055,110.05636011024515
2023-03-04 02:00:00+00:00,97.96,128.43,75.23,88.26790181845324,105.4992950339123
2023-03-04 03:00:00+00:00,97.69,127.78,82.03,87.79699947561615,102.57370071449466
2023-03-04 04:00:00+00:00,96.98,135.0,77.97,90.9234462054123,103.65208156006888
2023-03-04 05:00:00+00:00,94.1,162.19,76.77,107.60387247506034,121.24518628077672
2023-03-04 06:00:00+00:00,98.82,187.03,84.47,125.13244053950118,138.67017267733434
2023-03-04 07:00:00+00:00,100.69,195.39,89.89,128.5108171673413,144.5905399831392
2023-03-04 08:00:00+00:00,96.89,166.48,87.02,106.74481287729618,122.03226550886151
2023-03-04 09:00:00+00:00,97.04,131.12,74.4,80.10728996657147,94.76093107183668
2023-03-04 10:00:00+00:00,94.71,123.01,65.17,71.36299044644538,87.4063886880177
2023-03-04 11:00:00+00:00,89.37,114.69,59.43,63.15210172703196,79.68949226537974
2023-03-04 12:00:00+00:00,91.26,112.1,44.9,60.42453533224358,74.41308510936622
2023-03-04 13:00:00+00:00,95.35,110.89,62.68,65.317948352955,75.29112261886172
2023-03-04 14:00:00+00:00,101.77,114.69,81.85,79.74091295157626,82.482653467825
2023-03-04 15:00:00+00:00,106.9,129.31,96.54,102.03131399152997,98.75754396856134
2023-03-04 16:00:00+00:00,140.0,155.98,123.4,133.8262187196533,126.98164245896123
2023-03-04 17:00:00+00:00,151.66,165.0,136.48,148.9011103446733,142.40335835384627
2023-03-04 18:00:00+00:00,145.0,152.94,130.85,140.86731075493896,136.02845667324488
2023-03-04 19:00:00+00:00,138.68,133.31,116.64,123.88494254771997,119.590921646358
2023-03-04 20:00:00+00:00,117.71,122.2,102.27,113.92227605050499,110.93750901079139
2023-03-04 21:00:00+00:00,121.02,112.09,114.93,108.65533942043399,106.24131654890832
2023-03-04 22:00:00+00:00,109.41,101.63,107.43,97.57740680650718,96.35481369453845
2023-03-04 23:00:00+00:00,107.53,108.27,106.39,103.3415360254471,107.10011565317494
2023-03-05 00:00:00+00:00,106.25,95.86,102.94,92.76512019795548,95.67316913139409
2023-03-05 01:00:00+00:00,105.55,92.18,102.77,87.95626735636542,91.17664056493233
2023-03-05 02:00:00+00:00,106.84,97.96,106.26,89.2043841201999,92.99102217393028
2023-03-05 03:00:00+00:00,104.99,97.69,104.1,87.31353674966333,89.64035163112403
2023-03-05 04:00:00+00:00,105.81,96.98,105.54,86.64251313562494,86.65401180349016
2023-03-05 05:00:00+00:00,105.94,94.1,107.04,85.84600778435927,83.21381588936602
2023-03-05 06:00:00+00:00,108.39,98.82,109.55,91.0830545905932,86.1170940904529
2023-03-05 07:00:00+00:00,107.72,100.69,109.02,91.55364518396351,86.89463843352871
2023-03-05 08:00:00+00:00,107.73,96.89,105.54,85.57648783050317,82.07310028420204
2023-03-05 09:00:00+00:00,105.18,97.04,97.34,81.8914673974339,79.50989729104822
2023-03-05 10:00:00+00:00,107.55,94.71,92.94,81.48824471149095,78.1236143864496
2023-03-05 11:00:00+00:00,110.25,89.37,85.0,77.7536674439903,72.34982977979526
2023-03-05 12:00:00+00:00,107.73,91.26,55.0,74.95701304269959,68.61716678901085
2023-03-05 13:00:00+00:00,110.22,95.35,55.28,79.11786799714064,70.80935692150595
2023-03-05 14:00:00+00:00,115.14,101.77,85.04,92.68071175806381,80.20972611822049
2023-03-05 15:00:00+00:00,129.37,106.9,98.92,109.2299678810709,90.07034693572874
2023-03-05 16:00:00+00:00,145.14,140.0,129.9,145.21436185154784,123.68408926838367
2023-03-05 17:00:00+00:00,166.67,151.66,153.7,163.62445155132284,141.83529660376178
2023-03-05 18:00:00+00:00,172.37,145.0,156.91,160.1595910724639,140.40784197118967
2023-03-05 19:00:00+00:00,160.23,138.68,153.64,152.81109674455396,135.7261852942731
2023-03-05 20:00:00+00:00,152.49,117.71,141.64,137.74827461192194,120.96551130196526
2023-03-05 21:00:00+00:00,143.66,121.02,138.29,138.01146257850817,124.12913760930012
2023-03-05 22:00:00+00:00,130.13,109.41,132.98,126.55585338137257,113.665745489012
2023-03-05 23:00:00+00:00,136.1,107.53,122.83,131.18980921381896,120.44931076611135
2023-03-06 00:00:00+00:00,125.09,106.25,132.91,129.1024088871312,119.16339981116667
2023-03-06 01:00:00+00:00,123.31,105.55,132.9,128.79695142061968,118.48388895173962
2023-03-06 02:00:00+00:00,123.12,106.84,125.03,130.63938246285107,119.24405137340196
2023-03-06 03:00:00+00:00,123.75,104.99,120.07,132.29050065677092,118.09637161872588
2023-03-06 04:00:00+00:00,137.44,105.81,139.83,141.88902882114914,123.8679502182436
2023-03-06 05:00:00+00:00,159.8,105.94,164.23,157.95336411416866,133.77930502616744
2023-03-06 06:00:00+00:00,185.0,108.39,186.66,170.64524656318437,142.15151045309423
2023-03-06 07:00:00+00:00,217.09,107.72,186.95,172.63643399557952,142.8715015555738
2023-03-06 08:00:00+00:00,188.35,107.73,166.57,168.01169612385007,139.37121966810258
2023-03-06 09:00:00+00:00,170.26,105.18,152.91,162.38464710551756,135.25501876230072
2023-03-06 10:00:00+00:00,160.84,107.55,135.87,159.30376001317282,133.7627829832604
2023-03-06 11:00:00+00:00,149.92,110.25,138.59,157.70969337646028,133.67024537390142
2023-03-06 12:00:00+00:00,144.95,107.73,135.52,152.55091915131348,129.42353285669424
2023-03-06 13:00:00+00:00,144.3,110.22,131.51,150.78741289712315,128.4720432594635
2023-03-06 14:00:00+00:00,145.78,115.14,132.2,154.7015193902216,131.0617107857222
2023-03-06 15:00:00+00:00,152.0,129.37,153.45,167.89660196750634,143.10893375238706
2023-03-06 16:00:00+00:00,162.01,145.14,170.69,184.73411687385885,160.08059463609231
2023-03-06 17:00:00+00:00,184.86,166.67,190.01,200.11638516678175,181.4495133211205
2023-03-06 18:00:00+00:00,174.61,172.37,198.15,197.69983472860957,187.64761360543113
2023-03-06 19:00:00+00:00,147.95,160.23,174.49,177.0433235917564,174.64362316887798
2023-03-06 20:00:00+00:00,130.39,152.49,160.3,159.8844936233615,164.8379068343547
2023-03-06 21:00:00+00:00,120.65,143.66,153.46,144.79530287160972,156.95379021800272
2023-03-06 22:00:00+00:00,108.58,130.13,149.46,126.53838142112019,144.17158217046662
2023-03-06 23:00:00+00:00,98.06,136.1,134.0,99.9273874257219,134.67064313045975
2023-03-07 00:00:00+00:00,94.26,125.09,124.82,88.20208103251954,125.1169856256248
2023-03-07 01:00:00+00:00,85.0,123.31,123.83,82.90786151825297,123.34936901876648
2023-03-07 02:00:00+00:00,78.96,123.12,124.59,81.01187905652364,123.73815345814188
2023-03-07 03:00:00+00:00,78.52,123.75,126.25,82.23005771857214,125.34167866872491
2023-03-07 04:00:00+00:00,85.57,137.44,141.41,95.76231883857649,138.91390659524365
2023-03-07 05:00:00+00:00,98.71,159.8,162.47,120.80542654529171,162.77329853112252
2023-03-07 06:00:00+00:00,99.57,185.0,177.99,147.0205832813976,186.93693828273013
2023-03-07 07:00:00+00:00,105.59,217.09,186.04,167.2881935193625,211.09678488052595
2023-03-07 08:00:00+00:00,91.92,188.35,160.31,145.35923497151924,187.775431030689
2023-03-07 09:00:00+00:00,93.86,170.26,130.38,128.4547787384762,170.8628717685694
2023-03-07 10:00:00+00:00,94.26,160.84,124.2,122.01606681333098,162.86641044177293
2023-03-07 11:00:00+00:00,87.57,149.92,116.71,115.25135808932188,152.36428591283467
2023-03-07 12:00:00+00:00,93.86,144.95,119.19,113.88775645038325,146.22140631334867
2023-03-07 13:00:00+00:00,95.07,144.3,123.41,117.27131579691459,143.4983068184191
2023-03-07 14:00:00+00:00,97.6,145.78,133.2,126.63087167870702,144.50394452306017
2023-03-07 15:00:00+00:00,109.22,152.0,154.42,141.40207492556004,151.42579042970675
2023-03-07 16:00:00+00:00,142.97,162.01,173.13,160.05690411825867,163.06061551895135
2023-03-07 17:00:00+00:00,164.08,184.86,193.87,182.36696391920015,185.95481439795793
2023-03-07 18:00:00+00:00,143.91,174.61,193.78,176.6230021394993,180.63336248046312
2023-03-07 19:00:00+00:00,152.14,147.95,174.89,154.83522146372334,157.62556681134336
2023-03-07 20:00:00+00:00,136.43,130.39,158.27,139.18236621318823,141.7408753118814
2023-03-07 21:00:00+00:00,122.21,120.65,153.78,129.85171580129474,132.6456957848593
2023-03-07 22:00:00+00:00,115.49,108.58,142.14,117.9553301381244,120.13204708344097
2023-03-07 23:00:00+00:00,114.3,98.06,133.08,104.01439605217337,100.8486048282375
2023-03-08 00:00:00+00:00,112.1,94.26,125.46,100.33037052272503,96.17663470243103
2023-03-08 01:00:00+00:00,112.02,85.0,124.96,97.69896772452803,90.36172219596507
2023-03-08 02:00:00+00:00,111.0,78.96,127.66,99.82939635742405,88.08988742382785
2023-03-08 03:00:00+00:00,111.0,78.52,130.58,106.87819741508898,89.9219442830407
2023-03-08 04:00:00+00:00,118.23,85.57,141.35,122.59779498437453,100.20764628534334
2023-03-08 05:00:00+00:00,140.68,98.71,163.45,147.6477650666919,119.70098213341521
2023-03-08 06:00:00+00:00,158.53,99.57,186.03,157.57037447139044,126.08811695111473
2023-03-08 07:00:00+00:00,173.1,105.59,186.03,162.5156675582753,132.52000987826938
2023-03-08 08:00:00+00:00,163.0,91.92,152.9,148.28760704362895,116.12694001378772
2023-03-08 09:00:00+00:00,152.99,93.86,126.69,145.32217905130597,112.50794463226225
2023-03-08 10:00:00+00:00,144.17,94.26,118.72,144.08539808925698,110.71771554705846
2023-03-08 11:00:00+00:00,137.17,87.57,115.79,137.97628276068497,103.27701231920722
2023-03-08 12:00:00+00:00,135.93,93.86,114.12,138.72431913746982,105.0331177978458
2023-03-08 13:00:00+00:00,137.44,95.07,116.09,137.0755441386302,103.7333489698409
2023-03-08 14:00:00+00:00,141.09,97.6,122.81,138.64421771232543,104.81179668317684
2023-03-08 15:00:00+00:00,144.47,109.22,135.46,147.2102656951636,113.80262905004074
2023-03-08 16:00:00+00:00,153.01,142.97,162.74,171.85947266549604,142.1065072735003
2023-03-08 17:00:00+00:00,166.89,164.08,183.69,189.66935502486143,164.11968271610067
2023-03-08 18:00:00+00:00,170.02,143.91,182.48,176.0993565361888,150.4882523853576
2023-03-08 19:00:00+00:00,153.77,152.14,162.74,171.08021936035584,149.8434430256171
2023-03-08 20:00:00+00:00,134.64,136.43,144.85,154.08549702976973,134.08046467175288
2023-03-08 21:00:00+00:00,128.82,122.21,142.05,141.39211444016783,122.83774296412707
2023-03-08 22:00:00+00:00,119.0,115.49,131.51,129.20664036979827,113.87336710774876
2023-03-08 23:00:00+00:00,113.66,114.3,125.82,108.39065572758251,106.43868505635754
2023-03-09 00:00:00+00:00,111.39,112.1,128.57,103.60860837996756,103.53149965932128
2023-03-09 01:00:00+00:00,111.02,112.02,130.03,102.11340836562674,102.43089241276562
2023-03-09 02:00:00+00:00,109.38,111.0,131.47,102.0863594239133,101.57518056195326
2023-03-09 03:00:00+00:00,111.22,111.0,130.01,104.49846886296035,101.9489913477843
2023-03-09 04:00:00+00:00,113.02,118.23,135.58,115.6323713789213,110.20750506239455
2023-03-09 05:00:00+00:00,137.39,140.68,164.99,143.50333624746662,135.38772555189942
2023-03-09 06:00:00+00:00,150.0,158.53,181.11,166.5009694939168,154.7840203380745
2023-03-09 07:00:00+00:00,159.06,173.1,177.62,178.06657842430462,166.46863840507035
2023-03-09 08:00:00+00:00,150.93,163.0,141.44,166.2954456737069,153.09176942703803
2023-03-09 09:00:00+00:00,142.36,152.99,124.36,157.33074416499647,142.87869014031338
2023-03-09 10:00:00+00:00,131.81,144.17,116.79,149.95107158581453,134.0886652624768
2023-03-09 11:00:00+00:00,122.0,137.17,115.39,143.2925013861543,126.21478924303585
2023-03-09 12:00:00+00:00,116.45,135.93,113.64,139.3839818116539,122.48226451247939
2023-03-09 13:00:00+00:00,116.19,137.44,117.69,139.07323868887642,121.0701514095747
2023-03-09 14:00:00+00:00,116.72,141.09,128.62,144.23734927713647,123.11754888893034
2023-03-09 15:00:00+00:00,118.36,144.47,152.64,153.53401730288076,128.49345343755905
2023-03-09 16:00:00+00:00,135.85,153.01,166.38,166.5466679520306,139.65336447486595
2023-03-09 17:00:00+00:00,147.22,166.89,184.91,179.72471660938112,155.92033590112658
2023-03-09 18:00:00+00:00,145.04,170.02,184.13,178.20171149734318,158.3443122233534
2023-03-09 19:00:00+00:00,135.1,153.77,163.43,158.59178555065063,143.32271974235823
2023-03-09 20:00:00+00:00,125.09,134.64,159.31,138.7646427734439,127.29939165120783
2023-03-09 21:00:00+00:00,123.82,128.82,149.53,126.15851552458497,120.02549336268126
2023-03-09 22:00:00+00:00,109.7,119.0,139.9,110.96323721021118,109.6345240234621
2023-03-09 23:00:00+00:00,102.89,113.66,140.3,101.43806959129033,108.67402732405989
2023-03-10 00:00:00+00:00,100.68,111.39,130.18,93.25854744968953,104.56701612942294
2023-03-10 01:00:00+00:00,99.06,111.02,130.59,90.77837385919253,104.07334781516164
2023-03-10 02:00:00+00:00,98.84,109.38,128.43,89.73864785625813,103.17261862547558
2023-03-10 03:00:00+00:00,99.09,111.22,127.78,92.35738457905869,105.23794033027255
2023-03-10 04:00:00+00:00,105.0,113.02,135.0,100.2541623546672,110.37918014116205
2023-03-10 05:00:00+00:00,119.81,137.39,162.19,128.24442148089832,137.55419610215748
2023-03-10 06:00:00+00:00,136.91,150.0,187.03,145.74321508257123,153.68859253887624
2023-03-10 07:00:00+00:00,140.91,159.06,195.39,153.3106909895332,163.04244277597672
2023-03-10 08:00:00+00:00,136.61,150.93,166.48,141.55857223890578,152.27679829657038
2023-03-10 09:00:00+00:00,131.89,142.36,131.12,130.10949034731013,140.31757622223074
2023-03-10 10:00:00+00:00,125.1,131.81,123.01,123.08413621488553,130.54107115586194
2023-03-10 11:00:00+00:00,116.42,122.0,114.69,117.27276021630576,120.2564220105065
2023-03-10 12:00:00+00:00,112.84,116.45,112.1,114.90663708429328,113.90839153873978
2023-03-10 13:00:00+00:00,114.91,116.19,110.89,114.50251073443663,111.401280015956
2023-03-10 14:00:00+00:00,112.62,116.72,114.69,115.82223996649752,111.75919252674643
2023-03-10 15:00:00+00:00,110.1,118.36,129.31,118.024166249736,114.57052274821022
2023-03-10 16:00:00+00:00,129.34,135.85,155.98,129.73283785254657,131.73300373630562
2023-03-10 17:00:00+00:00,135.48,147.22,165.0,134.6251017002118,144.36838446475898
2023-03-10 18:00:00+00:00,133.92,145.04,152.94,125.72433314119165,142.65177153371252
2023-03-10 19:00:00+00:00,115.41,135.1,133.31,107.04292834750542,129.84380812874605
2023-03-10 20:00:00+00:00,108.96,125.09,122.2,91.53576758528027,118.50320000253468
2023-03-10 21:00:00+00:00,100.35,123.82,112.09,84.04402386055179,114.90426647685238
2023-03-10 22:00:00+00:00,87.59,109.7,101.63,68.65083057472185,101.78893308982417
2023-03-10 23:00:00+00:00,70.22,102.89,108.27,58.468055240288535,96.82889344954579
2023-03-11 00:00:00+00:00,71.11,100.68,95.86,54.25333242949945,91.51020368747302
2023-03-11 01:00:00+00:00,73.08,99.06,92.18,53.46578320142974,87.73982221778164
2023-03-11 02:00:00+00:00,82.42,98.84,97.96,56.60739111892051,85.75113220160375
2023-03-11 03:00:00+00:00,87.87,99.09,97.69,60.97028540676718,83.11652215597813
2023-03-11 04:00:00+00:00,96.18,105.0,96.98,69.28399025107119,83.6551688366814
2023-03-11 05:00:00+00:00,104.24,119.81,94.1,84.08181970864695,92.13431907653182
2023-03-11 06:00:00+00:00,110.09,136.91,98.82,99.1559152685972,103.04303112656127
2023-03-11 07:00:00+00:00,114.01,140.91,100.69,102.19864201428604,106.6683678215053
2023-03-11 08:00:00+00:00,106.37,136.61,96.89,95.04275202621379,102.48784416555463
2023-03-11 09:00:00+00:00,93.81,131.89,97.04,87.0908376461479,98.3724838331983
2023-03-11 10:00:00+00:00,81.95,125.1,94.71,77.07008827138078,91.96048852099776
2023-03-11 11:00:00+00:00,78.66,116.42,89.37,66.60631587565099,83.24125808101903
2023-03-11 12:00:00+00:00,60.0,112.84,91.26,61.25444208096994,79.42545658334112
2023-03-11 13:00:00+00:00,60.38,114.91,95.35,64.2662790641846,81.09739565136688
2023-03-11 14:00:00+00:00,82.63,112.62,101.77,72.14787607413163,81.84214148631699
2023-03-11 15:00:00+00:00,101.24,110.1,106.9,85.67332561302788,84.38627829305105
2023-03-11 16:00:00+00:00,130.02,129.34,140.0,115.87465125177907,107.85450693161074
2023-03-11 17:00:00+00:00,145.0,135.48,151.66,129.29687807355197,120.14351481972287
2023-03-11 18:00:00+00:00,136.63,133.92,145.0,126.72395983778257,120.93227634401572
2023-03-11 19:00:00+00:00,131.58,115.41,138.68,111.4489610448887,107.08589314945259
2023-03-11 20:00:00+00:00,119.96,108.96,117.71,102.5935928972258,100.08271574355514
2023-03-11 21:00:00+00:00,120.56,100.35,121.02,97.36466272327449,95.51364113143079
2023-03-11 22:00:00+00:00,108.51,87.59,109.41,85.98235619143587,83.75128015461686
2023-03-11 23:00:00+00:00,121.01,70.22,107.53,86.65117264076785,78.65064131753377
2023-03-12 00:00:00+00:00,101.18,71.11,106.25,83.97703858150504,76.81572001566438
2023-03-12 01:00:00+00:00,101.18,73.08,105.55,83.50171504660847,75.91868322525094
2023-03-12 02:00:00+00:00,90.43,82.42,106.84,87.97802947321104,79.97822538064457
2023-03-12 03:00:00+00:00,91.81,87.87,104.99,90.39297682896098,80.35496365032918
2023-03-12 04:00:00+00:00,92.08,96.18,105.81,94.72739423520184,82.67633122625907
2023-03-12 05:00:00+00:00,90.81,104.24,105.94,97.90910745202545,84.75647519077181
2023-03-12 06:00:00+00:00,89.05,110.09,108.39,101.16676516494357,87.77533229177061
2023-03-12 07:00:00+00:00,90.27,114.01,107.72,101.77464529335592,90.12093069745524
2023-03-12 08:00:00+00:00,93.98,106.37,107.73,95.14321193230386,84.55115922847631
2023-03-12 09:00:00+00:00,92.0,93.81,105.18,85.87094989329323,75.72976477462984
2023-03-12 10:00:00+00:00,87.79,81.95,107.55,78.1989675132951,68.59821569594067
2023-03-12 11:00:00+00:00,80.4,78.66,110.25,72.95357310683036,65.3189748673338
2023-03-12 12:00:00+00:00,68.96,60.0,107.73,59.47292072621102,51.39597737387419
2023-03-12 13:00:00+00:00,70.0,60.38,110.22,59.45277990604235,52.778211648777145
2023-03-12 14:00:00+00:00,74.9,82.63,115.14,72.89928132469868,70.21005474515496
2023-03-12 15:00:00+00:00,85.05,101.24,129.37,87.72334199559961,87.8540478231162
2023-03-12 16:00:00+00:00,100.91,130.02,145.14,111.2949864342576,116.38743479269039
2023-03-12 17:00:00+00:00,119.85,145.0,166.67,125.93689966369614,136.29698515833155
2023-03-12 18:00:00+00:00,141.04,136.63,172.37,120.47879227280671,135.16584527568688
2023-03-12 19:00:00+00:00,129.97,131.58,160.23,110.78245338591118,130.30100907765114
2023-03-12 20:00:00+00:00,104.69,119.96,152.49,98.44685499452163,122.35189260522446
2023-03-12 21:00:00+00:00,94.87,120.56,143.66,95.37740222081926,122.77979630801133
2023-03-12 22:00:00+00:00,80.55,108.51,130.13,81.71635250445885,110.6322061127774
2023-03-12 23:00:00+00:00,45.99,121.01,136.1,85.19856261932253,127.63526892382123
2023-03-13 00:00:00+00:00,37.09,101.18,125.09,70.87604798165017,111.84566914168585
2023-03-13 01:00:00+00:00,33.36,101.18,123.31,69.05129401450125,111.3019003661357
2023-03-13 02:00:00+00:00,16.89,90.43,123.12,63.55711840097266,105.09129604650006
2023-03-13 03:00:00+00:00,7.51,91.81,123.75,65.75625773903323,107.8246323760116
2023-03-13 04:00:00+00:00,16.89,92.08,137.44,71.3336468120138,113.19735896255742
2023-03-13 05:00:00+00:00,38.49,90.81,159.8,82.61014718875664,122.75631514163001
2023-03-13 06:00:00+00:00,77.71,89.05,185.0,90.2876330204824,129.5364406208323
2023-03-13 07:00:00+00:00,79.81,90.27,217.09,94.81940366680335,136.57431471668914
2023-03-13 08:00:00+00:00,42.46,93.98,188.35,88.08949593416588,134.38892203313085
2023-03-13 09:00:00+00:00,30.51,92.0,170.26,79.05513168742597,129.26210135632516
2023-03-13 10:00:00+00:00,22.32,87.79,160.84,70.2910074518042,123.40487966515671
2023-03-13 11:00:00+00:00,2.07,80.4,149.92,61.079698684686704,114.85973848620729
2023-03-13 12:00:00+00:00,-0.02,68.96,144.95,51.47749885606084,103.07183203176884
2023-03-13 13:00:00+00:00,-0.03,70.0,144.3,51.52920721699097,101.2509809231687
2023-03-13 14:00:00+00:00,0.26,74.9,145.78,61.2687344731516,105.3059954915588
2023-03-13 15:00:00+00:00,9.03,85.05,152.0,76.98019531132103,113.9428690934612
2023-03-13 16:00:00+00:00,53.37,100.91,162.01,98.21751364946742,129.96836981689475
2023-03-13 17:00:00+00:00,88.59,119.85,184.86,116.09936875860315,149.67874834356866
2023-03-13 18:00:00+00:00,95.0,141.04,174.61,125.07070275894614,163.77499791609605
2023-03-13 19:00:00+00:00,82.33,129.97,147.95,110.1256297624746,150.84194553491494
2023-03-13 20:00:00+00:00,52.94,104.69,130.39,88.76837894612963,129.0401737488862
2023-03-13 21:00:00+00:00,35.45,94.87,120.65,78.32167067067631,120.25317454796529
2023-03-13 22:00:00+00:00,23.32,80.55,108.58,62.50218220815436,106.27498332429825
2023-03-13 23:00:00+00:00,9.57,45.99,98.06,28.674250838924365,70.84462800497585
2023-03-14 00:00:00+00:00,4.46,37.09,94.26,20.6123159084987,62.82588101876076
2023-03-14 01:00:00+00:00,4.0,33.36,85.0,17.824642189308392,60.09206465561542
2023-03-14 02:00:00+00:00,1.84,16.89,78.96,10.363481814737227,49.46872161508177
2023-03-14 03:00:00+00:00,3.5,7.51,78.52,10.323337014275864,46.14161452983149
2023-03-14 04:00:00+00:00,9.03,16.89,85.57,24.150389726413223,57.622001791312435
2023-03-14 05:00:00+00:00,42.6,38.49,98.71,48.33246902128383,80.683380682912
2023-03-14 06:00:00+00:00,90.42,77.71,99.57,73.50879067626435,108.81748054004366
2023-03-14 07:00:00+00:00,94.84,79.81,105.59,74.88349408441034,111.59214338622094
2023-03-14 08:00:00+00:00,83.37,42.46,91.92,48.55561872740561,84.03898564873482
2023-03-14 09:00:00+00:00,73.78,30.51,93.86,39.06183445427728,75.93373487498417
2023-03-14 10:00:00+00:00,60.94,22.32,94.26,34.82659623246292,69.83367900270302
2023-03-14 11:00:00+00:00,53.26,2.07,87.57,22.405321940728484,53.382807759251605
2023-03-14 12:00:00+00:00,61.07,-0.02,93.86,21.411825387390536,50.494910324661035
2023-03-14 13:00:00+00:00,65.45,-0.03,95.07,22.5120454543614,49.17233141549102
2023-03-14 14:00:00+00:00,59.82,0.26,97.6,25.46426104338869,49.50844005825411
2023-03-14 15:00:00+00:00,78.83,9.03,109.22,36.69260444364084,57.79280093475831
2023-03-14 16:00:00+00:00,122.85,53.37,142.97,73.64394864877058,94.94526554643444
2023-03-14 17:00:00+00:00,144.86,88.59,164.08,103.17087593991236,125.4966008808035
2023-03-14 18:00:00+00:00,152.21,95.0,143.91,107.86043734230795,129.59070880714748
2023-03-14 19:00:00+00:00,140.93,82.33,152.14,98.14077652387216,118.81441784900902
2023-03-14 20:00:00+00:00,129.72,52.94,136.43,76.29620510495708,93.15619923462295
2023-03-14 21:00:00+00:00,122.84,35.45,122.21,62.267385479675426,77.59530309226241
2023-03-14 22:00:00+00:00,105.32,23.32,115.49,50.43773807752851,65.19953133385678
2023-03-14 23:00:00+00:00,105.64,9.57,114.3,33.57017500141251,41.5987501553162
2023-03-15 00:00:00+00:00,105.8,4.46,112.1,29.696148314936934,36.47395495542332
2023-03-15 01:00:00+00:00,103.97,4.0,112.02,30.58419815094922,36.03062458201171
2023-03-15 02:00:00+00:00,105.23,1.84,111.0,31.97960626378604,33.963531708378085
2023-03-15 03:00:00+00:00,105.67,3.5,111.0,37.57073284453582,35.434724822135834
2023-03-15 04:00:00+00:00,121.43,9.03,118.23,50.04979559087849,43.51657267599068
2023-03-15 05:00:00+00:00,143.47,42.6,140.68,84.21825863697885,76.19478730054443
2023-03-15 06:00:00+00:00,160.0,90.42,158.53,120.2954850453594,117.73797869478877
2023-03-15 07:00:00+00:00,159.58,94.84,173.1,122.4709723739046,124.50584551199181
2023-03-15 08:00:00+00:00,129.99,83.37,163.0,105.68488515775047,111.83404245042175
2023-03-15 09:00:00+00:00,114.15,73.78,152.99,91.08208558534817,102.23403893343426
2023-03-15 10:00:00+00:00,97.0,60.94,144.17,78.95567963622719,90.80496020427732
2023-03-15 11:00:00+00:00,90.85,53.26,137.17,68.89088478648188,80.72184616371229
2023-03-15 12:00:00+00:00,90.84,61.07,135.93,70.20111977307604,83.30530653669797
2023-03-15 13:00:00+00:00,96.25,65.45,137.44,71.89666349421775,83.55591907518718
2023-03-15 14:00:00+00:00,102.83,59.82,141.09,72.61675891221395,77.80634796187778
2023-03-15 15:00:00+00:00,116.99,78.83,144.47,92.74201606946662,91.12351044355735
2023-03-15 16:00:00+00:00,150.8,122.85,153.01,133.52500572973955,126.85190228844044
2023-03-15 17:00:00+00:00,182.3,144.86,166.89,158.10395928863198,149.89461999514896
2023-03-15 18:00:00+00:00,199.28,152.21,170.02,164.5245684931723,158.12095606373623
2023-03-15 19:00:00+00:00,168.98,140.93,153.77,152.65248885524647,145.9644855619229
2023-03-15 20:00:00+00:00,147.36,129.72,134.64,140.04650871684595,132.26889123575538
2023-03-15 21:00:00+00:00,139.35,122.84,128.82,132.4347124172062,123.92529403185445
2023-03-15 22:00:00+00:00,127.63,105.32,119.0,117.39480730535124,107.13404212395237
2023-03-15 23:00:00+00:00,117.39,105.64,113.66,106.67767072834755,98.78735344192046
2023-03-16 00:00:00+00:00,107.61,105.8,111.39,101.45197859921656,96.26732009705418
2023-03-16 01:00:00+00:00,103.8,103.97,111.02,97.15401114373103,93.77375654545695
2023-03-16 02:00:00+00:00,100.0,105.23,109.38,95.75606144650786,93.3802630905583
2023-03-16 03:00:00+00:00,98.07,105.67,111.22,95.84159283243385,93.11369983609602
2023-03-16 04:00:00+00:00,103.86,121.43,113.02,108.08901760725377,105.42725409118125
2023-03-16 05:00:00+00:00,130.32,143.47,137.39,133.4683652751454,130.81243144187658
2023-03-16 06:00:00+00:00,142.35,160.0,150.0,149.9181249335438,150.98425651045267
2023-03-16 07:00:00+00:00,138.03,159.58,159.06,145.8016330196619,153.36203124561627
2023-03-16 08:00:00+00:00,117.12,129.99,150.93,119.54338923738688,129.9851630108224
2023-03-16 09:00:00+00:00,103.2,114.15,142.36,103.27103721523724,116.43608839632397
2023-03-16 10:00:00+00:00,91.51,97.0,131.81,85.04628180990338,100.79062167825336
2023-03-16 11:00:00+00:00,85.4,90.85,122.0,74.90974261874126,92.51958442806452
2023-03-16 12:00:00+00:00,78.49,90.84,116.45,70.89898127855659,90.25337431059508
2023-03-16 13:00:00+00:00,80.48,96.25,116.19,73.03838561905978,91.77249110210178
2023-03-16 14:00:00+00:00,84.89,102.83,116.72,80.44261510478114,93.87431947068589
2023-03-16 15:00:00+00:00,95.58,116.99,118.36,96.0510319040693,103.70834178195668
2023-03-16 16:00:00+00:00,119.22,150.8,135.85,125.72502623706436,133.4865199857293
2023-03-16 17:00:00+00:00,131.85,182.3,147.22,144.042220171488,160.93895123775064
2023-03-16 18:00:00+00:00,129.97,199.28,145.04,147.17137953644817,175.19868641113214
2023-03-16 19:00:00+00:00,110.0,168.98,135.1,119.9751108347467,150.95563931784082
2023-03-16 20:00:00+00:00,98.14,147.36,125.09,99.56382166207476,132.7305100155661
2023-03-16 21:00:00+00:00,86.07,139.35,123.82,90.4274850860904,125.18407151555525
2023-03-16 22:00:00+00:00,80.44,127.63,109.7,77.43054487179124,111.81927689454527
2023-03-16 23:00:00+00:00,48.45,117.39,102.89,73.22732186624471,107.65050105273349
2023-03-17 00:00:00+00:00,49.97,107.61,100.68,68.977751295542,99.90982279231703
2023-03-17 01:00:00+00:00,50.06,103.8,99.06,68.0534544053254,96.8770427444397
2023-03-17 02:00:00+00:00,59.93,100.0,98.84,69.10251989287804,94.79836148713751
2023-03-17 03:00:00+00:00,62.79,98.07,99.09,72.47235775087778,94.54240192886967
2023-03-17 04:00:00+00:00,81.59,103.86,105.0,84.08665360432049,102.93449805237898
2023-03-17 05:00:00+00:00,105.07,130.32,119.81,112.00074190336741,129.7179521149248
2023-03-17 06:00:00+00:00,112.17,142.35,136.91,125.10970431852611,143.90061985362337
2023-03-17 07:00:00+00:00,104.56,138.03,140.91,120.35338623843839,142.4200840902752
2023-03-17 08:00:00+00:00,90.29,117.12,136.61,102.73982224680051,124.68561563666435
2023-03-17 09:00:00+00:00,84.04,103.2,131.89,90.86126978231582,112.23425454704885
2023-03-17 10:00:00+00:00,79.95,91.51,125.1,80.93849012039178,101.03474412148435
2023-03-17 11:00:00+00:00,75.76,85.4,116.42,76.12580956675765,93.09130679788792
2023-03-17 12:00:00+00:00,74.05,78.49,112.84,75.14327057771831,85.7765641848106
2023-03-17 13:00:00+00:00,88.05,80.48,114.91,81.93962974744167,85.39574822494286
2023-03-17 14:00:00+00:00,99.03,84.89,112.62,93.65378154420853,87.52722294183864
2023-03-17 15:00:00+00:00,109.54,95.58,110.1,109.33803224307884,95.25117311845146
2023-03-17 16:00:00+00:00,126.79,119.22,129.34,130.7507230799286,117.2894701548717
2023-03-17 17:00:00+00:00,134.36,131.85,135.48,137.51703889285312,130.92274132270688
2023-03-17 18:00:00+00:00,134.23,129.97,133.92,130.33122791330186,131.73057021839463
2023-03-17 19:00:00+00:00,126.35,110.0,115.41,107.70642945237279,111.57793687709578
2023-03-17 20:00:00+00:00,109.97,98.14,108.96,94.25464256239145,99.56404527388788
2023-03-17 21:00:00+00:00,107.09,86.07,100.35,84.27221144205171,89.05821614866808
2023-03-17 22:00:00+00:00,102.25,80.44,87.59,77.39770002183545,81.38176451186106
2023-03-17 23:00:00+00:00,106.35,48.45,70.22,59.74476657796789,54.73564853939426
2023-03-18 00:00:00+00:00,98.25,49.97,71.11,57.464040949433084,53.2641582217266
2023-03-18 01:00:00+00:00,96.84,50.06,73.08,55.41027229556689,50.82815429130978
2023-03-18 02:00:00+00:00,95.0,59.93,82.42,60.67811625951468,55.84582928824993
2023-03-18 03:00:00+00:00,96.18,62.79,87.87,62.87256298620958,55.42865294303349
2023-03-18 04:00:00+00:00,99.8,81.59,96.18,74.53960348920339,66.10687751958525
2023-03-18 05:00:00+00:00,103.5,105.07,104.24,90.18006871680373,81.60217531276736
2023-03-18 06:00:00+00:00,105.43,112.17,110.09,95.45725584620976,86.61439860079479
2023-03-18 07:00:00+00:00,100.74,104.56,114.01,88.83794486429174,81.78925421680073
2023-03-18 08:00:00+00:00,102.65,90.29,106.37,75.28844258088135,69.62502188500098
2023-03-18 09:00:00+00:00,97.0,84.04,93.81,64.98335101384677,61.58970798148715
2023-03-18 10:00:00+00:00,91.14,79.95,81.95,55.837739062690474,54.86881417707652
2023-03-18 11:00:00+00:00,84.06,75.76,78.66,52.48673722151591,50.67686809511382
2023-03-18 12:00:00+00:00,80.42,74.05,60.0,50.20512531083735,45.376682218009215
2023-03-18 13:00:00+00:00,87.52,88.05,60.38,62.43233331199992,54.282022808230025
2023-03-18 14:00:00+00:00,92.08,99.03,82.63,81.73090491872928,66.0635706936579
2023-03-18 15:00:00+00:00,104.43,109.54,101.24,105.96793177934939,79.46258039131399
2023-03-18 16:00:00+00:00,130.74,126.79,130.02,136.11109604648863,101.89217513914595
2023-03-18 17:00:00+00:00,156.95,134.36,145.0,150.92573750997295,116.5111214977581
2023-03-18 18:00:00+00:00,169.54,134.23,136.63,148.89286749060048,119.491227416833
2023-03-18 19:00:00+00:00,144.15,126.35,131.58,137.1694976379232,112.41680459941784
2023-03-18 20:00:00+00:00,132.92,109.97,119.96,121.2274847266984,99.48730686832572
2023-03-18 21:00:00+00:00,129.95,107.09,120.56,115.30446039934448,97.32606866732539
2023-03-18 22:00:00+00:00,118.46,102.25,108.51,105.5118500309449,90.6344060444465
2023-03-18 23:00:00+00:00,110.03,106.35,121.01,106.09771429486075,97.94134282760442
2023-03-19 00:00:00+00:00,106.0,98.25,101.18,94.77115300579058,86.93447219231513
2023-03-19 01:00:00+00:00,99.6,96.84,101.18,90.37659913609573,82.60748761192866
2023-03-19 02:00:00+00:00,99.18,95.0,90.43,86.75121076595902,77.67262662332607
2023-03-19 03:00:00+00:00,98.74,96.18,91.81,86.85567832131069,75.5508080824219
2023-03-19 04:00:00+00:00,103.36,99.8,92.08,89.4527050252729,75.82501175834797
2023-03-19 05:00:00+00:00,100.0,103.5,90.81,91.97821024233481,76.20191266957463
2023-03-19 06:00:00+00:00,102.45,105.43,89.05,92.89749662161273,75.77329217507558
2023-03-19 07:00:00+00:00,101.44,100.74,90.27,89.39007911376633,72.16507385800492
2023-03-19 08:00:00+00:00,102.26,102.65,93.98,89.13901879640058,72.84830321137817
2023-03-19 09:00:00+00:00,100.41,97.0,92.0,85.37880310092909,68.39918571295301
2023-03-19 10:00:00+00:00,99.18,91.14,87.79,82.60903340380202,64.6731848714784
2023-03-19 11:00:00+00:00,97.39,84.06,80.4,77.93836690623544,58.00881732197315
2023-03-19 12:00:00+00:00,94.04,80.42,68.96,73.91742298315071,52.038513642686894
2023-03-19 13:00:00+00:00,95.01,87.52,70.0,80.5351243143605,57.718471608619
2023-03-19 14:00:00+00:00,98.67,92.08,74.9,90.21260976381868,63.98188934008459
2023-03-19 15:00:00+00:00,106.09,104.43,85.05,107.1785477228564,77.68206382466053
2023-03-19 16:00:00+00:00,133.17,130.74,100.91,135.14337972918796,104.78952528112102
2023-03-19 17:00:00+00:00,145.0,156.95,119.85,159.73076679624626,132.68251541814303
2023-03-19 18:00:00+00:00,152.91,169.54,141.04,170.76493570595647,149.08266086388795
2023-03-19 19:00:00+00:00,144.71,144.15,129.97,152.22903582917894,131.52939400477882
2023-03-19 20:00:00+00:00,135.27,132.92,104.69,139.06152643370544,120.93532749689871
2023-03-19 21:00:00+00:00,132.9,129.95,94.87,133.79896626122542,119.02944968209928
2023-03-19 22:00:00+00:00,130.0,118.46,80.55,120.97083223332027,107.97759385845015
2023-03-19 23:00:00+00:00,124.0,110.03,45.99,115.24809824439764,106.54914047823587
2023-03-20 00:00:00+00:00,114.94,106.0,37.09,108.22420119865536,101.13389856393238
2023-03-20 01:00:00+00:00,113.06,99.6,33.36,103.89257873457446,96.47416162755047
2023-03-20 02:00:00+00:00,110.18,99.18,16.89,102.71855911736515,94.78823893964842
2023-03-20 03:00:00+00:00,110.25,98.74,7.51,104.7191867022685,94.9832875286158
2023-03-20 04:00:00+00:00,116.4,103.36,16.89,116.18483358703077,103.32830635653923
2023-03-20 05:00:00+00:00,135.77,100.0,38.49,130.8670407280282,111.87822874757866
2023-03-20 06:00:00+00:00,148.43,102.45,77.71,144.02251560228504,123.30756585580502
2023-03-20 07:00:00+00:00,148.51,101.44,79.81,143.3423981766368,124.60430676525351
2023-03-20 08:00:00+00:00,137.56,102.26,42.46,133.6452906628582,119.76675468126709
2023-03-20 09:00:00+00:00,122.75,100.41,30.51,125.35222725963305,115.8377862634704
2023-03-20 10:00:00+00:00,115.79,99.18,22.32,117.96321393261334,112.76557699290754
2023-03-20 11:00:00+00:00,104.59,97.39,2.07,108.33749152858286,106.54383526834192
2023-03-20 12:00:00+00:00,99.96,94.04,-0.02,102.80216757513685,101.69332719891756
2023-03-20 13:00:00+00:00,101.73,95.01,-0.03,103.32152487200909,100.27475859581995
2023-03-20 14:00:00+00:00,104.74,98.67,0.26,109.4162052689935,101.0022603191101
2023-03-20 15:00:00+00:00,113.83,106.09,9.03,122.36499156253342,107.47228759358856
2023-03-20 16:00:00+00:00,132.84,133.17,53.37,151.3772389984654,134.33068133493154
2023-03-20 17:00:00+00:00,150.96,145.0,88.59,168.54867332255657,151.95045418449945
2023-03-20 18:00:00+00:00,165.47,152.91,95.0,172.409730236376,160.47156142319756
2023-03-20 19:00:00+00:00,152.36,144.71,82.33,158.23894684978484,149.30270341857496
2023-03-20 20:00:00+00:00,135.49,135.27,52.94,142.87792795234722,136.36597817627026
2023-03-20 21:00:00+00:00,127.5,132.9,35.45,134.57083743576686,130.6366052946847
2023-03-20 22:00:00+00:00,117.04,130.0,23.32,126.20686162741116,123.87371907865564
2023-03-20 23:00:00+00:00,120.79,124.0,9.57,114.08369040482265,104.53172325463693
2023-03-21 00:00:00+00:00,112.28,114.94,4.46,107.0030485031347,96.25752274724684
2023-03-21 01:00:00+00:00,111.56,113.06,4.0,106.02963550833691,93.99958229349946
2023-03-21 02:00:00+00:00,108.65,110.18,1.84,105.72774846778326,91.87375507514986
2023-03-21 03:00:00+00:00,110.0,110.25,3.5,109.51439121580518,93.4069144185766
2023-03-21 04:00:00+00:00,118.21,116.4,9.03,119.50261914289841,101.54158734032973
2023-03-21 05:00:00+00:00,129.81,135.77,42.6,143.5326801983685,124.45016346861274
2023-03-21 06:00:00+00:00,145.49,148.43,90.42,164.07321780683483,145.4130735137288
2023-03-21 07:00:00+00:00,143.45,148.51,94.84,163.38890368564054,148.57596581657927
2023-03-21 08:00:00+00:00,128.53,137.56,83.37,149.2690583458377,139.0181121862612
2023-03-21 09:00:00+00:00,115.01,122.75,73.78,134.2583371085555,126.96362201598066
2023-03-21 10:00:00+00:00,106.72,115.79,60.94,124.60223806221767,119.72466201475929
2023-03-21 11:00:00+00:00,101.98,104.59,53.26,113.85217827465658,108.90422965885398
2023-03-21 12:00:00+00:00,99.56,99.96,61.07,111.33472497135192,104.5426392805712
2023-03-21 13:00:00+00:00,98.67,101.73,65.45,112.51469380214144,103.75496325686647
2023-03-21 14:00:00+00:00,98.32,104.74,59.82,114.74242526282178,103.09669517775203
2023-03-21 15:00:00+00:00,101.21,113.83,78.83,125.79745803293791,111.65788594159513
2023-03-21 16:00:00+00:00,112.99,132.84,122.85,144.56523926070986,132.56444927373403
2023-03-21 17:00:00+00:00,132.08,150.96,144.86,158.20709068476515,151.43630572759227
2023-03-21 18:00:00+00:00,143.29,165.47,152.21,163.12167575407403,164.68745415362048
2023-03-21 19:00:00+00:00,125.25,152.36,140.93,145.62000389912248,152.20096014399536
2023-03-21 20:00:00+00:00,105.13,135.49,129.72,126.13073589929212,136.78006432425855
2023-03-21 21:00:00+00:00,99.69,127.5,122.84,113.50063647139862,128.54679177268844
2023-03-21 22:00:00+00:00,92.59,117.04,105.32,98.59175556608861,116.82771573120735
2023-03-21 23:00:00+00:00,77.06,120.79,105.64,86.20031117982992,105.84464954224916
2023-03-22 00:00:00+00:00,73.19,112.28,105.8,79.14976790311864,98.16431990642262
2023-03-22 01:00:00+00:00,73.5,111.56,103.97,77.54070610538952,96.92825883337464
2023-03-22 02:00:00+00:00,69.05,108.65,105.23,77.31897951190294,95.36805068429817
2023-03-22 03:00:00+00:00,66.67,110.0,105.67,80.96413439576928,97.51195967166475
2023-03-22 04:00:00+00:00,74.03,118.21,121.43,92.1828462623709,108.04243777284339
2023-03-22 05:00:00+00:00,92.03,129.81,143.47,109.5095123135198,125.69948903410969
2023-03-22 06:00:00+00:00,109.01,145.49,160.0,120.39816637792673,142.67241881544047
2023-03-22 07:00:00+00:00,110.21,143.45,159.58,110.99703915597206,142.74743980807753
2023-03-22 08:00:00+00:00,82.37,128.53,129.99,87.05884251034506,127.65329028125855
2023-03-22 09:00:00+00:00,58.35,115.01,114.15,67.54241164410007,114.80096068749047
2023-03-22 10:00:00+00:00,33.29,106.72,97.0,54.87225530498359,105.96502856301265
2023-03-22 11:00:00+00:00,22.93,101.98,90.85,49.12875837725543,99.25367833277659
2023-03-22 12:00:00+00:00,16.99,99.56,90.84,49.31964576849198,95.12354684417102
2023-03-22 13:00:00+00:00,39.43,98.67,96.25,54.084292516755376,93.4002232048142
2023-03-22 14:00:00+00:00,68.41,98.32,102.83,62.983513209422085,93.08183053169823
2023-03-22 15:00:00+00:00,81.12,101.21,116.99,77.27451979241044,96.80404829886024
2023-03-22 16:00:00+00:00,100.62,112.99,150.8,99.10744438895394,111.71024319295323
2023-03-22 17:00:00+00:00,119.25,132.08,182.3,117.75329248278314,131.8355651694922
2023-03-22 18:00:00+00:00,139.85,143.29,199.28,125.0928313916037,144.19631148756082
2023-03-22 19:00:00+00:00,125.31,125.25,168.98,105.99786814828701,125.70977452435419
2023-03-22 20:00:00+00:00,108.41,105.13,147.36,87.42501451855955,106.63884216193355
2023-03-22 21:00:00+00:00,99.9,99.69,139.35,79.49181566151067,100.00806835297143
2023-03-22 22:00:00+00:00,83.29,92.59,127.63,68.61349578175947,90.78388409029995
2023-03-22 23:00:00+00:00,68.05,77.06,117.39,46.29403911869653,74.28878365989262
2023-03-23 00:00:00+00:00,65.89,73.19,107.61,41.34835741696404,69.24506003632813
2023-03-23 01:00:00+00:00,55.29,73.5,103.8,40.57294846724036,69.27569348352829
2023-03-23 02:00:00+00:00,45.94,69.05,100.0,38.52891470837273,66.53958910733948
2023-03-23 03:00:00+00:00,33.17,66.67,98.07,39.75406569248542,66.44307597048532
2023-03-23 04:00:00+00:00,55.78,74.03,103.86,49.92804089433895,75.81096228843198
2023-03-23 05:00:00+00:00,80.64,92.03,130.32,71.54606927083927,98.20046804507353
2023-03-23 06:00:00+00:00,92.22,109.01,142.35,85.36307906295993,114.78145518964476
2023-03-23 07:00:00+00:00,95.0,110.21,138.03,82.91271793322785,115.9343483955434
2023-03-23 08:00:00+00:00,72.8,82.37,117.12,58.38425556755245,92.89259471574707
2023-03-23 09:00:00+00:00,40.74,58.35,103.2,38.30385278011966,74.14443745803803
2023-03-23 10:00:00+00:00,35.68,33.29,91.51,20.605454646121217,55.76130783494368
2023-03-23 11:00:00+00:00,36.52,22.93,85.4,13.94760586204022,46.93241859656609
2023-03-23 12:00:00+00:00,37.19,16.99,78.49,12.896655245794292,40.764165133557874
2023-03-23 13:00:00+00:00,51.28,39.43,80.48,29.308352824236508,54.13792819597303
2023-03-23 14:00:00+00:00,55.28,68.41,84.89,54.4783446775317,73.1344295796466
2023-03-23 15:00:00+00:00,89.9,81.12,95.58,75.14537085128937,82.60828294759978
2023-03-23 16:00:00+00:00,119.45,100.62,119.22,102.66677426596526,100.71386552274531
2023-03-23 17:00:00+00:00,136.86,119.25,131.85,120.58036151146946,118.43789221568879
2023-03-23 18:00:00+00:00,144.38,139.85,129.97,129.24263125430085,135.10512791582534
2023-03-23 19:00:00+00:00,122.12,125.31,110.0,108.4828371979717,119.76934815478174
2023-03-23 20:00:00+00:00,92.65,108.41,98.14,88.12764255416334,103.93241656168735
2023-03-23 21:00:00+00:00,88.85,99.9,86.07,73.99597040985444,94.59294464673872
2023-03-23 22:00:00+00:00,77.35,83.29,80.44,56.05067643233317,79.79130569333165
2023-03-23 23:00:00+00:00,55.12,68.05,48.45,46.98734439495366,68.09452575240164
2023-03-24 00:00:00+00:00,43.8,65.89,49.97,42.172187685606715,65.45540077832007
2023-03-24 01:00:00+00:00,40.67,55.29,50.06,33.90964051925576,58.59655375134403
2023-03-24 02:00:00+00:00,40.18,45.94,59.93,28.069621922280376,53.992909911990125
2023-03-24 03:00:00+00:00,35.07,33.17,62.79,21.12851744057282,47.18623121343018
2023-03-24 04:00:00+00:00,40.19,55.78,81.59,38.2216381910573,68.21619135172133
2023-03-24 05:00:00+00:00,62.44,80.64,105.07,63.01350270293245,95.1403480839437
2023-03-24 06:00:00+00:00,81.23,92.22,112.17,75.25407416443528,108.42332116582477
2023-03-24 07:00:00+00:00,81.23,95.0,104.56,75.6329436556704,110.86757653116369
2023-03-24 08:00:00+00:00,62.36,72.8,90.29,57.256096358530584,92.11597639480804
2023-03-24 09:00:00+00:00,36.95,40.74,84.04,32.40334404068696,66.94419440274689
2023-03-24 10:00:00+00:00,25.28,35.68,79.95,24.020791520763368,60.53127517960227
2023-03-24 11:00:00+00:00,11.47,36.52,75.76,18.154598342540467,57.24610197362538
2023-03-24 12:00:00+00:00,3.99,37.19,74.05,13.203823976426875,53.597988844723375
2023-03-24 13:00:00+00:00,2.07,51.28,88.05,20.862895285285134,63.00680869231946
2023-03-24 14:00:00+00:00,5.84,55.28,99.03,30.553796104763748,67.94302179528115
2023-03-24 15:00:00+00:00,29.59,89.9,109.54,62.08382654328561,92.2424479522165
2023-03-24 16:00:00+00:00,79.53,119.45,126.79,98.77944731026918,117.31889990761321
2023-03-24 17:00:00+00:00,101.02,136.86,134.36,121.96166552714239,134.43214365948072
2023-03-24 18:00:00+00:00,116.23,144.38,134.23,127.81611810433094,143.21473270757946
2023-03-24 19:00:00+00:00,96.92,122.12,126.35,105.85772585133175,124.36117189377765
2023-03-24 20:00:00+00:00,82.5,92.65,109.97,78.26080656444711,99.40361618426833
2023-03-24 21:00:00+00:00,76.2,88.85,107.09,67.8554975312633,94.32142560803811
2023-03-24 22:00:00+00:00,64.9,77.35,102.25,52.428319838706706,82.3788277104757
2023-03-24 23:00:00+00:00,15.3,55.12,106.35,33.62300638456897,64.38538496326838
2023-03-25 00:00:00+00:00,0.97,43.8,98.25,25.10936773283349,52.90701903101875
2023-03-25 01:00:00+00:00,0.11,40.67,96.84,19.82990969327129,47.16741971206054
2023-03-25 02:00:00+00:00,0.08,40.18,95.0,16.973485657770283,43.241580156260795
2023-03-25 03:00:00+00:00,0.29,35.07,96.18,13.200272226694835,36.12509826256748
2023-03-25 04:00:00+00:00,0.1,40.19,99.8,17.42513864354504,38.62544033188877
2023-03-25 05:00:00+00:00,3.53,62.44,103.5,27.467999416128478,53.04525971657453
2023-03-25 06:00:00+00:00,7.72,81.23,105.43,35.698671854227555,65.66574695879079
2023-03-25 07:00:00+00:00,5.93,81.23,100.74,27.24386489502028,65.72830685727047
2023-03-25 08:00:00+00:00,0.06,62.36,102.65,10.127254038878803,52.06024625285767
2023-03-25 09:00:00+00:00,-0.06,36.95,97.0,-7.75322248139868,31.25792089567821
2023-03-25 10:00:00+00:00,-1.18,25.28,91.14,-17.761762393050574,21.85361625900333
2023-03-25 11:00:00+00:00,-3.62,11.47,84.06,-27.63513311098241,10.634500701822915
2023-03-25 12:00:00+00:00,-6.02,3.99,80.42,-32.22219854442294,4.0578795809449275
2023-03-25 13:00:00+00:00,-5.38,2.07,87.52,-27.818308558689907,4.613356955441986
2023-03-25 14:00:00+00:00,-0.87,5.84,92.08,-17.14024235740507,9.954307658224181
2023-03-25 15:00:00+00:00,-0.02,29.59,104.43,9.27036712852545,33.20889366262814
2023-03-25 16:00:00+00:00,23.9,79.53,130.74,48.61122300730999,76.90349286409904
2023-03-25 17:00:00+00:00,60.0,101.02,156.95,72.15210046652815,101.34604941335003
2023-03-25 18:00:00+00:00,77.04,116.23,169.54,83.00199690552324,117.65963265607041
2023-03-25 19:00:00+00:00,60.0,96.92,144.15,64.6695079887739,100.79522194638069
2023-03-25 20:00:00+00:00,41.84,82.5,132.92,50.992118527482496,88.48653511558997
2023-03-25 21:00:00+00:00,38.91,76.2,129.95,46.43839380696376,84.55578271872261
2023-03-25 22:00:00+00:00,33.36,64.9,118.46,36.6074894550336,73.60677150447532
2023-03-25 23:00:00+00:00,39.66,15.3,110.03,17.359351660252344,43.154601593088174
2023-03-26 00:00:00+00:00,39.23,0.97,106.0,9.295365834731427,30.02009604672284
2023-03-26 01:00:00+00:00,40.12,0.11,99.6,8.460642486700806,23.178880969841515
2023-03-26 02:00:00+00:00,40.88,0.08,99.18,13.845337175379825,20.94412549879968
2023-03-26 03:00:00+00:00,41.42,0.29,98.74,19.208274241123533,17.299804211776134
2023-03-26 04:00:00+00:00,63.49,0.1,103.36,25.40159156466609,14.329035730518171
2023-03-26 05:00:00+00:00,73.09,3.53,100.0,34.604496147250856,15.531746413048566
2023-03-26 06:00:00+00:00,77.24,7.72,102.45,43.38128005011918,20.27692689283836
2023-03-26 07:00:00+00:00,79.6,5.93,101.44,42.662040398556094,19.623029492904024
2023-03-26 08:00:00+00:00,78.58,0.06,102.26,37.605177161118604,15.076847950560705
2023-03-26 09:00:00+00:00,76.0,-0.06,100.41,35.86619110195244,13.688387727024974
2023-03-26 10:00:00+00:00,61.89,-1.18,99.18,31.242988286911398,10.999416924949273
2023-03-26 11:00:00+00:00,55.44,-3.62,97.39,23.922431682721893,6.320578039909549
2023-03-26 12:00:00+00:00,50.46,-6.02,94.04,18.778491545567533,3.415353580362307
2023-03-26 13:00:00+00:00,46.02,-5.38,95.01,19.99269029695924,5.5982762934737735
2023-03-26 14:00:00+00:00,48.35,-0.87,98.67,26.7900141881029,12.507419243981218
2023-03-26 15:00:00+00:00,77.09,-0.02,106.09,37.93806987317524,21.59406969155087
2023-03-26 16:00:00+00:00,106.65,23.9,133.17,64.64578207707672,50.545018756798655
2023-03-26 17:00:00+00:00,117.86,60.0,145.0,88.6545195817366,82.18986439473834
2023-03-26 18:00:00+00:00,112.59,77.04,152.91,94.10815245343731,97.04964254867679
2023-03-26 19:00:00+00:00,104.63,60.0,144.71,78.14974146502493,84.01472001314431
2023-03-26 20:00:00+00:00,99.42,41.84,135.27,63.13774575547735,70.66228218948926
2023-03-26 21:00:00+00:00,94.64,38.91,132.9,54.8827658874853,66.41477095856223
2023-03-26 22:00:00+00:00,96.0,33.36,130.0,54.463960572279845,70.90778381724395
2023-03-26 23:00:00+00:00,93.15,39.66,124.0,53.362257182445454,70.11663669588731
2023-03-27 00:00:00+00:00,87.48,39.23,114.94,51.4701470865481,67.66344512682508
2023-03-27 01:00:00+00:00,83.99,40.12,113.06,52.89925781837143,68.28319383445341
2023-03-27 02:00:00+00:00,84.9,40.88,110.18,56.55707619291851,69.88615645076538
2023-03-27 03:00:00+00:00,92.85,41.42,110.25,63.69513645182838,73.04740489287072
2023-03-27 04:00:00+00:00,115.0,63.49,116.4,88.93566494705392,94.64779771643788
2023-03-27 05:00:00+00:00,142.99,73.09,135.77,106.78550628487451,107.96072309878001
2023-03-27 06:00:00+00:00,151.31,77.24,148.43,112.76139259342563,114.71907325451531
2023-03-27 07:00:00+00:00,118.76,79.6,148.51,104.48774884715573,115.80915944462411
2023-03-27 08:00:00+00:00,94.85,78.58,137.56,89.8648825282887,112.47037543123997
2023-03-27 09:00:00+00:00,80.93,76.0,122.75,77.55231383220865,107.6903531276495
2023-03-27 10:00:00+00:00,68.26,61.89,115.79,62.10386435336164,94.79037103711173
2023-03-27 11:00:00+00:00,54.91,55.44,104.59,51.994652396561285,86.09060422057058
2023-03-27 12:00:00+00:00,42.74,50.46,99.96,43.534101382687425,79.04167463048088
2023-03-27 13:00:00+00:00,46.16,46.02,101.73,39.117464568548606,74.29262428529904
2023-03-27 14:00:00+00:00,49.62,48.35,104.74,41.84602108269458,75.03145857235415
2023-03-27 15:00:00+00:00,74.37,77.09,113.83,65.98506708572535,95.91535123650668
2023-03-27 16:00:00+00:00,95.95,106.65,132.84,98.64922083344268,122.11139156089625
2023-03-27 17:00:00+00:00,124.38,117.86,150.96,118.87762325602682,137.35895785617768
2023-03-27 18:00:00+00:00,116.07,112.59,165.47,116.36617129929277,136.05744465130311
2023-03-27 19:00:00+00:00,105.99,104.63,152.36,105.56628786293962,126.83134222139975
2023-03-27 20:00:00+00:00,103.52,99.42,135.49,95.37600191110148,118.69157822355251
2023-03-27 21:00:00+00:00,91.46,94.64,127.5,85.234906583772,111.66388924802688
2023-03-27 22:00:00+00:00,78.68,96.0,117.04,67.83837214593777,100.70861525458501
2023-03-27 23:00:00+00:00,82.3,93.15,120.79,67.64668848435105,98.16096860491135
2023-03-28 00:00:00+00:00,84.67,87.48,112.28,67.24837321062773,92.81780719886812
2023-03-28 01:00:00+00:00,92.83,83.99,111.56,70.76412905667445,90.2400187188084
2023-03-28 02:00:00+00:00,92.5,84.9,108.65,78.28542788302144,90.98032819307977
2023-03-28 03:00:00+00:00,99.44,92.85,110.0,92.15625071752146,98.01664829073
2023-03-28 04:00:00+00:00,130.05,115.0,118.21,120.78366973017847,120.71427458087776
2023-03-28 05:00:00+00:00,159.92,142.99,129.81,148.43359551017681,144.86764576802193
2023-03-28 06:00:00+00:00,159.92,151.31,145.49,155.81192499589466,154.21325823673914
2023-03-28 07:00:00+00:00,127.14,118.76,143.45,128.81837831234935,131.26027476278853
2023-03-28 08:00:00+00:00,104.28,94.85,128.53,104.74995098279895,112.19100054386917
2023-03-28 09:00:00+00:00,94.89,80.93,115.01,89.55114566783502,99.92639827283247
2023-03-28 10:00:00+00:00,94.84,68.26,106.72,76.2972280984213,86.89058255704707
2023-03-28 11:00:00+00:00,92.99,54.91,101.98,65.8487329820932,74.52263911346616
2023-03-28 12:00:00+00:00,91.76,42.74,99.56,59.10706874197921,63.650732808478836
2023-03-28 13:00:00+00:00,94.67,46.16,98.67,65.06727756518504,64.19439837442842
2023-03-28 14:00:00+00:00,96.22,49.62,98.32,75.03928024045314,66.11236103581999
2023-03-28 15:00:00+00:00,108.59,74.37,101.21,103.32557932946071,86.61373980842032
2023-03-28 16:00:00+00:00,136.87,95.95,112.99,130.89188522702446,106.91989408170824
2023-03-28 17:00:00+00:00,160.98,124.38,132.08,154.71185683149116,131.5124089650692
2023-03-28 18:00:00+00:00,161.0,116.07,143.29,144.93767198395875,125.93624514682168
2023-03-28 19:00:00+00:00,133.02,105.99,125.25,128.81710955508225,114.99585649777956
2023-03-28 20:00:00+00:00,127.09,103.52,105.13,116.67201343045461,109.15323448716765
2023-03-28 21:00:00+00:00,110.98,91.46,99.69,100.37270884478038,97.57113207690492
2023-03-28 22:00:00+00:00,97.53,78.68,92.59,77.89642428208143,78.1276594469891
2023-03-28 23:00:00+00:00,95.1,82.3,77.06,74.36272753811633,77.53221148242991
2023-03-29 00:00:00+00:00,97.13,84.67,73.19,73.80183243492706,77.98212982347182
2023-03-29 01:00:00+00:00,98.78,92.83,73.5,79.29505906442311,83.39991949821284
2023-03-29 02:00:00+00:00,98.18,92.5,69.05,81.89199499843356,83.42293808036347
2023-03-29 03:00:00+00:00,99.2,99.44,66.67,91.88021215136366,90.68251473165705
2023-03-29 04:00:00+00:00,117.04,130.05,74.03,121.29294891259357,119.14650626813895
2023-03-29 05:00:00+00:00,144.13,159.92,92.03,148.91505757506457,146.78870269792256
2023-03-29 06:00:00+00:00,152.0,159.92,109.01,154.59984621937352,150.63488343233598
2023-03-29 07:00:00+00:00,144.17,127.14,110.21,134.71778449980937,125.35607385533842
2023-03-29 08:00:00+00:00,130.03,104.28,82.37,118.45808612866654,104.60603469867704
2023-03-29 09:00:00+00:00,119.05,94.89,58.35,107.58991310868203,93.16807339221768
2023-03-29 10:00:00+00:00,110.98,94.84,33.29,98.72408518914575,86.93923958799915
2023-03-29 11:00:00+00:00,105.6,92.99,22.93,90.79486783533596,80.67947953179096
2023-03-29 12:00:00+00:00,101.55,91.76,16.99,85.03882320837081,74.94565926691067
2023-03-29 13:00:00+00:00,104.94,94.67,39.43,89.78741633273583,77.90723315969575
2023-03-29 14:00:00+00:00,106.2,96.22,68.41,97.330009394791,81.22724602047668
2023-03-29 15:00:00+00:00,128.15,108.59,81.12,113.81275986126882,93.7734391948841
2023-03-29 16:00:00+00:00,145.41,136.87,100.62,139.78219612263754,119.20079067123146
2023-03-29 17:00:00+00:00,149.87,160.98,119.25,158.51883437903481,142.70521961385975
2023-03-29 18:00:00+00:00,132.28,161.0,139.85,153.26119678729984,144.71704349288558
2023-03-29 19:00:00+00:00,114.92,133.02,125.31,125.52263078911757,121.67467491426001
2023-03-29 20:00:00+00:00,109.9,127.09,108.41,110.63571923050976,114.11677976211475
2023-03-29 21:00:00+00:00,94.8,110.98,99.9,90.62029056368372,98.87250033083953
2023-03-29 22:00:00+00:00,89.71,97.53,83.29,69.42214269254143,79.81003694517237
2023-03-29 23:00:00+00:00,82.25,95.1,68.05,61.89836010910975,75.3063813960158
2023-03-30 00:00:00+00:00,80.75,97.13,65.89,59.357292894269044,75.9051791205658
2023-03-30 01:00:00+00:00,78.77,98.78,55.29,58.620959091081424,76.6214586874857
2023-03-30 02:00:00+00:00,77.91,98.18,45.94,57.95350041390208,75.82468058247005
2023-03-30 03:00:00+00:00,76.8,99.2,33.17,61.605739726795996,78.21296548024698
2023-03-30 04:00:00+00:00,89.77,117.04,55.78,83.39650778666343,101.10331696757481
2023-03-30 05:00:00+00:00,119.37,144.13,80.64,106.62136116017486,127.97004528922027
2023-03-30 06:00:00+00:00,129.3,152.0,92.22,110.85887201320432,135.62562554644484
2023-03-30 07:00:00+00:00,110.0,144.17,95.0,99.10404355231923,127.32573214968099
2023-03-30 08:00:00+00:00,90.66,130.03,72.8,82.19297038643097,113.11467537961343
2023-03-30 09:00:00+00:00,80.0,119.05,40.74,64.56831548322359,99.95359638374457
2023-03-30 10:00:00+00:00,64.83,110.98,35.68,51.595138736926245,91.81118155977923
2023-03-30 11:00:00+00:00,25.59,105.6,36.52,42.173540364372876,85.75247535014962
2023-03-30 12:00:00+00:00,5.75,101.55,37.19,34.75277488890734,80.59130718617905
2023-03-30 13:00:00+00:00,10.05,104.94,51.28,37.38766253283382,83.35325934433742
2023-03-30 14:00:00+00:00,39.62,106.2,55.28,41.78451220192592,83.89408554936634
2023-03-30 15:00:00+00:00,72.44,128.15,89.9,68.43386677834755,105.16058819768686
2023-03-30 16:00:00+00:00,97.55,145.41,119.45,96.81569580230756,124.81391831120321
2023-03-30 17:00:00+00:00,120.0,149.87,136.86,112.10528924722678,133.92630835504974
2023-03-30 18:00:00+00:00,119.37,132.28,144.38,102.25627179208429,122.49902145330984
2023-03-30 19:00:00+00:00,103.28,114.92,122.12,85.64640056210943,104.96315870403554
2023-03-30 20:00:00+00:00,100.05,109.9,92.65,75.18703066580532,96.02484198950197
2023-03-30 21:00:00+00:00,90.76,94.8,88.85,61.04064955875154,82.13719839539321
2023-03-30 22:00:00+00:00,65.13,89.71,77.35,51.60235080694154,79.25182810304858
2023-03-30 23:00:00+00:00,64.9,82.25,55.12,44.62774233462815,70.38001848146473
2023-03-31 00:00:00+00:00,57.1,80.75,43.8,44.11517380695445,68.01190409261588
2023-03-31 01:00:00+00:00,48.62,78.77,40.67,47.414993751783506,67.07826148435109
2023-03-31 02:00:00+00:00,68.84,77.91,40.18,54.64101920203805,67.82141325183082
2023-03-31 03:00:00+00:00,79.97,76.8,35.07,64.52561651836669,69.26773893750126
2023-03-31 04:00:00+00:00,111.72,89.77,40.19,87.95852835338661,85.95280909694459
2023-03-31 05:00:00+00:00,132.12,119.37,62.44,116.29095810117691,113.41526123307142
2023-03-31 06:00:00+00:00,137.64,129.3,81.23,126.81953511284243,123.58568582161317
2023-03-31 07:00:00+00:00,132.19,110.0,81.23,113.3353640071592,109.09322520568196
2023-03-31 08:00:00+00:00,124.2,90.66,62.36,95.43622711509009,92.06220223223701
2023-03-31 09:00:00+00:00,119.67,80.0,36.95,81.29957723800496,80.12454179860177
2023-03-31 10:00:00+00:00,103.77,64.83,25.28,66.09330125855777,66.26805288143314
2023-03-31 11:00:00+00:00,97.14,25.59,11.47,40.78493956284184,36.895110364032725
2023-03-31 12:00:00+00:00,93.05,5.75,3.99,27.779461223228836,21.456031097101686
2023-03-31 13:00:00+00:00,94.72,10.05,2.07,30.48144903012758,23.804922846026628
2023-03-31 14:00:00+00:00,101.89,39.62,5.84,50.00126121993653,44.136763626625836
2023-03-31 15:00:00+00:00,103.51,72.44,29.59,77.16145979317146,71.85009569087032
2023-03-31 16:00:00+00:00,114.97,97.55,79.53,103.18005548829535,97.97310129377813
2023-03-31 17:00:00+00:00,115.56,120.0,101.02,119.08133398523618,117.91761929356475
2023-03-31 18:00:00+00:00,109.98,119.37,116.23,113.75555027059426,117.49154388522597
2023-03-31 19:00:00+00:00,98.83,103.28,96.92,94.27255421573908,101.48428252415499
2023-03-31 20:00:00+00:00,86.73,100.05,82.5,83.62426746570111,95.86165705382696
2023-03-31 21:00:00+00:00,80.0,90.76,76.2,70.04314450226232,85.79713566227952
2023-03-31 22:00:00+00:00,82.19,65.13,64.9,57.683140315736715,69.04466310809161
2023-03-31 23:00:00+00:00,63.9,64.9,15.3,46.61135538962933,59.47076395490629
2023-04-01 00:00:00+00:00,53.84,57.1,0.97,36.30290220890155,49.61104786605181
2023-04-01 01:00:00+00:00,38.83,48.62,0.11,29.319253026537197,41.40533604998427
2023-04-01 02:00:00+00:00,36.05,68.84,0.08,38.288190202395015,52.23997949953921
2023-04-01 03:00:00+00:00,35.33,79.97,0.29,42.644553999748716,55.9424812972261
2023-04-01 04:00:00+00:00,34.36,111.72,0.1,60.183333378342816,74.98994343633905
2023-04-01 05:00:00+00:00,51.71,132.12,3.53,75.55132914471704,90.30015694247808
2023-04-01 06:00:00+00:00,61.16,137.64,7.72,83.0824203630119,96.01140601399023
2023-04-01 07:00:00+00:00,60.41,132.19,5.93,79.86090500776851,91.67255441182112
2023-04-01 08:00:00+00:00,49.57,124.2,0.06,73.56938640976847,84.61020593561283
2023-04-01 09:00:00+00:00,46.09,119.67,-0.06,69.4279118152347,80.14858652679415
2023-04-01 10:00:00+00:00,40.96,103.77,-1.18,56.92983538723808,66.1423196860417
2023-04-01 11:00:00+00:00,38.62,97.14,-3.62,47.45315593286374,56.34065208899901
2023-04-01 12:00:00+00:00,33.5,93.05,-6.02,40.92022380201594,50.487331298201426
2023-04-01 13:00:00+00:00,36.37,94.72,-5.38,41.123382373643636,52.23260454297799
2023-04-01 14:00:00+00:00,40.57,101.89,-0.87,49.7541077723344,62.70761603227549
2023-04-01 15:00:00+00:00,52.06,103.51,-0.02,56.389445030636836,70.41357788474258
2023-04-01 16:00:00+00:00,84.89,114.97,23.9,71.94268605897358,88.23276470894734
2023-04-01 17:00:00+00:00,90.89,115.56,60.0,79.70715354663437,98.90144299751339
2023-04-01 18:00:00+00:00,84.89,109.98,77.04,75.4572306104245,98.69469362176547
2023-04-01 19:00:00+00:00,75.6,98.83,60.0,62.79760049231056,88.31149140001557
2023-04-01 20:00:00+00:00,79.95,86.73,41.84,51.44824895936108,77.83893455071615
2023-04-01 21:00:00+00:00,66.64,80.0,38.91,43.74228017732993,71.27504362578645
2023-04-01 22:00:00+00:00,69.59,82.19,33.36,48.54256296029579,76.10503760512555
2023-04-01 23:00:00+00:00,60.46,63.9,39.66,38.14593391880745,61.93156293735365
2023-04-02 00:00:00+00:00,58.51,53.84,39.23,32.436789220410134,52.50003215166655
2023-04-02 01:00:00+00:00,60.46,38.83,40.12,25.463969604568916,39.54255627320468
2023-04-02 02:00:00+00:00,58.51,36.05,40.88,26.246960663924455,36.46682222231568
2023-04-02 03:00:00+00:00,60.46,35.33,41.42,27.57049079457444,33.74988415719777
2023-04-02 04:00:00+00:00,58.72,34.36,63.49,31.03193127038891,34.17402884876972
2023-04-02 05:00:00+00:00,70.08,51.71,73.09,43.87745417580276,46.235386246453366
2023-04-02 06:00:00+00:00,75.55,61.16,77.24,50.403881671083965,53.01597054600845
2023-04-02 07:00:00+00:00,66.09,60.41,79.6,48.464151387572194,52.84483512893131
2023-04-02 08:00:00+00:00,51.66,49.57,78.58,41.062375556284806,45.52959382497248
2023-04-02 09:00:00+00:00,50.24,46.09,76.0,37.63144385837187,43.45066428728278
2023-04-02 10:00:00+00:00,42.64,40.96,61.89,28.073582276859895,36.51450769300381
2023-04-02 11:00:00+00:00,26.07,38.62,55.44,19.937118059186773,32.28138453579788
2023-04-02 12:00:00+00:00,14.21,33.5,50.46,13.203900514484317,28.2132780610103
2023-04-02 13:00:00+00:00,14.79,36.37,46.02,16.119047208360215,31.671185918454754
2023-04-02 14:00:00+00:00,31.85,40.57,48.35,24.947918799015653,38.30717387235931
2023-04-02 15:00:00+00:00,41.74,52.06,77.09,46.42445053329766,55.19617548218467
2023-04-02 16:00:00+00:00,100.41,84.89,106.65,82.41899459064061,87.64710837027266
2023-04-02 17:00:00+00:00,130.0,90.89,117.86,95.05559486085687,97.52741982435121
2023-04-02 18:00:00+00:00,131.5,84.89,112.59,89.79646014309532,95.00778431056293
2023-04-02 19:00:00+00:00,120.6,75.6,104.63,81.03632454990165,88.58625133265409
2023-04-02 20:00:00+00:00,112.68,79.95,99.42,82.4158478712593,91.67562668650076
2023-04-02 21:00:00+00:00,109.12,66.64,94.64,72.41840462815853,80.10564923271718
2023-04-02 22:00:00+00:00,108.53,69.59,96.0,80.19153781974136,90.30454772350107
2023-04-02 23:00:00+00:00,107.68,60.46,93.15,75.68032602927494,81.64557140243788
2023-04-03 00:00:00+00:00,108.04,58.51,87.48,76.3645213645921,79.18845428181456
2023-04-03 01:00:00+00:00,103.9,60.46,83.99,80.15154746582701,79.47792119752246
2023-04-03 02:00:00+00:00,100.43,58.51,84.9,83.90527193926366,79.03802288197018
2023-04-03 03:00:00+00:00,110.07,60.46,92.85,92.77500235696624,83.41804657089439
2023-04-03 04:00:00+00:00,139.22,58.72,115.0,106.83562443418681,90.66406160720791
2023-04-03 05:00:00+00:00,167.54,70.08,142.99,123.89833362330592,106.52996450091946
2023-04-03 06:00:00+00:00,163.79,75.55,151.31,125.01040671679922,113.35446990176101
2023-04-03 07:00:00+00:00,128.38,66.09,118.76,103.97345882916315,102.12615364050026
2023-04-03 08:00:00+00:00,103.8,51.66,94.85,80.47168832075663,88.27301920085205
2023-04-03 09:00:00+00:00,88.76,50.24,80.93,67.15674872730948,84.2224491492239
2023-04-03 10:00:00+00:00,80.98,42.64,68.26,54.47939852527407,75.38168461561717
2023-04-03 11:00:00+00:00,74.9,26.07,54.91,41.51437058517849,60.73323879172512
2023-04-03 12:00:00+00:00,71.66,14.21,42.74,33.82297057715512,48.969414385281205
2023-04-03 13:00:00+00:00,78.91,14.79,46.16,39.564140616221444,49.34046151071019
2023-04-03 14:00:00+00:00,82.0,31.85,49.62,56.950506171075276,61.172375767144416
2023-04-03 15:00:00+00:00,100.35,41.74,74.37,79.1367100225371,73.51853729671869
2023-04-03 16:00:00+00:00,133.77,100.41,95.95,129.82232779477798,120.52692443341887
2023-04-03 17:00:00+00:00,158.11,130.0,124.38,158.9562455048341,147.36441682535897
2023-04-03 18:00:00+00:00,156.25,131.5,116.07,157.50002992447781,148.15849369097666
2023-04-03 19:00:00+00:00,142.94,120.6,105.99,145.3572953344961,137.97188228325118
2023-04-03 20:00:00+00:00,132.02,112.68,103.52,137.88274675367597,131.6981047014888
2023-04-03 21:00:00+00:00,113.12,109.12,91.46,131.09383235889473,124.86615617308652
2023-04-03 22:00:00+00:00,110.85,108.53,78.68,117.62305870687783,111.97369910875202
2023-04-03 23:00:00+00:00,110.0,107.68,82.3,117.84691767313457,110.21205437237379
2023-04-04 00:00:00+00:00,113.68,108.04,84.67,120.28165524119296,110.31056450481773
2023-04-04 01:00:00+00:00,115.42,103.9,92.83,123.21053866506837,109.09514187192829
2023-04-04 02:00:00+00:00,116.64,100.43,92.5,126.67391478129066,107.69539274035283
2023-04-04 03:00:00+00:00,121.91,110.07,99.44,139.81553162067033,117.28681553430549
2023-04-04 04:00:00+00:00,145.35,139.22,130.05,170.6981345199037,145.82074358655035
2023-04-04 05:00:00+00:00,180.38,167.54,159.92,196.67811673942526,172.99227537588442
2023-04-04 06:00:00+00:00,178.53,163.79,159.92,190.68168975358145,172.35100814074667
2023-04-04 07:00:00+00:00,147.63,128.38,127.14,155.30971072311974,142.55098458734454
2023-04-04 08:00:00+00:00,118.43,103.8,104.28,129.031651937513,121.28721677865539
2023-04-04 09:00:00+00:00,112.02,88.76,94.89,112.97696962864495,108.54776407170303
2023-04-04 10:00:00+00:00,108.86,80.98,94.84,102.41860820540286,100.40479062322967
2023-04-04 11:00:00+00:00,108.12,74.9,92.99,94.19606005240217,92.14159134747322
2023-04-04 12:00:00+00:00,107.31,71.66,91.76,89.60293857662062,85.33454007411825
2023-04-04 13:00:00+00:00,108.71,78.91,94.67,95.62861757993096,87.86703100341283
2023-04-04 14:00:00+00:00,112.73,82.0,96.22,104.09071057266549,89.69621735006776
2023-04-04 15:00:00+00:00,122.0,100.35,108.59,126.7758147458677,104.62399812763155
2023-04-04 16:00:00+00:00,147.1,133.77,136.87,163.42116745209697,136.81811674119461
2023-04-04 17:00:00+00:00,180.0,158.11,160.98,187.70501757017303,160.76968675634092
2023-04-04 18:00:00+00:00,177.32,156.25,161.0,184.21944704373755,160.3511325736344
2023-04-04 19:00:00+00:00,155.56,142.94,133.02,167.48017700405256,146.04546133844246
2023-04-04 20:00:00+00:00,141.19,132.02,127.09,155.90126934831994,136.26787110031609
2023-04-04 21:00:00+00:00,129.93,113.12,110.98,138.6646333511649,119.0829365105181
2023-04-04 22:00:00+00:00,127.51,110.85,97.53,122.41988356827599,102.96584871126052
2023-04-04 23:00:00+00:00,118.26,110.0,95.1,120.59514920590722,101.19749796324703
2023-04-05 00:00:00+00:00,119.61,113.68,97.13,123.56817082713073,103.73182501573541
2023-04-05 01:00:00+00:00,118.25,115.42,98.78,127.14878656845876,105.0458949243282
2023-04-05 02:00:00+00:00,124.99,116.64,98.18,131.3063470129687,106.12104479745756
2023-04-05 03:00:00+00:00,134.46,121.91,99.2,141.07612568603292,112.65448556424991
2023-04-05 04:00:00+00:00,165.82,145.35,117.04,167.7649875436173,137.83084529905
2023-04-05 05:00:00+00:00,207.92,180.38,144.13,195.69703046646077,170.06494146181058
2023-04-05 06:00:00+00:00,179.74,178.53,152.0,187.64118693441526,170.65049620800653
2023-04-05 07:00:00+00:00,142.16,147.63,144.17,153.28680507337447,144.9609206275185
2023-04-05 08:00:00+00:00,119.6,118.43,130.03,123.15062272335948,120.80577475490774
2023-04-05 09:00:00+00:00,115.0,112.02,119.05,111.21371805114127,112.37659987757195
2023-04-05 10:00:00+00:00,113.59,108.86,110.98,106.00554869107644,106.34567106203117
2023-04-05 11:00:00+00:00,113.84,108.12,105.6,103.67093796274852,101.97542350656676
2023-04-05 12:00:00+00:00,113.81,107.31,101.55,103.27328522346315,97.61592331772853
2023-04-05 13:00:00+00:00,113.59,108.71,104.94,108.14971831738087,97.58677423458684
2023-04-05 14:00:00+00:00,116.3,112.73,106.2,116.82071059252856,99.51010901935231
2023-04-05 15:00:00+00:00,135.61,122.0,128.15,136.72338906410738,111.5780372234038
2023-04-05 16:00:00+00:00,156.52,147.1,145.41,164.9931191466817,135.20261500023636
2023-04-05 17:00:00+00:00,199.56,180.0,149.87,191.18638468746263,162.5166024293569
2023-04-05 18:00:00+00:00,191.68,177.32,132.28,185.71895224741485,159.24507763854268
2023-04-05 19:00:00+00:00,164.98,155.56,114.92,165.94944467426842,140.5797240306068
2023-04-05 20:00:00+00:00,151.39,141.19,109.9,151.32857322547125,128.13386640982327
2023-04-05 21:00:00+00:00,139.13,129.93,94.8,136.05850381826193,114.92324410931896
2023-04-05 22:00:00+00:00,135.54,127.51,89.71,124.28634188069407,106.8811966473774
2023-04-05 23:00:00+00:00,124.12,118.26,82.25,115.76247057459068,98.78808298361015
2023-04-06 00:00:00+00:00,120.0,119.61,80.75,115.44652063978707,99.40516393489531
2023-04-06 01:00:00+00:00,115.33,118.25,78.77,115.98638926863207,98.72543944609573
2023-04-06 02:00:00+00:00,114.85,124.99,77.91,122.0178034956038,103.72490870908283
2023-04-06 03:00:00+00:00,124.91,134.46,76.8,132.65308167878783,112.6270525263407
2023-04-06 04:00:00+00:00,142.51,165.82,89.77,161.37742147445078,142.06873633826265
2023-04-06 05:00:00+00:00,161.63,207.92,119.37,192.26294632944098,180.35678262614613
2023-04-06 06:00:00+00:00,155.96,179.74,129.3,167.83997420490766,163.3311543801069
2023-04-06 07:00:00+00:00,129.45,142.16,110.0,128.9804298628814,132.233454267423
2023-04-06 08:00:00+00:00,114.63,119.6,90.66,101.5803572398909,111.80204436747407
2023-04-06 09:00:00+00:00,105.1,115.0,80.0,88.18229010637654,105.54756317887455
2023-04-06 10:00:00+00:00,104.02,113.59,64.83,81.97980949306836,100.79349911468442
2023-04-06 11:00:00+00:00,103.1,113.84,25.59,77.98353613770259,94.1419190845952
2023-04-06 12:00:00+00:00,106.01,113.81,5.75,78.37734206558838,89.13259817122231
2023-04-06 13:00:00+00:00,108.13,113.59,10.05,83.44123803247942,87.83758897473344
2023-04-06 14:00:00+00:00,109.87,116.3,39.62,96.43819724385257,92.8490119940924
2023-04-06 15:00:00+00:00,121.16,135.61,72.44,122.58545840447442,112.2234678825057
2023-04-06 16:00:00+00:00,140.0,156.52,97.55,147.6514747517512,133.24310331531265
2023-04-06 17:00:00+00:00,150.0,199.56,120.0,177.32425933292797,169.8623944953003
2023-04-06 18:00:00+00:00,144.08,191.68,119.37,166.28980534630756,165.30759873559958
2023-04-06 19:00:00+00:00,129.43,164.98,103.28,139.8662771026658,142.87129085531282
2023-04-06 20:00:00+00:00,115.38,151.39,100.05,124.41892045634768,131.034956384124
2023-04-06 21:00:00+00:00,107.62,139.13,90.76,110.46684831619469,118.59989512692607
2023-04-06 22:00:00+00:00,100.31,135.54,65.13,97.35559067580012,109.3353864851537
2023-04-06 23:00:00+00:00,98.73,124.12,64.9,91.14965901330461,99.78705913516472
2023-04-07 00:00:00+00:00,100.07,120.0,57.1,90.49187021688036,95.87351718539107
2023-04-07 01:00:00+00:00,101.79,115.33,48.62,89.85839227414905,91.40630385933216
2023-04-07 02:00:00+00:00,103.15,114.85,68.84,95.09557112286942,93.80546249894006
2023-04-07 03:00:00+00:00,106.95,124.91,79.97,104.26373695353297,101.76359861753706
2023-04-07 04:00:00+00:00,102.94,142.51,111.72,120.05939554727414,118.32397705898443
2023-04-07 05:00:00+00:00,106.66,161.63,132.12,135.05577451794943,136.4353258291205
2023-04-07 06:00:00+00:00,110.74,155.96,137.64,129.9557037105661,132.22856588217525
2023-04-07 07:00:00+00:00,103.95,129.45,132.19,110.17782032333045,112.17261092911995
2023-04-07 08:00:00+00:00,101.76,114.63,124.2,96.04259304563287,100.21232854057584
2023-04-07 09:00:00+00:00,100.9,105.1,119.67,86.96436630741385,93.20088059585223
2023-04-07 10:00:00+00:00,91.96,104.02,103.77,80.93168031891335,88.97127818933433
2023-04-07 11:00:00+00:00,86.77,103.1,97.14,77.03650561529075,84.89425028876289
2023-04-07 12:00:00+00:00,85.0,106.01,93.05,77.42755771406266,83.9215243655108
2023-04-07 13:00:00+00:00,92.12,108.13,94.72,82.03228582095015,84.89765851222936
2023-04-07 14:00:00+00:00,100.81,109.87,101.89,89.9180862545075,87.23895989549901
2023-04-07 15:00:00+00:00,107.74,121.16,103.51,106.40614122094641,98.62754704697598
2023-04-07 16:00:00+00:00,127.78,140.0,114.97,127.45901619543747,116.56000443903146
2023-04-07 17:00:00+00:00,138.55,150.0,115.56,138.20588800250883,128.41466238592318
2023-04-07 18:00:00+00:00,135.07,144.08,109.98,131.32603796965049,124.02133503676892
2023-04-07 19:00:00+00:00,135.0,129.43,98.83,118.16133050933003,111.29095592951833
2023-04-07 20:00:00+00:00,136.6,115.38,86.73,107.13360707935279,99.8332630508087
2023-04-07 21:00:00+00:00,131.78,107.62,80.0,99.85867356792241,92.20226799775729
2023-04-07 22:00:00+00:00,123.85,100.31,82.19,98.48706368076641,89.40071522295285
2023-04-07 23:00:00+00:00,113.74,98.73,63.9,94.20217241206626,83.18021044500955
2023-04-08 00:00:00+00:00,114.26,100.07,53.84,93.10386650582079,80.29707852371058
2023-04-08 01:00:00+00:00,110.75,101.79,38.83,92.27698267732461,76.72062680917726
2023-04-08 02:00:00+00:00,110.78,103.15,36.05,93.33745766873945,74.65945076329746
2023-04-08 03:00:00+00:00,112.16,106.95,35.33,95.96893347680808,74.77076255280582
2023-04-08 04:00:00+00:00,114.74,102.94,34.36,95.00771931826944,70.37906256383289
2023-04-08 05:00:00+00:00,129.35,106.66,51.71,99.81217296973293,74.37440942329545
2023-04-08 06:00:00+00:00,133.2,110.74,61.16,102.61260227962146,77.9163360008888
2023-04-08 07:00:00+00:00,129.35,103.95,60.41,95.65304999651065,71.39881856311865
2023-04-08 08:00:00+00:00,114.74,101.76,49.57,89.49424428526581,67.40414250280573
2023-04-08 09:00:00+00:00,106.95,100.9,46.09,85.36621655803867,65.53325539969853
2023-04-08 10:00:00+00:00,101.84,91.96,40.96,76.11924932821476,57.291517386120766
2023-04-08 11:00:00+00:00,99.0,86.77,38.62,71.12680526107307,52.47593290851478
2023-04-08 12:00:00+00:00,95.36,85.0,33.5,70.29450106657664,51.0891757742592
2023-04-08 13:00:00+00:00,94.4,92.12,36.37,78.06534522284662,58.04978834691949
2023-04-08 14:00:00+00:00,98.12,100.81,40.57,89.61149062841105,67.55281086617244
2023-04-08 15:00:00+00:00,107.0,107.74,52.06,104.27659416411012,79.28733804131852
2023-04-08 16:00:00+00:00,121.9,127.78,84.89,128.76900955096238,102.78422251104288
2023-04-08 17:00:00+00:00,135.01,138.55,90.89,140.3616908324039,115.30644920928606
2023-04-08 18:00:00+00:00,139.77,135.07,84.89,135.23154089599043,113.78626232426377
2023-04-08 19:00:00+00:00,137.31,135.0,75.6,130.32467496128447,112.83309651714106
2023-04-08 20:00:00+00:00,134.9,136.6,79.95,129.17954108455262,114.38619514519166
2023-04-08 21:00:00+00:00,126.98,131.78,66.64,121.42483627544249,107.69533553506363
2023-04-08 22:00:00+00:00,127.99,123.85,69.59,122.51028257109286,107.97506231055529
2023-04-08 23:00:00+00:00,117.86,113.74,60.46,113.5596416352543,97.3103284996998
2023-04-09 00:00:00+00:00,119.83,114.26,58.51,111.66223147234001,94.54039876297004
2023-04-09 01:00:00+00:00,117.99,110.75,60.46,109.51603981884985,89.74960469025322
2023-04-09 02:00:00+00:00,118.24,110.78,58.51,109.07577374870728,86.5160446308044
2023-04-09 03:00:00+00:00,117.86,112.16,60.46,109.0729444929289,83.88435521054038
2023-04-09 04:00:00+00:00,120.0,114.74,58.72,106.94187398624416,79.46677173925713
2023-04-09 05:00:00+00:00,118.9,129.35,70.08,113.4825107415006,87.95913052492152
2023-04-09 06:00:00+00:00,122.98,133.2,75.55,110.1433661742145,91.18962097709371
2023-04-09 07:00:00+00:00,112.21,129.35,66.09,96.92897238692854,87.0537286571752
2023-04-09 08:00:00+00:00,100.0,114.74,51.66,76.63675228903537,74.9531027301632
2023-04-09 09:00:00+00:00,87.0,106.95,50.24,67.51940291852884,69.69837333031705
2023-04-09 10:00:00+00:00,81.96,101.84,42.64,61.45686784585986,63.45827074553781
2023-04-09 11:00:00+00:00,60.01,99.0,26.07,56.6600751830815,57.21171540213545
2023-04-09 12:00:00+00:00,55.0,95.36,14.21,54.60151026400125,52.30213339784012
2023-04-09 13:00:00+00:00,56.0,94.4,14.79,59.25535664930012,53.73598849436785
2023-04-09 14:00:00+00:00,74.0,98.12,31.85,72.78274869639827,62.23718021416805
2023-04-09 15:00:00+00:00,86.35,107.0,41.74,92.64352395221178,75.13391431022285
2023-04-09 16:00:00+00:00,115.2,121.9,100.41,123.6013176082744,99.73252974428614
2023-04-09 17:00:00+00:00,129.97,135.01,130.0,142.59486072880418,117.6983768505275
2023-04-09 18:00:00+00:00,133.46,139.77,131.5,144.02282872616294,124.5461851853323
2023-04-09 19:00:00+00:00,126.39,137.31,120.6,136.9908507311376,123.7777076657148
2023-04-09 20:00:00+00:00,115.0,134.9,112.68,131.10889157749915,123.25872615393294
2023-04-09 21:00:00+00:00,106.94,126.98,109.12,120.22765022778191,116.17599496234148
2023-04-09 22:00:00+00:00,98.21,127.99,108.53,116.64526108451474,123.6369710378904
2023-04-09 23:00:00+00:00,81.85,117.86,107.68,108.57403088773953,115.12761768192125
2023-04-10 00:00:00+00:00,78.14,119.83,108.04,108.54288952114976,116.15904213714641
2023-04-10 01:00:00+00:00,71.9,117.99,103.9,106.96104555611338,113.9502812586242
2023-04-10 02:00:00+00:00,70.0,118.24,100.43,107.56457695572742,113.60806305540201
2023-04-10 03:00:00+00:00,72.96,117.86,110.07,109.53002762786691,114.28507787308169
2023-04-10 04:00:00+00:00,80.0,120.0,139.22,114.01429097600082,118.42161095268547
2023-04-10 05:00:00+00:00,77.61,118.9,167.54,113.75755015393017,121.93990122719939
2023-04-10 06:00:00+00:00,69.43,122.98,163.79,105.06347529261959,125.71349702412212
2023-04-10 07:00:00+00:00,54.88,112.21,128.38,83.90954020101222,114.87206258965305
2023-04-10 08:00:00+00:00,22.07,100.0,103.8,65.08981857966259,102.98013546919853
2023-04-10 09:00:00+00:00,0.2,87.0,88.76,47.440961354382026,91.8065290430397
2023-04-10 10:00:00+00:00,-1.01,81.96,80.98,36.65605353341787,85.89565157712771
2023-04-10 11:00:00+00:00,-8.82,60.01,74.9,22.929391990884582,68.18076626707256
2023-04-10 12:00:00+00:00,-7.77,55.0,71.66,20.190447026479504,62.7765784159701
2023-04-10 13:00:00+00:00,-4.07,56.0,78.91,24.25440745996194,63.645014313658734
2023-04-10 14:00:00+00:00,-0.07,74.0,82.0,41.642273273846136,77.07139582684326
2023-04-10 15:00:00+00:00,19.49,86.35,100.35,64.55136063671418,91.33854226487759
2023-04-10 16:00:00+00:00,44.58,115.2,133.77,97.21729930478648,119.22666062451174
2023-04-10 17:00:00+00:00,65.54,129.97,158.11,111.17829361255558,136.0228869696009
2023-04-10 18:00:00+00:00,40.84,133.46,156.25,106.42100171881916,140.07913704388568
2023-04-10 19:00:00+00:00,21.81,126.39,142.94,94.03871208609762,134.2905327805522
2023-04-10 20:00:00+00:00,11.52,115.0,132.02,81.58935739057212,125.32873408892172
2023-04-10 21:00:00+00:00,0.1,106.94,113.12,69.39497028975134,115.89163678925033
2023-04-10 22:00:00+00:00,1.45,98.21,110.85,61.55046783739729,105.37125783478601
2023-04-10 23:00:00+00:00,0.99,81.85,110.0,53.95239389281584,92.91707822481658
2023-04-11 00:00:00+00:00,0.72,78.14,113.68,54.946709084262054,91.02933628232107
2023-04-11 01:00:00+00:00,1.09,71.9,115.42,55.59235531694804,87.59521609888851
2023-04-11 02:00:00+00:00,6.1,70.0,116.64,60.041662123392555,88.03261454590593
2023-04-11 03:00:00+00:00,34.02,72.96,121.91,69.19854605898621,93.19856411983397
2023-04-11 04:00:00+00:00,93.8,80.0,145.35,87.76264171750611,106.56478856632424
2023-04-11 05:00:00+00:00,105.63,77.61,180.38,98.51588677809593,112.91342026375249
2023-04-11 06:00:00+00:00,108.26,69.43,178.53,94.23693743334177,108.81210768084732
2023-04-11 07:00:00+00:00,93.8,54.88,147.63,74.71462682741864,93.64913379975347
2023-04-11 08:00:00+00:00,54.25,22.07,118.43,44.40854061096767,66.93160592843374
2023-04-11 09:00:00+00:00,9.03,0.2,112.02,23.883762616978757,50.70428559302607
2023-04-11 10:00:00+00:00,0.07,-1.01,108.86,16.296565116506613,48.61056520821853
2023-04-11 11:00:00+00:00,-0.1,-8.82,108.12,5.903685296275668,40.618130550425555
2023-04-11 12:00:00+00:00,-0.09,-7.77,107.31,2.422842762730127,39.45889635170595
2023-04-11 13:00:00+00:00,-0.01,-4.07,108.71,6.5986242815649945,41.70290243210051
2023-04-11 14:00:00+00:00,6.61,-0.07,112.73,17.62596806301171,46.27606121294134
2023-04-11 15:00:00+00:00,82.2,19.49,122.0,47.87799348912204,64.09497180107215
2023-04-11 16:00:00+00:00,130.8,44.58,147.1,89.64206021356456,88.7811448316395
2023-04-11 17:00:00+00:00,162.46,65.54,180.0,125.46031930839509,110.14398731219018
2023-04-11 18:00:00+00:00,165.38,40.84,177.32,117.60681749575815,93.58437493764
2023-04-11 19:00:00+00:00,141.39,21.81,155.56,102.1658194863602,76.14465498786895
2023-04-11 20:00:00+00:00,130.8,11.52,141.19,89.27445409433213,65.12132356073715
2023-04-11 21:00:00+00:00,111.0,0.1,129.93,73.48619591083646,53.21276904603821
2023-04-11 22:00:00+00:00,97.6,1.45,127.51,54.29341943673898,40.64972234014218
2023-04-11 23:00:00+00:00,86.23,0.99,118.26,45.18418966236331,36.47819607034315
2023-04-12 00:00:00+00:00,80.63,0.72,119.61,40.94934361965975,35.99437557335058
2023-04-12 01:00:00+00:00,78.71,1.09,118.25,39.12345077366425,36.003662548560115
2023-04-12 02:00:00+00:00,80.2,6.1,124.99,43.064144207005775,41.21908904362892
2023-04-12 03:00:00+00:00,85.8,34.02,134.46,62.415491312761546,64.14037754736003
2023-04-12 04:00:00+00:00,108.22,93.8,165.82,105.59434193031194,114.81284576341388
2023-04-12 05:00:00+00:00,124.87,105.63,207.92,120.70064500778521,132.31960884932698
2023-04-12 06:00:00+00:00,136.41,108.26,179.74,118.07910679673878,131.77918637756358
2023-04-12 07:00:00+00:00,131.99,93.8,142.16,103.23115664741363,115.66591364226358
2023-04-12 08:00:00+00:00,120.0,54.25,119.6,77.26697208145879,83.23309108939922
2023-04-12 09:00:00+00:00,111.56,9.03,115.0,49.82086644940247,49.3524648322097
2023-04-12 10:00:00+00:00,100.72,0.07,113.59,42.61737552452038,40.95249092991083
2023-04-12 11:00:00+00:00,97.36,-0.1,113.84,41.25448749283428,37.791738197782045
2023-04-12 12:00:00+00:00,97.62,-0.09,113.81,41.224539639703586,35.45759328652605
2023-04-12 13:00:00+00:00,97.07,-0.01,113.59,44.46278597375031,34.457131972540026
2023-04-12 14:00:00+00:00,100.34,6.61,116.3,52.01299171826811,38.71272706692455
2023-04-12 15:00:00+00:00,109.92,82.2,135.61,102.19674738148413,95.22430508763517
2023-04-12 16:00:00+00:00,134.66,130.8,156.52,139.52662106089394,135.26424547022646
2023-04-12 17:00:00+00:00,145.0,162.46,199.56,167.85091417152483,166.82302904397443
2023-04-12 18:00:00+00:00,129.7,165.38,191.68,165.77771313657507,167.1858151474507
2023-04-12 19:00:00+00:00,122.76,141.39,164.98,142.32893994064136,145.49970621419774
2023-04-12 20:00:00+00:00,109.3,130.8,151.39,125.60479883291144,134.2151182406608
2023-04-12 21:00:00+00:00,97.95,111.0,139.13,102.78348105837158,115.64104290518216
2023-04-12 22:00:00+00:00,97.23,97.6,135.54,90.29727185362913,98.85867299606203
2023-04-12 23:00:00+00:00,85.09,86.23,124.12,76.15483506313163,87.91051869763821
2023-04-13 00:00:00+00:00,79.33,80.63,120.0,67.96935668010326,82.23523722511248
2023-04-13 01:00:00+00:00,72.86,78.71,115.33,65.12810657497096,79.74511076439619
2023-04-13 02:00:00+00:00,71.27,80.2,114.85,66.0882698224608,80.80560707108484
2023-04-13 03:00:00+00:00,82.5,85.8,124.91,75.61893821240267,89.92993718864027
2023-04-13 04:00:00+00:00,102.06,108.22,142.51,101.88313268082835,117.18382714171429
2023-04-13 05:00:00+00:00,115.04,124.87,161.63,118.53062914148481,134.26846112303627
2023-04-13 06:00:00+00:00,118.96,136.41,155.96,124.3592356905461,142.83693354593214
2023-04-13 07:00:00+00:00,102.81,131.99,129.45,113.97449774431848,135.57046679430363
2023-04-13 08:00:00+00:00,85.98,120.0,114.63,98.91893251464316,122.33878959772773
2023-04-13 09:00:00+00:00,89.22,111.56,105.1,90.02142132658997,110.92983947895083
2023-04-13 10:00:00+00:00,90.12,100.72,104.02,84.67815401638548,100.73152406923722
2023-04-13 11:00:00+00:00,93.77,97.36,103.1,82.15960157616598,94.66737792951162
2023-04-13 12:00:00+00:00,92.48,97.62,106.01,82.31330975431689,91.26653771265265
2023-04-13 13:00:00+00:00,105.02,97.07,108.13,83.73847621618907,87.64959819390408
2023-04-13 14:00:00+00:00,93.23,100.34,109.87,87.51613598433892,85.79155492345951
2023-04-13 15:00:00+00:00,110.14,109.92,121.16,107.5241345045223,99.5809120744637
2023-04-13 16:00:00+00:00,129.86,134.66,140.0,137.08189160437666,123.45246523408697
2023-04-13 17:00:00+00:00,171.44,145.0,150.0,154.22396724714378,135.27612622879255
2023-04-13 18:00:00+00:00,180.93,129.7,144.08,145.34252766361178,124.18082541487108
2023-04-13 19:00:00+00:00,160.59,122.76,129.43,133.90837767624012,114.57948275599115
2023-04-13 20:00:00+00:00,139.28,109.3,115.38,118.7902947803581,101.23105492566427
2023-04-13 21:00:00+00:00,132.72,97.95,107.62,105.64043903807023,89.2616738639595
2023-04-13 22:00:00+00:00,118.09,97.23,100.31,103.42229159352333,89.93169892245244
2023-04-13 23:00:00+00:00,112.8,85.09,98.73,95.97166463096214,79.902091388562
2023-04-14 00:00:00+00:00,116.54,79.33,100.07,93.53857297080103,75.62875089158017
2023-04-14 01:00:00+00:00,112.8,72.86,101.79,92.96576829767945,71.88714259910505
2023-04-14 02:00:00+00:00,113.14,71.27,103.15,96.49759417934054,72.19854182025058
2023-04-14 03:00:00+00:00,127.4,82.5,106.95,109.50602138244234,82.94185605725535
2023-04-14 04:00:00+00:00,144.74,102.06,102.94,131.0526603052897,102.3831922025243
2023-04-14 05:00:00+00:00,171.76,115.04,106.66,145.11463876522183,116.68537946211836
2023-04-14 06:00:00+00:00,176.11,118.96,110.74,145.7820066898035,121.99052881539217
2023-04-14 07:00:00+00:00,150.88,102.81,103.95,129.30970065778592,109.32933250310165
2023-04-14 08:00:00+00:00,129.86,85.98,101.76,114.3938375298524,96.89175216884193
2023-04-14 09:00:00+00:00,118.66,89.22,100.9,111.65689026019609,97.68606534687841
2023-04-14 10:00:00+00:00,107.54,90.12,91.96,105.42132203776595,94.11439840974155
2023-04-14 11:00:00+00:00,105.8,93.77,86.77,102.03829692102903,92.82371733424286
2023-04-14 12:00:00+00:00,106.22,92.48,85.0,97.35180330668588,88.92389677390845
2023-04-14 13:00:00+00:00,109.3,105.02,92.12,104.33974464516288,96.59844615211664
2023-04-14 14:00:00+00:00,105.24,93.23,100.81,101.95854294974292,89.15704349096269
2023-04-14 15:00:00+00:00,116.54,110.14,107.74,118.7883850323831,103.10114237760652
2023-04-14 16:00:00+00:00,138.16,129.86,127.78,140.0794766450909,122.01172768287998
2023-04-14 17:00:00+00:00,151.69,171.44,138.55,169.96826177420263,154.60350925017337
2023-04-14 18:00:00+00:00,152.21,180.93,135.07,172.4385440188496,160.41563791150176
2023-04-14 19:00:00+00:00,151.0,160.59,135.0,155.3347497712351,145.35028055093812
2023-04-14 20:00:00+00:00,134.33,139.28,136.6,137.48416668860568,128.76170015593738
2023-04-14 21:00:00+00:00,120.29,132.72,131.78,127.07756361507855,120.63693175117172
2023-04-14 22:00:00+00:00,123.9,118.09,123.85,113.86083519079287,106.4551793576253
2023-04-14 23:00:00+00:00,112.0,112.8,113.74,106.1864332862287,97.903823540303
2023-04-15 00:00:00+00:00,114.38,116.54,114.26,104.99449783913721,96.83542238001586
2023-04-15 01:00:00+00:00,108.0,112.8,110.75,100.00297612012517,90.08338056124994
2023-04-15 02:00:00+00:00,105.14,113.14,110.78,98.00245517500596,86.90159653725797
2023-04-15 03:00:00+00:00,103.55,127.4,112.16,103.87830941167124,93.9783129216264
2023-04-15 04:00:00+00:00,105.56,144.74,114.74,112.3709341692855,104.32222587365415
2023-04-15 05:00:00+00:00,104.85,171.76,129.35,127.29037170029366,123.89330538325001
2023-04-15 06:00:00+00:00,106.21,176.11,133.2,128.80766906556016,128.21555802101378
2023-04-15 07:00:00+00:00,101.83,150.88,129.35,111.00119991962623,109.69651255052206
2023-04-15 08:00:00+00:00,97.96,129.86,114.74,93.34016976305486,92.1134330555933
2023-04-15 09:00:00+00:00,93.95,118.66,106.95,84.92429552673758,83.34294376499305
2023-04-15 10:00:00+00:00,88.55,107.54,101.84,76.32480732601701,73.85984557029049
2023-04-15 11:00:00+00:00,83.63,105.8,99.0,73.98879455990138,71.55430514746381
2023-04-15 12:00:00+00:00,82.17,106.22,95.36,73.5130841215324,70.83936899485005
2023-04-15 13:00:00+00:00,84.9,109.3,94.4,78.02624879104313,74.87651332651933
2023-04-15 14:00:00+00:00,92.97,105.24,98.12,81.04326225908025,74.51826716364448
2023-04-15 15:00:00+00:00,98.81,116.54,107.0,96.33602665470733,88.94839739788904
2023-04-15 16:00:00+00:00,112.66,138.16,121.9,117.54498849742953,111.28900020433439
2023-04-15 17:00:00+00:00,132.79,151.69,135.01,131.746241260114,128.6301333941607
2023-04-15 18:00:00+00:00,134.51,152.21,139.77,131.50238930779733,131.65905715711122
2023-04-15 19:00:00+00:00,127.8,151.0,137.31,128.15267530726035,129.76235960840418
2023-04-15 20:00:00+00:00,127.71,134.33,134.9,117.8480886801232,117.26589530365385
2023-04-15 21:00:00+00:00,119.3,120.29,126.98,107.18573472554668,105.09602229541218
2023-04-15 22:00:00+00:00,111.55,123.9,127.99,109.75402354573838,112.22104934803757
2023-04-15 23:00:00+00:00,103.49,112.0,117.86,99.40923563987207,99.39400061344534
2023-04-16 00:00:00+00:00,102.68,114.38,119.83,99.58671817265835,98.68599617303022
2023-04-16 01:00:00+00:00,101.09,108.0,117.99,95.73377611783751,91.39021206750219
2023-04-16 02:00:00+00:00,102.63,105.14,118.24,94.32826112062213,86.67142801083568
2023-04-16 03:00:00+00:00,103.5,103.55,117.86,94.38875927701164,83.49055577457369
2023-04-16 04:00:00+00:00,103.5,105.56,120.0,95.96712045524349,82.43257607932739
2023-04-16 05:00:00+00:00,103.37,104.85,118.9,97.44311323840977,81.55680982698053
2023-04-16 06:00:00+00:00,110.43,106.21,122.98,100.60955922258006,83.05625875867912
2023-04-16 07:00:00+00:00,114.68,101.83,112.21,96.72362382670302,77.50249651168214
2023-04-16 08:00:00+00:00,111.04,97.96,100.0,91.75208561458243,72.23412180866677
2023-04-16 09:00:00+00:00,107.83,93.95,87.0,86.85155466911834,67.8236456317788
2023-04-16 10:00:00+00:00,104.05,88.55,81.96,79.30066986433543,61.68309119750206
2023-04-16 11:00:00+00:00,98.16,83.63,60.01,70.99898519113829,54.457950369486966
2023-04-16 12:00:00+00:00,94.71,82.17,55.0,68.52469146892946,53.02411883101688
2023-04-16 13:00:00+00:00,94.26,84.9,56.0,71.43281268947551,56.818200333262155
2023-04-16 14:00:00+00:00,96.04,92.97,74.0,82.47405373013552,67.34679813671241
2023-04-16 15:00:00+00:00,100.97,98.81,86.35,95.47021410507375,78.60569998381716
2023-04-16 16:00:00+00:00,115.21,112.66,115.2,116.81067118276204,98.72030005981217
2023-04-16 17:00:00+00:00,132.88,132.79,129.97,135.25756363042325,119.14584160137595
2023-04-16 18:00:00+00:00,140.0,134.51,133.46,137.0298791569296,123.87336738427712
2023-04-16 19:00:00+00:00,135.0,127.8,126.39,130.3758317512101,120.0848269824737
2023-04-16 20:00:00+00:00,129.97,127.71,115.0,128.32531289699543,119.68219861176557
2023-04-16 21:00:00+00:00,125.35,119.3,106.94,118.95897816367625,110.88794083862012
2023-04-16 22:00:00+00:00,114.75,111.55,98.21,123.15828719806554,115.76877072393117
2023-04-16 23:00:00+00:00,111.14,103.49,81.85,115.079162923246,106.69833953958751
2023-04-17 00:00:00+00:00,108.96,102.68,78.14,114.34365536320537,105.74469005987105
2023-04-17 01:00:00+00:00,110.44,101.09,71.9,114.70378973124325,104.07328165591863
2023-04-17 02:00:00+00:00,110.0,102.63,70.0,119.49350350308634,106.26351052577658
2023-04-17 03:00:00+00:00,115.03,103.5,72.96,126.99702969835879,110.01326390605071
2023-04-17 04:00:00+00:00,140.82,103.5,80.0,140.1835723466041,117.70761827642167
2023-04-17 05:00:00+00:00,178.68,103.37,77.61,145.6289279976968,121.04152048053804
2023-04-17 06:00:00+00:00,200.51,110.43,69.43,148.02588479655776,126.50124550755208
2023-04-17 07:00:00+00:00,163.14,114.68,54.88,142.59209456607493,126.56706246171316
2023-04-17 08:00:00+00:00,135.61,111.04,22.07,129.0510936406104,119.33564478515929
2023-04-17 09:00:00+00:00,118.18,107.83,0.2,115.63828068000218,113.05191166690051
2023-04-17 10:00:00+00:00,105.35,104.05,-1.01,104.17849791352538,108.06780392585421
2023-04-17 11:00:00+00:00,102.25,98.16,-8.82,91.93636771716544,100.09328467924848
2023-04-17 12:00:00+00:00,97.16,94.71,-7.77,84.23092473322276,94.86646281124428
2023-04-17 13:00:00+00:00,96.94,94.26,-4.07,83.2776864288445,93.7625072906925
2023-04-17 14:00:00+00:00,96.76,96.04,-0.07,86.85486863399558,94.9718277175931
2023-04-17 15:00:00+00:00,100.99,100.97,19.49,99.41916706933391,102.66756861591212
2023-04-17 16:00:00+00:00,122.33,115.21,44.58,120.59650713979215,118.51710022908296
2023-04-17 17:00:00+00:00,143.61,132.88,65.54,141.38958937088682,137.15350741710887
2023-04-17 18:00:00+00:00,142.78,140.0,40.84,139.9901267556243,139.5837975580403
2023-04-17 19:00:00+00:00,134.25,135.0,21.81,128.5115793651405,132.45251248498658
2023-04-17 20:00:00+00:00,122.82,129.97,11.52,119.30243278316802,126.04615869240055
2023-04-17 21:00:00+00:00,109.16,125.35,0.1,110.7585169007762,118.67382945884552
2023-04-17 22:00:00+00:00,105.31,114.75,1.45,89.08523560586193,97.41764133402908
2023-04-17 23:00:00+00:00,102.07,111.14,0.99,85.18976283316232,93.10840809979601
2023-04-18 00:00:00+00:00,101.1,108.96,0.72,84.15056165195986,91.24497638801878
2023-04-18 01:00:00+00:00,101.29,110.44,1.09,86.3100174608673,92.52334228289428
2023-04-18 02:00:00+00:00,100.55,110.0,6.1,89.8057957206542,94.31870310240951
2023-04-18 03:00:00+00:00,101.27,115.03,34.02,101.79862286707892,104.0829994998414
2023-04-18 04:00:00+00:00,127.0,140.82,93.8,133.63165187109655,134.78245929516157
2023-04-18 05:00:00+00:00,140.27,178.68,105.63,164.93453419937316,167.97504993552914
2023-04-18 06:00:00+00:00,154.88,200.51,108.26,179.0097549877887,186.5415953242527
2023-04-18 07:00:00+00:00,133.99,163.14,93.8,151.19511005746648,159.04286212990004
2023-04-18 08:00:00+00:00,106.21,135.61,54.25,124.47288833700549,134.7657570647215
2023-04-18 09:00:00+00:00,103.58,118.18,9.03,103.04765180935375,116.20857852707448
2023-04-18 10:00:00+00:00,94.94,105.35,0.07,87.92332488071284,104.3424336481701
2023-04-18 11:00:00+00:00,84.96,102.25,-0.1,79.62887148596045,99.20486756119288
2023-04-18 12:00:00+00:00,84.7,97.16,-0.09,71.30456111130835,92.5618853805434
2023-04-18 13:00:00+00:00,77.63,96.94,-0.01,69.5535154552779,90.96178003755246
2023-04-18 14:00:00+00:00,79.39,96.76,6.61,72.15776612324795,90.71395488662347
2023-04-18 15:00:00+00:00,94.39,100.99,82.2,90.47447446656504,104.81532079982289
2023-04-18 16:00:00+00:00,108.21,122.33,130.8,117.91226027462172,128.31262386117464
2023-04-18 17:00:00+00:00,130.46,143.61,162.46,141.59103079983865,150.4173448181835
2023-04-18 18:00:00+00:00,135.01,142.78,165.38,138.8368790384183,151.32464682004712
2023-04-18 19:00:00+00:00,121.48,134.25,141.39,124.00916813990824,141.0073354915989
2023-04-18 20:00:00+00:00,108.76,122.82,130.8,110.51938933901303,129.72463335286866
2023-04-18 21:00:00+00:00,99.96,109.16,111.0,95.96504517729728,115.30138191112607
2023-04-18 22:00:00+00:00,102.3,105.31,97.6,79.51170376619305,96.9062595390638
2023-04-18 23:00:00+00:00,97.54,102.07,86.23,76.03125232526514,91.92345268831902
2023-04-19 00:00:00+00:00,99.92,101.1,80.63,76.3476799675334,90.04402773520505
2023-04-19 01:00:00+00:00,98.95,101.29,78.71,79.76625951855459,90.65794503025397
2023-04-19 02:00:00+00:00,101.33,100.55,80.2,83.87287399666201,91.47858194197227
2023-04-19 03:00:00+00:00,105.87,101.27,85.8,92.3591273908377,96.16524412655224
2023-04-19 04:00:00+00:00,130.0,127.0,108.22,120.05341687378949,123.89406140112482
2023-04-19 05:00:00+00:00,138.96,140.27,124.87,134.02803880367918,140.91976735237196
2023-04-19 06:00:00+00:00,139.28,154.88,136.41,139.36029772304488,153.81321669125472
2023-04-19 07:00:00+00:00,118.83,133.99,131.99,115.44015117253932,134.82176241860708
2023-04-19 08:00:00+00:00,90.39,106.21,120.0,85.00466511980297,111.46941616132449
2023-04-19 09:00:00+00:00,64.68,103.58,111.56,71.67446469167425,106.54191468650899
2023-04-19 10:00:00+00:00,29.6,94.94,100.72,56.718533919325964,96.95996129377775
2023-04-19 11:00:00+00:00,5.29,84.96,97.36,44.17148764008889,87.5826132002285
2023-04-19 12:00:00+00:00,0.09,84.7,97.62,39.34137918138885,84.29667216528581
2023-04-19 13:00:00+00:00,2.71,77.63,97.07,35.8561748251352,78.39100124116669
2023-04-19 14:00:00+00:00,22.74,79.39,100.34,41.34401896575351,79.65936812019939
2023-04-19 15:00:00+00:00,72.31,94.39,109.92,60.16876874488086,92.95223066642755
2023-04-19 16:00:00+00:00,94.79,108.21,134.66,83.93207710998955,108.67106232924239
2023-04-19 17:00:00+00:00,119.69,130.46,145.0,108.47857136694125,128.4700318481577
2023-04-19 18:00:00+00:00,130.73,135.01,129.7,109.42424086306207,129.4623767858685
2023-04-19 19:00:00+00:00,122.82,121.48,122.76,97.94717328632832,117.77547090429138
2023-04-19 20:00:00+00:00,109.9,108.76,109.3,86.1269717386283,105.1175235890095
2023-04-19 21:00:00+00:00,101.66,99.96,97.95,75.58550164432695,94.15364754346278
2023-04-19 22:00:00+00:00,100.19,102.3,97.23,69.64178901614807,89.13085114491594
2023-04-19 23:00:00+00:00,94.35,97.54,85.09,64.91024768431416,83.00887993887858
2023-04-20 00:00:00+00:00,96.76,99.92,79.33,66.51770076037899,83.45352690281875
2023-04-20 01:00:00+00:00,94.98,98.95,72.86,68.66850483999383,82.4813917427974
2023-04-20 02:00:00+00:00,97.18,101.33,71.27,74.75083548495695,84.81214279135315
2023-04-20 03:00:00+00:00,102.78,105.87,82.5,86.96497251703462,92.33352603318956
2023-04-20 04:00:00+00:00,127.97,130.0,102.06,114.6126464340149,118.49900146589576
2023-04-20 05:00:00+00:00,144.48,138.96,115.04,127.65450566196867,130.5852982853799
2023-04-20 06:00:00+00:00,144.7,139.28,118.96,127.30273421345095,133.29504541049735
2023-04-20 07:00:00+00:00,130.07,118.83,102.81,107.9514488673734,114.98612686897907
2023-04-20 08:00:00+00:00,107.97,90.39,85.98,83.78475878251268,90.93540876123994
2023-04-20 09:00:00+00:00,96.94,64.68,89.22,65.66786579139588,73.176831557452
2023-04-20 10:00:00+00:00,94.23,29.6,90.12,43.32733639684566,48.5066157447387
2023-04-20 11:00:00+00:00,89.61,5.29,93.77,28.429912322416172,31.647880628443957
2023-04-20 12:00:00+00:00,88.71,0.09,92.48,23.864064671815882,27.51853529325419
2023-04-20 13:00:00+00:00,86.68,2.71,105.02,26.017894263235902,30.06878367075305
2023-04-20 14:00:00+00:00,92.09,22.74,93.23,39.11537173616531,42.691659244342006
2023-04-20 15:00:00+00:00,103.76,72.31,110.14,75.52436329001198,80.78747628575861
2023-04-20 16:00:00+00:00,128.99,94.79,129.86,98.9010516540954,100.75500021162375
2023-04-20 17:00:00+00:00,142.1,119.69,171.44,122.82386455325177,126.22601233272185
2023-04-20 18:00:00+00:00,146.45,130.73,180.93,125.87445474537762,135.6142333728799
2023-04-20 19:00:00+00:00,134.57,122.82,160.59,110.26038694830152,125.55685695878269
2023-04-20 20:00:00+00:00,129.18,109.9,139.28,92.96104550552369,111.78105963057193
2023-04-20 21:00:00+00:00,106.21,101.66,132.72,80.56212432436976,102.40399288202299
2023-04-20 22:00:00+00:00,98.42,100.19,118.09,77.68436977711073,103.18183014567852
2023-04-20 23:00:00+00:00,91.88,94.35,112.8,71.44418409153505,96.83158564122111
2023-04-21 00:00:00+00:00,91.01,96.76,116.54,73.57840043091731,98.7556191398249
2023-04-21 01:00:00+00:00,92.98,94.98,112.8,74.90243819454108,97.4591230468203
2023-04-21 02:00:00+00:00,92.6,97.18,113.14,80.42507286350198,100.07995899627937
2023-04-21 03:00:00+00:00,95.23,102.78,127.4,92.68926275204973,108.63367918834975
2023-04-21 04:00:00+00:00,120.92,127.97,144.74,119.9632610318805,134.81363284173642
2023-04-21 05:00:00+00:00,135.0,144.48,171.76,136.6632386478897,153.69855707410693
2023-04-21 06:00:00+00:00,134.5,144.7,176.11,133.88885767222058,155.47301257687118
2023-04-21 07:00:00+00:00,106.25,130.07,150.88,113.87231897997037,139.822100252834
2023-04-21 08:00:00+00:00,90.0,107.97,129.86,87.02220598260345,119.37921511436107
2023-04-21 09:00:00+00:00,77.43,96.94,118.66,68.19732051679873,107.47538316737493
2023-04-21 10:00:00+00:00,28.35,94.23,107.54,52.06470827385093,98.65833166474732
2023-04-21 11:00:00+00:00,0.09,89.61,105.8,40.16759197775587,89.70801665982262
2023-04-21 12:00:00+00:00,0.05,88.71,106.22,35.11458278435772,84.58692206058184
2023-04-21 13:00:00+00:00,5.29,86.68,109.3,34.83508058927647,80.03835424805715
2023-04-21 14:00:00+00:00,58.57,92.09,105.24,42.76643241673907,81.21798796116799
2023-04-21 15:00:00+00:00,90.07,103.76,116.54,67.74443935332621,96.14189604669448
2023-04-21 16:00:00+00:00,123.0,128.99,138.16,103.04337326024927,119.1932383611775
2023-04-21 17:00:00+00:00,140.57,142.1,151.69,123.82240412332737,133.46929202339257
2023-04-21 18:00:00+00:00,143.88,146.45,152.21,122.96216232675256,137.61103468541236
2023-04-21 19:00:00+00:00,126.22,134.57,151.0,108.80196302383673,127.63868980056549
2023-04-21 20:00:00+00:00,106.03,129.18,134.33,97.66362414978364,119.34327626838262
2023-04-21 21:00:00+00:00,99.06,106.21,120.29,78.10876008802427,99.06769089372756
2023-04-21 22:00:00+00:00,99.04,98.42,123.9,70.70044815325701,90.64430781975493
2023-04-21 23:00:00+00:00,95.19,91.88,112.0,64.2930092313897,81.47189347955015
2023-04-22 00:00:00+00:00,92.1,91.01,114.38,61.789499608912635,78.42077591791008
2023-04-22 01:00:00+00:00,92.95,92.98,108.0,62.170050476474685,76.00812514281424
2023-04-22 02:00:00+00:00,91.29,92.6,105.14,62.12872271914864,72.50677278130966
2023-04-22 03:00:00+00:00,95.99,95.23,103.55,64.38934022634332,71.52374459747287
2023-04-22 04:00:00+00:00,99.82,120.92,105.56,79.99079087890473,87.90945896691036
2023-04-22 05:00:00+00:00,102.58,135.0,104.85,85.20893709091143,97.02653497556797
2023-04-22 06:00:00+00:00,99.1,134.5,106.21,80.27828647441723,97.06798657449654
2023-04-22 07:00:00+00:00,86.0,106.25,101.83,58.72406915056091,76.64429275117826
2023-04-22 08:00:00+00:00,76.41,90.0,97.96,41.92816814414505,63.72776810685305
2023-04-22 09:00:00+00:00,45.06,77.43,93.95,29.228631904069957,53.97226868775989
2023-04-22 10:00:00+00:00,26.2,28.35,88.55,0.3087255166265521,20.341716234502556
2023-04-22 11:00:00+00:00,10.02,0.09,83.63,-13.74344414104101,1.1267827992533057
2023-04-22 12:00:00+00:00,5.62,0.05,82.17,-7.704043236976901,2.38871571519644
2023-04-22 13:00:00+00:00,29.95,5.29,84.9,3.711839040667215,8.949582377924898
2023-04-22 14:00:00+00:00,76.68,58.57,92.97,44.3725148454456,49.44060607569179
2023-04-22 15:00:00+00:00,95.0,90.07,98.81,77.83674081957557,77.33447648394244
2023-04-22 16:00:00+00:00,112.97,123.0,112.66,111.31327393885,107.973644021052
2023-04-22 17:00:00+00:00,131.84,140.57,132.79,128.94383941408262,126.82039190400256
2023-04-22 18:00:00+00:00,130.22,143.88,134.51,127.89720786445011,131.71095777862712
2023-04-22 19:00:00+00:00,127.0,126.22,127.8,113.18207761797727,118.81281060283501
2023-04-22 20:00:00+00:00,105.0,106.03,127.71,99.29051730844297,105.08894840354542
2023-04-22 21:00:00+00:00,101.18,99.06,119.3,89.60042971327718,96.00018606852505
2023-04-22 22:00:00+00:00,105.1,99.04,111.55,99.42867066819913,100.27534424572809
2023-04-22 23:00:00+00:00,97.31,95.19,103.49,93.79184348312864,93.52336089754121
2023-04-23 00:00:00+00:00,94.97,92.1,102.68,90.67961359489554,88.62513676478507
2023-04-23 01:00:00+00:00,89.39,92.95,101.09,91.38564754555509,86.52716406203115
2023-04-23 02:00:00+00:00,86.63,91.29,102.63,91.12820350611939,82.58719266453859
2023-04-23 03:00:00+00:00,88.74,95.99,103.5,93.8539723960223,82.54746189135325
2023-04-23 04:00:00+00:00,89.88,99.82,103.5,96.65495673272856,83.08230487257353
2023-04-23 05:00:00+00:00,93.78,102.58,103.37,97.18871331789317,83.33615412929845
2023-04-23 06:00:00+00:00,93.43,99.1,110.43,94.29709990498516,81.72174448985913
2023-04-23 07:00:00+00:00,90.41,86.0,114.68,82.42423043669075,72.16849563318077
2023-04-23 08:00:00+00:00,79.33,76.41,111.04,69.09679034058085,64.37341062752147
2023-04-23 09:00:00+00:00,48.16,45.06,107.83,46.531725872264815,43.109917655590046
2023-04-23 10:00:00+00:00,35.5,26.2,104.05,27.91555348808666,25.6213793924358
2023-04-23 11:00:00+00:00,10.02,10.02,98.16,12.118461463123353,10.01965781381125
2023-04-23 12:00:00+00:00,4.88,5.62,94.71,8.91502637993527,5.798710551095013
2023-04-23 13:00:00+00:00,34.71,29.95,94.26,27.456803848024308,23.40416167290796
2023-04-23 14:00:00+00:00,64.15,76.68,96.04,66.70057771015618,61.966291222483726
2023-04-23 15:00:00+00:00,100.25,95.0,100.97,95.72031875666855,82.56384417139338
2023-04-23 16:00:00+00:00,125.74,112.97,115.21,125.1572947108806,104.62194823204479
2023-04-23 17:00:00+00:00,138.14,131.84,132.88,146.8243198918054,125.34422222969812
2023-04-23 18:00:00+00:00,137.13,130.22,140.0,146.2384814504229,128.90222642153813
2023-04-23 19:00:00+00:00,125.02,127.0,135.0,136.91626720422275,126.6728276877667
2023-04-23 20:00:00+00:00,116.95,105.0,129.97,117.60366496176742,111.07104586425936
2023-04-23 21:00:00+00:00,109.6,101.18,125.35,106.6368041090823,105.83374405687705
2023-04-23 22:00:00+00:00,87.7,105.1,114.75,100.15319519524473,115.76823838855422
2023-04-23 23:00:00+00:00,83.58,97.31,111.14,91.05777635348392,108.94908625606901
2023-04-24 00:00:00+00:00,82.09,94.97,108.96,88.53981639642596,106.68643186854942
2023-04-24 01:00:00+00:00,76.4,89.39,110.44,87.39120029897902,103.62377232388467
2023-04-24 02:00:00+00:00,75.08,86.63,110.0,89.18417896074766,103.10501162545125
2023-04-24 03:00:00+00:00,86.55,88.74,115.03,97.44095693730692,108.75551293183936
2023-04-24 04:00:00+00:00,114.6,89.88,140.82,113.40569626174977,120.16418883991506
2023-04-24 05:00:00+00:00,133.8,93.78,178.68,125.74318884426141,131.98456496683892
2023-04-24 06:00:00+00:00,135.0,93.43,200.51,125.00165786181408,135.8198900967471
2023-04-24 07:00:00+00:00,126.92,90.41,163.14,109.83495347587308,127.49937386329312
2023-04-24 08:00:00+00:00,110.81,79.33,135.61,91.97760196167289,115.06962468676126
2023-04-24 09:00:00+00:00,108.01,48.16,118.18,66.51479379659193,88.77335245947177
2023-04-24 10:00:00+00:00,98.07,35.5,105.35,51.17520603619227,75.79621888684345
2023-04-24 11:00:00+00:00,94.9,10.02,102.25,30.16985857613041,54.84657204923137
2023-04-24 12:00:00+00:00,87.0,4.88,97.16,20.976995085558755,47.936341561002074
2023-04-24 13:00:00+00:00,84.91,34.71,96.94,37.09236199055085,68.53506498687285
2023-04-24 14:00:00+00:00,85.89,64.15,96.76,56.93598284503642,91.08188468928395
2023-04-24 15:00:00+00:00,97.61,100.25,100.99,85.84335564335089,118.80609238831379
2023-04-24 16:00:00+00:00,117.41,125.74,122.33,115.80322896504505,141.8161578089961
2023-04-24 17:00:00+00:00,134.57,138.14,143.61,137.80618941425345,156.489424598233
2023-04-24 18:00:00+00:00,135.97,137.13,142.78,140.1355979491846,156.08498602084734
2023-04-24 19:00:00+00:00,132.13,125.02,134.25,129.62142109066838,145.67396878980765
2023-04-24 20:00:00+00:00,120.23,116.95,122.82,118.54048950035958,135.62498812482715
2023-04-24 21:00:00+00:00,101.25,109.6,109.16,106.76492474874894,126.06430072292034
2023-04-24 22:00:00+00:00,96.41,87.7,105.31,80.90642217676383,99.46331166710988
2023-04-24 23:00:00+00:00,95.27,83.58,102.07,76.95552030195275,94.45489777260308
2023-04-25 00:00:00+00:00,93.63,82.09,101.1,76.7498809319211,92.83478452227911
2023-04-25 01:00:00+00:00,92.02,76.4,101.29,76.54342899290124,89.03775841232871
2023-04-25 02:00:00+00:00,91.82,75.08,100.55,80.52094564076059,89.1398401872218
2023-04-25 03:00:00+00:00,97.41,86.55,101.27,94.29758198144197,100.1120557603504
2023-04-25 04:00:00+00:00,121.6,114.6,127.0,123.58809526352623,128.35374986132496
2023-04-25 05:00:00+00:00,134.1,133.8,140.27,140.3314529445814,147.04242895041276
2023-04-25 06:00:00+00:00,134.93,135.0,154.88,139.5521976714347,150.99218505599964
2023-04-25 07:00:00+00:00,109.76,126.92,133.99,124.80112681543329,141.86932323940914
2023-04-25 08:00:00+00:00,96.24,110.81,106.21,105.96092577121424,125.76924354322475
2023-04-25 09:00:00+00:00,85.07,108.01,103.58,97.10782548697856,120.04407694052814
2023-04-25 10:00:00+00:00,78.56,98.07,94.94,83.18701483955756,109.1146383027908
2023-04-25 11:00:00+00:00,73.11,94.9,84.96,71.56319214539957,100.29911850481953
2023-04-25 12:00:00+00:00,64.48,87.0,84.7,58.33270167943477,89.95896882619927
2023-04-25 13:00:00+00:00,64.69,84.91,77.63,53.41680942286963,87.35562506437071
2023-04-25 14:00:00+00:00,74.18,85.89,79.39,56.38220648115427,89.31608634874551
2023-04-25 15:00:00+00:00,83.73,97.61,94.39,73.55102201619007,102.78869836416352
2023-04-25 16:00:00+00:00,101.23,117.41,108.21,98.64217155379046,121.20988684422007
2023-04-25 17:00:00+00:00,132.12,134.57,130.46,124.61435468767242,138.60581445450856
2023-04-25 18:00:00+00:00,144.16,135.97,135.01,130.48058918099338,140.1740413535636
2023-04-25 19:00:00+00:00,133.53,132.13,121.48,124.74452461141556,134.32922109738465
2023-04-25 20:00:00+00:00,124.6,120.23,108.76,112.41774362364511,122.65116108216489
2023-04-25 21:00:00+00:00,101.26,101.25,99.96,95.04448553169212,105.5471729944603
2023-04-25 22:00:00+00:00,95.48,96.41,102.3,79.42659069619484,89.298339688178
2023-04-25 23:00:00+00:00,93.25,95.27,97.54,76.1381775596223,86.41546859497191
2023-04-26 00:00:00+00:00,94.2,93.63,99.92,74.83616619281793,84.92303043054139
2023-04-26 01:00:00+00:00,92.3,92.02,98.95,74.85750388147841,83.26346867911312
2023-04-26 02:00:00+00:00,93.33,91.82,101.33,77.94437196139754,83.73208876358915
2023-04-26 03:00:00+00:00,100.59,97.41,105.87,88.96429715075277,91.39352224044433
2023-04-26 04:00:00+00:00,125.16,121.6,130.0,117.61132686950714,118.53355698628243
2023-04-26 05:00:00+00:00,139.91,134.1,138.96,129.35748298461763,132.58035611338283
2023-04-26 06:00:00+00:00,129.97,134.93,139.28,123.20210683595892,134.5554035675437
2023-04-26 07:00:00+00:00,95.21,109.76,118.83,94.89518793207097,113.60866246178735
2023-04-26 08:00:00+00:00,88.23,96.24,90.39,78.11618050800969,99.7261776985958
2023-04-26 09:00:00+00:00,95.4,85.07,64.68,68.08378115398659,88.26808852988317
2023-04-26 10:00:00+00:00,94.27,78.56,29.6,59.499680629183295,77.78007687263451
2023-04-26 11:00:00+00:00,94.54,73.11,5.29,53.299594283832384,69.65075615675016
2023-04-26 12:00:00+00:00,94.37,64.48,0.09,47.12607146563503,60.62608680775163
2023-04-26 13:00:00+00:00,92.85,64.69,2.71,50.235771523891025,60.17071174487155
2023-04-26 14:00:00+00:00,98.2,74.18,22.74,62.73290967287117,68.3094708167436
2023-04-26 15:00:00+00:00,112.19,83.73,72.31,83.67855100412483,82.60302844789003
2023-04-26 16:00:00+00:00,127.88,101.23,94.79,106.61710462775254,99.55019027848535
2023-04-26 17:00:00+00:00,148.11,132.12,119.69,135.96580418165854,125.81431318371207
2023-04-26 18:00:00+00:00,154.97,144.16,130.73,145.8164543194083,135.19481338066237
2023-04-26 19:00:00+00:00,146.12,133.53,122.82,135.79416554493372,126.023319978315
2023-04-26 20:00:00+00:00,130.0,124.6,109.9,124.3110274147359,116.1014017722005
2023-04-26 21:00:00+00:00,120.77,101.26,101.66,104.87708154136749,95.65213143714618
2023-04-26 22:00:00+00:00,107.12,95.48,100.19,95.82860280567715,85.1435866285312
2023-04-26 23:00:00+00:00,100.58,93.25,94.35,92.07090553162101,81.86069961205641
2023-04-27 00:00:00+00:00,98.0,94.2,96.76,92.51523203399177,82.33236504966752
2023-04-27 01:00:00+00:00,96.46,92.3,94.98,92.99787241711151,80.95180525006268
2023-04-27 02:00:00+00:00,97.42,93.33,97.18,97.58444643631609,82.77711894711018
2023-04-27 03:00:00+00:00,107.19,100.59,102.78,110.08690404782479,91.71083683839629
2023-04-27 04:00:00+00:00,126.1,125.16,127.97,138.23477476091858,118.60469422653019
2023-04-27 05:00:00+00:00,142.79,139.91,144.48,149.78173720473563,134.43397678009103
2023-04-27 06:00:00+00:00,135.61,129.97,144.7,136.26273642761907,128.90542846504934
2023-04-27 07:00:00+00:00,108.53,95.21,130.07,101.14396457375666,100.78391549643327
2023-04-27 08:00:00+00:00,94.64,88.23,107.97,83.24949526136612,91.40180125680082
2023-04-27 09:00:00+00:00,94.19,95.4,96.94,80.63272993666916,93.06506633819718
2023-04-27 10:00:00+00:00,92.78,94.27,94.23,78.0698955190569,89.43172166929831
2023-04-27 11:00:00+00:00,90.97,94.54,89.61,77.17153328709679,86.2646211447083
2023-04-27 12:00:00+00:00,92.55,94.37,88.71,77.39147796072962,82.93098585762296
2023-04-27 13:00:00+00:00,94.64,92.85,86.68,79.19603075940998,79.86725200372238
2023-04-27 14:00:00+00:00,96.28,98.2,92.09,90.02748378743098,83.9476753004823
2023-04-27 15:00:00+00:00,102.35,112.19,103.76,110.67825756196561,96.73537089856222
2023-04-27 16:00:00+00:00,125.98,127.88,128.99,134.90111334513767,113.23308187993668
2023-04-27 17:00:00+00:00,153.85,148.11,142.1,157.5636694248346,132.3789603598769
2023-04-27 18:00:00+00:00,163.57,154.97,146.45,162.29784549758278,138.91456351037087
2023-04-27 19:00:00+00:00,141.5,146.12,134.57,149.60479327117235,130.3157215090003
2023-04-27 20:00:00+00:00,125.42,130.0,129.18,131.55693909666857,116.71552145738819
2023-04-27 21:00:00+00:00,101.54,120.77,106.21,113.57733834602813,103.22948754273595
2023-04-27 22:00:00+00:00,102.03,107.12,98.42,106.18960447760635,95.3351580205416
2023-04-27 23:00:00+00:00,92.97,100.58,91.88,98.06196629551756,89.21583426294461
2023-04-28 00:00:00+00:00,90.35,98.0,91.01,94.38038926297526,86.90659383377451
2023-04-28 01:00:00+00:00,92.68,96.46,92.98,93.61042109062527,86.18317316147913
2023-04-28 02:00:00+00:00,92.91,97.42,92.6,95.09241856656224,87.59108216082515
2023-04-28 03:00:00+00:00,95.85,107.19,95.23,104.80638095875888,97.65987816570818
2023-04-28 04:00:00+00:00,113.77,126.1,120.92,126.15786124807008,120.65482400762149
2023-04-28 05:00:00+00:00,123.82,142.79,135.0,141.46943729045714,139.21645780141688
2023-04-28 06:00:00+00:00,126.81,135.61,134.5,138.09557408286315,134.6067250234639
2023-04-28 07:00:00+00:00,120.69,108.53,106.25,117.75198062022648,108.72737716590856
2023-04-28 08:00:00+00:00,113.18,94.64,90.0,107.28856142611137,96.11324884267675
2023-04-28 09:00:00+00:00,106.17,94.19,77.43,104.84109751257938,93.69182361838976
2023-04-28 10:00:00+00:00,102.05,92.78,28.35,95.21876656139774,84.70106331137625
2023-04-28 11:00:00+00:00,93.09,90.97,0.09,86.78412107613734,77.48358481200866
2023-04-28 12:00:00+00:00,90.19,92.55,0.05,83.01594723970112,75.71593687188248
2023-04-28 13:00:00+00:00,89.0,94.64,5.29,83.26827628798294,76.33568610529798
2023-04-28 14:00:00+00:00,90.61,96.28,58.57,91.27901679243185,83.78286181171961
2023-04-28 15:00:00+00:00,100.24,102.35,90.07,102.57825051680061,93.66509002169273
2023-04-28 16:00:00+00:00,115.7,125.98,123.0,123.7781137688237,116.00758141525347
2023-04-28 17:00:00+00:00,120.04,153.85,140.57,144.98896265307047,139.96500656836838
2023-04-28 18:00:00+00:00,125.4,163.57,143.88,149.69012304630573,147.96587542901594
2023-04-28 19:00:00+00:00,124.34,141.5,126.22,130.72388204817395,129.90620809654354
2023-04-28 20:00:00+00:00,116.71,125.42,106.03,112.60921906653911,113.57385070244256
2023-04-28 21:00:00+00:00,105.48,101.54,99.06,92.39683086762014,93.4927346929398
2023-04-28 22:00:00+00:00,115.59,102.03,99.04,92.28481459125905,90.40146370683016
2023-04-28 23:00:00+00:00,108.56,92.97,95.19,84.03905552435586,80.36363414692825
2023-04-29 00:00:00+00:00,106.1,90.35,92.1,80.19268035426924,75.00253929702058
2023-04-29 01:00:00+00:00,105.0,92.68,92.95,81.69656013790842,73.89366961045026
2023-04-29 02:00:00+00:00,101.24,92.91,91.29,82.08011868306197,70.76295501299433
2023-04-29 03:00:00+00:00,102.75,95.85,95.99,85.43945005682188,70.85693175399308
2023-04-29 04:00:00+00:00,103.24,113.77,99.82,96.66441084274635,81.84280167374328
2023-04-29 05:00:00+00:00,109.4,123.82,102.58,102.58213108691095,88.75110010464124
2023-04-29 06:00:00+00:00,115.64,126.81,99.1,102.99966613521967,90.24490793716579
2023-04-29 07:00:00+00:00,106.61,120.69,86.0,94.30287960759411,82.94849302584075
2023-04-29 08:00:00+00:00,103.59,113.18,76.41,82.97802985053691,75.08809954584375
2023-04-29 09:00:00+00:00,92.87,106.17,45.06,69.36603948097871,65.40520997862077
2023-04-29 10:00:00+00:00,82.23,102.05,26.2,59.18427350127912,58.94566905581331
2023-04-29 11:00:00+00:00,78.96,93.09,10.02,46.931623020706,49.14951505570594
2023-04-29 12:00:00+00:00,66.2,90.19,5.62,41.190202361396686,46.24511921944178
2023-04-29 13:00:00+00:00,69.05,89.0,29.95,45.05706792747787,49.920148963932775
2023-04-29 14:00:00+00:00,80.0,90.61,76.68,58.284045322192476,60.079984057722086
2023-04-29 15:00:00+00:00,85.0,100.24,95.0,77.3555243300921,74.2292779270779
2023-04-29 16:00:00+00:00,100.1,115.7,112.97,101.87189339212166,93.04153484369203
2023-04-29 17:00:00+00:00,118.36,120.04,131.84,117.11186766176229,103.49852437022581
2023-04-29 18:00:00+00:00,119.45,125.4,130.22,122.25968534407127,109.69300056741875
2023-04-29 19:00:00+00:00,120.0,124.34,127.0,118.2283908809124,108.47544350966332
2023-04-29 20:00:00+00:00,115.57,116.71,105.0,108.37439283607526,99.93809503248035
2023-04-29 21:00:00+00:00,110.0,105.48,101.18,97.20905850971336,88.59144007996925
2023-04-29 22:00:00+00:00,99.28,115.59,105.1,102.02182196007189,100.71534465064424
2023-04-29 23:00:00+00:00,91.09,108.56,97.31,94.30976845219865,91.65057836221567
2023-04-30 00:00:00+00:00,88.38,106.1,94.97,90.8076028639056,86.62884195802684
2023-04-30 01:00:00+00:00,85.61,105.0,89.39,89.25123267758006,82.48585799508935
2023-04-30 02:00:00+00:00,85.52,101.24,86.63,87.09444060277457,76.50706592930882
2023-04-30 03:00:00+00:00,88.27,102.75,88.74,88.76424583732086,74.59756570939184
2023-04-30 04:00:00+00:00,85.84,103.24,89.88,88.40931766263843,72.40188517259818
2023-04-30 05:00:00+00:00,82.0,109.4,93.78,87.75606114786287,75.77775662630319
2023-04-30 06:00:00+00:00,75.0,115.64,93.43,83.10101318714214,79.89026521118336
2023-04-30 07:00:00+00:00,50.0,106.61,90.41,66.9442309124035,73.04007871985529
2023-04-30 08:00:00+00:00,27.7,103.59,79.33,53.356518178161565,68.69024548122725
2023-04-30 09:00:00+00:00,5.64,92.87,48.16,39.33039480730794,58.00092742982001
2023-04-30 10:00:00+00:00,-2.55,82.23,35.5,28.290960093491123,48.21073690053986
2023-04-30 11:00:00+00:00,-5.33,78.96,10.02,20.193459699878545,40.72697592521579
2023-04-30 12:00:00+00:00,-3.08,66.2,4.88,14.151320581410644,31.592526555770462
2023-04-30 13:00:00+00:00,1.19,69.05,34.71,25.128297768433512,38.99903971308434
2023-04-30 14:00:00+00:00,14.0,80.0,64.15,45.384183821586404,52.760108655039524
2023-04-30 15:00:00+00:00,70.57,85.0,100.25,70.82016074171163,66.62540353172626
2023-04-30 16:00:00+00:00,106.96,100.1,125.74,102.36079412318597,86.6587446346144
2023-04-30 17:00:00+00:00,121.16,118.36,138.14,127.22115011692605,105.48066648356341
2023-04-30 18:00:00+00:00,123.6,119.45,137.13,130.61319021122125,110.31313725871316
2023-04-30 19:00:00+00:00,122.2,120.0,125.02,125.87966235161888,111.63793494401273
2023-04-30 20:00:00+00:00,117.12,115.57,116.95,118.56361109874416,108.8635799568462
2023-04-30 21:00:00+00:00,108.71,110.0,109.6,108.38604618565329,102.123966435577
2023-04-30 22:00:00+00:00,109.9,99.28,87.7,104.20096649628852,105.32100634232532
2023-04-30 23:00:00+00:00,99.9,91.09,83.58,95.37486611867865,97.87411772455776
2023-05-01 00:00:00+00:00,95.49,88.38,82.09,91.4377797648732,95.07346809284991
2023-05-01 01:00:00+00:00,89.98,85.61,76.4,89.63414263696325,92.27350571264056
2023-05-01 02:00:00+00:00,87.29,85.52,75.08,91.28939481924472,91.92423727610601
2023-05-01 03:00:00+00:00,88.0,88.27,86.55,96.93132651694933,94.94909626855559
2023-05-01 04:00:00+00:00,87.16,85.84,114.6,101.12017480131846,96.22536008099651
2023-05-01 05:00:00+00:00,84.2,82.0,133.8,101.02907514593224,96.664761549531
2023-05-01 06:00:00+00:00,83.14,75.0,135.0,97.24620390084542,94.06583049519286
2023-05-01 07:00:00+00:00,84.04,50.0,126.92,81.87951461028744,77.30740545432923
2023-05-01 08:00:00+00:00,74.29,27.7,110.81,64.86999395064144,61.26715873278713
2023-05-01 09:00:00+00:00,67.99,5.64,108.01,52.25667415588126,47.34079539364648
2023-05-01 10:00:00+00:00,54.63,-2.55,98.07,46.40437591524304,40.277429347048475
2023-05-01 11:00:00+00:00,34.69,-5.33,94.9,44.81637179780846,36.56400705253942
2023-05-01 12:00:00+00:00,29.99,-3.08,87.0,48.35449739251736,35.37607701584564
2023-05-01 13:00:00+00:00,41.19,1.19,84.91,55.85632831702898,38.42115715814655
2023-05-01 14:00:00+00:00,76.25,14.0,85.89,70.43417869060318,49.27314403182007
2023-05-01 15:00:00+00:00,95.58,70.57,97.61,110.90426285608488,91.47568465836167
2023-05-01 16:00:00+00:00,116.37,106.96,117.41,141.4484216635189,122.24376337112757
2023-05-01 17:00:00+00:00,124.64,121.16,134.57,156.71386850130398,137.4095578187825
2023-05-01 18:00:00+00:00,125.8,123.6,135.97,158.7025985533088,140.89862237823064
2023-05-01 19:00:00+00:00,121.72,122.2,132.13,154.74396875109818,141.0270746363807
2023-05-01 20:00:00+00:00,117.9,117.12,120.23,145.54929593977178,136.40379696444757
2023-05-01 21:00:00+00:00,111.04,108.71,101.25,131.20428817608283,126.60846798269053
2023-05-01 22:00:00+00:00,98.48,109.9,96.41,119.89580478412698,118.8124238333782
2023-05-01 23:00:00+00:00,85.6,99.9,95.27,109.85614547394783,110.51727033642466
2023-05-02 00:00:00+00:00,83.3,95.49,93.63,104.13894544365148,106.69766330598601
2023-05-02 01:00:00+00:00,80.9,89.98,92.02,100.1812735714723,102.8874367325474
2023-05-02 02:00:00+00:00,81.22,87.29,91.82,100.33348493131768,102.27968608581253
2023-05-02 03:00:00+00:00,90.39,88.0,97.41,107.23777198613166,106.53242529163153
2023-05-02 04:00:00+00:00,111.06,87.16,121.6,120.4238746111994,114.84717029808093
2023-05-02 05:00:00+00:00,127.45,84.2,134.1,126.21565515164141,118.43596337506501
2023-05-02 06:00:00+00:00,135.17,83.14,134.93,125.20168919711728,118.906018257849
2023-05-02 07:00:00+00:00,122.99,84.04,109.76,116.63141317281497,113.43544465995849
2023-05-02 08:00:00+00:00,115.69,74.29,96.24,105.00867162169992,102.96291427613279
2023-05-02 09:00:00+00:00,108.96,67.99,85.07,94.75596945894645,94.54459401196243
2023-05-02 10:00:00+00:00,98.46,54.63,78.56,79.95396737170142,82.03920639729019
2023-05-02 11:00:00+00:00,92.76,34.69,73.11,61.969998870664455,65.23220152371351
2023-05-02 12:00:00+00:00,86.32,29.99,64.48,52.01832473682984,58.26170685510026
2023-05-02 13:00:00+00:00,81.97,41.19,64.69,56.10066993716485,64.01727101916077
2023-05-02 14:00:00+00:00,87.2,76.25,74.18,77.92546148995524,87.72461929367759
2023-05-02 15:00:00+00:00,94.43,95.58,83.73,99.95232453300267,106.52132342575841
2023-05-02 16:00:00+00:00,117.38,116.37,101.23,126.84681549468118,126.39750892495522
2023-05-02 17:00:00+00:00,130.0,124.64,132.12,146.2347395329217,137.9182522622454
2023-05-02 18:00:00+00:00,142.86,125.8,144.16,150.9399212967207,140.223676298386
2023-05-02 19:00:00+00:00,133.69,121.72,133.53,144.6446839704181,135.54719328578602
2023-05-02 20:00:00+00:00,124.02,117.9,124.6,136.9850621230351,130.0547822675753
2023-05-02 21:00:00+00:00,116.13,111.04,101.26,125.61446333924434,119.61105874035022
2023-05-02 22:00:00+00:00,107.65,98.48,95.48,104.22673871796454,96.56854790594495
2023-05-02 23:00:00+00:00,102.63,85.6,93.25,95.2677340886855,85.8717343321284
2023-05-03 00:00:00+00:00,100.97,83.3,94.2,94.22575126258187,83.68981665982838
2023-05-03 01:00:00+00:00,97.8,80.9,92.3,95.11778230512849,81.86728567533741
2023-05-03 02:00:00+00:00,105.25,81.22,93.33,99.94059658129756,83.40335147559236
2023-05-03 03:00:00+00:00,111.92,90.39,100.59,113.56565345701625,93.6551318897207
2023-05-03 04:00:00+00:00,125.52,111.06,125.16,138.151888122927,116.54646772009652
2023-05-03 05:00:00+00:00,133.3,127.45,139.91,150.48261625133833,132.99748973310588
2023-05-03 06:00:00+00:00,125.1,135.17,129.97,147.4452863619872,138.5505899323108
2023-05-03 07:00:00+00:00,110.1,122.99,95.21,125.63700154803576,125.12909799269134
2023-05-03 08:00:00+00:00,91.16,115.69,88.23,112.10433491303658,117.80228404693653
2023-05-03 09:00:00+00:00,84.16,108.96,95.4,103.40647549705952,112.42884919517246
2023-05-03 10:00:00+00:00,77.83,98.46,94.27,91.4065141224709,102.4396978928887
2023-05-03 11:00:00+00:00,80.02,92.76,94.54,81.7761072409019,94.64655488564111
2023-05-03 12:00:00+00:00,75.13,86.32,94.37,72.19731264567707,86.43846013162957
2023-05-03 13:00:00+00:00,73.5,81.97,92.85,69.29921391463637,81.59181207050007
2023-05-03 14:00:00+00:00,83.86,87.2,98.2,80.91521937766794,87.2675940001796
2023-05-03 15:00:00+00:00,97.59,94.43,112.19,101.13105291838937,96.00627595272566
2023-05-03 16:00:00+00:00,124.09,117.38,127.88,132.58640042645885,116.2273196430755
2023-05-03 17:00:00+00:00,140.08,130.0,148.11,152.99652344457326,129.2115863152723
2023-05-03 18:00:00+00:00,171.58,142.86,154.97,160.24099514687603,138.99912149494028
2023-05-03 19:00:00+00:00,132.25,133.69,146.12,148.5512022653382,131.33340838279034
2023-05-03 20:00:00+00:00,120.95,124.02,130.0,134.2590326721767,121.09435663917331
2023-05-03 21:00:00+00:00,114.73,116.13,120.77,122.01304848109126,111.70153439024018
2023-05-03 22:00:00+00:00,100.13,107.65,107.12,104.68233649705373,96.22410293322858
2023-05-03 23:00:00+00:00,95.24,102.63,100.58,98.60655698251672,90.07112085044406
2023-05-04 00:00:00+00:00,94.16,100.97,98.0,96.88026034220815,87.82135457858135
2023-05-04 01:00:00+00:00,95.26,97.8,96.46,96.81444130368354,85.37466863213217
2023-05-04 02:00:00+00:00,95.91,105.25,97.42,104.06661617030828,90.9768097428292
2023-05-04 03:00:00+00:00,106.94,111.92,107.19,115.50400787618754,99.64798517631348
2023-05-04 04:00:00+00:00,125.0,125.52,126.1,135.2611719063027,118.72077238120248
2023-05-04 05:00:00+00:00,130.0,133.3,142.79,140.81382172714828,130.64374461259465
2023-05-04 06:00:00+00:00,119.9,125.1,135.61,127.87544014720274,126.02576936019915
2023-05-04 07:00:00+00:00,104.42,110.1,108.53,103.89449530753585,110.24082322782338
2023-05-04 08:00:00+00:00,90.0,91.16,94.64,79.66724535887477,94.02069730333302
2023-05-04 09:00:00+00:00,79.6,84.16,94.19,68.04055360811911,88.0626205503961
2023-05-04 10:00:00+00:00,70.06,77.83,92.78,58.24327630989677,81.2340954675903
2023-05-04 11:00:00+00:00,60.21,80.02,90.97,56.63499205488456,80.3594133993986
2023-05-04 12:00:00+00:00,56.69,75.13,92.55,53.639218712523274,74.70277232041838
2023-05-04 13:00:00+00:00,65.28,73.5,94.64,57.014797486414224,72.60057663237733
2023-05-04 14:00:00+00:00,78.88,83.86,96.28,70.78952935353709,79.64676249471428
2023-05-04 15:00:00+00:00,99.6,97.59,102.35,91.44267664722308,91.18803926274023
2023-05-04 16:00:00+00:00,115.57,124.09,125.98,121.19477106301075,115.39335954078724
2023-05-04 17:00:00+00:00,122.01,140.08,153.85,139.22570184753266,132.51840581327704
2023-05-04 18:00:00+00:00,120.74,171.58,163.57,153.35674701893558,156.72740707443998
2023-05-04 19:00:00+00:00,114.77,132.25,141.5,119.9936087039301,126.47931596235546
2023-05-04 20:00:00+00:00,105.5,120.95,125.42,102.79463654814491,114.50339298732433
2023-05-04 21:00:00+00:00,94.12,114.73,101.54,88.79488867332084,103.94220160664665
2023-05-04 22:00:00+00:00,91.5,100.13,102.03,80.8238279219755,97.35522979091499
2023-05-04 23:00:00+00:00,81.8,95.24,92.97,75.94609917159299,91.63251250164123
2023-05-05 00:00:00+00:00,78.49,94.16,90.35,74.73949681345677,90.07417253807031
2023-05-05 01:00:00+00:00,79.51,95.26,92.68,77.29743488024474,91.20970918093879
2023-05-05 02:00:00+00:00,78.49,95.91,92.91,80.62635977973574,93.13389718043072
2023-05-05 03:00:00+00:00,87.52,106.94,95.85,92.3674395941708,103.71065625848516
2023-05-05 04:00:00+00:00,101.22,125.0,113.77,112.85889429033966,124.45644611441051
2023-05-05 05:00:00+00:00,113.75,130.0,123.82,119.86505120700755,133.81049007328795
2023-05-05 06:00:00+00:00,110.7,119.9,126.81,111.39923073840284,127.85438760725815
2023-05-05 07:00:00+00:00,97.28,104.42,120.69,93.72204693914102,114.278433329202
2023-05-05 08:00:00+00:00,90.12,90.0,113.18,75.7396893058373,101.59079068123057
2023-05-05 09:00:00+00:00,80.94,79.6,106.17,62.66357559167788,92.02046038216197
2023-05-05 10:00:00+00:00,78.44,70.06,102.05,54.28207429530782,82.61764158303257
2023-05-05 11:00:00+00:00,77.01,60.21,93.09,49.324536975712206,72.85634479408387
2023-05-05 12:00:00+00:00,78.9,56.69,90.19,51.333789253182545,67.40621762320825
2023-05-05 13:00:00+00:00,81.08,65.28,89.0,61.877748932451524,72.0042235753582
2023-05-05 14:00:00+00:00,91.16,78.88,90.61,77.68680096481765,81.62521901810769
2023-05-05 15:00:00+00:00,100.17,99.6,100.24,99.23872450160643,98.78067254478749
2023-05-05 16:00:00+00:00,112.8,115.57,115.7,117.41944869421889,114.93148663131396
2023-05-05 17:00:00+00:00,120.54,122.01,120.04,125.25044835446798,122.45792977461123
2023-05-05 18:00:00+00:00,128.57,120.74,125.4,122.81826013918729,123.67094905797978
2023-05-05 19:00:00+00:00,126.31,114.77,124.34,113.43016931290298,116.36252142023883
2023-05-05 20:00:00+00:00,115.56,105.5,116.71,101.6765735294492,106.63707227170839
2023-05-05 21:00:00+00:00,103.34,94.12,105.48,88.42170036847288,94.77815931184576
2023-05-05 22:00:00+00:00,106.71,91.5,115.59,83.61666190093635,90.00880225731966
2023-05-05 23:00:00+00:00,99.62,81.8,108.56,76.12119540475408,79.38323152779395
2023-05-06 00:00:00+00:00,95.71,78.49,106.1,71.92594960567578,73.93026973860393
2023-05-06 01:00:00+00:00,91.7,79.51,105.0,73.11888936737303,72.19173765967005
2023-05-06 02:00:00+00:00,89.93,78.49,101.24,73.40199441342703,68.066822480599
2023-05-06 03:00:00+00:00,91.7,87.52,102.75,80.32920527053577,71.75622907635397
2023-05-06 04:00:00+00:00,97.2,101.22,103.24,89.53930612038369,79.3749423698725
2023-05-06 05:00:00+00:00,99.02,113.75,109.4,96.57699827127213,87.45442099315771
2023-05-06 06:00:00+00:00,95.13,110.7,115.64,92.96715067248032,85.64268330073656
2023-05-06 07:00:00+00:00,93.28,97.28,106.61,79.49659673049791,74.46924958977424
2023-05-06 08:00:00+00:00,82.53,90.12,103.59,68.16191361468961,67.48704757883
2023-05-06 09:00:00+00:00,74.42,80.94,92.87,54.921819973428136,57.730320599558
2023-05-06 10:00:00+00:00,71.02,78.44,82.23,46.44380189075997,52.7746860571956
2023-05-06 11:00:00+00:00,55.75,77.01,78.96,40.094911090952785,48.66725199244166
2023-05-06 12:00:00+00:00,50.0,78.9,66.2,37.8526558242744,47.21042220834979
2023-05-06 13:00:00+00:00,63.16,81.08,69.05,44.078100305481684,51.439725113296774
2023-05-06 14:00:00+00:00,74.64,91.16,80.0,58.9032570877681,63.190314441316644
2023-05-06 15:00:00+00:00,90.3,100.17,85.0,76.13853193499463,75.77215477817998
2023-05-06 16:00:00+00:00,102.7,112.8,100.1,97.4504868961562,92.16619420299295
2023-05-06 17:00:00+00:00,108.05,120.54,118.36,111.63943782073326,103.97671086122456
2023-05-06 18:00:00+00:00,111.81,128.57,119.45,117.10138743564633,111.96061847077773
2023-05-06 19:00:00+00:00,108.71,126.31,120.0,113.34505559638319,112.18357365142413
2023-05-06 20:00:00+00:00,103.12,115.56,115.57,103.00982550497876,104.13270993095124
2023-05-06 21:00:00+00:00,92.38,103.34,110.0,90.20225322883059,92.56324526767779
2023-05-06 22:00:00+00:00,92.65,106.71,99.28,89.74663399257415,98.11214329967555
2023-05-06 23:00:00+00:00,86.17,99.62,91.09,81.74305262371905,89.07214468648135
2023-05-07 00:00:00+00:00,82.66,95.71,88.38,76.91456739496209,83.05369837303155
2023-05-07 01:00:00+00:00,83.51,91.7,85.61,73.46860371550571,77.29185826875846
2023-05-07 02:00:00+00:00,82.94,89.93,85.52,71.71407253849084,72.82420353744206
2023-05-07 03:00:00+00:00,84.07,91.7,88.27,72.60161100941113,71.6143035239898
2023-05-07 04:00:00+00:00,83.14,97.2,85.84,72.17676484356534,72.24328890555161
2023-05-07 05:00:00+00:00,81.87,99.02,82.0,68.0451079402483,72.03570336127511
2023-05-07 06:00:00+00:00,75.87,95.13,75.0,59.55311685743271,68.19953140080241
2023-05-07 07:00:00+00:00,67.6,93.28,50.0,47.87883613080194,63.41387749669472
2023-05-07 08:00:00+00:00,33.9,82.53,27.7,32.039021914265064,53.5178113024384
2023-05-07 09:00:00+00:00,5.09,74.42,5.64,20.38280169451599,45.215852521321494
2023-05-07 10:00:00+00:00,-0.04,71.02,-2.55,15.889336068968092,41.49331143788851
2023-05-07 11:00:00+00:00,-0.99,55.75,-5.33,7.036436527524231,29.29654727331321
2023-05-07 12:00:00+00:00,-0.03,50.0,-3.08,7.083250747345858,25.92294980971579
2023-05-07 13:00:00+00:00,15.44,63.16,1.19,19.235217598144914,36.76253185301948
2023-05-07 14:00:00+00:00,56.62,74.64,14.0,37.02631224478746,50.06229846119065
2023-05-07 15:00:00+00:00,75.97,90.3,70.57,64.80413703283948,72.9633013779852
2023-05-07 16:00:00+00:00,94.94,102.7,106.96,89.10839236096002,92.28158794498367
2023-05-07 17:00:00+00:00,99.36,108.05,121.16,101.95764932696734,102.43842566565473
2023-05-07 18:00:00+00:00,106.45,111.81,123.6,105.32918458666633,108.95067625427944
2023-05-07 19:00:00+00:00,105.02,108.71,122.2,100.52719738718494,109.1737570018685
2023-05-07 20:00:00+00:00,99.3,103.12,117.12,93.2163773132263,105.00916392149297
2023-05-07 21:00:00+00:00,96.07,92.38,108.71,81.46888376104978,94.38944018515402
2023-05-07 22:00:00+00:00,85.92,92.65,109.9,85.33021882030042,104.00998808610325
2023-05-07 23:00:00+00:00,83.93,86.17,99.9,81.03843463861993,97.20957202017757
2023-05-08 00:00:00+00:00,83.78,82.66,95.49,80.06684907799563,93.96693243422249
2023-05-08 01:00:00+00:00,83.13,83.51,89.98,82.93852334867579,93.92559840638204
2023-05-08 02:00:00+00:00,84.09,82.94,87.29,86.93437790576517,94.38248720726972
2023-05-08 03:00:00+00:00,90.91,84.07,88.0,95.40623708900709,98.70285704325751
2023-05-08 04:00:00+00:00,104.12,83.14,87.16,106.42163185930553,105.44532026476338
2023-05-08 05:00:00+00:00,119.45,81.87,84.2,110.2774480128345,108.79519697039473
2023-05-08 06:00:00+00:00,110.97,75.87,83.14,103.93055513169618,106.04177366465125
2023-05-08 07:00:00+00:00,100.01,67.6,84.04,89.81120788301101,99.65214351648707
2023-05-08 08:00:00+00:00,91.83,33.9,74.29,62.54294851687801,75.28027026146322
2023-05-08 09:00:00+00:00,81.64,5.09,67.99,41.45441123909106,55.37090717432155
2023-05-08 10:00:00+00:00,80.41,-0.04,54.63,34.39929071895109,50.15905474167982
2023-05-08 11:00:00+00:00,74.32,-0.99,34.69,30.333586786218873,45.429680394011804
2023-05-08 12:00:00+00:00,74.09,-0.03,29.99,30.598156998430426,43.867413661129085
2023-05-08 13:00:00+00:00,78.0,15.44,41.19,45.13728274318632,56.19475553139065
2023-05-08 14:00:00+00:00,84.01,56.62,76.25,77.64267729455668,88.30574738950111
2023-05-08 15:00:00+00:00,97.05,75.97,95.58,100.60260433743234,105.70178967754225
2023-05-08 16:00:00+00:00,110.04,94.94,116.37,125.01939789361309,123.37096022198085
2023-05-08 17:00:00+00:00,132.9,99.36,124.64,136.35779870660173,128.91945884298437
2023-05-08 18:00:00+00:00,128.41,106.45,125.8,137.75036397733868,134.15635605645107
2023-05-08 19:00:00+00:00,121.99,105.02,121.72,128.3123574656945,132.03487801982783
2023-05-08 20:00:00+00:00,112.56,99.3,117.9,116.47618075255684,125.57324379134468
2023-05-08 21:00:00+00:00,99.38,96.07,111.04,107.17467021879459,119.55241087432056
2023-05-08 22:00:00+00:00,95.96,85.92,98.48,83.95964456044278,98.15156399469939
2023-05-08 23:00:00+00:00,87.52,83.93,85.6,80.27024259093378,94.2578816962863
2023-05-09 00:00:00+00:00,84.6,83.78,83.3,79.72522932093506,93.1166422927383
2023-05-09 01:00:00+00:00,84.17,83.13,80.9,81.49523103373969,92.78402600526428
2023-05-09 02:00:00+00:00,85.25,84.09,81.22,85.70679622295192,94.32379395514758
2023-05-09 03:00:00+00:00,92.45,90.91,90.39,96.76223158401342,102.7655402888577
2023-05-09 04:00:00+00:00,111.58,104.12,111.06,114.88016868607947,120.50135096896759
2023-05-09 05:00:00+00:00,121.0,119.45,127.45,126.41780900646022,137.31577717986264
2023-05-09 06:00:00+00:00,117.88,110.97,135.17,117.76797972738626,133.51392215200966
2023-05-09 07:00:00+00:00,104.96,100.01,122.99,100.36074508706531,122.95677741144208
2023-05-09 08:00:00+00:00,88.84,91.83,115.69,83.6036887512062,113.08487207378958
2023-05-09 09:00:00+00:00,70.95,81.64,108.96,68.61247273966517,101.68979902169397
2023-05-09 10:00:00+00:00,65.76,80.41,98.46,60.90478458172046,96.60294971217415
2023-05-09 11:00:00+00:00,61.91,74.32,92.76,53.15893478981792,88.47683742886242
2023-05-09 12:00:00+00:00,68.29,74.09,86.32,50.15402504078584,83.48937167074062
2023-05-09 13:00:00+00:00,80.8,78.0,81.97,54.66065428672414,83.72482797828114
2023-05-09 14:00:00+00:00,84.44,84.01,87.2,67.70874440579202,90.22871714561724
2023-05-09 15:00:00+00:00,100.06,97.05,94.43,87.73159105670837,102.02601243492857
2023-05-09 16:00:00+00:00,116.34,110.04,117.38,108.85924674530291,116.46697255681423
2023-05-09 17:00:00+00:00,121.93,132.9,130.0,128.5976226593799,135.22624653984167
2023-05-09 18:00:00+00:00,121.05,128.41,142.86,125.8164960542368,134.49958102039145
2023-05-09 19:00:00+00:00,110.97,121.99,133.69,115.74080964673111,128.7441584728847
2023-05-09 20:00:00+00:00,104.67,112.56,124.02,103.0451103850315,119.03800613390617
2023-05-09 21:00:00+00:00,89.93,99.38,116.13,89.34020847463323,106.54981007305959
2023-05-09 22:00:00+00:00,94.79,95.96,107.65,75.62734878302628,90.44715091520499
2023-05-09 23:00:00+00:00,90.05,87.52,102.63,69.05366644755635,82.79233908929932
2023-05-10 00:00:00+00:00,88.38,84.6,100.97,67.72863797538068,79.99868860935389
2023-05-10 01:00:00+00:00,86.19,84.17,97.8,69.81518125221736,79.44385399680874
2023-05-10 02:00:00+00:00,88.39,85.25,105.25,75.5726829352609,81.9988491125362
2023-05-10 03:00:00+00:00,90.18,92.45,111.92,87.8017095439368,90.81304472310303
2023-05-10 04:00:00+00:00,107.57,111.58,125.52,111.70410847090821,112.62010761878213
2023-05-10 05:00:00+00:00,120.6,121.0,133.3,124.76617189913038,124.85442984706631
2023-05-10 06:00:00+00:00,133.0,117.88,125.1,123.56678956081231,122.08914857447282
2023-05-10 07:00:00+00:00,110.22,104.96,110.1,110.77589438175885,109.35388708599106
2023-05-10 08:00:00+00:00,105.89,88.84,91.16,96.18857244230541,94.33144996976824
2023-05-10 09:00:00+00:00,100.94,70.95,84.16,83.82903653893334,79.77854265571318
2023-05-10 10:00:00+00:00,96.83,65.76,77.83,78.22183747382252,73.71589887405743
2023-05-10 11:00:00+00:00,92.91,61.91,80.02,75.08859418714296,69.0357757363301
2023-05-10 12:00:00+00:00,91.72,68.29,75.13,77.80989171601024,70.61313769528707
2023-05-10 13:00:00+00:00,96.3,80.8,73.5,86.54477089628305,77.68605139849625
2023-05-10 14:00:00+00:00,107.92,84.44,83.86,93.85105769627415,81.19222147165797
2023-05-10 15:00:00+00:00,117.48,100.06,97.59,110.68534089261092,95.47497396618922
2023-05-10 16:00:00+00:00,120.39,116.34,124.09,129.77925150799305,112.33194657777824
2023-05-10 17:00:00+00:00,140.38,121.93,140.08,139.9982649155122,121.03194298829897
2023-05-10 18:00:00+00:00,147.49,121.05,171.58,142.95843804479375,123.92939657619627
2023-05-10 19:00:00+00:00,134.4,110.97,132.25,129.44371274838204,111.42065747099058
2023-05-10 20:00:00+00:00,117.59,104.67,120.95,118.80095382227552,103.26906079651731
2023-05-10 21:00:00+00:00,109.84,89.93,114.73,103.5863287057776,88.92795108526438
2023-05-10 22:00:00+00:00,100.0,94.79,100.13,99.92125275833466,84.5888094785961
2023-05-10 23:00:00+00:00,96.94,90.05,95.24,93.98492585044693,78.935728874613
2023-05-11 00:00:00+00:00,96.0,88.38,94.16,92.16131537337222,76.85726647528963
2023-05-11 01:00:00+00:00,97.28,86.19,95.26,92.76272456165843,75.6116306383006
2023-05-11 02:00:00+00:00,97.9,88.39,95.91,97.4632154273674,78.0923735467512
2023-05-11 03:00:00+00:00,104.23,90.18,106.94,106.84825361983492,84.11578328891565
2023-05-11 04:00:00+00:00,121.11,107.57,125.0,129.812598734196,105.7938280859484
2023-05-11 05:00:00+00:00,148.33,120.6,130.0,142.55761148500596,119.14791874469097
2023-05-11 06:00:00+00:00,167.78,133.0,119.9,148.4649567223863,126.91545605810016
2023-05-11 07:00:00+00:00,135.47,110.22,104.42,130.35342266029878,107.52910354450952
2023-05-11 08:00:00+00:00,126.71,105.89,90.0,121.75293859149807,100.58023492641684
2023-05-11 09:00:00+00:00,115.79,100.94,79.6,113.26137839037796,93.71461615482166
2023-05-11 10:00:00+00:00,104.53,96.83,70.06,105.3436837233875,87.41573924479152
2023-05-11 11:00:00+00:00,100.01,92.91,60.21,98.4842784676888,80.96913606710832
2023-05-11 12:00:00+00:00,99.37,91.72,56.69,94.39589575413132,77.34991244525536
2023-05-11 13:00:00+00:00,109.51,96.3,65.28,96.54820483579039,80.30121519097051
2023-05-11 14:00:00+00:00,113.54,107.92,78.88,104.9353479891675,89.36425416442091
2023-05-11 15:00:00+00:00,115.27,117.48,99.6,116.68839854141015,100.94914738420638
2023-05-11 16:00:00+00:00,123.63,120.39,115.57,124.23475206222005,107.60366934449003
2023-05-11 17:00:00+00:00,147.0,140.38,122.01,138.23630990053354,124.17248284832782
2023-05-11 18:00:00+00:00,132.8,147.49,120.74,138.95927143274125,129.2936655935016
2023-05-11 19:00:00+00:00,118.4,134.4,114.77,124.95034650916006,119.21471190601471
2023-05-11 20:00:00+00:00,113.99,117.59,105.5,106.65784011319248,104.62094005245203
2023-05-11 21:00:00+00:00,101.66,109.84,94.12,92.61993004016234,94.07407370842208
2023-05-11 22:00:00+00:00,98.53,100.0,91.5,87.06669702495365,91.25537304245404
2023-05-11 23:00:00+00:00,90.55,96.94,81.8,82.54132060751263,86.27339249816504
2023-05-12 00:00:00+00:00,89.84,96.0,78.49,81.52870632366238,84.37556369689125
2023-05-12 01:00:00+00:00,90.0,97.28,79.51,84.90522162610392,85.0746459751889
2023-05-12 02:00:00+00:00,90.84,97.9,78.49,89.28662732798368,86.09315167459923
2023-05-12 03:00:00+00:00,98.99,104.23,87.52,100.55301149601078,94.09003510477841
2023-05-12 04:00:00+00:00,116.99,121.11,101.22,122.03708450078753,114.27087890772955
2023-05-12 05:00:00+00:00,130.0,148.33,113.75,143.41113644622789,139.116883603541
2023-05-12 06:00:00+00:00,137.98,167.78,110.7,154.66079481374823,154.65633375819812
2023-05-12 07:00:00+00:00,113.3,135.47,97.28,128.7794563574487,128.39363985028902
2023-05-12 08:00:00+00:00,101.6,126.71,90.12,114.67089522403714,120.34415066374838
2023-05-12 09:00:00+00:00,97.48,115.79,80.94,97.82659870305127,109.86302843883738
2023-05-12 10:00:00+00:00,83.42,104.53,78.44,82.92045723854268,99.91890148817131
2023-05-12 11:00:00+00:00,76.67,100.01,77.01,73.4562021785844,93.65582210232165
2023-05-12 12:00:00+00:00,72.95,99.37,78.9,69.80533288133226,90.69937858499927
2023-05-12 13:00:00+00:00,75.89,109.51,81.08,76.8319017350538,96.80612872787667
2023-05-12 14:00:00+00:00,80.94,113.54,91.16,85.20768872108181,101.41118685112578
2023-05-12 15:00:00+00:00,94.01,115.27,100.17,95.59544403672781,105.77383011975341
2023-05-12 16:00:00+00:00,107.98,123.63,112.8,110.83071974240465,114.67846935667195
2023-05-12 17:00:00+00:00,122.22,147.0,120.54,132.37402441246132,133.95415382450213
2023-05-12 18:00:00+00:00,124.98,132.8,128.57,124.79348669466575,125.25698830164048
2023-05-12 19:00:00+00:00,117.99,118.4,126.31,110.38103589854619,113.87971858448243
2023-05-12 20:00:00+00:00,101.18,113.99,115.56,99.87261396331903,106.8350647219462
2023-05-12 21:00:00+00:00,97.82,101.66,103.34,87.26794984211192,94.41499875633933
2023-05-12 22:00:00+00:00,104.91,98.53,106.71,84.80491802990824,88.78284598568004
2023-05-12 23:00:00+00:00,99.98,90.55,99.62,77.87602958437965,79.46967658969419
2023-05-13 00:00:00+00:00,95.85,89.84,95.71,76.0415966860247,75.73973423073275
2023-05-13 01:00:00+00:00,98.55,90.0,91.7,76.58765648252192,72.91401733887079
2023-05-13 02:00:00+00:00,99.49,90.84,89.93,77.44899858502069,70.28372028915729
2023-05-13 03:00:00+00:00,100.18,98.99,91.7,82.65145701037778,73.20056846385555
2023-05-13 04:00:00+00:00,96.96,116.99,97.2,92.69193770972691,84.35493584520574
2023-05-13 05:00:00+00:00,94.72,130.0,99.02,98.91127114899356,94.24064350650066
2023-05-13 06:00:00+00:00,94.47,137.98,95.13,100.35257286686104,100.34740555986119
2023-05-13 07:00:00+00:00,89.08,113.3,93.28,79.02378390515042,80.71240647696885
2023-05-13 08:00:00+00:00,73.1,101.6,82.53,61.74924584939958,69.97812089767001
2023-05-13 09:00:00+00:00,30.12,97.48,74.42,51.80946442898073,64.9549119947705
2023-05-13 10:00:00+00:00,15.53,83.42,71.02,40.25283843426489,53.29502785016225
2023-05-13 11:00:00+00:00,5.55,76.67,55.75,33.91825665823025,45.73644255872493
2023-05-13 12:00:00+00:00,5.06,72.95,50.0,31.602935686391277,42.353063079848404
2023-05-13 13:00:00+00:00,6.17,75.89,63.16,39.716936028505806,48.7470327752538
2023-05-13 14:00:00+00:00,27.72,80.94,74.64,51.64749477087851,56.768965847668284
2023-05-13 15:00:00+00:00,77.26,94.01,90.3,72.0267959442423,72.21238412322491
2023-05-13 16:00:00+00:00,105.98,107.98,102.7,93.987592817485,88.57808743911367
2023-05-13 17:00:00+00:00,111.12,122.22,108.05,112.84630840602398,103.9857147234949
2023-05-13 18:00:00+00:00,119.32,124.98,111.81,116.46420533546926,107.61341829377216
2023-05-13 19:00:00+00:00,114.43,117.99,108.71,109.35976158697501,103.4744375185853
2023-05-13 20:00:00+00:00,109.96,101.18,103.12,95.79066664212056,91.45576333379404
2023-05-13 21:00:00+00:00,104.97,97.82,92.38,88.41407463554577,85.31191658673279
2023-05-13 22:00:00+00:00,102.37,104.91,92.65,96.55695128225305,95.3358596880069
2023-05-13 23:00:00+00:00,98.18,99.98,86.17,91.9750340254983,88.11488792626226
2023-05-14 00:00:00+00:00,94.3,95.85,82.66,88.18951911085486,82.12332868763342
2023-05-14 01:00:00+00:00,85.95,98.55,83.51,89.61081663840568,81.37308725179398
2023-05-14 02:00:00+00:00,87.29,99.49,82.94,89.67388709532801,78.72347783641679
2023-05-14 03:00:00+00:00,95.08,100.18,84.07,89.66206752348309,76.15035362720604
2023-05-14 04:00:00+00:00,81.33,96.96,83.14,84.85574473426152,71.18420041585463
2023-05-14 05:00:00+00:00,73.87,94.72,81.87,78.36926643842898,68.51553068904965
2023-05-14 06:00:00+00:00,75.69,94.47,75.87,72.33225000522816,68.1328488903344
2023-05-14 07:00:00+00:00,54.9,89.08,67.6,59.95620205358706,61.93246859517201
2023-05-14 08:00:00+00:00,25.09,73.1,33.9,40.826539289334406,46.77750575379669
2023-05-14 09:00:00+00:00,13.89,30.12,5.09,14.462687181128231,16.11147753844591
2023-05-14 10:00:00+00:00,9.73,15.53,-0.04,6.999227644549592,5.271783463296231
2023-05-14 11:00:00+00:00,1.85,5.55,-0.99,3.1961503212912135,-2.131198432816589
2023-05-14 12:00:00+00:00,0.16,5.06,-0.03,5.846391741375314,-2.102095400581831
2023-05-14 13:00:00+00:00,1.78,6.17,15.44,14.076948029595926,3.074552775389961
2023-05-14 14:00:00+00:00,32.29,27.72,56.62,40.10152176041309,27.27221619199149
2023-05-14 15:00:00+00:00,90.5,77.26,75.97,81.82395511498692,69.43850691293788
2023-05-14 16:00:00+00:00,105.63,105.98,94.94,113.69141135858311,97.97521229184257
2023-05-14 17:00:00+00:00,116.0,111.12,99.36,127.58899740474911,107.30515232440004
2023-05-14 18:00:00+00:00,127.13,119.32,106.45,137.61569244333612,117.4872586436104
2023-05-14 19:00:00+00:00,127.99,114.43,105.02,134.1555456546066,116.09193235649231
2023-05-14 20:00:00+00:00,119.14,109.96,99.3,128.88467313162005,112.51917789508221
2023-05-14 21:00:00+00:00,107.92,104.97,96.07,121.15024047701112,106.6516059849668
2023-05-14 22:00:00+00:00,119.04,102.37,85.92,126.08154696665002,112.63833104505036
2023-05-14 23:00:00+00:00,107.61,98.18,83.93,122.75874137157324,108.77758654906339
2023-05-15 00:00:00+00:00,103.54,94.3,83.78,120.53712540484057,105.55005249130846
2023-05-15 01:00:00+00:00,108.87,85.95,83.13,117.97607242466272,100.50771230129982
2023-05-15 02:00:00+00:00,108.03,87.29,84.09,122.30701822608631,102.84987631607888
2023-05-15 03:00:00+00:00,126.15,95.08,90.91,133.6221304074677,111.89318516852714
2023-05-15 04:00:00+00:00,151.03,81.33,104.12,137.656790804955,111.1641359291007
2023-05-15 05:00:00+00:00,168.79,73.87,119.45,137.03356118420064,112.51186793115644
2023-05-15 06:00:00+00:00,149.12,75.69,110.97,131.89675319143146,114.32982922154294
2023-05-15 07:00:00+00:00,124.81,54.9,100.01,109.2820307041536,97.80369485004334
2023-05-15 08:00:00+00:00,105.58,25.09,91.83,83.41274724468761,75.12466233414165
2023-05-15 09:00:00+00:00,99.62,13.89,81.64,69.04914704586709,62.53038850180946
2023-05-15 10:00:00+00:00,94.75,9.73,80.41,62.55339314113742,57.20035209764908
2023-05-15 11:00:00+00:00,90.77,1.85,74.32,54.589113866774056,48.66783067658207
2023-05-15 12:00:00+00:00,89.42,0.16,74.09,49.74626986212748,45.103649740066096
2023-05-15 13:00:00+00:00,90.54,1.78,78.0,48.51425771666908,45.40695919817431
2023-05-15 14:00:00+00:00,91.39,32.29,84.01,66.7965663358862,67.51723421415826
2023-05-15 15:00:00+00:00,100.05,90.5,97.05,107.15415160469962,113.30359091034393
2023-05-15 16:00:00+00:00,117.84,105.63,110.04,127.07095898316112,129.02703332987798
2023-05-15 17:00:00+00:00,124.98,116.0,132.9,143.64654725905086,140.86403261392394
2023-05-15 18:00:00+00:00,131.79,127.13,128.41,150.9844308293229,148.67457587216296
2023-05-15 19:00:00+00:00,124.07,127.99,121.99,146.47580976406232,147.8916451182478
2023-05-15 20:00:00+00:00,110.59,119.14,112.56,133.91605860097434,138.96097636332496
2023-05-15 21:00:00+00:00,93.79,107.92,99.38,118.87373550294575,126.8308630026013
2023-05-15 22:00:00+00:00,78.96,119.04,95.96,107.14597744975114,122.7466682313841
2023-05-15 23:00:00+00:00,73.1,107.61,87.52,97.93770367869654,112.8472994028196
2023-05-16 00:00:00+00:00,70.01,103.54,84.6,93.75251219661479,109.05796416069485
2023-05-16 01:00:00+00:00,63.56,108.87,84.17,96.83631648686621,112.39230110428485
2023-05-16 02:00:00+00:00,65.9,108.03,85.25,99.31438329844833,113.15384364572421
2023-05-16 03:00:00+00:00,74.39,126.15,92.45,115.81040292263607,129.38526573264843
2023-05-16 04:00:00+00:00,99.77,151.03,111.58,141.1400888676419,154.25326829961037
2023-05-16 05:00:00+00:00,114.99,168.79,121.0,155.69944860512112,171.43483524366735
2023-05-16 06:00:00+00:00,119.54,149.12,117.88,142.4741266983021,159.55636130266333
2023-05-16 07:00:00+00:00,102.83,124.81,104.96,119.41368751348558,138.79965964009085
2023-05-16 08:00:00+00:00,82.77,105.58,88.84,98.48435451089128,120.13959422177477
2023-05-16 09:00:00+00:00,76.0,99.62,70.95,85.81747744751902,111.19113780271353
2023-05-16 10:00:00+00:00,66.84,94.75,65.76,74.93764701029889,103.90003695304297
2023-05-16 11:00:00+00:00,52.09,90.77,61.91,64.93296565043592,96.41163876182985
2023-05-16 12:00:00+00:00,21.25,89.42,68.29,58.387094632584976,91.84075224164056
2023-05-16 13:00:00+00:00,12.59,90.54,80.8,57.376701188300586,90.63924922305593
2023-05-16 14:00:00+00:00,43.23,91.39,84.44,59.9780320153061,91.71692271689881
2023-05-16 15:00:00+00:00,74.0,100.05,100.06,75.3282960080881,104.65140520399304
2023-05-16 16:00:00+00:00,87.44,117.84,116.34,96.29648505472869,121.50992374108536
2023-05-16 17:00:00+00:00,105.0,124.98,121.93,110.13553273100656,129.3180288512087
2023-05-16 18:00:00+00:00,110.09,131.79,121.05,118.3411675362533,134.7158513197565
2023-05-16 19:00:00+00:00,106.52,124.07,110.97,111.52521139931298,128.050444153722
2023-05-16 20:00:00+00:00,104.99,110.59,104.67,98.7473015945375,116.04285132871779
2023-05-16 21:00:00+00:00,97.23,93.79,89.93,81.78472931015666,99.58446788123003
2023-05-16 22:00:00+00:00,77.65,78.96,94.79,63.542474351450636,80.03257220188513
2023-05-16 23:00:00+00:00,70.39,73.1,90.05,58.56637173939244,74.03456573138124
2023-05-17 00:00:00+00:00,70.65,70.01,88.38,57.27842090341598,71.23418097875813
2023-05-17 01:00:00+00:00,70.0,63.56,86.19,57.60032777904395,68.0955403458867
2023-05-17 02:00:00+00:00,72.52,65.9,88.39,64.07038662453814,71.29454744569838
2023-05-17 03:00:00+00:00,79.83,74.39,90.18,76.60097166347427,81.17586243760529
2023-05-17 04:00:00+00:00,105.16,99.77,107.57,101.74008274524829,107.98976942579215
2023-05-17 05:00:00+00:00,113.18,114.99,120.6,111.15355286201722,124.11468734395166
2023-05-17 06:00:00+00:00,109.99,119.54,133.0,106.21047013830865,127.57110704605081
2023-05-17 07:00:00+00:00,94.7,102.83,110.22,83.56896212954841,110.38652047797432
2023-05-17 08:00:00+00:00,76.08,82.77,105.89,64.72467347012288,94.18924595694158
2023-05-17 09:00:00+00:00,58.41,76.0,100.94,55.860134740351455,87.88755643416192
2023-05-17 10:00:00+00:00,27.57,66.84,96.83,46.1440541190055,79.28097742604629
2023-05-17 11:00:00+00:00,15.62,52.09,92.91,35.79385875618871,67.16921711227499
2023-05-17 12:00:00+00:00,8.57,21.25,91.72,19.0348199974149,44.98101528232542
2023-05-17 13:00:00+00:00,10.07,12.59,96.3,19.574232175044273,39.764354526149056
2023-05-17 14:00:00+00:00,47.19,43.23,107.92,44.85654126530045,62.01940422979279
2023-05-17 15:00:00+00:00,79.09,74.0,117.48,73.94117607255525,85.33056171306731
2023-05-17 16:00:00+00:00,102.15,87.44,120.39,97.23499172671038,97.80130453575923
2023-05-17 17:00:00+00:00,119.59,105.0,140.38,122.30139249222742,114.05611889929669
2023-05-17 18:00:00+00:00,133.5,110.09,147.49,131.41554259363676,118.93393910350602
2023-05-17 19:00:00+00:00,130.16,106.52,134.4,125.56978592248578,113.95772005664384
2023-05-17 20:00:00+00:00,111.0,104.99,117.59,116.95028744257475,108.28568863691133
2023-05-17 21:00:00+00:00,102.94,97.23,109.84,105.81320072618001,98.2027193101865
2023-05-17 22:00:00+00:00,100.59,77.65,100.0,84.94120771715524,74.50859522390398
2023-05-17 23:00:00+00:00,96.35,70.39,96.94,79.04051559320067,67.50497696360783
2023-05-18 00:00:00+00:00,89.24,70.65,96.0,78.68996811993324,66.15020203873317
2023-05-18 01:00:00+00:00,90.01,70.0,97.28,80.32941617665243,64.94369812806127
2023-05-18 02:00:00+00:00,96.93,72.52,97.9,84.11093761681687,66.17692486325662
2023-05-18 03:00:00+00:00,100.47,79.83,104.23,90.41334647174273,70.92850263821491
2023-05-18 04:00:00+00:00,100.42,105.16,121.11,105.22763687980571,90.45350392988179
2023-05-18 05:00:00+00:00,94.83,113.18,148.33,108.62634318873971,100.79932193668748
2023-05-18 06:00:00+00:00,90.29,109.99,167.78,101.02509947437986,102.39545413792577
2023-05-18 07:00:00+00:00,80.34,94.7,135.47,78.81675061330887,87.48055542037419
2023-05-18 08:00:00+00:00,72.06,76.08,126.71,59.33641656465559,72.31220784531338
2023-05-18 09:00:00+00:00,65.03,58.41,115.79,46.17187243110433,59.416920113412544
2023-05-18 10:00:00+00:00,62.87,27.57,104.53,25.624895588761134,35.64822101651619
2023-05-18 11:00:00+00:00,43.52,15.62,100.01,15.849874781355226,23.636810200275335
2023-05-18 12:00:00+00:00,29.41,8.57,99.37,11.530112917055689,14.935366054613212
2023-05-18 13:00:00+00:00,43.08,10.07,109.51,17.75673200499108,15.74174903978394
2023-05-18 14:00:00+00:00,71.56,47.19,113.54,47.40362300158179,43.850001234968836
2023-05-18 15:00:00+00:00,84.59,79.09,115.27,76.29892427404656,68.91236307103038
2023-05-18 16:00:00+00:00,103.08,102.15,123.63,102.08024200925414,89.10930828934917
2023-05-18 17:00:00+00:00,115.53,119.59,147.0,123.41628318183997,107.19484726665186
2023-05-18 18:00:00+00:00,125.87,133.5,132.8,131.20914678473312,116.66156942255432
2023-05-18 19:00:00+00:00,117.18,130.16,118.4,125.57406278209675,114.55210596684653
2023-05-18 20:00:00+00:00,109.61,111.0,113.99,110.81388285015318,101.7550506972149
2023-05-18 21:00:00+00:00,98.76,102.94,101.66,100.0187397872425,93.01959110836593
2023-05-18 22:00:00+00:00,93.02,100.59,98.53,101.31568865497474,96.21328676198715
2023-05-18 23:00:00+00:00,83.2,96.35,90.55,97.21387067709416,90.78888262174644
2023-05-19 00:00:00+00:00,80.23,89.24,89.84,94.34066397227865,85.38748161260094
2023-05-19 01:00:00+00:00,77.03,90.01,90.0,97.13939050715359,85.7552092582484
2023-05-19 02:00:00+00:00,84.16,96.93,90.84,104.65637571676982,91.36730078431917
2023-05-19 03:00:00+00:00,99.33,100.47,98.99,113.85089977996039,97.59541681473517
2023-05-19 04:00:00+00:00,111.0,100.42,116.99,124.3282909347424,106.76363952560078
2023-05-19 05:00:00+00:00,109.97,94.83,130.0,124.38800489571813,108.99206674758314
2023-05-19 06:00:00+00:00,106.0,90.29,137.98,117.23938491106406,108.05318770222173
2023-05-19 07:00:00+00:00,93.89,80.34,113.3,96.39458154024155,96.51559640374208
2023-05-19 08:00:00+00:00,70.37,72.06,101.6,78.31910766381216,87.3149881699056
2023-05-19 09:00:00+00:00,60.56,65.03,97.48,67.2072498803249,80.1750970193845
2023-05-19 10:00:00+00:00,60.91,62.87,83.42,60.2348952846837,72.30228666951048
2023-05-19 11:00:00+00:00,57.79,43.52,76.67,49.23858452475267,54.64447728304268
2023-05-19 12:00:00+00:00,57.93,29.41,72.95,41.889856140480774,41.37456090953001
2023-05-19 13:00:00+00:00,63.62,43.08,75.89,51.09245493203787,48.86245517074472
2023-05-19 14:00:00+00:00,72.15,71.56,80.94,72.40817014591184,70.56074073180662
2023-05-19 15:00:00+00:00,87.19,84.59,94.01,88.19451822729651,84.40746050945418
2023-05-19 16:00:00+00:00,103.67,103.08,107.98,106.02503715760514,101.48809927642472
2023-05-19 17:00:00+00:00,116.29,115.53,122.22,119.22912552742262,113.82690093720034
2023-05-19 18:00:00+00:00,115.93,125.87,124.98,123.94849512768548,121.64986991680148
2023-05-19 19:00:00+00:00,105.02,117.18,117.99,112.06881574598762,114.40191297823233
2023-05-19 20:00:00+00:00,99.79,109.61,101.18,98.48176199358485,104.67890878434821
2023-05-19 21:00:00+00:00,85.78,98.76,97.82,86.38684023182103,94.07964037463941
2023-05-19 22:00:00+00:00,78.74,93.02,104.91,78.10362073775174,88.77393916338804
2023-05-19 23:00:00+00:00,74.0,83.2,99.98,70.51066403833883,78.3277407898774
2023-05-20 00:00:00+00:00,68.08,80.23,95.85,65.97642542030223,72.22147948630726
2023-05-20 01:00:00+00:00,65.83,77.03,98.55,63.53947829812022,67.64690934637625
2023-05-20 02:00:00+00:00,65.05,84.16,99.49,66.66403936874306,70.05196027290869
2023-05-20 03:00:00+00:00,65.7,99.33,100.18,73.26766965922721,77.07216633025254
2023-05-20 04:00:00+00:00,62.08,111.0,96.96,77.65577571191409,82.39837877968151
2023-05-20 05:00:00+00:00,62.46,109.97,94.72,76.10705612635059,80.6705636964613
2023-05-20 06:00:00+00:00,59.76,106.0,94.47,70.71217993103338,78.32521707040635
2023-05-20 07:00:00+00:00,40.04,93.89,89.08,54.30608634449355,68.66664679977211
2023-05-20 08:00:00+00:00,4.44,70.37,73.1,29.40326147127182,49.54956778059582
2023-05-20 09:00:00+00:00,0.28,60.56,30.12,11.846178080451764,36.57740119451147
2023-05-20 10:00:00+00:00,-1.43,60.91,15.53,5.467416154763043,33.172894079569204
2023-05-20 11:00:00+00:00,-1.27,57.79,5.55,-1.9017051538163656,26.442300115581162
2023-05-20 12:00:00+00:00,-0.09,57.93,5.06,-3.1954795455525726,24.407624302528546
2023-05-20 13:00:00+00:00,0.0,63.62,6.17,4.771945784861941,30.46926109008703
2023-05-20 14:00:00+00:00,1.32,72.15,27.72,21.414371655064883,43.859142579119464
2023-05-20 15:00:00+00:00,25.94,87.19,77.26,47.54624477000744,65.56106606603903
2023-05-20 16:00:00+00:00,53.68,103.67,105.98,74.92136544765893,86.67256394349712
2023-05-20 17:00:00+00:00,78.44,116.29,111.12,94.0375967566321,100.62527605716582
2023-05-20 18:00:00+00:00,87.69,115.93,119.32,97.62691376372861,103.89679017870607
2023-05-20 19:00:00+00:00,81.06,105.02,114.43,87.26211878400822,97.03505634677069
2023-05-20 20:00:00+00:00,78.6,99.79,109.96,78.88745891142746,92.6136943141009
2023-05-20 21:00:00+00:00,73.02,85.78,104.97,65.95218750209293,80.08876729903696
2023-05-20 22:00:00+00:00,52.2,78.74,102.37,65.50628094491753,80.79003564734289
2023-05-20 23:00:00+00:00,40.04,74.0,98.18,61.187111208243415,73.68475514156852
2023-05-21 00:00:00+00:00,33.88,68.08,94.3,56.70699009345696,66.29143769948749
2023-05-21 01:00:00+00:00,28.76,65.83,85.95,54.84866724968309,60.89106913958564
2023-05-21 02:00:00+00:00,29.95,65.05,87.29,55.384613349254586,58.153825080470746
2023-05-21 03:00:00+00:00,28.26,65.7,95.08,56.57407930961725,56.786204802777746
2023-05-21 04:00:00+00:00,30.79,62.08,81.33,49.573937673553154,49.2384930152351
2023-05-21 05:00:00+00:00,27.55,62.46,73.87,45.231947366245464,46.767669423974205
2023-05-21 06:00:00+00:00,20.0,59.76,75.69,39.46570832428697,45.00737877522775
2023-05-21 07:00:00+00:00,2.14,40.04,54.9,18.329732036378303,29.09412607528725
2023-05-21 08:00:00+00:00,0.0,4.44,25.09,-14.468220081186374,0.6240850931014279
2023-05-21 09:00:00+00:00,-0.48,0.28,13.89,-23.221899616535538,-2.803536955180064
2023-05-21 10:00:00+00:00,-7.92,-1.43,9.73,-28.749655318886553,-4.334915977769569
2023-05-21 11:00:00+00:00,-25.03,-1.27,1.85,-32.68866382074491,-6.038067272045467
2023-05-21 12:00:00+00:00,-41.37,-0.09,0.16,-29.976094683636447,-4.803358966413569
2023-05-21 13:00:00+00:00,-19.58,0.0,1.78,-22.084240294092794,-1.5990051037602626
2023-05-21 14:00:00+00:00,-0.41,1.32,32.29,-5.145984649367222,7.675794764271373
2023-05-21 15:00:00+00:00,2.22,25.94,90.5,29.16286140969362,38.4145140161366
2023-05-21 16:00:00+00:00,41.34,53.68,105.63,62.832997053757396,66.01275911640009
2023-05-21 17:00:00+00:00,85.49,78.44,116.0,88.16116436146635,88.69391287128587
2023-05-21 18:00:00+00:00,90.87,87.69,127.13,96.2373648582375,99.21029591311418
2023-05-21 19:00:00+00:00,91.0,81.06,127.99,88.95793516721858,96.41230082158035
2023-05-21 20:00:00+00:00,89.94,78.6,119.14,82.8328718538034,94.48907390289752
2023-05-21 21:00:00+00:00,83.5,73.02,107.92,73.98852214022119,86.74068679136994
2023-05-21 22:00:00+00:00,88.29,52.2,119.04,68.25898115864808,82.24855590874628
2023-05-21 23:00:00+00:00,80.06,40.04,107.61,61.80824731369822,71.54173971071069
2023-05-22 00:00:00+00:00,78.31,33.88,103.54,59.336356124021236,66.18787040464295
2023-05-22 01:00:00+00:00,77.8,28.76,108.87,60.64879265195171,63.65905979386386
2023-05-22 02:00:00+00:00,81.0,29.95,108.03,66.19474291604092,65.63307604196666
2023-05-22 03:00:00+00:00,99.03,28.26,126.15,74.33117746274394,69.38975292452136
2023-05-22 04:00:00+00:00,115.78,30.79,151.03,89.31632532859696,81.00335005532514
2023-05-22 05:00:00+00:00,120.0,27.55,168.79,92.84501834733052,86.07235069554534
2023-05-22 06:00:00+00:00,113.42,20.0,149.12,80.1512140604663,79.61551681062797
2023-05-22 07:00:00+00:00,104.31,2.14,124.81,55.941639543527785,62.38382334062006
2023-05-22 08:00:00+00:00,89.97,0.0,105.58,40.267299768043685,55.173481408787566
2023-05-22 09:00:00+00:00,78.39,-0.48,99.62,31.823549074102473,53.120205912971734
2023-05-22 10:00:00+00:00,68.38,-7.92,94.75,22.43407413317466,45.95460551234061
2023-05-22 11:00:00+00:00,65.06,-25.03,90.77,12.76505853194324,32.83867165668576
2023-05-22 12:00:00+00:00,68.01,-41.37,89.42,7.244172840274686,20.176540547862317
2023-05-22 13:00:00+00:00,72.21,-19.58,90.54,24.92665044949115,33.985635865856466
2023-05-22 14:00:00+00:00,84.26,-0.41,91.39,44.1352884095532,46.87692909968972
2023-05-22 15:00:00+00:00,101.47,2.22,100.05,59.815917492282054,52.554131350583695
2023-05-22 16:00:00+00:00,110.55,41.34,117.84,96.6235786955075,85.15051957526993
2023-05-22 17:00:00+00:00,144.26,85.49,124.98,130.3456341338956,119.08094919298433
2023-05-22 18:00:00+00:00,158.57,90.87,131.79,134.79656258247027,124.38895219406353
2023-05-22 19:00:00+00:00,125.04,91.0,124.07,128.39520369332263,122.55459795124023
2023-05-22 20:00:00+00:00,110.33,89.94,110.59,119.48843386303167,118.41653255805626
2023-05-22 21:00:00+00:00,101.45,83.5,93.79,107.50011542419696,108.97888070648057
2023-05-22 22:00:00+00:00,91.39,88.29,78.96,92.7770220150621,97.7887897771501
2023-05-22 23:00:00+00:00,78.61,80.06,73.1,86.07947229029442,89.64727748468657
2023-05-23 00:00:00+00:00,77.09,78.31,70.01,84.03594061218101,87.30971997111389
2023-05-23 01:00:00+00:00,69.58,77.8,63.56,83.42403082223899,85.80807049824338
2023-05-23 02:00:00+00:00,70.0,81.0,65.9,87.38460690031303,89.32308886817884
2023-05-23 03:00:00+00:00,78.64,99.03,74.39,102.38858248392083,105.34046386121615
2023-05-23 04:00:00+00:00,101.09,115.78,99.77,123.09856106708277,126.83472349772603
2023-05-23 05:00:00+00:00,105.39,120.0,114.99,129.81430927200273,135.77704937010392
2023-05-23 06:00:00+00:00,101.0,113.42,119.54,122.84180607082794,132.37529116250002
2023-05-23 07:00:00+00:00,91.87,104.31,102.83,109.55940304585737,121.36617512208478
2023-05-23 08:00:00+00:00,84.6,89.97,82.77,93.55457359981114,107.70765919684717
2023-05-23 09:00:00+00:00,74.53,78.39,76.0,80.53117847693294,97.91640788676499
2023-05-23 10:00:00+00:00,43.88,68.38,66.84,65.83279823363225,86.99500824065565
2023-05-23 11:00:00+00:00,24.04,65.06,52.09,52.427370585705674,78.51920627733197
2023-05-23 12:00:00+00:00,5.55,68.01,21.25,39.36187525122038,71.16549106818296
2023-05-23 13:00:00+00:00,3.54,72.21,12.59,36.33870528205374,71.53144320921497
2023-05-23 14:00:00+00:00,12.81,84.26,43.23,47.110695139890154,82.77803715452994
2023-05-23 15:00:00+00:00,61.72,101.47,74.0,63.31000220174589,96.97032006905275
2023-05-23 16:00:00+00:00,78.09,110.55,87.44,80.11975487615311,108.33780897668335
2023-05-23 17:00:00+00:00,95.27,144.26,105.0,112.84469753523229,138.4037008269736
2023-05-23 18:00:00+00:00,100.95,158.57,110.09,126.9634180284765,149.749895825277
2023-05-23 19:00:00+00:00,103.34,125.04,106.52,108.15747205090513,126.18169082075515
2023-05-23 20:00:00+00:00,100.09,110.33,104.99,96.67313605797713,114.48103589315458
2023-05-23 21:00:00+00:00,93.78,101.45,97.23,86.298565285439,104.28237201855755
2023-05-23 22:00:00+00:00,83.0,91.39,77.65,68.4633315407926,83.68855173218319
2023-05-23 23:00:00+00:00,76.09,78.61,70.39,59.91440082272946,72.85752321870073
2023-05-24 00:00:00+00:00,75.13,77.09,70.65,61.00210167792751,71.47806955009312
2023-05-24 01:00:00+00:00,76.31,69.58,70.0,61.34156686861688,66.34954890986464
2023-05-24 02:00:00+00:00,76.58,70.0,72.52,68.13910061712627,68.00358602073595
2023-05-24 03:00:00+00:00,86.4,78.64,79.83,82.67111795029403,78.650820637618
2023-05-24 04:00:00+00:00,108.45,101.09,105.16,107.81434387423509,103.67681499963194
2023-05-24 05:00:00+00:00,124.15,105.39,113.18,114.77174171755122,111.80369247948776
2023-05-24 06:00:00+00:00,109.66,101.0,109.99,109.62384073722195,109.50130560787815
2023-05-24 07:00:00+00:00,99.01,91.87,94.7,96.60098427288857,99.66203495262683
2023-05-24 08:00:00+00:00,85.92,84.6,76.08,86.04811134844559,90.33962999568143
2023-05-24 09:00:00+00:00,81.0,74.53,58.41,76.7153887946324,80.06210549765666
2023-05-24 10:00:00+00:00,80.58,43.88,27.57,54.35297609715816,53.35363672017778
2023-05-24 11:00:00+00:00,83.0,24.04,15.62,41.60591621533288,37.015271362963595
2023-05-24 12:00:00+00:00,75.21,5.55,8.57,31.367903339904657,23.180663547877444
2023-05-24 13:00:00+00:00,88.06,3.54,10.07,32.764700477673614,21.659530335705455
2023-05-24 14:00:00+00:00,95.6,12.81,47.19,47.221132699933875,33.31838952294336
2023-05-24 15:00:00+00:00,107.78,61.72,79.09,85.21610274366654,72.70935518788495
2023-05-24 16:00:00+00:00,116.24,78.09,102.15,105.82936852000692,89.01264378461293
2023-05-24 17:00:00+00:00,170.56,95.27,119.59,125.22698972598404,106.1043657415249
2023-05-24 18:00:00+00:00,182.68,100.95,133.5,130.78970067728878,111.68868932594833
2023-05-24 19:00:00+00:00,153.51,103.34,130.16,126.4969877455347,109.93632248462471
2023-05-24 20:00:00+00:00,116.24,100.09,111.0,115.22767631363946,102.79604953706105
2023-05-24 21:00:00+00:00,103.4,93.78,102.94,103.67653418348482,94.50733710950975
2023-05-24 22:00:00+00:00,102.22,83.0,100.59,90.07389562221391,80.35525691600888
2023-05-24 23:00:00+00:00,93.84,76.09,96.35,82.55787815151115,73.36073683109642
2023-05-25 00:00:00+00:00,90.95,75.13,89.24,79.64169154226069,71.25367631868377
2023-05-25 01:00:00+00:00,88.88,76.31,90.01,81.07342013947535,71.95114306858159
2023-05-25 02:00:00+00:00,90.71,76.58,96.93,84.25776268331683,73.69522864538324
2023-05-25 03:00:00+00:00,99.64,86.4,100.47,95.13562683253488,83.5740641112428
2023-05-25 04:00:00+00:00,122.58,108.45,100.42,115.12473705266241,105.72790169794068
2023-05-25 05:00:00+00:00,124.48,124.15,94.83,124.56736859774897,120.58950779981328
2023-05-25 06:00:00+00:00,104.0,109.66,90.29,109.9014406294144,111.56259385585192
2023-05-25 07:00:00+00:00,83.35,99.01,80.34,91.00016773598938,101.57481878510579
2023-05-25 08:00:00+00:00,70.85,85.92,72.06,72.62704439685622,90.54005834793168
2023-05-25 09:00:00+00:00,55.56,81.0,65.03,60.878681621004105,84.45920069822844
2023-05-25 10:00:00+00:00,41.28,80.58,62.87,51.97262923321006,79.29871818451346
2023-05-25 11:00:00+00:00,16.7,83.0,43.52,44.876889414309034,74.17022457354275
2023-05-25 12:00:00+00:00,20.26,75.21,29.41,33.336347170141124,62.26281039035823
2023-05-25 13:00:00+00:00,10.27,88.06,43.08,40.81609932953431,69.5916088898959
2023-05-25 14:00:00+00:00,40.99,95.6,71.56,50.64023847796959,75.98585093680796
2023-05-25 15:00:00+00:00,73.33,107.78,84.59,71.76755874954623,90.47007227494358
2023-05-25 16:00:00+00:00,94.16,116.24,103.08,92.3547888531018,101.0190323209669
2023-05-25 17:00:00+00:00,110.64,170.56,115.53,136.82150714141738,143.42093726542885
2023-05-25 18:00:00+00:00,124.8,182.68,125.87,148.87434220635248,154.65234834958096
2023-05-25 19:00:00+00:00,108.69,153.51,117.18,127.8628344907555,133.93211961700024
2023-05-25 20:00:00+00:00,100.48,116.24,109.61,100.40303334921333,106.16927371271179
2023-05-25 21:00:00+00:00,90.94,103.4,98.76,86.39436621809841,92.98729544712674
2023-05-25 22:00:00+00:00,88.11,102.22,93.02,90.03770287353288,93.64041758648489
2023-05-25 23:00:00+00:00,76.4,93.84,83.2,83.2873255875961,84.96106439524587
2023-05-26 00:00:00+00:00,74.57,90.95,80.23,81.2889964203944,81.78363282816385
2023-05-26 01:00:00+00:00,74.63,88.88,77.03,81.39342006172296,80.11543813993748
2023-05-26 02:00:00+00:00,78.99,90.71,84.16,86.12787381352496,83.00464840410895
2023-05-26 03:00:00+00:00,89.59,99.64,99.33,98.17834477269601,93.5941285422678
2023-05-26 04:00:00+00:00,104.94,122.58,111.0,120.82764376678367,117.77776727108969
2023-05-26 05:00:00+00:00,105.6,124.48,109.97,124.65455116568786,124.73416616343692
2023-05-26 06:00:00+00:00,100.65,104.0,106.0,105.33394999086961,111.08365426405945
2023-05-26 07:00:00+00:00,81.44,83.35,93.89,79.3296506781898,93.93284912788067
2023-05-26 08:00:00+00:00,56.25,70.85,70.37,57.6463013717248,80.26416321439282
2023-05-26 09:00:00+00:00,33.16,55.56,60.56,41.2221525262445,67.69762592740767
2023-05-26 10:00:00+00:00,21.02,41.28,60.91,29.268608436481884,56.525027739716556
2023-05-26 11:00:00+00:00,0.97,16.7,57.79,13.979157008263428,38.27074781826878
2023-05-26 12:00:00+00:00,0.0,20.26,57.93,14.688576351177318,38.6814858158287
2023-05-26 13:00:00+00:00,0.07,10.27,63.62,13.945751671407464,33.43125767407231
2023-05-26 14:00:00+00:00,22.92,40.99,72.15,37.57434764008188,55.46721250577025
2023-05-26 15:00:00+00:00,53.59,73.33,87.19,68.921362967863,81.09363832761885
2023-05-26 16:00:00+00:00,88.28,94.16,103.67,97.31737129140575,99.49750001227589
2023-05-26 17:00:00+00:00,110.82,110.64,116.29,121.00076027855894,116.87552243350606
2023-05-26 18:00:00+00:00,115.62,124.8,115.93,130.4752087867947,126.34676013029336
2023-05-26 19:00:00+00:00,110.0,108.69,105.02,114.94610160575428,111.25634974544744
2023-05-26 20:00:00+00:00,99.5,100.48,99.79,102.91876105004131,101.2103977621585
2023-05-26 21:00:00+00:00,92.5,90.94,85.78,91.62545684856921,90.03856016302478
2023-05-26 22:00:00+00:00,89.69,88.11,78.74,87.3516917907472,83.9927744011443
2023-05-26 23:00:00+00:00,83.53,76.4,74.0,78.97986332260112,72.40113326723107
2023-05-27 00:00:00+00:00,84.73,74.57,68.08,76.41433628482744,67.37864003094751
2023-05-27 01:00:00+00:00,86.33,74.63,65.83,76.63324797589932,64.22534647581622
2023-05-27 02:00:00+00:00,91.25,78.99,65.05,79.87762325917494,64.29295653912887
2023-05-27 03:00:00+00:00,90.0,89.59,65.7,85.42243838996598,68.33394959605084
2023-05-27 04:00:00+00:00,82.7,104.94,62.08,91.07668268432184,76.72863202625342
2023-05-27 05:00:00+00:00,82.99,105.6,62.46,85.73282690370246,76.23711127723372
2023-05-27 06:00:00+00:00,72.61,100.65,59.76,73.06120744613622,71.41223148505593
2023-05-27 07:00:00+00:00,55.06,81.44,40.04,48.30397508790193,54.36537556421787
2023-05-27 08:00:00+00:00,16.37,56.25,4.44,21.122148608262577,31.59628489465021
2023-05-27 09:00:00+00:00,1.45,33.16,0.28,1.8588989585971092,13.892227854030907
2023-05-27 10:00:00+00:00,0.0,21.02,-1.43,-9.070149832333527,3.8897653083952264
2023-05-27 11:00:00+00:00,-6.03,0.97,-1.27,-23.072682914809747,-12.315315533590052
2023-05-27 12:00:00+00:00,-2.39,0.0,-0.09,-21.92986941068203,-12.306326537711527
2023-05-27 13:00:00+00:00,0.51,0.07,0.0,-16.505319578829827,-11.796931144011936
2023-05-27 14:00:00+00:00,2.26,22.92,1.32,8.40892518136532,9.074528416811845
2023-05-27 15:00:00+00:00,55.08,53.59,25.94,46.777029447305004,40.19344201962316
2023-05-27 16:00:00+00:00,84.85,88.28,53.68,89.3087732833328,73.55416650946198
2023-05-27 17:00:00+00:00,100.38,110.82,78.44,119.31706770640275,96.81425983919871
2023-05-27 18:00:00+00:00,124.93,115.62,87.69,126.76433277285851,104.18828292046398
2023-05-27 19:00:00+00:00,113.08,110.0,81.06,120.72597210562026,100.19285384707489
2023-05-27 20:00:00+00:00,100.03,99.5,78.6,111.22281522634128,93.25143525912384
2023-05-27 21:00:00+00:00,94.71,92.5,73.02,101.49641114875041,85.66373783809757
2023-05-27 22:00:00+00:00,87.09,89.69,52.2,97.05879163011895,85.91545941607242
2023-05-27 23:00:00+00:00,84.0,83.53,40.04,88.77353545137427,76.67661917768027
2023-05-28 00:00:00+00:00,81.92,84.73,33.88,87.03546023394117,73.98755605561766
2023-05-28 01:00:00+00:00,77.87,86.33,28.76,86.77703803403364,71.35892801349983
2023-05-28 02:00:00+00:00,77.86,91.25,29.95,89.70844941022703,71.83905103576879
2023-05-28 03:00:00+00:00,76.47,90.0,28.26,87.34872722277134,67.07787218654482
2023-05-28 04:00:00+00:00,72.02,82.7,30.79,77.94222849033284,58.627640646868855
2023-05-28 05:00:00+00:00,64.84,82.99,27.55,68.65901550786634,56.49509894740352
2023-05-28 06:00:00+00:00,37.7,72.61,20.0,51.07605009127648,48.29548078422438
2023-05-28 07:00:00+00:00,0.0,55.06,2.14,27.430664534229663,32.948043851714104
2023-05-28 08:00:00+00:00,-3.08,16.37,0.0,-3.725310835539034,4.583452092347457
2023-05-28 09:00:00+00:00,-18.05,1.45,-0.48,-17.12870326991758,-5.96413865032649
2023-05-28 10:00:00+00:00,-48.72,0.0,-7.92,-23.244387047961055,-9.341862734266911
2023-05-28 11:00:00+00:00,-129.91,-6.03,-25.03,-32.558215295147036,-18.490738491448482
2023-05-28 12:00:00+00:00,-129.96,-2.39,-41.37,-33.240926286402114,-18.619096284261317
2023-05-28 13:00:00+00:00,-98.08,0.51,-19.58,-24.017006449448488,-12.468861946945069
2023-05-28 14:00:00+00:00,-18.68,2.26,-0.41,-9.135453011371283,-3.1471695293278543
2023-05-28 15:00:00+00:00,-0.06,55.08,2.22,34.70017653820645,39.81738344257143
2023-05-28 16:00:00+00:00,50.0,84.85,41.34,70.99609588034025,73.11787220928657
2023-05-28 17:00:00+00:00,72.9,100.38,85.49,97.8139554911701,95.19382101007542
2023-05-28 18:00:00+00:00,80.01,124.93,90.87,116.08461480309478,116.50222231731053
2023-05-28 19:00:00+00:00,77.84,113.08,91.0,108.50047721705532,111.77855454822182
2023-05-28 20:00:00+00:00,73.8,100.03,89.94,97.79796947496844,104.09630787854914
2023-05-28 21:00:00+00:00,69.5,94.71,83.5,89.79066097268803,97.99670532413228
2023-05-28 22:00:00+00:00,59.23,87.09,88.29,93.28538037485215,102.22240494738178
2023-05-28 23:00:00+00:00,53.9,84.0,80.06,91.01382869487195,97.83240391478279
2023-05-29 00:00:00+00:00,51.82,81.92,78.31,90.70745132822903,95.53297007456759
2023-05-29 01:00:00+00:00,48.51,77.87,77.8,89.76193683415144,91.88033109373585
2023-05-29 02:00:00+00:00,54.52,77.86,81.0,92.31031184912383,92.15421205515854
2023-05-29 03:00:00+00:00,63.36,76.47,99.03,94.48189698742908,92.29518774428117
2023-05-29 04:00:00+00:00,67.65,72.02,115.78,92.54911452916348,90.06939119734034
2023-05-29 05:00:00+00:00,58.71,64.84,120.0,85.03681715251338,86.75860197675298
2023-05-29 06:00:00+00:00,29.92,37.7,113.42,61.2758683339306,68.78331655501742
2023-05-29 07:00:00+00:00,0.0,0.0,104.31,29.101112518544596,42.71147495399372
2023-05-29 08:00:00+00:00,-2.11,-3.08,89.97,16.58950999277768,36.839681231503725
2023-05-29 09:00:00+00:00,-21.08,-18.05,78.39,1.8669477809182098,24.66356533363802
2023-05-29 10:00:00+00:00,-55.02,-48.72,68.38,-17.063610785484528,2.5626754993469945
2023-05-29 11:00:00+00:00,-95.11,-129.91,65.06,-57.62585176433818,-51.030098993794454
2023-05-29 12:00:00+00:00,-109.45,-129.96,68.01,-54.822917543124746,-49.7822568799361
2023-05-29 13:00:00+00:00,-80.69,-98.08,72.21,-31.648124579643635,-26.644870409608046
2023-05-29 14:00:00+00:00,-19.97,-18.68,84.26,15.448873036887491,28.101310525357476
2023-05-29 15:00:00+00:00,-4.98,-0.06,101.47,39.515723780846656,48.645787293372884
2023-05-29 16:00:00+00:00,19.2,50.0,110.55,81.00793446474901,88.39447001666176
2023-05-29 17:00:00+00:00,72.08,72.9,144.26,108.86331613241038,111.37056437560825
2023-05-29 18:00:00+00:00,83.75,80.01,158.57,118.11564698840051,120.69565867271446
2023-05-29 19:00:00+00:00,85.88,77.84,125.04,110.06605708902208,115.48116944627586
2023-05-29 20:00:00+00:00,80.48,73.8,110.33,103.01596034476299,110.95676812989353
2023-05-29 21:00:00+00:00,74.26,69.5,101.45,96.82967931373629,105.3852160845089
2023-05-29 22:00:00+00:00,75.02,59.23,91.39,83.80952061517739,88.50336660300648
2023-05-29 23:00:00+00:00,71.05,53.9,78.61,80.82333520991054,82.15252166734442
2023-05-30 00:00:00+00:00,68.9,51.82,77.09,81.37504978660468,79.87256563026634
2023-05-30 01:00:00+00:00,70.03,48.51,69.58,81.63482962622776,76.47130732269555
2023-05-30 02:00:00+00:00,76.68,54.52,70.0,89.58607570434077,81.56714964490072
2023-05-30 03:00:00+00:00,85.07,63.36,78.64,101.355484543804,90.59963681770475
2023-05-30 04:00:00+00:00,97.91,67.65,101.09,114.81783710648476,102.075595238154
2023-05-30 05:00:00+00:00,117.96,58.71,105.39,113.2068217941576,101.20700286328827
2023-05-30 06:00:00+00:00,108.64,29.92,101.0,90.85148115837053,81.03401838093663
2023-05-30 07:00:00+00:00,90.06,0.0,91.87,61.675282860879136,56.05565737216022
2023-05-30 08:00:00+00:00,82.37,-2.11,84.6,50.38001305558922,52.652596996673964
2023-05-30 09:00:00+00:00,70.27,-21.08,74.53,33.645170662489946,37.26241050522602
2023-05-30 10:00:00+00:00,64.49,-55.02,43.88,7.184201246569103,6.8198101045019115
2023-05-30 11:00:00+00:00,57.36,-95.11,24.04,-23.749242877528047,-31.46276722232942
2023-05-30 12:00:00+00:00,56.48,-109.45,5.55,-34.980647142232655,-45.87671358468354
2023-05-30 13:00:00+00:00,62.66,-80.69,3.54,-16.62992608415135,-26.55755033087985
2023-05-30 14:00:00+00:00,72.07,-19.97,12.81,26.113769119826955,20.385559893137128
2023-05-30 15:00:00+00:00,88.55,-4.98,61.72,52.008747564227164,39.10897276986247
2023-05-30 16:00:00+00:00,97.97,19.2,78.09,82.18702615991549,62.89591398249386
2023-05-30 17:00:00+00:00,124.9,72.08,95.27,123.12825409296082,103.47904218176754
2023-05-30 18:00:00+00:00,154.56,83.75,100.95,131.159599551857,112.13879974736403
2023-05-30 19:00:00+00:00,125.77,85.88,103.34,127.44992417975939,113.31286865407458
2023-05-30 20:00:00+00:00,97.31,80.48,100.09,117.16282792908049,107.81587161472869
2023-05-30 21:00:00+00:00,89.65,74.26,93.78,106.13713615608825,100.12685394396355
2023-05-30 22:00:00+00:00,85.92,75.02,83.0,87.96540831963448,84.71750144582221
2023-05-30 23:00:00+00:00,82.17,71.05,76.09,84.05718682005472,79.62003023819449
2023-05-31 00:00:00+00:00,74.2,68.9,75.13,83.5778697192547,77.2585319204136
2023-05-31 01:00:00+00:00,80.02,70.03,76.31,87.29259477975363,78.01240212185098
2023-05-31 02:00:00+00:00,85.26,76.68,76.58,96.21477519725146,84.06351976629684
2023-05-31 03:00:00+00:00,91.98,85.07,86.4,109.02612793346478,94.05937928772478
2023-05-31 04:00:00+00:00,119.01,97.91,108.45,127.25359458396463,112.10929234589075
2023-05-31 05:00:00+00:00,118.42,117.96,124.15,140.36023922769817,132.44400808552402
2023-05-31 06:00:00+00:00,105.83,108.64,109.66,123.44266393104023,124.23157827143656
2023-05-31 07:00:00+00:00,86.41,90.06,99.01,95.90425981939063,106.75222772640346
2023-05-31 08:00:00+00:00,66.92,82.37,85.92,76.91816276381591,98.4370528457851
2023-05-31 09:00:00+00:00,46.42,70.27,81.0,59.94794482185267,87.11438201221061
2023-05-31 10:00:00+00:00,9.06,64.49,80.58,47.02152774340334,77.68014306104872
2023-05-31 11:00:00+00:00,-0.02,57.36,83.0,34.169361145481204,65.70694211101537
2023-05-31 12:00:00+00:00,-0.81,56.48,75.21,25.44442350490347,57.473205254966956
2023-05-31 13:00:00+00:00,-0.17,62.66,88.06,28.976312266729025,60.08455172233345
2023-05-31 14:00:00+00:00,20.16,72.07,95.6,41.44581641860296,68.94152157381139
2023-05-31 15:00:00+00:00,69.45,88.55,107.78,63.37550420848228,82.21956076278491
2023-05-31 16:00:00+00:00,86.43,97.97,116.24,85.33976664674482,92.31241492728854
2023-05-31 17:00:00+00:00,108.26,124.9,170.56,121.59346940878254,122.78667725671963
2023-05-31 18:00:00+00:00,119.6,154.56,182.68,143.075539665762,145.84241366053288
2023-05-31 19:00:00+00:00,103.69,125.77,153.51,120.13942339763989,122.74999059156256
2023-05-31 20:00:00+00:00,94.28,97.31,116.24,93.16550603616619,97.17801151026087
2023-05-31 21:00:00+00:00,83.13,89.65,103.4,81.03434876513039,87.43103680799624
2023-05-31 22:00:00+00:00,84.15,85.92,102.22,72.47760923955803,81.34111144293996
2023-05-31 23:00:00+00:00,74.3,82.17,93.84,67.7462141579135,75.98155607608547
2023-06-01 00:00:00+00:00,70.1,74.2,90.95,62.75192463125402,69.46222193048449
2023-06-01 01:00:00+00:00,66.72,80.02,88.88,67.30356732599373,73.0091054838712
2023-06-01 02:00:00+00:00,67.7,85.26,90.71,74.42936305335203,77.95427553424989
2023-06-01 03:00:00+00:00,80.45,91.98,99.64,84.99983749834661,86.18276094004334
2023-06-01 04:00:00+00:00,97.04,119.01,122.58,110.86155560077239,114.45210276605104
2023-06-01 05:00:00+00:00,108.23,118.42,124.48,112.4307959477914,120.47512631008497
2023-06-01 06:00:00+00:00,99.07,105.83,104.0,96.44774234421548,110.42898158330354
2023-06-01 07:00:00+00:00,87.3,86.41,83.35,69.91179551517708,92.25323920178766
2023-06-01 08:00:00+00:00,68.19,66.92,70.85,46.005944052660574,76.45382308790965
2023-06-01 09:00:00+00:00,59.92,46.42,55.56,24.352763195119266,59.44532073297666
2023-06-01 10:00:00+00:00,38.86,9.06,41.28,-3.1990884149433185,31.335649705523636
2023-06-01 11:00:00+00:00,9.35,-0.02,16.7,-14.707027253888342,20.478109970805676
2023-06-01 12:00:00+00:00,3.01,-0.81,20.26,-15.596767457785305,18.868967409288558
2023-06-01 13:00:00+00:00,13.35,-0.17,10.27,-11.638595413275752,18.286849040825203
2023-06-01 14:00:00+00:00,56.14,20.16,40.99,10.838924417745986,36.43679551586714
2023-06-01 15:00:00+00:00,72.0,69.45,73.33,54.0713505695928,75.85831729061192
2023-06-01 16:00:00+00:00,87.86,86.43,94.16,81.30383977792403,92.61763796351336
2023-06-01 17:00:00+00:00,100.46,108.26,110.64,108.0457952345724,112.69392148627738
2023-06-01 18:00:00+00:00,120.04,119.6,124.8,120.29755626111331,123.53368299243208
2023-06-01 19:00:00+00:00,103.43,103.69,108.69,104.8986089464189,107.95536817247394
2023-06-01 20:00:00+00:00,95.41,94.28,100.48,92.35801719796274,97.64886947553768
2023-06-01 21:00:00+00:00,86.53,83.13,90.94,79.98313005420492,85.93745904773341
2023-06-01 22:00:00+00:00,83.59,84.15,88.11,80.97278669432251,88.4923587896432
2023-06-01 23:00:00+00:00,79.4,74.3,76.4,75.25538147711018,79.10565390697717
2023-06-02 00:00:00+00:00,79.85,70.1,74.57,74.21576674010117,74.76189676961319
2023-06-02 01:00:00+00:00,77.42,66.72,74.63,76.60766215196924,73.09419111282041
2023-06-02 02:00:00+00:00,81.12,67.7,78.99,82.68120516937373,75.34416969674285
2023-06-02 03:00:00+00:00,90.88,80.45,89.59,97.10809736104598,87.37226606406472
2023-06-02 04:00:00+00:00,118.97,97.04,104.94,117.61396114691395,108.00753872522046
2023-06-02 05:00:00+00:00,125.58,108.23,105.6,125.23748930740835,120.07751371987833
2023-06-02 06:00:00+00:00,96.19,99.07,100.65,112.1931217427589,113.37473241229038
2023-06-02 07:00:00+00:00,84.37,87.3,81.44,90.12297537791358,100.43881304507056
2023-06-02 08:00:00+00:00,72.09,68.19,56.25,64.62057105112203,81.9748700269738
2023-06-02 09:00:00+00:00,63.15,59.92,33.16,47.84760565033839,70.60940880894157
2023-06-02 10:00:00+00:00,56.06,38.86,21.02,26.121729554913102,49.161286880663816
2023-06-02 11:00:00+00:00,42.61,9.35,0.97,3.9171086088460783,23.678891375398763
2023-06-02 12:00:00+00:00,36.82,3.01,0.0,-1.3370017342736986,17.212853425012554
2023-06-02 13:00:00+00:00,44.9,13.35,0.07,5.81540105885027,22.783673059533115
2023-06-02 14:00:00+00:00,58.27,56.14,22.92,36.45420016863341,54.39302749571869
2023-06-02 15:00:00+00:00,76.62,72.0,53.59,60.77212468833028,73.11388214898409
2023-06-02 16:00:00+00:00,85.96,87.86,88.28,87.51245854109686,91.45824710899647
2023-06-02 17:00:00+00:00,101.12,100.46,110.82,108.41550277541319,105.9081125198563
2023-06-02 18:00:00+00:00,110.5,120.04,115.62,121.74814014156945,120.01374943889283
2023-06-02 19:00:00+00:00,101.31,103.43,110.0,105.86675903173949,106.74313781376368
2023-06-02 20:00:00+00:00,92.56,95.41,99.5,92.04893162074231,98.34315213195939
2023-06-02 21:00:00+00:00,85.06,86.53,92.5,78.90965472117071,88.08978038474878
2023-06-02 22:00:00+00:00,84.95,83.59,89.69,76.09196184844399,83.80844746709957
2023-06-02 23:00:00+00:00,80.3,79.4,83.53,70.7562740794478,76.50501874600668
2023-06-03 00:00:00+00:00,77.79,79.85,84.73,70.79935113405162,73.77359289960668
2023-06-03 01:00:00+00:00,75.2,77.42,86.33,70.9084450416912,69.22207040717129
2023-06-03 02:00:00+00:00,80.71,81.12,91.25,74.98890365420428,69.15930189774782
2023-06-03 03:00:00+00:00,78.64,90.88,90.0,80.58079433160987,72.64317153577758
2023-06-03 04:00:00+00:00,77.76,118.97,82.7,93.43643990394216,89.36352696734653
2023-06-03 05:00:00+00:00,73.63,125.58,82.99,93.85107709584356,94.49074275676199
2023-06-03 06:00:00+00:00,70.0,96.19,72.61,70.16822791738099,73.07385912301237
2023-06-03 07:00:00+00:00,59.97,84.37,55.06,49.69559514352372,61.42461100787634
2023-06-03 08:00:00+00:00,27.36,72.09,16.37,27.10258999581019,46.45376578153126
2023-06-03 09:00:00+00:00,5.0,63.15,1.45,12.54794158037916,37.19077264535525
2023-06-03 10:00:00+00:00,-0.01,56.06,0.0,3.1812914496880893,29.284710411994254
2023-06-03 11:00:00+00:00,-4.91,42.61,-6.03,-7.495468091274063,15.613268765737601
2023-06-03 12:00:00+00:00,-3.39,36.82,-2.39,-9.135089994531299,10.565251582551483
2023-06-03 13:00:00+00:00,-0.05,44.9,0.51,0.9063264438823921,17.319360058869037
2023-06-03 14:00:00+00:00,5.38,58.27,2.26,19.838881520955837,32.34304498343228
2023-06-03 15:00:00+00:00,45.66,76.62,55.08,51.45788956211763,56.87533860411183
2023-06-03 16:00:00+00:00,75.0,85.96,84.85,77.1676859418817,73.09246624112545
2023-06-03 17:00:00+00:00,84.96,101.12,100.38,99.99535774088987,90.0426971486971
2023-06-03 18:00:00+00:00,94.9,110.5,124.93,111.78083972280116,102.6584064742247
2023-06-03 19:00:00+00:00,94.9,101.31,113.08,102.10519953486138,95.77856683841728
2023-06-03 20:00:00+00:00,87.89,92.56,100.03,90.78589616446067,88.76599100375665
2023-06-03 21:00:00+00:00,81.17,85.06,94.71,80.93574326962838,80.84657842449818
2023-06-03 22:00:00+00:00,81.12,84.95,87.09,83.08318001066414,85.27276168424315
2023-06-03 23:00:00+00:00,74.9,80.3,84.0,79.15643010129887,78.93489365081442
2023-06-04 00:00:00+00:00,72.51,77.79,81.92,77.15618307125916,74.17362093443614
2023-06-04 01:00:00+00:00,71.65,75.2,77.87,75.92108969459504,68.90316092790496
2023-06-04 02:00:00+00:00,73.14,80.71,77.86,79.65244630666004,69.65197577430385
2023-06-04 03:00:00+00:00,72.23,78.64,76.47,77.26151659668268,64.35977918473841
2023-06-04 04:00:00+00:00,69.07,77.76,72.02,72.34765620370949,61.38022162209385
2023-06-04 05:00:00+00:00,64.77,73.63,64.84,61.38401943051883,56.50260040834428
2023-06-04 06:00:00+00:00,50.81,70.0,37.7,45.31167969940461,48.4852360754686
2023-06-04 07:00:00+00:00,21.93,59.97,0.0,23.124564098965138,36.15318687026978
2023-06-04 08:00:00+00:00,5.11,27.36,-3.08,-4.1328526623242965,13.687113953937313
2023-06-04 09:00:00+00:00,0.0,5.0,-18.05,-21.72214000637132,-1.830785211771996
2023-06-04 10:00:00+00:00,-4.98,-0.01,-48.72,-30.5589950957456,-9.291988760540676
2023-06-04 11:00:00+00:00,-29.45,-4.91,-129.91,-43.41931651658466,-23.75203535192921
2023-06-04 12:00:00+00:00,-36.35,-3.39,-129.96,-40.13115050016442,-22.730064365644893
2023-06-04 13:00:00+00:00,-4.33,-0.05,-98.08,-27.128483228672707,-13.891923084118233
2023-06-04 14:00:00+00:00,0.0,5.38,-18.68,-2.7910062149394577,4.0511765048825055
2023-06-04 15:00:00+00:00,34.5,45.66,-0.06,38.05402928109017,39.969470276211965
2023-06-04 16:00:00+00:00,78.21,75.0,50.0,77.90910851256336,72.21352988104002
2023-06-04 17:00:00+00:00,98.94,84.96,72.9,99.37218795332701,86.7337491556241
2023-06-04 18:00:00+00:00,109.79,94.9,80.01,111.16422776728706,97.84288996515542
2023-06-04 19:00:00+00:00,102.6,94.9,77.84,109.21718036220838,99.45055714950507
2023-06-04 20:00:00+00:00,99.0,87.89,73.8,101.44131941073317,95.26091360035198
2023-06-04 21:00:00+00:00,86.98,81.17,69.5,92.36040834582727,88.14828153632651
2023-06-04 22:00:00+00:00,78.71,81.12,59.23,96.97530911341097,96.67259543677523
2023-06-04 23:00:00+00:00,71.1,74.9,53.9,92.65292548639532,90.66173326520781
2023-06-05 00:00:00+00:00,70.07,72.51,51.82,92.45542592799309,88.44740122455242
2023-06-05 01:00:00+00:00,71.14,71.65,48.51,94.43249972237827,87.34349088805148
2023-06-05 02:00:00+00:00,74.26,73.14,54.52,100.85598627694728,90.42731114729511
2023-06-05 03:00:00+00:00,88.36,72.23,63.36,107.82425248314256,93.13921350786596
2023-06-05 04:00:00+00:00,122.09,69.07,67.65,115.38456133374416,98.41357398307241
2023-06-05 05:00:00+00:00,113.79,64.77,58.71,112.98464071750846,99.59418850977129
2023-06-05 06:00:00+00:00,99.95,50.81,29.92,95.14873665036168,88.51683449397379
2023-06-05 07:00:00+00:00,86.41,21.93,0.0,63.45272563821533,63.84430964372819
2023-06-05 08:00:00+00:00,75.0,5.11,-2.11,42.04982495007501,49.25378852483744
2023-06-05 09:00:00+00:00,70.08,0.0,-21.08,29.676136487486204,41.49579144648737
2023-06-05 10:00:00+00:00,69.37,-4.98,-55.02,18.701050265445915,32.14610798285686
2023-06-05 11:00:00+00:00,69.33,-29.45,-95.11,-0.28334750562960664,8.85185840188079
2023-06-05 12:00:00+00:00,68.07,-36.35,-109.45,-4.360248902618409,1.0632912361096487
2023-06-05 13:00:00+00:00,69.85,-4.33,-80.69,19.489896248088613,24.825850626739737
2023-06-05 14:00:00+00:00,78.89,0.0,-19.97,35.75272021534509,34.86220548140294
2023-06-05 15:00:00+00:00,89.8,34.5,-4.98,68.27070056857171,64.08113204993717
2023-06-05 16:00:00+00:00,100.76,78.21,19.2,107.30372534370952,100.57924414920598
2023-06-05 17:00:00+00:00,135.35,98.94,72.08,133.45212457761477,123.11079946222705
2023-06-05 18:00:00+00:00,157.37,109.79,83.75,142.92497046948318,132.4850935124907
2023-06-05 19:00:00+00:00,128.4,102.6,85.88,135.1540573555148,127.65640676712385
2023-06-05 20:00:00+00:00,101.04,99.0,80.48,125.5451893574396,122.84507792335586
2023-06-05 21:00:00+00:00,88.98,86.98,74.26,112.69817960854934,111.21940287036783
2023-06-05 22:00:00+00:00,80.23,78.71,75.02,95.5816637007424,94.4423221866306
2023-06-05 23:00:00+00:00,79.37,71.1,71.05,90.84241824066531,87.31702316086623
2023-06-06 00:00:00+00:00,79.27,70.07,68.9,91.31957915053579,85.74714019041143
2023-06-06 01:00:00+00:00,82.23,71.14,70.03,95.36804441934021,86.60574436632716
2023-06-06 02:00:00+00:00,86.2,74.26,76.68,102.88308771997742,90.5932274259012
2023-06-06 03:00:00+00:00,90.55,88.36,85.07,116.85631500887743,102.65005054137768
2023-06-06 04:00:00+00:00,146.4,122.09,97.91,145.55888975288812,133.08453572151527
2023-06-06 05:00:00+00:00,153.28,113.79,117.96,147.1187215355173,134.86061325839967
2023-06-06 06:00:00+00:00,122.54,99.95,108.64,134.99721538201806,125.46624811796195
2023-06-06 07:00:00+00:00,94.9,86.41,90.06,114.71340439030294,110.8742160277971
2023-06-06 08:00:00+00:00,86.73,75.0,82.37,98.15323193387626,99.69751754431795
2023-06-06 09:00:00+00:00,82.06,70.08,70.27,87.63692140941461,93.59576778016935
2023-06-06 10:00:00+00:00,77.69,69.37,64.49,80.59297647280557,89.54317156326786
2023-06-06 11:00:00+00:00,74.59,69.33,57.36,73.79127038725204,83.10796658522173
2023-06-06 12:00:00+00:00,70.61,68.07,56.48,68.17010597094,77.0923194581215
2023-06-06 13:00:00+00:00,75.64,69.85,62.66,69.72493525129246,77.85100343857982
2023-06-06 14:00:00+00:00,81.17,78.89,72.07,76.69028561195387,82.54761418217495
2023-06-06 15:00:00+00:00,87.91,89.8,88.55,92.34389501053353,94.35188951756203
2023-06-06 16:00:00+00:00,98.84,100.76,97.97,111.26216701892886,107.66953487941214
2023-06-06 17:00:00+00:00,134.17,135.35,124.9,142.80611413965633,137.64660822547387
2023-06-06 18:00:00+00:00,152.4,157.37,154.56,162.39885435577645,157.5407516515119
2023-06-06 19:00:00+00:00,126.53,128.4,125.77,141.42976607463333,133.5756344679264
2023-06-06 20:00:00+00:00,102.04,101.04,97.31,118.82143408367442,110.18870366201189
2023-06-06 21:00:00+00:00,89.99,88.98,89.65,106.114438962225,97.8018101940869
2023-06-06 22:00:00+00:00,93.56,80.23,85.92,90.89283210522649,79.58035172299017
2023-06-06 23:00:00+00:00,89.83,79.37,82.17,88.09637012280022,76.60972566290597
2023-06-07 00:00:00+00:00,90.26,79.27,74.2,86.75689519842871,74.5317047797042
2023-06-07 01:00:00+00:00,90.2,82.23,80.02,91.10138102546244,77.18734539186927
2023-06-07 02:00:00+00:00,90.68,86.2,85.26,97.46200538909008,81.2626294617309
2023-06-07 03:00:00+00:00,97.9,90.55,91.98,106.31339142906639,87.7431867845289
2023-06-07 04:00:00+00:00,127.66,146.4,119.01,149.57619205993313,137.6196301990545
2023-06-07 05:00:00+00:00,146.49,153.28,118.42,154.7172965430427,145.75626872175798
2023-06-07 06:00:00+00:00,114.66,122.54,105.83,131.776482174778,124.05430954070233
2023-06-07 07:00:00+00:00,98.53,94.9,86.41,105.04222829925807,101.01295287660189
2023-06-07 08:00:00+00:00,93.13,86.73,66.92,89.68783712345011,91.39872827120152
2023-06-07 09:00:00+00:00,86.6,82.06,46.42,77.99987265326408,84.7121540750517
2023-06-07 10:00:00+00:00,79.95,77.69,9.06,65.28397921836375,74.75681517074602
2023-06-07 11:00:00+00:00,77.9,74.59,-0.02,58.646717282156224,69.39731050220104
2023-06-07 12:00:00+00:00,76.45,70.61,-0.81,53.65245127983986,64.19753206399903
2023-06-07 13:00:00+00:00,79.05,75.64,-0.17,57.213575928621786,66.17925888842765
2023-06-07 14:00:00+00:00,79.71,81.17,20.16,66.98951935362302,72.29120299688938
2023-06-07 15:00:00+00:00,94.22,87.91,69.45,86.23210119962815,85.04244362569011
2023-06-07 16:00:00+00:00,101.07,98.84,86.43,105.69450273815085,96.97736780392609
2023-06-07 17:00:00+00:00,138.52,134.17,108.26,137.33838048073687,127.48235393656259
2023-06-07 18:00:00+00:00,147.7,152.4,119.6,152.10980777354789,142.8758105196647
2023-06-07 19:00:00+00:00,127.55,126.53,103.69,132.4853416659592,120.83887035878283
2023-06-07 20:00:00+00:00,105.82,102.04,94.28,112.2303404385195,100.56657545426704
2023-06-07 21:00:00+00:00,94.9,89.99,83.13,98.39651608948378,88.07798351474807
2023-06-07 22:00:00+00:00,93.93,93.56,84.15,90.10000205872502,82.03725760189221
2023-06-07 23:00:00+00:00,89.26,89.83,74.3,85.26042201118383,76.85972575175933
2023-06-08 00:00:00+00:00,83.04,90.26,70.1,84.51353772507814,75.69840805667337
2023-06-08 01:00:00+00:00,79.9,90.2,66.72,85.36915108358636,74.81495977902853
2023-06-08 02:00:00+00:00,82.04,90.68,67.7,87.94902441254231,75.13095354833006
2023-06-08 03:00:00+00:00,88.44,97.9,80.45,94.04054222264467,80.47134020075015
2023-06-08 04:00:00+00:00,94.01,127.66,97.04,114.24996756807394,107.14725210495205
2023-06-08 05:00:00+00:00,93.26,146.49,108.23,123.13859170246701,123.49307606807068
2023-06-08 06:00:00+00:00,91.4,114.66,99.07,96.59573588110881,99.80229731014049
2023-06-08 07:00:00+00:00,83.78,98.53,87.3,75.5864696645791,85.69236732005237
2023-06-08 08:00:00+00:00,74.64,93.13,68.19,61.76944652043233,79.06419167897477
2023-06-08 09:00:00+00:00,68.5,86.6,59.92,52.17704929870062,73.06269278581884
2023-06-08 10:00:00+00:00,64.22,79.95,38.86,41.65586299601258,64.04897052262717
2023-06-08 11:00:00+00:00,63.84,77.9,9.35,34.25864023787214,56.59634728655832
2023-06-08 12:00:00+00:00,64.06,76.45,3.01,32.94707862279772,52.89484504262038
2023-06-08 13:00:00+00:00,67.93,79.05,13.35,38.22860083400331,54.834301840940135
2023-06-08 14:00:00+00:00,71.17,79.71,56.14,49.610002997891094,60.92047569979761
2023-06-08 15:00:00+00:00,76.1,94.22,72.0,68.76257799356824,75.00666840491206
2023-06-08 16:00:00+00:00,90.46,101.07,87.86,86.05414463640373,84.47820992918025
2023-06-08 17:00:00+00:00,102.03,138.52,100.46,118.46890817264503,115.590267973107
2023-06-08 18:00:00+00:00,113.84,147.7,120.04,130.40661760354183,126.2419300782883
2023-06-08 19:00:00+00:00,105.0,127.55,103.43,114.92664475477063,109.51573047929749
2023-06-08 20:00:00+00:00,96.58,105.82,95.41,97.1494405868653,92.58391071446495
2023-06-08 21:00:00+00:00,91.0,94.9,86.53,85.24004574809831,81.99435244839273
2023-06-08 22:00:00+00:00,95.0,93.93,83.59,90.65764414555025,86.91478688336099
2023-06-08 23:00:00+00:00,89.7,89.26,79.4,87.64789388704567,82.69151303187715
2023-06-09 00:00:00+00:00,79.73,83.04,79.85,84.87263356582976,78.34680628886613
2023-06-09 01:00:00+00:00,76.0,79.9,77.42,85.0786302918213,76.06190463535586
2023-06-09 02:00:00+00:00,76.27,82.04,81.12,89.53654352100838,78.21519097250714
2023-06-09 03:00:00+00:00,89.06,88.44,90.88,97.27836598690988,84.80720668568215
2023-06-09 04:00:00+00:00,103.74,94.01,118.97,111.31914915256314,99.9409509845642
2023-06-09 05:00:00+00:00,103.97,93.26,125.58,112.53144635616535,105.91183988545367
2023-06-09 06:00:00+00:00,103.94,91.4,96.19,100.10200229402933,100.21237586124992
2023-06-09 07:00:00+00:00,91.39,83.78,84.37,81.07236158259822,91.30400088197653
2023-06-09 08:00:00+00:00,82.26,74.64,72.09,63.00968997520702,82.78737921454808
2023-06-09 09:00:00+00:00,75.43,68.5,63.15,51.03541848646437,76.94808157359789
2023-06-09 10:00:00+00:00,70.03,64.22,56.06,42.652599180287815,71.44196322279416
2023-06-09 11:00:00+00:00,65.0,63.84,42.61,37.09756893081441,67.37663973488876
2023-06-09 12:00:00+00:00,64.06,64.06,36.82,34.02198476838389,64.49506219326724
2023-06-09 13:00:00+00:00,68.39,67.93,44.9,38.10327031441843,66.7302384242561
2023-06-09 14:00:00+00:00,72.64,71.17,58.27,45.38766220495598,69.9698301003234
2023-06-09 15:00:00+00:00,80.63,76.1,76.62,58.94282933407103,77.26102418950552
2023-06-09 16:00:00+00:00,95.0,90.46,85.96,78.65402251481868,89.82566753179324
2023-06-09 17:00:00+00:00,104.12,102.03,101.12,96.05386528142022,102.64784303647386
2023-06-09 18:00:00+00:00,106.45,113.84,110.5,103.52780020357025,111.61855101328621
2023-06-09 19:00:00+00:00,104.12,105.0,101.31,89.83826101176825,102.55058999948048
2023-06-09 20:00:00+00:00,97.48,96.58,92.56,77.35557859077485,94.38297388519662
2023-06-09 21:00:00+00:00,86.0,91.0,85.06,67.55591125772742,87.02373662441994
2023-06-09 22:00:00+00:00,89.03,95.0,84.95,69.58168024804681,88.70025623565431
2023-06-09 23:00:00+00:00,84.1,89.7,80.3,66.17615385797865,81.60222242145218
2023-06-10 00:00:00+00:00,84.13,79.73,77.79,59.846106092823426,71.29878787659698
2023-06-10 01:00:00+00:00,80.32,76.0,75.2,58.345753130787344,65.68710689669768
2023-06-10 02:00:00+00:00,77.44,76.27,80.71,58.87106324565625,63.064776202844875
2023-06-10 03:00:00+00:00,79.87,89.06,78.64,62.981272446347035,66.98958538735917
2023-06-10 04:00:00+00:00,79.43,103.74,77.76,70.5742632902097,75.715030129014
2023-06-10 05:00:00+00:00,85.0,103.97,73.63,68.10787072999625,75.39879779978335
2023-06-10 06:00:00+00:00,81.8,103.94,70.0,60.99766939360166,74.82574748199546
2023-06-10 07:00:00+00:00,63.99,91.39,59.97,41.373931207429195,63.69620850046131
2023-06-10 08:00:00+00:00,26.91,82.26,27.36,21.692293270920516,52.425107519775125
2023-06-10 09:00:00+00:00,12.51,75.43,5.0,7.897264562318824,44.559498683726545
2023-06-10 10:00:00+00:00,0.08,70.03,-0.01,-0.7461057473781096,39.31973030521095
2023-06-10 11:00:00+00:00,-19.96,65.0,-4.91,-4.478788792214246,34.78262543229879
2023-06-10 12:00:00+00:00,-20.03,64.06,-3.39,-4.724319632805077,33.60480722972899
2023-06-10 13:00:00+00:00,-4.97,68.39,-0.05,1.7555197847755437,37.96502134961644
2023-06-10 14:00:00+00:00,2.54,72.64,5.38,10.63697008478853,43.372549247163775
2023-06-10 15:00:00+00:00,44.5,80.63,45.66,30.59377112545043,57.698356870875635
2023-06-10 16:00:00+00:00,74.97,95.0,75.0,55.21451937473962,76.29508469084253
2023-06-10 17:00:00+00:00,86.16,104.12,84.96,72.36042168858184,88.03105671091961
2023-06-10 18:00:00+00:00,86.07,106.45,94.9,78.3298108649056,93.46512244505855
2023-06-10 19:00:00+00:00,78.63,104.12,94.9,72.68659185670218,92.77619061982436
2023-06-10 20:00:00+00:00,80.99,97.48,87.89,65.55165093010699,89.22824197626375
2023-06-10 21:00:00+00:00,69.55,86.0,81.17,54.514349985333524,79.39237060888391
2023-06-10 22:00:00+00:00,64.77,89.03,81.12,63.13776712137854,88.39918989616552
2023-06-10 23:00:00+00:00,58.07,84.1,74.9,59.46000084833456,81.85748235932196
2023-06-11 00:00:00+00:00,52.88,84.13,72.51,58.104252347943564,78.19563819963882
2023-06-11 01:00:00+00:00,49.93,80.32,71.65,56.13907963650389,72.2731361045233
2023-06-11 02:00:00+00:00,51.92,77.44,73.14,54.73872616366609,66.77640511147868
2023-06-11 03:00:00+00:00,49.13,79.87,72.23,54.3586184332859,64.28528586536359
2023-06-11 04:00:00+00:00,49.97,79.43,69.07,52.994707340592825,62.45869492067002
2023-06-11 05:00:00+00:00,46.72,85.0,64.77,52.7367086666405,64.75474724282805
2023-06-11 06:00:00+00:00,28.44,81.8,50.81,43.48204194512,60.331638899907325
2023-06-11 07:00:00+00:00,15.9,63.99,21.93,19.527785106478703,43.44934147811914
2023-06-11 08:00:00+00:00,0.01,26.91,5.11,-10.512519262477582,17.30563649211517
2023-06-11 09:00:00+00:00,-1.68,12.51,0.0,-19.863027243427098,9.065035533181614
2023-06-11 10:00:00+00:00,-19.62,0.08,-4.98,-29.069911678849977,0.8042250909282416
2023-06-11 11:00:00+00:00,-34.99,-19.96,-29.45,-42.846012272565574,-15.161788026743437
2023-06-11 12:00:00+00:00,-34.95,-20.03,-36.35,-41.34007647037099,-14.979888542453466
2023-06-11 13:00:00+00:00,-10.93,-4.97,-4.33,-24.945736644337728,0.7712571273539055
2023-06-11 14:00:00+00:00,-0.09,2.54,0.0,-11.446710024068452,9.678806836448146
2023-06-11 15:00:00+00:00,27.92,44.5,34.5,25.51660521979231,47.31923237673983
2023-06-11 16:00:00+00:00,83.82,74.97,78.21,64.05239908316625,79.80235156469044
2023-06-11 17:00:00+00:00,99.91,86.16,98.94,86.07478450784778,94.4809879556375
2023-06-11 18:00:00+00:00,106.95,86.07,109.79,92.27194025548631,98.67927010066254
2023-06-11 19:00:00+00:00,106.6,78.63,102.6,84.40753868911185,94.99930562035621
2023-06-11 20:00:00+00:00,98.35,80.99,99.0,82.68248079604578,98.33075242074811
2023-06-11 21:00:00+00:00,88.89,69.55,86.98,70.80141298785448,87.29096340370039
2023-06-11 22:00:00+00:00,94.33,64.77,78.71,73.21967651582338,92.24044649114373
2023-06-11 23:00:00+00:00,85.08,58.07,71.1,71.52442810736983,85.90928760187461
2023-06-12 00:00:00+00:00,85.02,52.88,70.07,71.0759449517455,82.0577583769812
2023-06-12 01:00:00+00:00,81.63,49.93,71.14,73.98279364254844,80.28085710029936
2023-06-12 02:00:00+00:00,83.95,51.92,74.26,80.73909584633942,82.53594855398813
2023-06-12 03:00:00+00:00,95.08,49.13,88.36,86.25624887591405,83.63534589146298
2023-06-12 04:00:00+00:00,107.43,49.97,122.09,100.51284187750085,95.3101349441348
2023-06-12 05:00:00+00:00,126.84,46.72,113.79,100.88986635665223,97.67327210715582
2023-06-12 06:00:00+00:00,124.39,28.44,99.95,84.17628111785136,85.25789043319475
2023-06-12 07:00:00+00:00,106.01,15.9,86.41,61.96228915751579,73.03547158295811
2023-06-12 08:00:00+00:00,89.97,0.01,75.0,37.57329579936239,58.20797772776847
2023-06-12 09:00:00+00:00,75.96,-1.68,70.08,26.300915821666663,55.637407574882396
2023-06-12 10:00:00+00:00,66.63,-19.62,69.37,10.064577311508728,41.259579133539226
2023-06-12 11:00:00+00:00,61.01,-34.99,69.33,-1.4621104237788956,27.5826361636082
2023-06-12 12:00:00+00:00,64.22,-34.95,68.07,-2.0023460769630077,25.23585965744951
2023-06-12 13:00:00+00:00,75.96,-10.93,69.85,15.269158025199673,41.60866599106969
2023-06-12 14:00:00+00:00,84.82,-0.09,78.89,28.135000063155374,49.58367877844646
2023-06-12 15:00:00+00:00,97.6,27.92,89.8,56.85139272485725,73.74228116193007
2023-06-12 16:00:00+00:00,109.68,83.82,100.76,101.69962280424446,116.20186441336062
2023-06-12 17:00:00+00:00,133.04,99.91,135.35,125.05430656654642,133.13216614566267
2023-06-12 18:00:00+00:00,142.89,106.95,157.37,133.71986597897757,140.74757930407796
2023-06-12 19:00:00+00:00,116.93,106.6,128.4,123.44112351542333,136.13793340562796
2023-06-12 20:00:00+00:00,107.0,98.35,101.04,109.63247028080303,127.47085747545748
2023-06-12 21:00:00+00:00,98.1,88.89,88.98,98.34911114675542,117.24610940398051
2023-06-12 22:00:00+00:00,89.11,94.33,80.23,89.73776016618136,108.57431134238946
2023-06-12 23:00:00+00:00,82.78,85.08,79.37,87.89712383069393,101.18516757809064
2023-06-13 00:00:00+00:00,83.29,85.02,79.27,91.32959908107075,100.40780120415984
2023-06-13 01:00:00+00:00,82.75,81.63,82.23,95.01082878583233,98.5096278706887
2023-06-13 02:00:00+00:00,84.77,83.95,86.2,101.851396707011,101.04150704972226
2023-06-13 03:00:00+00:00,90.04,95.08,90.55,112.7101898476901,109.68451560385752
2023-06-13 04:00:00+00:00,115.14,107.43,146.4,134.84034691286433,131.84704857939323
2023-06-13 05:00:00+00:00,119.53,126.84,153.28,147.86789738445896,150.39575903052778
2023-06-13 06:00:00+00:00,120.04,124.39,122.54,136.16024754010934,145.16578088187055
2023-06-13 07:00:00+00:00,103.12,106.01,94.9,108.60478593524648,126.95146806440842
2023-06-13 08:00:00+00:00,85.08,89.97,86.73,83.97453729979011,112.57109339146373
2023-06-13 09:00:00+00:00,77.27,75.96,82.06,65.46867298625179,101.32294242739898
2023-06-13 10:00:00+00:00,56.12,66.63,77.69,51.28937960087149,90.25511305767317
2023-06-13 11:00:00+00:00,50.2,61.01,74.59,42.32721876907076,81.1965555830117
2023-06-13 12:00:00+00:00,48.5,64.22,70.61,39.3658046727847,78.30260239615518
2023-06-13 13:00:00+00:00,63.07,75.96,75.64,47.19327247342145,85.27705835327875
2023-06-13 14:00:00+00:00,73.38,84.82,81.17,55.12547226079107,89.78844569382551
2023-06-13 15:00:00+00:00,84.63,97.6,87.91,71.72333860373453,100.909471735833
2023-06-13 16:00:00+00:00,101.38,109.68,98.84,93.73160764137945,115.91187580061795
2023-06-13 17:00:00+00:00,111.99,133.04,134.17,121.85307124402493,138.8360059003691
2023-06-13 18:00:00+00:00,120.08,142.89,152.4,134.9526515435844,148.2761755153933
2023-06-13 19:00:00+00:00,115.0,116.93,126.53,114.69976941020595,126.72275110727116
2023-06-13 20:00:00+00:00,105.0,107.0,102.04,101.67668805454585,116.17557391609337
2023-06-13 21:00:00+00:00,98.38,98.1,89.99,91.41311752585761,106.37802701088648
2023-06-13 22:00:00+00:00,96.28,89.11,93.56,78.42064260025052,89.03279972685613
2023-06-13 23:00:00+00:00,88.68,82.78,89.83,76.04511200199059,82.68434857679196
2023-06-14 00:00:00+00:00,86.98,83.29,90.26,78.25048430870959,82.70794365286736
2023-06-14 01:00:00+00:00,86.25,82.75,90.2,81.43948731970217,82.37602568885661
2023-06-14 02:00:00+00:00,88.27,84.77,90.68,86.57230583417956,84.17663886219997
2023-06-14 03:00:00+00:00,98.14,90.04,97.9,94.50613124913428,90.11339065530328
2023-06-14 04:00:00+00:00,126.93,115.14,127.66,120.46190434406765,118.28075555281639
2023-06-14 05:00:00+00:00,136.21,119.53,146.49,127.46019035751041,129.11662793831366
2023-06-14 06:00:00+00:00,128.0,120.04,114.66,117.56829439550565,127.04505490818259
2023-06-14 07:00:00+00:00,103.32,103.12,98.53,91.88016142864689,111.60553865415547
2023-06-14 08:00:00+00:00,87.66,85.08,93.13,69.3637104611974,97.25931303251616
2023-06-14 09:00:00+00:00,78.41,77.27,86.6,57.219026837906796,89.39859700568013
2023-06-14 10:00:00+00:00,74.13,56.12,79.95,41.73057330561955,71.7574470467828
2023-06-14 11:00:00+00:00,75.25,50.2,77.9,38.01358441917463,65.05393742065132
2023-06-14 12:00:00+00:00,77.93,48.5,76.45,38.51494331196084,61.9804273763723
2023-06-14 13:00:00+00:00,78.46,63.07,79.05,51.0686408479268,71.57377957551
2023-06-14 14:00:00+00:00,83.52,73.38,79.71,62.837448738415326,78.2863107702858
2023-06-14 15:00:00+00:00,98.56,84.63,94.22,80.52456028969837,89.43691561489548
2023-06-14 16:00:00+00:00,114.77,101.38,101.07,101.10133291110384,103.41641723186231
2023-06-14 17:00:00+00:00,142.07,111.99,138.52,121.05257902159572,117.80934842225939
2023-06-14 18:00:00+00:00,152.18,120.08,147.7,130.83779498649608,124.80702889756185
2023-06-14 19:00:00+00:00,139.91,115.0,127.55,122.09188868229391,116.040466007348
2023-06-14 20:00:00+00:00,119.77,105.0,105.82,110.19550902771151,105.75223331901651
2023-06-14 21:00:00+00:00,108.87,98.38,94.9,100.7835201971795,97.52638819743456
2023-06-14 22:00:00+00:00,107.12,96.28,93.93,92.1162484477656,88.72955117245266
2023-06-14 23:00:00+00:00,102.77,88.68,89.26,88.90690197640166,81.82792679544335
2023-06-15 00:00:00+00:00,100.62,86.98,83.04,89.06812261166947,79.66234973259502
2023-06-15 01:00:00+00:00,100.38,86.25,79.9,91.72038212437243,78.92382684916802
2023-06-15 02:00:00+00:00,100.37,88.27,82.04,96.59844230641252,80.6399826899967
2023-06-15 03:00:00+00:00,113.96,98.14,88.44,107.36496643083088,89.46354792575164
2023-06-15 04:00:00+00:00,163.92,126.93,94.01,134.22113041518972,118.6466061480571
2023-06-15 05:00:00+00:00,166.1,136.21,93.26,139.39233462910983,129.28002874153583
2023-06-15 06:00:00+00:00,140.07,128.0,91.4,127.20665348225144,124.56497095206193
2023-06-15 07:00:00+00:00,116.0,103.32,83.78,101.20746864052833,104.92900667836675
2023-06-15 08:00:00+00:00,103.66,87.66,74.64,82.28576537607991,91.39136877623855
2023-06-15 09:00:00+00:00,98.02,78.41,68.5,71.06985790086705,83.03245714146887
2023-06-15 10:00:00+00:00,92.24,74.13,64.22,63.77736669952136,76.242754903552
2023-06-15 11:00:00+00:00,90.0,75.25,63.84,61.611344727975364,74.1526987459286
2023-06-15 12:00:00+00:00,90.0,77.93,64.06,59.48805302933628,72.69464103414856
2023-06-15 13:00:00+00:00,92.01,78.46,67.93,59.37701024119676,71.92653151025979
2023-06-15 14:00:00+00:00,96.75,83.52,71.17,64.42959126669334,74.82847543681916
2023-06-15 15:00:00+00:00,104.9,98.56,76.1,80.96003772088571,87.05240155198882
2023-06-15 16:00:00+00:00,125.39,114.77,90.46,102.9344569156141,102.20998231808747
2023-06-15 17:00:00+00:00,156.32,142.07,102.03,130.53252327688114,124.70474549185954
2023-06-15 18:00:00+00:00,179.28,152.18,113.84,143.9212338637136,134.2568413111818
2023-06-15 19:00:00+00:00,172.54,139.91,105.0,136.11039898782008,124.417916852157
2023-06-15 20:00:00+00:00,149.96,119.77,96.58,120.82625991111155,108.59645210007666
2023-06-15 21:00:00+00:00,125.02,108.87,91.0,109.71898753511024,98.01310623282978
2023-06-15 22:00:00+00:00,126.16,107.12,95.0,114.6879477155264,102.38966912861731
2023-06-15 23:00:00+00:00,121.62,102.77,89.7,110.35812471055421,97.20589689113092
2023-06-16 00:00:00+00:00,115.59,100.62,79.73,107.69312645042135,93.59396727243124
2023-06-16 01:00:00+00:00,112.7,100.38,76.0,108.89537542646445,93.00321149212908
2023-06-16 02:00:00+00:00,113.08,100.37,76.27,111.29994494902805,93.15946622238161
2023-06-16 03:00:00+00:00,117.77,113.96,89.06,122.37293654778131,104.34503902197375
2023-06-16 04:00:00+00:00,142.9,163.92,103.74,160.08679006529354,148.2460022661482
2023-06-16 05:00:00+00:00,153.74,166.1,103.97,163.47871492161443,155.64364725141155
2023-06-16 06:00:00+00:00,145.59,140.07,103.94,142.7345336168773,139.08217736057324
2023-06-16 07:00:00+00:00,124.16,116.0,91.39,116.16520283631047,118.64011520621033
2023-06-16 08:00:00+00:00,112.2,103.66,82.26,99.10537626781422,107.5239872220874
2023-06-16 09:00:00+00:00,108.99,98.02,75.43,89.75089686166578,101.02441305120233
2023-06-16 10:00:00+00:00,107.35,92.24,70.03,81.22430693725849,93.60402802023201
2023-06-16 11:00:00+00:00,101.4,90.0,65.0,75.33097253988191,88.78052162699659
2023-06-16 12:00:00+00:00,99.31,90.0,64.06,71.47969359308848,86.06294584146086
2023-06-16 13:00:00+00:00,101.65,92.01,68.39,73.28965111959234,86.36570837272374
2023-06-16 14:00:00+00:00,108.47,96.75,72.64,79.23938665486087,89.62676715293051
2023-06-16 15:00:00+00:00,115.04,104.9,80.63,93.1788969554499,98.24972906946536
2023-06-16 16:00:00+00:00,135.35,125.39,95.0,118.07337324447906,116.40741522620311
2023-06-16 17:00:00+00:00,161.19,156.32,104.12,147.4576199191381,141.2529276871746
2023-06-16 18:00:00+00:00,175.1,179.28,106.45,166.74772921434666,158.00631372163804
2023-06-16 19:00:00+00:00,170.39,172.54,104.12,162.74371830453828,152.04513975506745
2023-06-16 20:00:00+00:00,152.04,149.96,97.48,146.8983792535933,134.59808261493293
2023-06-16 21:00:00+00:00,138.69,125.02,86.0,127.11413370956076,113.69251068636424
2023-06-16 22:00:00+00:00,130.81,126.16,89.03,122.88287885459589,110.23642615629961
2023-06-16 23:00:00+00:00,122.8,121.62,84.1,116.93435727595374,103.7877208937056
2023-06-17 00:00:00+00:00,120.01,115.59,84.13,111.2925802576518,96.58510117265433
2023-06-17 01:00:00+00:00,116.45,112.7,80.32,108.39123888491841,91.33423214331668
2023-06-17 02:00:00+00:00,111.07,113.08,77.44,107.09062035305472,87.60667777814079
2023-06-17 03:00:00+00:00,110.0,117.77,79.87,107.48319877881713,87.06081416260605
2023-06-17 04:00:00+00:00,110.31,142.9,79.43,121.2307165994738,105.93622280810379
2023-06-17 05:00:00+00:00,108.05,153.74,85.0,123.07729592329548,113.89376115093333
2023-06-17 06:00:00+00:00,101.0,145.59,81.8,109.13333481539888,106.51556311965619
2023-06-17 07:00:00+00:00,95.6,124.16,63.99,83.46497568232873,87.56270806852544
2023-06-17 08:00:00+00:00,85.0,112.2,26.91,62.970524219470775,73.66461798433691
2023-06-17 09:00:00+00:00,69.99,108.99,12.51,54.35510098936338,69.25757603205892
2023-06-17 10:00:00+00:00,59.36,107.35,0.08,48.43397643628623,65.31357464951907
2023-06-17 11:00:00+00:00,48.4,101.4,-19.96,41.66723853667075,57.98952491611151
2023-06-17 12:00:00+00:00,39.38,99.31,-20.03,40.77775808566702,55.9273619209994
2023-06-17 13:00:00+00:00,56.08,101.65,-4.97,47.672674941774474,60.46878950790867
2023-06-17 14:00:00+00:00,85.0,108.47,2.54,59.3867657644692,67.91855620414472
2023-06-17 15:00:00+00:00,101.52,115.04,44.5,81.14093230209801,81.98810772355085
2023-06-17 16:00:00+00:00,115.31,135.35,74.97,112.01520124094064,105.09976374991638
2023-06-17 17:00:00+00:00,137.79,161.19,86.16,141.86156654487314,129.7900760291111
2023-06-17 18:00:00+00:00,146.97,175.1,86.07,156.7719344916686,142.8801154925917
2023-06-17 19:00:00+00:00,155.0,170.39,78.63,154.66775808051028,140.09687331349602
2023-06-17 20:00:00+00:00,146.37,152.04,80.99,143.46492628501005,127.98626434432443
2023-06-17 21:00:00+00:00,136.65,138.69,69.55,130.6875808092782,114.94337672304627
2023-06-17 22:00:00+00:00,128.6,130.81,64.77,129.69218768815048,115.47362607375933
2023-06-17 23:00:00+00:00,118.39,122.8,58.07,121.49457762754848,106.73435187042291
2023-06-18 00:00:00+00:00,111.01,120.01,52.88,116.62266460826604,101.10021057352542
2023-06-18 01:00:00+00:00,108.86,116.45,49.93,112.17916229212506,94.87516751589123
2023-06-18 02:00:00+00:00,104.0,111.07,51.92,108.15438865931472,88.07456447121325
2023-06-18 03:00:00+00:00,102.59,110.0,49.13,103.56058873606192,82.24122198055375
2023-06-18 04:00:00+00:00,98.03,110.31,49.97,100.82521996888825,82.01621161870591
2023-06-18 05:00:00+00:00,92.06,108.05,46.72,91.90691916620446,79.84688896574225
2023-06-18 06:00:00+00:00,85.0,101.0,28.44,75.05532448664175,72.14091327206177
2023-06-18 07:00:00+00:00,78.13,95.6,15.9,59.52499914140269,65.91473179356264
2023-06-18 08:00:00+00:00,63.36,85.0,0.01,45.11524350734386,57.6281283969776
2023-06-18 09:00:00+00:00,53.65,69.99,-1.68,33.751079136155866,48.63336579178552
2023-06-18 10:00:00+00:00,45.79,59.36,-19.62,24.155545868287774,39.67516709620455
2023-06-18 11:00:00+00:00,29.38,48.4,-34.99,15.873092154293062,29.831919195042246
2023-06-18 12:00:00+00:00,24.99,39.38,-34.95,14.743538527276016,24.62353631427493
2023-06-18 13:00:00+00:00,48.98,56.08,-10.93,33.04339013003754,40.55510559389048
2023-06-18 14:00:00+00:00,75.0,85.0,-0.09,59.27659366196698,64.03251427707036
2023-06-18 15:00:00+00:00,93.63,101.52,27.92,84.39270227972509,82.64529624316283
2023-06-18 16:00:00+00:00,107.23,115.31,83.82,114.53339467609852,105.19043489288916
2023-06-18 17:00:00+00:00,131.1,137.79,99.91,140.63530792847362,128.25392353181417
2023-06-18 18:00:00+00:00,140.25,146.97,106.95,152.0374494627587,139.30810304604574
2023-06-18 19:00:00+00:00,137.47,155.0,106.6,155.02406111876815,146.63386734874982
2023-06-18 20:00:00+00:00,137.47,146.37,98.35,145.6472266942448,141.12271435060154
2023-06-18 21:00:00+00:00,117.62,136.65,88.89,132.46415507313895,131.8557439929796
2023-06-18 22:00:00+00:00,100.02,128.6,94.33,127.49974381430158,135.80654609582794
2023-06-18 23:00:00+00:00,93.72,118.39,85.08,118.67322987916418,126.7933134250863
2023-06-19 00:00:00+00:00,88.63,111.01,85.02,113.05237915910973,121.46382674269556
2023-06-19 01:00:00+00:00,89.72,108.86,81.63,112.77531807882178,119.64847099409693
2023-06-19 02:00:00+00:00,94.25,104.0,83.95,112.8937553810529,116.86875687766543
2023-06-19 03:00:00+00:00,95.95,102.59,95.08,118.65694467209438,119.2015284355392
2023-06-19 04:00:00+00:00,117.97,98.03,107.43,128.38156192450896,124.92992905692853
2023-06-19 05:00:00+00:00,134.13,92.06,126.84,132.91553823755743,128.1324453018346
2023-06-19 06:00:00+00:00,132.63,85.0,124.39,127.49882484583233,123.95853384257988
2023-06-19 07:00:00+00:00,115.65,78.13,106.01,116.86539864119086,116.32132499211444
2023-06-19 08:00:00+00:00,104.12,63.36,89.97,102.01126671558035,103.62502784625451
2023-06-19 09:00:00+00:00,97.27,53.65,75.96,90.3393384491762,94.05761525140448
2023-06-19 10:00:00+00:00,93.32,45.79,66.63,79.90619363931796,85.77257996191996
2023-06-19 11:00:00+00:00,90.06,29.38,61.01,66.93330654031288,72.05856109812584
2023-06-19 12:00:00+00:00,88.43,24.99,64.22,61.769557665840175,66.67607749311134
2023-06-19 13:00:00+00:00,94.23,48.98,75.96,79.29934156392406,84.25664250976739
2023-06-19 14:00:00+00:00,98.17,75.0,84.82,100.20538775609488,103.6423028897111
2023-06-19 15:00:00+00:00,110.08,93.63,97.6,122.36210838035694,119.3326548189107
2023-06-19 16:00:00+00:00,137.0,107.23,109.68,142.5836531540835,131.87100039668485
2023-06-19 17:00:00+00:00,170.31,131.1,133.04,168.13584446319848,153.40041129234191
2023-06-19 18:00:00+00:00,197.77,140.25,142.89,178.21897513497345,161.50185450133534
2023-06-19 19:00:00+00:00,178.48,137.47,116.93,171.32735632134762,155.94368898614425
2023-06-19 20:00:00+00:00,150.31,137.47,107.0,165.91854558884597,154.0978361800578
2023-06-19 21:00:00+00:00,135.13,117.62,98.1,147.7923737977979,136.82893360158286
2023-06-19 22:00:00+00:00,121.19,100.02,89.11,120.96412126143755,111.07460445316839
2023-06-19 23:00:00+00:00,110.72,93.72,82.78,114.36608107450466,104.43800841712493
2023-06-20 00:00:00+00:00,104.19,88.63,83.29,111.52556129984947,100.77838674830947
2023-06-20 01:00:00+00:00,101.37,89.72,82.75,115.66905476512343,102.93724627484423
2023-06-20 02:00:00+00:00,101.1,94.25,84.77,120.35981158704918,106.08308033613423
2023-06-20 03:00:00+00:00,106.69,95.95,90.04,126.31459712337569,109.59219150535482
2023-06-20 04:00:00+00:00,129.95,117.97,115.14,150.46957392626075,134.48223502125686
2023-06-20 05:00:00+00:00,145.38,134.13,119.53,160.85531477343693,149.13476463158568
2023-06-20 06:00:00+00:00,146.79,132.63,120.04,154.56551683162266,148.06233077980266
2023-06-20 07:00:00+00:00,130.94,115.65,103.12,133.54839299943262,133.0684196087721
2023-06-20 08:00:00+00:00,114.09,104.12,85.08,114.77967113926303,121.16282282869408
2023-06-20 09:00:00+00:00,105.61,97.27,77.27,101.5997494525694,114.44768627722299
2023-06-20 10:00:00+00:00,100.12,93.32,56.12,89.64251658277958,106.91310050726692
2023-06-20 11:00:00+00:00,95.65,90.06,50.2,81.38954771444946,99.87021328888292
2023-06-20 12:00:00+00:00,94.62,88.43,48.5,76.45621347048137,94.38175301023266
2023-06-20 13:00:00+00:00,101.18,94.23,63.07,83.06203701644466,99.05791984652308
2023-06-20 14:00:00+00:00,105.37,98.17,73.38,92.06549895671117,103.24525258738389
2023-06-20 15:00:00+00:00,118.64,110.08,84.63,109.33226685637074,114.00652413655666
2023-06-20 16:00:00+00:00,140.0,137.0,101.38,136.09234649632933,136.11367504631056
2023-06-20 17:00:00+00:00,160.59,170.31,111.99,164.11084169686143,163.23547862087807
2023-06-20 18:00:00+00:00,165.08,197.77,120.08,184.8296409012924,184.7956135880803
2023-06-20 19:00:00+00:00,150.0,178.48,115.0,171.5888693672244,170.6551884816979
2023-06-20 20:00:00+00:00,138.0,150.31,105.0,151.6130118282783,150.6683645105122
2023-06-20 21:00:00+00:00,120.27,135.13,98.38,136.94797501643023,136.29719506274515
2023-06-20 22:00:00+00:00,119.7,121.19,96.28,118.84529716292425,112.91473210157083
2023-06-20 23:00:00+00:00,110.79,110.72,88.68,111.58910567608085,103.21698336475563
2023-06-21 00:00:00+00:00,104.84,104.19,86.98,107.72138677673279,97.77499709320854
2023-06-21 01:00:00+00:00,103.93,101.37,86.25,108.0049606981255,95.75555117736621
2023-06-21 02:00:00+00:00,103.77,101.1,88.27,111.62895227726554,96.92251024747537
2023-06-21 03:00:00+00:00,107.03,106.69,98.14,120.39465679281756,104.05235473459946
2023-06-21 04:00:00+00:00,127.17,129.95,126.93,145.06056995984198,131.18208001344647
2023-06-21 05:00:00+00:00,137.67,145.38,136.21,156.0457537826898,147.49502458373902
2023-06-21 06:00:00+00:00,144.57,146.79,128.0,150.70762276571514,148.66901555619222
2023-06-21 07:00:00+00:00,126.2,130.94,103.32,129.45061622490493,132.9901152491712
2023-06-21 08:00:00+00:00,109.94,114.09,87.66,109.61894022629815,118.22648543245087
2023-06-21 09:00:00+00:00,103.01,105.61,78.41,97.87518152320213,110.16461242035382
2023-06-21 10:00:00+00:00,98.21,100.12,74.13,89.43752235328597,104.29413840874504
2023-06-21 11:00:00+00:00,94.79,95.65,75.25,84.33165172708671,99.41079762421909
2023-06-21 12:00:00+00:00,92.36,94.62,77.93,83.74213245484873,96.13432146955218
2023-06-21 13:00:00+00:00,97.88,101.18,78.46,87.52407926499319,97.31581935383895
2023-06-21 14:00:00+00:00,100.21,105.37,83.52,98.4582056755413,101.74072547181498
2023-06-21 15:00:00+00:00,113.66,118.64,98.56,116.68851977961941,114.133594220117
2023-06-21 16:00:00+00:00,138.21,140.0,114.77,141.86584298532097,133.85023192513626
2023-06-21 17:00:00+00:00,167.51,160.59,142.07,166.0605580702989,154.24760883718815
2023-06-21 18:00:00+00:00,190.71,165.08,152.18,173.79327224215697,159.6407045311103
2023-06-21 19:00:00+00:00,181.22,150.0,139.91,161.14265359869768,145.4776085596049
2023-06-21 20:00:00+00:00,155.0,138.0,119.77,146.421802000585,132.3201676498583
2023-06-21 21:00:00+00:00,134.88,120.27,108.87,128.67321746695308,115.8522591000546
2023-06-21 22:00:00+00:00,132.95,119.7,107.12,120.59632294843959,107.98767439242228
2023-06-21 23:00:00+00:00,123.52,110.79,102.77,112.90580926692178,99.87459822519932
2023-06-22 00:00:00+00:00,115.49,104.84,100.62,108.63072304577165,94.82718185358623
2023-06-22 01:00:00+00:00,111.34,103.93,100.38,109.12302034375081,93.89284332277296
2023-06-22 02:00:00+00:00,107.02,103.77,100.37,112.19814105911675,94.70936332406221
2023-06-22 03:00:00+00:00,115.75,107.03,113.96,120.0060443571201,100.76062460800358
2023-06-22 04:00:00+00:00,137.62,127.17,163.92,144.43106890510578,128.1189629750261
2023-06-22 05:00:00+00:00,152.72,137.67,166.1,153.5784685423083,141.59890987822544
2023-06-22 06:00:00+00:00,153.94,144.57,140.07,150.21244791091254,144.49896606354343
2023-06-22 07:00:00+00:00,130.12,126.2,116.0,128.77809768664198,127.41220537791084
2023-06-22 08:00:00+00:00,116.0,109.94,103.66,109.43504690533581,112.27958906933637
2023-06-22 09:00:00+00:00,107.74,103.01,98.02,100.56331536485405,105.50869616414461
2023-06-22 10:00:00+00:00,106.72,98.21,92.24,94.65660974980567,99.93526677867781
2023-06-22 11:00:00+00:00,106.79,94.79,90.0,91.9374122551485,95.5820227862814
2023-06-22 12:00:00+00:00,106.46,92.36,90.0,89.14828643969994,91.44106076470229
2023-06-22 13:00:00+00:00,106.81,97.88,92.01,94.11961763503923,95.06117325104015
2023-06-22 14:00:00+00:00,108.19,100.21,96.75,98.42611303477915,97.15249550160922
2023-06-22 15:00:00+00:00,125.77,113.66,104.9,110.8969388164393,108.8177066774025
2023-06-22 16:00:00+00:00,137.3,138.21,125.39,131.3684918000099,130.62161336357806
2023-06-22 17:00:00+00:00,157.43,167.51,156.32,152.71176860804093,156.7253915617372
2023-06-22 18:00:00+00:00,155.0,190.71,179.28,167.34470987854115,175.67632445062833
2023-06-22 19:00:00+00:00,147.18,181.22,172.54,156.86828638842994,166.99982409863577
2023-06-22 20:00:00+00:00,134.34,155.0,149.96,134.62285030981488,144.570809320642
2023-06-22 21:00:00+00:00,120.87,134.88,125.02,113.54640628320467,123.80543727920582
2023-06-22 22:00:00+00:00,103.8,132.95,126.16,108.03649977096491,126.52836081643153
2023-06-22 23:00:00+00:00,95.2,123.52,121.62,100.54136844402885,117.79297051353743
2023-06-23 00:00:00+00:00,91.79,115.49,115.59,94.41564705798154,110.41098231657213
2023-06-23 01:00:00+00:00,91.28,111.34,112.7,93.60231888383657,107.30848671180483
2023-06-23 02:00:00+00:00,90.94,107.02,113.08,94.93148515490695,105.26462603731899
2023-06-23 03:00:00+00:00,94.56,115.75,117.77,105.11009129533846,113.2441465384061
2023-06-23 04:00:00+00:00,115.09,137.62,142.9,131.7084686311609,138.4428755721216
2023-06-23 05:00:00+00:00,128.94,152.72,153.74,149.06313940482931,154.91271517993206
2023-06-23 06:00:00+00:00,130.87,153.94,145.59,150.16267981980567,156.2468207760394
2023-06-23 07:00:00+00:00,121.65,130.12,124.16,130.55266747758932,135.2216197161192
2023-06-23 08:00:00+00:00,106.27,116.0,112.2,114.8893582971713,121.12632087686406
2023-06-23 09:00:00+00:00,98.1,107.74,108.99,103.29345065846142,112.68104004544888
2023-06-23 10:00:00+00:00,93.0,106.72,107.35,97.03002599622525,109.8821248235962
2023-06-23 11:00:00+00:00,86.87,106.79,101.4,92.21593576383859,107.48811886740967
2023-06-23 12:00:00+00:00,79.98,106.46,99.31,87.0182084902067,104.19752495087067
2023-06-23 13:00:00+00:00,79.3,106.81,101.65,86.17110470205726,103.28696288382021
2023-06-23 14:00:00+00:00,86.87,108.19,108.47,89.46652746045214,104.16061796994566
2023-06-23 15:00:00+00:00,97.0,125.77,115.04,107.21293018005588,118.63494741933516
2023-06-23 16:00:00+00:00,107.49,137.3,135.35,128.33210812430832,132.13675795722423
2023-06-23 17:00:00+00:00,129.66,157.43,161.19,154.4080823217517,152.09130343891408
2023-06-23 18:00:00+00:00,137.1,155.0,175.1,161.0403067599901,153.02027440725323
2023-06-23 19:00:00+00:00,134.99,147.18,170.39,154.65875184170307,145.2175248889939
2023-06-23 20:00:00+00:00,130.68,134.34,152.04,141.18195584955765,132.0102941044664
2023-06-23 21:00:00+00:00,122.32,120.87,138.69,126.34343640066993,118.03346111507103
2023-06-23 22:00:00+00:00,117.34,103.8,130.81,114.69961257263621,102.15887407849493
2023-06-23 23:00:00+00:00,109.72,95.2,122.8,105.32519268234651,92.01030098350371
2023-06-24 00:00:00+00:00,102.88,91.79,120.01,99.51229527794193,85.5248330264265
2023-06-24 01:00:00+00:00,100.31,91.28,116.45,97.06654744513446,81.27378690174781
2023-06-24 02:00:00+00:00,94.33,90.94,111.07,95.53864029878491,76.96983232587246
2023-06-24 03:00:00+00:00,92.51,94.56,110.0,96.71882075067096,76.44444476520528
2023-06-24 04:00:00+00:00,92.29,115.09,110.31,106.60101227794183,90.01307754550999
2023-06-24 05:00:00+00:00,92.3,128.94,108.05,109.39510613538037,99.74861777146869
2023-06-24 06:00:00+00:00,90.57,130.87,101.0,100.25279291114524,99.91433739978191
2023-06-24 07:00:00+00:00,81.69,121.65,95.6,82.99563710776843,91.08598369442632
2023-06-24 08:00:00+00:00,57.64,106.27,85.0,63.22760623140766,77.92767206534904
2023-06-24 09:00:00+00:00,25.0,98.1,69.99,49.54631798504468,69.44979585422575
2023-06-24 10:00:00+00:00,14.99,93.0,59.36,41.10117895545716,63.918308569927454
2023-06-24 11:00:00+00:00,1.9,86.87,48.4,34.42055606198811,57.64557159470576
2023-06-24 12:00:00+00:00,0.31,79.98,39.38,31.42527520996316,52.20071810236246
2023-06-24 13:00:00+00:00,10.0,79.3,56.08,39.85680686554691,55.873976796346405
2023-06-24 14:00:00+00:00,28.2,86.87,85.0,57.0446850947428,67.10765995730125
2023-06-24 15:00:00+00:00,80.98,97.0,101.52,79.25393987464767,81.02793209055564
2023-06-24 16:00:00+00:00,99.77,107.49,115.31,103.88890793309086,95.11905918666818
2023-06-24 17:00:00+00:00,129.95,129.66,137.79,132.39357953900264,117.31799446947633
2023-06-24 18:00:00+00:00,141.44,137.1,146.97,144.3333614602359,125.53622821971223
2023-06-24 19:00:00+00:00,150.72,134.99,155.0,144.06018214058128,125.5837342467369
2023-06-24 20:00:00+00:00,130.46,130.68,146.37,138.7850214767226,122.11567220798312
2023-06-24 21:00:00+00:00,118.31,122.32,136.65,128.43979201034676,113.2311933368806
2023-06-24 22:00:00+00:00,121.06,117.34,128.6,126.99029057989264,113.0822310081203
2023-06-24 23:00:00+00:00,113.0,109.72,118.39,117.3420453855906,103.18739794525386
2023-06-25 00:00:00+00:00,107.95,102.88,111.01,109.40246349732612,94.31120913440259
2023-06-25 01:00:00+00:00,106.49,100.31,108.86,105.85345572676266,89.12553918984392
2023-06-25 02:00:00+00:00,101.89,94.33,104.0,100.51671870256992,80.86238168147285
2023-06-25 03:00:00+00:00,101.93,92.51,102.59,96.65911177218344,75.1848138855317
2023-06-25 04:00:00+00:00,88.66,92.29,98.03,92.970432271464,73.19417619178675
2023-06-25 05:00:00+00:00,79.37,92.3,92.06,85.72281623767135,72.56958556219712
2023-06-25 06:00:00+00:00,54.0,90.57,85.0,73.4852799041753,70.33929018045666
2023-06-25 07:00:00+00:00,32.55,81.69,78.13,56.82911049996105,63.09891826348918
2023-06-25 08:00:00+00:00,9.69,57.64,63.36,32.99760851388014,44.35553030502004
2023-06-25 09:00:00+00:00,0.1,25.0,53.65,11.14295080647041,22.25556111402861
2023-06-25 10:00:00+00:00,0.0,14.99,45.79,4.598737693269115,15.496452099075142
2023-06-25 11:00:00+00:00,-0.1,1.9,29.38,-2.034409948473723,6.049393503847966
2023-06-25 12:00:00+00:00,-0.1,0.31,24.99,1.263947787174743,6.437729894097245
2023-06-25 13:00:00+00:00,-0.01,10.0,48.98,15.47708982649992,18.084443326021486
2023-06-25 14:00:00+00:00,9.69,28.2,75.0,37.675339007352754,36.730692763981224
2023-06-25 15:00:00+00:00,71.24,80.98,93.63,82.86062478800858,80.14381530746456
2023-06-25 16:00:00+00:00,106.54,99.77,107.23,112.51484235211527,100.73985689215189
2023-06-25 17:00:00+00:00,126.09,129.95,131.1,146.57051465953185,129.918618062296
2023-06-25 18:00:00+00:00,153.81,141.44,140.25,161.7998297118992,143.1339612851439
2023-06-25 19:00:00+00:00,163.44,150.72,137.47,166.31262733113792,151.10125060788562
2023-06-25 20:00:00+00:00,145.3,130.46,137.47,151.52342715892638,138.79446234138442
2023-06-25 21:00:00+00:00,119.01,118.31,117.62,133.96200791835406,125.67322504729324
2023-06-25 22:00:00+00:00,119.09,121.06,100.02,130.58579965610232,133.86434977535063
2023-06-25 23:00:00+00:00,108.63,113.0,93.72,120.9635756419153,125.95762711574018
2023-06-26 00:00:00+00:00,95.6,107.95,88.63,115.03216641369217,121.5951346846572
2023-06-26 01:00:00+00:00,89.48,106.49,89.72,116.93547305594878,122.57516015300807
2023-06-26 02:00:00+00:00,87.63,101.89,94.25,118.16558457775201,121.16823435892344
2023-06-26 03:00:00+00:00,101.97,101.93,95.95,122.4975043948821,122.71721658632622
2023-06-26 04:00:00+00:00,128.0,88.66,117.97,127.59985022025971,123.402999857684
2023-06-26 05:00:00+00:00,132.05,79.37,134.13,128.0063896660278,124.9679733463222
2023-06-26 06:00:00+00:00,120.58,54.0,132.63,108.74985684075781,109.51541780777305
2023-06-26 07:00:00+00:00,101.52,32.55,115.65,82.82265908139378,92.12693698509045
2023-06-26 08:00:00+00:00,87.9,9.69,104.12,56.903286670480874,73.91988106021218
2023-06-26 09:00:00+00:00,82.84,0.1,97.27,42.587309346656376,64.55278485215544
2023-06-26 10:00:00+00:00,74.92,0.0,93.32,36.28297730074308,62.47698791021558
2023-06-26 11:00:00+00:00,58.76,-0.1,90.06,29.88825030798357,59.370331249116624
2023-06-26 12:00:00+00:00,50.93,-0.1,88.43,24.96822459326542,56.63725066270748
2023-06-26 13:00:00+00:00,54.03,-0.01,94.23,22.71476056336995,54.80565515656135
2023-06-26 14:00:00+00:00,64.32,9.69,98.17,34.563549767122154,64.511455286939
2023-06-26 15:00:00+00:00,83.48,71.24,110.08,78.49783294415856,112.231805919569
2023-06-26 16:00:00+00:00,97.0,106.54,137.0,111.46024893449591,141.74230493719722
2023-06-26 17:00:00+00:00,109.43,126.09,170.31,136.59535569564798,161.9574486580931
2023-06-26 18:00:00+00:00,118.0,153.81,197.77,161.57964738980903,184.8801196698055
2023-06-26 19:00:00+00:00,126.16,163.44,178.48,166.5182080064189,188.86711018589943
2023-06-26 20:00:00+00:00,129.37,145.3,150.31,153.52986192042482,171.64762120119457
2023-06-26 21:00:00+00:00,118.06,119.01,135.13,134.28630325115768,149.07775752881858
2023-06-26 22:00:00+00:00,114.23,119.09,121.19,117.57968494595332,133.38326540520745
2023-06-26 23:00:00+00:00,100.78,108.63,110.72,110.43746963891859,123.40663099785137
2023-06-27 00:00:00+00:00,93.22,95.6,104.19,101.95104162017695,112.40420552221087
2023-06-27 01:00:00+00:00,94.12,89.48,101.37,100.78725531080417,108.0159483468659
2023-06-27 02:00:00+00:00,89.27,87.63,101.1,104.24016478352934,107.62567596424252
2023-06-27 03:00:00+00:00,92.17,101.97,106.69,118.92099648515416,120.26479534629337
2023-06-27 04:00:00+00:00,115.29,128.0,129.95,145.54668357529215,146.4945033890044
2023-06-27 05:00:00+00:00,130.0,132.05,145.38,154.41513130077064,156.15188746374616
2023-06-27 06:00:00+00:00,127.05,120.58,146.79,139.46610786300653,147.821537889714
2023-06-27 07:00:00+00:00,102.24,101.52,130.94,113.97500593993249,130.61753018512903
2023-06-27 08:00:00+00:00,90.0,87.9,114.09,93.83184665945716,116.96405386302112
2023-06-27 09:00:00+00:00,80.27,82.84,105.61,82.90856678875954,110.24527310435376
2023-06-27 10:00:00+00:00,72.27,74.92,100.12,72.23757895009246,101.83847849279076
2023-06-27 11:00:00+00:00,63.46,58.76,95.65,59.123549905312494,87.5939037244988
2023-06-27 12:00:00+00:00,68.12,50.93,94.62,51.31602782613046,78.27261368816482
2023-06-27 13:00:00+00:00,77.95,54.03,101.18,49.95002304586456,76.00876686478196
2023-06-27 14:00:00+00:00,89.05,64.32,105.37,61.81148672359233,83.69421439529552
2023-06-27 15:00:00+00:00,96.4,83.48,118.64,84.78690139390557,103.28191047601503
2023-06-27 16:00:00+00:00,113.57,97.0,140.0,107.1684769388335,118.89442175781281
2023-06-27 17:00:00+00:00,130.41,109.43,160.59,126.50229191086287,132.08895453797442
2023-06-27 18:00:00+00:00,134.79,118.0,165.08,138.571071564048,139.81878296041506
2023-06-27 19:00:00+00:00,130.83,126.16,150.0,141.07695205889758,142.697834247891
2023-06-27 20:00:00+00:00,125.06,129.37,138.0,138.28299199805883,141.4911742523596
2023-06-27 21:00:00+00:00,116.16,118.06,120.27,124.24435094501942,127.56527402237516
2023-06-27 22:00:00+00:00,98.08,114.23,119.7,105.1930962430729,109.94567142887949
2023-06-27 23:00:00+00:00,90.59,100.78,110.79,95.84856969286415,98.35524053747501
2023-06-28 00:00:00+00:00,87.09,93.22,104.84,90.63318374192332,90.98035174212535
2023-06-28 01:00:00+00:00,86.29,94.12,103.93,93.24112306908452,91.18498821524493
2023-06-28 02:00:00+00:00,87.24,89.27,103.77,94.97920128223998,88.67243719814574
2023-06-28 03:00:00+00:00,94.39,92.17,107.03,103.25097554226772,93.87161978947813
2023-06-28 04:00:00+00:00,116.03,115.29,127.17,128.53717966652945,119.68361227523911
2023-06-28 05:00:00+00:00,131.5,130.0,137.67,141.49669012938836,135.7497141110137
2023-06-28 06:00:00+00:00,128.15,127.05,144.57,134.19424530157406,134.94635072032372
2023-06-28 07:00:00+00:00,113.65,102.24,126.2,107.6543406005662,113.25968152403965
2023-06-28 08:00:00+00:00,101.89,90.0,109.94,92.76761464749507,101.9324547819995
2023-06-28 09:00:00+00:00,99.3,80.27,103.01,83.96471682807423,94.5136645999418
2023-06-28 10:00:00+00:00,101.18,72.27,98.21,76.14258497346987,86.66605420966596
2023-06-28 11:00:00+00:00,97.42,63.46,94.79,67.82561510028683,76.84842387970453
2023-06-28 12:00:00+00:00,95.59,68.12,92.36,67.95942615255177,76.50164819134682
2023-06-28 13:00:00+00:00,95.39,77.95,97.88,73.72615185434984,81.1453067656955
2023-06-28 14:00:00+00:00,97.6,89.05,100.21,83.71901248659668,88.03964899079018
2023-06-28 15:00:00+00:00,107.08,96.4,113.66,98.0827297054864,96.47331117312297
2023-06-28 16:00:00+00:00,128.92,113.57,138.21,121.40515545865418,113.2673099803303
2023-06-28 17:00:00+00:00,155.18,130.41,167.51,144.65009467643654,130.14472601503087
2023-06-28 18:00:00+00:00,167.62,134.79,190.71,155.0348144589368,136.44900708965713
2023-06-28 19:00:00+00:00,159.1,130.83,181.22,150.73148976041165,132.21359282216568
2023-06-28 20:00:00+00:00,140.0,125.06,155.0,140.71603271923874,124.42322059121632
2023-06-28 21:00:00+00:00,121.1,116.16,134.88,127.8806400906872,113.00803375683708
2023-06-28 22:00:00+00:00,119.46,98.08,132.95,109.46647337623165,94.1207173327584
2023-06-28 23:00:00+00:00,110.06,90.59,123.52,102.7263241476467,86.46534329245083
2023-06-29 00:00:00+00:00,101.72,87.09,115.49,99.48854748074905,82.28477765577033
2023-06-29 01:00:00+00:00,98.08,86.29,111.34,100.16322483363327,81.42559185688727
2023-06-29 02:00:00+00:00,99.92,87.24,107.02,103.16831851881011,81.92472091120638
2023-06-29 03:00:00+00:00,104.52,94.39,115.75,112.20669133556997,89.42988923873207
2023-06-29 04:00:00+00:00,121.81,116.03,137.62,135.10948178520408,114.74116465382602
2023-06-29 05:00:00+00:00,130.55,131.5,152.72,145.21113529470998,132.00316765825266
2023-06-29 06:00:00+00:00,130.31,128.15,153.94,135.46142669932303,130.3437079796294
2023-06-29 07:00:00+00:00,116.39,113.65,130.12,112.46556664090798,114.38899458077843
2023-06-29 08:00:00+00:00,105.95,101.89,116.0,95.5324053817524,103.21547666460218
2023-06-29 09:00:00+00:00,98.6,99.3,107.74,88.13813832307622,99.32978415071969
2023-06-29 10:00:00+00:00,99.84,101.18,106.72,85.64829371136106,98.01759382479996
2023-06-29 11:00:00+00:00,98.24,97.42,106.79,82.61369108308783,92.61637561871909
2023-06-29 12:00:00+00:00,98.6,95.59,106.46,81.62595986825507,88.96897578910304
2023-06-29 13:00:00+00:00,100.0,95.39,106.81,83.83894640929277,87.47757122682073
2023-06-29 14:00:00+00:00,101.12,97.6,108.19,91.5114748820637,89.62640516866404
2023-06-29 15:00:00+00:00,112.03,107.08,125.77,106.56827814205849,99.03266638787002
2023-06-29 16:00:00+00:00,131.26,128.92,137.3,128.7369706108007,117.10812034081005
2023-06-29 17:00:00+00:00,166.25,155.18,157.43,154.1188351202652,140.38483612617844
2023-06-29 18:00:00+00:00,171.58,167.62,155.0,164.58151890888848,149.6416857181588
2023-06-29 19:00:00+00:00,154.73,159.1,147.18,156.887832559641,141.7528941174058
2023-06-29 20:00:00+00:00,141.81,140.0,134.34,140.58582236805864,125.95941413312772
2023-06-29 21:00:00+00:00,121.11,121.1,120.87,123.14757696704476,109.03003873034622
2023-06-29 22:00:00+00:00,115.6,119.46,103.8,121.81403448001437,110.79956592107416
2023-06-29 23:00:00+00:00,103.4,110.06,95.2,113.5332906187365,101.79015256951811
2023-06-30 00:00:00+00:00,96.56,101.72,91.79,107.5814554429822,94.77451471637508
2023-06-30 01:00:00+00:00,97.64,98.08,91.28,106.33696468145254,91.98379012230633
2023-06-30 02:00:00+00:00,96.11,99.92,90.94,110.44839473289542,93.95247655784304
2023-06-30 03:00:00+00:00,107.69,104.52,94.56,118.67789635197877,99.5963063896982
2023-06-30 04:00:00+00:00,126.75,121.81,115.09,141.23506111173427,121.24323210645342
2023-06-30 05:00:00+00:00,138.97,130.55,128.94,151.70333791148,132.62638943818118
2023-06-30 06:00:00+00:00,133.41,130.31,130.87,149.13495012914925,132.58799577913197
2023-06-30 07:00:00+00:00,126.31,116.39,121.65,135.05390178994264,120.09213060545164
2023-06-30 08:00:00+00:00,109.86,105.95,106.27,121.49664066707527,109.44700680814029
2023-06-30 09:00:00+00:00,103.24,98.6,98.1,110.76733755060204,101.75554191830865
2023-06-30 10:00:00+00:00,100.86,99.84,93.0,104.54734906241855,100.27845974290491
2023-06-30 11:00:00+00:00,91.69,98.24,86.87,96.92877589829028,96.05049989462125
2023-06-30 12:00:00+00:00,88.46,98.6,79.98,91.79213190520163,93.30998281378743
2023-06-30 13:00:00+00:00,90.0,100.0,79.3,91.37872575297611,93.11667388761256
2023-06-30 14:00:00+00:00,92.01,101.12,86.87,95.20884752178732,94.80631724417255
2023-06-30 15:00:00+00:00,98.36,112.03,97.0,109.44657251659578,105.53169400529505
2023-06-30 16:00:00+00:00,109.73,131.26,107.49,131.29938067628683,122.91151641652593
2023-06-30 17:00:00+00:00,117.96,166.25,129.66,161.50315413497162,151.79019302196724
2023-06-30 18:00:00+00:00,133.43,171.58,137.1,169.35001335104437,156.6855027100668
2023-06-30 19:00:00+00:00,130.74,154.73,134.99,158.7231988848327,143.86062473572412
2023-06-30 20:00:00+00:00,122.39,141.81,130.68,146.92228189750261,133.0521684387989
2023-06-30 21:00:00+00:00,109.47,121.11,122.32,127.30346085860226,114.71007650862384
2023-06-30 22:00:00+00:00,109.74,115.6,117.34,111.49967132391166,107.15299650412263
2023-06-30 23:00:00+00:00,108.91,103.4,109.72,97.50953849415865,94.87512697250212
2023-07-01 00:00:00+00:00,104.31,96.56,102.88,86.75198517193212,85.81385596317449
2023-07-01 01:00:00+00:00,99.14,97.64,100.31,82.73263649332688,82.78318058483435
2023-07-01 02:00:00+00:00,98.11,96.11,94.33,78.15471211493215,78.23125240268674
2023-07-01 03:00:00+00:00,84.11,107.69,92.51,79.77416595379155,82.2528000947365
2023-07-01 04:00:00+00:00,78.63,126.75,92.29,86.1770056975733,94.3790155896518
2023-07-01 05:00:00+00:00,85.75,138.97,92.3,88.00991054922616,102.7462151987252
2023-07-01 06:00:00+00:00,78.03,133.41,90.57,79.07400648779989,98.57004647196574
2023-07-01 07:00:00+00:00,64.9,126.31,81.69,66.51621237696543,90.75087664291598
2023-07-01 08:00:00+00:00,43.79,109.86,57.64,48.46912281747804,75.57173439905017
2023-07-01 09:00:00+00:00,24.61,103.24,25.0,37.246696241682805,66.29436073838019
2023-07-01 10:00:00+00:00,16.83,100.86,14.99,32.81018605898004,62.49735416885103
2023-07-01 11:00:00+00:00,4.43,91.69,1.9,26.609629563242507,54.127552064023625
2023-07-01 12:00:00+00:00,0.07,88.46,0.31,27.399814460872236,52.399033948442764
2023-07-01 13:00:00+00:00,0.97,90.0,10.0,34.69356020900635,56.4310209039966
2023-07-01 14:00:00+00:00,12.31,92.01,28.2,44.82009243126371,62.67748409672117
2023-07-01 15:00:00+00:00,54.59,98.36,80.98,63.887860195620036,78.46794485851058
2023-07-01 16:00:00+00:00,77.14,109.73,99.77,82.01844858846748,94.53637688089535
2023-07-01 17:00:00+00:00,82.36,117.96,129.95,96.75607683761808,109.28912512801182
2023-07-01 18:00:00+00:00,89.6,133.43,141.44,108.7561836653985,122.89843298044829
2023-07-01 19:00:00+00:00,92.79,130.74,150.72,106.07011195512997,121.62241482840338
2023-07-01 20:00:00+00:00,92.97,122.39,130.46,97.26813848507989,114.17005985757665
2023-07-01 21:00:00+00:00,89.86,109.47,118.31,83.01159307402268,101.60946381438688
2023-07-01 22:00:00+00:00,16.45,109.74,121.06,76.7827074217065,107.56132226553169
2023-07-01 23:00:00+00:00,3.17,108.91,113.0,71.3682864409883,102.63034611302035
2023-07-02 00:00:00+00:00,0.01,104.31,107.95,64.44976651014315,95.14929238271304
2023-07-02 01:00:00+00:00,0.0,99.14,106.49,59.350450652685495,88.19074692171961
2023-07-02 02:00:00+00:00,-0.03,98.11,101.89,60.272568429057706,83.60160016454417
2023-07-02 03:00:00+00:00,-0.05,84.11,101.93,51.71717667575213,71.25590467781359
2023-07-02 04:00:00+00:00,-0.05,78.63,88.66,44.98997547515697,64.73714611630555
2023-07-02 05:00:00+00:00,-0.5,85.75,79.37,43.68032300080294,68.03129571964791
2023-07-02 06:00:00+00:00,-2.95,78.03,54.0,27.094718685979146,59.166770947133806
2023-07-02 07:00:00+00:00,-15.07,64.9,32.55,4.6734334920619744,48.17473072964097
2023-07-02 08:00:00+00:00,-37.0,43.79,9.69,-19.97266491574318,31.639433817421548
2023-07-02 09:00:00+00:00,-98.11,24.61,0.1,-36.21875387445125,19.628477385274834
2023-07-02 10:00:00+00:00,-167.96,16.83,0.0,-42.1948729189984,15.437874062015908
2023-07-02 11:00:00+00:00,-266.92,4.43,-0.1,-49.86642664558288,6.903697890737007
2023-07-02 12:00:00+00:00,-500.0,0.07,-0.1,-51.277458568927514,5.43235861167534
2023-07-02 13:00:00+00:00,-399.0,0.97,-0.01,-46.34178554516215,8.865285773173511
2023-07-02 14:00:00+00:00,-124.21,12.31,9.69,-31.521505234784755,21.209895514071135
2023-07-02 15:00:00+00:00,-35.18,54.59,71.24,8.499319747646865,61.020129450089804
2023-07-02 16:00:00+00:00,-6.01,77.14,106.54,40.651916054653114,87.0412013067765
2023-07-02 17:00:00+00:00,4.83,82.36,126.09,60.605707638620316,98.00426626936569
2023-07-02 18:00:00+00:00,69.09,89.6,153.81,84.98438936199855,110.64759407987896
2023-07-02 19:00:00+00:00,85.61,92.79,163.44,93.8884706006219,115.21603457443811
2023-07-02 20:00:00+00:00,94.9,92.97,145.3,93.21801291234505,113.73246210318385
2023-07-02 21:00:00+00:00,86.08,89.86,119.01,83.4558077911575,105.81060864164137
2023-07-02 22:00:00+00:00,66.0,16.45,119.09,47.31460785572901,64.40039976523673
2023-07-02 23:00:00+00:00,43.5,3.17,108.63,36.179143588109255,53.94813344012452
2023-07-03 00:00:00+00:00,24.09,0.01,95.6,31.025173313824595,49.60773073947189
2023-07-03 01:00:00+00:00,10.26,0.0,89.48,30.879978677975117,49.4256083164933
2023-07-03 02:00:00+00:00,15.8,-0.03,87.63,33.74866050049711,51.18609488479993
2023-07-03 03:00:00+00:00,54.0,-0.05,101.97,39.579138711330216,54.73564699630681
2023-07-03 04:00:00+00:00,86.0,-0.05,128.0,51.29326926237826,64.89282695042272
2023-07-03 05:00:00+00:00,110.89,-0.5,132.05,56.20005338311217,71.02326912716275
2023-07-03 06:00:00+00:00,104.91,-2.95,120.58,45.23764752002738,69.12776124841515
2023-07-03 07:00:00+00:00,61.71,-15.07,101.52,18.564025786909752,56.56803569490586
2023-07-03 08:00:00+00:00,1.0,-37.0,87.9,-5.9274602946172905,39.69352642286562
2023-07-03 09:00:00+00:00,-0.06,-98.11,82.84,-39.21051797175009,-0.33479142074256174
2023-07-03 10:00:00+00:00,-2.9,-167.96,74.92,-75.35429795953281,-45.711280105501984
2023-07-03 11:00:00+00:00,-5.68,-266.92,58.76,-122.0494948434115,-110.34745085161124
2023-07-03 12:00:00+00:00,-4.99,-500.0,50.93,-226.70809017900444,-255.59003438085176
2023-07-03 13:00:00+00:00,-2.75,-399.0,54.03,-164.586537860359,-181.83161061100753
2023-07-03 14:00:00+00:00,-0.07,-124.21,64.32,-12.982873813557745,5.326382171112215
2023-07-03 15:00:00+00:00,22.5,-35.18,83.48,45.445980055051336,71.20679320929838
2023-07-03 16:00:00+00:00,88.35,-6.01,97.0,76.91333309479276,95.40798872174126
2023-07-03 17:00:00+00:00,116.38,4.83,109.43,98.4704167968402,105.123662095221
2023-07-03 18:00:00+00:00,124.54,69.09,118.0,144.54789312516968,149.19485471703643
2023-07-03 19:00:00+00:00,128.09,85.61,126.16,156.66166565550486,160.17294239630166
2023-07-03 20:00:00+00:00,121.23,94.9,129.37,158.9956058791317,166.29179461256533
2023-07-03 21:00:00+00:00,114.5,86.08,118.06,145.21550641182603,156.5958373767307
2023-07-03 22:00:00+00:00,96.47,66.0,114.23,109.63959635781056,124.80178277720184
2023-07-03 23:00:00+00:00,80.8,43.5,100.78,89.08014355520312,106.18491145655052
2023-07-04 00:00:00+00:00,71.0,24.09,93.22,74.72332570630054,91.73870627372504
2023-07-04 01:00:00+00:00,64.38,10.26,94.12,68.827808158311,82.74671206161294
2023-07-04 02:00:00+00:00,71.51,15.8,89.27,75.67334567810136,86.91502059946042
2023-07-04 03:00:00+00:00,85.09,54.0,92.17,102.27013477580599,115.19313515675113
2023-07-04 04:00:00+00:00,113.73,86.0,115.29,129.94272318080024,145.23374539098944
2023-07-04 05:00:00+00:00,119.97,110.89,130.0,149.37989784005518,170.0509237750925
2023-07-04 06:00:00+00:00,113.29,104.91,127.05,139.13329996367926,167.29378473747423
2023-07-04 07:00:00+00:00,76.08,61.71,102.24,99.56074961377243,132.8734688387533
2023-07-04 08:00:00+00:00,33.64,1.0,90.0,56.315663954092216,88.67027410732003
2023-07-04 09:00:00+00:00,10.08,-0.06,80.27,47.67109468536333,82.42418739181362
2023-07-04 10:00:00+00:00,0.07,-2.9,72.27,38.63820778148619,71.86177963579274
2023-07-04 11:00:00+00:00,0.06,-5.68,63.46,26.905927478438485,56.420566182622636
2023-07-04 12:00:00+00:00,9.91,-4.99,68.12,1.509068879897825,25.954354757050737
2023-07-04 13:00:00+00:00,39.22,-2.75,77.95,-5.4745977664593966,20.76575614860539
2023-07-04 14:00:00+00:00,83.84,-0.07,89.05,14.919421599150368,39.912864184715716
2023-07-04 15:00:00+00:00,93.68,22.5,96.4,44.94827806661965,61.640850476084886
2023-07-04 16:00:00+00:00,116.9,88.35,113.57,99.82048852838828,110.96055534587067
2023-07-04 17:00:00+00:00,148.2,116.38,130.41,133.42916033001413,133.43999945780942
2023-07-04 18:00:00+00:00,173.99,124.54,134.79,152.16556761294578,144.0470306398392
2023-07-04 19:00:00+00:00,171.93,128.09,130.83,156.0595052822573,146.27139909234194
2023-07-04 20:00:00+00:00,145.03,121.23,125.06,149.08206019154852,141.0245722751392
2023-07-04 21:00:00+00:00,124.09,114.5,116.16,137.65332506078383,132.81253355162508
2023-07-04 22:00:00+00:00,124.32,96.47,98.08,111.151752758853,104.61840595496659
2023-07-04 23:00:00+00:00,110.41,80.8,90.59,93.30136700267686,90.3470734513522
2023-07-05 00:00:00+00:00,94.76,71.0,87.09,79.86581498535205,81.39828090832567
2023-07-05 01:00:00+00:00,86.81,64.38,86.29,69.47393229540562,75.36126739836537
2023-07-05 02:00:00+00:00,67.3,71.51,87.24,68.73082485223644,81.12721805782311
2023-07-05 03:00:00+00:00,67.87,85.09,94.39,75.52447906272751,95.48031860213007
2023-07-05 04:00:00+00:00,76.64,113.73,116.03,95.26775854427252,125.0860186499354
2023-07-05 05:00:00+00:00,92.59,119.97,131.5,99.41324798034688,136.9656043600358
2023-07-05 06:00:00+00:00,98.35,113.29,128.15,88.40956800554123,132.3506397528253
2023-07-05 07:00:00+00:00,82.4,76.08,113.65,55.459213798439,101.88025529498145
2023-07-05 08:00:00+00:00,73.44,33.64,101.89,19.143790897730383,66.92638594113569
2023-07-05 09:00:00+00:00,38.2,10.08,99.3,-2.1818806134484134,50.07779903776678
2023-07-05 10:00:00+00:00,0.05,0.07,101.18,-14.986853269075368,41.65122354093192
2023-07-05 11:00:00+00:00,-3.09,0.06,97.42,-21.358551000092064,39.4243765372358
2023-07-05 12:00:00+00:00,-9.93,9.91,95.59,-19.937810951242085,43.8750852244891
2023-07-05 13:00:00+00:00,-9.9,39.22,95.39,-5.645028839589315,62.02714558539428
2023-07-05 14:00:00+00:00,-3.52,83.84,97.6,20.866890368726857,90.86424384717989
2023-07-05 15:00:00+00:00,23.33,93.68,107.08,36.37767870002817,99.41656253540658
2023-07-05 16:00:00+00:00,83.2,116.9,128.92,71.00593196057055,124.12216105352658
2023-07-05 17:00:00+00:00,104.61,148.2,155.18,110.05478847171166,151.55221998578202
2023-07-05 18:00:00+00:00,118.44,173.99,167.62,138.80416531276472,170.9819804190814
2023-07-05 19:00:00+00:00,122.75,171.93,159.1,143.12288245365818,168.63664107354242
2023-07-05 20:00:00+00:00,121.34,145.03,140.0,126.823563590515,147.146868466032
2023-07-05 21:00:00+00:00,114.81,124.09,121.1,109.69158739498862,128.44467541063975
2023-07-05 22:00:00+00:00,91.62,124.32,119.46,97.94954675534895,121.54647042068433
2023-07-05 23:00:00+00:00,84.0,110.41,110.06,89.73788177133332,108.796075052084
2023-07-06 00:00:00+00:00,82.4,94.76,101.72,81.18574300027169,95.80500641367962
2023-07-06 01:00:00+00:00,83.05,86.81,98.08,79.88343956724378,89.34863249141344
2023-07-06 02:00:00+00:00,85.01,67.3,99.92,76.52127562627996,78.03227376156472
2023-07-06 03:00:00+00:00,94.37,67.87,104.52,85.66228658156876,81.8267045732447
2023-07-06 04:00:00+00:00,113.75,76.64,121.81,103.3978092269528,97.2001398141751
2023-07-06 05:00:00+00:00,126.29,92.59,130.55,115.23108105546386,112.87466292425894
2023-07-06 06:00:00+00:00,124.85,98.35,130.31,108.71444765349824,116.45331954313298
2023-07-06 07:00:00+00:00,110.97,82.4,116.39,83.46517793924801,100.11424695960811
2023-07-06 08:00:00+00:00,95.03,73.44,105.95,66.79721269071581,89.5232915993986
2023-07-06 09:00:00+00:00,86.29,38.2,98.6,41.944994277884305,62.80459934142774
2023-07-06 10:00:00+00:00,78.17,0.05,99.84,19.29585850662201,35.74027948507552
2023-07-06 11:00:00+00:00,76.42,-3.09,98.24,16.712789202659295,31.961990879713397
2023-07-06 12:00:00+00:00,78.15,-9.93,98.6,14.098823373071255,26.394858254705355
2023-07-06 13:00:00+00:00,84.05,-9.9,100.0,19.62312433000669,27.73123918553202
2023-07-06 14:00:00+00:00,88.1,-3.52,101.12,32.48835414563358,34.74418993713107
2023-07-06 15:00:00+00:00,98.83,23.33,112.03,59.721709955887775,55.14432937504761
2023-07-06 16:00:00+00:00,116.42,83.2,131.26,109.30104499280678,100.59896546721592
2023-07-06 17:00:00+00:00,150.6,104.61,166.25,139.72645682572056,122.67012698924364
2023-07-06 18:00:00+00:00,184.13,118.44,171.58,154.07545908389875,134.02006180574432
2023-07-06 19:00:00+00:00,183.86,122.75,154.73,153.2573800142508,133.86916340340792
2023-07-06 20:00:00+00:00,137.57,121.34,141.81,146.10711997118375,128.75062575225917
2023-07-06 21:00:00+00:00,118.98,114.81,121.11,134.38934872846002,118.64552114987177
2023-07-06 22:00:00+00:00,114.0,91.62,115.6,118.95785245697506,103.3908359606348
2023-07-06 23:00:00+00:00,103.88,84.0,103.4,110.55093079761933,95.0531912898549
2023-07-07 00:00:00+00:00,97.6,82.4,96.56,99.38136871241977,86.23385320400034
2023-07-07 01:00:00+00:00,95.93,83.05,97.64,100.48239599518683,86.61567828498303
2023-07-07 02:00:00+00:00,98.01,85.01,96.11,105.79348654682892,89.1098504990453
2023-07-07 03:00:00+00:00,101.94,94.37,107.69,120.60886172853016,101.5519421302544
2023-07-07 04:00:00+00:00,135.47,113.75,126.75,140.146310655255,123.25014745431734
2023-07-07 05:00:00+00:00,121.7,126.29,138.97,149.16139169055768,139.48538457421287
2023-07-07 06:00:00+00:00,108.83,124.85,133.41,138.04529050689766,139.52837587055598
2023-07-07 07:00:00+00:00,91.79,110.97,126.31,115.15858511995836,127.0653497544233
2023-07-07 08:00:00+00:00,84.0,95.03,109.86,93.93288107061122,113.38389921928464
2023-07-07 09:00:00+00:00,79.12,86.29,103.24,80.0627976484038,103.03558578346491
2023-07-07 10:00:00+00:00,74.9,78.17,100.86,69.05034529072988,92.4350745319046
2023-07-07 11:00:00+00:00,66.57,76.42,91.69,64.18157978957852,87.55490553378363
2023-07-07 12:00:00+00:00,64.98,78.15,88.46,62.16836644857328,84.36697737291918
2023-07-07 13:00:00+00:00,66.18,84.05,90.0,67.04444040610963,86.03919896275542
2023-07-07 14:00:00+00:00,80.29,88.1,92.01,72.77344836864937,86.18471823385575
2023-07-07 15:00:00+00:00,90.0,98.83,98.36,87.97979682600945,93.6441649131357
2023-07-07 16:00:00+00:00,117.65,116.42,109.73,113.51584317865891,110.50464167206887
2023-07-07 17:00:00+00:00,146.78,150.6,117.96,144.76743008437222,136.8759277840922
2023-07-07 18:00:00+00:00,173.24,184.13,133.43,168.67581878666726,163.06162712110063
2023-07-07 19:00:00+00:00,139.54,183.86,130.74,162.9298348702857,162.78908536407607
2023-07-07 20:00:00+00:00,117.27,137.57,122.39,127.59684744378129,129.8544467887128
2023-07-07 21:00:00+00:00,101.56,118.98,109.47,106.13899603970953,113.066887647845
2023-07-07 22:00:00+00:00,100.27,114.0,109.74,101.61729656151961,107.51132745852665
2023-07-07 23:00:00+00:00,92.14,103.88,108.91,91.75190678383407,96.95139039523299
2023-07-08 00:00:00+00:00,89.97,97.6,104.31,84.69247493256239,88.79864558817465
2023-07-08 01:00:00+00:00,87.06,95.93,99.14,82.07483624212321,83.73816662488588
2023-07-08 02:00:00+00:00,88.84,98.01,98.11,82.80502814182552,81.77873441534166
2023-07-08 03:00:00+00:00,88.57,101.94,84.11,82.68566179331603,79.27844331835293
2023-07-08 04:00:00+00:00,84.94,135.47,78.63,99.58918492022359,100.28849155642907
2023-07-08 05:00:00+00:00,85.26,121.7,85.75,90.80491031765487,92.3084477733318
2023-07-08 06:00:00+00:00,83.77,108.83,78.03,77.44659961629978,82.53847524367822
2023-07-08 07:00:00+00:00,76.04,91.79,64.9,57.26567079813382,68.29683647778613
2023-07-08 08:00:00+00:00,60.9,84.0,43.79,39.40764156309239,58.62338840260198
2023-07-08 09:00:00+00:00,46.32,79.12,24.61,26.568448204274134,52.13729057027409
2023-07-08 10:00:00+00:00,35.22,74.9,16.83,18.19269077496159,47.369772078642995
2023-07-08 11:00:00+00:00,16.71,66.57,4.43,10.365655858656439,39.53835655634492
2023-07-08 12:00:00+00:00,16.73,64.98,0.07,13.079797378177688,39.50021367547821
2023-07-08 13:00:00+00:00,40.0,66.18,0.97,22.088750459835637,43.0229736218843
2023-07-08 14:00:00+00:00,60.9,80.29,12.31,41.74153148071884,56.647329266066514
2023-07-08 15:00:00+00:00,83.4,90.0,54.59,65.94526209322132,72.17865085442293
2023-07-08 16:00:00+00:00,107.3,117.65,77.14,98.7709422087161,98.3400545335866
2023-07-08 17:00:00+00:00,121.0,146.78,82.36,126.89229690062338,124.1752481753686
2023-07-08 18:00:00+00:00,128.76,173.24,89.6,146.21531241331914,146.81516377309026
2023-07-08 19:00:00+00:00,132.86,139.54,92.79,123.4272691745187,125.23662970274518
2023-07-08 20:00:00+00:00,129.72,117.27,92.97,103.25781773571886,107.90619831862419
2023-07-08 21:00:00+00:00,115.92,101.56,89.86,88.30408196794755,94.78546956415155
2023-07-08 22:00:00+00:00,109.44,100.27,16.45,81.2565026715721,90.71616744692761
2023-07-08 23:00:00+00:00,101.74,92.14,3.17,73.95526528990774,80.43304124406365
2023-07-09 00:00:00+00:00,101.82,89.97,0.01,71.35911235715328,75.54062900897878
2023-07-09 01:00:00+00:00,95.44,87.06,0.0,69.62845980329425,70.1279427032625
2023-07-09 02:00:00+00:00,95.79,88.84,-0.03,71.4803086312368,68.12305334379835
2023-07-09 03:00:00+00:00,96.92,88.57,-0.05,70.61061504802848,63.80382783646697
2023-07-09 04:00:00+00:00,94.68,84.94,-0.05,67.52443345519382,60.71128974886671
2023-07-09 05:00:00+00:00,91.2,85.26,-0.5,62.5014827953613,59.21280169098626
2023-07-09 06:00:00+00:00,86.24,83.77,-2.95,51.81851833576833,56.36395757698116
2023-07-09 07:00:00+00:00,77.11,76.04,-15.07,36.02543761321486,48.78176224150701
2023-07-09 08:00:00+00:00,60.15,60.9,-37.0,16.83231916128794,35.72333688202028
2023-07-09 09:00:00+00:00,50.12,46.32,-98.11,-2.740415738442124,19.070469266657014
2023-07-09 10:00:00+00:00,45.69,35.22,-167.96,-18.663903397724653,3.322268822456479
2023-07-09 11:00:00+00:00,36.99,16.71,-266.92,-39.32043405248403,-21.6981167182508
2023-07-09 12:00:00+00:00,44.85,16.73,-500.0,-61.81497146713015,-48.72754018914402
2023-07-09 13:00:00+00:00,55.15,40.0,-399.0,-28.845828037957332,-18.04652597550323
2023-07-09 14:00:00+00:00,72.99,60.9,-124.21,26.794452018453057,34.193586814444046
2023-07-09 15:00:00+00:00,82.4,83.4,-35.18,63.62405767162429,65.29810476618194
2023-07-09 16:00:00+00:00,105.1,107.3,-6.01,93.46195582365557,90.93092246326391
2023-07-09 17:00:00+00:00,122.21,121.0,4.83,109.40329446116561,105.83759125783769
2023-07-09 18:00:00+00:00,132.12,128.76,69.09,126.06431378051232,123.28610832614646
2023-07-09 19:00:00+00:00,134.1,132.86,85.61,128.81863175260986,128.16863833357982
2023-07-09 20:00:00+00:00,132.12,129.72,94.9,125.70876750590025,127.99089185132418
2023-07-09 21:00:00+00:00,119.6,115.92,86.08,112.93777917210735,115.47633459339572
2023-07-09 22:00:00+00:00,112.49,109.44,66.0,113.68070163704526,117.67740968676367
2023-07-09 23:00:00+00:00,102.0,101.74,43.5,106.91010823235364,108.62198286329222
2023-07-10 00:00:00+00:00,94.3,101.82,24.09,105.84869683658145,106.34348841105832
2023-07-10 01:00:00+00:00,91.94,95.44,10.26,103.43922814585855,100.57036690107896
2023-07-10 02:00:00+00:00,93.31,95.79,15.8,108.33975981845177,102.85954183042544
2023-07-10 03:00:00+00:00,105.14,96.92,54.0,119.44530281409418,110.97242591585207
2023-07-10 04:00:00+00:00,121.67,94.68,86.0,130.70243171585767,119.06056195524661
2023-07-10 05:00:00+00:00,132.78,91.2,110.89,135.2710336499408,124.3629871830151
2023-07-10 06:00:00+00:00,134.27,86.24,104.91,127.05579619105771,121.36195963786342
2023-07-10 07:00:00+00:00,117.95,77.11,61.71,107.72187069037194,108.9906996439131
2023-07-10 08:00:00+00:00,105.28,60.15,1.0,81.53128789716116,88.98435513687943
2023-07-10 09:00:00+00:00,94.99,50.12,-0.06,66.25490984000271,80.81402181681858
2023-07-10 10:00:00+00:00,89.23,45.69,-2.9,54.05827338739222,75.18793107150951
2023-07-10 11:00:00+00:00,80.16,36.99,-5.68,40.24800732632943,65.45492016709201
2023-07-10 12:00:00+00:00,74.48,44.85,-4.99,36.759381249632185,67.41927036760569
2023-07-10 13:00:00+00:00,72.22,55.15,-2.75,41.479616181100695,74.00274747996905
2023-07-10 14:00:00+00:00,81.46,72.99,-0.07,56.25179597057246,86.83143161116733
2023-07-10 15:00:00+00:00,91.14,82.4,22.5,74.51350034856506,97.20086196685352
2023-07-10 16:00:00+00:00,122.67,105.1,88.35,111.20751238574076,123.6765329087495
2023-07-10 17:00:00+00:00,165.49,122.21,116.38,139.09676877378502,140.35536175816776
2023-07-10 18:00:00+00:00,176.01,132.12,124.54,154.36378603359444,148.1040205971104
2023-07-10 19:00:00+00:00,180.07,134.1,128.09,157.9732040456891,149.7725269630382
2023-07-10 20:00:00+00:00,162.92,132.12,121.23,153.72249080789786,146.53003854245745
2023-07-10 21:00:00+00:00,133.7,119.6,114.5,142.0895090261722,134.60466378305563
2023-07-10 22:00:00+00:00,124.41,112.49,96.47,125.0895195028784,116.85911306331803
2023-07-10 23:00:00+00:00,115.74,102.0,80.8,115.86031992794497,106.85374852715982
2023-07-11 00:00:00+00:00,105.29,94.3,71.0,109.5410468364486,100.32888876202587
2023-07-11 01:00:00+00:00,100.68,91.94,64.38,107.25534517039478,97.81625574743998
2023-07-11 02:00:00+00:00,99.7,93.31,71.51,109.96222227720551,100.52136495574604
2023-07-11 03:00:00+00:00,112.74,105.14,85.09,119.49010709689912,111.25005836657967
2023-07-11 04:00:00+00:00,123.55,121.67,113.73,137.79335977129455,132.01691439108313
2023-07-11 05:00:00+00:00,125.39,132.78,119.97,140.95123482605726,143.13849267515405
2023-07-11 06:00:00+00:00,120.95,134.27,113.29,129.90268251606815,143.1999937945856
2023-07-11 07:00:00+00:00,105.1,117.95,76.08,103.01411346507757,126.00180012434636
2023-07-11 08:00:00+00:00,93.82,105.28,33.64,78.77812206415354,110.60429107176344
2023-07-11 09:00:00+00:00,81.09,94.99,10.08,61.468113856733204,99.23686197095172
2023-07-11 10:00:00+00:00,57.76,89.23,0.07,50.65232656917723,91.96599067617034
2023-07-11 11:00:00+00:00,46.39,80.16,0.06,41.655806868002955,82.96117641527142
2023-07-11 12:00:00+00:00,47.39,74.48,9.91,38.79942003065766,78.52954230078116
2023-07-11 13:00:00+00:00,66.65,72.22,39.22,45.68128578407392,80.34335036793637
2023-07-11 14:00:00+00:00,88.22,81.46,83.84,64.72568519797981,92.36899179852117
2023-07-11 15:00:00+00:00,95.41,91.14,93.68,83.61155066093781,99.9561767268234
2023-07-11 16:00:00+00:00,121.58,122.67,116.9,121.12007633134145,126.84298050203067
2023-07-11 17:00:00+00:00,172.01,165.49,148.2,161.59443234937018,162.31270018039794
2023-07-11 18:00:00+00:00,180.99,176.01,173.99,174.76085723184386,173.69503936376958
2023-07-11 19:00:00+00:00,135.0,180.07,171.93,172.7934801098678,176.61807783526731
2023-07-11 20:00:00+00:00,119.95,162.92,145.03,151.38918920243776,160.87772872660207
2023-07-11 21:00:00+00:00,103.18,133.7,124.09,124.77081393492037,135.92891207171976
2023-07-11 22:00:00+00:00,98.47,124.41,124.32,108.95051083756911,118.92391599050293
2023-07-11 23:00:00+00:00,91.0,115.74,110.41,98.71432598003938,109.63001200712415
2023-07-12 00:00:00+00:00,90.0,105.29,94.76,89.44685185360298,99.51249787269883
2023-07-12 01:00:00+00:00,82.09,100.68,86.81,87.29295472007254,95.38188282469503
2023-07-12 02:00:00+00:00,83.58,99.7,67.3,86.77650783939784,92.96492460040173
2023-07-12 03:00:00+00:00,85.13,112.74,67.87,97.37720013974455,103.99922659917362
2023-07-12 04:00:00+00:00,102.05,123.55,76.64,111.10510392584794,118.61993306815992
2023-07-12 05:00:00+00:00,118.04,125.39,92.59,116.5890489138182,127.40215057855451
2023-07-12 06:00:00+00:00,120.0,120.95,98.35,107.23936982215304,126.6652688908302
2023-07-12 07:00:00+00:00,104.84,105.1,82.4,82.2374520834046,111.97716215522343
2023-07-12 08:00:00+00:00,86.36,93.82,73.44,63.47536786337071,101.84491231069883
2023-07-12 09:00:00+00:00,69.77,81.09,38.2,43.08914473568761,88.18893764700489
2023-07-12 10:00:00+00:00,15.87,57.76,0.05,18.005471304544386,65.75546767068938
2023-07-12 11:00:00+00:00,12.92,46.39,-3.09,7.6399427502724535,55.78543159919741
2023-07-12 12:00:00+00:00,19.33,47.39,-9.93,6.44856010953653,53.39822862020569
2023-07-12 13:00:00+00:00,27.03,66.65,-9.9,20.822192221610294,65.1404704844899
2023-07-12 14:00:00+00:00,53.97,88.22,-3.52,41.728627997971714,80.2492371473427
2023-07-12 15:00:00+00:00,82.52,95.41,23.33,61.7472514590436,89.28703252162822
2023-07-12 16:00:00+00:00,99.36,121.58,83.2,100.32077567589768,117.79083634960989
2023-07-12 17:00:00+00:00,119.38,172.01,104.61,147.55848837225741,158.87361312214432
2023-07-12 18:00:00+00:00,146.26,180.99,118.44,164.41193967301606,167.0116592460565
2023-07-12 19:00:00+00:00,151.89,135.0,122.75,142.1555504144978,136.01732706250405
2023-07-12 20:00:00+00:00,126.41,119.95,121.34,130.11513776216935,123.36438887584796
2023-07-12 21:00:00+00:00,113.91,103.18,114.81,114.149969443686,107.0611963245247
2023-07-12 22:00:00+00:00,105.09,98.47,91.62,97.30426792804803,93.88960781921142
2023-07-12 23:00:00+00:00,97.03,91.0,84.0,89.89650545905178,86.77704289229113
2023-07-13 00:00:00+00:00,95.04,90.0,82.4,86.70177740606357,84.86160833120981
2023-07-13 01:00:00+00:00,92.25,82.09,83.05,82.80088694616475,79.54406201629143
2023-07-13 02:00:00+00:00,92.1,83.58,85.01,85.9228282538423,81.43633326438312
2023-07-13 03:00:00+00:00,93.63,85.13,94.37,92.84482503382273,86.45899382511553
2023-07-13 04:00:00+00:00,107.39,102.05,113.75,111.84292538657432,106.48336802538087
2023-07-13 05:00:00+00:00,122.29,118.04,126.29,122.78469360398987,122.50010764526864
2023-07-13 06:00:00+00:00,119.1,120.0,124.85,115.35004336990043,123.87568704882175
2023-07-13 07:00:00+00:00,104.51,104.84,110.97,90.2951213827899,109.63903652198783
2023-07-13 08:00:00+00:00,91.17,86.36,95.03,65.53144247365921,93.36475584711287
2023-07-13 09:00:00+00:00,84.14,69.77,86.29,48.196006556104706,80.33159551984419
2023-07-13 10:00:00+00:00,77.3,15.87,78.17,13.527665026111919,41.19008239763525
2023-07-13 11:00:00+00:00,60.78,12.92,76.42,8.137718701670437,37.27911279449471
2023-07-13 12:00:00+00:00,50.02,19.33,78.15,10.190467979349663,40.49707788310492
2023-07-13 13:00:00+00:00,62.13,27.03,84.05,17.809568809592236,47.09619027851643
2023-07-13 14:00:00+00:00,76.3,53.97,88.1,39.72661650641591,67.18235223544247
2023-07-13 15:00:00+00:00,87.57,82.52,98.83,66.93333311096129,89.13385020807806
2023-07-13 16:00:00+00:00,93.7,99.36,116.42,93.87989787446803,105.97103720146967
2023-07-13 17:00:00+00:00,117.36,119.38,150.6,124.89264111746714,128.2305845695143
2023-07-13 18:00:00+00:00,130.86,146.26,184.13,151.718518377242,150.18985884013665
2023-07-13 19:00:00+00:00,137.89,151.89,183.86,155.2399069731115,150.20689484672317
2023-07-13 20:00:00+00:00,129.67,126.41,137.57,133.1771269832223,125.19922037115437
2023-07-13 21:00:00+00:00,117.72,113.91,118.98,119.30277514860201,110.95454324581533
2023-07-13 22:00:00+00:00,101.0,105.09,114.0,115.35672142221674,106.41831940148424
2023-07-13 23:00:00+00:00,96.36,97.03,103.88,108.28851850163286,98.2677097620411
2023-07-14 00:00:00+00:00,92.91,95.04,97.6,106.05137617130414,95.34259517865857
2023-07-14 01:00:00+00:00,94.01,92.25,95.93,105.77740447391513,92.5285863763301
2023-07-14 02:00:00+00:00,93.35,92.1,98.01,109.99289522291912,93.73920017093404
2023-07-14 03:00:00+00:00,99.35,93.63,101.94,115.99008790064329,96.8121173278997
2023-07-14 04:00:00+00:00,114.0,107.39,135.47,134.5637394434828,116.49181503357394
2023-07-14 05:00:00+00:00,114.0,122.29,121.7,143.76450667815936,131.55829634161373
2023-07-14 06:00:00+00:00,103.76,119.1,108.83,132.2016764475063,128.9748602486464
2023-07-14 07:00:00+00:00,85.07,104.51,91.79,108.58368186086516,114.58357959556646
2023-07-14 08:00:00+00:00,79.71,91.17,84.0,89.55353883583552,102.17178366067911
2023-07-14 09:00:00+00:00,76.54,84.14,79.12,78.1493762938716,93.99936777697032
2023-07-14 10:00:00+00:00,73.95,77.3,74.9,68.37999040581894,82.57206765796879
2023-07-14 11:00:00+00:00,69.99,60.78,66.57,56.69197666494292,67.59758451415735
2023-07-14 12:00:00+00:00,75.13,50.02,64.98,50.67691244851719,57.78361682708586
2023-07-14 13:00:00+00:00,80.05,62.13,66.18,59.7662972796237,64.26750452158419
2023-07-14 14:00:00+00:00,85.1,76.3,80.29,75.21804550089101,76.2895560959312
2023-07-14 15:00:00+00:00,97.46,87.57,90.0,92.34256862392354,87.80037516554695
2023-07-14 16:00:00+00:00,115.25,93.7,117.65,110.02151188830102,97.76631356035507
2023-07-14 17:00:00+00:00,140.19,117.36,146.78,135.39454788768097,119.28026147579611
2023-07-14 18:00:00+00:00,139.92,130.86,173.24,149.13107470677164,133.52599758587166
2023-07-14 19:00:00+00:00,123.92,137.89,139.54,142.56926103643727,133.67749667613361
2023-07-14 20:00:00+00:00,95.25,129.67,117.27,122.6393932526553,122.3745177332998
2023-07-14 21:00:00+00:00,80.94,117.72,101.56,100.73535742638208,109.44853400097227
2023-07-14 22:00:00+00:00,72.28,101.0,100.27,80.06692294768845,97.12263612264348
2023-07-14 23:00:00+00:00,53.46,96.36,92.14,66.72692601679744,89.69026531163962
2023-07-15 00:00:00+00:00,29.15,92.91,89.97,58.31405895687435,84.09143411352173
2023-07-15 01:00:00+00:00,19.95,94.01,87.06,55.07273503757081,81.17904806220558
2023-07-15 02:00:00+00:00,16.98,93.35,88.84,53.260858242229745,77.57905044711296
2023-07-15 03:00:00+00:00,13.69,99.35,88.57,55.783404214301314,78.01972939253808
2023-07-15 04:00:00+00:00,19.9,114.0,84.94,61.67526808666457,85.37269724918583
2023-07-15 05:00:00+00:00,22.6,114.0,85.26,60.90611273245392,86.01105335888386
2023-07-15 06:00:00+00:00,29.95,103.76,83.77,51.80966095328384,78.33859593556957
2023-07-15 07:00:00+00:00,17.41,85.07,76.04,34.64853073730005,63.51029861884149
2023-07-15 08:00:00+00:00,4.6,79.71,60.9,22.545204646686912,56.49201747884769
2023-07-15 09:00:00+00:00,0.0,76.54,46.32,14.137781131279297,51.69932059472809
2023-07-15 10:00:00+00:00,-0.02,73.95,35.22,7.95622607178305,47.46707356482023
2023-07-15 11:00:00+00:00,-0.13,69.99,16.71,1.0333081475186532,41.00155354123962
2023-07-15 12:00:00+00:00,-1.03,75.13,16.73,4.180818244421303,43.19822882524451
2023-07-15 13:00:00+00:00,-0.1,80.05,40.0,16.560006698188843,52.01137518599342
2023-07-15 14:00:00+00:00,0.02,85.1,60.9,29.841111652611474,61.47695539648381
2023-07-15 15:00:00+00:00,15.54,97.46,83.4,50.8918847459187,76.77823248288327
2023-07-15 16:00:00+00:00,74.51,115.25,107.3,77.91841701595638,96.19487863831607
2023-07-15 17:00:00+00:00,84.18,140.19,121.0,104.15274901224579,119.74873823576209
2023-07-15 18:00:00+00:00,88.36,139.92,128.76,109.37658583214582,123.52314318491378
2023-07-15 19:00:00+00:00,83.63,123.92,132.86,98.63155879384686,114.73777310604945
2023-07-15 20:00:00+00:00,83.02,95.25,129.72,80.02145128473218,95.21289200841011
2023-07-15 21:00:00+00:00,71.82,80.94,115.92,68.26794657851129,82.14414951806609
2023-07-15 22:00:00+00:00,56.94,72.28,109.44,61.66112797728844,79.49384731598629
2023-07-15 23:00:00+00:00,19.7,53.46,101.74,49.17114846748433,63.69406310951172
2023-07-16 00:00:00+00:00,2.68,29.15,101.82,32.87240683361665,45.320095710009426
2023-07-16 01:00:00+00:00,0.07,19.95,95.44,24.710812171331654,36.59356990623134
2023-07-16 02:00:00+00:00,0.0,16.98,95.79,21.467750029794885,32.45152388618172
2023-07-16 03:00:00+00:00,-0.42,13.69,96.92,21.249944646252928,27.895968766617855
2023-07-16 04:00:00+00:00,-2.07,19.9,94.68,21.45777646740082,30.107046242014533
2023-07-16 05:00:00+00:00,-1.1,22.6,91.2,19.95955054328077,31.01199007428815
2023-07-16 06:00:00+00:00,-2.09,29.95,86.24,13.31557672761231,34.80543656993284
2023-07-16 07:00:00+00:00,-9.92,17.41,77.11,-6.20226487923361,24.71328979083961
2023-07-16 08:00:00+00:00,-19.34,4.6,60.15,-22.281886096399703,14.674854384629967
2023-07-16 09:00:00+00:00,-24.8,0.0,50.12,-30.670214285635993,11.70242309220913
2023-07-16 10:00:00+00:00,-38.39,-0.02,45.69,-36.35390420685947,11.338285778241584
2023-07-16 11:00:00+00:00,-50.09,-0.13,36.99,-40.580893583597415,10.130704632051561
2023-07-16 12:00:00+00:00,-60.04,-1.03,44.85,-38.791446439031446,11.700852085037283
2023-07-16 13:00:00+00:00,-48.31,-0.1,55.15,-30.72392282299309,15.836203652634808
2023-07-16 14:00:00+00:00,-26.57,0.02,72.99,-17.89033636094956,21.925154075653083
2023-07-16 15:00:00+00:00,-5.01,15.54,82.4,6.9467272316144175,38.68064826416565
2023-07-16 16:00:00+00:00,30.61,74.51,105.1,62.02670336728423,87.7244210820578
2023-07-16 17:00:00+00:00,92.51,84.18,122.21,90.32920644746522,101.80102379850915
2023-07-16 18:00:00+00:00,100.76,88.36,132.12,106.27660967594478,107.8211608677922
2023-07-16 19:00:00+00:00,109.21,83.63,134.1,107.27392323390059,105.18415535327914
2023-07-16 20:00:00+00:00,114.38,83.02,132.12,105.99403205463791,104.2728117279928
2023-07-16 21:00:00+00:00,110.0,71.82,119.6,93.90635337150847,92.92501698399536
2023-07-16 22:00:00+00:00,109.26,56.94,112.49,85.80048675326891,89.52035492653044
2023-07-16 23:00:00+00:00,102.17,19.7,102.0,61.470158127094464,61.58456700954646
2023-07-17 00:00:00+00:00,95.19,2.68,94.3,49.010734509715405,47.51478152701186
2023-07-17 01:00:00+00:00,88.1,0.07,91.94,47.76471884632606,45.59412743245626
2023-07-17 02:00:00+00:00,90.59,0.0,93.31,51.01915915538922,47.26091892517567
2023-07-17 03:00:00+00:00,97.23,-0.42,105.14,56.35652381798123,50.24586810494773
2023-07-17 04:00:00+00:00,120.02,-2.07,121.67,66.27350794430998,58.270704264801715
2023-07-17 05:00:00+00:00,129.66,-1.1,132.78,69.89436383866303,65.14474620486928
2023-07-17 06:00:00+00:00,112.47,-2.09,134.27,61.72382411610852,66.6951384726344
2023-07-17 07:00:00+00:00,94.14,-9.92,117.95,37.99073265397435,57.45953466047469
2023-07-17 08:00:00+00:00,77.9,-19.34,105.28,17.468361327515268,48.53899246284557
2023-07-17 09:00:00+00:00,45.07,-24.8,94.99,5.130329710053772,43.80173356616305
2023-07-17 10:00:00+00:00,0.88,-38.39,89.23,-8.797145580713234,32.957921966792554
2023-07-17 11:00:00+00:00,0.63,-50.09,80.16,-19.304171920440183,22.661915267300657
2023-07-17 12:00:00+00:00,0.0,-60.04,74.48,-25.252330590133425,14.149847552653739
2023-07-17 13:00:00+00:00,7.18,-48.31,72.22,-15.481037940819263,21.57301014577868
2023-07-17 14:00:00+00:00,48.72,-26.57,81.46,3.573388071897355,37.14585920054955
2023-07-17 15:00:00+00:00,75.51,-5.01,91.14,25.761112005156676,54.34982488376431
2023-07-17 16:00:00+00:00,85.28,30.61,122.67,62.978852745488204,87.3458084528908
2023-07-17 17:00:00+00:00,106.52,92.51,165.49,114.73644665393925,136.3075944696405
2023-07-17 18:00:00+00:00,119.78,100.76,176.01,129.36410952296234,143.30461798689666
2023-07-17 19:00:00+00:00,124.31,109.21,180.07,137.79463452547026,149.25626353068012
2023-07-17 20:00:00+00:00,125.0,114.38,162.92,138.06679753216645,150.1593167924851
2023-07-17 21:00:00+00:00,110.44,110.0,133.7,129.15345577066395,141.20490298199744
2023-07-17 22:00:00+00:00,100.05,109.26,124.41,117.84574754067788,127.27687235621407
2023-07-17 23:00:00+00:00,96.3,102.17,115.74,111.4077154833274,118.34746455526806
2023-07-18 00:00:00+00:00,87.79,95.19,105.29,106.20664380054512,110.73603063924585
2023-07-18 01:00:00+00:00,86.92,88.1,100.68,104.7214087342863,105.3760985349638
2023-07-18 02:00:00+00:00,88.04,90.59,99.7,110.8728076873442,107.60820066771244
2023-07-18 03:00:00+00:00,96.35,97.23,112.74,122.98235525674376,115.35193504380433
2023-07-18 04:00:00+00:00,103.39,120.02,123.55,145.32170808280546,136.77970489599656
2023-07-18 05:00:00+00:00,114.25,129.66,125.39,154.63718673788745,148.43514472075742
2023-07-18 06:00:00+00:00,110.0,112.47,120.95,136.73044813764926,137.0158050960793
2023-07-18 07:00:00+00:00,93.22,94.14,105.1,109.48936270512326,120.25866336079051
2023-07-18 08:00:00+00:00,82.74,77.9,93.82,87.05815405022248,105.53476463735981
2023-07-18 09:00:00+00:00,78.81,45.07,81.09,61.88291764926774,80.46404411074423
2023-07-18 10:00:00+00:00,79.16,0.88,57.76,31.908435868452372,44.468897069682484
2023-07-18 11:00:00+00:00,81.18,0.63,46.39,29.72943633083328,39.15524144761096
2023-07-18 12:00:00+00:00,90.03,0.0,47.39,29.569224335098156,34.44364259031087
2023-07-18 13:00:00+00:00,89.94,7.18,66.65,39.74470594304384,40.3343476333208
2023-07-18 14:00:00+00:00,87.5,48.72,88.22,69.92508485865439,70.62595758889151
2023-07-18 15:00:00+00:00,96.78,75.51,95.41,94.17122726056111,90.28453773241779
2023-07-18 16:00:00+00:00,121.62,85.28,121.58,116.02370571957417,103.07208893702764
2023-07-18 17:00:00+00:00,168.26,106.52,172.01,147.38108958339723,129.29763606895472
2023-07-18 18:00:00+00:00,188.0,119.78,180.99,160.13931099170844,139.88306480431035
2023-07-18 19:00:00+00:00,163.8,124.31,135.0,155.8748407610826,137.68809322369606
2023-07-18 20:00:00+00:00,139.26,125.0,119.95,149.1070153588362,135.3518607806828
2023-07-18 21:00:00+00:00,111.76,110.44,103.18,133.4747203967708,121.1012070192336
2023-07-18 22:00:00+00:00,108.11,100.05,98.47,112.99060015977535,99.82013657099239
2023-07-18 23:00:00+00:00,101.0,96.3,91.0,108.11183886857837,94.90078845935194
2023-07-19 00:00:00+00:00,97.25,87.79,90.0,103.22704997761295,88.34015108752385
2023-07-19 01:00:00+00:00,96.85,86.92,82.09,103.39307706737611,86.64608369702515
2023-07-19 02:00:00+00:00,98.08,88.04,83.58,107.65589845506935,88.82306612430992
2023-07-19 03:00:00+00:00,104.43,96.35,85.13,117.22448373232874,96.84609984249565
2023-07-19 04:00:00+00:00,126.44,103.39,102.05,130.50826043889924,110.31031674249267
2023-07-19 05:00:00+00:00,124.99,114.25,118.04,139.92982489773763,125.06282947310513
2023-07-19 06:00:00+00:00,117.81,110.0,120.0,129.7969620560146,122.10074836747188
2023-07-19 07:00:00+00:00,99.9,93.22,104.84,107.36023164683031,106.50723116799179
2023-07-19 08:00:00+00:00,88.48,82.74,86.36,89.56929511968838,95.2808031245016
2023-07-19 09:00:00+00:00,80.74,78.81,69.77,78.39964840562953,87.91275135856131
2023-07-19 10:00:00+00:00,76.83,79.16,15.87,62.91088128792156,75.56930778556726
2023-07-19 11:00:00+00:00,68.66,81.18,12.92,56.38472648765878,73.52700672479381
2023-07-19 12:00:00+00:00,62.47,90.03,19.33,55.77520117804689,76.69079699283324
2023-07-19 13:00:00+00:00,62.24,89.94,27.03,53.6916939826689,74.90181457752018
2023-07-19 14:00:00+00:00,71.55,87.5,53.97,59.43523664426302,78.22496450344563
2023-07-19 15:00:00+00:00,75.82,96.78,82.52,76.00665703839982,90.11088083369629
2023-07-19 16:00:00+00:00,94.32,121.62,99.36,102.63473839126382,110.88073557842048
2023-07-19 17:00:00+00:00,112.81,168.26,119.38,140.9491309470476,147.50558315924235
2023-07-19 18:00:00+00:00,128.58,188.0,146.26,161.06921554668284,165.4982022698486
2023-07-19 19:00:00+00:00,123.87,163.8,151.89,148.71950757965521,149.56390950040267
2023-07-19 20:00:00+00:00,113.79,139.26,126.41,129.01158743163356,128.61490395378402
2023-07-19 21:00:00+00:00,100.59,111.76,113.91,107.05236612095733,105.28171742529892
2023-07-19 22:00:00+00:00,98.13,108.11,105.09,104.81761380776916,96.99869289871268
2023-07-19 23:00:00+00:00,94.35,101.0,97.03,98.3344228427477,90.56409957472164
2023-07-20 00:00:00+00:00,83.29,97.25,95.04,93.29157764588004,86.48763214994949
2023-07-20 01:00:00+00:00,82.86,96.85,92.25,92.06374278104656,85.62341950196827
2023-07-20 02:00:00+00:00,86.09,98.08,92.1,94.48548707837485,87.17829662570004
2023-07-20 03:00:00+00:00,86.36,104.43,93.63,103.19948292364555,94.34312573291795
2023-07-20 04:00:00+00:00,99.51,126.44,107.39,124.58506271299419,116.43996570932666
2023-07-20 05:00:00+00:00,113.95,124.99,122.29,127.19408899487176,120.97203643600014
2023-07-20 06:00:00+00:00,111.45,117.81,119.1,113.45233430631862,115.24825584446572
2023-07-20 07:00:00+00:00,98.87,99.9,104.51,87.87616717759035,98.70557088498518
2023-07-20 08:00:00+00:00,86.72,88.48,91.17,69.50164925801724,88.06832668789619
2023-07-20 09:00:00+00:00,79.16,80.74,84.14,57.6585426756152,81.21841312148268
2023-07-20 10:00:00+00:00,77.62,76.83,77.3,49.00469376756497,76.21040065726635
2023-07-20 11:00:00+00:00,69.41,68.66,60.78,39.4921553550526,67.76986454866073
2023-07-20 12:00:00+00:00,69.97,62.47,50.02,34.906676889641645,62.16903347726502
2023-07-20 13:00:00+00:00,74.11,62.24,62.13,38.32282035248741,62.406751199379
2023-07-20 14:00:00+00:00,76.51,71.55,76.3,50.77972351490093,69.89706609474408
2023-07-20 15:00:00+00:00,85.45,75.82,87.57,65.56343055557868,75.52324017925586
2023-07-20 16:00:00+00:00,102.54,94.32,93.7,91.75776448989254,92.21611612556265
2023-07-20 17:00:00+00:00,126.15,112.81,117.36,119.7027258841469,112.1275019012172
2023-07-20 18:00:00+00:00,143.55,128.58,130.86,136.18195702624314,125.06237645475821
2023-07-20 19:00:00+00:00,139.3,123.87,137.89,133.23761262160116,120.25201735348331
2023-07-20 20:00:00+00:00,121.46,113.79,129.67,121.95519826393814,109.2448378352753
2023-07-20 21:00:00+00:00,109.4,100.59,117.72,107.79530819613272,94.81969933069811
2023-07-20 22:00:00+00:00,102.07,98.13,101.0,105.07533527532526,93.5557689400135
2023-07-20 23:00:00+00:00,99.67,94.35,96.36,100.82134839198083,89.22293256509785
2023-07-21 00:00:00+00:00,96.31,83.29,92.91,93.32039641104409,80.28541549165317
2023-07-21 01:00:00+00:00,94.46,82.86,94.01,94.24353252491838,80.04042560235992
2023-07-21 02:00:00+00:00,96.76,86.09,93.35,99.03265034645892,83.0184983022932
2023-07-21 03:00:00+00:00,100.67,86.36,99.35,105.19473080813125,86.15233000088115
2023-07-21 04:00:00+00:00,122.13,99.51,114.0,122.24338680804469,103.17861077993318
2023-07-21 05:00:00+00:00,153.77,113.95,114.0,134.1072587017291,117.76566640283217
2023-07-21 06:00:00+00:00,123.26,111.45,103.76,127.8768121241902,115.37430638919317
2023-07-21 07:00:00+00:00,103.09,98.87,85.07,111.55984692259193,102.64775115030524
2023-07-21 08:00:00+00:00,97.9,86.72,79.71,97.10854138655407,91.81384419987887
2023-07-21 09:00:00+00:00,92.93,79.16,76.54,87.03727847461985,84.47464001426397
2023-07-21 10:00:00+00:00,92.42,77.62,73.95,82.1638046297785,81.25335490724747
2023-07-21 11:00:00+00:00,84.49,69.41,69.99,73.27781638934218,72.57518187119683
2023-07-21 12:00:00+00:00,83.95,69.97,75.13,71.18468429983501,71.27481496630664
2023-07-21 13:00:00+00:00,83.92,74.11,80.05,72.40269174482619,72.95136598162671
2023-07-21 14:00:00+00:00,89.27,76.51,85.1,75.08233026785007,74.9473607069722
2023-07-21 15:00:00+00:00,96.46,85.45,97.46,86.5792080201353,83.70913631372821
2023-07-21 16:00:00+00:00,103.06,102.54,115.25,106.69972343384293,100.00282419704597
2023-07-21 17:00:00+00:00,124.9,126.15,140.19,129.48619307866858,120.77183035854166
2023-07-21 18:00:00+00:00,132.38,143.55,139.92,142.3789293392179,133.63645524512026
2023-07-21 19:00:00+00:00,124.99,139.3,123.92,135.63804872768418,128.06668461383586
2023-07-21 20:00:00+00:00,109.97,121.46,95.25,116.71226595003859,111.05147139147388
2023-07-21 21:00:00+00:00,96.77,109.4,80.94,100.7938609213877,98.12690753056594
2023-07-21 22:00:00+00:00,97.27,102.07,72.28,88.97013089886208,89.99977793216598
2023-07-21 23:00:00+00:00,98.42,99.67,53.46,79.57400068860987,83.26256470273202
2023-07-22 00:00:00+00:00,93.0,96.31,29.15,70.42737514136917,74.53299982241064
2023-07-22 01:00:00+00:00,94.36,94.46,19.95,66.18479331116899,69.00557112599934
2023-07-22 02:00:00+00:00,89.93,96.76,16.98,66.78180275056836,67.20519591953308
2023-07-22 03:00:00+00:00,88.0,100.67,13.69,68.66568707379184,65.77537879176009
2023-07-22 04:00:00+00:00,88.8,122.13,19.9,80.1480244027095,78.86756948951754
2023-07-22 05:00:00+00:00,86.18,153.77,22.6,96.51267168338545,101.77802435007253
2023-07-22 06:00:00+00:00,82.93,123.26,29.95,73.02463964374637,81.65395845645656
2023-07-22 07:00:00+00:00,72.01,103.09,17.41,49.83014297156836,65.29455594733221
2023-07-22 08:00:00+00:00,59.08,97.9,4.6,36.74682258795497,58.812459640001215
2023-07-22 09:00:00+00:00,46.56,92.93,0.0,28.51453092735123,53.60051159112536
2023-07-22 10:00:00+00:00,40.15,92.42,-0.02,26.37146679060251,52.9321062115445
2023-07-22 11:00:00+00:00,22.34,84.49,-0.13,20.837140358044252,46.63300489154824
2023-07-22 12:00:00+00:00,19.52,83.95,-1.03,21.67231541969953,46.720943394291396
2023-07-22 13:00:00+00:00,29.05,83.92,-0.1,25.56723063612729,48.011013642360275
2023-07-22 14:00:00+00:00,46.92,89.27,0.02,35.94589691535384,54.0837446202152
2023-07-22 15:00:00+00:00,70.67,96.46,15.54,53.6309275249627,64.92858171841306
2023-07-22 16:00:00+00:00,86.01,103.06,74.51,80.3401459426407,82.41893734111127
2023-07-22 17:00:00+00:00,99.92,124.9,84.18,106.48141776662663,103.13291544192425
2023-07-22 18:00:00+00:00,106.83,132.38,88.36,117.16370699626083,111.08964614968795
2023-07-22 19:00:00+00:00,118.75,124.99,83.63,112.80399359382278,106.1784944122396
2023-07-22 20:00:00+00:00,106.43,109.97,83.02,101.8717705155473,95.60323300842164
2023-07-22 21:00:00+00:00,98.49,96.77,71.82,87.15701622091807,83.41395669156671
2023-07-22 22:00:00+00:00,87.3,97.27,56.94,84.45329627650007,88.61430620328247
2023-07-22 23:00:00+00:00,79.27,98.42,19.7,73.26417484838956,82.21045789103648
2023-07-23 00:00:00+00:00,67.89,93.0,2.68,60.52272384180178,72.94591904941791
2023-07-23 01:00:00+00:00,33.22,94.36,0.07,55.92458324025447,70.34411903751682
2023-07-23 02:00:00+00:00,15.78,89.93,0.0,49.796791884446954,64.26323252654046
2023-07-23 03:00:00+00:00,11.09,88.0,-0.42,45.80310293698787,59.79488371659462
2023-07-23 04:00:00+00:00,5.08,88.8,-2.07,41.670443360249145,57.86298241892029
2023-07-23 05:00:00+00:00,2.88,86.18,-1.1,36.19714600227803,56.89489618289153
2023-07-23 06:00:00+00:00,3.42,82.93,-2.09,27.498004228649208,52.626566341930975
2023-07-23 07:00:00+00:00,0.09,72.01,-9.92,13.956917951547695,44.24523246332163
2023-07-23 08:00:00+00:00,0.0,59.08,-19.34,-1.0574847087246013,34.757346214254724
2023-07-23 09:00:00+00:00,-0.03,46.56,-24.8,-9.826475826976605,26.298785705388426
2023-07-23 10:00:00+00:00,-0.05,40.15,-38.39,-17.582904738344638,20.698036422583925
2023-07-23 11:00:00+00:00,-7.78,22.34,-50.09,-29.184925411324215,6.708939559100784
2023-07-23 12:00:00+00:00,-12.17,19.52,-60.04,-29.34568677468154,4.856820906769613
2023-07-23 13:00:00+00:00,-7.03,29.05,-48.31,-18.59217110143382,15.235150996196765
2023-07-23 14:00:00+00:00,-3.81,46.92,-26.57,0.6268347650442649,34.298376240387526
2023-07-23 15:00:00+00:00,0.0,70.67,-5.01,20.976890993735708,57.17510131311322
2023-07-23 16:00:00+00:00,28.93,86.01,30.61,43.19208011668307,76.71693038153829
2023-07-23 17:00:00+00:00,66.78,99.92,92.51,70.11989190313581,99.37043452826374
2023-07-23 18:00:00+00:00,87.24,106.83,100.76,83.28969555075054,108.34940680943896
2023-07-23 19:00:00+00:00,91.76,118.75,109.21,92.94493441016157,118.91213814140669
2023-07-23 20:00:00+00:00,99.66,106.43,114.38,87.36259067008005,112.163491123607
2023-07-23 21:00:00+00:00,92.64,98.49,110.0,78.57789194134861,104.1837333411233
2023-07-23 22:00:00+00:00,77.14,87.3,109.26,76.64907907673256,105.17641780713923
2023-07-23 23:00:00+00:00,70.02,79.27,102.17,71.8356963545205,98.49161540922967
2023-07-24 00:00:00+00:00,68.99,67.89,95.19,65.16924375418321,89.29859892946921
2023-07-24 01:00:00+00:00,72.01,33.22,88.1,49.79949316812238,66.1865084179183
2023-07-24 02:00:00+00:00,72.09,15.78,90.59,47.95444807499068,56.56824650761004
2023-07-24 03:00:00+00:00,87.11,11.09,97.23,55.434426492355385,57.31273515046604
2023-07-24 04:00:00+00:00,102.59,5.08,120.02,66.32551121222792,62.14142139886055
2023-07-24 05:00:00+00:00,113.97,2.88,129.66,73.46571122045614,66.78122344114105
2023-07-24 06:00:00+00:00,115.08,3.42,112.47,71.44094854034466,67.00547300355753
2023-07-24 07:00:00+00:00,105.0,0.09,94.14,62.2103418355528,61.571297727658376
2023-07-24 08:00:00+00:00,99.94,0.0,77.9,55.49043637355709,58.15500499235638
2023-07-24 09:00:00+00:00,94.62,-0.03,45.07,48.61974753448887,53.78756459774705
2023-07-24 10:00:00+00:00,87.45,-0.05,0.88,39.12762000261958,47.31942234676545
2023-07-24 11:00:00+00:00,81.59,-7.78,0.63,28.070171041112644,39.322542548037845
2023-07-24 12:00:00+00:00,74.97,-12.17,0.0,19.842920882059317,34.61490656740759
2023-07-24 13:00:00+00:00,67.27,-7.03,7.18,21.3858985531611,38.85290445610926
2023-07-24 14:00:00+00:00,63.73,-3.81,48.72,29.711459872830204,47.3292338135832
2023-07-24 15:00:00+00:00,77.06,0.0,75.51,41.860942206190515,55.97156034377903
2023-07-24 16:00:00+00:00,97.68,28.93,85.28,68.09490078923697,78.80107901429496
2023-07-24 17:00:00+00:00,106.96,66.78,106.52,97.9094022243547,107.70022876264655
2023-07-24 18:00:00+00:00,118.46,87.24,119.78,113.5787184781905,122.55222415915703
2023-07-24 19:00:00+00:00,113.99,91.76,124.31,114.36166889045892,125.5010353242539
2023-07-24 20:00:00+00:00,102.97,99.66,125.0,113.9845456072499,128.70911070616566
2023-07-24 21:00:00+00:00,102.03,92.64,110.44,103.18391014610367,119.37421793747484
2023-07-24 22:00:00+00:00,96.0,77.14,100.05,83.67963485738836,95.45177335165643
2023-07-24 23:00:00+00:00,86.55,70.02,96.3,78.18723241239609,88.78883842813528
2023-07-25 00:00:00+00:00,84.95,68.99,87.79,76.37595847019091,85.77932619529099
2023-07-25 01:00:00+00:00,86.83,72.01,86.92,79.47592339617535,85.22541113207218
2023-07-25 02:00:00+00:00,88.07,72.09,88.04,84.62639680627937,85.20074060415607
2023-07-25 03:00:00+00:00,97.49,87.11,96.35,101.55080987967884,98.42442019561709
2023-07-25 04:00:00+00:00,114.05,102.59,103.39,121.538919818988,114.83548862199581
2023-07-25 05:00:00+00:00,150.45,113.97,114.25,136.28614284959906,128.61484969623268
2023-07-25 06:00:00+00:00,151.9,115.08,110.0,134.29681403315027,129.8841558078343
2023-07-25 07:00:00+00:00,113.74,105.0,93.22,120.11859589530039,119.30646897382334
2023-07-25 08:00:00+00:00,102.65,99.94,82.74,109.84497709292496,112.92576403277083
2023-07-25 09:00:00+00:00,100.92,94.62,78.81,102.32669044854336,108.06154689305185
2023-07-25 10:00:00+00:00,98.27,87.45,79.16,93.41363397794765,101.7126660653928
2023-07-25 11:00:00+00:00,90.12,81.59,81.18,84.14871905780004,94.89957030226829
2023-07-25 12:00:00+00:00,87.58,74.97,90.03,76.45486767062371,87.89150519865042
2023-07-25 13:00:00+00:00,88.88,67.27,89.94,69.25086681671269,80.21309167126067
2023-07-25 14:00:00+00:00,90.12,63.73,87.5,66.18015581739074,75.74744992851622
2023-07-25 15:00:00+00:00,92.71,77.06,96.78,75.82178764013206,84.8346026021051
2023-07-25 16:00:00+00:00,112.01,97.68,121.62,96.0569631564911,103.94223578954941
2023-07-25 17:00:00+00:00,122.98,106.96,168.26,113.055677465888,118.73400651158013
2023-07-25 18:00:00+00:00,119.04,118.46,188.0,125.38022904462312,129.80955379497314
2023-07-25 19:00:00+00:00,116.55,113.99,163.8,118.46423112355349,123.25779981527639
2023-07-25 20:00:00+00:00,109.35,102.97,139.26,105.20527308613443,112.00403377753995
2023-07-25 21:00:00+00:00,98.5,102.03,111.76,95.40489823760112,105.11688896773641
2023-07-25 22:00:00+00:00,97.96,96.0,108.11,77.13374672814443,87.05824451077936
2023-07-25 23:00:00+00:00,89.31,86.55,101.0,68.20190591103236,78.05123395720133
2023-07-26 00:00:00+00:00,86.26,84.95,97.25,65.88394604813604,76.02784998418316
2023-07-26 01:00:00+00:00,79.65,86.83,96.85,68.67319467751047,77.62944893396326
2023-07-26 02:00:00+00:00,79.64,88.07,98.08,74.04170560075923,79.87901613112527
2023-07-26 03:00:00+00:00,86.83,97.49,104.43,87.66265373387903,90.56864452851542
2023-07-26 04:00:00+00:00,101.77,114.05,126.44,108.51034524796951,110.09239450830545
2023-07-26 05:00:00+00:00,114.9,150.45,124.99,135.48885558155035,140.4800019737399
2023-07-26 06:00:00+00:00,120.75,151.9,117.81,133.1529817137315,142.95370052248174
2023-07-26 07:00:00+00:00,103.85,113.74,99.9,101.75652525926132,114.03665647802505
2023-07-26 08:00:00+00:00,95.68,102.65,88.48,85.87715096271279,104.00829108698447
2023-07-26 09:00:00+00:00,89.52,100.92,80.74,77.51079977526753,100.4620528492857
2023-07-26 10:00:00+00:00,86.04,98.27,76.83,70.20484887636962,96.26030842637947
2023-07-26 11:00:00+00:00,78.63,90.12,68.66,60.47384180063993,87.62338991490661
2023-07-26 12:00:00+00:00,74.67,87.58,62.47,54.571417181193745,82.53107242891812
2023-07-26 13:00:00+00:00,69.43,88.88,62.24,53.92866797716984,81.10159345539341
2023-07-26 14:00:00+00:00,80.82,90.12,71.55,56.66971182012443,81.16361621191183
2023-07-26 15:00:00+00:00,88.97,92.71,75.82,66.0599500779588,85.23841680073181
2023-07-26 16:00:00+00:00,100.06,112.01,94.32,89.91062601386466,102.95865605998961
2023-07-26 17:00:00+00:00,115.22,122.98,112.81,109.54521881695923,113.82480842970219
2023-07-26 18:00:00+00:00,120.58,119.04,128.58,114.651662022436,112.47134002519826
2023-07-26 19:00:00+00:00,118.04,116.55,123.87,111.11262212129878,109.20667168792271
2023-07-26 20:00:00+00:00,110.23,109.35,113.79,100.34588428311595,101.17561623065497
2023-07-26 21:00:00+00:00,97.06,98.5,100.59,86.29692599949865,89.91464379868148
2023-07-26 22:00:00+00:00,98.36,97.96,98.13,77.25992104146046,83.42654272513455
2023-07-26 23:00:00+00:00,82.69,89.31,94.35,67.10963828341653,75.27387097770959
2023-07-27 00:00:00+00:00,76.0,86.26,83.29,61.44019242285229,71.36444543469915
2023-07-27 01:00:00+00:00,71.06,79.65,82.86,58.703301330595856,67.21145003251138
2023-07-27 02:00:00+00:00,72.0,79.64,86.09,63.09346074964705,68.97778971501015
2023-07-27 03:00:00+00:00,80.48,86.83,86.36,74.02722926177047,77.16012001502943
2023-07-27 04:00:00+00:00,96.9,101.77,99.51,91.71654146586623,94.43475657220095
2023-07-27 05:00:00+00:00,103.58,114.9,113.95,105.85466210308579,111.06929590203255
2023-07-27 06:00:00+00:00,104.3,120.75,111.45,108.70473079120988,115.61152800799458
2023-07-27 07:00:00+00:00,99.12,103.85,98.87,92.82870006980237,99.22759153734869
2023-07-27 08:00:00+00:00,96.8,95.68,86.72,83.68837490292081,91.36868464626573
2023-07-27 09:00:00+00:00,90.9,89.52,79.16,77.76494670569573,85.7647547565689
2023-07-27 10:00:00+00:00,86.45,86.04,77.62,73.26835844682911,81.75135427546884
2023-07-27 11:00:00+00:00,80.01,78.63,69.41,65.07230686146605,72.89548381438972
2023-07-27 12:00:00+00:00,78.33,74.67,69.97,60.49446519609591,67.7863954498921
2023-07-27 13:00:00+00:00,81.35,69.43,74.11,58.88567876415823,64.12298579118111
2023-07-27 14:00:00+00:00,93.89,80.82,76.51,67.05474566151386,71.7966589030323
2023-07-27 15:00:00+00:00,107.26,88.97,85.45,76.04934955706037,79.31796545073223
2023-07-27 16:00:00+00:00,114.91,100.06,102.54,88.20668821093429,91.560065425587
2023-07-27 17:00:00+00:00,116.95,115.22,126.15,100.78546465340123,106.22578509482592
2023-07-27 18:00:00+00:00,109.97,120.58,143.55,103.88807955633152,111.10379139636206
2023-07-27 19:00:00+00:00,108.12,118.04,139.3,98.70981741559602,108.14960597351298
2023-07-27 20:00:00+00:00,105.56,110.23,121.46,88.0150930906122,99.00946316301327
2023-07-27 21:00:00+00:00,98.88,97.06,109.4,74.24895746230176,85.82540607968498
2023-07-27 22:00:00+00:00,88.63,98.36,102.07,77.2997222792144,88.90627403059798
2023-07-27 23:00:00+00:00,79.59,82.69,99.67,66.34893189006908,76.60314877086975
2023-07-28 00:00:00+00:00,78.13,76.0,96.31,62.097472698311925,71.25511497060113
2023-07-28 01:00:00+00:00,79.2,71.06,94.46,60.97162233299407,67.53177780768061
2023-07-28 02:00:00+00:00,80.02,72.0,96.76,66.31680188043555,69.87896385923769
2023-07-28 03:00:00+00:00,89.53,80.48,100.67,77.83740408269105,78.78862643378648
2023-07-28 04:00:00+00:00,100.09,96.9,122.13,97.35818735703616,97.39098939791369
2023-07-28 05:00:00+00:00,111.12,103.58,153.77,110.7842758347455,110.59187654130736
2023-07-28 06:00:00+00:00,112.99,104.3,123.26,106.8735141657655,108.69248993378008
2023-07-28 07:00:00+00:00,107.87,99.12,103.09,96.5952034489701,101.08909200443941
2023-07-28 08:00:00+00:00,99.54,96.8,97.9,88.89554204770644,97.5450081360598
2023-07-28 09:00:00+00:00,93.0,90.9,92.93,79.18022210068506,91.71864952900638
2023-07-28 10:00:00+00:00,85.9,86.45,92.42,71.0145066198128,86.65182872141952
2023-07-28 11:00:00+00:00,80.0,80.01,84.49,62.95110514507026,78.99801017315959
2023-07-28 12:00:00+00:00,75.65,78.33,83.95,59.84914456761667,75.24184571934168
2023-07-28 13:00:00+00:00,76.1,81.35,83.92,63.001809160263,75.43908462611408
2023-07-28 14:00:00+00:00,80.0,93.89,89.27,75.18703097398198,84.71050763913489
2023-07-28 15:00:00+00:00,94.27,107.26,96.46,91.26170996181655,95.54798464810351
2023-07-28 16:00:00+00:00,103.59,114.91,103.06,106.42388737097656,103.62779968414503
2023-07-28 17:00:00+00:00,122.44,116.95,124.9,117.66819008054087,108.99043741249979
2023-07-28 18:00:00+00:00,130.0,109.97,132.38,116.91634718156729,104.92105266212978
2023-07-28 19:00:00+00:00,121.78,108.12,124.99,111.96387088569938,102.09207251365801
2023-07-28 20:00:00+00:00,111.09,105.56,109.97,102.59960039868808,96.48288764080745
2023-07-28 21:00:00+00:00,101.53,98.88,96.77,90.94632422285261,87.42867554465623
2023-07-28 22:00:00+00:00,103.09,88.63,97.27,85.41357675152626,79.7555950796597
2023-07-28 23:00:00+00:00,94.48,79.59,98.42,75.74393572909327,70.21229630670547
2023-07-29 00:00:00+00:00,91.17,78.13,93.0,69.90105337933304,65.01012672190393
2023-07-29 01:00:00+00:00,85.66,79.2,94.36,67.65066375907263,62.23195932130131
2023-07-29 02:00:00+00:00,88.97,80.02,89.93,65.65926811116226,58.90427441852391
2023-07-29 03:00:00+00:00,87.03,89.53,88.0,69.06837208644424,62.00345753770749
2023-07-29 04:00:00+00:00,85.7,100.09,88.8,73.48412255735583,67.70287943753499
2023-07-29 05:00:00+00:00,87.91,111.12,86.18,77.15057572467268,74.36037722151693
2023-07-29 06:00:00+00:00,85.79,112.99,82.93,74.96015426067756,75.19230974633749
2023-07-29 07:00:00+00:00,81.71,107.87,72.01,65.62589507882171,69.9780586116086
2023-07-29 08:00:00+00:00,75.5,99.54,59.08,53.984480348160446,62.90836276644026
2023-07-29 09:00:00+00:00,63.75,93.0,46.56,41.68340369946902,55.59912116174765
2023-07-29 10:00:00+00:00,58.66,85.9,40.15,31.68497162386373,49.42458866228084
2023-07-29 11:00:00+00:00,40.48,80.0,22.34,23.11753465352143,43.31467992723113
2023-07-29 12:00:00+00:00,18.2,75.65,19.52,19.51976214827279,40.767638071040764
2023-07-29 13:00:00+00:00,19.67,76.1,29.05,23.15594238282705,43.88044775497857
2023-07-29 14:00:00+00:00,49.18,80.0,46.92,33.20110886854951,52.07710958172969
2023-07-29 15:00:00+00:00,58.66,94.27,70.67,53.306609406488526,68.98335042959827
2023-07-29 16:00:00+00:00,79.54,103.59,86.01,72.76092069717518,81.51285248032266
2023-07-29 17:00:00+00:00,92.28,122.44,99.92,95.16501819906001,98.7166041276507
2023-07-29 18:00:00+00:00,99.93,130.0,106.83,105.96796643535319,105.96281580969875
2023-07-29 19:00:00+00:00,100.74,121.78,118.75,103.0203511022669,103.64832437469525
2023-07-29 20:00:00+00:00,99.93,111.09,106.43,91.43848916760952,95.28963401535458
2023-07-29 21:00:00+00:00,92.18,101.53,98.49,78.36805859281652,85.82617183410578
2023-07-29 22:00:00+00:00,84.5,103.09,87.3,83.9205714980395,91.1710849686662
2023-07-29 23:00:00+00:00,74.9,94.48,79.27,73.294744443509,81.23009792028607
2023-07-30 00:00:00+00:00,67.81,91.17,67.89,65.46832497741002,74.43272334232165
2023-07-30 01:00:00+00:00,57.79,85.66,33.22,56.04437242960883,63.72867917763477
2023-07-30 02:00:00+00:00,51.6,88.97,15.78,54.39696465367599,61.01160685498864
2023-07-30 03:00:00+00:00,51.7,87.03,11.09,52.6014101036751,56.70373193371463
2023-07-30 04:00:00+00:00,47.34,85.7,5.08,49.46500588903672,52.35753108089302
2023-07-30 05:00:00+00:00,37.0,87.91,2.88,50.30167283967815,53.80558883393046
2023-07-30 06:00:00+00:00,29.82,85.79,3.42,43.85007351920315,52.69624389483585
2023-07-30 07:00:00+00:00,8.48,81.71,0.09,32.214128367562665,51.155850124667666
2023-07-30 08:00:00+00:00,-0.01,75.5,0.0,20.873313118252995,47.17021471787145
2023-07-30 09:00:00+00:00,-0.26,63.75,-0.03,7.9478834154753315,39.95120109712434
2023-07-30 10:00:00+00:00,-16.69,58.66,-0.05,-0.528105177582674,35.924279062089084
2023-07-30 11:00:00+00:00,-44.93,40.48,-7.78,-15.228337178009838,22.051576942672895
2023-07-30 12:00:00+00:00,-46.61,18.2,-12.17,-27.99413749345679,7.509759897168848
2023-07-30 13:00:00+00:00,-40.02,19.67,-7.03,-23.563568672732302,11.418871894123342
2023-07-30 14:00:00+00:00,-19.94,49.18,-3.81,-2.6607807019896086,34.77754575678763
2023-07-30 15:00:00+00:00,-1.0,58.66,0.0,11.857293061350035,47.24981275659162
2023-07-30 16:00:00+00:00,16.22,79.54,28.93,35.81945694218565,68.7510877848559
2023-07-30 17:00:00+00:00,74.37,92.28,66.78,64.20822048263115,86.45352754731087
2023-07-30 18:00:00+00:00,84.47,99.93,87.24,80.20806297120484,96.82180077959737
2023-07-30 19:00:00+00:00,88.46,100.74,91.76,82.9270506597507,99.70530621761158
2023-07-30 20:00:00+00:00,87.06,99.93,99.66,80.82407165252383,100.95581556399743
2023-07-30 21:00:00+00:00,70.05,92.18,92.64,68.05184819025149,92.36666397154443
2023-07-30 22:00:00+00:00,61.03,84.5,77.14,65.71752912640542,93.6237586680762
2023-07-30 23:00:00+00:00,50.51,74.9,70.02,56.948833086862614,85.03604832910355
2023-07-31 00:00:00+00:00,44.09,67.81,68.99,51.44614869696693,79.69475448443576
2023-07-31 01:00:00+00:00,30.3,57.79,72.01,47.16454816475719,73.29974281504711
2023-07-31 02:00:00+00:00,28.91,51.6,72.09,48.63830702433978,71.2533130205002
2023-07-31 03:00:00+00:00,50.31,51.7,87.11,57.66758370394143,76.08937987348095
2023-07-31 04:00:00+00:00,78.18,47.34,102.59,67.92451905713261,81.19411917650721
2023-07-31 05:00:00+00:00,86.58,37.0,113.97,70.14460033900713,80.37070199867622
2023-07-31 06:00:00+00:00,88.16,29.82,115.08,66.78334222238178,78.23689408526324
2023-07-31 07:00:00+00:00,86.0,8.48,105.0,49.661892558935804,63.62679941838962
2023-07-31 08:00:00+00:00,74.16,-0.01,99.94,37.955180102882224,57.1376218761039
2023-07-31 09:00:00+00:00,67.49,-0.26,94.62,32.051819482857184,55.65842738140486
2023-07-31 10:00:00+00:00,65.18,-16.69,87.45,19.11672881576021,43.107343109458725
2023-07-31 11:00:00+00:00,59.65,-44.93,81.59,0.6806370093790406,21.857061349229042
2023-07-31 12:00:00+00:00,59.14,-46.61,74.97,-2.8476674223260687,17.699902438781606
2023-07-31 13:00:00+00:00,59.94,-40.02,67.27,1.5424203728050827,21.211255801328548
2023-07-31 14:00:00+00:00,67.66,-19.94,63.73,16.645310276637005,36.157650218453455
2023-07-31 15:00:00+00:00,75.97,-1.0,77.06,36.42441108706984,52.55378377244567
2023-07-31 16:00:00+00:00,89.68,16.22,97.68,56.263360004065134,68.96432368933289
2023-07-31 17:00:00+00:00,98.21,74.37,106.96,93.37851487377546,110.48670854506891
2023-07-31 18:00:00+00:00,99.97,84.47,118.46,99.62718060297003,117.77009877323093
2023-07-31 19:00:00+00:00,99.25,88.46,113.99,98.2772498383254,119.04796562067708
2023-07-31 20:00:00+00:00,95.26,87.06,102.97,92.99229640943689,115.54204395501918
2023-07-31 21:00:00+00:00,87.63,70.05,102.03,78.69187702322617,101.03679114117972
2023-07-31 22:00:00+00:00,68.01,61.03,96.0,55.63152655963589,81.89862549716366
2023-07-31 23:00:00+00:00,58.86,50.51,86.55,45.97161054326168,72.09917622128499
2023-08-01 00:00:00+00:00,57.86,44.09,84.95,40.3483798334578,66.26802841726439
2023-08-01 01:00:00+00:00,56.94,30.3,86.83,34.65679604719543,57.00592906265752
2023-08-01 02:00:00+00:00,57.9,28.91,88.07,37.00159048664932,56.53043998668969
2023-08-01 03:00:00+00:00,63.4,50.31,97.49,56.197943548909535,74.85719988235977
2023-08-01 04:00:00+00:00,91.8,78.18,114.05,82.32221611747286,100.1533895687324
2023-08-01 05:00:00+00:00,94.44,86.58,150.45,100.031406055385,114.64846317436867
2023-08-01 06:00:00+00:00,99.0,88.16,151.9,105.1082676816533,117.88722741810828
2023-08-01 07:00:00+00:00,92.19,86.0,113.74,97.35814915730019,110.39792898398741
2023-08-01 08:00:00+00:00,92.72,74.16,102.65,84.13087591748332,98.91563728188348
2023-08-01 09:00:00+00:00,87.27,67.49,100.92,74.76237857471997,92.73613961723923
2023-08-01 10:00:00+00:00,79.22,65.18,98.27,65.54285411690918,87.51526837884082
2023-08-01 11:00:00+00:00,69.92,59.65,90.12,52.08927957832663,77.7674541728163
2023-08-01 12:00:00+00:00,60.12,59.14,87.58,42.8402955386108,73.53505429707918
2023-08-01 13:00:00+00:00,57.27,59.94,88.88,37.24918009789519,71.2852234927168
2023-08-01 14:00:00+00:00,56.96,67.66,90.12,39.01575034745569,75.31423268133739
2023-08-01 15:00:00+00:00,68.5,75.97,92.71,48.36138914934171,82.2808824939082
2023-08-01 16:00:00+00:00,81.74,89.68,112.01,68.00099244271712,95.28796100846857
2023-08-01 17:00:00+00:00,96.05,98.21,122.98,87.58578217349856,107.148971941157
2023-08-01 18:00:00+00:00,108.83,99.97,119.04,92.30106234230821,107.23145654258862
2023-08-01 19:00:00+00:00,111.94,99.25,116.55,90.29348477855683,106.19310680182613
2023-08-01 20:00:00+00:00,102.55,95.26,109.35,82.65061107332559,101.18946716717282
2023-08-01 21:00:00+00:00,92.78,87.63,98.5,70.62616799271703,91.2251084248564
2023-08-01 22:00:00+00:00,89.38,68.01,97.96,48.44175157113459,67.71003578776649
2023-08-01 23:00:00+00:00,77.54,58.86,89.31,40.9016902587002,59.00721277582596
2023-08-02 00:00:00+00:00,69.62,57.86,86.26,39.46037296104541,56.56672069941467
2023-08-02 01:00:00+00:00,67.07,56.94,79.65,39.45038561080857,53.59253783441002
2023-08-02 02:00:00+00:00,70.23,57.9,79.64,43.93302228485642,54.33221434129433
2023-08-02 03:00:00+00:00,87.16,63.4,86.83,56.816498939048984,62.981311088367356
2023-08-02 04:00:00+00:00,103.61,91.8,101.77,83.7037151815291,90.14814905579901
2023-08-02 05:00:00+00:00,111.96,94.44,114.9,90.37196958975159,96.57822250060708
2023-08-02 06:00:00+00:00,98.37,99.0,120.75,91.27070753246798,101.19396177164302
2023-08-02 07:00:00+00:00,89.38,92.19,103.85,79.08417210970266,93.54956773764022
2023-08-02 08:00:00+00:00,79.07,92.72,95.68,73.83765344328872,92.73232805290746
2023-08-02 09:00:00+00:00,64.5,87.27,89.52,65.78633496817397,87.68310802227562
2023-08-02 10:00:00+00:00,52.02,79.22,86.04,55.75775384289032,80.8571726632479
2023-08-02 11:00:00+00:00,33.08,69.92,78.63,43.08575032640634,71.70319329612026
2023-08-02 12:00:00+00:00,24.88,60.12,74.67,32.28387373443768,62.76632847507322
2023-08-02 13:00:00+00:00,21.24,57.27,69.43,27.914822609859414,58.73699912213442
2023-08-02 14:00:00+00:00,29.15,56.96,80.82,30.500812185727042,59.632689792736684
2023-08-02 15:00:00+00:00,52.56,68.5,88.97,41.548407045507474,69.5157776606684
2023-08-02 16:00:00+00:00,69.26,81.74,100.06,55.38115322279742,82.07536574690387
2023-08-02 17:00:00+00:00,83.92,96.05,115.22,69.51498858733284,95.08917514697804
2023-08-02 18:00:00+00:00,81.87,108.83,120.58,76.56041770196587,103.75836800206474
2023-08-02 19:00:00+00:00,78.77,111.94,118.04,74.88530841588154,105.25126840840615
2023-08-02 20:00:00+00:00,65.7,102.55,110.23,62.310491973464536,95.81532783949052
2023-08-02 21:00:00+00:00,38.57,92.78,97.06,48.023028286146314,85.12905380730912
2023-08-02 22:00:00+00:00,19.97,89.38,98.36,34.12506728721134,75.01442587563591
2023-08-02 23:00:00+00:00,9.51,77.54,82.69,22.76796020234005,63.61741660329402
2023-08-03 00:00:00+00:00,3.44,69.62,76.0,16.693067557746076,56.934584092219275
2023-08-03 01:00:00+00:00,5.61,67.07,71.06,16.075865249049528,55.00589974948067
2023-08-03 02:00:00+00:00,7.2,70.23,72.0,21.284519614626106,58.53020650382609
2023-08-03 03:00:00+00:00,24.8,87.16,80.48,37.39513738169775,73.92832258492265
2023-08-03 04:00:00+00:00,47.38,103.61,96.9,55.65754774687966,93.17071191525366
2023-08-03 05:00:00+00:00,63.0,111.96,103.58,63.003152865620194,103.72720964071485
2023-08-03 06:00:00+00:00,70.0,98.37,104.3,51.05227248357454,96.63678890326035
2023-08-03 07:00:00+00:00,58.9,89.38,99.12,37.050161248823585,89.08062972730545
2023-08-03 08:00:00+00:00,45.45,79.07,96.8,25.353230685129674,81.95372202394647
2023-08-03 09:00:00+00:00,34.52,64.5,90.9,12.612647266496865,70.87865831839991
2023-08-03 10:00:00+00:00,27.01,52.02,86.45,1.3780691839698704,60.232265031343026
2023-08-03 11:00:00+00:00,21.25,33.08,80.01,-12.996299485490042,44.98286944861194
2023-08-03 12:00:00+00:00,17.43,24.88,78.33,-19.86026605585134,37.40897284413003
2023-08-03 13:00:00+00:00,17.7,21.24,81.35,-19.45889777001733,34.66503758843366
2023-08-03 14:00:00+00:00,21.94,29.15,93.89,-10.828932202472686,39.41717125017889
2023-08-03 15:00:00+00:00,45.01,52.56,107.26,12.598156504365079,57.78186910929311
2023-08-03 16:00:00+00:00,79.78,69.26,114.91,36.049774667296774,71.93539124824622
2023-08-03 17:00:00+00:00,95.26,83.92,116.95,57.13809998574246,84.24861962131605
2023-08-03 18:00:00+00:00,96.6,81.87,109.97,60.22790356269763,81.72313472664739
2023-08-03 19:00:00+00:00,96.81,78.77,108.12,58.25134468506447,78.72959217828553
2023-08-03 20:00:00+00:00,94.38,65.7,105.56,48.689517331754,67.80395439666563
2023-08-03 21:00:00+00:00,87.0,38.57,98.88,30.259269838747414,46.173889553018476
2023-08-03 22:00:00+00:00,90.14,19.97,88.63,28.204209905726472,37.52758943832358
2023-08-03 23:00:00+00:00,83.85,9.51,79.59,23.055782108738526,28.59276526663126
2023-08-04 00:00:00+00:00,80.92,3.44,78.13,22.09137412994926,24.14366811274752
2023-08-04 01:00:00+00:00,79.25,5.61,79.2,27.83155743162621,26.288853442162406
2023-08-04 02:00:00+00:00,82.77,7.2,80.02,35.67952916851141,29.379173624017554
2023-08-04 03:00:00+00:00,88.18,24.8,89.53,55.06549189587504,46.181229916868624
2023-08-04 04:00:00+00:00,108.68,47.38,100.09,78.47095425324856,68.14594921448668
2023-08-04 05:00:00+00:00,123.76,63.0,111.12,91.2470061374823,82.61695924689097
2023-08-04 06:00:00+00:00,120.67,70.0,112.99,91.2803881125597,87.31332284086986
2023-08-04 07:00:00+00:00,105.07,58.9,107.87,78.42034558046257,78.26156653507127
2023-08-04 08:00:00+00:00,95.16,45.45,99.54,63.00347177833511,66.47177865743615
2023-08-04 09:00:00+00:00,90.68,34.52,93.0,50.59560418740529,56.68633327953137
2023-08-04 10:00:00+00:00,86.92,27.01,85.9,41.34506832396093,48.93297683956262
2023-08-04 11:00:00+00:00,80.81,21.25,80.0,33.12162574968539,40.92163490931984
2023-08-04 12:00:00+00:00,77.84,17.43,75.65,28.438073922573906,35.57410522709392
2023-08-04 13:00:00+00:00,77.08,17.7,76.1,29.23281881388401,34.59344329848412
2023-08-04 14:00:00+00:00,82.89,21.94,80.0,34.60619825212612,37.289464368083934
2023-08-04 15:00:00+00:00,95.04,45.01,94.27,55.14158992647266,56.12205705333464
2023-08-04 16:00:00+00:00,103.46,79.78,103.59,83.47468642908868,82.27622171467942
2023-08-04 17:00:00+00:00,134.86,95.26,122.44,101.60556626643225,96.03694711246905
2023-08-04 18:00:00+00:00,139.8,96.6,130.0,106.68986848975466,97.6824644832507
2023-08-04 19:00:00+00:00,128.95,96.81,121.78,105.37075409013684,97.34450373740033
2023-08-04 20:00:00+00:00,111.0,94.38,111.09,97.6440908053035,91.97398144440473
2023-08-04 21:00:00+00:00,98.49,87.0,101.53,86.8703712528623,81.94163818555015
2023-08-04 22:00:00+00:00,101.55,90.14,103.09,88.74224857707017,81.81470640311251
2023-08-04 23:00:00+00:00,94.9,83.85,94.48,79.6103217659896,72.46786565135052
2023-08-05 00:00:00+00:00,92.58,80.92,91.17,74.61459593341223,66.38144071118039
2023-08-05 01:00:00+00:00,90.3,79.25,85.66,71.36772390173182,60.82839259733351
2023-08-05 02:00:00+00:00,90.24,82.77,88.97,73.37744826392985,60.023403832715
2023-08-05 03:00:00+00:00,90.54,88.18,87.03,76.78561109432081,60.803875734714744
2023-08-05 04:00:00+00:00,94.7,108.68,85.7,88.43146073974097,72.81351492383105
2023-08-05 05:00:00+00:00,93.03,123.76,87.91,96.19797442643916,83.25946821357961
2023-08-05 06:00:00+00:00,93.19,120.67,85.79,91.84346633129033,81.85773917523994
2023-08-05 07:00:00+00:00,89.0,105.07,81.71,77.82306011582153,69.99838986802247
2023-08-05 08:00:00+00:00,80.1,95.16,75.5,65.6866565280969,60.76739991496991
2023-08-05 09:00:00+00:00,75.18,90.68,63.75,55.90756888235643,54.220935808190866
2023-08-05 10:00:00+00:00,65.01,86.92,58.66,48.34161701548835,49.299693288253216
2023-08-05 11:00:00+00:00,58.91,80.81,40.48,38.96721595887658,40.920951282879614
2023-08-05 12:00:00+00:00,58.04,77.84,18.2,34.80488386199144,35.744066002247266
2023-08-05 13:00:00+00:00,65.85,77.08,19.67,37.30579052742145,35.564801725227824
2023-08-05 14:00:00+00:00,79.73,82.89,49.18,48.443334805646,43.64404530647983
2023-08-05 15:00:00+00:00,99.16,95.04,58.66,65.62088450654724,57.293037714025914
2023-08-05 16:00:00+00:00,107.62,103.46,79.54,83.78802898115096,72.06970944382299
2023-08-05 17:00:00+00:00,123.1,134.86,92.28,109.77852508168485,99.54022353979424
2023-08-05 18:00:00+00:00,128.99,139.8,99.93,115.6016737992875,106.73353721228678
2023-08-05 19:00:00+00:00,109.23,128.95,100.74,107.82693462190659,102.00863162053011
2023-08-05 20:00:00+00:00,99.08,111.0,99.93,93.02240136975321,90.1509184295248
2023-08-05 21:00:00+00:00,87.34,98.49,92.18,78.6773563344243,78.4288604450962
2023-08-05 22:00:00+00:00,89.1,101.55,84.5,82.5035169669909,86.05884681091703
2023-08-05 23:00:00+00:00,88.09,94.9,74.9,75.12999903977052,77.9042694626797
2023-08-06 00:00:00+00:00,79.07,92.58,67.81,70.41936969657482,72.51211142916493
2023-08-06 01:00:00+00:00,79.08,90.3,57.79,66.8128895373919,66.50182590270343
2023-08-06 02:00:00+00:00,75.06,90.24,51.6,66.24027838143756,62.74688859027928
2023-08-06 03:00:00+00:00,84.0,90.54,51.7,65.85920613623878,59.13357415197517
2023-08-06 04:00:00+00:00,75.1,94.7,47.34,67.79997397646164,59.1490632710488
2023-08-06 05:00:00+00:00,68.61,93.03,37.0,65.78068234088302,56.12861022568469
2023-08-06 06:00:00+00:00,67.46,93.19,29.82,64.20537497476406,55.378234822590855
2023-08-06 07:00:00+00:00,61.11,89.0,8.48,58.39141721067748,50.48941422048382
2023-08-06 08:00:00+00:00,49.09,80.1,-0.01,50.65998539313188,43.67890340876019
2023-08-06 09:00:00+00:00,43.85,75.18,-0.26,46.94858351657122,40.7217475464424
2023-08-06 10:00:00+00:00,33.92,65.01,-16.69,39.17412854625644,32.77420050457614
2023-08-06 11:00:00+00:00,12.07,58.91,-44.93,29.29430825183053,24.272433966763316
2023-08-06 12:00:00+00:00,11.96,58.04,-46.61,26.593314737060368,23.554508648543575
2023-08-06 13:00:00+00:00,9.09,65.85,-40.02,32.229790887657614,31.603983085476145
2023-08-06 14:00:00+00:00,12.1,79.73,-19.94,44.31135560728122,46.466349155148485
2023-08-06 15:00:00+00:00,35.17,99.16,-1.0,63.06114277877715,67.61833848673345
2023-08-06 16:00:00+00:00,62.03,107.62,16.22,72.45985880175586,78.90622825110064
2023-08-06 17:00:00+00:00,72.61,123.1,74.37,90.00920124199259,101.40353235948724
2023-08-06 18:00:00+00:00,76.85,128.99,84.47,93.13046839271146,109.1585290198169
2023-08-06 19:00:00+00:00,77.15,109.23,88.46,79.44325716951582,98.13160656472076
2023-08-06 20:00:00+00:00,71.86,99.08,87.06,68.53946845491959,91.511523695488
2023-08-06 21:00:00+00:00,55.4,87.34,70.05,52.0991927737895,79.59081085195575
2023-08-06 22:00:00+00:00,54.4,89.1,61.03,53.96516743752157,89.02864678659296
2023-08-06 23:00:00+00:00,47.57,88.09,50.51,47.16281308943013,85.95912504309509
2023-08-07 00:00:00+00:00,30.83,79.07,44.09,37.5667586386961,78.39473180765975
2023-08-07 01:00:00+00:00,7.01,79.08,30.3,34.63355111620905,77.22155624026358
2023-08-07 02:00:00+00:00,3.55,75.06,28.91,33.640684382323215,75.84416910887127
2023-08-07 03:00:00+00:00,0.03,84.0,50.31,46.645973136426534,87.83557349210474
2023-08-07 04:00:00+00:00,66.32,75.1,78.18,52.815731346818595,90.77090154642102
2023-08-07 05:00:00+00:00,73.38,68.61,86.58,54.55971607837093,91.52760313465919
2023-08-07 06:00:00+00:00,65.14,67.46,88.16,52.081738972783924,92.62702115078496
2023-08-07 07:00:00+00:00,44.94,61.11,86.0,41.31304406442257,87.4814570231162
2023-08-07 08:00:00+00:00,4.37,49.09,74.16,28.060167918342103,78.31732347569947
2023-08-07 09:00:00+00:00,1.0,43.85,67.49,20.147819193955286,74.06368766359606
2023-08-07 10:00:00+00:00,-0.01,33.92,65.18,13.220937984847254,66.23607027060837
2023-08-07 11:00:00+00:00,-0.81,12.07,59.65,-3.218293085743369,49.857497748856474
2023-08-07 12:00:00+00:00,-4.31,11.96,59.14,-8.305811056350592,48.829202039129626
2023-08-07 13:00:00+00:00,-9.99,9.09,59.94,-11.20857179774329,47.18580388788167
2023-08-07 14:00:00+00:00,-4.32,12.1,67.66,-6.3952839386709,50.98482615408713
2023-08-07 15:00:00+00:00,-0.04,35.17,75.97,13.33610516198189,69.68798181208727
2023-08-07 16:00:00+00:00,0.16,62.03,89.68,37.38029679785454,91.44517989032204
2023-08-07 17:00:00+00:00,13.69,72.61,98.21,55.12400840762257,101.45789178498072
2023-08-07 18:00:00+00:00,30.71,76.85,99.97,60.92732446513074,103.81877409748228
2023-08-07 19:00:00+00:00,41.83,77.15,99.25,59.04849217680606,101.93576420489313
2023-08-07 20:00:00+00:00,1.07,71.86,95.26,51.46287481890454,95.45802129337709
2023-08-07 21:00:00+00:00,-0.07,55.4,87.63,37.10111730543814,80.73944984201685
2023-08-07 22:00:00+00:00,-4.28,54.4,68.01,21.12460157921602,65.35831470398865
2023-08-07 23:00:00+00:00,-6.03,47.57,58.86,13.653349800682278,58.159497211783965
2023-08-08 00:00:00+00:00,-6.2,30.83,57.86,3.590957760075682,45.773911226325076
2023-08-08 01:00:00+00:00,-5.92,7.01,56.94,-6.7654519631962415,30.73297215430651
2023-08-08 02:00:00+00:00,-3.74,3.55,57.9,-4.68833887045551,30.267585440615022
2023-08-08 03:00:00+00:00,-2.09,0.03,63.4,2.038757853140865,32.89831515038455
2023-08-08 04:00:00+00:00,0.09,66.32,91.8,45.17712881205223,84.26878339631102
2023-08-08 05:00:00+00:00,14.32,73.38,94.44,51.20947812573581,92.43296009437192
2023-08-08 06:00:00+00:00,-0.09,65.14,99.0,41.97842576572933,88.69750103081559
2023-08-08 07:00:00+00:00,-2.7,44.94,92.19,18.274892897578937,73.580583621072
2023-08-08 08:00:00+00:00,-6.77,4.37,92.72,-11.65326517891232,46.481830187441695
2023-08-08 09:00:00+00:00,-13.18,1.0,87.27,-18.61862001127372,43.931146329312305
2023-08-08 10:00:00+00:00,-15.73,-0.01,79.22,-21.840164760618748,40.93798475262698
2023-08-08 11:00:00+00:00,-20.09,-0.81,69.92,-25.07908131070083,36.43415106319518
2023-08-08 12:00:00+00:00,-21.77,-4.31,60.12,-27.495334325211346,31.131312285324213
2023-08-08 13:00:00+00:00,-16.1,-9.99,57.27,-27.63670318253601,25.532807316671565
2023-08-08 14:00:00+00:00,-8.9,-4.32,56.96,-19.117434190360015,28.822481628180668
2023-08-08 15:00:00+00:00,-0.82,-0.04,68.5,-5.3224465895199415,35.27692285785079
2023-08-08 16:00:00+00:00,1.07,0.16,81.74,7.64057751482477,40.557355260454564
2023-08-08 17:00:00+00:00,87.59,13.69,96.05,29.06680950545544,53.23530272852336
2023-08-08 18:00:00+00:00,83.96,30.71,108.83,43.21450350057671,65.47296389868782
2023-08-08 19:00:00+00:00,89.18,41.83,111.94,48.172717610869405,72.67368867812525
2023-08-08 20:00:00+00:00,87.59,1.07,102.55,21.0514051921471,41.7815290745641
2023-08-08 21:00:00+00:00,59.98,-0.07,92.78,13.911396135924477,36.695481740486535
2023-08-08 22:00:00+00:00,79.9,-4.28,89.38,0.6667657829827078,21.365778906201115
2023-08-08 23:00:00+00:00,72.16,-6.03,77.54,-2.9046193217672283,17.40142183550526
2023-08-09 00:00:00+00:00,70.03,-6.2,69.62,-3.6624391029234005,15.037755267798659
2023-08-09 01:00:00+00:00,67.81,-5.92,67.07,-1.6779813650743876,13.728254086912301
2023-08-09 02:00:00+00:00,74.12,-3.74,70.23,4.388190947526169,16.52208375173855
2023-08-09 03:00:00+00:00,83.95,-2.09,87.16,14.458903344652398,21.91799310856186
2023-08-09 04:00:00+00:00,98.16,0.09,103.61,29.4670901936953,33.97878748417557
2023-08-09 05:00:00+00:00,105.7,14.32,111.96,42.72265308854628,47.16322223371902
2023-08-09 06:00:00+00:00,106.44,-0.09,98.37,30.363650074190716,35.33636156438095
2023-08-09 07:00:00+00:00,99.65,-2.7,89.38,18.894638842439775,30.042022724280912
2023-08-09 08:00:00+00:00,88.97,-6.77,79.07,7.998405212809473,23.710729287555168
2023-08-09 09:00:00+00:00,81.65,-13.18,64.5,-2.3867708694932475,17.98024167277252
2023-08-09 10:00:00+00:00,62.62,-15.73,52.02,-10.45204058851607,14.21761386588102
2023-08-09 11:00:00+00:00,61.51,-20.09,33.08,-19.977078203996427,7.786273762170424
2023-08-09 12:00:00+00:00,42.02,-21.77,24.88,-24.672176948510113,4.117580390819072
2023-08-09 13:00:00+00:00,57.49,-16.1,21.24,-21.04839277395557,6.3655084542112235
2023-08-09 14:00:00+00:00,67.7,-8.9,29.15,-12.299183740102862,11.17906763859584
2023-08-09 15:00:00+00:00,88.0,-0.82,52.56,2.708307859704476,19.188075665827512
2023-08-09 16:00:00+00:00,99.45,1.07,69.26,15.823618919173754,22.30948655612228
2023-08-09 17:00:00+00:00,118.91,87.59,83.92,78.70940771688254,85.15034425533335
2023-08-09 18:00:00+00:00,139.08,83.96,81.87,84.32866138504731,84.10959164587747
2023-08-09 19:00:00+00:00,131.62,89.18,78.77,88.3639517005846,88.5125488880764
2023-08-09 20:00:00+00:00,122.47,87.59,65.7,82.5194744307181,82.07803052653584
2023-08-09 21:00:00+00:00,100.96,59.98,38.57,61.66854679654237,58.32779077912275
2023-08-09 22:00:00+00:00,96.27,79.9,19.97,65.11316630788181,62.68558504173209
2023-08-09 23:00:00+00:00,91.99,72.16,9.51,59.128603609129115,55.328047620419646
2023-08-10 00:00:00+00:00,89.15,70.03,3.44,57.612026280607374,52.776612387735156
2023-08-10 01:00:00+00:00,79.98,67.81,5.61,59.04241593989324,51.94485877802456
2023-08-10 02:00:00+00:00,88.82,74.12,7.2,66.66448041982585,57.50102585873369
2023-08-10 03:00:00+00:00,93.0,83.95,24.8,81.14172027506227,68.90266398530387
2023-08-10 04:00:00+00:00,134.27,98.16,47.38,100.28034217650759,85.58624219836315
2023-08-10 05:00:00+00:00,192.61,105.7,63.0,108.66387587214149,97.04288213758102
2023-08-10 06:00:00+00:00,110.21,106.44,70.0,101.18101687524872,98.6541140603529
2023-08-10 07:00:00+00:00,96.9,99.65,58.9,82.50665588080352,91.86117400729948
2023-08-10 08:00:00+00:00,82.19,88.97,45.45,63.210937732048585,82.26608155481458
2023-08-10 09:00:00+00:00,67.04,81.65,34.52,49.00347838819499,74.60764556178175
2023-08-10 10:00:00+00:00,67.05,62.62,27.01,30.422831821549394,58.25677650415947
2023-08-10 11:00:00+00:00,39.07,61.51,21.25,23.878755727375108,53.413308881292814
2023-08-10 12:00:00+00:00,44.92,42.02,17.43,10.400065519046265,36.36662279218658
2023-08-10 13:00:00+00:00,65.57,57.49,17.7,19.76645674015313,44.07254444363627
2023-08-10 14:00:00+00:00,80.01,67.7,21.94,31.67595025099611,49.459060771253085
2023-08-10 15:00:00+00:00,93.38,88.0,45.01,56.97691660537732,65.23189108213859
2023-08-10 16:00:00+00:00,102.88,99.45,79.78,82.13715213733383,76.65010191556996
2023-08-10 17:00:00+00:00,171.76,118.91,95.26,112.48999485997969,99.605075080002
2023-08-10 18:00:00+00:00,203.8,139.08,96.6,125.93849253808514,112.95453858029505
2023-08-10 19:00:00+00:00,144.49,131.62,96.81,119.98046179684178,108.3331315730796
2023-08-10 20:00:00+00:00,115.49,122.47,94.38,109.69170079750037,100.35331310597925
2023-08-10 21:00:00+00:00,101.29,100.96,87.0,90.58672104180187,80.70500857337116
2023-08-10 22:00:00+00:00,111.31,96.27,90.14,92.4682110429302,83.58952718165243
2023-08-10 23:00:00+00:00,106.39,91.99,83.85,86.64475387308632,78.66808548496076
2023-08-11 00:00:00+00:00,104.77,89.15,80.92,82.96782466572523,75.63169721377726
2023-08-11 01:00:00+00:00,99.75,79.98,79.25,78.50570447585578,69.24033026085478
2023-08-11 02:00:00+00:00,102.29,88.82,82.77,87.01350160721451,77.19095140430224
2023-08-11 03:00:00+00:00,106.8,93.0,88.18,95.82432283474918,83.68020741944036
2023-08-11 04:00:00+00:00,143.29,134.27,108.68,127.87724235242018,119.18923855684683
2023-08-11 05:00:00+00:00,143.29,192.61,123.76,163.05987978513733,165.6362175391123
2023-08-11 06:00:00+00:00,115.07,110.21,120.67,107.57438545790538,110.29475463405832
2023-08-11 07:00:00+00:00,100.2,96.9,105.07,83.57075772379834,97.9525017818878
2023-08-11 08:00:00+00:00,84.51,82.19,95.16,61.509839018605966,84.97948237186166
2023-08-11 09:00:00+00:00,73.69,67.04,90.68,43.699962479290335,73.37858989685016
2023-08-11 10:00:00+00:00,41.42,67.05,86.92,35.27388897458842,69.94520142058933
2023-08-11 11:00:00+00:00,30.19,39.07,80.81,16.26685946420737,48.29655946066444
2023-08-11 12:00:00+00:00,32.21,44.92,77.84,18.582309952490917,48.382047137324435
2023-08-11 13:00:00+00:00,58.01,65.57,77.08,36.12502219233801,62.778092891086885
2023-08-11 14:00:00+00:00,84.58,80.01,82.89,53.7227745042169,73.10006023609937
2023-08-11 15:00:00+00:00,97.98,93.38,95.04,77.7821501348649,85.65233209795473
2023-08-11 16:00:00+00:00,112.78,102.88,103.46,101.47310146553833,94.96340110627021
2023-08-11 17:00:00+00:00,140.81,171.76,134.86,154.90976255414154,147.71981050611123
2023-08-11 18:00:00+00:00,166.66,203.8,139.8,176.82496316364208,172.5514799299004
2023-08-11 19:00:00+00:00,133.0,144.49,128.95,140.01538430682632,130.78583069648548
2023-08-11 20:00:00+00:00,117.88,115.49,111.0,114.8769146946508,107.02469638455783
2023-08-11 21:00:00+00:00,103.78,101.29,98.49,98.25177661842524,92.74653959806777
2023-08-11 22:00:00+00:00,103.54,111.31,101.55,103.1733103584589,99.33429438303814
2023-08-11 23:00:00+00:00,98.2,106.39,94.9,94.88976698659185,91.9740487007746
2023-08-12 00:00:00+00:00,97.7,104.77,92.58,90.43938239038619,87.72867112441179
2023-08-12 01:00:00+00:00,95.92,99.75,90.3,85.32120189211452,80.45411908422996
2023-08-12 02:00:00+00:00,93.91,102.29,90.24,85.95546778978525,79.66940221891679
2023-08-12 03:00:00+00:00,98.92,106.8,90.54,87.96711728021454,79.91479446301874
2023-08-12 04:00:00+00:00,95.49,143.29,94.7,108.87454550598528,105.40018369383105
2023-08-12 05:00:00+00:00,100.0,143.29,93.03,107.39362525372954,107.54210164000187
2023-08-12 06:00:00+00:00,99.54,115.07,93.19,84.85907354725987,82.53057313197296
2023-08-12 07:00:00+00:00,87.5,100.2,89.0,71.02467288051373,70.94263619398718
2023-08-12 08:00:00+00:00,76.25,84.51,80.1,55.42528195482556,57.500912659815185
2023-08-12 09:00:00+00:00,67.06,73.69,75.18,42.626954101591814,47.49588729961875
2023-08-12 10:00:00+00:00,51.64,41.42,65.01,20.988245733693887,24.457513788675172
2023-08-12 11:00:00+00:00,24.51,30.19,58.91,10.40856867634642,13.59572100971053
2023-08-12 12:00:00+00:00,6.0,32.21,58.04,10.527087050078777,15.553434986872503
2023-08-12 13:00:00+00:00,6.92,58.01,65.85,28.32696706550834,37.39206643412096
2023-08-12 14:00:00+00:00,20.4,84.58,79.73,49.63183419510874,60.15247241354045
2023-08-12 15:00:00+00:00,67.58,97.98,99.16,70.23502147531758,76.51593967790416
2023-08-12 16:00:00+00:00,92.54,112.78,107.62,92.96617221774918,92.85570980589986
2023-08-12 17:00:00+00:00,106.47,140.81,123.1,121.7721639922508,121.4870308872913
2023-08-12 18:00:00+00:00,111.16,166.66,128.99,140.47640720250993,143.1558060846374
2023-08-12 19:00:00+00:00,112.28,133.0,109.23,115.92542611055234,114.76663274889134
2023-08-12 20:00:00+00:00,108.05,117.88,99.08,101.50070254390457,101.50369904511474
2023-08-12 21:00:00+00:00,101.66,103.78,87.34,87.09842965575662,88.37925470125656
2023-08-12 22:00:00+00:00,90.1,103.54,89.1,92.37734246942213,95.76006102715802
2023-08-12 23:00:00+00:00,84.6,98.2,88.09,86.70050392761502,90.53601291830086
2023-08-13 00:00:00+00:00,78.8,97.7,79.07,81.73029066994565,86.23604969965957
2023-08-13 01:00:00+00:00,69.66,95.92,79.08,78.5073680796933,81.52358225850104
2023-08-13 02:00:00+00:00,69.0,93.91,75.06,76.77745766469559,77.04584340643231
2023-08-13 03:00:00+00:00,72.02,98.92,84.0,80.72917550689766,78.32918774025308
2023-08-13 04:00:00+00:00,77.69,95.49,75.1,78.68319376059875,74.06760532752905
2023-08-13 05:00:00+00:00,76.74,100.0,68.61,77.07675740837307,74.32252915573518
2023-08-13 06:00:00+00:00,70.81,99.54,67.46,70.21629772255915,71.60444960010476
2023-08-13 07:00:00+00:00,50.39,87.5,61.11,56.30634345871333,62.77469578502004
2023-08-13 08:00:00+00:00,28.21,76.25,49.09,40.559735936718305,52.98511706475344
2023-08-13 09:00:00+00:00,14.13,67.06,43.85,29.437827212113433,45.83583424570548
2023-08-13 10:00:00+00:00,5.87,51.64,33.92,15.238223314905582,31.625138882872918
2023-08-13 11:00:00+00:00,1.06,24.51,12.07,-2.3819175772957664,9.62893685050355
2023-08-13 12:00:00+00:00,1.46,6.0,11.96,-8.997500719983705,-1.8306137133651248
2023-08-13 13:00:00+00:00,6.76,6.92,9.09,2.5896856699349797,4.633862741899847
2023-08-13 14:00:00+00:00,17.45,20.4,12.1,21.6290990026789,18.951751708737817
2023-08-13 15:00:00+00:00,72.66,67.58,35.17,63.5506336914956,58.08108759514424
2023-08-13 16:00:00+00:00,99.17,92.54,62.03,95.30091508644227,83.23240869106047
2023-08-13 17:00:00+00:00,108.17,106.47,72.61,115.27446748414762,98.89307250562774
2023-08-13 18:00:00+00:00,116.02,111.16,76.85,122.27034372099538,106.30018351660442
2023-08-13 19:00:00+00:00,120.0,112.28,77.15,120.43453700520314,106.59955690608146
2023-08-13 20:00:00+00:00,120.15,108.05,71.86,114.08003849919358,102.70640654734429
2023-08-13 21:00:00+00:00,114.09,101.66,55.4,103.9822944337971,94.30285981538687
2023-08-13 22:00:00+00:00,98.01,90.1,54.4,99.61625107424574,94.89786648259991
2023-08-13 23:00:00+00:00,89.63,84.6,47.57,93.78038655729867,89.33986504275647
2023-08-14 00:00:00+00:00,84.5,78.8,30.83,88.87799670386235,83.40399487801812
2023-08-14 01:00:00+00:00,88.37,69.66,7.01,83.94859167940461,75.14377800045206
2023-08-14 02:00:00+00:00,94.61,69.0,3.55,87.45318068979734,75.65562584004898
2023-08-14 03:00:00+00:00,110.38,72.02,0.03,95.9728583552316,80.81326394991473
2023-08-14 04:00:00+00:00,130.99,77.69,66.32,115.70466368244075,97.5393202847806
2023-08-14 05:00:00+00:00,142.87,76.74,73.38,117.72515978773497,101.91759414594017
2023-08-14 06:00:00+00:00,116.86,70.81,65.14,105.94725677321755,98.60165195294597
2023-08-14 07:00:00+00:00,99.07,50.39,44.94,80.14129053904111,81.02122243966282
2023-08-14 08:00:00+00:00,83.67,28.21,4.37,53.569701557121334,60.41030295077495
2023-08-14 09:00:00+00:00,77.31,14.13,1.0,40.814504013795016,51.14988372425724
2023-08-14 10:00:00+00:00,69.93,5.87,-0.01,33.48418379076543,44.87987980739535
2023-08-14 11:00:00+00:00,63.68,1.06,-0.81,28.82494921160395,38.53622672076914
2023-08-14 12:00:00+00:00,67.11,1.46,-4.31,29.98189560463949,36.149090149748645
2023-08-14 13:00:00+00:00,74.1,6.76,-9.99,36.97394886390619,38.79806837807694
2023-08-14 14:00:00+00:00,82.5,17.45,-4.32,49.92277746097719,46.45059714556458
2023-08-14 15:00:00+00:00,101.69,72.66,-0.04,90.86196500090442,87.04679858942383
2023-08-14 16:00:00+00:00,123.87,99.17,0.16,115.41945239985677,106.3784877873546
2023-08-14 17:00:00+00:00,177.79,108.17,13.69,128.01303423449448,114.9156797200518
2023-08-14 18:00:00+00:00,161.07,116.02,30.71,134.06118717964068,122.7134058346109
2023-08-14 19:00:00+00:00,130.86,120.0,41.83,132.0493105603939,126.5808761870978
2023-08-14 20:00:00+00:00,110.99,120.15,1.07,119.80976966288725,119.8989335243335
2023-08-14 21:00:00+00:00,101.06,114.09,-0.07,110.91920153643582,113.89594547494951
2023-08-14 22:00:00+00:00,99.6,98.01,-4.28,93.35808366551628,94.00866760593769
2023-08-14 23:00:00+00:00,92.65,89.63,-6.03,86.82064613950905,87.31981597276594
2023-08-15 00:00:00+00:00,92.16,84.5,-6.2,83.2848773056467,83.15807241068634
2023-08-15 01:00:00+00:00,89.96,88.37,-5.92,86.85149157998288,85.47738614470242
2023-08-15 02:00:00+00:00,87.67,94.61,-3.74,93.87650854153216,90.77515257093972
2023-08-15 03:00:00+00:00,92.71,110.38,-2.09,108.62692920680671,104.06886931008873
2023-08-15 04:00:00+00:00,113.68,130.99,0.09,129.84712712395708,123.50270651642444
2023-08-15 05:00:00+00:00,135.0,142.87,14.32,140.35327841749486,136.68845529685038
2023-08-15 06:00:00+00:00,120.58,116.86,-0.09,118.56762026318695,118.0335097586933
2023-08-15 07:00:00+00:00,94.7,99.07,-2.7,98.92645327684173,103.94733810235664
2023-08-15 08:00:00+00:00,79.97,83.67,-6.77,80.3725354602009,90.90026304427579
2023-08-15 09:00:00+00:00,73.98,77.31,-13.18,67.7764812188207,83.63629792494159
2023-08-15 10:00:00+00:00,62.34,69.93,-15.73,57.09346480652383,75.68370279839712
2023-08-15 11:00:00+00:00,30.98,63.68,-20.09,48.833607889048125,67.68103651758776
2023-08-15 12:00:00+00:00,23.54,67.11,-21.77,47.616317717978205,66.45773534417808
2023-08-15 13:00:00+00:00,45.85,74.1,-16.1,53.83155531821208,69.9884398887486
2023-08-15 14:00:00+00:00,70.26,82.5,-8.9,64.63258764585323,75.1447969144953
2023-08-15 15:00:00+00:00,96.02,101.69,-0.82,88.94916135228941,93.00526360002432
2023-08-15 16:00:00+00:00,108.67,123.87,1.07,113.91367418154974,111.0151651071731
2023-08-15 17:00:00+00:00,126.06,177.79,87.59,163.0983400957943,160.40058130743796
2023-08-15 18:00:00+00:00,142.61,161.07,83.96,156.55049876167328,149.65656456284628
2023-08-15 19:00:00+00:00,133.04,130.86,89.18,138.756735610605,130.1029856232757
2023-08-15 20:00:00+00:00,125.44,110.99,87.59,122.62004706466455,114.70983886622103
2023-08-15 21:00:00+00:00,107.89,101.06,59.98,109.14354238778405,102.38890432581574
2023-08-15 22:00:00+00:00,106.8,99.6,79.9,97.31661412879268,88.52291690433958
2023-08-15 23:00:00+00:00,97.45,92.65,72.16,90.90873702676791,81.51928574045459
2023-08-16 00:00:00+00:00,93.38,92.16,70.03,90.90184150058809,80.44039946597583
2023-08-16 01:00:00+00:00,94.47,89.96,67.81,92.28380831073416,79.44131917664966
2023-08-16 02:00:00+00:00,97.0,87.67,74.12,95.91916814326727,80.00398620263235
2023-08-16 03:00:00+00:00,99.5,92.71,83.95,106.89370095318924,88.10947391151532
2023-08-16 04:00:00+00:00,119.09,113.68,98.16,129.59988360631627,109.9984055166642
2023-08-16 05:00:00+00:00,146.01,135.0,105.7,144.63307025366507,129.07864005630307
2023-08-16 06:00:00+00:00,129.58,120.58,106.44,130.9321822792274,119.1719897135687
2023-08-16 07:00:00+00:00,109.51,94.7,99.65,106.1759442062232,99.88733422784121
2023-08-16 08:00:00+00:00,99.31,79.97,88.97,87.17790705568873,87.51197189683174
2023-08-16 09:00:00+00:00,94.44,73.98,81.65,75.74441929896626,81.755659158881
2023-08-16 10:00:00+00:00,91.64,62.34,62.62,62.08632276595653,69.76160291162631
2023-08-16 11:00:00+00:00,86.91,30.98,61.51,43.31160312412176,46.79554673597627
2023-08-16 12:00:00+00:00,89.83,23.54,42.02,37.28058251873624,38.07342665763367
2023-08-16 13:00:00+00:00,93.11,45.85,57.49,53.68460607141168,54.37082601696459
2023-08-16 14:00:00+00:00,97.21,70.26,67.7,73.43389482807177,71.8524143794646
2023-08-16 15:00:00+00:00,110.79,96.02,88.0,99.5461937693767,93.47008121934577
2023-08-16 16:00:00+00:00,131.22,108.67,99.45,117.23837063188168,105.25184558635674
2023-08-16 17:00:00+00:00,156.1,126.06,118.91,135.59050189978038,123.44661215155304
2023-08-16 18:00:00+00:00,160.03,142.61,139.08,143.47681655839398,134.97238697314242
2023-08-16 19:00:00+00:00,136.1,133.04,131.62,130.78443934053536,125.03576762744378
2023-08-16 20:00:00+00:00,119.9,125.44,122.47,118.0333702245837,115.36814934569931
2023-08-16 21:00:00+00:00,99.99,107.89,100.96,100.32463455461551,98.13919095050616
2023-08-16 22:00:00+00:00,104.88,106.8,96.27,93.47880569009104,93.70264282052507
2023-08-16 23:00:00+00:00,98.38,97.45,91.99,86.86926185343651,85.64614366795644
2023-08-17 00:00:00+00:00,97.95,93.38,89.15,84.27201796354053,82.2891132444594
2023-08-17 01:00:00+00:00,95.14,94.47,79.98,85.21881674749383,82.03837031202733
2023-08-17 02:00:00+00:00,95.14,97.0,88.82,90.52923439744063,85.4769157800357
2023-08-17 03:00:00+00:00,102.4,99.5,93.0,98.53811613465696,90.55839695583563
2023-08-17 04:00:00+00:00,134.72,119.09,134.27,123.56273490869513,114.9826327434771
2023-08-17 05:00:00+00:00,136.4,146.01,192.61,148.36173849239228,144.1499520434537
2023-08-17 06:00:00+00:00,134.11,129.58,110.21,126.66492998401567,123.35991492998228
2023-08-17 07:00:00+00:00,115.2,109.51,96.9,106.94477864884534,106.41361921246566
2023-08-17 08:00:00+00:00,103.07,99.31,82.19,92.86030927873324,96.60275541240081
2023-08-17 09:00:00+00:00,95.21,94.44,67.04,82.72970588606628,90.43497803368588
2023-08-17 10:00:00+00:00,91.62,91.64,67.05,75.86255779201326,85.69325541244454
2023-08-17 11:00:00+00:00,89.98,86.91,39.07,65.10094824171162,73.87852033083442
2023-08-17 12:00:00+00:00,89.98,89.83,44.92,63.77475509873832,72.28236242582871
2023-08-17 13:00:00+00:00,94.09,93.11,65.57,68.13913378397692,75.92893150996836
2023-08-17 14:00:00+00:00,100.0,97.21,80.01,75.59036282563724,80.66095651688246
2023-08-17 15:00:00+00:00,113.45,110.79,93.38,91.42361918994865,93.42034591282349
2023-08-17 16:00:00+00:00,131.92,131.22,102.88,110.39586358792792,110.1536710947551
2023-08-17 17:00:00+00:00,150.63,156.1,171.76,137.52404924203418,138.09527386068015
2023-08-17 18:00:00+00:00,145.62,160.03,203.8,142.4643321602494,145.36281459566717
2023-08-17 19:00:00+00:00,128.88,136.1,144.49,117.8893207511379,120.82448895066588
2023-08-17 20:00:00+00:00,116.63,119.9,115.49,100.31983969838382,104.013092994255
2023-08-17 21:00:00+00:00,107.3,99.99,101.29,83.35603786871744,85.62523407663913
2023-08-17 22:00:00+00:00,105.09,104.88,111.31,95.6019337438251,96.76770815498185
2023-08-17 23:00:00+00:00,101.76,98.38,106.39,90.59877626423292,90.29573936245748
2023-08-18 00:00:00+00:00,101.03,97.95,104.77,89.87156064195213,89.00931860774566
2023-08-18 01:00:00+00:00,103.17,95.14,99.75,89.41331820535285,86.79412513742245
2023-08-18 02:00:00+00:00,101.99,95.14,102.29,92.77451462745734,88.2495032069209
2023-08-18 03:00:00+00:00,104.41,102.4,106.8,102.7942813049774,96.08980744064657
2023-08-18 04:00:00+00:00,120.8,134.72,143.29,134.3169064097085,128.4816552095721
2023-08-18 05:00:00+00:00,140.63,136.4,143.29,138.433461054759,134.05355615301502
2023-08-18 06:00:00+00:00,122.45,134.11,115.07,127.23621426580941,128.9820401324271
2023-08-18 07:00:00+00:00,106.85,115.2,100.2,103.68428405916524,112.54048148644307
2023-08-18 08:00:00+00:00,95.85,103.07,84.51,83.47531427296389,100.64814439770612
2023-08-18 09:00:00+00:00,89.05,95.21,73.69,68.48257272249062,92.36288501180027
2023-08-18 10:00:00+00:00,86.28,91.62,41.42,56.5670977194837,84.13507817346225
2023-08-18 11:00:00+00:00,82.85,89.98,30.19,50.88919295928757,79.26880219157309
2023-08-18 12:00:00+00:00,84.16,89.98,32.21,50.748531907600785,77.94172327041336
2023-08-18 13:00:00+00:00,89.17,94.09,58.01,59.48198736036068,82.72367451986256
2023-08-18 14:00:00+00:00,95.35,100.0,84.58,73.470305722698,89.5123523343689
2023-08-18 15:00:00+00:00,108.26,113.45,97.98,95.83888843141767,102.71812354069912
2023-08-18 16:00:00+00:00,128.0,131.92,112.78,120.52082986395212,119.18318163852138
2023-08-18 17:00:00+00:00,161.38,150.63,140.81,141.19516999661312,137.37882959065496
2023-08-18 18:00:00+00:00,150.24,145.62,166.66,138.21690979382657,136.869202030662
2023-08-18 19:00:00+00:00,127.47,128.88,133.0,117.81458433251487,119.78007271335291
2023-08-18 20:00:00+00:00,109.29,116.63,117.88,100.53104336931092,106.76670416893542
2023-08-18 21:00:00+00:00,100.23,107.3,103.78,86.63642890171484,95.43455821537361
2023-08-18 22:00:00+00:00,99.2,105.09,103.54,82.07897294655716,91.60477078826554
2023-08-18 23:00:00+00:00,95.88,101.76,98.2,76.81044338173746,86.04113461943989
2023-08-19 00:00:00+00:00,94.4,101.03,97.7,73.82493612723836,82.44328006896171
2023-08-19 01:00:00+00:00,93.64,103.17,95.92,74.13875008016795,80.43839569869536
2023-08-19 02:00:00+00:00,95.9,101.99,93.91,73.33646931844052,76.17068814944946
2023-08-19 03:00:00+00:00,95.9,104.41,98.92,75.71640605301955,75.67187329365501
2023-08-19 04:00:00+00:00,99.9,120.8,95.49,84.93723540943353,85.90070466246047
2023-08-19 05:00:00+00:00,90.21,140.63,100.0,92.16156699852685,98.85333287400455
2023-08-19 06:00:00+00:00,83.02,122.45,99.54,74.24310252495675,86.6781556761008
2023-08-19 07:00:00+00:00,79.37,106.85,87.5,55.44074296009103,73.53403624302801
2023-08-19 08:00:00+00:00,69.4,95.85,76.25,40.88194246981047,63.5698327488775
2023-08-19 09:00:00+00:00,41.83,89.05,67.06,31.883964694523826,57.37031938999274
2023-08-19 10:00:00+00:00,25.45,86.28,51.64,27.369069796597373,53.67945248425801
2023-08-19 11:00:00+00:00,14.86,82.85,24.51,22.755217774566887,47.62849394604302
2023-08-19 12:00:00+00:00,12.59,84.16,6.0,26.52203258846542,47.53800346730912
2023-08-19 13:00:00+00:00,25.01,89.17,6.92,38.12521810929891,53.519277877821935
2023-08-19 14:00:00+00:00,74.42,95.35,20.4,52.98055753844578,61.80056968234881
2023-08-19 15:00:00+00:00,100.45,108.26,67.58,77.99350978510843,79.89995617001773
2023-08-19 16:00:00+00:00,115.46,128.0,92.54,105.09057979292167,100.85568733663179
2023-08-19 17:00:00+00:00,130.15,161.38,106.47,133.5190230373456,129.19537885546737
2023-08-19 18:00:00+00:00,129.19,150.24,111.16,130.10799740532303,123.96134515711552
2023-08-19 19:00:00+00:00,132.53,127.47,112.28,115.82050670945131,108.59957522144148
2023-08-19 20:00:00+00:00,123.71,109.29,108.05,102.03148984649563,94.53198644703718
2023-08-19 21:00:00+00:00,112.54,100.23,101.66,92.45490674015196,85.74750148393971
2023-08-19 22:00:00+00:00,113.99,99.2,90.1,95.39452891130476,89.76331437764466
2023-08-19 23:00:00+00:00,110.59,95.88,84.6,91.30339348923056,84.8514094775402
2023-08-20 00:00:00+00:00,105.17,94.4,78.8,87.73361750034849,80.50597970893324
2023-08-20 01:00:00+00:00,105.02,93.64,69.66,85.29414102657577,76.38121230638728
2023-08-20 02:00:00+00:00,103.01,95.9,69.0,84.98101605685004,74.24328954841482
2023-08-20 03:00:00+00:00,104.61,95.9,72.02,84.37986301793356,70.95426323108043
2023-08-20 04:00:00+00:00,104.72,99.9,77.69,86.65762452607173,71.73505757794175
2023-08-20 05:00:00+00:00,99.69,90.21,76.74,78.24328229401513,64.61032099864704
2023-08-20 06:00:00+00:00,98.99,83.02,70.81,65.28651304953058,57.95544563902656
2023-08-20 07:00:00+00:00,86.62,79.37,50.39,50.99685657392932,52.86956999233402
2023-08-20 08:00:00+00:00,73.31,69.4,28.21,32.3030208962721,42.70333645153918
2023-08-20 09:00:00+00:00,44.0,41.83,14.13,9.374836681424824,23.147647826381046
2023-08-20 10:00:00+00:00,19.23,25.45,5.87,-3.6158423113238882,12.21923165341937
2023-08-20 11:00:00+00:00,13.25,14.86,1.06,-10.343440488744562,5.378657528259396
2023-08-20 12:00:00+00:00,13.84,12.59,1.46,-7.527452462185622,6.3345800100467216
2023-08-20 13:00:00+00:00,33.81,25.01,6.76,7.678224752157945,18.50167580204588
2023-08-20 14:00:00+00:00,78.98,74.42,17.45,47.09359886019556,56.4393082428514
2023-08-20 15:00:00+00:00,95.1,100.45,72.66,83.97354024473248,85.34730702965096
2023-08-20 16:00:00+00:00,112.0,115.46,99.17,114.34795709880567,105.17720952180989
2023-08-20 17:00:00+00:00,128.8,130.15,108.17,136.14386063616297,122.07392828661716
2023-08-20 18:00:00+00:00,140.0,129.19,116.02,139.605621882508,124.7740237601411
2023-08-20 19:00:00+00:00,139.54,132.53,120.0,139.98385980258786,128.18279132404024
2023-08-20 20:00:00+00:00,126.71,123.71,120.15,131.70538052844455,121.38294420280111
2023-08-20 21:00:00+00:00,111.95,112.54,114.09,120.75146522537628,111.26447645117257
2023-08-20 22:00:00+00:00,111.95,113.99,98.01,124.062345817535,118.94315476773805
2023-08-20 23:00:00+00:00,101.67,110.59,89.63,120.14040111649075,114.97390742102692
2023-08-21 00:00:00+00:00,98.71,105.17,84.5,116.86289555661081,110.56354100428615
2023-08-21 01:00:00+00:00,95.07,105.02,88.37,119.55849012473321,111.46236626345346
2023-08-21 02:00:00+00:00,97.71,103.01,94.61,123.67788661461688,112.45126611441685
2023-08-21 03:00:00+00:00,106.22,104.61,110.38,133.46755019628506,118.42278519856487
2023-08-21 04:00:00+00:00,138.84,104.72,130.99,146.37062063578819,126.81673922919056
2023-08-21 05:00:00+00:00,160.93,99.69,142.87,147.76518051969703,128.3699804362679
2023-08-21 06:00:00+00:00,137.27,98.99,116.86,136.5477176531919,126.07183740307714
2023-08-21 07:00:00+00:00,115.13,86.62,99.07,114.22734174542882,115.07141201814618
2023-08-21 08:00:00+00:00,104.04,73.31,83.67,91.83045906899602,102.9425953057482
2023-08-21 09:00:00+00:00,96.77,44.0,77.31,65.41842078672471,79.95206477820383
2023-08-21 10:00:00+00:00,92.64,19.23,69.93,45.52874806230652,60.09078736333508
2023-08-21 11:00:00+00:00,89.96,13.25,63.68,38.7355202021848,52.60854874101168
2023-08-21 12:00:00+00:00,95.1,13.84,67.11,39.884708119929925,51.51653797325011
2023-08-21 13:00:00+00:00,95.57,33.81,74.1,56.997804178024424,66.35655326331954
2023-08-21 14:00:00+00:00,100.0,78.98,82.5,91.9612089674141,100.72342386218159
2023-08-21 15:00:00+00:00,118.67,95.1,101.69,116.75246372983821,116.27858339285923
2023-08-21 16:00:00+00:00,142.78,112.0,123.87,143.16616105708022,132.12762789226758
2023-08-21 17:00:00+00:00,186.73,128.8,177.79,168.6532903524889,152.05286685604332
2023-08-21 18:00:00+00:00,203.45,140.0,161.07,173.0416453172469,157.54908279769688
2023-08-21 19:00:00+00:00,166.35,139.54,130.86,165.51574975049573,153.2821509724893
2023-08-21 20:00:00+00:00,136.01,126.71,110.99,150.51795733795157,139.81351848745018
2023-08-21 21:00:00+00:00,115.0,111.95,101.06,136.06394727269873,125.90184467648221
2023-08-21 22:00:00+00:00,113.69,111.95,99.6,122.3455730624964,114.65873101842993
2023-08-21 23:00:00+00:00,104.94,101.67,92.65,113.94508045330196,105.9476939902037
2023-08-22 00:00:00+00:00,103.47,98.71,92.16,111.46996931053395,103.24618753554296
2023-08-22 01:00:00+00:00,103.61,95.07,89.96,111.14313567272087,101.20393176613979
2023-08-22 02:00:00+00:00,106.29,97.71,87.67,115.14527110993028,103.4223612217999
2023-08-22 03:00:00+00:00,112.51,106.22,92.71,127.06474442099324,112.7855336529503
2023-08-22 04:00:00+00:00,136.51,138.84,113.68,157.7341944038767,142.96901971309606
2023-08-22 05:00:00+00:00,150.87,160.93,135.0,172.94069176894192,162.61321436792662
2023-08-22 06:00:00+00:00,136.95,137.27,120.58,151.44174998288122,146.37634342461587
2023-08-22 07:00:00+00:00,115.91,115.13,94.7,124.88263564591153,127.28355982956947
2023-08-22 08:00:00+00:00,102.4,104.04,79.97,104.39656319227765,115.94221019818428
2023-08-22 09:00:00+00:00,99.67,96.77,73.98,88.81602535557735,107.20179497741506
2023-08-22 10:00:00+00:00,93.57,92.64,62.34,76.53499012955231,98.83185061003825
2023-08-22 11:00:00+00:00,92.58,89.96,30.98,65.50174510211107,89.41056929244459
2023-08-22 12:00:00+00:00,92.44,95.1,23.54,63.346266290102896,87.96811284629595
2023-08-22 13:00:00+00:00,97.16,95.57,45.85,68.88083095864351,90.10235585716711
2023-08-22 14:00:00+00:00,99.95,100.0,70.26,82.90452911363607,98.24889860026124
2023-08-22 15:00:00+00:00,108.94,118.67,96.02,108.86973888893473,115.53990182534594
2023-08-22 16:00:00+00:00,145.18,142.78,108.67,139.0820300328569,135.71331877052458
2023-08-22 17:00:00+00:00,192.83,186.73,126.06,176.46037431928016,170.32421012688422
2023-08-22 18:00:00+00:00,206.48,203.45,142.61,190.88190855957703,185.5345107502091
2023-08-22 19:00:00+00:00,166.3,166.35,133.04,167.31107009686536,159.01557821359333
2023-08-22 20:00:00+00:00,145.8,136.01,125.44,144.6915257565405,134.70061132203347
2023-08-22 21:00:00+00:00,127.6,115.0,107.89,126.44853811681186,115.38436350233536
2023-08-22 22:00:00+00:00,123.89,113.69,106.8,114.6043380238424,103.50998581072277
2023-08-22 23:00:00+00:00,112.67,104.94,97.45,107.08621795001169,94.87761878417083
2023-08-23 00:00:00+00:00,109.9,103.47,93.38,105.60063595828714,92.82895667464948
2023-08-23 01:00:00+00:00,106.38,103.61,94.47,107.12742867120265,92.95502789807834
2023-08-23 02:00:00+00:00,110.2,106.29,97.0,112.10077966518529,96.01323424277518
2023-08-23 03:00:00+00:00,115.11,112.51,99.5,122.32701617054322,103.53464136986146
2023-08-23 04:00:00+00:00,141.11,136.51,119.09,149.14267028127375,129.8888038068677
2023-08-23 05:00:00+00:00,162.0,150.87,146.01,161.719182061315,147.22816540130606
2023-08-23 06:00:00+00:00,157.41,136.95,129.58,142.72812318751735,135.83988403589183
2023-08-23 07:00:00+00:00,136.5,115.91,109.51,114.2369797341737,117.15836169620266
2023-08-23 08:00:00+00:00,119.85,102.4,99.31,93.42425708340046,105.45330091626019
2023-08-23 09:00:00+00:00,111.75,99.67,94.44,81.55266410475913,101.36060096499453
2023-08-23 10:00:00+00:00,102.34,93.57,91.64,70.97080460523505,94.83129456166837
2023-08-23 11:00:00+00:00,98.86,92.58,86.91,66.2524753017326,91.56456921501051
2023-08-23 12:00:00+00:00,97.55,92.44,89.83,65.70048567906991,90.16412163488536
2023-08-23 13:00:00+00:00,104.63,97.16,93.11,72.7800254938956,93.08632876423216
2023-08-23 14:00:00+00:00,117.08,99.95,97.21,82.97656511880395,95.02959947141841
2023-08-23 15:00:00+00:00,144.2,108.94,110.79,104.16538459694448,104.92928368022721
2023-08-23 16:00:00+00:00,225.5,145.18,131.22,141.97919688500087,134.54024294724167
2023-08-23 17:00:00+00:00,276.12,192.83,156.1,182.3536854860717,173.97770932225086
2023-08-23 18:00:00+00:00,291.93,206.48,160.03,192.34506002529548,185.3307133503487
2023-08-23 19:00:00+00:00,240.79,166.3,136.1,163.19625972021436,152.1111660232521
2023-08-23 20:00:00+00:00,172.82,145.8,119.9,143.49483647219338,131.88321303534235
2023-08-23 21:00:00+00:00,138.67,127.6,99.99,125.99849469963497,113.68071616724328
2023-08-23 22:00:00+00:00,133.82,123.89,104.88,119.83333534162665,106.99259037547604
2023-08-23 23:00:00+00:00,124.95,112.67,98.38,111.53964578109961,97.41757432064847
2023-08-24 00:00:00+00:00,118.05,109.9,97.95,109.60293980491119,94.98457374967042
2023-08-24 01:00:00+00:00,114.58,106.38,95.14,108.83852034845017,92.49393278126105
2023-08-24 02:00:00+00:00,121.73,110.2,95.14,113.92781562959715,95.9953520282406
2023-08-24 03:00:00+00:00,136.28,115.11,102.4,123.86226331499726,103.16894580916123
2023-08-24 04:00:00+00:00,164.9,141.11,134.72,152.3665965526543,131.73817838436906
2023-08-24 05:00:00+00:00,165.62,162.0,136.4,165.23551457744531,150.23903925346062
2023-08-24 06:00:00+00:00,163.63,157.41,134.11,153.6734773878439,147.38590212444385
2023-08-24 07:00:00+00:00,131.97,136.5,115.2,126.66634413528188,128.97249930749751
2023-08-24 08:00:00+00:00,113.51,119.85,103.07,103.37234094703261,114.12325444938162
2023-08-24 09:00:00+00:00,108.94,111.75,95.21,89.29479928616665,106.56633933436316
2023-08-24 10:00:00+00:00,108.99,102.34,91.62,79.55033944263913,97.82915586384264
2023-08-24 11:00:00+00:00,107.48,98.86,89.98,76.9466565174611,93.14478738888478
2023-08-24 12:00:00+00:00,111.39,97.55,89.98,78.07552305504007,90.25666995084661
2023-08-24 13:00:00+00:00,116.03,104.63,94.09,87.63753386163533,95.04264191089204
2023-08-24 14:00:00+00:00,122.88,117.08,100.0,102.2857654231702,103.24707933881808
2023-08-24 15:00:00+00:00,158.97,144.2,113.45,128.83439214344148,123.87118261161085
2023-08-24 16:00:00+00:00,211.78,225.5,131.92,187.0607523034429,185.90088471089751
2023-08-24 17:00:00+00:00,264.91,276.12,150.63,225.3793175474314,229.0349990290594
2023-08-24 18:00:00+00:00,249.29,291.93,145.62,234.08969241384676,242.25012099929643
2023-08-24 19:00:00+00:00,187.64,240.79,128.88,197.16520353622525,202.82461272465412
2023-08-24 20:00:00+00:00,159.27,172.82,116.63,149.8909092626975,151.92807457501232
2023-08-24 21:00:00+00:00,130.09,138.67,107.3,123.76692752674433,124.44173038597857
2023-08-24 22:00:00+00:00,105.24,133.82,105.09,123.57185436901467,124.80439813111234
2023-08-24 23:00:00+00:00,96.34,124.95,101.76,115.93677844599276,116.91870711503798
2023-08-25 00:00:00+00:00,95.71,118.05,101.03,111.50225326524559,111.40248418926377
2023-08-25 01:00:00+00:00,95.9,114.58,103.17,112.22752566722039,109.22815424048545
2023-08-25 02:00:00+00:00,96.76,121.73,101.99,119.93952523958797,115.01398134965615
2023-08-25 03:00:00+00:00,103.0,136.28,104.41,134.59260140291727,127.42794585768996
2023-08-25 04:00:00+00:00,124.22,164.9,120.8,163.29611084588225,155.16197743588071
2023-08-25 05:00:00+00:00,135.12,165.62,140.63,171.8937284933036,163.25391669927353
2023-08-25 06:00:00+00:00,139.42,163.63,122.45,166.62915558236676,161.22005222229058
2023-08-25 07:00:00+00:00,129.03,131.97,106.85,140.69692393115008,136.14677104880957
2023-08-25 08:00:00+00:00,116.67,113.51,95.85,121.1910464653161,119.91765467906916
2023-08-25 09:00:00+00:00,110.61,108.94,89.05,110.60531825555913,113.86890317127654
2023-08-25 10:00:00+00:00,101.95,108.99,86.28,104.64103890926467,110.73295203239695
2023-08-25 11:00:00+00:00,100.0,107.48,82.85,99.32243306223626,106.69314556846192
2023-08-25 12:00:00+00:00,95.58,111.39,84.16,100.8065243891065,107.29558784499554
2023-08-25 13:00:00+00:00,93.27,116.03,89.17,108.49966461380292,110.62066699375305
2023-08-25 14:00:00+00:00,100.82,122.88,95.35,119.42910782269237,116.10423580515317
2023-08-25 15:00:00+00:00,122.02,158.97,108.26,149.71158017779933,144.4770575690726
2023-08-25 16:00:00+00:00,142.0,211.78,128.0,192.43204933482656,189.18728450217753
2023-08-25 17:00:00+00:00,161.26,264.91,161.38,232.17383873782768,233.40904636088794
2023-08-25 18:00:00+00:00,151.43,249.29,150.24,221.15879389401678,221.79285136383078
2023-08-25 19:00:00+00:00,138.13,187.64,127.47,178.3309534747213,172.72708669174432
2023-08-25 20:00:00+00:00,127.89,159.27,109.29,152.515603378001,144.9982618915545
2023-08-25 21:00:00+00:00,107.89,130.09,100.23,128.87578452930902,120.01243244215631
2023-08-25 22:00:00+00:00,109.9,105.24,99.2,106.84627209820111,100.21583279755016
2023-08-25 23:00:00+00:00,104.1,96.34,95.88,97.8183771113438,91.17662785894149
2023-08-26 00:00:00+00:00,101.91,95.71,94.4,93.74820985139749,87.55318306712877
2023-08-26 01:00:00+00:00,99.52,95.9,93.64,92.00994172336556,84.52757677740547
2023-08-26 02:00:00+00:00,96.12,96.76,95.9,92.65924400914969,83.18760359322079
2023-08-26 03:00:00+00:00,93.63,103.0,95.9,96.9202581497309,85.7280357148727
2023-08-26 04:00:00+00:00,95.48,124.22,99.9,110.16236233766203,99.95825791363045
2023-08-26 05:00:00+00:00,95.9,135.12,90.21,113.4530644852212,104.82231678766925
2023-08-26 06:00:00+00:00,98.3,139.42,83.02,110.08413999654552,107.0271183977408
2023-08-26 07:00:00+00:00,92.64,129.03,79.37,94.34231975857095,97.42771591055305
2023-08-26 08:00:00+00:00,85.11,116.67,69.4,75.17865558457734,86.10736991494126
2023-08-26 09:00:00+00:00,80.38,110.61,41.83,59.18418070868079,77.78025586375645
2023-08-26 10:00:00+00:00,69.91,101.95,25.45,48.21367698143722,69.80805578779712
2023-08-26 11:00:00+00:00,46.27,100.0,14.86,44.26766313212887,66.62616474418155
2023-08-26 12:00:00+00:00,56.38,95.58,12.59,44.94443990961612,64.03520084770255
2023-08-26 13:00:00+00:00,80.53,93.27,25.01,54.00952734852978,66.20099741439915
2023-08-26 14:00:00+00:00,86.87,100.82,74.42,76.76339600679677,80.42410989858308
2023-08-26 15:00:00+00:00,95.0,122.02,100.45,107.9617322889288,104.18851020837388
2023-08-26 16:00:00+00:00,103.76,142.0,115.46,136.73299853193646,126.65954528276431
2023-08-26 17:00:00+00:00,123.82,161.26,130.15,157.22314872098974,146.35252470487168
2023-08-26 18:00:00+00:00,132.21,151.43,129.19,150.4603289658462,138.71539371589762
2023-08-26 19:00:00+00:00,135.02,138.13,132.53,138.8701492929782,126.53901967902895
2023-08-26 20:00:00+00:00,122.98,127.89,123.71,127.75955985254572,116.33601605609627
2023-08-26 21:00:00+00:00,110.63,107.89,112.54,110.82025515104243,98.14931437615174
2023-08-26 22:00:00+00:00,102.39,109.9,113.99,113.94781910846862,104.12613699915138
2023-08-26 23:00:00+00:00,98.31,104.1,110.59,107.24122789718139,97.15456091096209
2023-08-27 00:00:00+00:00,96.91,101.91,105.17,102.87651999736569,92.4050647794004
2023-08-27 01:00:00+00:00,96.0,99.52,105.02,99.67864408636359,87.7371323435566
2023-08-27 02:00:00+00:00,99.16,96.12,103.01,96.66449716181056,82.18376119593147
2023-08-27 03:00:00+00:00,98.07,93.63,104.61,94.63902414976991,77.60070562493263
2023-08-27 04:00:00+00:00,99.16,95.48,104.72,95.79698979753437,77.26515296756119
2023-08-27 05:00:00+00:00,96.32,95.9,99.69,93.55840654244767,75.4926055990123
2023-08-27 06:00:00+00:00,94.1,98.3,98.99,93.211004208414,77.43583183608348
2023-08-27 07:00:00+00:00,94.92,92.64,86.62,87.55476771326605,71.95501893285225
2023-08-27 08:00:00+00:00,93.24,85.11,73.31,80.40603075836401,64.61792721586926
2023-08-27 09:00:00+00:00,93.98,80.38,44.0,73.92989062617832,57.61700207766854
2023-08-27 10:00:00+00:00,93.26,69.91,19.23,64.85865368130351,47.036518758313285
2023-08-27 11:00:00+00:00,87.6,46.27,13.25,52.0193309584075,30.828022581116713
2023-08-27 12:00:00+00:00,87.87,56.38,13.84,57.87302444591527,38.198565365882175
2023-08-27 13:00:00+00:00,89.06,80.53,33.81,74.03921838273608,57.870914111730116
2023-08-27 14:00:00+00:00,96.33,86.87,78.98,86.47971120971982,70.68526688127304
2023-08-27 15:00:00+00:00,105.62,95.0,95.1,101.11987046374995,84.69933523897095
2023-08-27 16:00:00+00:00,119.94,103.76,112.0,116.59332288169315,99.50918614421897
2023-08-27 17:00:00+00:00,129.13,123.82,128.8,133.89285595806268,119.82050570202011
2023-08-27 18:00:00+00:00,125.08,132.21,140.0,140.88171510360166,129.54277135659453
2023-08-27 19:00:00+00:00,127.14,135.02,139.54,139.70942050439595,132.49233331460047
2023-08-27 20:00:00+00:00,119.0,122.98,126.71,127.32560280917784,122.64707609328855
2023-08-27 21:00:00+00:00,102.99,110.63,111.95,112.72824732031842,109.92250585647263
2023-08-27 22:00:00+00:00,93.31,102.39,111.95,103.47551479755093,112.71861538414187
2023-08-27 23:00:00+00:00,88.52,98.31,101.67,97.69198753182279,107.974612039133
2023-08-28 00:00:00+00:00,85.0,96.91,98.71,95.81739896796535,106.32549245294473
2023-08-28 01:00:00+00:00,80.66,96.0,95.07,97.75974852456058,106.0095422742402
2023-08-28 02:00:00+00:00,85.24,99.16,97.71,104.96053712254887,109.96575596410634
2023-08-28 03:00:00+00:00,93.35,98.07,106.22,114.2400327383673,113.55353265648408
2023-08-28 04:00:00+00:00,111.18,99.16,138.84,132.31112601157065,124.43853333452432
2023-08-28 05:00:00+00:00,140.51,96.32,160.93,140.5185978948793,128.3020051990601
2023-08-28 06:00:00+00:00,145.66,94.1,137.27,139.3881247303441,126.05780242153051
2023-08-28 07:00:00+00:00,124.55,94.92,115.13,135.33058713142535,123.28016590395785
2023-08-28 08:00:00+00:00,116.58,93.24,104.04,130.92341369030314,120.14620668047431
2023-08-28 09:00:00+00:00,114.86,93.98,96.77,128.0537257464202,118.11600370650389
2023-08-28 10:00:00+00:00,105.07,93.26,92.64,124.97157354747387,114.66364348228458
2023-08-28 11:00:00+00:00,100.25,87.6,89.96,118.4641948304886,106.13443637444482
2023-08-28 12:00:00+00:00,100.59,87.87,95.1,117.77729702929417,104.96464215149204
2023-08-28 13:00:00+00:00,117.58,89.06,95.57,120.60811962215661,106.4231067382222
2023-08-28 14:00:00+00:00,116.47,96.33,100.0,126.62924315543096,111.16932227780501
2023-08-28 15:00:00+00:00,150.15,105.62,118.67,138.77066502414925,121.40389696307393
2023-08-28 16:00:00+00:00,162.85,119.94,142.78,153.396934320862,135.50029744126752
2023-08-28 17:00:00+00:00,174.96,129.13,186.73,166.6311605996687,149.727404551104
2023-08-28 18:00:00+00:00,166.73,125.08,203.45,164.62996114502388,149.73503723095928
2023-08-28 19:00:00+00:00,142.4,127.14,166.35,156.42342019967924,145.90358353622577
2023-08-28 20:00:00+00:00,123.72,119.0,136.01,142.04545002490946,133.8499826283822
2023-08-28 21:00:00+00:00,107.94,102.99,115.0,125.51526873477533,117.68745968449834
2023-08-28 22:00:00+00:00,103.09,93.31,113.69,103.74491115803644,96.174623966724
2023-08-28 23:00:00+00:00,96.97,88.52,104.94,98.51331991969887,91.13300030323924
2023-08-29 00:00:00+00:00,95.04,85.0,103.47,96.08437229572834,88.27990647249057
2023-08-29 01:00:00+00:00,95.04,80.66,103.61,95.71919156627403,85.86179913650956
2023-08-29 02:00:00+00:00,95.05,85.24,106.29,102.96774032368273,91.18336967685435
2023-08-29 03:00:00+00:00,98.81,93.35,112.51,115.01499682529706,100.43322944035789
2023-08-29 04:00:00+00:00,121.88,111.18,136.51,138.09449693923568,120.93843969193641
2023-08-29 05:00:00+00:00,147.16,140.51,150.87,164.47092985443055,147.51299799803397
2023-08-29 06:00:00+00:00,168.78,145.66,136.95,169.3460441188768,151.88447986501464
2023-08-29 07:00:00+00:00,150.84,124.55,115.91,155.05957548850296,135.25836797680677
2023-08-29 08:00:00+00:00,131.77,116.58,102.4,146.05050359492975,127.30617862074206
2023-08-29 09:00:00+00:00,116.98,114.86,99.67,141.09617828685762,124.5273382952881
2023-08-29 10:00:00+00:00,111.19,105.07,93.57,132.55695090093505,115.57704269484778
2023-08-29 11:00:00+00:00,102.85,100.25,92.58,127.46152952483554,109.83997718626844
2023-08-29 12:00:00+00:00,100.15,100.59,92.44,124.46852236420624,107.47880702440428
2023-08-29 13:00:00+00:00,107.64,117.58,97.16,133.009139768465,117.82920327356754
2023-08-29 14:00:00+00:00,114.09,116.47,99.95,133.47587306738342,116.57977136517432
2023-08-29 15:00:00+00:00,140.63,150.15,108.94,157.33578166396055,142.55059117242746
2023-08-29 16:00:00+00:00,155.85,162.85,145.18,173.39379706575284,158.29306235490057
2023-08-29 17:00:00+00:00,171.81,174.96,192.83,188.78142532646893,174.61452074222208
2023-08-29 18:00:00+00:00,162.5,166.73,206.48,184.81841833476517,170.78884005057853
2023-08-29 19:00:00+00:00,136.68,142.4,166.3,163.41220156847564,149.09111310252572
2023-08-29 20:00:00+00:00,122.08,123.72,145.8,144.68184054676624,131.20699422000916
2023-08-29 21:00:00+00:00,102.81,107.94,127.6,128.0535106703782,115.17693409370746
2023-08-29 22:00:00+00:00,100.12,103.09,123.89,113.5157156800724,98.94350065933386
2023-08-29 23:00:00+00:00,98.6,96.97,112.67,105.9531258466261,91.83335614650719
2023-08-30 00:00:00+00:00,96.36,95.04,109.9,102.9477304681949,89.20284589753783
2023-08-30 01:00:00+00:00,94.57,95.04,106.38,102.78857386472727,88.4937169393645
2023-08-30 02:00:00+00:00,96.81,95.05,110.2,106.40737286036385,90.54356420331442
2023-08-30 03:00:00+00:00,97.68,98.81,115.11,115.48822022075096,97.23081346212278
2023-08-30 04:00:00+00:00,128.15,121.88,141.11,141.53459020180776,122.86728568386259
2023-08-30 05:00:00+00:00,144.13,147.16,162.0,158.16433193989377,145.54989106148318
2023-08-30 06:00:00+00:00,139.91,168.78,157.41,164.13076661393103,160.74838644641486
2023-08-30 07:00:00+00:00,124.7,150.84,136.5,141.93732998207747,143.63059484272156
2023-08-30 08:00:00+00:00,110.29,131.77,119.85,120.33205126351697,127.75977179247565
2023-08-30 09:00:00+00:00,99.3,116.98,111.75,104.65711541692022,115.82718928319092
2023-08-30 10:00:00+00:00,97.74,111.19,102.34,96.3210157881923,108.99345005171519
2023-08-30 11:00:00+00:00,95.58,102.85,98.86,88.65154074777648,100.28969000236283
2023-08-30 12:00:00+00:00,94.1,100.15,97.55,85.93062713222639,95.66280230336076
2023-08-30 13:00:00+00:00,96.65,107.64,104.63,94.31080713247361,101.51244581645554
2023-08-30 14:00:00+00:00,95.74,114.09,117.08,104.89414610290677,106.81538393604612
2023-08-30 15:00:00+00:00,115.33,140.63,144.2,134.9341591224303,132.34613117056819
2023-08-30 16:00:00+00:00,139.92,155.85,225.5,165.0854395526036,155.90798866282125
2023-08-30 17:00:00+00:00,169.01,171.81,276.12,185.8715916290214,175.0921244629322
2023-08-30 18:00:00+00:00,168.09,162.5,291.93,180.66876239874742,170.3811554786268
2023-08-30 19:00:00+00:00,134.4,136.68,240.79,153.16875694312216,143.7033554219175
2023-08-30 20:00:00+00:00,119.49,122.08,172.82,127.27374865486857,121.30059053063846
2023-08-30 21:00:00+00:00,101.59,102.81,138.67,105.44900166599163,101.07518134014127
2023-08-30 22:00:00+00:00,96.31,100.12,133.82,92.90800264602794,93.30722325671901
2023-08-30 23:00:00+00:00,91.76,98.6,124.95,88.20116502840489,89.72636767582941
2023-08-31 00:00:00+00:00,91.43,96.36,118.05,85.23051820513587,86.83999687650743
2023-08-31 01:00:00+00:00,90.81,94.57,114.58,85.01661035609526,85.38905691440672
2023-08-31 02:00:00+00:00,88.47,96.81,121.73,90.19100365576168,88.7522339990866
2023-08-31 03:00:00+00:00,91.43,97.68,136.28,98.90262612975272,94.1990453292006
2023-08-31 04:00:00+00:00,105.41,128.15,164.9,129.60994583591165,125.28090763867519
2023-08-31 05:00:00+00:00,141.51,144.13,165.62,143.3320920451498,141.57240842242078
2023-08-31 06:00:00+00:00,127.72,139.91,163.63,136.0510793063685,141.11162976447991
2023-08-31 07:00:00+00:00,114.13,124.7,131.97,113.64945619473912,125.60537172954413
2023-08-31 08:00:00+00:00,96.87,110.29,113.51,93.05541913658169,111.92498388747133
2023-08-31 09:00:00+00:00,92.0,99.3,108.94,77.89882811327507,102.12252609756082
2023-08-31 10:00:00+00:00,90.06,97.74,108.99,69.95901605129777,98.6328148869993
2023-08-31 11:00:00+00:00,88.04,95.58,107.48,63.47145154209605,93.9846665604509
2023-08-31 12:00:00+00:00,86.26,94.1,111.39,61.065972025715276,91.24894992744937
2023-08-31 13:00:00+00:00,87.01,96.65,116.03,66.2840701221673,92.90189232239969
2023-08-31 14:00:00+00:00,89.01,95.74,122.88,74.04340915055695,93.16592408583989
2023-08-31 15:00:00+00:00,99.72,115.33,158.97,102.89970653780041,114.4685235601367
2023-08-31 16:00:00+00:00,119.05,139.92,211.78,136.63413672446563,140.12115175295554
2023-08-31 17:00:00+00:00,148.55,169.01,264.91,166.95584984563868,168.14908399715043
2023-08-31 18:00:00+00:00,139.15,168.09,249.29,162.94115625704495,164.4480696941518
2023-08-31 19:00:00+00:00,125.5,134.4,187.64,129.3912035262038,130.27012762811162
2023-08-31 20:00:00+00:00,106.03,119.49,159.27,109.56172856494064,113.08382111526194
2023-08-31 21:00:00+00:00,96.89,101.59,130.09,89.72160898074173,93.89463701404378
2023-08-31 22:00:00+00:00,98.9,96.31,105.24,83.64647189436437,88.61526272839589
2023-08-31 23:00:00+00:00,95.97,91.76,96.34,78.69892152734722,83.39054037727107
2023-09-01 00:00:00+00:00,93.29,91.43,95.71,78.52415520488776,82.32565832887647
2023-09-01 01:00:00+00:00,93.07,90.81,95.9,80.22626034834492,81.74473046550857
2023-09-01 02:00:00+00:00,94.08,88.47,96.76,83.59114835359333,81.61430196147519
2023-09-01 03:00:00+00:00,97.2,91.43,103.0,93.30282654742409,87.25930473146623
2023-09-01 04:00:00+00:00,112.04,105.41,124.22,115.89387326404025,106.85746245350579
2023-09-01 05:00:00+00:00,128.43,141.51,135.12,143.10378754612685,137.00278905450827
2023-09-01 06:00:00+00:00,129.43,127.72,139.42,135.7749429330396,129.18627631290067
2023-09-01 07:00:00+00:00,111.3,114.13,129.03,122.57965494459928,117.03534251005888
2023-09-01 08:00:00+00:00,102.22,96.87,116.67,105.94429610417218,102.05805091421446
2023-09-01 09:00:00+00:00,96.52,92.0,110.61,95.53815914657207,94.98673466410983
2023-09-01 10:00:00+00:00,92.02,90.06,101.95,88.96206747187571,90.86365090697836
2023-09-01 11:00:00+00:00,88.9,88.04,100.0,84.6510572733051,87.32302921311629
2023-09-01 12:00:00+00:00,89.23,86.26,95.58,82.88265448272557,84.19551314938143
2023-09-01 13:00:00+00:00,92.02,87.01,93.27,85.90581207840789,84.05413043093574
2023-09-01 14:00:00+00:00,96.57,89.01,100.82,92.83985279773863,86.3512045819671
2023-09-01 15:00:00+00:00,107.61,99.72,122.02,111.50797570758895,99.42802800608274
2023-09-01 16:00:00+00:00,127.15,119.05,142.0,132.65991983469667,116.76132459636311
2023-09-01 17:00:00+00:00,151.52,148.55,161.26,154.48992549161918,140.44050987720948
2023-09-01 18:00:00+00:00,147.34,139.15,151.43,146.1063125486706,132.24931931577345
2023-09-01 19:00:00+00:00,127.7,125.5,138.13,130.51295839321455,117.40136492869
2023-09-01 20:00:00+00:00,118.56,106.03,127.89,111.93115782553221,99.39194660516632
2023-09-01 21:00:00+00:00,114.65,96.89,107.89,98.71954977089516,87.26833966148472
2023-09-01 22:00:00+00:00,107.46,98.9,109.9,99.44693363960069,87.40232371035906
2023-09-01 23:00:00+00:00,102.7,95.97,104.1,94.14279381202573,82.05364405558632
2023-09-02 00:00:00+00:00,100.0,93.29,101.91,89.76096103638947,76.91273185512549
2023-09-02 01:00:00+00:00,95.9,93.07,99.52,87.93068006566669,73.37673474395673
2023-09-02 02:00:00+00:00,96.4,94.08,96.12,87.3589001365908,70.27869747277575
2023-09-02 03:00:00+00:00,100.2,97.2,93.63,89.29094430786947,69.31509487912774
2023-09-02 04:00:00+00:00,101.02,112.04,95.48,99.14590623739777,77.9915182916942
2023-09-02 05:00:00+00:00,101.09,128.43,95.9,106.02320385037403,88.89674122494002
2023-09-02 06:00:00+00:00,100.22,129.43,98.3,99.77764066607365,88.59131554886511
2023-09-02 07:00:00+00:00,94.58,111.3,92.64,79.40912504124515,74.20020926691069
2023-09-02 08:00:00+00:00,89.77,102.22,85.11,61.87907053156258,64.5162840726918
2023-09-02 09:00:00+00:00,79.9,96.52,80.38,50.95298846023955,59.40508491265343
2023-09-02 10:00:00+00:00,76.0,92.02,69.91,42.90160610447755,54.62648575249273
2023-09-02 11:00:00+00:00,62.99,88.9,46.27,35.021504049105204,47.99351159138449
2023-09-02 12:00:00+00:00,55.35,89.23,56.38,35.97810895631646,48.90295099478855
2023-09-02 13:00:00+00:00,69.4,92.02,80.53,45.45212171195692,55.54512926339208
2023-09-02 14:00:00+00:00,80.01,96.57,86.87,59.32400849295074,62.58339596295476
2023-09-02 15:00:00+00:00,93.45,107.61,95.0,81.89788553826624,75.98081752945359
2023-09-02 16:00:00+00:00,110.0,127.15,103.76,110.55429326640765,96.20330784879245
2023-09-02 17:00:00+00:00,121.79,151.52,123.82,134.9375824244586,120.45816592483982
2023-09-02 18:00:00+00:00,126.8,147.34,132.21,134.42158189647586,120.94736213863538
2023-09-02 19:00:00+00:00,115.19,127.7,135.02,120.28867404136908,107.89902567787324
2023-09-02 20:00:00+00:00,105.64,118.56,122.98,108.81614516985991,98.48885281036635
2023-09-02 21:00:00+00:00,97.34,114.65,110.63,100.29059353132955,92.35927416993255
2023-09-02 22:00:00+00:00,105.28,107.46,102.39,98.93355162949752,93.04951882432573
2023-09-02 23:00:00+00:00,101.03,102.7,98.31,92.89631862210872,87.00185411735056
2023-09-03 00:00:00+00:00,101.94,100.0,96.91,88.20676796868382,81.94081236469108
2023-09-03 01:00:00+00:00,101.64,95.9,96.0,83.89332628441187,76.0145687530209
2023-09-03 02:00:00+00:00,100.37,96.4,99.16,82.85423414455109,73.42522979546901
2023-09-03 03:00:00+00:00,99.03,100.2,98.07,84.37605576923778,73.15697359976116
2023-09-03 04:00:00+00:00,98.18,101.02,99.16,85.47759523780832,71.92088982407438
2023-09-03 05:00:00+00:00,94.43,101.09,96.32,82.69580850132974,69.85520115364626
2023-09-03 06:00:00+00:00,89.54,100.22,94.1,76.68783824401937,68.5686094573166
2023-09-03 07:00:00+00:00,82.8,94.58,94.92,64.72635919143087,63.58552751894636
2023-09-03 08:00:00+00:00,60.3,89.77,93.24,52.45717396548608,60.02664194731274
2023-09-03 09:00:00+00:00,43.43,79.9,93.98,39.84431325531404,53.30143742810867
2023-09-03 10:00:00+00:00,21.37,76.0,93.26,32.308646721722056,50.049086545276715
2023-09-03 11:00:00+00:00,11.33,62.99,87.6,22.861412529862307,40.77813662755521
2023-09-03 12:00:00+00:00,4.94,55.35,87.87,20.449964090190363,36.88949445968409
2023-09-03 13:00:00+00:00,15.71,69.4,89.06,35.598942418303125,49.3710980842188
2023-09-03 14:00:00+00:00,53.66,80.01,96.33,52.931640081914594,60.16363583188735
2023-09-03 15:00:00+00:00,94.43,93.45,105.62,78.92062125979083,75.92945540769625
2023-09-03 16:00:00+00:00,110.03,110.0,119.94,109.12696170272542,96.33389006204246
2023-09-03 17:00:00+00:00,125.19,121.79,129.13,125.6426065961227,110.56031475175519
2023-09-03 18:00:00+00:00,138.59,126.8,125.08,129.6455597607648,116.78692387742194
2023-09-03 19:00:00+00:00,119.32,115.19,127.14,119.80198074129723,109.04977678047756
2023-09-03 20:00:00+00:00,109.83,105.64,119.0,108.3337653885941,100.33055832033166
2023-09-03 21:00:00+00:00,101.17,97.34,102.99,96.06562039432907,90.50188339287058
2023-09-03 22:00:00+00:00,100.85,105.28,93.31,101.54999632442734,102.99542889822507
2023-09-03 23:00:00+00:00,94.49,101.03,88.52,97.18143046908196,98.78284623928626
2023-09-04 00:00:00+00:00,93.14,101.94,85.0,96.95508416730671,98.68358831119885
2023-09-04 01:00:00+00:00,93.59,101.64,80.66,98.09203323752165,98.24808606625949
2023-09-04 02:00:00+00:00,93.19,100.37,85.24,102.73764412956041,99.98034747631516
2023-09-04 03:00:00+00:00,103.38,99.03,93.35,110.4499026065819,103.68235168817137
2023-09-04 04:00:00+00:00,127.33,98.18,111.18,123.47897426859691,111.43529890927867
2023-09-04 05:00:00+00:00,144.33,94.43,140.51,128.2440494705399,116.6951230882409
2023-09-04 06:00:00+00:00,129.92,89.54,145.66,116.759821366344,115.6512915336773
2023-09-04 07:00:00+00:00,109.36,82.8,124.55,94.7272095454108,107.09706100351119
2023-09-04 08:00:00+00:00,92.88,60.3,116.58,69.41605371675735,90.45940664025787
2023-09-04 09:00:00+00:00,82.07,43.43,114.86,51.93378632347554,78.59097222936295
2023-09-04 10:00:00+00:00,77.65,21.37,105.07,35.21121623888811,62.77584796545896
2023-09-04 11:00:00+00:00,72.51,11.33,100.25,26.665949535434123,53.2242058070615
2023-09-04 12:00:00+00:00,72.04,4.94,100.59,24.76524450642833,47.389770680900725
2023-09-04 13:00:00+00:00,80.4,15.71,117.58,40.21807395314807,57.76078181352264
2023-09-04 14:00:00+00:00,90.97,53.66,116.47,71.45372618340366,83.59095896003336
2023-09-04 15:00:00+00:00,109.58,94.43,150.15,115.52756588624277,117.99475228671142
2023-09-04 16:00:00+00:00,138.44,110.03,162.85,143.37547984378836,133.36182077699618
2023-09-04 17:00:00+00:00,198.28,125.19,174.96,159.91799571202532,147.65279850502733
2023-09-04 18:00:00+00:00,172.77,138.59,166.73,162.5029621012107,156.85573097212009
2023-09-04 19:00:00+00:00,124.95,119.32,142.4,140.12869511219375,138.6041638041607
2023-09-04 20:00:00+00:00,105.01,109.83,123.72,123.24818147581777,126.46983931115544
2023-09-04 21:00:00+00:00,95.56,101.17,107.94,109.76211949113966,115.96533010949062
2023-09-04 22:00:00+00:00,94.48,100.85,103.09,93.2203036387206,103.97687441648429
2023-09-04 23:00:00+00:00,92.13,94.49,96.97,87.67097462596034,98.09604000932364
2023-09-05 00:00:00+00:00,91.34,93.14,95.04,87.42388795773356,96.72742360712033
2023-09-05 01:00:00+00:00,91.08,93.59,95.04,90.71349314544847,97.54844105354324
2023-09-05 02:00:00+00:00,91.65,93.19,95.05,95.35417441708204,98.45755062988339
2023-09-05 03:00:00+00:00,95.6,103.38,98.81,109.00838410212452,108.72292026089619
2023-09-05 04:00:00+00:00,120.0,127.33,121.88,137.13310629156797,134.08760155662586
2023-09-05 05:00:00+00:00,126.0,144.33,147.16,151.36108028188852,151.06701723193632
2023-09-05 06:00:00+00:00,118.16,129.92,168.78,137.28774841635553,144.63753579647326
2023-09-05 07:00:00+00:00,97.78,109.36,150.84,110.72526202005923,126.80314086295712
2023-09-05 08:00:00+00:00,88.0,92.88,131.77,87.508787151899,110.70983085560896
2023-09-05 09:00:00+00:00,81.85,82.07,116.98,71.10157573292837,99.53399975077043
2023-09-05 10:00:00+00:00,75.9,77.65,111.19,61.50144119584801,92.50208890197626
2023-09-05 11:00:00+00:00,75.05,72.51,102.85,52.91066323105114,83.88457149596834
2023-09-05 12:00:00+00:00,77.13,72.04,100.15,50.52430892744601,78.95974407415821
2023-09-05 13:00:00+00:00,83.0,80.4,107.64,60.22192546036175,83.58237088665511
2023-09-05 14:00:00+00:00,88.51,90.97,114.09,77.85802283397021,92.6363264561071
2023-09-05 15:00:00+00:00,103.26,109.58,140.63,110.26830048235139,112.81207067972785
2023-09-05 16:00:00+00:00,129.1,138.44,155.85,145.7044638489677,137.5398173351599
2023-09-05 17:00:00+00:00,184.87,198.28,171.81,188.47934437088378,184.1019396356014
2023-09-05 18:00:00+00:00,154.53,172.77,162.5,171.2424782710728,167.99966925982113
2023-09-05 19:00:00+00:00,121.95,124.95,136.68,133.52024609205378,129.7522842462463
2023-09-05 20:00:00+00:00,107.61,105.01,122.08,111.87993316775732,110.72660841951156
2023-09-05 21:00:00+00:00,96.03,95.56,102.81,98.99476713710693,99.15759104656567
2023-09-05 22:00:00+00:00,88.89,94.48,100.12,88.08346842378495,87.21916536946047
2023-09-05 23:00:00+00:00,85.52,92.13,98.6,86.39931931449883,84.20177235711986
2023-09-06 00:00:00+00:00,90.53,91.34,96.36,86.91330393668343,83.0111767116386
2023-09-06 01:00:00+00:00,92.12,91.08,94.57,90.24498010207715,83.16643996466144
2023-09-06 02:00:00+00:00,92.48,91.65,96.81,95.66607466670594,84.69486857406272
2023-09-06 03:00:00+00:00,102.98,95.6,97.68,105.93913323829844,90.97021125151676
2023-09-06 04:00:00+00:00,122.71,120.0,128.15,135.18879611302478,118.66279839297914
2023-09-06 05:00:00+00:00,141.99,126.0,144.13,141.56958611020838,128.00457300381623
2023-09-06 06:00:00+00:00,119.19,118.16,139.91,124.65211183565997,121.89511914463445
2023-09-06 07:00:00+00:00,97.73,97.78,124.7,95.23877247507566,104.1235041332846
2023-09-06 08:00:00+00:00,88.65,88.0,110.29,74.3100539912626,93.6235086251106
2023-09-06 09:00:00+00:00,82.1,81.85,99.3,59.280596406903534,86.37432705572013
2023-09-06 10:00:00+00:00,75.17,75.9,97.74,49.17660259120066,80.57608385787123
2023-09-06 11:00:00+00:00,73.43,75.05,95.58,44.8996012979993,77.49827660940366
2023-09-06 12:00:00+00:00,75.48,77.13,94.1,45.69797794419751,76.49049246391827
2023-09-06 13:00:00+00:00,82.5,83.0,96.65,55.561294972883516,80.53220063433818
2023-09-06 14:00:00+00:00,91.44,88.51,95.74,68.98669597218287,83.84680951827303
2023-09-06 15:00:00+00:00,105.87,103.26,115.33,96.06501204408534,98.22421298457706
2023-09-06 16:00:00+00:00,145.83,129.1,139.92,129.49988886897182,122.2751888185156
2023-09-06 17:00:00+00:00,189.83,184.87,169.01,168.76878577348742,168.90174201278234
2023-09-06 18:00:00+00:00,166.04,154.53,168.09,145.19302539333796,147.11287478109435
2023-09-06 19:00:00+00:00,123.13,121.95,134.4,111.8058751712688,116.3040061107225
2023-09-06 20:00:00+00:00,105.5,107.61,119.49,92.51202447723122,100.97703662509933
2023-09-06 21:00:00+00:00,95.72,96.03,101.59,77.72902847072571,88.05070272503535
2023-09-06 22:00:00+00:00,95.42,88.89,96.31,68.39085834007122,77.1968204073343
2023-09-06 23:00:00+00:00,91.37,85.52,91.76,65.52567335000222,73.37312091409574
2023-09-07 00:00:00+00:00,89.08,90.53,91.43,69.17429005154459,76.34138314328655
2023-09-07 01:00:00+00:00,84.01,92.12,90.81,73.08471370943371,77.75714427293651
2023-09-07 02:00:00+00:00,87.84,92.48,88.47,77.52682757105833,78.80020121363422
2023-09-07 03:00:00+00:00,92.09,102.98,91.43,90.30567907775136,88.93155473302465
2023-09-07 04:00:00+00:00,116.02,122.71,105.41,114.3020363102154,111.42183012368615
2023-09-07 05:00:00+00:00,130.0,141.99,141.51,130.69557222661945,132.38707663662427
2023-09-07 06:00:00+00:00,126.0,119.19,127.72,105.86686045135016,115.58521877698044
2023-09-07 07:00:00+00:00,102.68,97.73,114.13,79.27752090890907,97.36802984241956
2023-09-07 08:00:00+00:00,88.22,88.65,96.87,61.90176799908008,87.668437978439
2023-09-07 09:00:00+00:00,82.7,82.1,92.0,48.14506564260207,81.43566888226042
2023-09-07 10:00:00+00:00,73.53,75.17,90.06,36.38772556574805,74.64636612376756
2023-09-07 11:00:00+00:00,65.2,73.43,88.04,30.808225034536036,71.15961739161986
2023-09-07 12:00:00+00:00,70.18,75.48,86.26,30.98358616410188,70.54215047710998
2023-09-07 13:00:00+00:00,82.0,82.5,87.01,39.940388153857775,75.04558161385508
2023-09-07 14:00:00+00:00,88.3,91.44,89.01,53.522292313980174,80.63543320291386
2023-09-07 15:00:00+00:00,103.14,105.87,99.72,77.65724392757716,93.43353883158285
2023-09-07 16:00:00+00:00,133.53,145.83,119.05,117.03819908949465,126.04069564787785
2023-09-07 17:00:00+00:00,167.27,189.83,148.55,148.4915433415153,164.54837079976807
2023-09-07 18:00:00+00:00,146.73,166.04,139.15,128.43363485497096,146.6323673959729
2023-09-07 19:00:00+00:00,118.0,123.13,125.5,94.43813756705454,112.1712052465495
2023-09-07 20:00:00+00:00,101.4,105.5,106.03,75.78767296771136,94.2808803461322
2023-09-07 21:00:00+00:00,88.95,95.72,96.89,65.99432387268644,83.84664455188761
2023-09-07 22:00:00+00:00,84.62,95.42,98.9,70.54267593390108,87.0126745579379
2023-09-07 23:00:00+00:00,81.52,91.37,95.97,68.93480128467478,82.87105072019943
2023-09-08 00:00:00+00:00,82.06,89.08,93.29,69.68997059698408,80.95083728651367
2023-09-08 01:00:00+00:00,82.1,84.01,93.07,71.19088625526753,77.99217854400253
2023-09-08 02:00:00+00:00,87.42,87.84,94.08,79.12944477889124,81.79489153982733
2023-09-08 03:00:00+00:00,93.55,92.09,97.2,90.2609850002008,88.34913166668511
2023-09-08 04:00:00+00:00,112.89,116.02,112.04,117.98552877752961,113.3910001259728
2023-09-08 05:00:00+00:00,133.76,130.0,128.43,131.07778384860998,128.84305101053172
2023-09-08 06:00:00+00:00,122.52,126.0,129.43,120.047305937016,125.98501655075795
2023-09-08 07:00:00+00:00,100.18,102.68,111.3,92.70507129905411,105.7498387680655
2023-09-08 08:00:00+00:00,89.87,88.22,102.22,72.16747918264032,92.97827971238445
2023-09-08 09:00:00+00:00,82.48,82.7,96.52,59.14709521097264,86.77260673932395
2023-09-08 10:00:00+00:00,75.1,73.53,92.02,47.383176888737296,77.9542547818128
2023-09-08 11:00:00+00:00,70.91,65.2,88.9,39.5498492585292,69.70580912509462
2023-09-08 12:00:00+00:00,72.57,70.18,89.23,43.17122723948673,71.2791379250704
2023-09-08 13:00:00+00:00,80.23,82.0,92.02,57.25014149198518,79.49074719051072
2023-09-08 14:00:00+00:00,88.41,88.3,96.57,72.74074575653837,84.15153679605824
2023-09-08 15:00:00+00:00,107.9,103.14,107.61,99.26742013454663,97.05706700578426
2023-09-08 16:00:00+00:00,171.82,133.53,127.15,135.25920059423933,123.73075171526074
2023-09-08 17:00:00+00:00,230.0,167.27,151.52,161.41952988460957,152.52376392101323
2023-09-08 18:00:00+00:00,195.55,146.73,147.34,145.47187858515932,137.3913434071603
2023-09-08 19:00:00+00:00,132.08,118.0,127.7,118.56079180846888,111.02011511764529
2023-09-08 20:00:00+00:00,113.93,101.4,118.56,100.66173696011401,95.1518797230789
2023-09-08 21:00:00+00:00,105.98,88.95,114.65,88.19134485268538,83.7130758585692
2023-09-08 22:00:00+00:00,105.2,84.62,107.46,83.5235256406363,77.42726110348069
2023-09-08 23:00:00+00:00,102.47,81.52,102.7,79.07521868675722,72.1198229873955
2023-09-09 00:00:00+00:00,100.01,82.06,100.0,77.89719062763524,69.44538401695053
2023-09-09 01:00:00+00:00,100.0,82.1,95.9,77.24075955240428,65.81595848291543
2023-09-09 02:00:00+00:00,100.85,87.42,96.4,80.20845337974069,66.30501094550888
2023-09-09 03:00:00+00:00,101.33,93.55,100.2,85.12148912377884,68.29347898634569
2023-09-09 04:00:00+00:00,103.83,112.89,101.02,98.31103845180316,80.86930726334707
2023-09-09 05:00:00+00:00,104.04,133.76,101.09,107.55270874778809,94.28803467808649
2023-09-09 06:00:00+00:00,96.09,122.52,100.22,90.46438442219471,86.10029965944224
2023-09-09 07:00:00+00:00,89.77,100.18,94.58,62.96193303787857,68.37983570528105
2023-09-09 08:00:00+00:00,78.79,89.87,89.77,43.8396331629389,58.910166623011015
2023-09-09 09:00:00+00:00,65.53,82.48,79.9,29.563700688944024,51.73486910232278
2023-09-09 10:00:00+00:00,20.52,75.1,76.0,19.419654574099553,44.903689932746445
2023-09-09 11:00:00+00:00,5.19,70.91,62.99,13.267247072719343,38.8587202381082
2023-09-09 12:00:00+00:00,10.39,72.57,55.35,16.534058857136372,39.53640785369958
2023-09-09 13:00:00+00:00,57.89,80.23,69.4,32.10068316520419,49.14357586912063
2023-09-09 14:00:00+00:00,78.8,88.41,80.01,51.19502973371968,58.39081785646768
2023-09-09 15:00:00+00:00,97.75,107.9,93.45,83.5878262628965,78.56459266605775
2023-09-09 16:00:00+00:00,121.3,171.82,110.0,141.20222711401786,130.94501717281307
2023-09-09 17:00:00+00:00,154.21,230.0,121.79,185.6304169307548,179.0479056578724
2023-09-09 18:00:00+00:00,156.51,195.55,126.8,169.4947585339932,159.25674976141698
2023-09-09 19:00:00+00:00,131.78,132.08,115.19,129.47059649515876,113.44765202095444
2023-09-09 20:00:00+00:00,110.9,113.93,105.64,113.74253621775358,98.32727978971465
2023-09-09 21:00:00+00:00,103.16,105.98,97.34,103.64307577577402,89.57330019068884
2023-09-09 22:00:00+00:00,105.85,105.2,105.28,107.33180152631964,95.8551938042082
2023-09-09 23:00:00+00:00,104.33,102.47,101.03,102.22510156977992,90.85368221707655
2023-09-10 00:00:00+00:00,103.63,100.01,101.94,98.69691846067965,86.50080096366719
2023-09-10 01:00:00+00:00,100.79,100.0,101.64,97.26252634308159,83.39148087214767
2023-09-10 02:00:00+00:00,96.81,100.85,100.37,96.87465017718267,80.74951655342721
2023-09-10 03:00:00+00:00,98.72,101.33,99.03,96.93119567895238,77.80407412019238
2023-09-10 04:00:00+00:00,99.35,103.83,98.18,99.57848873943625,77.6967964487786
2023-09-10 05:00:00+00:00,97.25,104.04,94.43,96.74315178605895,76.36711950754705
2023-09-10 06:00:00+00:00,93.35,96.09,89.54,81.91520080140023,69.89665505963869
2023-09-10 07:00:00+00:00,89.06,89.77,82.8,63.96457238094965,64.13055989305528
2023-09-10 08:00:00+00:00,56.08,78.79,60.3,42.73614081088525,53.35018975264884
2023-09-10 09:00:00+00:00,18.0,65.53,43.43,25.835285208658107,42.418024853622505
2023-09-10 10:00:00+00:00,8.28,20.52,21.37,-3.6885328713620424,9.86838724592107
2023-09-10 11:00:00+00:00,0.03,5.19,11.33,-12.447988769816263,-1.1640877696219718
2023-09-10 12:00:00+00:00,0.0,10.39,4.94,-5.045472765168867,3.621087763221908
2023-09-10 13:00:00+00:00,26.33,57.89,15.71,30.893993474939975,39.746210547048896
2023-09-10 14:00:00+00:00,79.0,78.8,53.66,59.10513838477214,60.96719336843157
2023-09-10 15:00:00+00:00,100.24,97.75,94.43,94.74537046492355,84.97688500970487
2023-09-10 16:00:00+00:00,121.19,121.3,110.03,130.59677182070067,112.04320795542657
2023-09-10 17:00:00+00:00,150.6,154.21,125.19,158.06965093051636,142.8396666772686
2023-09-10 18:00:00+00:00,151.9,156.51,138.59,159.41606772547428,146.91489585324413
2023-09-10 19:00:00+00:00,131.57,131.78,119.32,138.07410493207095,124.65294883254168
2023-09-10 20:00:00+00:00,113.93,110.9,109.83,121.09708166127763,108.44765327333133
2023-09-10 21:00:00+00:00,100.86,103.16,101.17,110.11062848481792,100.11486071516111
2023-09-10 22:00:00+00:00,105.0,105.85,100.85,114.85302276579601,111.12618719355494
2023-09-10 23:00:00+00:00,97.38,104.33,94.49,111.0602645434206,108.79397184349322
2023-09-11 00:00:00+00:00,96.03,103.63,93.14,109.48892899741094,107.784321300704
2023-09-11 01:00:00+00:00,93.05,100.79,93.59,109.7277226023221,106.60900271975194
2023-09-11 02:00:00+00:00,94.75,96.81,93.19,111.70857604298956,105.60383686947671
2023-09-11 03:00:00+00:00,104.21,98.72,103.38,121.25780105136474,111.42092648185665
2023-09-11 04:00:00+00:00,146.61,99.35,127.33,137.88910595631887,122.08616315695453
2023-09-11 05:00:00+00:00,179.21,97.25,144.33,143.12777101420986,126.30782793217932
2023-09-11 06:00:00+00:00,136.44,93.35,129.92,129.87409632905954,122.80209236703044
2023-09-11 07:00:00+00:00,113.0,89.06,109.36,110.04875107444924,116.4329803349735
2023-09-11 08:00:00+00:00,95.16,56.08,92.88,78.362679205463,91.11333775279473
2023-09-11 09:00:00+00:00,89.17,18.0,82.07,49.047690375172344,63.27159944987371
2023-09-11 10:00:00+00:00,87.67,8.28,77.65,36.90660448658263,51.93955283903281
2023-09-11 11:00:00+00:00,86.45,0.03,72.51,29.62802508446238,42.86762923969324
2023-09-11 12:00:00+00:00,89.0,0.0,72.04,31.954383901336357,41.67375189659379
2023-09-11 13:00:00+00:00,92.53,26.33,80.4,56.61831006473705,63.80431511378314
2023-09-11 14:00:00+00:00,100.18,79.0,90.97,96.71242570971253,101.1393305397552
2023-09-11 15:00:00+00:00,132.93,100.24,109.58,127.2286921638371,119.95852574870894
2023-09-11 16:00:00+00:00,266.71,121.19,138.44,158.07483983896702,140.49664814961636
2023-09-11 17:00:00+00:00,524.27,150.6,198.28,187.4611930476243,170.93908496636504
2023-09-11 18:00:00+00:00,448.13,151.9,172.77,184.18480425738977,170.1485323208462
2023-09-11 19:00:00+00:00,223.11,131.57,124.95,161.125663362925,147.3791737108319
2023-09-11 20:00:00+00:00,147.83,113.93,105.01,141.9191592224103,129.1820982405082
2023-09-11 21:00:00+00:00,119.94,100.86,95.56,128.0464770185125,116.39204202721545
2023-09-11 22:00:00+00:00,106.36,105.0,94.48,119.32701140905257,109.51917927007413
2023-09-11 23:00:00+00:00,105.14,97.38,92.13,113.98491721480654,103.72845010956739
2023-09-12 00:00:00+00:00,105.87,96.03,91.34,112.95059009595816,102.56409555447054
2023-09-12 01:00:00+00:00,105.63,93.05,91.08,113.14288902492335,100.84813910286485
2023-09-12 02:00:00+00:00,106.36,94.75,91.65,117.53896418242752,102.88762895426912
2023-09-12 03:00:00+00:00,116.14,104.21,95.6,129.5434426027915,112.50623502797427
2023-09-12 04:00:00+00:00,153.57,146.61,120.0,167.35055853845313,150.43725688300523
2023-09-12 05:00:00+00:00,228.99,179.21,126.0,188.55770241720717,175.1820055221279
2023-09-12 06:00:00+00:00,146.98,136.44,118.16,157.70881083748438,145.82625291670047
2023-09-12 07:00:00+00:00,123.22,113.0,97.78,131.3634241638357,126.63320145762968
2023-09-12 08:00:00+00:00,112.33,95.16,88.0,108.47900464814143,110.00724239311896
2023-09-12 09:00:00+00:00,101.59,89.17,81.85,93.8960589440714,100.74515500588872
2023-09-12 10:00:00+00:00,96.46,87.67,75.9,84.80958035537591,95.45337032113075
2023-09-12 11:00:00+00:00,93.59,86.45,75.05,79.16687020092704,90.4383301332567
2023-09-12 12:00:00+00:00,97.08,89.0,77.13,79.5994165640471,88.55622557786954
2023-09-12 13:00:00+00:00,99.9,92.53,83.0,87.55905171480248,91.49550573440821
2023-09-12 14:00:00+00:00,109.17,100.18,88.51,102.34898481374239,100.12520288965865
2023-09-12 15:00:00+00:00,140.41,132.93,103.26,133.60536426669023,126.29368352204153
2023-09-12 16:00:00+00:00,190.53,266.71,129.1,223.5421393649511,225.7261828131202
2023-09-12 17:00:00+00:00,284.02,524.27,184.87,389.86528880520166,421.36008306159397
2023-09-12 18:00:00+00:00,185.62,448.13,154.53,350.88967858967015,371.87638758439397
2023-09-12 19:00:00+00:00,136.62,223.11,121.95,219.75468158568972,213.2653518154291
2023-09-12 20:00:00+00:00,115.55,147.83,107.61,168.5761431445334,156.74734338552224
2023-09-12 21:00:00+00:00,93.77,119.94,96.03,144.63813764416096,133.25772757291742
2023-09-12 22:00:00+00:00,106.45,106.36,88.89,130.6460695659714,114.59142040077788
2023-09-12 23:00:00+00:00,99.9,105.14,85.52,126.18351695264947,112.03799695516354
2023-09-13 00:00:00+00:00,97.86,105.87,90.53,125.38834863177038,112.57743555894287
2023-09-13 01:00:00+00:00,93.76,105.63,92.12,126.24657123694075,112.7782388596807
2023-09-13 02:00:00+00:00,93.49,106.36,92.48,129.4219526221036,114.24318174978303
2023-09-13 03:00:00+00:00,97.92,116.14,102.98,142.52132016667545,125.51089161206407
2023-09-13 04:00:00+00:00,124.74,153.57,122.71,176.95508482387464,162.11200342986444
2023-09-13 05:00:00+00:00,139.71,228.99,141.99,223.52413069968162,219.75383996455167
2023-09-13 06:00:00+00:00,137.72,146.98,119.19,173.5554663523368,159.5373424236284
2023-09-13 07:00:00+00:00,124.91,123.22,97.73,152.9574579241488,139.08129614667985
2023-09-13 08:00:00+00:00,103.21,112.33,88.65,139.63254058827383,128.28637023453354
2023-09-13 09:00:00+00:00,96.86,101.59,82.1,127.4777467646712,118.73712269968874
2023-09-13 10:00:00+00:00,93.97,96.46,75.17,118.09812079001307,112.48896131541647
2023-09-13 11:00:00+00:00,92.83,93.59,73.43,111.44879920890246,108.2517141970462
2023-09-13 12:00:00+00:00,92.02,97.08,75.48,110.99985873813817,109.21859503928425
2023-09-13 13:00:00+00:00,95.3,99.9,82.5,114.54588934616137,111.2818987701035
2023-09-13 14:00:00+00:00,96.02,109.17,91.44,124.64767371260945,118.4751015173236
2023-09-13 15:00:00+00:00,104.39,140.41,105.87,151.2322956567881,144.29736004035288
2023-09-13 16:00:00+00:00,124.98,190.53,145.83,196.51762561859653,193.81377585758256
2023-09-13 17:00:00+00:00,153.5,284.02,189.83,257.78073943614396,276.89107170186344
2023-09-13 18:00:00+00:00,141.67,185.62,166.04,188.45277871932808,196.59396323320397
2023-09-13 19:00:00+00:00,122.79,136.62,123.13,143.15759216221372,139.91494390543303
2023-09-13 20:00:00+00:00,106.41,115.55,105.5,123.57212427859425,116.33543498635483
2023-09-13 21:00:00+00:00,98.07,93.77,95.72,107.51652974933546,96.7899387683131
2023-09-13 22:00:00+00:00,96.3,106.45,95.42,108.98204071431203,98.37540656964369
2023-09-13 23:00:00+00:00,94.88,99.9,91.37,105.0191243475155,92.67781459121703
2023-09-14 00:00:00+00:00,98.74,97.86,89.08,104.71210628451817,90.7421431060693
2023-09-14 01:00:00+00:00,100.5,93.76,84.01,105.1599764098994,87.85371230499018
2023-09-14 02:00:00+00:00,99.29,93.49,87.84,110.41346026641907,89.45308349136339
2023-09-14 03:00:00+00:00,104.74,97.92,92.09,121.63599310795153,96.75442347482456
2023-09-14 04:00:00+00:00,142.15,124.74,116.02,153.30324493288595,126.90313703707082
2023-09-14 05:00:00+00:00,181.22,139.71,130.0,168.96900467981482,145.71847351020745
2023-09-14 06:00:00+00:00,155.77,137.72,126.0,159.2504234452064,139.1059108271997
2023-09-14 07:00:00+00:00,118.02,124.91,102.68,137.23715051978454,124.8196904098644
2023-09-14 08:00:00+00:00,96.82,103.21,88.22,111.5139185426027,106.87668201206837
2023-09-14 09:00:00+00:00,91.59,96.86,82.7,97.85922852803562,100.35046523218526
2023-09-14 10:00:00+00:00,91.25,93.97,73.53,88.64804889312951,95.54038821000546
2023-09-14 11:00:00+00:00,89.66,92.83,65.2,82.72075485821192,91.39053026126214
2023-09-14 12:00:00+00:00,88.14,92.02,70.18,81.6737892077425,89.36920384073704
2023-09-14 13:00:00+00:00,89.7,95.3,82.0,89.28486736483866,92.30686860257494
2023-09-14 14:00:00+00:00,94.16,96.02,88.3,99.10224803232,93.62052876602984
2023-09-14 15:00:00+00:00,116.84,104.39,103.14,120.7569776345138,104.56014807349425
2023-09-14 16:00:00+00:00,173.01,124.98,133.53,151.00285336360025,127.23385957277708
2023-09-14 17:00:00+00:00,235.74,153.5,167.27,172.04212476675593,154.88599397556987
2023-09-14 18:00:00+00:00,185.8,141.67,146.73,154.81788618791603,137.2645784590777
2023-09-14 19:00:00+00:00,133.34,122.79,118.0,132.33748846929348,115.68514055552816
2023-09-14 20:00:00+00:00,114.14,106.41,101.4,114.0507526525926,99.1403390222904
2023-09-14 21:00:00+00:00,99.37,98.07,88.95,100.6401608488208,88.09844065818031
2023-09-14 22:00:00+00:00,100.89,96.3,84.62,96.9058757472755,89.2274962752486
2023-09-14 23:00:00+00:00,97.01,94.88,81.52,93.21517875580557,86.77025530308588
2023-09-15 00:00:00+00:00,96.4,98.74,82.06,94.57310873958173,89.00748886030235
2023-09-15 01:00:00+00:00,97.64,100.5,82.1,97.0772192666537,90.38492665461703
2023-09-15 02:00:00+00:00,99.2,99.29,87.42,100.29034568748408,91.31701665103245
2023-09-15 03:00:00+00:00,99.43,104.74,93.55,110.179965591012,98.66281504999378
2023-09-15 04:00:00+00:00,138.64,142.15,112.89,145.55740408478286,134.66548670554772
2023-09-15 05:00:00+00:00,150.87,181.22,133.76,175.04594721715418,169.0969642108431
2023-09-15 06:00:00+00:00,125.07,155.77,122.52,151.96681679476967,151.6706362867068
2023-09-15 07:00:00+00:00,104.38,118.02,100.18,115.09872798421856,121.31346463063178
2023-09-15 08:00:00+00:00,93.58,96.82,89.87,90.3201878244329,103.35398679941397
2023-09-15 09:00:00+00:00,89.46,91.59,82.48,75.97216638401525,97.4433127864622
2023-09-15 10:00:00+00:00,78.57,91.25,75.1,67.83331417663928,94.24136845744903
2023-09-15 11:00:00+00:00,62.89,89.66,70.91,63.631473795032406,90.16571763170555
2023-09-15 12:00:00+00:00,71.19,88.14,72.57,64.70252579582129,87.19972032271957
2023-09-15 13:00:00+00:00,84.88,89.7,80.23,73.60764349994002,88.26970636966414
2023-09-15 14:00:00+00:00,93.4,94.16,88.41,87.43779955665529,91.44471700837185
2023-09-15 15:00:00+00:00,114.67,116.84,107.9,116.2339150794161,109.6623483200896
2023-09-15 16:00:00+00:00,155.21,173.01,171.82,169.02869268344298,158.73999363928507
2023-09-15 17:00:00+00:00,189.87,235.74,230.0,214.22098144312287,213.01681757376002
2023-09-15 18:00:00+00:00,142.75,185.8,195.55,176.63729121411978,175.1067449175746
2023-09-15 19:00:00+00:00,112.65,133.34,132.08,130.11648594730246,128.4172989910118
2023-09-15 20:00:00+00:00,102.04,114.14,113.93,108.82103611223712,109.90450590564133
2023-09-15 21:00:00+00:00,95.77,99.37,105.98,94.61176946529388,96.85415957813728
2023-09-15 22:00:00+00:00,96.24,100.89,105.2,92.6168415151432,96.80934795713628
2023-09-15 23:00:00+00:00,94.02,97.01,102.47,88.37678063502882,91.50810602713254
2023-09-16 00:00:00+00:00,92.52,96.4,100.01,87.06556307935965,88.35993532759854
2023-09-16 01:00:00+00:00,91.56,97.64,100.0,88.19478828253892,86.50945562418505
2023-09-16 02:00:00+00:00,94.72,99.2,100.85,90.1655304045449,84.62210742501134
2023-09-16 03:00:00+00:00,92.75,99.43,101.33,92.76457843136163,82.5652559210731
2023-09-16 04:00:00+00:00,103.47,138.64,103.83,118.71506332218557,109.96631379619623
2023-09-16 05:00:00+00:00,110.88,150.87,104.04,126.2301988663396,118.86532898473486
2023-09-16 06:00:00+00:00,101.67,125.07,96.09,104.08275994803364,98.6304456817306
2023-09-16 07:00:00+00:00,90.79,104.38,89.77,81.4699113318543,80.84046802451388
2023-09-16 08:00:00+00:00,79.0,93.58,78.79,64.11866077926777,70.18050654928042
2023-09-16 09:00:00+00:00,64.97,89.46,65.53,51.73291558117387,64.58343879702576
2023-09-16 10:00:00+00:00,54.48,78.57,20.52,36.38598090628405,51.1740663712943
2023-09-16 11:00:00+00:00,32.44,62.89,5.19,26.11918450933375,38.254943387251174
2023-09-16 12:00:00+00:00,34.4,71.19,10.39,35.06634296305158,44.41502138880406
2023-09-16 13:00:00+00:00,74.46,84.88,57.89,58.16384460848404,61.27845645224878
2023-09-16 14:00:00+00:00,87.44,93.4,78.8,79.53083620079674,72.48468289946898
2023-09-16 15:00:00+00:00,108.16,114.67,97.75,111.87990860588638,94.90431680969051
2023-09-16 16:00:00+00:00,133.56,155.21,121.3,153.8759028611206,133.64562751728712
2023-09-16 17:00:00+00:00,181.24,189.87,154.21,181.60956263552384,167.93616764672765
2023-09-16 18:00:00+00:00,143.62,142.75,156.51,152.685434441864,135.3864416516674
2023-09-16 19:00:00+00:00,117.49,112.65,131.78,126.73584167454192,108.57819273042394
2023-09-16 20:00:00+00:00,105.03,102.04,110.9,113.14053186288339,97.01882289513264
2023-09-16 21:00:00+00:00,99.9,95.77,103.16,104.0811012944737,89.61297862766585
2023-09-16 22:00:00+00:00,108.99,96.24,105.85,109.01132737401437,96.79501578564869
2023-09-16 23:00:00+00:00,105.35,94.02,104.33,105.01047229456599,93.08718686507477
2023-09-17 00:00:00+00:00,104.67,92.52,103.63,101.56317107127822,89.42026811471231
2023-09-17 01:00:00+00:00,100.58,91.56,100.79,98.97117088423599,85.61788171953953
2023-09-17 02:00:00+00:00,101.7,94.72,96.81,98.70923260878202,84.12578797375672
2023-09-17 03:00:00+00:00,99.16,92.75,98.72,96.9262499650775,79.73582736416824
2023-09-17 04:00:00+00:00,98.97,103.47,99.35,103.98928641571507,86.65095767153481
2023-09-17 05:00:00+00:00,103.33,110.88,97.25,105.68910531062852,89.59660177002773
2023-09-17 06:00:00+00:00,93.82,101.67,93.35,92.24251481534054,80.8248877378419
2023-09-17 07:00:00+00:00,83.16,90.79,89.06,75.30120738048207,71.95857936230743
2023-09-17 08:00:00+00:00,70.79,79.0,56.08,54.18774800920495,59.1273662174227
2023-09-17 09:00:00+00:00,39.81,64.97,18.0,34.41718597506194,44.928295579047386
2023-09-17 10:00:00+00:00,21.21,54.48,8.28,22.58439838724071,36.0925431678817
2023-09-17 11:00:00+00:00,4.08,32.44,0.03,6.545924095928612,18.306591355445022
2023-09-17 12:00:00+00:00,4.3,34.4,0.0,11.36057157628376,21.351835346966254
2023-09-17 13:00:00+00:00,38.7,74.46,26.33,44.32966968962249,54.45066757894858
2023-09-17 14:00:00+00:00,78.34,87.44,79.0,70.65916210258565,73.36941263821232
2023-09-17 15:00:00+00:00,108.76,108.16,100.24,102.21943927958107,96.50630681151124
2023-09-17 16:00:00+00:00,132.0,133.56,121.19,133.22002730240166,124.2535888815103
2023-09-17 17:00:00+00:00,151.9,181.24,150.6,164.76774274073034,166.478184195136
2023-09-17 18:00:00+00:00,126.81,143.62,151.9,139.21010554251063,141.91961055307297
2023-09-17 19:00:00+00:00,118.25,117.49,131.57,114.23683350782552,120.7200638831534
2023-09-17 20:00:00+00:00,108.91,105.03,113.93,99.54109369755011,109.99060171196825
2023-09-17 21:00:00+00:00,99.18,99.9,100.86,89.68484464510426,103.37951523692985
2023-09-17 22:00:00+00:00,93.97,108.99,105.0,101.8971512459056,119.41977831966058
2023-09-17 23:00:00+00:00,88.47,105.35,97.38,97.8611939046354,115.83004950191369
2023-09-18 00:00:00+00:00,81.73,104.67,96.03,97.38260766186808,115.000065432294
2023-09-18 01:00:00+00:00,85.02,100.58,93.05,96.27695450892095,112.42509149155026
2023-09-18 02:00:00+00:00,87.82,101.7,94.75,100.23222287516964,115.47885460279494
2023-09-18 03:00:00+00:00,93.67,99.16,104.21,104.34700210360222,117.88231209937985
2023-09-18 04:00:00+00:00,117.21,98.97,146.61,118.01543044961734,130.14706035661496
2023-09-18 05:00:00+00:00,133.49,103.33,179.21,126.09222322018513,140.69675267202888
2023-09-18 06:00:00+00:00,128.81,93.82,136.44,111.87297118114249,129.742715086116
2023-09-18 07:00:00+00:00,105.85,83.16,113.0,98.04299728783613,118.92563668132604
2023-09-18 08:00:00+00:00,90.65,70.79,95.16,83.37047818260584,106.97303211154546
2023-09-18 09:00:00+00:00,74.3,39.81,89.17,60.070701035274205,84.00606885846506
2023-09-18 10:00:00+00:00,56.2,21.21,87.67,46.69757016602172,69.85800839200898
2023-09-18 11:00:00+00:00,30.44,4.08,86.45,35.70230830718049,55.32500721158965
2023-09-18 12:00:00+00:00,38.46,4.3,89.0,39.0350556826478,54.964468450398414
2023-09-18 13:00:00+00:00,73.88,38.7,92.53,64.88364393749774,81.25657452647425
2023-09-18 14:00:00+00:00,90.67,78.34,100.18,93.10131948189567,108.98132568985454
2023-09-18 15:00:00+00:00,116.01,108.76,132.93,122.61946180624412,135.56579176093842
2023-09-18 16:00:00+00:00,139.43,132.0,266.71,160.34102681175088,170.72182212232644
2023-09-18 17:00:00+00:00,161.78,151.9,524.27,204.3091208450851,219.91590726349483
2023-09-18 18:00:00+00:00,125.63,126.81,448.13,174.8383188484845,191.1301214048815
2023-09-18 19:00:00+00:00,106.57,118.25,223.11,133.89908028500497,154.13921507573178
2023-09-18 20:00:00+00:00,93.39,108.91,147.83,112.36945938992153,136.1608542914505
2023-09-18 21:00:00+00:00,73.81,99.18,119.94,97.15473604340684,124.08466392427447
2023-09-18 22:00:00+00:00,1.01,93.97,106.36,64.24489989788529,105.52003163450783
2023-09-18 23:00:00+00:00,-0.01,88.47,105.14,58.52035699550034,100.94272223168643
2023-09-19 00:00:00+00:00,-0.04,81.73,105.87,54.88681757381703,96.23056984870942
2023-09-19 01:00:00+00:00,-0.05,85.02,105.63,59.3220234241649,99.06648126973856
2023-09-19 02:00:00+00:00,-0.02,87.82,106.36,64.81124561523728,102.31866851712857
2023-09-19 03:00:00+00:00,0.83,93.67,116.14,76.64596210844029,110.36632996326011
2023-09-19 04:00:00+00:00,70.27,117.21,153.57,105.86871778807708,136.55543728118772
2023-09-19 05:00:00+00:00,104.27,133.49,228.99,132.88584700996742,161.2378166385149
2023-09-19 06:00:00+00:00,109.52,128.81,146.98,119.09338718864615,148.97946883697992
2023-09-19 07:00:00+00:00,85.89,105.85,123.22,93.93088212721008,129.7385416051138
2023-09-19 08:00:00+00:00,8.5,90.65,112.33,71.9704910800622,116.67082996195036
2023-09-19 09:00:00+00:00,-0.08,74.3,101.59,54.401933891354595,100.91812762684089
2023-09-19 10:00:00+00:00,-3.49,56.2,96.46,35.72011229781826,84.22824519024375
2023-09-19 11:00:00+00:00,-5.34,30.44,93.59,15.86412996825564,62.71156023470988
2023-09-19 12:00:00+00:00,-5.74,38.46,97.08,17.607686901326616,65.84522277491575
2023-09-19 13:00:00+00:00,-2.95,73.88,99.9,39.87187236009722,90.95821497276481
2023-09-19 14:00:00+00:00,-0.08,90.67,109.17,58.64588936352986,105.40175537664942
2023-09-19 15:00:00+00:00,46.88,116.01,140.41,87.65726873548306,128.9256380222594
2023-09-19 16:00:00+00:00,97.16,139.43,190.53,120.55614895603033,153.88933689426716
2023-09-19 17:00:00+00:00,114.42,161.78,284.02,146.34435640121814,181.89697851146298
2023-09-19 18:00:00+00:00,109.64,125.63,185.62,107.23869227472552,142.53118242350132
2023-09-19 19:00:00+00:00,86.79,106.57,136.62,82.46437078294454,120.94341492298965
2023-09-19 20:00:00+00:00,66.81,93.39,115.55,66.01170479692229,107.21529800597898
2023-09-19 21:00:00+00:00,16.35,73.81,93.77,47.65668439011096,88.95823738722203
2023-09-19 22:00:00+00:00,-0.01,1.01,106.45,-2.991810434382927,27.35962543673982
2023-09-19 23:00:00+00:00,-0.1,-0.01,99.9,-2.3468117081565225,26.783150460651385
2023-09-20 00:00:00+00:00,-0.1,-0.04,97.86,-0.18158754447507874,26.885451790656774
2023-09-20 01:00:00+00:00,0.03,-0.05,93.76,4.02986641442763,28.338472535759934
2023-09-20 02:00:00+00:00,1.01,-0.02,93.49,10.631039143915245,30.883688005204377
2023-09-20 03:00:00+00:00,10.0,0.83,97.92,20.775872183012353,35.88212996535928
2023-09-20 04:00:00+00:00,88.29,70.27,124.74,74.09182821065382,93.41191542298179
2023-09-20 05:00:00+00:00,102.06,104.27,139.71,99.8593627227379,121.72844445530745
2023-09-20 06:00:00+00:00,105.64,109.52,137.72,96.89398261649728,125.21906094405927
2023-09-20 07:00:00+00:00,81.15,85.89,124.91,71.21811213219439,105.85050248450479
2023-09-20 08:00:00+00:00,7.61,8.5,103.21,16.38833339237344,50.490918965303685
2023-09-20 09:00:00+00:00,-0.05,-0.08,96.86,1.1424975108873667,42.8785012030858
2023-09-20 10:00:00+00:00,-3.33,-3.49,93.97,-6.842611425520431,38.21835779698868
2023-09-20 11:00:00+00:00,-5.34,-5.34,92.83,-10.275539453694037,33.980559628224114
2023-09-20 12:00:00+00:00,-4.74,-5.74,92.02,-8.852612077088082,32.492038176420124
2023-09-20 13:00:00+00:00,-2.03,-2.95,95.3,1.5821407427950476,36.64824940810872
2023-09-20 14:00:00+00:00,3.93,-0.08,96.02,15.722310245017894,39.11171957968194
2023-09-20 15:00:00+00:00,88.42,46.88,104.39,61.05948605189261,74.2236985217343
2023-09-20 16:00:00+00:00,138.65,97.16,124.98,108.67983585107842,113.26945251740011
2023-09-20 17:00:00+00:00,195.86,114.42,153.5,125.29176349242807,130.62837778249735
2023-09-20 18:00:00+00:00,122.4,109.64,141.67,113.2844035925661,123.12969224590411
2023-09-20 19:00:00+00:00,95.3,86.79,122.79,85.7159457716527,100.38390424771637
2023-09-20 20:00:00+00:00,86.16,66.81,106.41,62.446210201933276,81.2183124316252
2023-09-20 21:00:00+00:00,76.18,16.35,98.07,27.077375170510308,43.400968465776025
2023-09-20 22:00:00+00:00,76.13,-0.01,96.3,10.913634194583125,22.44346436840729
2023-09-20 23:00:00+00:00,72.87,-0.1,94.88,9.064750050269879,21.83842518421946
2023-09-21 00:00:00+00:00,56.83,-0.1,98.74,9.289014380694766,22.089772571109606
2023-09-21 01:00:00+00:00,39.43,0.03,100.5,10.825033010750317,22.76477921399308
2023-09-21 02:00:00+00:00,56.83,1.01,99.29,13.748870024806195,24.17090376441614
2023-09-21 03:00:00+00:00,73.6,10.0,104.74,24.724566845294618,33.322449174009066
2023-09-21 04:00:00+00:00,99.57,88.29,142.15,85.05740186997654,101.83988113331414
2023-09-21 05:00:00+00:00,117.68,102.06,181.22,102.20072282010997,120.53220220814781
2023-09-21 06:00:00+00:00,115.82,105.64,155.77,96.39133209450387,120.75849132596481
2023-09-21 07:00:00+00:00,102.9,81.15,118.02,70.78910602242567,97.10427178602534
2023-09-21 08:00:00+00:00,92.06,7.61,96.82,22.05552480576992,39.11457404382123
2023-09-21 09:00:00+00:00,77.0,-0.05,91.59,14.092040587739874,33.35295326469685
2023-09-21 10:00:00+00:00,73.3,-3.33,91.25,8.99510359450126,29.986372758216007
2023-09-21 11:00:00+00:00,76.02,-5.34,89.66,6.738172386221962,26.113718104299778
2023-09-21 12:00:00+00:00,84.92,-4.74,88.14,10.535819486992622,24.20203189523464
2023-09-21 13:00:00+00:00,93.8,-2.03,89.7,21.581883639059356,25.880291969367974
2023-09-21 14:00:00+00:00,105.82,3.93,94.16,36.23731855486329,29.16076444816349
2023-09-21 15:00:00+00:00,124.04,88.42,116.84,97.77686134232606,91.90250822021096
2023-09-21 16:00:00+00:00,195.89,138.65,173.01,143.18180425647788,138.5573598155417
2023-09-21 17:00:00+00:00,274.42,195.86,235.74,184.66340738840003,188.84145607883246
2023-09-21 18:00:00+00:00,154.8,122.4,185.8,135.70843502267084,132.9863476048174
2023-09-21 19:00:00+00:00,114.8,95.3,133.34,107.10389481875407,104.12049916984104
2023-09-21 20:00:00+00:00,100.1,86.16,114.14,91.63223836141513,91.52710610780937
2023-09-21 21:00:00+00:00,94.75,76.18,99.37,76.46785408229992,77.253205846251
2023-09-21 22:00:00+00:00,88.31,76.13,100.89,67.33272761354772,79.07135414960398
2023-09-21 23:00:00+00:00,87.16,72.87,97.01,62.775756872206095,74.8350264233274
2023-09-22 00:00:00+00:00,88.05,56.83,96.4,54.42912065205855,63.073492464595276
2023-09-22 01:00:00+00:00,88.76,39.43,97.64,48.39112736443423,51.39891630366204
2023-09-22 02:00:00+00:00,90.99,56.83,99.2,62.268872425567515,63.715666083480016
2023-09-22 03:00:00+00:00,91.66,73.6,99.43,79.2772123635963,77.9901328367758
2023-09-22 04:00:00+00:00,112.62,99.57,138.64,112.39952014605421,111.11982895853531
2023-09-22 05:00:00+00:00,138.03,117.68,150.87,132.2768760671903,129.68505192402807
2023-09-22 06:00:00+00:00,135.76,115.82,125.07,129.11632180057975,126.72287964899
2023-09-22 07:00:00+00:00,118.31,102.9,104.38,112.99627129823631,113.07210369521859
2023-09-22 08:00:00+00:00,99.64,92.06,93.58,92.94569765678075,97.31130533929546
2023-09-22 09:00:00+00:00,90.93,77.0,89.46,76.51544102911959,85.36692328807875
2023-09-22 10:00:00+00:00,85.65,73.3,78.57,65.96004093314127,78.74120722652779
2023-09-22 11:00:00+00:00,77.78,76.02,62.89,59.87198827247822,75.29034256271264
2023-09-22 12:00:00+00:00,74.2,84.92,71.19,60.880518464914154,78.24251180269974
2023-09-22 13:00:00+00:00,79.01,93.8,84.88,68.19037647672494,83.24430947541437
2023-09-22 14:00:00+00:00,88.24,105.82,93.4,78.55491312271833,89.08927020735419
2023-09-22 15:00:00+00:00,107.0,124.04,114.67,105.85721572933042,111.35040084777913
2023-09-22 16:00:00+00:00,136.45,195.89,155.21,164.58781718096358,171.59038137267697
2023-09-22 17:00:00+00:00,159.9,274.42,189.87,219.51876052398987,236.63212363495592
2023-09-22 18:00:00+00:00,133.45,154.8,142.75,143.01466752310068,144.84586850760311
2023-09-22 19:00:00+00:00,114.59,114.8,112.65,108.14829954371143,109.34993268499625
2023-09-22 20:00:00+00:00,105.93,100.1,102.04,91.55477901124615,95.46718061675347
2023-09-22 21:00:00+00:00,103.06,94.75,95.77,81.22045899649855,88.24855673410995
2023-09-22 22:00:00+00:00,109.04,88.31,96.24,81.84594248884734,83.05322427234836
2023-09-22 23:00:00+00:00,101.43,87.16,94.02,76.80566192913128,79.28412524319758
2023-09-23 00:00:00+00:00,97.05,88.05,92.52,72.96712479934139,75.30716502428552
2023-09-23 01:00:00+00:00,91.72,88.76,91.56,69.54697631499556,71.00680248174437
2023-09-23 02:00:00+00:00,89.43,90.99,94.72,70.02335636608376,71.02672124953608
2023-09-23 03:00:00+00:00,91.78,91.66,92.75,70.61173588340017,69.72224159628246
2023-09-23 04:00:00+00:00,98.88,112.62,103.47,84.68986959177118,84.65385007815509
2023-09-23 05:00:00+00:00,107.2,138.03,110.88,99.76878319380046,102.0468796451706
2023-09-23 06:00:00+00:00,109.99,135.76,101.67,95.1494951379407,99.75344986975261
2023-09-23 07:00:00+00:00,104.68,118.31,90.79,76.92206356299317,85.94492061693136
2023-09-23 08:00:00+00:00,90.75,99.64,79.0,56.32324774863508,70.45031680841177
2023-09-23 09:00:00+00:00,84.9,90.93,64.97,42.49509061825415,60.851936806430075
2023-09-23 10:00:00+00:00,79.89,85.65,54.48,33.65983692698059,55.1609015881408
2023-09-23 11:00:00+00:00,70.55,77.78,32.44,23.669527290248666,46.11969658753848
2023-09-23 12:00:00+00:00,53.09,74.2,34.4,22.72790660230335,44.06908212797584
2023-09-23 13:00:00+00:00,71.0,79.01,74.46,36.90170665023449,54.2659876101029
2023-09-23 14:00:00+00:00,78.98,88.24,87.44,55.33224684688693,65.71269143388811
2023-09-23 15:00:00+00:00,102.02,107.0,108.16,85.45162242506245,87.04956869831915
2023-09-23 16:00:00+00:00,129.67,136.45,133.56,121.7288695641922,119.69663129954627
2023-09-23 17:00:00+00:00,156.19,159.9,181.24,143.19243307047816,148.00916330924727
2023-09-23 18:00:00+00:00,145.0,133.45,143.62,117.37844518868168,118.7302844155844
2023-09-23 19:00:00+00:00,117.91,114.59,117.49,98.82359063360433,100.05222701160282
2023-09-23 20:00:00+00:00,106.92,105.93,105.03,89.04732857265581,91.52617908363224
2023-09-23 21:00:00+00:00,100.4,103.06,99.9,83.32613220534978,87.16491173229107
2023-09-23 22:00:00+00:00,98.71,109.04,108.99,92.37321702868229,97.31236733293069
2023-09-23 23:00:00+00:00,87.24,101.43,105.35,86.0431478719206,89.73066324708151
2023-09-24 00:00:00+00:00,77.73,97.05,104.67,82.36562555650212,83.95186740105255
2023-09-24 01:00:00+00:00,77.87,91.72,100.58,79.06787862590312,76.91777794995217
2023-09-24 02:00:00+00:00,82.91,89.43,101.7,78.70484881965866,72.47562050585267
2023-09-24 03:00:00+00:00,90.73,91.78,99.16,80.7382531618967,70.6208151539026
2023-09-24 04:00:00+00:00,94.61,98.88,98.97,86.86638729120853,73.99822282055044
2023-09-24 05:00:00+00:00,94.06,107.2,103.33,91.64354457847455,79.2206695050734
2023-09-24 06:00:00+00:00,91.22,109.99,93.82,84.24828750743151,79.3879199720996
2023-09-24 07:00:00+00:00,59.36,104.68,83.16,67.29150829200046,73.6159468753188
2023-09-24 08:00:00+00:00,1.06,90.75,70.79,44.805863056045276,61.16329845047339
2023-09-24 09:00:00+00:00,0.85,84.9,39.81,28.861294146938192,52.830593961112726
2023-09-24 10:00:00+00:00,-0.03,79.89,21.21,19.81821757652088,46.67905536191322
2023-09-24 11:00:00+00:00,-2.62,70.55,4.08,12.505770036935004,37.12194195543134
2023-09-24 12:00:00+00:00,-2.66,53.09,4.3,6.200723789505659,25.58477257556015
2023-09-24 13:00:00+00:00,-0.08,71.0,38.7,25.76618650860466,43.20189172564447
2023-09-24 14:00:00+00:00,5.22,78.98,78.34,47.8843042953894,56.59986786965024
2023-09-24 15:00:00+00:00,98.03,102.02,108.76,83.38849843171695,81.89936445190973
2023-09-24 16:00:00+00:00,133.9,129.67,132.0,118.66175456791633,110.82086534043412
2023-09-24 17:00:00+00:00,157.09,156.19,151.9,140.5046023100415,137.518757829631
2023-09-24 18:00:00+00:00,134.98,145.0,126.81,128.19182577716276,128.8742102209738
2023-09-24 19:00:00+00:00,105.0,117.91,118.25,104.70986551005893,109.0956509659477
2023-09-24 20:00:00+00:00,93.53,106.92,108.91,90.50684925470476,100.85113774501275
2023-09-24 21:00:00+00:00,72.85,100.4,99.18,77.65259546031444,94.19435488225015
2023-09-24 22:00:00+00:00,34.63,98.71,93.97,74.41706317100247,101.68611866529827
2023-09-24 23:00:00+00:00,10.0,87.24,88.47,63.36827321979994,92.6051817329759
2023-09-25 00:00:00+00:00,1.09,77.73,81.73,56.01037906922459,85.23194751434951
2023-09-25 01:00:00+00:00,0.08,77.87,85.02,58.28079000487911,86.54862899049608
2023-09-25 02:00:00+00:00,0.49,82.91,87.82,65.77585271258113,91.8772466483991
2023-09-25 03:00:00+00:00,50.15,90.73,93.67,79.44073676135665,101.64864073540252
2023-09-25 04:00:00+00:00,109.36,94.61,117.21,98.0212327071763,114.22256205300478
2023-09-25 05:00:00+00:00,139.15,94.06,133.49,105.47362453370332,118.85963216920234
2023-09-25 06:00:00+00:00,143.0,91.22,128.81,97.75254517541484,117.38961741855569
2023-09-25 07:00:00+00:00,118.32,59.36,105.85,68.68805083657556,92.724039654438
2023-09-25 08:00:00+00:00,93.81,1.06,90.65,30.509704349907764,52.48703222382522
2023-09-25 09:00:00+00:00,89.01,0.85,74.3,23.6134467558811,50.94480686209108
2023-09-25 10:00:00+00:00,76.07,-0.03,56.2,18.181597812309434,47.860289336352714
2023-09-25 11:00:00+00:00,76.11,-2.62,30.44,15.134805802090241,41.86636311141232
2023-09-25 12:00:00+00:00,84.09,-2.66,38.46,20.578468578646067,40.52391035582419
2023-09-25 13:00:00+00:00,92.06,-0.08,73.88,37.06066381969027,47.59817098966375
2023-09-25 14:00:00+00:00,97.46,5.22,90.67,56.25199216460823,53.309722874393906
2023-09-25 15:00:00+00:00,125.92,98.03,116.01,127.53832331304658,121.66844580911393
2023-09-25 16:00:00+00:00,200.09,133.9,139.43,164.71411986562924,152.20424206915146
2023-09-25 17:00:00+00:00,379.59,157.09,161.78,184.73167359429277,174.37234147408373
2023-09-25 18:00:00+00:00,249.39,134.98,125.63,165.23462515637044,154.23450207256752
2023-09-25 19:00:00+00:00,136.34,105.0,106.57,138.35785112673443,126.23137919192295
2023-09-25 20:00:00+00:00,122.91,93.53,93.39,124.85990337974098,113.64348700619566
2023-09-25 21:00:00+00:00,110.17,72.85,73.81,107.78422263801701,95.26209081669063
2023-09-25 22:00:00+00:00,114.16,34.63,1.01,68.38227228902603,51.254499761481206
2023-09-25 23:00:00+00:00,107.99,10.0,-0.01,54.64005090860785,33.69723825414157
2023-09-26 00:00:00+00:00,104.93,1.09,-0.04,51.452850311873426,27.966129672475105
2023-09-26 01:00:00+00:00,104.58,0.08,-0.05,54.66140933135044,28.890769844611853
2023-09-26 02:00:00+00:00,104.57,0.49,-0.02,59.40995716797954,31.180794710865072
2023-09-26 03:00:00+00:00,107.99,50.15,0.83,92.07290757836839,67.84626364511402
2023-09-26 04:00:00+00:00,152.26,109.36,70.27,144.15743149656237,123.37155224542636
2023-09-26 05:00:00+00:00,288.55,139.15,104.27,168.55236282085025,150.17922739806343
2023-09-26 06:00:00+00:00,166.98,143.0,109.52,164.59802547598503,154.0313303061056
2023-09-26 07:00:00+00:00,117.75,118.32,85.89,133.40662610235825,131.8508855704839
2023-09-26 08:00:00+00:00,100.41,93.81,8.5,94.9582508676299,100.76752562188203
2023-09-26 09:00:00+00:00,95.27,89.01,-0.08,81.18713601771636,95.24013331464757
2023-09-26 10:00:00+00:00,91.08,76.07,-3.49,66.59134949247908,84.09138447697346
2023-09-26 11:00:00+00:00,82.95,76.11,-5.34,63.132463699309675,81.262396900405
2023-09-26 12:00:00+00:00,89.87,84.09,-5.74,67.79891039459955,83.38487673209302
2023-09-26 13:00:00+00:00,98.02,92.06,-2.95,78.25152704916212,86.79899996311792
2023-09-26 14:00:00+00:00,104.51,97.46,-0.08,92.24777858734963,89.21872095954129
2023-09-26 15:00:00+00:00,135.48,125.92,46.88,132.97093561663223,121.9074676271527
2023-09-26 16:00:00+00:00,180.24,200.09,97.16,192.99075438070008,183.23511626291412
2023-09-26 17:00:00+00:00,246.82,379.59,114.42,301.58125895843483,315.65811733481087
2023-09-26 18:00:00+00:00,160.34,249.39,109.64,227.2181197801593,226.77556083334906
2023-09-26 19:00:00+00:00,126.27,136.34,86.79,153.05002394931995,142.2483276072854
2023-09-26 20:00:00+00:00,108.06,122.91,66.81,134.74966133832925,127.29845527961754
2023-09-26 21:00:00+00:00,101.28,110.17,16.35,115.65827497973855,109.3416242473637
2023-09-26 22:00:00+00:00,105.51,114.16,-0.01,108.15511257479922,97.17053245325485
2023-09-26 23:00:00+00:00,102.0,107.99,-0.1,102.30203248984735,90.35497649897036
2023-09-27 00:00:00+00:00,102.55,104.93,-0.1,100.30843239496058,86.77923164488624
2023-09-27 01:00:00+00:00,102.05,104.58,0.03,102.26136825171488,85.88512390888638
2023-09-27 02:00:00+00:00,100.45,104.57,1.01,106.27462168532341,85.76118886973832
2023-09-27 03:00:00+00:00,108.62,107.99,10.0,118.74401244855596,94.61578355516798
2023-09-27 04:00:00+00:00,141.76,152.26,88.29,168.26063900870275,144.68730734031095
2023-09-27 05:00:00+00:00,259.77,288.55,102.06,250.48137783555268,242.60480436167938
2023-09-27 06:00:00+00:00,175.5,166.98,105.64,181.28824493460192,161.35738192670135
2023-09-27 07:00:00+00:00,128.79,117.75,81.15,137.84610979514414,122.41235183776436
2023-09-27 08:00:00+00:00,102.33,100.41,7.61,104.63664882468832,98.76436668988089
2023-09-27 09:00:00+00:00,93.26,95.27,-0.05,89.78534751863687,92.88977361007949
2023-09-27 10:00:00+00:00,90.2,91.08,-3.33,78.75489521028958,86.95864626926601
2023-09-27 11:00:00+00:00,87.34,82.95,-5.34,71.286664090048,79.40900690749568
2023-09-27 12:00:00+00:00,89.22,89.87,-4.74,76.93455553898818,82.70546171573615
2023-09-27 13:00:00+00:00,94.04,98.02,-2.03,89.1351175799401,88.32752683130562
2023-09-27 14:00:00+00:00,109.25,104.51,3.93,104.29597956938831,92.99784051511001
2023-09-27 15:00:00+00:00,149.91,135.48,88.42,147.84843168825768,128.0521835994227
2023-09-27 16:00:00+00:00,194.93,180.24,138.65,190.92405733773188,171.97281530752008
2023-09-27 17:00:00+00:00,214.7,246.82,195.86,234.0332269557814,236.16525761964476
2023-09-27 18:00:00+00:00,142.08,160.34,122.4,162.2432945576401,158.48728085150074
2023-09-27 19:00:00+00:00,107.82,126.27,95.3,123.41196314333298,121.9201614503432
2023-09-27 20:00:00+00:00,96.38,108.06,86.16,100.88891650681857,105.10063750098796
2023-09-27 21:00:00+00:00,89.09,101.28,76.18,86.9463774817187,96.30076448830629
2023-09-27 22:00:00+00:00,88.36,105.51,76.13,82.9058970016378,94.9157987452465
2023-09-27 23:00:00+00:00,84.05,102.0,72.87,77.8577669362838,90.87352070360126
2023-09-28 00:00:00+00:00,72.95,102.55,56.83,76.7678810240595,88.66020846355242
2023-09-28 01:00:00+00:00,74.84,102.05,39.43,77.66743846439681,86.71513438351084
2023-09-28 02:00:00+00:00,80.87,100.45,56.83,83.0507453369076,88.86645012822538
2023-09-28 03:00:00+00:00,92.88,108.62,73.6,97.33292503365008,99.70155755815641
2023-09-28 04:00:00+00:00,115.35,141.76,99.57,133.56166492578785,135.14354817279735
2023-09-28 05:00:00+00:00,126.25,259.77,117.68,210.66938669848292,229.46913366364015
2023-09-28 06:00:00+00:00,129.56,175.5,115.82,158.7260265438143,164.782667553869
2023-09-28 07:00:00+00:00,110.85,128.79,102.9,122.17618996336411,127.40186087146064
2023-09-28 08:00:00+00:00,93.36,102.33,92.06,95.65994868541162,105.68440785729436
2023-09-28 09:00:00+00:00,88.56,93.26,77.0,78.74055998864841,95.767357923839
2023-09-28 10:00:00+00:00,83.48,90.2,73.3,69.31356200355583,90.7999968434806
2023-09-28 11:00:00+00:00,82.0,87.34,76.02,64.97435842579651,86.71277577351067
2023-09-28 12:00:00+00:00,87.7,89.22,84.92,68.8112354757084,87.52900156136378
2023-09-28 13:00:00+00:00,92.02,94.04,93.8,81.74056729088714,92.04546854570424
2023-09-28 14:00:00+00:00,99.89,109.25,105.82,105.29651382821373,104.15829963233054
2023-09-28 15:00:00+00:00,132.63,149.91,124.04,148.0145746433936,137.257061033135
2023-09-28 16:00:00+00:00,184.85,194.93,195.89,195.38895080083432,181.49945982625505
2023-09-28 17:00:00+00:00,265.8,214.7,274.42,220.53034559888118,210.9824586901163
2023-09-28 18:00:00+00:00,156.51,142.08,154.8,159.76303526803179,140.48626632406518
2023-09-28 19:00:00+00:00,128.26,107.82,114.8,128.34409759661378,107.65313507450023
2023-09-28 20:00:00+00:00,118.42,96.38,100.1,113.16211107308149,94.65486422913101
2023-09-28 21:00:00+00:00,111.03,89.09,94.75,101.18561539952769,85.7727191608102
2023-09-28 22:00:00+00:00,108.5,88.36,88.31,99.76926644699975,88.42637561331772
2023-09-28 23:00:00+00:00,97.93,84.05,87.16,93.60011947819069,84.40273091964234
2023-09-29 00:00:00+00:00,95.55,72.95,88.05,86.36678791631067,77.33390416712835
2023-09-29 01:00:00+00:00,92.0,74.84,88.76,87.69590787520508,79.58779552556176
2023-09-29 02:00:00+00:00,94.03,80.87,90.99,92.8028036044506,85.26520776413307
2023-09-29 03:00:00+00:00,100.68,92.88,91.66,104.0826719843952,96.80212588180964
2023-09-29 04:00:00+00:00,128.45,115.35,112.62,130.1220984512461,123.31412485964147
2023-09-29 05:00:00+00:00,137.92,126.25,138.03,144.29929803946288,143.21542650020382
2023-09-29 06:00:00+00:00,130.05,129.56,135.76,137.29768958432646,139.7807881096811
2023-09-29 07:00:00+00:00,106.82,110.85,118.31,114.54129241958286,121.29931387729371
2023-09-29 08:00:00+00:00,92.07,93.36,99.64,93.8896921613458,104.19628392829495
2023-09-29 09:00:00+00:00,87.37,88.56,90.93,83.61771064450522,98.04322422190525
2023-09-29 10:00:00+00:00,82.05,83.48,85.65,73.6209522866544,91.83180028799978
2023-09-29 11:00:00+00:00,72.44,82.0,77.78,66.8298074671488,87.45151887840542
2023-09-29 12:00:00+00:00,77.04,87.7,74.2,67.35414094431349,88.717945208528
2023-09-29 13:00:00+00:00,90.7,92.02,79.01,73.62131173911648,91.81774859696675
2023-09-29 14:00:00+00:00,96.47,99.89,88.24,86.6960517213064,99.24699203684708
2023-09-29 15:00:00+00:00,112.01,132.63,107.0,117.88784517959468,127.60600952363093
2023-09-29 16:00:00+00:00,130.05,184.85,136.45,158.13480791519675,171.13903182684436
2023-09-29 17:00:00+00:00,140.47,265.8,159.9,208.3536615796798,233.9152866649991
2023-09-29 18:00:00+00:00,132.94,156.51,133.45,137.8555337550969,150.47293422880253
2023-09-29 19:00:00+00:00,113.4,128.26,114.59,112.46983061474839,124.34900413418607
2023-09-29 20:00:00+00:00,106.57,118.42,105.93,99.88091883637702,113.08273248279235
2023-09-29 21:00:00+00:00,101.07,111.03,103.06,90.77380440961755,104.49341076141201
2023-09-29 22:00:00+00:00,90.95,108.5,109.04,81.93131119465038,100.10381295644028
2023-09-29 23:00:00+00:00,88.89,97.93,101.43,73.67829753517285,89.47977460078033
2023-09-30 00:00:00+00:00,88.78,95.55,97.05,70.21871617775014,83.38724833884439
2023-09-30 01:00:00+00:00,88.72,92.0,91.72,68.15657091710261,77.37452555642069
2023-09-30 02:00:00+00:00,88.28,94.03,89.43,70.40564941658813,75.68889939630378
2023-09-30 03:00:00+00:00,92.1,100.68,91.78,77.04860472980957,78.5719072215117
2023-09-30 04:00:00+00:00,105.3,128.45,98.88,96.50862178874746,97.27281298804722
2023-09-30 05:00:00+00:00,109.46,137.92,107.2,105.35952049646193,103.30542439012474
2023-09-30 06:00:00+00:00,110.05,130.05,109.99,99.8777650123453,98.13362915465603
2023-09-30 07:00:00+00:00,104.97,106.82,104.68,80.44252677885126,81.00675758603185
2023-09-30 08:00:00+00:00,87.52,92.07,90.75,60.9222556348593,67.69455168351459
2023-09-30 09:00:00+00:00,70.53,87.37,84.9,46.56948496016386,62.08711645863624
2023-09-30 10:00:00+00:00,42.76,82.05,79.89,34.81369222405682,56.16365805131524
2023-09-30 11:00:00+00:00,8.76,72.44,70.55,25.373499920270064,47.435511986992445
2023-09-30 12:00:00+00:00,15.04,77.04,53.09,28.878287504610782,49.098957926708486
2023-09-30 13:00:00+00:00,56.0,90.7,71.0,47.642058211162265,62.81753296332656
2023-09-30 14:00:00+00:00,85.01,96.47,78.98,66.59878497173969,70.51648923257989
2023-09-30 15:00:00+00:00,107.7,112.01,102.02,98.90283977871111,90.73426552848792
2023-09-30 16:00:00+00:00,136.41,130.05,129.67,130.11897219770339,115.04344769075584
2023-09-30 17:00:00+00:00,163.9,140.47,156.19,142.90204688630158,132.63895768450388
2023-09-30 18:00:00+00:00,134.1,132.94,145.0,130.40045136333183,119.4575861793681
2023-09-30 19:00:00+00:00,112.4,113.4,117.91,111.50581115475056,101.01032642978383
2023-09-30 20:00:00+00:00,107.4,106.57,106.92,102.447991750105,94.30978246394102
2023-09-30 21:00:00+00:00,101.04,101.07,100.4,93.61038598120453,87.79263913556103
2023-09-30 22:00:00+00:00,102.73,90.95,98.71,86.80453582567728,83.28454735934739
2023-09-30 23:00:00+00:00,94.14,88.89,87.24,80.48377652188515,77.82348519942205
2023-10-01 00:00:00+00:00,88.6,88.78,77.73,76.65916262928806,74.02623578519464
2023-10-01 01:00:00+00:00,89.37,88.72,77.87,74.75393533375785,71.16315945001791
2023-10-01 02:00:00+00:00,86.89,88.28,82.91,73.77327715982935,68.7440053850832
2023-10-01 03:00:00+00:00,85.45,92.1,90.73,75.767575689459,69.71057084432687
2023-10-01 04:00:00+00:00,85.07,105.3,94.61,82.7816260229258,77.96119817055731
2023-10-01 05:00:00+00:00,88.08,109.46,94.06,83.57222143494789,79.01019541993111
2023-10-01 06:00:00+00:00,82.1,110.05,91.22,77.83638587616834,77.92326976120553
2023-10-01 07:00:00+00:00,62.73,104.97,59.36,61.91665849800218,69.54283231032878
2023-10-01 08:00:00+00:00,40.0,87.52,1.06,35.674294034410835,49.40952736598982
2023-10-01 09:00:00+00:00,8.99,70.53,0.85,19.960278377143013,38.20675438639363
2023-10-01 10:00:00+00:00,-0.01,42.76,-0.03,0.2438053002074554,19.308227628652958
2023-10-01 11:00:00+00:00,-1.93,8.76,-2.62,-18.90884882426967,-3.291073134147865
2023-10-01 12:00:00+00:00,-0.73,15.04,-2.66,-12.032817358540981,2.464583205365898
2023-10-01 13:00:00+00:00,1.53,56.0,-0.08,17.503575984608204,32.38420986870666
2023-10-01 14:00:00+00:00,62.73,85.01,5.22,47.47000788572182,55.9490635499009
2023-10-01 15:00:00+00:00,99.51,107.7,98.03,88.9076635142228,88.1779457459829
2023-10-01 16:00:00+00:00,120.06,136.41,133.9,124.86338463789389,119.78966097198405
2023-10-01 17:00:00+00:00,130.0,163.9,157.09,148.65001005944075,147.86582709342076
2023-10-01 18:00:00+00:00,130.0,134.1,134.98,128.8166678138404,127.1071129094103
2023-10-01 19:00:00+00:00,115.16,112.4,105.0,110.04929709122233,108.31446337925449
2023-10-01 20:00:00+00:00,106.62,107.4,93.53,103.48610363085166,103.74001613096209
2023-10-01 21:00:00+00:00,99.97,101.04,72.85,93.64114202566262,95.33421968391565
2023-10-01 22:00:00+00:00,94.9,102.73,34.63,93.96482494679577,99.80448916109945
2023-10-01 23:00:00+00:00,93.17,94.14,10.0,85.97190469556972,90.24179278363177
2023-10-02 00:00:00+00:00,93.4,88.6,1.09,83.5472128261166,85.6309488472333
2023-10-02 01:00:00+00:00,92.02,89.37,0.08,87.0874271230501,87.13481396271483
2023-10-02 02:00:00+00:00,95.68,86.89,0.49,90.02254909058878,87.06580244071995
2023-10-02 03:00:00+00:00,99.33,85.45,50.15,101.55642840265129,95.22109842881117
2023-10-02 04:00:00+00:00,124.99,85.07,109.36,120.87511442273222,109.69202161261774
2023-10-02 05:00:00+00:00,143.49,88.08,139.15,131.84569434507142,118.4403721846312
2023-10-02 06:00:00+00:00,144.5,82.1,143.0,124.86342431047359,115.92545313390136
2023-10-02 07:00:00+00:00,128.0,62.73,118.32,99.94235006429797,99.03954650914017
2023-10-02 08:00:00+00:00,105.32,40.0,93.81,73.51985316372651,78.78742924415502
2023-10-02 09:00:00+00:00,92.48,8.99,89.01,49.178279282508,56.22202548236482
2023-10-02 10:00:00+00:00,90.28,-0.01,76.07,36.333081578194374,45.49305355001831
2023-10-02 11:00:00+00:00,87.92,-1.93,76.11,31.694917825251906,39.96843361154284
2023-10-02 12:00:00+00:00,88.17,-0.73,84.09,36.45982097000401,40.733539327766984
2023-10-02 13:00:00+00:00,90.5,1.53,92.06,49.73510360467828,46.460606215428754
2023-10-02 14:00:00+00:00,106.03,62.73,97.46,97.20765858507339,90.17373708140316
2023-10-02 15:00:00+00:00,133.27,99.51,125.92,138.30121856382453,121.74846724012264
2023-10-02 16:00:00+00:00,200.01,120.06,200.09,170.69129317634798,148.92897560809203
2023-10-02 17:00:00+00:00,245.05,130.0,379.59,198.85879344409432,181.36702734776895
2023-10-02 18:00:00+00:00,160.07,130.0,249.39,176.95688678510953,162.94954610981804
2023-10-02 19:00:00+00:00,120.0,115.16,136.34,146.8558439412113,135.60007079321807
2023-10-02 20:00:00+00:00,107.03,106.62,122.91,129.55016755129031,124.2265167686999
2023-10-02 21:00:00+00:00,100.0,99.97,110.17,115.69308962628206,115.90221095526393
2023-10-02 22:00:00+00:00,97.58,94.9,114.16,97.15546072866056,103.1898279278422
2023-10-02 23:00:00+00:00,94.61,93.17,107.99,88.8317738882294,99.62853314171183
2023-10-03 00:00:00+00:00,71.94,93.4,104.93,83.85220896648457,98.55423778592169
2023-10-03 01:00:00+00:00,30.64,92.02,104.58,78.82277943354983,97.28353413297673
2023-10-03 02:00:00+00:00,11.51,95.68,104.57,76.10938972380433,98.58137397910127
2023-10-03 03:00:00+00:00,5.02,99.33,107.99,75.16209607752349,101.00188879501489
2023-10-03 04:00:00+00:00,6.31,124.99,152.26,90.89478505659184,123.43817779634921
2023-10-03 05:00:00+00:00,35.7,143.49,288.55,114.31896775047234,152.28683334816557
2023-10-03 06:00:00+00:00,12.5,144.5,166.98,96.24281555459677,138.87911322055805
2023-10-03 07:00:00+00:00,3.3,128.0,117.75,74.28251654316917,122.50326844714724
2023-10-03 08:00:00+00:00,-0.08,105.32,100.41,54.18917294149216,103.52723232751525
2023-10-03 09:00:00+00:00,-0.94,92.48,95.27,40.19633184737303,91.10024245892261
2023-10-03 10:00:00+00:00,-8.3,90.28,91.08,31.008407796512515,85.4523562688971
2023-10-03 11:00:00+00:00,-11.07,87.92,82.95,23.36054503084786,78.17714029699154
2023-10-03 12:00:00+00:00,-9.98,88.17,89.87,22.590670167955906,75.45037598795851
2023-10-03 13:00:00+00:00,-4.91,90.5,98.02,23.062858902645203,74.51076737322542
2023-10-03 14:00:00+00:00,-0.05,106.03,104.51,38.39188524466744,89.44670224424438
2023-10-03 15:00:00+00:00,5.0,133.27,135.48,63.879135561713575,116.25703289423112
2023-10-03 16:00:00+00:00,35.72,200.01,180.24,116.08738459959247,173.32033378956248
2023-10-03 17:00:00+00:00,60.0,245.05,246.82,155.05723977532082,217.21011097285825
2023-10-03 18:00:00+00:00,47.51,160.07,160.34,97.92881688024484,149.0183232831843
2023-10-03 19:00:00+00:00,13.75,120.0,126.27,70.79459323206989,116.42617904695908
2023-10-03 20:00:00+00:00,45.1,107.03,108.06,63.921127464814006,106.72111901308072
2023-10-03 21:00:00+00:00,10.06,100.0,101.28,57.27876178876855,99.84889823402219
2023-10-03 22:00:00+00:00,22.21,97.58,105.51,46.68999187017304,88.20553402355176
2023-10-03 23:00:00+00:00,10.1,94.61,102.0,45.11923685590923,85.72768935174264
2023-10-04 00:00:00+00:00,9.53,71.94,102.55,34.84295538779364,70.89554898841756
2023-10-04 01:00:00+00:00,7.77,30.64,102.05,17.222910402432618,44.54235440444186
2023-10-04 02:00:00+00:00,14.5,11.51,100.45,13.874856939942077,34.833610664206915
2023-10-04 03:00:00+00:00,47.92,5.02,108.62,21.375668677463082,36.063834406569995
2023-10-04 04:00:00+00:00,98.59,6.31,141.76,41.20801207791901,49.97438083582497
2023-10-04 05:00:00+00:00,117.02,35.7,259.77,79.51001781574044,88.39451444144937
2023-10-04 06:00:00+00:00,121.31,12.5,175.5,57.43964310344402,64.4049271726172
2023-10-04 07:00:00+00:00,105.9,3.3,128.79,39.03101099020262,52.13903431871527
2023-10-04 08:00:00+00:00,77.66,-0.08,102.33,22.197683135819304,44.56183057996254
2023-10-04 09:00:00+00:00,67.22,-0.94,93.26,10.964393259237724,41.56568556196172
2023-10-04 10:00:00+00:00,37.55,-8.3,90.2,1.0549171693227066,34.54623176937625
2023-10-04 11:00:00+00:00,42.74,-11.07,87.34,-0.9567664439778127,31.111362455492042
2023-10-04 12:00:00+00:00,39.75,-9.98,89.22,3.3825161935253902,30.946631419190183
2023-10-04 13:00:00+00:00,61.54,-4.91,94.04,14.952209608388642,34.78824047319954
2023-10-04 14:00:00+00:00,79.91,-0.05,109.25,33.31222210365718,41.81099798242433
2023-10-04 15:00:00+00:00,95.57,5.0,149.91,57.30917796833961,54.04427740567999
2023-10-04 16:00:00+00:00,116.1,35.72,194.93,88.64786576475281,86.18115118159213
2023-10-04 17:00:00+00:00,127.36,60.0,214.7,100.56804369933216,107.55054752708142
2023-10-04 18:00:00+00:00,116.1,47.51,142.08,72.73199962318796,82.18072399975162
2023-10-04 19:00:00+00:00,88.02,13.75,107.82,39.259620389478066,49.748488118193855
2023-10-04 20:00:00+00:00,85.59,45.1,96.38,44.77679207759112,66.00396487366191
2023-10-04 21:00:00+00:00,77.85,10.06,89.09,16.00549961340154,37.92003707078671
2023-10-04 22:00:00+00:00,82.67,22.21,88.36,10.83187268267298,38.969626276318046
2023-10-04 23:00:00+00:00,76.81,10.1,84.05,-0.4230116130407282,28.561706386057594
2023-10-05 00:00:00+00:00,70.27,9.53,72.95,-4.392708807718563,24.69256924473916
2023-10-05 01:00:00+00:00,61.4,7.77,74.84,-5.227641479902772,21.57359618867214
2023-10-05 02:00:00+00:00,68.91,14.5,80.87,1.8831219070177951,26.78335260360366
2023-10-05 03:00:00+00:00,78.46,47.92,92.88,26.462759279514273,53.2121489335753
2023-10-05 04:00:00+00:00,90.57,98.59,115.35,69.63182963375988,97.3712376403142
2023-10-05 05:00:00+00:00,107.46,117.02,126.25,93.3818440980514,118.18217052572712
2023-10-05 06:00:00+00:00,121.85,121.31,129.56,98.62520899282302,121.7551639556475
2023-10-05 07:00:00+00:00,107.11,105.9,110.85,84.47142961736168,108.41611189942262
2023-10-05 08:00:00+00:00,87.33,77.66,93.36,59.258554579265144,85.54923172777562
2023-10-05 09:00:00+00:00,80.9,67.22,88.56,45.702781773240396,75.87744264974313
2023-10-05 10:00:00+00:00,79.0,37.55,83.48,25.363185365677708,51.7175751680489
2023-10-05 11:00:00+00:00,76.59,42.74,82.0,28.655153564532725,52.2325394691082
2023-10-05 12:00:00+00:00,80.03,39.75,87.7,31.07704054461881,48.282161796151236
2023-10-05 13:00:00+00:00,83.54,61.54,92.02,52.17711967196719,62.488026551397034
2023-10-05 14:00:00+00:00,96.81,79.91,99.89,76.17910117161517,75.69911742628662
2023-10-05 15:00:00+00:00,117.1,95.57,132.63,102.54700314267528,91.74030296953346
2023-10-05 16:00:00+00:00,176.64,116.1,184.85,130.6292547150147,116.51478946649247
2023-10-05 17:00:00+00:00,250.28,127.36,265.8,150.06707523762228,138.2721598107026
2023-10-05 18:00:00+00:00,139.4,116.1,156.51,125.82436142464127,115.31840943003577
2023-10-05 19:00:00+00:00,109.93,88.02,128.26,98.3052551610392,87.74166797397933
2023-10-05 20:00:00+00:00,100.98,85.59,118.42,89.94982161337794,84.98056770154663
2023-10-05 21:00:00+00:00,94.58,77.85,111.03,74.55351886688246,72.73889676796563
2023-10-05 22:00:00+00:00,87.39,82.67,108.5,72.01801933173843,78.9548750164059
2023-10-05 23:00:00+00:00,84.86,76.81,97.93,63.34576857741142,71.1536532513704
2023-10-06 00:00:00+00:00,80.04,70.27,95.55,57.89808306164097,65.34515101464433
2023-10-06 01:00:00+00:00,75.06,61.4,92.0,51.84924670689762,58.36662321747849
2023-10-06 02:00:00+00:00,70.98,68.91,94.03,56.75406624861824,64.63898548058779
2023-10-06 03:00:00+00:00,75.87,78.46,100.68,67.41198893445079,76.71065817230237
2023-10-06 04:00:00+00:00,97.45,90.57,128.45,88.43979424065772,97.93660265996793
2023-10-06 05:00:00+00:00,117.47,107.46,137.92,102.44279225233139,114.08450128298924
2023-10-06 06:00:00+00:00,120.69,121.85,130.05,104.837927137963,123.9186276831796
2023-10-06 07:00:00+00:00,104.39,107.11,106.82,82.56208385562832,109.68730089919768
2023-10-06 08:00:00+00:00,84.26,87.33,92.07,56.74006534716175,91.54725936228559
2023-10-06 09:00:00+00:00,62.81,80.9,87.37,41.51778375241313,84.38782207435523
2023-10-06 10:00:00+00:00,10.05,79.0,82.05,31.53439228587976,77.81276711354224
2023-10-06 11:00:00+00:00,1.08,76.59,72.44,25.377794275819397,72.0923256390156
2023-10-06 12:00:00+00:00,1.47,80.03,77.04,27.281807033573926,71.58789452394817
2023-10-06 13:00:00+00:00,41.79,83.54,90.7,36.46370268971712,75.63028548954622
2023-10-06 14:00:00+00:00,62.38,96.81,96.47,53.57568913710736,85.9660561893093
2023-10-06 15:00:00+00:00,86.55,117.1,112.01,77.54580354527513,103.79779269899016
2023-10-06 16:00:00+00:00,104.3,176.64,130.05,119.48742472989785,150.97210704344462
2023-10-06 17:00:00+00:00,111.17,250.28,140.47,163.40228220167725,208.14398702581877
2023-10-06 18:00:00+00:00,101.0,139.4,132.94,94.30966345312356,130.16685220122733
2023-10-06 19:00:00+00:00,80.07,109.93,113.4,66.06333074351846,103.85152758885302
2023-10-06 20:00:00+00:00,56.78,100.98,106.57,53.18647244135763,95.10223607167848
2023-10-06 21:00:00+00:00,0.52,94.58,101.07,42.58387779920178,87.56799741812043
2023-10-06 22:00:00+00:00,0.05,87.39,90.95,33.05387770229942,79.8171961995492
2023-10-06 23:00:00+00:00,0.04,84.86,88.89,29.008423649035308,74.65671730797527
2023-10-07 00:00:00+00:00,0.1,80.04,88.78,23.712689815398434,67.78985067981966
2023-10-07 01:00:00+00:00,0.67,75.06,88.72,20.475722303632395,60.659269528037115
2023-10-07 02:00:00+00:00,6.07,70.98,88.28,20.578287266596064,55.52729057672769
2023-10-07 03:00:00+00:00,21.38,75.87,92.1,27.264003793963326,57.286507193031824
2023-10-07 04:00:00+00:00,52.44,97.45,105.3,43.900094000034755,71.49709803817368
2023-10-07 05:00:00+00:00,67.17,117.47,109.46,60.605081027101846,84.85250123355118
2023-10-07 06:00:00+00:00,70.82,120.69,110.05,65.5287031780968,88.17246029304194
2023-10-07 07:00:00+00:00,68.71,104.39,104.97,54.112330328285296,76.08736701512768
2023-10-07 08:00:00+00:00,46.82,84.26,87.52,36.72024950339309,57.77979138878953
2023-10-07 09:00:00+00:00,19.62,62.81,70.53,20.8023824571747,40.265933977011144
2023-10-07 10:00:00+00:00,10.38,10.05,42.76,-11.931964268157301,0.7733092237777583
2023-10-07 11:00:00+00:00,0.22,1.08,8.76,-19.774940938342652,-9.445054802950665
2023-10-07 12:00:00+00:00,1.0,1.47,15.04,-15.516363639855811,-7.431509664601506
2023-10-07 13:00:00+00:00,22.01,41.79,56.0,18.105888387325393,26.842931675678685
2023-10-07 14:00:00+00:00,61.59,62.38,85.01,43.14498107522001,48.18685645251192
2023-10-07 15:00:00+00:00,86.44,86.55,107.7,70.5692924057929,73.50121813954536
2023-10-07 16:00:00+00:00,102.28,104.3,136.41,92.91088255075239,98.56415704636629
2023-10-07 17:00:00+00:00,108.91,111.17,163.9,99.83370907550069,114.42433316169453
2023-10-07 18:00:00+00:00,100.0,101.0,134.1,78.64266690783859,95.9895168465365
2023-10-07 19:00:00+00:00,83.99,80.07,112.4,58.00487631710398,76.96257675627079
2023-10-07 20:00:00+00:00,76.19,56.78,107.4,41.81200877832514,60.47805209992076
2023-10-07 21:00:00+00:00,72.0,0.52,101.04,8.354038300951999,21.488417547970826
2023-10-07 22:00:00+00:00,70.7,0.05,102.73,12.832296131538726,27.684825292465916
2023-10-07 23:00:00+00:00,70.64,0.04,94.14,12.198581469203774,25.265763779983644
2023-10-08 00:00:00+00:00,70.62,0.1,88.6,12.93695603818027,22.341282739016563
2023-10-08 01:00:00+00:00,70.61,0.67,89.37,15.270084251838483,20.088138985695892
2023-10-08 02:00:00+00:00,71.81,6.07,86.89,20.864464719244083,20.663714745413827
2023-10-08 03:00:00+00:00,77.09,21.38,85.45,32.98271119861698,28.40446615035576
2023-10-08 04:00:00+00:00,83.51,52.44,85.07,54.6809976111535,47.84128769041343
2023-10-08 05:00:00+00:00,100.0,67.17,88.08,68.55838369076349,57.109323197488266
2023-10-08 06:00:00+00:00,102.12,70.82,82.1,72.09865163190219,58.42026649369015
2023-10-08 07:00:00+00:00,100.86,68.71,62.73,67.34604071674269,54.16633000447656
2023-10-08 08:00:00+00:00,86.94,46.82,40.0,48.85553635789307,35.228419106011486
2023-10-08 09:00:00+00:00,76.51,19.62,8.99,27.764637901480256,12.605224329628456
2023-10-08 10:00:00+00:00,70.57,10.38,-0.01,17.07498406937006,1.055294448644986
2023-10-08 11:00:00+00:00,55.15,0.22,-1.93,9.880745145916464,-7.872732154816106
2023-10-08 12:00:00+00:00,54.6,1.0,-0.73,12.33449168972895,-7.504983895031245
2023-10-08 13:00:00+00:00,70.8,22.01,1.53,32.170652722873925,11.365420879701915
2023-10-08 14:00:00+00:00,88.59,61.59,62.73,71.49899413167039,49.38417652753912
2023-10-08 15:00:00+00:00,113.24,86.44,99.51,103.29888753153465,77.25131842712491
2023-10-08 16:00:00+00:00,135.67,102.28,120.06,125.69982379390504,98.5333735116304
2023-10-08 17:00:00+00:00,162.58,108.91,130.0,133.52309651546918,110.00375734591077
2023-10-08 18:00:00+00:00,131.85,100.0,130.0,124.72727088840473,105.00780570246481
2023-10-08 19:00:00+00:00,110.2,83.99,115.16,109.15023253039396,92.14041434389793
2023-10-08 20:00:00+00:00,104.42,76.19,106.62,98.02570987957898,84.95319074046117
2023-10-08 21:00:00+00:00,96.34,72.0,99.97,84.23521520247814,75.32823237029385
2023-10-08 22:00:00+00:00,91.11,70.7,94.9,83.60061057178534,82.3666234693444
2023-10-08 23:00:00+00:00,87.45,70.64,93.17,78.90252708424899,80.9853894528352
2023-10-09 00:00:00+00:00,82.44,70.62,93.4,75.31369423915692,80.25810673158546
2023-10-09 01:00:00+00:00,77.4,70.61,92.02,73.01061064874375,80.0051219796409
2023-10-09 02:00:00+00:00,75.0,71.81,95.68,74.7929937488852,82.62493708272181
2023-10-09 03:00:00+00:00,79.05,77.09,99.33,82.66306824208009,90.55831893337441
2023-10-09 04:00:00+00:00,96.7,83.51,124.99,99.65399136694971,106.36901553811693
2023-10-09 05:00:00+00:00,111.8,100.0,143.49,117.48487031992254,124.05805099275894
2023-10-09 06:00:00+00:00,126.72,102.12,144.5,121.85639038271052,127.49934170676298
2023-10-09 07:00:00+00:00,121.43,100.86,128.0,118.37157301024257,124.52613790044677
2023-10-09 08:00:00+00:00,111.59,86.94,105.32,105.54627541252721,109.62861511904143
2023-10-09 09:00:00+00:00,105.36,76.51,92.48,95.46279298821945,97.24740628701358
2023-10-09 10:00:00+00:00,98.99,70.57,90.28,90.26934140129852,89.8433176249035
2023-10-09 11:00:00+00:00,100.6,55.15,87.92,79.73107400426429,75.09868517362462
2023-10-09 12:00:00+00:00,105.5,54.6,88.17,77.98103463065723,71.11955566287978
2023-10-09 13:00:00+00:00,109.91,70.8,90.5,89.53523754571626,81.6363003983063
2023-10-09 14:00:00+00:00,113.02,88.59,106.03,107.4646183258627,98.05057251411638
2023-10-09 15:00:00+00:00,129.32,113.24,133.27,131.87287946252516,121.62773265157514
2023-10-09 16:00:00+00:00,189.22,135.67,200.01,158.35534032604113,149.25965386571352
2023-10-09 17:00:00+00:00,221.7,162.58,245.05,181.87884697354136,177.3851147410735
2023-10-09 18:00:00+00:00,184.5,131.85,160.07,150.74133606781953,144.41333229039952
2023-10-09 19:00:00+00:00,132.75,110.2,120.0,129.1823248707304,121.70146606020113
2023-10-09 20:00:00+00:00,120.0,104.42,107.03,120.17293314222454,113.65214191675344
2023-10-09 21:00:00+00:00,112.7,96.34,100.0,110.65726945521848,104.67552135944368
2023-10-09 22:00:00+00:00,104.0,91.11,97.58,92.6080957055392,89.79496167436949
2023-10-09 23:00:00+00:00,100.6,87.45,94.61,89.3932651640758,85.97835272776341
2023-10-10 00:00:00+00:00,99.9,82.44,71.94,84.83630997693979,79.53528339126356
2023-10-10 01:00:00+00:00,99.52,77.4,30.64,79.9637568949353,71.57808321036853
2023-10-10 02:00:00+00:00,97.39,75.0,11.51,81.1750477603052,69.15589672794044
2023-10-10 03:00:00+00:00,110.71,79.05,5.02,90.09133048724487,74.38862703611542
2023-10-10 04:00:00+00:00,130.0,96.7,6.31,112.59423928618803,93.61736301078054
2023-10-10 05:00:00+00:00,201.92,111.8,35.7,128.93508499301805,109.76433682212189
2023-10-10 06:00:00+00:00,198.63,126.72,12.5,132.36758123671547,117.66671561886035
2023-10-10 07:00:00+00:00,132.1,121.43,3.3,119.76785622696217,112.76148263312281
2023-10-10 08:00:00+00:00,116.2,111.59,-0.08,101.70103308345544,103.65271836249094
2023-10-10 09:00:00+00:00,104.98,105.36,-0.94,86.43075680344097,97.18988562627464
2023-10-10 10:00:00+00:00,96.65,98.99,-8.3,72.89258661105511,89.4065544930732
2023-10-10 11:00:00+00:00,89.29,100.6,-11.07,67.02826136275831,86.45738817188527
2023-10-10 12:00:00+00:00,91.42,105.5,-9.98,67.434099461718,86.84111367056194
2023-10-10 13:00:00+00:00,91.62,109.91,-4.91,75.05369297913009,90.04077705988065
2023-10-10 14:00:00+00:00,99.2,113.02,-0.05,87.30651841857987,93.62315554571084
2023-10-10 15:00:00+00:00,117.36,129.32,5.0,107.8022388182694,108.23976904443536
2023-10-10 16:00:00+00:00,127.42,189.22,35.72,148.18239678976556,157.47576664737164
2023-10-10 17:00:00+00:00,139.27,221.7,60.0,166.0520754478126,188.68039658156204
2023-10-10 18:00:00+00:00,104.78,184.5,47.51,132.63557495738033,159.13508751694204
2023-10-10 19:00:00+00:00,86.74,132.75,13.75,89.45564107419983,116.4769645576375
2023-10-10 20:00:00+00:00,88.65,120.0,45.1,77.36167417759239,109.2424360678219
2023-10-10 21:00:00+00:00,68.9,112.7,10.06,60.962794672176386,97.0703794506865
2023-10-10 22:00:00+00:00,63.25,104.0,22.21,47.18027829552478,81.99878524608299
2023-10-10 23:00:00+00:00,26.06,100.6,10.1,40.41903116344594,76.9579083242042
2023-10-11 00:00:00+00:00,7.85,99.9,9.53,38.356563252037965,75.64954107881928
2023-10-11 01:00:00+00:00,2.31,99.52,7.77,38.53863242240034,75.26538712617548
2023-10-11 02:00:00+00:00,3.26,97.39,14.5,40.53518455805311,75.33722044250938
2023-10-11 03:00:00+00:00,10.0,110.71,47.92,58.07610601892733,91.41997448375324
2023-10-11 04:00:00+00:00,80.13,130.0,98.59,86.93977750365588,118.58978716650027
2023-10-11 05:00:00+00:00,127.16,201.92,117.02,136.21045002004894,174.00527427376977
2023-10-11 06:00:00+00:00,127.88,198.63,121.31,135.43231093733064,174.98973391286106
2023-10-11 07:00:00+00:00,102.94,132.1,105.9,88.32299383745999,127.86365710870461
2023-10-11 08:00:00+00:00,50.01,116.2,77.66,66.22198253763952,112.36586676204888
2023-10-11 09:00:00+00:00,1.05,104.98,67.22,51.67828820108478,102.73689599263108
2023-10-11 10:00:00+00:00,0.0,96.65,37.55,36.68382786908825,92.10885540947822
2023-10-11 11:00:00+00:00,-0.06,89.29,42.74,28.818997975566603,86.00737383844545
2023-10-11 12:00:00+00:00,-0.04,91.42,39.75,28.76899814701075,85.02214102036548
2023-10-11 13:00:00+00:00,0.06,91.62,61.54,37.12422283656485,86.80453491357483
2023-10-11 14:00:00+00:00,57.78,99.2,79.91,53.85872011284019,93.69012338926187
2023-10-11 15:00:00+00:00,102.23,117.36,95.57,79.26855878932123,110.42378555462601
2023-10-11 16:00:00+00:00,127.79,127.42,116.1,96.55987069912887,126.3558331070822
2023-10-11 17:00:00+00:00,132.14,139.27,127.36,104.44124667607343,139.6242939735048
2023-10-11 18:00:00+00:00,122.55,104.78,116.1,76.36063457888667,109.96142184986275
2023-10-11 19:00:00+00:00,101.95,86.74,88.02,56.01153881452109,88.46893578229178
2023-10-11 20:00:00+00:00,98.86,88.65,85.59,53.00138548974707,86.38624119105857
2023-10-11 21:00:00+00:00,89.92,68.9,77.85,38.45132176925839,69.36006155242387
2023-10-11 22:00:00+00:00,78.31,63.25,82.67,27.78941843457457,58.9470974605072
2023-10-11 23:00:00+00:00,82.95,26.06,76.81,9.835584391882705,33.346160079795595
2023-10-12 00:00:00+00:00,83.73,7.85,70.27,3.9491771243989575,21.329757128730535
2023-10-12 01:00:00+00:00,87.82,2.31,61.4,7.02131148681849,18.629810104908344
2023-10-12 02:00:00+00:00,89.04,3.26,68.91,17.074209583326635,22.712937019328038
2023-10-12 03:00:00+00:00,102.6,10.0,78.46,33.13649102713096,33.23922514258648
2023-10-12 04:00:00+00:00,126.5,80.13,90.57,88.03096475144045,90.46392689319181
2023-10-12 05:00:00+00:00,132.84,127.16,107.46,129.38976804201832,133.49221805608022
2023-10-12 06:00:00+00:00,148.39,127.88,121.85,134.0909016074805,135.61052138084762
2023-10-12 07:00:00+00:00,137.68,102.94,107.11,115.83329369876553,111.91352571077822
2023-10-12 08:00:00+00:00,130.9,50.01,87.33,84.09421513397619,72.07867452035977
2023-10-12 09:00:00+00:00,124.94,1.05,80.9,56.54058610513955,36.73801032730466
2023-10-12 10:00:00+00:00,111.08,0.0,79.0,54.42947433235462,33.882972740518056
2023-10-12 11:00:00+00:00,104.29,-0.06,76.59,52.99064055953652,31.181475295344512
2023-10-12 12:00:00+00:00,108.38,-0.04,80.03,53.966436866009225,29.842306741241273
2023-10-12 13:00:00+00:00,120.0,0.06,83.54,58.25593333665676,29.73880171353177
2023-10-12 14:00:00+00:00,125.71,57.78,96.81,94.18011078788568,69.98017941610382
2023-10-12 15:00:00+00:00,145.0,102.23,117.1,125.2667220886307,104.8502334938026
2023-10-12 16:00:00+00:00,169.9,127.79,176.64,150.29961210672127,133.0628169841521
2023-10-12 17:00:00+00:00,220.99,132.14,250.28,162.66880241625233,148.52658538787026
2023-10-12 18:00:00+00:00,151.27,122.55,139.4,137.2117275571031,124.30612975496439
2023-10-12 19:00:00+00:00,129.36,101.95,109.93,115.9345146651875,103.25673207428272
2023-10-12 20:00:00+00:00,123.5,98.86,100.98,106.80588468119164,97.56266219568252
2023-10-12 21:00:00+00:00,109.84,89.92,94.58,93.81940550434983,86.51335291472628
2023-10-12 22:00:00+00:00,123.99,78.31,87.39,84.08129406040612,80.88963460746547
2023-10-12 23:00:00+00:00,115.0,82.95,84.86,81.21795898289108,79.86029672365241
2023-10-13 00:00:00+00:00,107.14,83.73,80.04,78.54991139417113,77.81721647752761
2023-10-13 01:00:00+00:00,101.4,87.82,75.06,79.20451791628876,79.34082186565402
2023-10-13 02:00:00+00:00,100.08,89.04,70.98,79.86293753374241,80.0755776547297
2023-10-13 03:00:00+00:00,95.25,102.6,75.87,90.45393340670542,92.35418509293713
2023-10-13 04:00:00+00:00,129.43,126.5,97.45,116.10368560313105,122.75514678295983
2023-10-13 05:00:00+00:00,143.45,132.84,117.47,126.59434343752184,136.8473376311277
2023-10-13 06:00:00+00:00,145.25,148.39,120.69,129.73330058059156,148.7823265839994
2023-10-13 07:00:00+00:00,132.05,137.68,104.39,108.86768882920904,137.3056791959306
2023-10-13 08:00:00+00:00,99.0,130.9,84.26,88.02761905257567,125.33788670973081
2023-10-13 09:00:00+00:00,72.02,124.94,62.81,68.8643738305252,113.46004686715325
2023-10-13 10:00:00+00:00,34.45,111.08,10.05,44.41782029225921,94.37021512028402
2023-10-13 11:00:00+00:00,7.3,104.29,1.08,30.907870337275554,85.11947330284096
2023-10-13 12:00:00+00:00,4.31,108.38,1.47,26.998115673396953,83.55638281894588
2023-10-13 13:00:00+00:00,4.24,120.0,41.79,36.330979704534876,92.42893498080824
2023-10-13 14:00:00+00:00,10.0,125.71,62.38,47.00038386314074,100.03178443936132
2023-10-13 15:00:00+00:00,46.48,145.0,86.55,69.80649510908935,119.65375805663584
2023-10-13 16:00:00+00:00,74.23,169.9,104.3,92.02313394875355,143.74526781776956
2023-10-13 17:00:00+00:00,76.3,220.99,111.17,121.5107072211163,183.3321941867834
2023-10-13 18:00:00+00:00,15.94,151.27,101.0,76.28356856966882,132.8618267578795
2023-10-13 19:00:00+00:00,5.05,129.36,80.07,53.85625284317805,111.607833206646
2023-10-13 20:00:00+00:00,0.2,123.5,56.78,42.63129122613417,102.49046950601142
2023-10-13 21:00:00+00:00,-0.81,109.84,0.52,22.977954445767082,83.38571911335525
2023-10-13 22:00:00+00:00,-0.09,123.99,0.05,31.04460261651188,89.48761658358312
2023-10-13 23:00:00+00:00,-1.87,115.0,0.04,23.633528435640656,80.56124386314872
2023-10-14 00:00:00+00:00,-1.49,107.14,0.1,17.573999013224963,71.99068661132164
2023-10-14 01:00:00+00:00,-1.72,101.4,0.67,14.425909579813975,65.59750525713284
2023-10-14 02:00:00+00:00,-2.21,100.08,6.07,14.795886205300278,62.00349172484007
2023-10-14 03:00:00+00:00,-2.08,95.25,21.38,17.515428188504927,58.81775591575101
2023-10-14 04:00:00+00:00,-0.96,129.43,52.44,44.344337799590704,85.08146156913469
2023-10-14 05:00:00+00:00,-0.02,143.45,67.17,59.9483084080189,95.71232641701724
2023-10-14 06:00:00+00:00,9.09,145.25,70.82,63.632722100633245,98.76822687486721
2023-10-14 07:00:00+00:00,20.6,132.05,68.71,55.25717827291261,89.61765506133663
2023-10-14 08:00:00+00:00,1.08,99.0,46.82,29.28738815116975,64.00784829231024
2023-10-14 09:00:00+00:00,-0.05,72.02,19.62,6.319673189840344,42.464224999065905
2023-10-14 10:00:00+00:00,-0.94,34.45,10.38,-17.06191582588879,16.48147089185744
2023-10-14 11:00:00+00:00,-1.09,7.3,0.22,-32.096556811766206,-2.163099808213559
2023-10-14 12:00:00+00:00,-1.39,4.31,1.0,-30.657915640118418,-2.469615518402236
2023-10-14 13:00:00+00:00,-0.08,4.24,22.01,-21.853428049674363,3.150820691908777
2023-10-14 14:00:00+00:00,0.6,10.0,61.59,-2.8951656207468233,16.364695226508644
2023-10-14 15:00:00+00:00,67.19,46.48,86.44,34.67498539649655,50.54937234019415
2023-10-14 16:00:00+00:00,117.9,74.23,102.28,62.29112437697083,78.53262916379161
2023-10-14 17:00:00+00:00,129.97,76.3,108.91,66.7061107703554,87.94675616151237
2023-10-14 18:00:00+00:00,96.91,15.94,100.0,25.96908060723176,41.87795537172388
2023-10-14 19:00:00+00:00,85.68,5.05,83.99,13.394231402011513,31.340765153790286
2023-10-14 20:00:00+00:00,74.59,0.2,76.19,7.1152525400294735,27.42240229011361
2023-10-14 21:00:00+00:00,47.06,-0.81,72.0,2.5701916328997214,24.612404212361852
2023-10-14 22:00:00+00:00,14.67,-0.09,70.7,5.026135483869112,32.7991555588666
2023-10-14 23:00:00+00:00,6.96,-1.87,70.64,1.022262628722359,29.096749962221566
2023-10-15 00:00:00+00:00,5.79,-1.49,70.62,-1.0687961055371744,26.310121382151735
2023-10-15 01:00:00+00:00,9.06,-1.72,70.61,-2.0175874785312544,23.177379201190007
2023-10-15 02:00:00+00:00,5.72,-2.21,71.81,-1.6041048249594354,20.203197715396655
2023-10-15 03:00:00+00:00,7.63,-2.08,77.09,-0.6051268734531874,17.58526645024726
2023-10-15 04:00:00+00:00,5.88,-0.96,83.51,1.5710332419429136,18.139303844362402
2023-10-15 05:00:00+00:00,21.34,-0.02,100.0,4.344050799346988,18.882912082098798
2023-10-15 06:00:00+00:00,24.58,9.09,102.12,6.692714068854954,23.91332673243842
2023-10-15 07:00:00+00:00,30.9,20.6,100.86,4.964384030457481,30.48441478571128
2023-10-15 08:00:00+00:00,5.07,1.08,86.94,-17.906293335311247,12.6591988894358
2023-10-15 09:00:00+00:00,0.04,-0.05,76.51,-28.2837647149628,8.732254764884587
2023-10-15 10:00:00+00:00,-0.09,-0.94,70.57,-34.28044304217441,3.9569744993105047
2023-10-15 11:00:00+00:00,-1.0,-1.09,55.15,-39.51731442396947,-1.0569423591842195
2023-10-15 12:00:00+00:00,-1.76,-1.39,54.6,-38.203492568461755,-1.1418859713988496
2023-10-15 13:00:00+00:00,-0.23,-0.08,70.8,-29.688263056716394,3.2719166716912724
2023-10-15 14:00:00+00:00,1.04,0.6,88.59,-17.304314971746095,9.656888237472785
2023-10-15 15:00:00+00:00,80.8,67.19,113.24,40.40775193622896,66.04970586840498
2023-10-15 16:00:00+00:00,139.9,117.9,135.67,88.08394779405322,113.02564146244747
2023-10-15 17:00:00+00:00,134.98,129.97,162.58,105.28299404754567,131.3539907646448
2023-10-15 18:00:00+00:00,132.26,96.91,131.85,80.75098834874447,102.59586048105129
2023-10-15 19:00:00+00:00,115.03,85.68,110.2,70.92518478260777,92.5074324513788
2023-10-15 20:00:00+00:00,116.96,74.59,104.42,64.9873285416434,84.95160776696144
2023-10-15 21:00:00+00:00,95.28,47.06,96.34,47.154837389197006,63.77557374129083
2023-10-15 22:00:00+00:00,103.62,14.67,91.11,34.44844950025852,49.609644315922296
2023-10-15 23:00:00+00:00,97.03,6.96,87.45,29.861860718881715,42.98703139134671
2023-10-16 00:00:00+00:00,98.37,5.79,82.44,30.136643872429886,41.414509143448335
2023-10-16 01:00:00+00:00,96.63,9.06,77.4,34.97187551230273,43.74248374541901
2023-10-16 02:00:00+00:00,94.43,5.72,75.0,39.76092512967179,43.437514279206404
2023-10-16 03:00:00+00:00,98.27,7.63,79.05,50.79916698902088,48.9172143291403
2023-10-16 04:00:00+00:00,139.56,5.88,96.7,67.62063730202996,57.54843067316122
2023-10-16 05:00:00+00:00,159.37,21.34,111.8,88.99967536588163,73.8892420355034
2023-10-16 06:00:00+00:00,165.72,24.58,126.72,95.83439492136739,80.16068240665342
2023-10-16 07:00:00+00:00,154.49,30.9,121.43,92.93713568138617,84.4657237983381
2023-10-16 08:00:00+00:00,121.96,5.07,111.59,69.64728759384792,63.90884254534231
2023-10-16 09:00:00+00:00,116.82,0.04,105.36,60.2349444948374,59.35887515994046
2023-10-16 10:00:00+00:00,113.79,-0.09,98.99,57.13998514596033,57.500073151408934
2023-10-16 11:00:00+00:00,106.25,-1.0,100.6,56.53334225910445,54.761893242788226
2023-10-16 12:00:00+00:00,109.49,-1.76,105.5,58.74601605735506,52.30369684399078
2023-10-16 13:00:00+00:00,116.75,-0.23,109.91,66.36948463535029,52.1114542880399
2023-10-16 14:00:00+00:00,138.96,1.04,113.02,78.13850225963222,52.61898757846385
2023-10-16 15:00:00+00:00,166.83,80.8,129.32,139.23718357132313,115.21134483018685
2023-10-16 16:00:00+00:00,211.06,139.9,189.22,187.78274723101413,169.10520987322488
2023-10-16 17:00:00+00:00,240.0,134.98,221.7,189.15995384340061,172.8037781568388
2023-10-16 18:00:00+00:00,159.94,132.26,184.5,176.06363822262938,162.58621832514186
2023-10-16 19:00:00+00:00,145.01,115.03,132.75,154.04659080599058,141.82709851350018
2023-10-16 20:00:00+00:00,135.2,116.96,120.0,147.45157183569182,138.90476129867682
2023-10-16 21:00:00+00:00,119.22,95.28,112.7,127.54529581941371,118.5323588159769
2023-10-16 22:00:00+00:00,127.58,103.62,104.0,115.81223088840544,108.09110640108207
2023-10-16 23:00:00+00:00,114.04,97.03,100.6,110.17109958920489,101.86492394326315
2023-10-17 00:00:00+00:00,108.38,98.37,99.9,110.73807663552957,102.2089019795336
2023-10-17 01:00:00+00:00,105.5,96.63,99.52,111.9823237489381,101.62413318475
2023-10-17 02:00:00+00:00,110.57,94.43,97.39,114.17423384729895,100.68132245855138
2023-10-17 03:00:00+00:00,121.96,98.27,110.71,124.99735174260397,107.94453369249617
2023-10-17 04:00:00+00:00,150.25,139.56,130.0,162.0354656577407,144.45664560861786
2023-10-17 05:00:00+00:00,165.0,159.37,201.92,191.83034811338172,171.87871097397735
2023-10-17 06:00:00+00:00,191.08,165.72,198.63,196.96826463231952,177.19746668779902
2023-10-17 07:00:00+00:00,159.4,154.49,132.1,177.29430698091264,161.28303356465847
2023-10-17 08:00:00+00:00,134.98,121.96,116.2,148.01996062473307,133.59456301090154
2023-10-17 09:00:00+00:00,113.67,116.82,104.98,135.51568857482516,126.55756383654509
2023-10-17 10:00:00+00:00,108.91,113.79,96.65,125.42402632605804,121.11853879704701
2023-10-17 11:00:00+00:00,100.08,106.25,89.29,114.26590040860548,111.23296543690545
2023-10-17 12:00:00+00:00,98.4,109.49,91.42,112.3585214653391,108.96819110211514
2023-10-17 13:00:00+00:00,107.95,116.75,91.62,116.86764256743743,109.98166706615687
2023-10-17 14:00:00+00:00,128.42,138.96,99.2,134.21960792457665,122.59903295752797
2023-10-17 15:00:00+00:00,153.12,166.83,117.36,166.5095831144846,151.1168144979982
2023-10-17 16:00:00+00:00,165.92,211.06,127.42,200.1667394802251,190.38170241851202
2023-10-17 17:00:00+00:00,164.45,240.0,139.27,215.81363952877396,214.88281794728613
2023-10-17 18:00:00+00:00,129.97,159.94,104.78,160.48233932103426,154.6992297672706
2023-10-17 19:00:00+00:00,132.9,145.01,86.74,141.48946255900773,138.66487433141367
2023-10-17 20:00:00+00:00,126.03,135.2,88.65,129.4963154526798,129.87820732297928
2023-10-17 21:00:00+00:00,104.42,119.22,68.9,110.52334237287063,111.9531961271224
2023-10-17 22:00:00+00:00,89.58,127.58,63.25,103.6964682141677,105.52756053039653
2023-10-17 23:00:00+00:00,89.06,114.04,26.06,90.02579420174698,90.36243877522931
2023-10-18 00:00:00+00:00,88.36,108.38,7.85,85.18944301702969,84.16770477120716
2023-10-18 01:00:00+00:00,89.48,105.5,2.31,84.71910352765225,81.82088291325073
2023-10-18 02:00:00+00:00,91.99,110.57,3.26,90.79429672255463,86.45907872479164
2023-10-18 03:00:00+00:00,97.56,121.96,10.0,103.15011033969328,97.80632966699348
2023-10-18 04:00:00+00:00,134.0,150.25,80.13,138.30719901404512,134.57332950112277
2023-10-18 05:00:00+00:00,166.91,165.0,127.16,158.15204090125323,154.73644601459836
2023-10-18 06:00:00+00:00,159.14,191.08,127.88,170.0627826471043,173.90080511501594
2023-10-18 07:00:00+00:00,123.41,159.4,102.94,138.24268307505758,147.77123029827294
2023-10-18 08:00:00+00:00,90.02,134.98,50.01,106.78999232512399,121.0167671427419
2023-10-18 09:00:00+00:00,76.92,113.67,1.05,83.6699728630378,99.7051496476213
2023-10-18 10:00:00+00:00,70.09,108.91,0.0,76.4536609058261,94.51944735481855
2023-10-18 11:00:00+00:00,64.0,100.08,-0.06,68.59369006901781,85.45706611439702
2023-10-18 12:00:00+00:00,71.59,98.4,-0.04,67.06915371249164,82.05369752399261
2023-10-18 13:00:00+00:00,90.07,107.95,0.06,75.66051843829788,87.4708023560002
2023-10-18 14:00:00+00:00,115.16,128.42,57.78,99.80817249282744,109.72441917177198
2023-10-18 15:00:00+00:00,131.08,153.12,102.23,124.46860207305929,136.42754531767082
2023-10-18 16:00:00+00:00,110.54,165.92,127.79,134.62751289105523,154.64039731747908
2023-10-18 17:00:00+00:00,106.9,164.45,132.14,127.70465765026955,157.11099798804298
2023-10-18 18:00:00+00:00,96.81,129.97,122.55,95.45141621390594,124.75453127192716
2023-10-18 19:00:00+00:00,86.29,132.9,101.95,87.22136832710737,121.40467391941004
2023-10-18 20:00:00+00:00,76.23,126.03,98.86,76.96443544473642,113.42363414314833
2023-10-18 21:00:00+00:00,47.48,104.42,89.92,58.41118087657817,94.23228935719047
2023-10-18 22:00:00+00:00,25.89,89.58,78.31,38.852099551746086,77.08782833100805
2023-10-18 23:00:00+00:00,15.45,89.06,82.95,37.227185467723864,75.65065389720955
2023-10-19 00:00:00+00:00,10.1,88.36,83.73,37.41679196824754,74.81702161672949
2023-10-19 01:00:00+00:00,8.15,89.48,87.82,41.33078412892393,76.54671257621082
2023-10-19 02:00:00+00:00,17.01,91.99,89.04,48.58115591589634,80.36962999439625
2023-10-19 03:00:00+00:00,42.88,97.56,102.6,62.76230163549198,90.05872401664156
2023-10-19 04:00:00+00:00,88.07,134.0,126.5,100.49582070370626,126.35799546809072
2023-10-19 05:00:00+00:00,107.78,166.91,132.84,130.36448841296453,154.12447912422985
2023-10-19 06:00:00+00:00,124.11,159.14,148.39,134.1391643612989,152.853160688449
2023-10-19 07:00:00+00:00,127.0,123.41,137.68,113.46154870848989,124.6828048114837
2023-10-19 08:00:00+00:00,122.75,90.02,130.9,93.38457863836024,99.15715602714265
2023-10-19 09:00:00+00:00,124.64,76.92,124.94,83.7253653644685,87.13138429881859
2023-10-19 10:00:00+00:00,124.85,70.09,111.08,76.96969811247138,78.68037588965586
2023-10-19 11:00:00+00:00,120.11,64.0,104.29,72.21676446069714,71.46351229928294
2023-10-19 12:00:00+00:00,119.58,71.59,108.38,75.06937414834022,74.32866450304037
2023-10-19 13:00:00+00:00,123.62,90.07,120.0,87.30966627444863,87.7723167461131
2023-10-19 14:00:00+00:00,133.04,115.16,125.71,103.17928025494476,106.6945642735657
2023-10-19 15:00:00+00:00,137.7,131.08,145.0,115.70607843728457,122.99898139550703
2023-10-19 16:00:00+00:00,138.87,110.54,169.9,108.90426661903929,116.83264843800944
2023-10-19 17:00:00+00:00,138.07,106.9,220.99,109.38613534249076,122.34301868582344
2023-10-19 18:00:00+00:00,116.79,96.81,151.27,85.3388746126094,102.1370512335237
2023-10-19 19:00:00+00:00,94.75,86.29,129.36,69.82438190113363,90.41997496502604
2023-10-19 20:00:00+00:00,97.0,76.23,123.5,57.283175414768415,80.4925199032568
2023-10-19 21:00:00+00:00,83.6,47.48,109.84,34.039354303631654,56.123912511960434
2023-10-19 22:00:00+00:00,77.59,25.89,123.99,24.41599869857974,46.92285456198721
2023-10-19 23:00:00+00:00,63.69,15.45,115.0,15.92539744686971,39.06937426516162
2023-10-20 00:00:00+00:00,51.2,10.1,107.14,11.536447711264955,35.18527570326634
2023-10-20 01:00:00+00:00,35.27,8.15,101.4,11.042848966352608,34.77804743757149
2023-10-20 02:00:00+00:00,23.05,17.01,100.08,17.9662584559601,42.76943055500947
2023-10-20 03:00:00+00:00,41.75,42.88,95.25,35.36394122811167,62.94338648674971
2023-10-20 04:00:00+00:00,76.69,88.07,129.43,73.49714420522821,106.13486648317688
2023-10-20 05:00:00+00:00,108.12,107.78,143.45,93.30897328769251,127.01496298140908
2023-10-20 06:00:00+00:00,119.44,124.11,145.25,104.15616730199423,138.4171062862656
2023-10-20 07:00:00+00:00,124.76,127.0,132.05,102.87755190925762,136.20408139634802
2023-10-20 08:00:00+00:00,115.22,122.75,99.0,94.01689482396836,125.86185317152714
2023-10-20 09:00:00+00:00,109.16,124.64,72.02,89.24078418187146,121.19376944208437
2023-10-20 10:00:00+00:00,100.75,124.85,34.45,82.29553563291961,113.86858195910928
2023-10-20 11:00:00+00:00,93.76,120.11,7.3,73.84956976540573,103.98368512005725
2023-10-20 12:00:00+00:00,92.81,119.58,4.31,71.09146835297949,100.93577357990587
2023-10-20 13:00:00+00:00,95.31,123.62,4.24,74.36304104007586,103.79126020055467
2023-10-20 14:00:00+00:00,99.03,133.04,10.0,83.82163847395505,113.02564773441235
2023-10-20 15:00:00+00:00,108.5,137.7,46.48,95.14399691399464,123.32733866898917
2023-10-20 16:00:00+00:00,117.54,138.87,74.23,103.30176165620166,129.42716517694313
2023-10-20 17:00:00+00:00,120.29,138.07,76.3,104.17188997597432,130.36226120672353
2023-10-20 18:00:00+00:00,101.94,116.79,15.94,79.90668388233459,105.37214862842005
2023-10-20 19:00:00+00:00,82.86,94.75,5.05,61.97941927724009,85.955556877409
2023-10-20 20:00:00+00:00,78.51,97.0,0.2,58.97952423818757,84.5607239270111
2023-10-20 21:00:00+00:00,56.44,83.6,-0.81,46.03171030507431,70.34515015480109
2023-10-20 22:00:00+00:00,53.1,77.59,-0.09,38.28903512125758,62.55823475051106
2023-10-20 23:00:00+00:00,37.27,63.69,-1.87,27.4601639630839,48.92536300840263
2023-10-21 00:00:00+00:00,39.74,51.2,-1.49,18.736747322750503,36.31546100574838
2023-10-21 01:00:00+00:00,33.95,35.27,-1.72,8.830864954656633,22.23249022586046
2023-10-21 02:00:00+00:00,37.15,23.05,-2.21,1.8389245162962595,11.024505763068717
2023-10-21 03:00:00+00:00,35.14,41.75,-2.08,13.447287165212941,22.425389741397908
2023-10-21 04:00:00+00:00,43.7,76.69,-0.96,35.61310317545674,46.97014661955334
2023-10-21 05:00:00+00:00,66.67,108.12,-0.02,57.26843218136125,68.97432166495435
2023-10-21 06:00:00+00:00,74.95,119.44,9.09,65.63923702692277,78.05927241967741
2023-10-21 07:00:00+00:00,58.71,124.76,20.6,66.36705513081856,83.50475058418152
2023-10-21 08:00:00+00:00,44.83,115.22,1.08,52.810975287411146,73.88776542572216
2023-10-21 09:00:00+00:00,31.1,109.16,-0.05,45.53176220107055,70.07071263140948
2023-10-21 10:00:00+00:00,20.8,100.75,-0.94,36.695934780518535,63.3152707491954
2023-10-21 11:00:00+00:00,10.0,93.76,-1.09,30.99442811392926,56.72683367855032
2023-10-21 12:00:00+00:00,13.21,92.81,-1.39,32.31806755474109,55.23332344094116
2023-10-21 13:00:00+00:00,28.03,95.31,-0.08,42.40080586486204,58.4355545731807
2023-10-21 14:00:00+00:00,84.35,99.03,0.6,57.965128618693804,64.49625611114001
2023-10-21 15:00:00+00:00,114.77,108.5,67.19,83.57330576917293,83.71266090515476
2023-10-21 16:00:00+00:00,128.4,117.54,117.9,98.18432512329267,101.4074162747951
2023-10-21 17:00:00+00:00,114.72,120.29,129.97,96.72464417277975,108.80370848719244
2023-10-21 18:00:00+00:00,90.21,101.94,96.91,72.86853507748071,91.14016837304885
2023-10-21 19:00:00+00:00,53.39,82.86,85.68,52.99724605830219,75.30655336077322
2023-10-21 20:00:00+00:00,49.33,78.51,74.59,45.25840709666827,71.569822484573
2023-10-21 21:00:00+00:00,40.15,56.44,47.06,24.94289538781527,51.43447598145971
2023-10-21 22:00:00+00:00,39.37,53.1,14.67,24.261712068927267,50.90391915755015
2023-10-21 23:00:00+00:00,30.36,37.27,6.96,11.58275608709566,36.57124030692874
2023-10-22 00:00:00+00:00,18.61,39.74,5.79,9.213822335999296,34.3480957722913
2023-10-22 01:00:00+00:00,15.63,33.95,9.06,3.590301507490537,26.823706496704233
2023-10-22 02:00:00+00:00,18.35,37.15,5.72,2.615904783984405,24.317865977728317
2023-10-22 03:00:00+00:00,34.32,35.14,7.63,2.2206673340472634,21.489782699379887
2023-10-22 04:00:00+00:00,30.26,43.7,5.88,8.246736085478048,26.37756042791753
2023-10-22 05:00:00+00:00,58.2,66.67,21.34,26.205822623652793,43.973145833386475
2023-10-22 06:00:00+00:00,54.5,74.95,24.58,32.33277247089282,50.39970959024883
2023-10-22 07:00:00+00:00,62.83,58.71,30.9,21.78234188377624,41.86505108308283
2023-10-22 08:00:00+00:00,51.58,44.83,5.07,4.515199240598392,28.841372192457357
2023-10-22 09:00:00+00:00,48.59,31.1,0.04,-6.656323689998828,20.013110707563513
2023-10-22 10:00:00+00:00,44.99,20.8,-0.09,-14.6228108384757,12.167174340990826
2023-10-22 11:00:00+00:00,29.19,10.0,-1.0,-19.850842745163575,3.768622855361855
2023-10-22 12:00:00+00:00,31.86,13.21,-1.76,-12.643271308848583,6.33743373255318
2023-10-22 13:00:00+00:00,51.29,28.03,-0.23,5.446469707683747,18.189423995615456
2023-10-22 14:00:00+00:00,77.32,84.35,1.04,50.7503010750077,59.63412848400238
2023-10-22 15:00:00+00:00,125.83,114.77,80.8,93.46543995694093,95.91380901801207
2023-10-22 16:00:00+00:00,135.29,128.4,139.9,117.974674955269,120.04595851024703
2023-10-22 17:00:00+00:00,139.02,114.72,134.98,111.44837320948591,115.08090874329645
2023-10-22 18:00:00+00:00,126.05,90.21,132.26,94.28713826143712,98.37774683686054
2023-10-22 19:00:00+00:00,112.47,53.39,115.03,69.85217721276715,71.18725547135999
2023-10-22 20:00:00+00:00,102.18,49.33,116.96,67.2372912889507,69.61614755564055
2023-10-22 21:00:00+00:00,96.66,40.15,95.28,55.38694450160632,57.51574771776629
2023-10-22 22:00:00+00:00,99.46,39.37,103.62,62.28101556162199,66.331709223055
2023-10-22 23:00:00+00:00,100.06,30.36,97.03,56.82237403540026,57.87129583681696
2023-10-23 00:00:00+00:00,101.28,18.61,98.37,53.59776829392205,50.470570079942256
2023-10-23 01:00:00+00:00,100.11,15.63,96.63,56.635318148137635,49.1884450196051
2023-10-23 02:00:00+00:00,98.73,18.35,94.43,65.38970835305221,53.38834168392726
2023-10-23 03:00:00+00:00,105.41,34.32,98.27,84.15350616591064,68.0887472865897
2023-10-23 04:00:00+00:00,142.9,30.26,139.56,102.89817316076896,78.44061166294084
2023-10-23 05:00:00+00:00,177.5,58.2,159.37,132.02204392647252,105.45737690883736
2023-10-23 06:00:00+00:00,198.39,54.5,165.72,133.30120989582494,105.60798581623138
2023-10-23 07:00:00+00:00,151.65,62.83,154.49,126.86905314132598,107.72226678449947
2023-10-23 08:00:00+00:00,128.07,51.58,121.96,105.57097966318902,93.66910947425433
2023-10-23 09:00:00+00:00,109.03,48.59,116.82,96.86808879069447,89.260461977973
2023-10-23 10:00:00+00:00,102.26,44.99,113.79,91.8811410977815,83.60593838426162
2023-10-23 11:00:00+00:00,103.22,29.19,106.25,82.51747092173744,68.14249069138536
2023-10-23 12:00:00+00:00,107.0,31.86,109.49,87.95902974738034,68.03454658446779
2023-10-23 13:00:00+00:00,128.72,51.29,116.75,104.83181473240646,81.88076604849661
2023-10-23 14:00:00+00:00,138.67,77.32,138.96,128.45349778043814,106.2169594133238
2023-10-23 15:00:00+00:00,154.97,125.83,166.83,164.14882954221318,147.54627026801896
2023-10-23 16:00:00+00:00,165.19,135.29,211.06,174.60654503456254,163.8375852106795
2023-10-23 17:00:00+00:00,155.9,139.02,240.0,174.24770602494465,171.1718836140899
2023-10-23 18:00:00+00:00,127.33,126.05,159.94,146.63852874208158,149.3295890468247
2023-10-23 19:00:00+00:00,104.02,112.47,145.01,127.25354492445435,134.04210146480114
2023-10-23 20:00:00+00:00,107.95,102.18,135.2,112.28057698909919,123.4406154177514
2023-10-23 21:00:00+00:00,92.76,96.66,119.22,98.88092120213665,114.24909961317915
2023-10-23 22:00:00+00:00,101.33,99.46,127.58,84.6815526526629,104.62763233546734
2023-10-23 23:00:00+00:00,97.21,100.06,114.04,79.04981782647276,101.76351683099756
2023-10-24 00:00:00+00:00,94.54,101.28,108.38,76.35418910535172,100.04969962066987
2023-10-24 01:00:00+00:00,89.46,100.11,105.5,76.17670271229764,98.78067616624776
2023-10-24 02:00:00+00:00,90.27,98.73,110.57,79.18813188725211,99.46447239088697
2023-10-24 03:00:00+00:00,94.8,105.41,121.96,91.32536428459022,109.20295268251648
2023-10-24 04:00:00+00:00,101.65,142.9,150.25,127.35041172796758,144.01398842836207
2023-10-24 05:00:00+00:00,120.12,177.5,165.0,159.84035721424243,175.44127112294512
2023-10-24 06:00:00+00:00,130.72,198.39,191.08,180.67596431235074,193.78056987980568
2023-10-24 07:00:00+00:00,136.35,151.65,159.4,153.43302704906282,157.982083030424
2023-10-24 08:00:00+00:00,128.37,128.07,134.98,137.33238697413273,136.63085357623697
2023-10-24 09:00:00+00:00,125.0,109.03,113.67,125.39954291540712,119.3476816347155
2023-10-24 10:00:00+00:00,118.99,102.26,108.91,120.9666970275528,111.26034078572812
2023-10-24 11:00:00+00:00,112.54,103.22,100.08,117.84734538733488,106.01694048528545
2023-10-24 12:00:00+00:00,115.4,107.0,98.4,117.07737101387696,104.99920594419739
2023-10-24 13:00:00+00:00,132.17,128.72,107.95,128.6124128749634,119.73354605602518
2023-10-24 14:00:00+00:00,129.16,138.67,128.42,137.91738456726085,129.991072707459
2023-10-24 15:00:00+00:00,140.0,154.97,153.12,156.0187591547995,150.02414836447988
2023-10-24 16:00:00+00:00,149.87,165.19,165.92,165.6604839537382,162.6740862738248
2023-10-24 17:00:00+00:00,154.07,155.9,164.45,158.04211697744392,158.3370715161841
2023-10-24 18:00:00+00:00,133.45,127.33,129.97,129.87250897412406,131.59921774203713
2023-10-24 19:00:00+00:00,119.31,104.02,132.9,110.63456249325827,113.40826446315081
2023-10-24 20:00:00+00:00,114.1,107.95,126.03,104.46529338121357,112.17338564068505
2023-10-24 21:00:00+00:00,102.78,92.76,104.42,87.4054111981761,96.44684777059997
2023-10-24 22:00:00+00:00,99.07,101.33,89.58,75.9257435370457,85.63477913562895
2023-10-24 23:00:00+00:00,94.56,97.21,89.06,71.56357929014064,82.17837199948127
2023-10-25 00:00:00+00:00,89.43,94.54,88.36,70.30863591099171,80.42282938606871
2023-10-25 01:00:00+00:00,86.06,89.46,89.48,70.18473062895491,78.02793510892805
2023-10-25 02:00:00+00:00,90.54,90.27,91.99,75.24546295559253,80.41866850440304
2023-10-25 03:00:00+00:00,96.99,94.8,97.56,85.99161126257914,87.6248202167187
2023-10-25 04:00:00+00:00,125.5,101.65,134.0,108.75666365246845,106.00719258500303
2023-10-25 05:00:00+00:00,150.16,120.12,166.91,133.89874554316222,129.05486740756712
2023-10-25 06:00:00+00:00,152.87,130.72,159.14,141.34454022366316,136.94164389929514
2023-10-25 07:00:00+00:00,140.49,136.35,123.41,133.5208950132271,132.02858553852388
2023-10-25 08:00:00+00:00,130.02,128.37,90.02,118.59277744874275,119.51459530704749
2023-10-25 09:00:00+00:00,124.99,125.0,76.92,110.99409635299448,113.4559821595847
2023-10-25 10:00:00+00:00,117.38,118.99,70.09,104.59047684166977,106.32077700784441
2023-10-25 11:00:00+00:00,115.62,112.54,64.0,99.5105126559943,98.73493717614332
2023-10-25 12:00:00+00:00,124.47,115.4,71.59,103.25253463762566,99.52247246514517
2023-10-25 13:00:00+00:00,138.13,132.17,90.07,117.24024584494418,113.05070358923197
2023-10-25 14:00:00+00:00,147.51,129.16,115.16,120.68078857954018,114.48511043639216
2023-10-25 15:00:00+00:00,153.73,140.0,131.08,131.3323376945658,127.31131824132072
2023-10-25 16:00:00+00:00,154.62,149.87,110.54,134.16693579628048,135.3974617210523
2023-10-25 17:00:00+00:00,157.71,154.07,106.9,132.3149602314296,139.0012691853582
2023-10-25 18:00:00+00:00,137.08,133.45,96.81,110.80906901909768,119.65043899516373
2023-10-25 19:00:00+00:00,123.55,119.31,86.29,94.93353995958614,105.23884485495545
2023-10-25 20:00:00+00:00,120.06,114.1,76.23,85.7294619160201,98.57554431262423
2023-10-25 21:00:00+00:00,112.8,102.78,47.48,70.23415046573342,83.68748720492252
2023-10-25 22:00:00+00:00,89.48,99.07,25.89,51.66611643778497,72.55305870361742
2023-10-25 23:00:00+00:00,89.91,94.56,15.45,46.53375624928541,67.23575094822468
2023-10-26 00:00:00+00:00,87.49,89.43,10.1,43.83979838190638,62.294816297919944
2023-10-26 01:00:00+00:00,87.04,86.06,8.15,44.854257444631976,59.723338210695694
2023-10-26 02:00:00+00:00,89.92,90.54,17.01,54.342481408850595,65.25085076200077
2023-10-26 03:00:00+00:00,100.0,96.99,42.88,69.89543188200989,75.91093108933478
2023-10-26 04:00:00+00:00,117.08,125.5,88.07,104.45627723268908,107.01116174005102
2023-10-26 05:00:00+00:00,133.66,150.16,107.78,131.69266814741084,130.76360618659132
2023-10-26 06:00:00+00:00,143.85,152.87,124.11,142.18650273895906,136.45516990769661
2023-10-26 07:00:00+00:00,149.0,140.49,127.0,138.07965164690418,128.98242499285638
2023-10-26 08:00:00+00:00,146.37,130.02,122.75,131.36953075091145,120.25422874656847
2023-10-26 09:00:00+00:00,140.0,124.99,124.64,127.99299551097307,115.7558929614107
2023-10-26 10:00:00+00:00,131.11,117.38,124.85,122.79987029138067,108.63584233894964
2023-10-26 11:00:00+00:00,120.09,115.62,120.11,119.47876636489124,104.06039174039292
2023-10-26 12:00:00+00:00,119.6,124.47,119.58,123.307063159236,107.93717580747864
2023-10-26 13:00:00+00:00,120.01,138.13,123.62,131.3796782910498,117.0531633436731
2023-10-26 14:00:00+00:00,131.14,147.51,133.04,138.94293853826008,124.27386557461969
2023-10-26 15:00:00+00:00,142.91,153.73,137.7,146.361274272454,132.2483778523541
2023-10-26 16:00:00+00:00,150.95,154.62,138.87,149.66704305201665,137.4373179232103
2023-10-26 17:00:00+00:00,150.99,157.71,138.07,148.8358325573287,141.01438481923202
2023-10-26 18:00:00+00:00,130.72,137.08,116.79,127.07230886399768,120.87983297811742
2023-10-26 19:00:00+00:00,119.06,123.55,94.75,110.83696384258656,106.2066341398399
2023-10-26 20:00:00+00:00,117.06,120.06,97.0,103.54785804281111,101.68389686213568
2023-10-26 21:00:00+00:00,104.85,112.8,83.6,91.66093305941027,91.30361357170011
2023-10-26 22:00:00+00:00,104.56,89.48,77.59,81.0065851817063,78.41824253444199
2023-10-26 23:00:00+00:00,97.33,89.91,63.69,77.70847258440759,75.95019200950311
2023-10-27 00:00:00+00:00,95.11,87.49,51.2,74.5959460655178,72.16652042678447
2023-10-27 01:00:00+00:00,95.0,87.04,35.27,74.46790773708067,70.37014003411662
2023-10-27 02:00:00+00:00,99.15,89.92,23.05,78.33154387576789,72.44918832354648
2023-10-27 03:00:00+00:00,104.58,100.0,41.75,91.7346133260912,84.38885159604459
2023-10-27 04:00:00+00:00,122.61,117.08,76.69,116.33694299376015,107.93780585589343
2023-10-27 05:00:00+00:00,143.28,133.66,108.12,136.2858406173976,127.87185068955475
2023-10-27 06:00:00+00:00,154.55,143.85,119.44,145.51831261938918,136.8182157970785
2023-10-27 07:00:00+00:00,152.7,149.0,124.76,147.0270174486158,139.45848931359504
2023-10-27 08:00:00+00:00,145.19,146.37,115.22,140.0961107308915,134.67216886328873
2023-10-27 09:00:00+00:00,138.29,140.0,109.16,130.20149073229544,127.89117560494458
2023-10-27 10:00:00+00:00,122.39,131.11,100.75,119.49849249571326,118.7681119754985
2023-10-27 11:00:00+00:00,109.8,120.09,93.76,108.53784443612832,108.01090617271228
2023-10-27 12:00:00+00:00,101.57,119.6,92.81,106.38310177784582,105.97565346956567
2023-10-27 13:00:00+00:00,107.68,120.01,95.31,108.46697295039931,106.11357901057266
2023-10-27 14:00:00+00:00,126.41,131.14,99.03,118.43441740015811,114.49305705536001
2023-10-27 15:00:00+00:00,128.36,142.91,108.5,131.0929298876967,126.06318238696556
2023-10-27 16:00:00+00:00,139.82,150.95,117.54,138.61066782534286,135.512621639115
2023-10-27 17:00:00+00:00,140.54,150.99,120.29,135.39546220707524,136.61929151080352
2023-10-27 18:00:00+00:00,120.89,130.72,101.94,113.93996256814987,117.30504028871603
2023-10-27 19:00:00+00:00,100.05,119.06,82.86,98.91467742403252,104.65449594123142
2023-10-27 20:00:00+00:00,96.84,117.06,78.51,91.71378151287557,100.85783457737308
2023-10-27 21:00:00+00:00,93.7,104.85,56.44,76.2116138723926,87.02081406892414
2023-10-27 22:00:00+00:00,84.6,104.56,53.1,71.43120548406662,82.6516818978069
2023-10-27 23:00:00+00:00,68.61,97.33,37.27,61.27558867490778,73.10648359562964
2023-10-28 00:00:00+00:00,64.59,95.11,39.74,57.2068062035026,68.84459403068792
2023-10-28 01:00:00+00:00,55.0,95.0,33.95,54.22092575803103,65.3539381312257
2023-10-28 02:00:00+00:00,60.51,99.15,37.15,55.41320424723258,65.9422543463633
2023-10-28 03:00:00+00:00,69.01,104.58,35.14,58.42510783832617,67.28940039574277
2023-10-28 04:00:00+00:00,66.47,122.61,43.7,71.65567126801565,79.65106287892607
2023-10-28 05:00:00+00:00,79.9,143.28,66.67,89.85058183361,96.45490066485422
2023-10-28 06:00:00+00:00,90.69,154.55,74.95,101.06725289823596,105.80130645710965
2023-10-28 07:00:00+00:00,89.5,152.7,58.71,98.30986319585774,103.71976431354366
2023-10-28 08:00:00+00:00,87.01,145.19,44.83,88.438539518171,96.57948383181328
2023-10-28 09:00:00+00:00,69.79,138.29,31.1,77.73635473973002,89.2088578682003
2023-10-28 10:00:00+00:00,69.86,122.39,20.8,64.17585781029075,76.03532142708593
2023-10-28 11:00:00+00:00,67.9,109.8,10.0,54.53582312614028,63.95838830897707
2023-10-28 12:00:00+00:00,73.91,101.57,13.21,53.58872925823246,58.474760124451976
2023-10-28 13:00:00+00:00,87.0,107.68,28.03,65.93771089012938,65.35884484516527
2023-10-28 14:00:00+00:00,112.02,126.41,84.35,93.29736799885487,88.76541672478193
2023-10-28 15:00:00+00:00,139.8,128.36,114.77,106.41682738277909,99.64191036282645
2023-10-28 16:00:00+00:00,148.96,139.82,128.4,116.87103720682225,115.84528054688658
2023-10-28 17:00:00+00:00,118.83,140.54,114.72,111.9141778787752,118.38119752866783
2023-10-28 18:00:00+00:00,90.35,120.89,90.21,89.59979353693193,100.939148392324
2023-10-28 19:00:00+00:00,83.51,100.05,53.39,67.64959773965688,82.07342802218525
2023-10-28 20:00:00+00:00,75.48,96.84,49.33,60.968249428563944,79.68055594561321
2023-10-28 21:00:00+00:00,47.48,93.7,40.15,51.620449814540606,74.0738568799714
2023-10-28 23:00:00+00:00,0.96,68.61,30.36,29.400941552857233,59.58111240015326
2023-10-29 00:00:00+00:00,0.01,64.59,18.61,20.129987244989437,53.13191841840479
2023-10-29 01:00:00+00:00,0.02,55.0,15.63,12.444079531817877,47.006487329005076
2023-10-29 02:00:00+00:00,-0.24,60.51,18.35,12.974461114791836,49.17078371940156
2023-10-29 03:00:00+00:00,-0.28,69.01,34.32,17.32057162172157,54.912836738027
2023-10-29 04:00:00+00:00,-0.39,66.47,30.26,13.904634887013415,51.183199566853894
2023-10-29 05:00:00+00:00,-0.36,79.9,58.2,22.06505545695468,61.81965638084758
2023-10-29 06:00:00+00:00,-0.07,90.69,54.5,25.873236991905074,67.2247260221263
2023-10-29 07:00:00+00:00,0.01,89.5,62.83,23.345850464303197,66.7167994221408
2023-10-29 08:00:00+00:00,0.0,87.01,51.58,18.629778216825997,64.19447251452254
2023-10-29 09:00:00+00:00,-0.21,69.79,48.59,6.4232464458051055,51.68667077646823
2023-10-29 10:00:00+00:00,-0.08,69.86,44.99,5.964167948252282,50.59282561823682
2023-10-29 11:00:00+00:00,-0.03,67.9,29.19,4.968077328358149,45.72080122131423
2023-10-29 12:00:00+00:00,0.61,73.91,31.86,12.706477080763605,47.921292761507836
2023-10-29 13:00:00+00:00,10.03,87.0,51.29,29.334786437285274,58.76668549560909
2023-10-29 14:00:00+00:00,40.03,112.02,77.32,55.257564485517854,81.24289379585625
2023-10-29 15:00:00+00:00,76.92,139.8,125.83,84.14077053080948,109.65645453544715
2023-10-29 16:00:00+00:00,83.9,148.96,135.29,95.69754861752445,123.97341506915151
2023-10-29 17:00:00+00:00,76.98,118.83,139.02,84.36955374483892,111.53590698168277
2023-10-29 18:00:00+00:00,67.37,90.35,126.05,66.4188716004465,93.24854010685159
2023-10-29 19:00:00+00:00,62.16,83.51,112.47,56.01768742860558,86.7916459965264
2023-10-29 20:00:00+00:00,54.02,75.48,102.18,46.12324857346589,80.55582530158192
2023-10-29 21:00:00+00:00,51.94,47.48,96.66,30.395228423893272,62.98177278528554
2023-10-29 23:00:00+00:00,8.0,0.96,100.06,-5.048548194685495,37.57674166923521
2023-10-30 00:00:00+00:00,8.17,0.01,101.28,-2.965630928035054,37.36412492482021
2023-10-30 01:00:00+00:00,8.36,0.02,100.11,1.7957224266250762,37.53106858307337
2023-10-30 02:00:00+00:00,10.02,-0.24,98.73,9.930670284110164,39.630750667622856
2023-10-30 03:00:00+00:00,14.78,-0.28,105.41,21.210615445605413,44.38244294790922
2023-10-30 04:00:00+00:00,25.16,-0.39,142.9,36.85518780116124,53.07307103559754
2023-10-30 05:00:00+00:00,80.29,-0.36,177.5,57.28720623372865,66.04793376083629
2023-10-30 06:00:00+00:00,105.91,-0.07,198.39,70.32239675147697,73.80458630332484
2023-10-30 07:00:00+00:00,111.0,0.01,151.65,66.92735854551927,70.44355698223524
2023-10-30 08:00:00+00:00,103.0,0.0,128.07,61.52834375414658,67.65362990161245
2023-10-30 09:00:00+00:00,90.0,-0.21,109.03,57.05579546006404,63.73179814733044
2023-10-30 10:00:00+00:00,96.17,-0.08,102.26,58.84536719702672,62.501996243519805
2023-10-30 11:00:00+00:00,102.54,-0.03,103.22,63.30369135653211,61.40629214510798
2023-10-30 12:00:00+00:00,114.62,0.61,107.0,70.50462354767696,61.03160295526796
2023-10-30 13:00:00+00:00,123.98,10.03,128.72,87.22652633216435,69.47724787590971
2023-10-30 14:00:00+00:00,139.45,40.03,138.67,112.54363302816294,91.57481671891608
2023-10-30 15:00:00+00:00,144.93,76.92,154.97,137.50501772687255,119.61149631657588
2023-10-30 16:00:00+00:00,165.84,83.9,165.19,143.3209170464778,128.16466560411013
2023-10-30 17:00:00+00:00,171.0,76.98,155.9,136.15338907757928,122.20966639433031
2023-10-30 18:00:00+00:00,151.1,67.37,127.33,122.47571450556731,110.30716417473006
2023-10-30 19:00:00+00:00,129.02,62.16,104.02,109.69064772850547,101.21828316872575
2023-10-30 20:00:00+00:00,117.27,54.02,107.95,98.60859241734462,93.46981780041453
2023-10-30 21:00:00+00:00,113.26,51.94,92.76,87.13072121913869,85.03541844641015
2023-10-30 22:00:00+00:00,95.4,38.41,101.33,72.63541488058357,71.53155674212958
2023-10-30 23:00:00+00:00,86.05,8.0,97.21,37.69330523942333,38.521255191596374
2023-10-31 00:00:00+00:00,79.2,8.17,94.54,32.83939054714354,37.29599688904792
2023-10-31 01:00:00+00:00,71.96,8.36,89.46,27.874890867256013,36.26110309729527
2023-10-31 02:00:00+00:00,64.8,10.02,90.27,24.664763903303083,37.353216840953614
2023-10-31 03:00:00+00:00,61.97,14.78,94.8,24.7949125545843,41.26280079636333
2023-10-31 04:00:00+00:00,69.77,25.16,101.65,32.51736210859433,51.53907487794138
2023-10-31 05:00:00+00:00,88.48,80.29,120.12,70.534932472679,96.48323074528699
2023-10-31 06:00:00+00:00,107.39,105.91,130.72,90.71072855600171,117.6327467297606
2023-10-31 07:00:00+00:00,108.02,111.0,136.35,96.84037441201525,122.86250169707597
2023-10-31 08:00:00+00:00,100.5,103.0,128.37,92.26209094170295,116.97680694681347
2023-10-31 09:00:00+00:00,93.0,90.0,125.0,84.53970529548256,107.16941453348716
2023-10-31 10:00:00+00:00,101.95,96.17,118.99,87.80824016912007,109.06949734705388
2023-10-31 11:00:00+00:00,101.49,102.54,112.54,91.91637671387053,110.3913272420893
2023-10-31 12:00:00+00:00,97.77,114.62,115.4,101.56368979088555,116.67369865370583
2023-10-31 13:00:00+00:00,104.97,123.98,132.17,114.4460046277097,123.37637027679003
2023-10-31 14:00:00+00:00,117.51,139.45,129.16,130.70214646083505,133.46245000895686
2023-10-31 15:00:00+00:00,135.11,144.93,140.0,144.02242803047054,141.26557839008655
2023-10-31 16:00:00+00:00,161.81,165.84,149.87,162.90235954496757,160.6473178661206
2023-10-31 17:00:00+00:00,172.04,171.0,154.07,170.11088768687313,168.20772296567688
2023-10-31 18:00:00+00:00,152.92,151.1,133.45,156.21329817607398,153.12169527064208
2023-10-31 19:00:00+00:00,125.88,129.02,119.31,136.97732108836237,133.98535804364298
2023-10-31 20:00:00+00:00,115.92,117.27,114.1,123.92575601727232,122.60216427530841
2023-10-31 21:00:00+00:00,104.92,113.26,102.78,116.64428107489823,117.44074791683602
2023-10-31 22:00:00+00:00,95.37,95.4,99.07,99.60161026793459,101.003596033866
2023-10-31 23:00:00+00:00,65.37,86.05,94.56,70.55523549918578,74.2959578736995
2023-11-01 00:00:00+00:00,65.58,79.2,89.43,62.35475350620592,66.84199776048735
2023-11-01 01:00:00+00:00,60.79,71.96,86.06,55.04664364841431,59.864884404336266
2023-11-01 02:00:00+00:00,60.74,64.8,90.54,50.79620042753779,54.916939317979036
2023-11-01 03:00:00+00:00,58.94,61.97,96.99,51.09253758547421,53.72622403161097
2023-11-01 04:00:00+00:00,66.04,69.77,125.5,60.93691114845563,62.738883013034574
2023-11-01 05:00:00+00:00,78.97,88.48,150.16,80.66991136326467,83.5805111122623
2023-11-01 06:00:00+00:00,85.56,107.39,152.87,94.36132764450814,99.2651577647085
2023-11-01 07:00:00+00:00,87.77,108.02,140.49,90.41104912924747,99.62399844806181
2023-11-01 08:00:00+00:00,69.23,100.5,130.02,78.33444440543545,92.99604306941936
2023-11-01 09:00:00+00:00,59.0,93.0,124.99,67.37694388010335,86.10919827808091
2023-11-01 10:00:00+00:00,51.4,101.95,117.38,68.75273623839946,91.47302108589624
2023-11-01 11:00:00+00:00,47.64,101.49,115.62,66.4999341526239,89.82253006304954
2023-11-01 12:00:00+00:00,51.99,97.77,124.47,65.83910668364484,86.43220369769263
2023-11-01 13:00:00+00:00,64.07,104.97,138.13,74.23929212577708,91.02773095918552
2023-11-01 14:00:00+00:00,80.65,117.51,147.51,85.51164149636531,100.95576875808908
2023-11-01 15:00:00+00:00,78.97,135.11,153.73,94.9593441097431,114.38652410092178
2023-11-01 16:00:00+00:00,84.95,161.81,154.62,109.92473743899785,138.81236467529334
2023-11-01 17:00:00+00:00,79.5,172.04,157.71,112.49821468357638,149.33401146441855
2023-11-01 18:00:00+00:00,66.57,152.92,137.08,94.01924856493262,133.32170858399087
2023-11-01 19:00:00+00:00,53.15,125.88,123.55,70.88601045375884,110.68076003654835
2023-11-01 20:00:00+00:00,39.51,115.92,120.06,60.384198215112384,101.75271497585955
2023-11-01 21:00:00+00:00,34.17,104.92,112.8,52.31095987677359,92.76958314098486
2023-11-01 22:00:00+00:00,18.76,95.37,89.48,42.51615058435343,81.25046757219825
2023-11-01 23:00:00+00:00,21.4,65.37,89.91,22.565901151454682,56.100650411410996
2023-11-02 00:00:00+00:00,16.97,65.58,87.49,22.492175368976348,55.21682597889089
2023-11-02 01:00:00+00:00,15.38,60.79,87.04,20.157797805627695,51.29066118053875
2023-11-02 02:00:00+00:00,13.41,60.74,89.92,21.866805967139527,51.96312191418156
2023-11-02 03:00:00+00:00,14.49,58.94,100.0,23.91677478592078,53.48420253382232
2023-11-02 04:00:00+00:00,22.52,66.04,117.08,33.7110986133229,64.07346940188305
2023-11-02 05:00:00+00:00,69.57,78.97,133.66,50.22545440171655,82.1397234855576
2023-11-02 06:00:00+00:00,75.01,85.56,143.85,58.42508072448515,92.80880300619755
2023-11-02 07:00:00+00:00,78.32,87.77,149.0,57.34926789762288,96.11399531274401
2023-11-02 08:00:00+00:00,69.16,69.23,146.37,43.55098456971147,82.57092727111193
2023-11-02 09:00:00+00:00,60.08,59.0,140.0,35.21192220294597,74.12948106878899
2023-11-02 10:00:00+00:00,61.43,51.4,131.11,30.582569906223156,68.60652262919285
2023-11-02 11:00:00+00:00,60.4,47.64,120.09,28.61528633639233,63.651707191563474
2023-11-02 12:00:00+00:00,59.36,51.99,119.6,33.1110176468581,64.62740472654085
2023-11-02 13:00:00+00:00,69.5,64.07,120.01,43.22502077368871,71.7431746050826
2023-11-02 14:00:00+00:00,76.08,80.65,131.14,56.94224524901437,83.71977476100892
2023-11-02 15:00:00+00:00,79.43,78.97,142.91,60.38343731047875,84.90572322988622
2023-11-02 16:00:00+00:00,87.26,84.95,150.95,67.91138282461635,93.64887194100602
2023-11-02 17:00:00+00:00,97.95,79.5,150.99,65.7982823168212,92.02734427814943
2023-11-02 18:00:00+00:00,93.84,66.57,130.72,53.497277222612986,79.03258814443402
2023-11-02 19:00:00+00:00,87.76,53.15,119.06,38.9661441061776,64.17203033826385
2023-11-02 20:00:00+00:00,75.95,39.51,117.06,28.15850410813573,51.742274715038455
2023-11-02 21:00:00+00:00,72.27,34.17,104.85,22.962411441185708,44.262506494424514
2023-11-02 22:00:00+00:00,57.04,18.76,104.56,12.595880354569957,31.02575275677971
2023-11-02 23:00:00+00:00,15.17,21.4,97.33,4.7706839081441785,35.13393368967837
2023-11-03 00:00:00+00:00,11.47,16.97,95.11,2.7251951726149457,31.74135711470909
2023-11-03 01:00:00+00:00,10.0,15.38,95.0,4.56442571912244,30.55235429569946
2023-11-03 02:00:00+00:00,5.73,13.41,99.15,7.6677285036465435,30.884125902290307
2023-11-03 03:00:00+00:00,9.73,14.49,104.58,13.920657306858843,34.13159654555783
2023-11-03 04:00:00+00:00,23.6,22.52,122.61,27.549687938148892,45.319405852259436
2023-11-03 05:00:00+00:00,61.58,69.57,143.28,66.03871519192728,86.22479188595571
2023-11-03 06:00:00+00:00,89.8,75.01,154.55,77.94238989713904,95.37380316639687
2023-11-03 07:00:00+00:00,95.02,78.32,152.7,79.24277846044382,98.67614950493945
2023-11-03 08:00:00+00:00,89.59,69.16,145.19,67.38458418784961,89.32785891874896
2023-11-03 09:00:00+00:00,82.79,60.08,138.29,55.347510938037786,80.34523594713316
2023-11-03 10:00:00+00:00,71.36,61.43,122.39,49.44540730411881,77.21773811371436
2023-11-03 11:00:00+00:00,61.67,60.4,109.8,45.98687141503999,72.79527193792735
2023-11-03 12:00:00+00:00,60.71,59.36,101.57,45.57680303402322,68.95558406149159
2023-11-03 13:00:00+00:00,64.72,69.5,107.68,56.062618547862606,75.1834374034247
2023-11-03 14:00:00+00:00,69.02,76.08,126.41,68.53732773280845,81.95287044638067
2023-11-03 15:00:00+00:00,81.95,79.43,128.36,74.21348444721198,83.98425682732264
2023-11-03 16:00:00+00:00,88.0,87.26,139.82,80.88794143949579,94.06339315461294
2023-11-03 17:00:00+00:00,89.25,97.95,140.54,83.18603241825531,103.33050374390525
2023-11-03 18:00:00+00:00,88.23,93.84,120.89,71.27173402324311,97.07512797619964
2023-11-03 19:00:00+00:00,69.07,87.76,100.05,56.16000771638595,87.16623410141486
2023-11-03 20:00:00+00:00,53.13,75.95,96.84,41.12886854956104,75.40546970722522
2023-11-03 21:00:00+00:00,45.53,72.27,93.7,32.91267623177822,70.21306836564165
2023-11-03 22:00:00+00:00,20.63,57.04,84.6,16.112376239126263,54.86225215847813
2023-11-03 23:00:00+00:00,45.72,15.17,68.61,0.6982251333221967,22.617004973006587
2023-11-04 00:00:00+00:00,32.06,11.47,64.59,-5.992348692141519,16.887294908455672
2023-11-04 01:00:00+00:00,30.0,10.0,55.0,-11.573802346314764,12.11416846322173
2023-11-04 02:00:00+00:00,22.01,5.73,60.51,-15.337590329814347,7.231124507804651
2023-11-04 03:00:00+00:00,19.19,9.73,69.01,-12.914939621958055,8.304143924352886
2023-11-04 04:00:00+00:00,15.4,23.6,66.47,-5.203503856621666,15.280225646366617
2023-11-04 05:00:00+00:00,16.13,61.58,79.9,19.256268317249535,43.69430101565598
2023-11-04 06:00:00+00:00,25.08,89.8,90.69,36.905292704052556,62.964977270665315
2023-11-04 07:00:00+00:00,25.85,95.02,89.5,36.39018709706617,66.46178324017541
2023-11-04 08:00:00+00:00,20.0,89.59,87.01,27.19532545484104,61.89978864421289
2023-11-04 09:00:00+00:00,13.95,82.79,69.79,16.904313180297734,54.412795374091985
2023-11-04 10:00:00+00:00,15.2,71.36,69.86,8.635597662061329,46.09274915972935
2023-11-04 11:00:00+00:00,20.0,61.67,67.9,5.35058425820047,38.532864078498946
2023-11-04 12:00:00+00:00,21.14,60.71,73.91,10.618609778076276,37.39144865603063
2023-11-04 13:00:00+00:00,30.79,64.72,87.0,20.32874872361225,42.09854803520652
2023-11-04 14:00:00+00:00,42.69,69.02,112.02,29.40353468303688,49.83520067284078
2023-11-04 15:00:00+00:00,40.0,81.95,139.8,39.678745056171834,65.31634478238252
2023-11-04 16:00:00+00:00,48.76,88.0,148.96,43.453506744074716,77.16924311277738
2023-11-04 17:00:00+00:00,40.0,89.25,118.83,40.09624994053343,80.53393923198601
2023-11-04 18:00:00+00:00,29.61,88.23,90.35,32.47869039251931,78.13163984230235
2023-11-04 19:00:00+00:00,12.82,69.07,83.51,17.50208789864689,63.969785975626614
2023-11-04 20:00:00+00:00,10.4,53.13,75.48,4.675118377257547,51.567285934824426
2023-11-04 21:00:00+00:00,11.73,45.53,47.48,-2.4769638445487345,43.43598870142587
2023-11-04 22:00:00+00:00,7.05,20.63,14.05,-20.47863940889178,20.703743255417052
2023-11-04 23:00:00+00:00,8.71,45.72,0.96,-1.5765682327148056,38.91877164562068
2023-11-05 00:00:00+00:00,6.59,32.06,0.01,-9.068574500093519,27.271961122232838
2023-11-05 01:00:00+00:00,5.18,30.0,0.02,-10.89806794257835,22.79751703168155
2023-11-05 02:00:00+00:00,2.98,22.01,-0.24,-14.63425883900608,14.261448315762465
2023-11-05 03:00:00+00:00,4.24,19.19,-0.28,-14.475176396202002,9.86968716177698
2023-11-05 04:00:00+00:00,7.99,15.4,-0.39,-13.857046119476038,5.490838045093838
2023-11-05 05:00:00+00:00,7.29,16.13,-0.36,-9.384207776299135,6.17768768786749
2023-11-05 06:00:00+00:00,11.29,25.08,-0.07,0.6805623948764463,12.997404801261126
2023-11-05 07:00:00+00:00,15.58,25.85,0.01,2.9296251208404414,13.680160317755451
2023-11-05 08:00:00+00:00,24.02,20.0,0.0,0.6222881736912171,9.956006695057823
2023-11-05 09:00:00+00:00,47.47,13.95,-0.21,-3.078641697411129,5.111999141293651
2023-11-05 10:00:00+00:00,48.46,15.2,-0.08,-2.8463870888686387,5.249182664801083
2023-11-05 11:00:00+00:00,44.28,20.0,-0.03,-1.0347096043812058,6.978253144068006
2023-11-05 12:00:00+00:00,29.7,21.14,0.61,-1.0305759168159767,5.930515655165209
2023-11-05 13:00:00+00:00,38.15,30.79,10.03,6.976674547899663,13.617263496142968
2023-11-05 14:00:00+00:00,57.18,42.69,40.03,21.113502576871923,27.925590259098968
2023-11-05 15:00:00+00:00,63.09,40.0,76.92,26.96896268697151,35.0031660191183
2023-11-05 16:00:00+00:00,74.95,48.76,83.9,35.56921114565587,49.35020563365929
2023-11-05 17:00:00+00:00,72.67,40.0,76.98,27.49152970467223,47.49598322087799
2023-11-05 18:00:00+00:00,59.17,29.61,67.37,13.297984938505977,41.037259534833545
2023-11-05 19:00:00+00:00,46.48,12.82,62.16,-5.407563837944409,28.534224873748627
2023-11-05 20:00:00+00:00,20.85,10.4,54.02,-15.40378121411176,25.83074536975765
2023-11-05 21:00:00+00:00,15.84,11.73,51.94,-19.630653529904706,27.167952393386514
2023-11-05 22:00:00+00:00,5.71,7.05,38.41,-31.18156026586273,19.391399323561686
2023-11-05 23:00:00+00:00,2.76,8.71,8.0,-32.60537950073491,27.09852224115373
2023-11-06 00:00:00+00:00,0.11,6.59,8.17,-37.689856910028354,23.904675563901876
2023-11-06 01:00:00+00:00,0.03,5.18,8.36,-37.43290814311739,22.77657593663001
2023-11-06 02:00:00+00:00,0.14,2.98,10.02,-34.93428036910551,22.04129704534229
2023-11-06 03:00:00+00:00,4.3,4.24,14.78,-27.824128959867366,25.488575028557193
2023-11-06 04:00:00+00:00,16.93,7.99,25.16,-15.652425655257588,32.564889795101635
2023-11-06 05:00:00+00:00,72.57,7.29,80.29,2.640456112204859,44.95974682174039
2023-11-06 06:00:00+00:00,95.56,11.29,105.91,17.105655045920116,55.07452737727237
2023-11-06 07:00:00+00:00,95.93,15.58,111.0,20.426309010576233,60.00697418148486
2023-11-06 08:00:00+00:00,74.93,24.02,103.0,16.973834569119617,63.55723479593763
2023-11-06 09:00:00+00:00,60.14,47.47,90.0,20.34491248713195,76.35264504745403
2023-11-06 10:00:00+00:00,56.29,48.46,96.17,18.395829253786374,77.4512748495954
2023-11-06 11:00:00+00:00,58.05,44.28,102.54,17.149665256403892,74.05130777900106
2023-11-06 12:00:00+00:00,66.98,29.7,114.62,15.098431650415804,63.242507177902624
2023-11-06 13:00:00+00:00,80.29,38.15,123.98,30.648898335577485,69.03943283853171
2023-11-06 14:00:00+00:00,100.08,57.18,139.45,55.59855479984877,84.14477242689203
2023-11-06 15:00:00+00:00,112.17,63.09,144.93,67.24443246516742,88.98556475803079
2023-11-06 16:00:00+00:00,137.67,74.95,165.84,80.70695876561219,104.30377922761325
2023-11-06 17:00:00+00:00,150.94,72.67,171.0,78.41782036932955,104.68939483630362
2023-11-06 18:00:00+00:00,139.52,59.17,151.1,63.49073363331607,92.24039876925497
2023-11-06 19:00:00+00:00,111.12,46.48,129.02,46.65491600737902,77.74661373689045
2023-11-06 20:00:00+00:00,105.67,20.85,117.27,25.8716721235852,56.98154035585184
2023-11-06 21:00:00+00:00,99.08,15.84,113.26,19.493985549267848,51.98915781961876
2023-11-06 22:00:00+00:00,87.74,5.71,95.4,7.529078701277868,40.686768178682314
2023-11-06 23:00:00+00:00,78.9,2.76,86.05,-9.557534604918231,26.87850991954778
2023-11-07 00:00:00+00:00,76.3,0.11,79.2,-12.650939710207027,23.133118916176414
2023-11-07 01:00:00+00:00,70.8,0.03,71.96,-12.626100610107912,21.986247956522462
2023-11-07 02:00:00+00:00,68.01,0.14,64.8,-10.041715833454617,21.86567642312093
2023-11-07 03:00:00+00:00,70.25,4.3,61.97,-3.0606104065309125,25.846683928341307
2023-11-07 04:00:00+00:00,83.35,16.93,69.77,12.043418693857916,38.26997908613001
2023-11-07 05:00:00+00:00,101.28,72.57,88.48,55.2884601896459,83.71063044802156
2023-11-07 06:00:00+00:00,132.89,95.56,107.39,79.14680817500603,105.49825400046338
2023-11-07 07:00:00+00:00,136.05,95.93,108.02,80.583870872793,107.37180183453252
2023-11-07 08:00:00+00:00,114.93,74.93,100.5,63.844998332062616,91.93461222200796
2023-11-07 09:00:00+00:00,99.45,60.14,93.0,50.64704604625005,81.57336532034387
2023-11-07 10:00:00+00:00,89.03,56.29,101.95,46.36959601567876,79.16642466358027
2023-11-07 11:00:00+00:00,86.21,58.05,101.49,47.116368776725466,78.1340121716743
2023-11-07 12:00:00+00:00,88.79,66.98,97.77,53.27190378584235,80.24879349436524
2023-11-07 13:00:00+00:00,97.49,80.29,104.97,66.75794251223904,88.56492396932416
2023-11-07 14:00:00+00:00,108.07,100.08,117.51,87.37591374402136,104.12862477311296
2023-11-07 15:00:00+00:00,112.9,112.17,135.11,100.59973915511686,115.18930896485305
2023-11-07 16:00:00+00:00,136.84,137.67,161.81,120.65767775998839,140.79041760119745
2023-11-07 17:00:00+00:00,149.38,150.94,172.04,126.1804479773867,153.17534524620416
2023-11-07 18:00:00+00:00,132.42,139.52,152.92,112.77501666390968,142.43802303072258
2023-11-07 19:00:00+00:00,104.72,111.12,125.88,85.42494654156374,116.75104652015303
2023-11-07 20:00:00+00:00,92.98,105.67,115.92,72.9312304956565,108.01144130256827
2023-11-07 21:00:00+00:00,88.69,99.08,104.92,62.379890626653726,100.03540452128338
2023-11-07 22:00:00+00:00,74.17,87.74,95.37,48.422283434404655,87.8701177968305
2023-11-07 23:00:00+00:00,70.6,78.9,65.37,29.276962126973018,66.89036039976034
2023-11-08 00:00:00+00:00,74.22,76.3,65.58,25.206998594408148,63.60123149943569
2023-11-08 01:00:00+00:00,66.73,70.8,60.79,19.55423061434449,57.67936710833786
2023-11-08 02:00:00+00:00,61.98,68.01,60.74,17.985367658022625,55.02529255055072
2023-11-08 03:00:00+00:00,66.76,70.25,58.94,20.54428968167383,56.35798595196519
2023-11-08 04:00:00+00:00,75.01,83.35,66.04,34.08381542843094,68.86121027792595
2023-11-08 05:00:00+00:00,84.5,101.28,78.97,58.50249126862534,92.40218717983208
2023-11-08 06:00:00+00:00,107.62,132.89,85.56,82.89808667062576,118.28444139703156
2023-11-08 07:00:00+00:00,111.47,136.05,87.77,84.63230912854357,121.55648464933934
2023-11-08 08:00:00+00:00,93.57,114.93,69.23,64.1958188846477,102.69251252842813
2023-11-08 09:00:00+00:00,84.76,99.45,59.0,46.67290890670095,88.27047565701798
2023-11-08 10:00:00+00:00,78.85,89.03,51.4,35.743429709292016,78.81744808442484
2023-11-08 11:00:00+00:00,75.71,86.21,47.64,31.821416626959078,74.23036709353639
2023-11-08 12:00:00+00:00,76.08,88.79,51.99,35.54220615509135,74.4649249998539
2023-11-08 13:00:00+00:00,83.15,97.49,64.07,48.71495104004207,80.65164142221349
2023-11-08 14:00:00+00:00,105.42,108.07,80.65,67.22313509713555,90.29434399879392
2023-11-08 15:00:00+00:00,116.81,112.9,78.97,75.48890782469027,93.89657104809135
2023-11-08 16:00:00+00:00,119.04,136.84,84.95,91.659751818192,116.37986198492844
2023-11-08 17:00:00+00:00,127.09,149.38,79.5,94.50979961967792,127.21373374667918
2023-11-08 18:00:00+00:00,120.95,132.42,66.57,77.2619894033626,113.5322650615815
2023-11-08 19:00:00+00:00,109.51,104.72,53.15,51.43841377223773,88.8196890276996
2023-11-08 20:00:00+00:00,92.85,92.98,39.51,37.62313945555427,76.99519513812322
2023-11-08 21:00:00+00:00,82.99,88.69,34.17,30.320669996785398,71.52859490244353
2023-11-08 22:00:00+00:00,67.7,74.17,18.76,16.747943516325606,57.147182086900386
2023-11-08 23:00:00+00:00,71.93,70.6,21.4,9.185289031272148,48.58017654698067
2023-11-09 00:00:00+00:00,68.33,74.22,16.97,10.279367163364967,49.17850368064278
2023-11-09 01:00:00+00:00,70.04,66.73,15.38,7.977734235207151,43.24980076572361
2023-11-09 02:00:00+00:00,72.8,61.98,13.41,9.133425880495793,40.42157880421301
2023-11-09 03:00:00+00:00,74.44,66.76,14.49,17.349118675636888,45.57641449618032
2023-11-09 04:00:00+00:00,83.63,75.01,22.52,31.08850794865812,56.14294631837562
2023-11-09 05:00:00+00:00,109.61,84.5,69.57,54.507272355531505,75.91369312508178
2023-11-09 06:00:00+00:00,120.06,107.62,75.01,78.3984515514951,98.63537912943025
2023-11-09 07:00:00+00:00,121.22,111.47,78.32,83.8845481184301,103.4697044509624
2023-11-09 08:00:00+00:00,109.69,93.57,69.16,70.81741502694004,88.39115697742507
2023-11-09 09:00:00+00:00,100.08,84.76,60.08,64.52665725571879,80.18108176112486
2023-11-09 10:00:00+00:00,95.0,78.85,61.43,62.49426568405647,74.97062533812569
2023-11-09 11:00:00+00:00,90.16,75.71,60.4,61.17673657576488,70.32024876145411
2023-11-09 12:00:00+00:00,92.32,76.08,59.36,61.10166450943238,67.23268502440155
2023-11-09 13:00:00+00:00,100.61,83.15,69.5,68.8606569742707,71.85043227792016
2023-11-09 14:00:00+00:00,116.61,105.42,76.08,84.3047929126015,87.42418855629079
2023-11-09 15:00:00+00:00,127.01,116.81,79.43,92.00914594324205,96.34558418692991
2023-11-09 16:00:00+00:00,131.8,119.04,87.26,95.19111532607917,103.63010896979462
2023-11-09 17:00:00+00:00,128.58,127.09,97.95,96.4001975075773,112.39663164907829
2023-11-09 18:00:00+00:00,112.12,120.95,93.84,85.13427613564521,106.54356537529101
2023-11-09 19:00:00+00:00,96.01,109.51,87.76,67.971751269564,94.05986732322029
2023-11-09 20:00:00+00:00,82.78,92.85,75.95,49.27887854958325,78.45245788012427
2023-11-09 21:00:00+00:00,84.04,82.99,72.27,37.708984826292216,69.31224927778946
2023-11-09 22:00:00+00:00,74.36,67.7,57.04,22.288811793711275,54.016252251503616
2023-11-09 23:00:00+00:00,64.1,71.93,15.17,18.366155243035166,53.502502059729466
2023-11-10 00:00:00+00:00,59.73,68.33,11.47,15.278169512002975,49.89098566699216
2023-11-10 01:00:00+00:00,53.74,70.04,10.0,15.962484323515284,49.96797064290484
2023-11-10 02:00:00+00:00,48.36,72.8,5.73,19.165192749514958,51.49322048534808
2023-11-10 03:00:00+00:00,50.0,74.44,9.73,25.71011757992015,54.915643898544275
2023-11-10 04:00:00+00:00,66.78,83.63,23.6,40.342016469257246,66.14605518108581
2023-11-10 05:00:00+00:00,84.18,109.61,61.58,71.0279962116964,94.57378405304031
2023-11-10 06:00:00+00:00,106.66,120.06,89.8,89.51984295932102,110.11811781034008
2023-11-10 07:00:00+00:00,113.0,121.22,95.02,92.21046224050443,113.03412334394078
2023-11-10 08:00:00+00:00,108.48,109.69,89.59,80.32240197582387,102.44431071751107
2023-11-10 09:00:00+00:00,97.51,100.08,82.79,68.19505648877141,93.49199046486693
2023-11-10 10:00:00+00:00,89.92,95.0,71.36,58.911091098476106,86.94966578657782
2023-11-10 11:00:00+00:00,84.82,90.16,61.67,53.921699141355084,79.88608148181832
2023-11-10 12:00:00+00:00,86.98,92.32,60.71,58.7855599198016,78.84707823998436
2023-11-10 13:00:00+00:00,95.95,100.61,64.72,71.2550212596679,83.05620360402766
2023-11-10 14:00:00+00:00,111.98,116.61,69.02,91.17796998700106,95.06563383518271
2023-11-10 15:00:00+00:00,125.0,127.01,81.95,105.38141497129791,104.98775336103064
2023-11-10 16:00:00+00:00,136.1,131.8,88.0,113.10998892786219,112.83478540426574
2023-11-10 17:00:00+00:00,135.1,128.58,89.25,111.04461201843803,112.66494006394659
2023-11-10 18:00:00+00:00,123.58,112.12,88.23,98.65373950540625,100.6679214315797
2023-11-10 19:00:00+00:00,112.93,96.01,69.07,82.18047849858209,84.512453581071
2023-11-10 20:00:00+00:00,105.1,82.78,53.13,68.48539944381653,70.49069708205516
2023-11-10 21:00:00+00:00,103.97,84.04,45.53,64.87476295522575,68.1722879097999
2023-11-10 22:00:00+00:00,93.2,74.36,20.63,52.41587860782457,55.49171372413336
2023-11-10 23:00:00+00:00,87.3,64.1,45.72,50.17171270096431,50.72375417992649
2023-11-11 00:00:00+00:00,85.89,59.73,32.06,43.37184651896409,43.33476342600318
2023-11-11 01:00:00+00:00,85.88,53.74,30.0,37.910727020180964,36.852777873438804
2023-11-11 02:00:00+00:00,83.21,48.36,22.01,32.96983425707231,30.269455205208274
2023-11-11 03:00:00+00:00,82.71,50.0,19.19,32.92338124537078,28.8163264397662
2023-11-11 04:00:00+00:00,85.44,66.78,15.4,41.562427195604826,37.892477653326935
2023-11-11 05:00:00+00:00,86.3,84.18,16.13,51.67354310910348,49.23644694361192
2023-11-11 06:00:00+00:00,88.0,106.66,25.08,66.61331132140053,64.79382240786134
2023-11-11 07:00:00+00:00,92.0,113.0,25.85,71.82788340476904,69.42200659484482
2023-11-11 08:00:00+00:00,94.89,108.48,20.0,67.44174880835428,64.93216899884295
2023-11-11 09:00:00+00:00,91.28,97.51,13.95,57.29622960789008,55.25395578678439
2023-11-11 10:00:00+00:00,90.22,89.92,15.2,50.04573877687958,48.83763445318648
2023-11-11 11:00:00+00:00,87.94,84.82,20.0,46.77109302983215,44.66717558520371
2023-11-11 12:00:00+00:00,87.8,86.98,21.14,49.58720286617786,45.86079190801135
2023-11-11 13:00:00+00:00,91.5,95.95,30.79,60.399393059730755,53.83026385030346
2023-11-11 14:00:00+00:00,102.87,111.98,42.69,79.2344647167584,69.21359680139554
2023-11-11 15:00:00+00:00,115.72,125.0,40.0,94.45885302988597,82.36398613615867
2023-11-11 16:00:00+00:00,127.98,136.1,48.76,108.11446030746247,98.29313956404012
2023-11-11 17:00:00+00:00,135.76,135.1,40.0,107.59647348972891,100.83662182418793
2023-11-11 18:00:00+00:00,124.47,123.58,29.61,97.44706932284409,92.81631705198409
2023-11-11 19:00:00+00:00,113.51,112.93,12.82,84.57816029128085,82.40285342052306
2023-11-11 20:00:00+00:00,102.58,105.1,10.4,76.19938652794248,75.9184548510155
2023-11-11 21:00:00+00:00,92.38,103.97,11.73,74.27503794840732,75.9118582505819
2023-11-11 22:00:00+00:00,87.41,93.2,7.05,64.59630228698452,65.79633712590338
2023-11-11 23:00:00+00:00,89.54,87.3,8.71,67.3401825565026,67.73603993819711
2023-11-12 00:00:00+00:00,85.36,85.89,6.59,63.82173901651238,63.56206175940261
2023-11-12 01:00:00+00:00,85.25,85.88,5.18,61.00288579112633,59.54909794543479
2023-11-12 02:00:00+00:00,83.35,83.21,2.98,58.041895680799605,53.78163856149008
2023-11-12 03:00:00+00:00,84.13,82.71,4.24,58.038370849472635,50.30461822484025
2023-11-12 04:00:00+00:00,86.88,85.44,7.99,61.8401926386706,50.72392797490005
2023-11-12 05:00:00+00:00,86.24,86.3,7.29,64.3620633161537,49.28541100788798
2023-11-12 06:00:00+00:00,86.61,88.0,11.29,69.48270018141604,50.53643498674491
2023-11-12 07:00:00+00:00,87.62,92.0,15.58,74.06997027881533,54.05806045568563
2023-11-12 08:00:00+00:00,89.75,94.89,24.02,76.15600579626657,57.60678489652912
2023-11-12 09:00:00+00:00,88.61,91.28,47.47,74.3053361012094,56.990965963823825
2023-11-12 10:00:00+00:00,86.67,90.22,48.46,74.26248816586408,56.664616608480756
2023-11-12 11:00:00+00:00,88.09,87.94,44.28,73.85165042034038,53.567103322049334
2023-11-12 12:00:00+00:00,89.02,87.8,29.7,75.50048247370745,50.96005076587579
2023-11-12 13:00:00+00:00,93.75,91.5,38.15,84.04071330155156,55.33480733261253
2023-11-12 14:00:00+00:00,109.52,102.87,57.18,99.7786356085675,68.63793989456818
2023-11-12 15:00:00+00:00,123.81,115.72,63.09,112.76278745350058,82.90391387326329
2023-11-12 16:00:00+00:00,138.27,127.98,74.95,125.34281898834503,100.26209913479903
2023-11-12 17:00:00+00:00,131.64,135.76,72.67,130.46081076936866,110.55052590004838
2023-11-12 18:00:00+00:00,125.41,124.47,59.17,120.48843518807568,103.47932691434204
2023-11-12 19:00:00+00:00,116.8,113.51,46.48,109.50711166513331,95.60187206832194
2023-11-12 20:00:00+00:00,107.33,102.58,20.85,97.54986882675611,86.11589181726936
2023-11-12 21:00:00+00:00,100.14,92.38,15.84,89.16260853135472,79.60227020494534
2023-11-12 22:00:00+00:00,88.02,87.41,5.71,80.2788578185206,72.63899459517735
2023-11-12 23:00:00+00:00,91.26,89.54,2.76,83.0420822747017,81.6917205973702
2023-11-13 00:00:00+00:00,86.82,85.36,0.11,79.48075965848751,78.21459182524379
2023-11-13 01:00:00+00:00,87.0,85.25,0.03,79.46485219879521,77.93834655719527
2023-11-13 02:00:00+00:00,87.25,83.35,0.14,80.19893825002369,77.1300802638397
2023-11-13 03:00:00+00:00,89.27,84.13,4.3,84.14700290789388,79.44392848769165
2023-11-13 04:00:00+00:00,93.26,86.88,16.93,93.28491866300217,86.30551940925898
2023-11-13 05:00:00+00:00,124.5,86.24,72.57,110.09236423768235,99.10723835511695
2023-11-13 06:00:00+00:00,142.09,86.61,95.56,119.99715029746756,105.82996889153046
2023-11-13 07:00:00+00:00,151.79,87.62,95.93,122.10558521948897,108.41629408969408
2023-11-13 08:00:00+00:00,133.05,89.75,74.93,117.08323643838631,106.85511334375889
2023-11-13 09:00:00+00:00,121.78,88.61,60.14,111.82205023611175,103.71573507331048
2023-11-13 10:00:00+00:00,123.01,86.67,56.29,107.328251957418,101.32247841206306
2023-11-13 11:00:00+00:00,121.34,88.09,58.05,102.39410578820939,100.36428091020827
2023-11-13 12:00:00+00:00,113.37,89.02,66.98,95.0677487161858,98.70466245500727
2023-11-13 13:00:00+00:00,96.44,93.75,80.29,90.65510659566142,102.03933465381346
2023-11-13 14:00:00+00:00,87.31,109.52,100.08,91.64315995100748,114.98460416568498
2023-11-13 15:00:00+00:00,81.18,123.81,112.17,94.00988724791814,127.85748502133175
2023-11-13 16:00:00+00:00,82.27,138.27,137.67,103.123976188806,145.08305576541204
2023-11-13 17:00:00+00:00,85.73,131.64,150.94,96.11485122639324,144.16827811474994
2023-11-13 18:00:00+00:00,81.27,125.41,139.52,86.43501871409431,138.17288075118196
2023-11-13 19:00:00+00:00,74.94,116.8,111.12,71.09030891314518,125.98582309636966
2023-11-13 20:00:00+00:00,61.36,107.33,105.67,57.731662776665694,115.95692401573929
2023-11-13 21:00:00+00:00,51.07,100.14,99.08,47.555738850988554,107.84993800873671
2023-11-13 22:00:00+00:00,10.1,88.02,87.74,34.37014826840179,96.04470291322215
2023-11-13 23:00:00+00:00,10.07,91.26,78.9,24.779252839390637,87.94236366250645
2023-11-14 00:00:00+00:00,1.05,86.82,76.3,19.932680206863893,83.73706429832555
2023-11-14 01:00:00+00:00,-0.01,87.0,70.8,18.880901957399246,82.64961986599508
2023-11-14 02:00:00+00:00,-0.08,87.25,68.01,19.65387665064611,82.77300575047519
2023-11-14 03:00:00+00:00,-0.04,89.27,70.25,22.836130834679864,85.30162882399601
2023-11-14 04:00:00+00:00,1.04,93.26,83.35,31.483566817765123,92.60739121648247
2023-11-14 05:00:00+00:00,46.6,124.5,101.28,59.63401840284678,121.58655417814856
2023-11-14 06:00:00+00:00,76.91,142.09,132.89,80.85281179207166,140.84639351503657
2023-11-14 07:00:00+00:00,82.17,151.79,136.05,89.990726777859,149.47984951672825
2023-11-14 08:00:00+00:00,77.86,133.05,114.93,76.71411426706037,134.10292832734558
2023-11-14 09:00:00+00:00,72.62,121.78,99.45,68.30079317165567,124.26128664462772
2023-11-14 10:00:00+00:00,72.82,123.01,89.03,67.84508678520922,122.86892855486971
2023-11-14 11:00:00+00:00,75.06,121.34,86.21,67.14434054971689,119.1211465374626
2023-11-14 12:00:00+00:00,75.09,113.37,88.79,63.86184785883547,110.69899519698244
2023-11-14 13:00:00+00:00,81.01,96.44,97.49,61.02114590813038,98.66979830096027
2023-11-14 14:00:00+00:00,90.06,87.31,108.07,64.94903904023909,94.08584579460599
2023-11-14 15:00:00+00:00,90.8,81.18,112.9,69.45042481756697,92.3112021160502
2023-11-14 16:00:00+00:00,117.61,82.27,136.84,80.66971044738649,100.23875114573094
2023-11-14 17:00:00+00:00,119.81,85.73,149.38,86.66131347091792,105.14724631736551
2023-11-14 18:00:00+00:00,116.96,81.27,132.42,81.05079222919049,99.79956344037195
2023-11-14 19:00:00+00:00,100.43,74.94,104.72,69.58354455812392,89.66646189667968
2023-11-14 20:00:00+00:00,89.74,61.36,92.98,56.24411940737824,76.85775450612475
2023-11-14 21:00:00+00:00,89.11,51.07,88.69,46.67086722758158,67.73150164890585
2023-11-14 22:00:00+00:00,85.5,10.1,74.17,20.451741120491477,37.172283101917685
2023-11-14 23:00:00+00:00,81.1,10.07,70.6,5.502540370793213,24.679142821008895
2023-11-15 00:00:00+00:00,76.42,1.05,74.22,1.7679446319773007,19.398573016165372
2023-11-15 01:00:00+00:00,72.9,-0.01,66.73,2.712403831610956,18.660585779808656
2023-11-15 02:00:00+00:00,70.69,-0.08,61.98,7.349762443438351,19.811349072833522
2023-11-15 03:00:00+00:00,74.45,-0.04,66.76,15.744686402920351,23.11356407228692
2023-11-15 04:00:00+00:00,82.28,1.04,75.01,29.249256604145657,29.697973599100322
2023-11-15 05:00:00+00:00,103.08,46.6,84.5,71.26024234943692,70.53997568371031
2023-11-15 06:00:00+00:00,123.19,76.91,107.62,103.1526325074187,99.0951030443191
2023-11-15 07:00:00+00:00,128.59,82.17,111.47,111.13491915882288,104.77121412601814
2023-11-15 08:00:00+00:00,121.29,77.86,93.57,103.89661026771287,97.35696911099328
2023-11-15 09:00:00+00:00,112.78,72.62,84.76,97.01185572102436,91.24719499183911
2023-11-15 10:00:00+00:00,99.84,72.82,78.85,93.48631326799713,89.5064191813199
2023-11-15 11:00:00+00:00,97.36,75.06,75.71,90.77269645957725,88.07324117317482
2023-11-15 12:00:00+00:00,101.09,75.09,76.08,86.84315820460724,84.0048064889047
2023-11-15 13:00:00+00:00,106.27,81.01,83.15,90.06798333468771,85.40206291575285
2023-11-15 14:00:00+00:00,121.21,90.06,105.42,99.28065135942373,92.55506379898466
2023-11-15 15:00:00+00:00,122.96,90.8,116.81,102.06364169449598,94.57574031879027
2023-11-15 16:00:00+00:00,127.84,117.61,119.04,117.40688542544595,116.61037881676764
2023-11-15 17:00:00+00:00,129.9,119.81,127.09,115.98418638300069,120.97675890849918
2023-11-15 18:00:00+00:00,121.08,116.96,120.95,107.70189941703137,118.45673784295008
2023-11-15 19:00:00+00:00,110.1,100.43,109.51,87.53580082670459,103.39451182122106
2023-11-15 20:00:00+00:00,97.5,89.74,92.85,70.55914260335248,91.00430009108055
2023-11-15 21:00:00+00:00,91.66,89.11,82.99,61.76069971929122,86.66428809868782
2023-11-15 22:00:00+00:00,84.21,85.5,67.7,48.78744430190246,76.58285063579171
2023-11-15 23:00:00+00:00,85.46,81.1,71.93,32.21126204170227,67.61539371399657
2023-11-16 00:00:00+00:00,83.25,76.42,68.33,26.38855570080794,62.25795235583168
2023-11-16 01:00:00+00:00,75.12,72.9,70.04,24.496202489025407,59.00491950484062
2023-11-16 02:00:00+00:00,74.06,70.69,72.8,25.98862866161309,57.44349110464332
2023-11-16 03:00:00+00:00,81.1,74.45,74.44,32.60075328580369,60.09307270303378
2023-11-16 04:00:00+00:00,87.03,82.28,83.63,45.88860319510518,67.63010931531036
2023-11-16 05:00:00+00:00,100.06,103.08,109.61,76.40443165041722,93.35468049896048
2023-11-16 06:00:00+00:00,126.9,123.19,120.06,99.65044375723372,111.93523983915772
2023-11-16 07:00:00+00:00,129.99,128.59,121.22,109.30316153320024,117.23608222663198
2023-11-16 08:00:00+00:00,128.59,121.29,109.69,105.50442162278816,110.23374512290991
2023-11-16 09:00:00+00:00,120.1,112.78,100.08,101.00740130839571,101.93647199238069
2023-11-16 10:00:00+00:00,116.62,99.84,95.0,97.28383658147352,91.76240084586522
2023-11-16 11:00:00+00:00,122.63,97.36,90.16,100.11835725725479,87.92364819311604
2023-11-16 12:00:00+00:00,131.64,101.09,92.32,107.33721109847644,88.68094441785657
2023-11-16 13:00:00+00:00,146.82,106.27,100.61,115.04074340101783,91.75732190900985
2023-11-16 14:00:00+00:00,158.5,121.21,116.61,127.51358084070326,103.54594826443567
2023-11-16 15:00:00+00:00,158.24,122.96,127.01,129.90052024731304,106.8253722186486
2023-11-16 16:00:00+00:00,182.39,127.84,131.8,133.64489364652127,115.17100303956543
2023-11-16 17:00:00+00:00,142.26,129.9,128.58,131.11893649130374,117.56233054626
2023-11-16 18:00:00+00:00,125.23,121.08,112.12,119.60756021899257,109.5428764311801
2023-11-16 19:00:00+00:00,121.18,110.1,96.01,103.4624523331092,96.95750774251644
2023-11-16 20:00:00+00:00,115.0,97.5,82.78,87.87403180819706,84.15029085814285
2023-11-16 21:00:00+00:00,110.2,91.66,84.04,78.37153466056574,78.19647291592516
2023-11-16 22:00:00+00:00,100.85,84.21,74.36,66.22739987038744,68.98403141182204
2023-11-16 23:00:00+00:00,106.0,85.46,64.1,70.5505101833485,71.73786703542628
2023-11-17 00:00:00+00:00,100.0,83.25,59.73,65.52513610107567,68.46806697845943
2023-11-17 01:00:00+00:00,95.65,75.12,53.74,58.66438304505755,61.64999847649078
2023-11-17 02:00:00+00:00,92.76,74.06,48.36,57.58925029952308,60.55367651565128
2023-11-17 03:00:00+00:00,95.7,81.1,50.0,64.77435389933358,67.19535883866
2023-11-17 04:00:00+00:00,103.2,87.03,66.78,77.00823035379074,76.72277631950173
2023-11-17 05:00:00+00:00,119.35,100.06,84.18,98.79760236154613,94.96799341704465
2023-11-17 06:00:00+00:00,131.03,126.9,106.66,127.3139052554786,121.526567522949
2023-11-17 07:00:00+00:00,141.92,129.99,113.0,134.03155670619614,125.93368147494633
2023-11-17 08:00:00+00:00,134.75,128.59,108.48,130.75231925280374,123.14641140356758
2023-11-17 09:00:00+00:00,127.91,120.1,97.51,121.91037886220721,114.49584211197478
2023-11-17 10:00:00+00:00,125.18,116.62,89.92,116.00859176166736,108.71373613083227
2023-11-17 11:00:00+00:00,119.5,122.63,84.82,116.73720257343957,109.83172688055573
2023-11-17 12:00:00+00:00,112.0,131.64,86.98,121.64145814071809,113.9606348101841
2023-11-17 13:00:00+00:00,123.91,146.82,95.95,132.8624363361124,123.12518541109631
2023-11-17 14:00:00+00:00,129.99,158.5,111.98,146.4619326108848,133.10181700197447
2023-11-17 15:00:00+00:00,137.65,158.24,125.0,151.40579996822163,135.14739036090663
2023-11-17 16:00:00+00:00,146.32,182.39,136.1,169.72271076335304,156.95837227060707
2023-11-17 17:00:00+00:00,149.6,142.26,135.1,148.08364842139486,131.43006690985374
2023-11-17 18:00:00+00:00,141.0,125.23,123.58,134.01956129431275,117.37065619429976
2023-11-17 19:00:00+00:00,128.41,121.18,112.93,124.8918251794168,110.71203623971343
2023-11-17 20:00:00+00:00,120.33,115.0,105.1,115.57018089857912,103.09816443753814
2023-11-17 21:00:00+00:00,118.14,110.2,103.97,107.98592990896614,97.50749638443267
2023-11-17 22:00:00+00:00,111.88,100.85,93.2,96.70860845121886,87.32794731922164
2023-11-17 23:00:00+00:00,110.56,106.0,87.3,98.22181247373615,87.623859203632
2023-11-18 00:00:00+00:00,97.38,100.0,85.89,91.22733313370708,80.32815882340199
2023-11-18 01:00:00+00:00,90.61,95.65,85.88,85.9487914102395,73.52683998277837
2023-11-18 02:00:00+00:00,85.96,92.76,83.21,82.7000164911525,68.01483481644271
2023-11-18 03:00:00+00:00,82.48,95.7,82.71,84.36291911886445,67.57955880235006
2023-11-18 04:00:00+00:00,82.48,103.2,85.44,89.09942052319973,70.43076984004273
2023-11-18 05:00:00+00:00,86.19,119.35,86.3,99.44176629222383,80.08954423747124
2023-11-18 06:00:00+00:00,92.08,131.03,88.0,109.15536286424904,89.01953367261834
2023-11-18 07:00:00+00:00,100.21,141.92,92.0,115.96094150679879,97.32147542411441
2023-11-18 08:00:00+00:00,97.36,134.75,94.89,108.70181835629771,92.54517599106295
2023-11-18 09:00:00+00:00,96.08,127.91,91.28,100.01859411401551,86.07407476270569
2023-11-18 10:00:00+00:00,95.2,125.18,90.22,95.652117751425,83.16540349031519
2023-11-18 11:00:00+00:00,94.7,119.5,87.94,91.36643018087342,78.53936119299708
2023-11-18 12:00:00+00:00,94.98,112.0,87.8,86.96281174356899,73.06575287592233
2023-11-18 13:00:00+00:00,97.06,123.91,91.5,95.31609456229758,82.89659577473097
2023-11-18 14:00:00+00:00,97.61,129.99,102.87,100.79417775475193,90.67092482462908
2023-11-18 15:00:00+00:00,95.98,137.65,115.72,105.05369892359414,101.24058171929566
2023-11-18 16:00:00+00:00,105.07,146.32,127.98,110.53041225193917,116.36394485949616
2023-11-18 17:00:00+00:00,107.34,149.6,135.76,107.3701940576274,121.02676623660615
2023-11-18 18:00:00+00:00,91.24,141.0,124.47,94.01648133411662,114.77660887467279
2023-11-18 19:00:00+00:00,83.1,128.41,113.51,77.03474417640234,104.69364130103804
2023-11-18 20:00:00+00:00,77.98,120.33,102.58,64.08988031431056,97.69635306117607
2023-11-18 21:00:00+00:00,73.76,118.14,92.38,57.03793319983573,95.17477351443672
2023-11-18 22:00:00+00:00,58.11,111.88,87.41,46.50264634468159,88.1271543440177
2023-11-18 23:00:00+00:00,19.13,110.56,89.54,47.236673425412505,93.79398100108635
2023-11-19 00:00:00+00:00,5.67,97.38,85.36,34.87031300481827,81.54102982253266
2023-11-19 01:00:00+00:00,4.1,90.61,85.25,27.389720075644234,73.80830701596119
2023-11-19 02:00:00+00:00,0.13,85.96,83.35,22.28182871757143,67.43853107046209
2023-11-19 03:00:00+00:00,0.07,82.48,84.13,19.651703435656103,62.86622803510722
2023-11-19 04:00:00+00:00,0.09,82.48,86.88,19.973441606615282,61.21374171235503
2023-11-19 05:00:00+00:00,2.33,86.19,86.24,21.01160978017606,61.98846723591435
2023-11-19 06:00:00+00:00,5.59,92.08,86.61,26.172351187682906,65.09544170273603
2023-11-19 07:00:00+00:00,14.49,100.21,87.62,33.04212067071744,71.33535396086991
2023-11-19 08:00:00+00:00,18.82,97.36,89.75,31.647205659644825,70.11700723649423
2023-11-19 09:00:00+00:00,12.59,96.08,88.61,27.903671338770877,68.89864267614719
2023-11-19 10:00:00+00:00,12.66,95.2,86.67,24.94671469411145,68.3223550749405
2023-11-19 11:00:00+00:00,11.67,94.7,88.09,22.754250167954737,67.24726667550036
2023-11-19 12:00:00+00:00,1.0,94.98,89.02,23.165350821850993,65.91234453786996
2023-11-19 13:00:00+00:00,15.55,97.06,93.75,30.965328148584575,68.7590651469026
2023-11-19 14:00:00+00:00,67.31,97.61,109.52,43.154648630469325,73.70452430064809
2023-11-19 15:00:00+00:00,80.98,95.98,123.81,52.31626275728946,79.096068163745
2023-11-19 16:00:00+00:00,95.02,105.07,138.27,67.46014784358684,94.255533660017
2023-11-19 17:00:00+00:00,104.55,107.34,131.64,73.00607317308707,99.9556178913009
2023-11-19 18:00:00+00:00,103.82,91.24,125.41,64.12090934012684,89.74243299620319
2023-11-19 19:00:00+00:00,88.65,83.1,116.8,56.623567716302276,82.99626903420139
2023-11-19 20:00:00+00:00,84.38,77.98,107.33,51.87899236490464,79.0642429225417
2023-11-19 21:00:00+00:00,88.05,73.76,100.14,49.05747969510293,76.53035488529908
2023-11-19 22:00:00+00:00,80.05,58.11,88.02,36.90699329873146,63.540907050805444
2023-11-19 23:00:00+00:00,68.3,19.13,91.26,21.27377600211429,47.46496387967229
2023-11-20 00:00:00+00:00,62.68,5.67,86.82,14.589336585506686,38.06734858105986
2023-11-20 01:00:00+00:00,59.91,4.1,87.0,15.861781964572586,37.65869274082779
2023-11-20 02:00:00+00:00,60.03,0.13,87.25,17.88137334173001,36.74691543223369
2023-11-20 03:00:00+00:00,64.76,0.07,89.27,24.561818525749274,39.938039073423525
2023-11-20 04:00:00+00:00,80.43,0.09,93.26,35.0719439073288,45.464210358393444
2023-11-20 05:00:00+00:00,102.75,2.33,124.5,55.14093030510933,59.19006954526737
2023-11-20 06:00:00+00:00,128.09,5.59,142.09,71.16370100210067,69.08105805329062
2023-11-20 07:00:00+00:00,126.67,14.49,151.79,82.87126006223633,79.16966364466552
2023-11-20 08:00:00+00:00,118.44,18.82,133.05,81.58791481007418,79.2187152790693
2023-11-20 09:00:00+00:00,112.18,12.59,121.78,74.46506782339091,72.83719097494007
2023-11-20 10:00:00+00:00,106.0,12.66,123.01,73.88735467741638,72.77633587658443
2023-11-20 11:00:00+00:00,103.0,11.67,121.34,73.72317071394457,70.99855075270709
2023-11-20 12:00:00+00:00,113.95,1.0,113.37,68.86523456305527,61.28588546652745
2023-11-20 13:00:00+00:00,120.35,15.55,96.44,78.50976486668853,67.54957159079504
2023-11-20 14:00:00+00:00,128.75,67.31,87.31,110.15926312403886,100.27736870470194
2023-11-20 15:00:00+00:00,139.93,80.98,81.18,120.92637710848791,109.17200902670197
2023-11-20 16:00:00+00:00,147.0,95.02,82.27,131.74009986999286,122.13522891381547
2023-11-20 17:00:00+00:00,139.98,104.55,85.73,136.85561709544052,130.49997421686342
2023-11-20 18:00:00+00:00,130.07,103.82,81.27,132.62644441104308,128.25177400852587
2023-11-20 19:00:00+00:00,120.04,88.65,74.94,117.93126992963373,114.77396498239467
2023-11-20 20:00:00+00:00,107.01,84.38,61.36,109.32975110958125,108.13700738347262
2023-11-20 21:00:00+00:00,108.05,88.05,51.07,105.276584679222,106.98035345821768
2023-11-20 22:00:00+00:00,97.66,80.05,10.1,90.33069686462049,92.78570774118914
2023-11-20 23:00:00+00:00,102.75,68.3,10.07,71.47376440154306,69.37561632897587
2023-11-21 00:00:00+00:00,98.2,62.68,1.05,65.27832552866582,62.33673705496976
2023-11-21 01:00:00+00:00,96.12,59.91,-0.01,63.920990780121286,59.4941417652513
2023-11-21 02:00:00+00:00,91.17,60.03,-0.08,66.32981077700583,59.44271331513272
2023-11-21 03:00:00+00:00,96.04,64.76,-0.04,72.52421920436603,63.45271131520759
2023-11-21 04:00:00+00:00,101.11,80.43,1.04,87.37802597092056,76.86872943924548
2023-11-21 05:00:00+00:00,120.15,102.75,46.6,116.61018239270643,103.97457009030825
2023-11-21 06:00:00+00:00,136.08,128.09,76.91,142.60631312090803,128.63674783743167
2023-11-21 07:00:00+00:00,142.59,126.67,82.17,147.0072689641535,130.08038738973158
2023-11-21 08:00:00+00:00,137.19,118.44,77.86,141.2915916777152,123.08722105715144
2023-11-21 09:00:00+00:00,135.0,112.18,72.62,134.91424170481957,115.79723705129335
2023-11-21 10:00:00+00:00,134.9,106.0,72.82,130.81855890651894,110.01711722308727
2023-11-21 11:00:00+00:00,139.79,103.0,75.06,128.09179482011857,105.84755304212314
2023-11-21 12:00:00+00:00,139.78,113.95,75.09,130.9389670315185,109.24591228353366
2023-11-21 13:00:00+00:00,138.37,120.35,81.01,133.21422384857894,112.07939007306553
2023-11-21 14:00:00+00:00,140.34,128.75,90.06,140.47156837308015,121.29944055760888
2023-11-21 15:00:00+00:00,143.92,139.93,90.8,147.07246350782412,130.7390765507856
2023-11-21 16:00:00+00:00,146.97,147.0,117.61,155.3618620216762,142.74061726846645
2023-11-21 17:00:00+00:00,142.08,139.98,119.81,150.90933358494328,140.7193575684849
2023-11-21 18:00:00+00:00,132.35,130.07,116.96,142.23537819221815,133.77539047316134
2023-11-21 19:00:00+00:00,124.79,120.04,100.43,128.45664240609733,121.67434848430086
2023-11-21 20:00:00+00:00,110.52,107.01,89.74,115.82687606285151,109.39104895705142
2023-11-21 21:00:00+00:00,110.91,108.05,89.11,113.39833206845863,108.6352811712529
2023-11-21 22:00:00+00:00,98.04,97.66,85.5,102.77115329971294,97.6378411781667
2023-11-21 23:00:00+00:00,98.0,102.75,81.1,91.09486716311531,87.19664605646906
2023-11-22 00:00:00+00:00,95.01,98.2,76.42,86.81624304576668,81.69156836508488
2023-11-22 01:00:00+00:00,95.01,96.12,72.9,85.16298188471157,78.47461445095016
2023-11-22 02:00:00+00:00,92.0,91.17,70.69,84.26048739421984,74.54565238915254
2023-11-22 03:00:00+00:00,92.49,96.04,74.45,92.13909416130319,79.64847370910978
2023-11-22 04:00:00+00:00,94.87,101.11,82.28,104.05537555359793,88.04753137038938
2023-11-22 05:00:00+00:00,120.17,120.15,103.08,130.52699661251037,111.5637692241629
2023-11-22 06:00:00+00:00,140.73,136.08,123.19,149.93597075630584,129.37483810348542
2023-11-22 07:00:00+00:00,151.64,142.59,128.59,153.82302178607614,135.01231436532862
2023-11-22 08:00:00+00:00,131.33,137.19,121.29,142.338768980216,128.92141438228538
2023-11-22 09:00:00+00:00,115.03,135.0,112.78,133.34370974704882,125.35804981131994
2023-11-22 10:00:00+00:00,103.63,134.9,99.84,127.37060905484178,122.5045904154055
2023-11-22 11:00:00+00:00,95.69,139.79,97.36,128.15694447980897,123.66095043294516
2023-11-22 12:00:00+00:00,102.44,139.78,101.09,129.52272702684004,123.09533429654115
2023-11-22 13:00:00+00:00,115.99,138.37,106.27,130.94132618113798,121.46223446640468
2023-11-22 14:00:00+00:00,119.84,140.34,121.21,134.43766516292575,123.78144829366329
2023-11-22 15:00:00+00:00,127.0,143.92,122.96,135.77143306791885,128.1300140912092
2023-11-22 16:00:00+00:00,132.9,146.97,127.84,136.19424887709113,134.5735624237425
2023-11-22 17:00:00+00:00,129.89,142.08,129.9,127.74777537653182,132.9963131073729
2023-11-22 18:00:00+00:00,118.76,132.35,121.08,113.34229761174451,125.37671489133642
2023-11-22 19:00:00+00:00,105.42,124.79,110.1,95.87684224165434,116.50151969714608
2023-11-22 20:00:00+00:00,89.67,110.52,97.5,74.84032495383885,102.0334902222323
2023-11-22 21:00:00+00:00,90.21,110.91,91.66,63.75194239660562,98.63417854098967
2023-11-22 22:00:00+00:00,74.79,98.04,84.21,46.70881534411268,85.9270254620933
2023-11-22 23:00:00+00:00,64.97,98.0,85.46,36.52839619989102,81.05489896807498
2023-11-23 00:00:00+00:00,46.05,95.01,83.25,31.01874397824122,77.36626226752404
2023-11-23 01:00:00+00:00,41.12,95.01,75.12,28.2097777356296,75.91757957747443
2023-11-23 02:00:00+00:00,30.13,92.0,74.06,27.009964629490625,73.9512138271633
2023-11-23 03:00:00+00:00,20.18,92.49,81.1,32.421959499699085,77.38000651393577
2023-11-23 04:00:00+00:00,32.56,94.87,87.03,40.77966408957858,82.70805061043544
2023-11-23 05:00:00+00:00,80.62,120.17,100.06,67.06002055977517,109.11642029478888
2023-11-23 06:00:00+00:00,113.96,140.73,126.9,91.15553054625455,132.3042003249663
2023-11-23 07:00:00+00:00,119.87,151.64,129.99,99.57699318317451,142.3428584135715
2023-11-23 08:00:00+00:00,90.0,131.33,128.59,84.50847934580214,127.7225249476885
2023-11-23 09:00:00+00:00,82.9,115.03,120.1,71.16696242226362,114.84713214198865
2023-11-23 10:00:00+00:00,73.81,103.63,116.62,62.95772157961074,105.99000172409757
2023-11-23 11:00:00+00:00,66.47,95.69,122.63,57.72984043588368,100.19101858351456
2023-11-23 12:00:00+00:00,69.93,102.44,131.64,60.98644672101993,104.1811610066064
2023-11-23 13:00:00+00:00,69.97,115.99,146.82,68.49072694116816,112.73239887571133
2023-11-23 14:00:00+00:00,73.52,119.84,158.5,71.1295095590585,115.30293937786905
2023-11-23 15:00:00+00:00,73.59,127.0,158.24,74.06522444398755,120.50213893220064
2023-11-23 16:00:00+00:00,77.6,132.9,182.39,79.80279142982795,130.16188700025182
2023-11-23 17:00:00+00:00,73.71,129.89,142.26,70.8919322991738,124.22795336692892
2023-11-23 18:00:00+00:00,70.63,118.76,125.23,57.51529059681853,113.61862795690942
2023-11-23 19:00:00+00:00,50.9,105.42,121.18,41.46894016475637,100.92325945956803
2023-11-23 20:00:00+00:00,28.18,89.67,115.0,24.98544730068457,86.19160705976296
2023-11-23 21:00:00+00:00,18.96,90.21,110.2,21.21958456126032,84.73151025072228
2023-11-23 22:00:00+00:00,9.8,74.79,100.85,7.412392486708853,70.46782677942728
2023-11-23 23:00:00+00:00,1.48,64.97,106.0,5.68402690501398,68.10198921244412
2023-11-24 00:00:00+00:00,0.1,46.05,100.0,-5.041669696273942,54.13950827479745
2023-11-24 01:00:00+00:00,0.12,41.12,95.65,-6.17422592368942,50.353962028384956
2023-11-24 02:00:00+00:00,0.34,30.13,92.76,-7.3504543699469735,44.00640493333973
2023-11-24 03:00:00+00:00,1.55,20.18,95.7,-5.182718924190539,40.4792744040355
2023-11-24 04:00:00+00:00,31.61,32.56,103.2,11.014664895427913,54.054632273572906
2023-11-24 05:00:00+00:00,70.53,80.62,119.35,51.55696344797462,96.85653893633078
2023-11-24 06:00:00+00:00,94.28,113.96,131.03,81.71546988477029,125.86013180323242
2023-11-24 07:00:00+00:00,112.68,119.87,141.92,89.56619666359036,132.41383955531168
2023-11-24 08:00:00+00:00,93.99,90.0,134.75,69.2089824977085,109.0911285051318
2023-11-24 09:00:00+00:00,86.95,82.9,127.91,59.873994245269564,101.4592850668774
2023-11-24 10:00:00+00:00,79.42,73.81,125.18,51.20476737834731,93.23056211464024
2023-11-24 11:00:00+00:00,76.33,66.47,119.5,44.66069264005303,85.36509673555027
2023-11-24 12:00:00+00:00,71.45,69.93,112.0,45.97196577362892,85.34447639577313
2023-11-24 13:00:00+00:00,75.38,69.97,123.91,49.42151229197915,85.9381116490628
2023-11-24 14:00:00+00:00,77.37,73.52,129.99,54.945874899449386,88.2122788800552
2023-11-24 15:00:00+00:00,85.24,73.59,137.65,58.23983146834831,90.15156088428948
2023-11-24 16:00:00+00:00,90.97,77.6,146.32,62.65899067132789,97.11208452637277
2023-11-24 17:00:00+00:00,90.25,73.71,149.6,57.61316227126811,95.68452842819728
2023-11-24 18:00:00+00:00,86.23,70.63,141.0,48.97038381842675,91.1165861554772
2023-11-24 19:00:00+00:00,81.5,50.9,128.41,27.9716815570156,72.37263898796945
2023-11-24 20:00:00+00:00,74.74,28.18,120.33,10.221409186965403,53.202536495163514
2023-11-24 21:00:00+00:00,77.56,18.96,118.14,5.542039933804091,46.147494301187244
2023-11-24 22:00:00+00:00,72.84,9.8,111.88,-1.1247865163576023,36.418531349669536
2023-11-24 23:00:00+00:00,78.07,1.48,110.56,-3.0871126399598836,28.23006501256772
2023-11-25 00:00:00+00:00,74.03,0.1,97.38,-4.0440293903412226,22.217860322791097
2023-11-25 01:00:00+00:00,72.07,0.12,90.61,-3.5278141141923953,18.565567024321453
2023-11-25 02:00:00+00:00,71.61,0.34,85.96,-3.4989830878135137,14.90336607679157
2023-11-25 03:00:00+00:00,69.99,1.55,82.48,-1.9156780956922006,12.17715512261617
2023-11-25 04:00:00+00:00,74.19,31.61,82.48,18.322317279972523,30.90544322470818
2023-11-25 05:00:00+00:00,79.81,70.53,86.19,45.308448469099176,58.751507568393734
2023-11-25 06:00:00+00:00,87.08,94.28,92.08,64.78492287097981,76.45346982229668
2023-11-25 07:00:00+00:00,94.29,112.68,100.21,78.3656534427272,90.45989303741136
2023-11-25 08:00:00+00:00,91.74,93.99,97.36,65.84699323390078,75.34713742621341
2023-11-25 09:00:00+00:00,89.17,86.95,96.08,61.55078799428901,68.81149407177577
2023-11-25 10:00:00+00:00,87.06,79.42,95.2,59.60539944129336,62.20040340255419
2023-11-25 11:00:00+00:00,84.82,76.33,94.7,59.57074385983657,58.43449961186121
2023-11-25 12:00:00+00:00,83.07,71.45,94.98,58.8901569669372,54.48640494702188
2023-11-25 13:00:00+00:00,90.09,75.38,97.06,64.41218220486662,57.134768791545454
2023-11-25 14:00:00+00:00,95.66,77.37,97.61,70.43010444875662,60.474390910978805
2023-11-25 15:00:00+00:00,114.91,85.24,95.98,78.93007702358142,70.18592214947788
2023-11-25 16:00:00+00:00,124.1,90.97,105.07,88.53140197324633,82.16649718924569
2023-11-25 17:00:00+00:00,127.1,90.25,107.34,91.07513283665115,85.80738300703382
2023-11-25 18:00:00+00:00,127.2,86.23,91.24,87.91664587726653,82.94148403874989
2023-11-25 19:00:00+00:00,121.13,81.5,83.1,82.68394593988177,77.59346184164619
2023-11-25 20:00:00+00:00,114.83,74.74,77.98,76.59354874674968,70.607261900017
2023-11-25 21:00:00+00:00,115.3,77.56,73.76,76.67317126439056,71.23376403430144
2023-11-25 22:00:00+00:00,103.0,72.84,58.11,68.77644774624005,63.181018550060095
2023-11-25 23:00:00+00:00,111.1,78.07,19.13,69.94289389358109,65.6432168824017
2023-11-26 00:00:00+00:00,105.77,74.03,5.67,62.366249346759375,57.787271715203445
2023-11-26 01:00:00+00:00,102.67,72.07,4.1,56.624843927094346,51.92312814493905
2023-11-26 02:00:00+00:00,100.11,71.61,0.13,52.55103195664139,47.1479026222805
2023-11-26 03:00:00+00:00,97.2,69.99,0.07,48.49567925045352,41.592603289232564
2023-11-26 04:00:00+00:00,97.8,74.19,0.09,51.552552879343466,43.09433001768511
2023-11-26 05:00:00+00:00,99.83,79.81,2.33,56.19989631333433,45.93208750835101
2023-11-26 06:00:00+00:00,105.05,87.08,5.59,64.47726812358516,50.968141241589194
2023-11-26 07:00:00+00:00,112.69,94.29,14.49,72.43228219838726,57.760791221735985
2023-11-26 08:00:00+00:00,117.3,91.74,18.82,70.80766038393571,55.74933055413646
2023-11-26 09:00:00+00:00,115.29,89.17,12.59,68.20394326932555,53.039743698012074
2023-11-26 10:00:00+00:00,114.7,87.06,12.66,68.36665188470035,51.742165681230915
2023-11-26 11:00:00+00:00,113.37,84.82,11.67,68.28143399773137,49.36023493152385
2023-11-26 12:00:00+00:00,110.02,83.07,1.0,67.28844250143837,45.499843014339405
2023-11-26 13:00:00+00:00,115.1,90.09,15.55,75.13461530546428,51.71273379256251
2023-11-26 14:00:00+00:00,123.26,95.66,67.31,88.33607346859127,63.403651075088376
2023-11-26 15:00:00+00:00,134.15,114.91,80.98,105.42830964002995,83.58841176338325
2023-11-26 16:00:00+00:00,143.81,124.1,95.02,118.18249474411411,99.66419475311473
2023-11-26 17:00:00+00:00,149.67,127.1,104.55,123.36107740135377,108.3511438594791
2023-11-26 18:00:00+00:00,143.78,127.2,103.82,122.39932896817436,110.99441487039745
2023-11-26 19:00:00+00:00,135.91,121.13,88.65,114.69658015754572,106.23723534336212
2023-11-26 20:00:00+00:00,122.41,114.83,84.38,108.35397528193562,102.13536055476865
2023-11-26 21:00:00+00:00,118.99,115.3,88.05,107.48691586114731,104.09079797109406
2023-11-26 22:00:00+00:00,102.44,103.0,80.05,95.73707309762169,93.04985063133157
2023-11-26 23:00:00+00:00,99.26,111.1,68.3,102.34648529341746,106.14123818795119
2023-11-27 00:00:00+00:00,94.09,105.77,62.68,97.8317684160667,100.82425364025522
2023-11-27 01:00:00+00:00,89.9,102.67,59.91,96.37186028490615,97.95673353330822
2023-11-27 02:00:00+00:00,88.82,100.11,60.03,97.03398011126755,96.4912841869592
2023-11-27 03:00:00+00:00,87.91,97.2,64.76,100.54430378292267,96.68002492755768
2023-11-27 04:00:00+00:00,94.09,97.8,80.43,110.24479040568558,102.75822444054448
2023-11-27 05:00:00+00:00,122.01,99.83,102.75,126.94909162462403,114.57479356061411
2023-11-27 06:00:00+00:00,138.92,105.05,128.09,142.53473551567163,126.93374539485862
2023-11-27 07:00:00+00:00,144.99,112.69,126.67,148.8946253219711,134.0594040139136
2023-11-27 08:00:00+00:00,139.41,117.3,118.44,146.64848933744554,135.1382956229187
2023-11-27 09:00:00+00:00,138.0,115.29,112.18,141.33304737054644,132.11433679756237
2023-11-27 10:00:00+00:00,136.94,114.7,106.0,137.34632453675636,129.51912996809196
2023-11-27 11:00:00+00:00,133.97,113.37,103.0,133.31747390019513,126.09079300225457
2023-11-27 12:00:00+00:00,132.67,110.02,113.95,129.168256512327,122.58656130426554
2023-11-27 13:00:00+00:00,130.0,115.1,120.35,127.69349115474708,124.43971623948916
2023-11-27 14:00:00+00:00,121.21,123.26,128.75,127.93439521829968,129.64129476230875
2023-11-27 15:00:00+00:00,115.86,134.15,139.93,132.92549873060466,140.67617568049292
2023-11-27 16:00:00+00:00,124.53,143.81,147.0,139.4028660340237,151.96280935402757
2023-11-27 17:00:00+00:00,123.22,149.67,139.98,139.43820252185162,156.67134435001554
2023-11-27 18:00:00+00:00,117.12,143.78,130.07,130.72194673269627,151.27877559218484
2023-11-27 19:00:00+00:00,100.61,135.91,120.04,117.97423813320495,142.17518908995544
2023-11-27 20:00:00+00:00,94.46,122.41,107.01,102.44051444185484,128.84613785379764
2023-11-27 21:00:00+00:00,95.2,118.99,108.05,95.79829995119584,125.27880780691913
2023-11-27 22:00:00+00:00,85.06,102.44,97.66,79.39907727789645,109.6325500011231
2023-11-27 23:00:00+00:00,77.74,99.26,102.75,63.24315806289041,98.28836356174254
2023-11-28 00:00:00+00:00,70.49,94.09,98.2,57.87454895873649,93.36403200027567
2023-11-28 01:00:00+00:00,67.47,89.9,96.12,54.79594618806036,90.17468481475818
2023-11-28 02:00:00+00:00,64.5,88.82,91.17,54.85973389362842,89.29962777790541
2023-11-28 03:00:00+00:00,68.29,87.91,96.04,58.710513006952304,90.78619702766467
2023-11-28 04:00:00+00:00,80.06,94.09,101.11,69.78783910897366,98.94015479539037
2023-11-28 05:00:00+00:00,89.34,122.01,120.15,100.73810249276139,127.01114648513813
2023-11-28 06:00:00+00:00,116.42,138.92,136.08,125.78188204512125,145.70300771883757
2023-11-28 07:00:00+00:00,127.03,144.99,142.59,140.137772736349,152.78791611812073
2023-11-28 08:00:00+00:00,138.08,139.41,137.19,142.55848346729567,148.13987011649698
2023-11-28 09:00:00+00:00,139.3,138.0,135.0,146.0724129723821,146.1268999637614
2023-11-28 10:00:00+00:00,138.5,136.94,134.9,149.69582665751545,144.3984871743644
2023-11-28 11:00:00+00:00,135.6,133.97,139.79,151.71026884042402,141.0251606731965
2023-11-28 12:00:00+00:00,137.72,132.67,139.78,153.0884702171116,137.93784348520265
2023-11-28 13:00:00+00:00,144.04,130.0,138.37,153.18064342775796,133.68908566883
2023-11-28 14:00:00+00:00,150.0,121.21,140.34,150.83513920230604,126.804011970885
2023-11-28 15:00:00+00:00,164.01,115.86,143.92,150.16013811215583,125.10015276143146
2023-11-28 16:00:00+00:00,189.98,124.53,146.97,156.92430485562926,134.82763262524168
2023-11-28 17:00:00+00:00,177.0,123.22,142.08,154.05319225970575,134.85444788082745
2023-11-28 18:00:00+00:00,160.2,117.12,132.35,144.5422390494205,128.43093625380862
2023-11-28 19:00:00+00:00,139.12,100.61,124.79,126.10944362836302,113.64560379760806
2023-11-28 20:00:00+00:00,125.45,94.46,110.52,112.05208539326294,104.78212846098262
2023-11-28 21:00:00+00:00,116.84,95.2,110.91,104.66238219310304,103.49020499571483
2023-11-28 22:00:00+00:00,109.41,85.06,98.04,88.52966600340328,91.66134380739395
2023-11-28 23:00:00+00:00,98.43,77.74,98.0,65.67801745154631,72.9848106405738
2023-11-29 00:00:00+00:00,95.17,70.49,95.01,56.893372090872305,66.9519308091093
2023-11-29 01:00:00+00:00,92.03,67.47,95.01,52.29272107762255,64.63739565672402
2023-11-29 02:00:00+00:00,85.88,64.5,92.0,49.067084782165786,62.5501417604145
2023-11-29 03:00:00+00:00,84.91,68.29,92.49,52.90063856854547,67.1364505587604
2023-11-29 04:00:00+00:00,95.7,80.06,94.87,64.77143449080256,79.35016421450803
2023-11-29 05:00:00+00:00,102.84,89.34,120.17,85.69666700467923,98.07426539643045
2023-11-29 06:00:00+00:00,132.59,116.42,140.73,115.53333259061459,126.3849989472981
2023-11-29 07:00:00+00:00,149.33,127.03,151.64,127.4670117347774,137.09028647870045
2023-11-29 08:00:00+00:00,142.55,138.08,131.33,129.2700832114012,140.8348388173677
2023-11-29 09:00:00+00:00,133.72,139.3,115.03,126.98215925444858,138.59521983150591
2023-11-29 10:00:00+00:00,130.0,138.5,103.63,125.30095762907146,135.30315582166702
2023-11-29 11:00:00+00:00,128.09,135.6,95.69,122.89077904150862,130.15572802168302
2023-11-29 12:00:00+00:00,132.18,137.72,102.44,127.10357768676131,130.4324409763251
2023-11-29 13:00:00+00:00,146.35,144.04,115.99,135.22642383170532,133.4990930148628
2023-11-29 14:00:00+00:00,168.0,150.0,119.84,142.5923127839946,135.71794735739218
2023-11-29 15:00:00+00:00,200.0,164.01,127.0,154.68272488384062,146.6488997462035
2023-11-29 16:00:00+00:00,250.0,189.98,132.9,174.4244838046763,169.17244667366418
2023-11-29 17:00:00+00:00,250.0,177.0,129.89,168.4893314732195,161.6228690882603
2023-11-29 18:00:00+00:00,200.0,160.2,118.76,156.84182288008856,148.32911553285967
2023-11-29 19:00:00+00:00,161.0,139.12,105.42,139.01856437987047,128.9580266795893
2023-11-29 20:00:00+00:00,139.01,125.45,89.67,125.78890465622555,115.16626248906344
2023-11-29 21:00:00+00:00,128.5,116.84,90.21,118.06389538580106,107.58834457802217
2023-11-29 22:00:00+00:00,114.27,109.41,74.79,107.87170761484724,97.32853757851461
2023-11-29 23:00:00+00:00,104.79,98.43,64.97,95.65458908948459,81.36797288848578
2023-11-30 00:00:00+00:00,104.52,95.17,46.05,89.83480197551256,74.6817749254357
2023-11-30 01:00:00+00:00,102.2,92.03,41.12,87.31408234474429,70.74253073089369
2023-11-30 02:00:00+00:00,100.0,85.88,30.13,84.77348964704001,65.19835562554408
2023-11-30 03:00:00+00:00,101.63,84.91,20.18,86.99217243086437,64.3904985485913
2023-11-30 04:00:00+00:00,106.3,95.7,32.56,101.57429880510257,76.5910395825611
2023-11-30 05:00:00+00:00,129.41,102.84,80.62,124.12902004816692,94.2893824115078
2023-11-30 06:00:00+00:00,168.09,132.59,113.96,154.2694033069471,124.37076504603748
2023-11-30 07:00:00+00:00,219.27,149.33,119.87,168.02831155637537,138.01923499723424
2023-11-30 08:00:00+00:00,237.13,142.55,90.0,160.2124612340366,129.734088769962
2023-11-30 09:00:00+00:00,222.5,133.72,82.9,152.9400394438631,122.00191509973381
2023-11-30 10:00:00+00:00,223.34,130.0,73.81,148.42017471734277,116.88200212860625
2023-11-30 11:00:00+00:00,195.21,128.09,66.47,145.77702290056806,112.80213029262009
2023-11-30 12:00:00+00:00,189.81,132.18,69.93,148.65606606692035,114.29155691313926
2023-11-30 13:00:00+00:00,195.0,146.35,69.97,157.83733707383334,122.9135698206608
2023-11-30 14:00:00+00:00,195.0,168.0,73.52,171.24952037771192,137.68956500144267
2023-11-30 15:00:00+00:00,226.0,200.0,73.59,190.61008985446063,162.29189484362485
2023-11-30 16:00:00+00:00,261.0,250.0,77.6,222.01869833544487,202.98634289471755
2023-11-30 17:00:00+00:00,249.34,250.0,73.71,221.08081522798278,204.30226900728098
2023-11-30 18:00:00+00:00,194.49,200.0,70.63,189.7057577815051,169.08448963163443
2023-11-30 19:00:00+00:00,153.93,161.0,50.9,159.32564435283473,136.85676991182197
2023-11-30 20:00:00+00:00,132.72,139.01,28.18,137.7044011888323,115.87298151742777
2023-11-30 21:00:00+00:00,124.72,128.5,18.96,125.06185311919177,105.1943944184228
2023-11-30 22:00:00+00:00,113.79,114.27,9.8,110.29389106532912,91.50407357290851
2023-11-30 23:00:00+00:00,106.91,104.79,1.48,108.15526313242022,85.45569137519627
2023-12-01 00:00:00+00:00,102.63,104.52,0.1,105.02995674809968,83.7135699804516
2023-12-01 01:00:00+00:00,99.1,102.2,0.12,102.76622495980153,81.50134444574208
2023-12-01 02:00:00+00:00,95.88,100.0,0.34,101.73989597535854,79.38773322630584
2023-12-01 03:00:00+00:00,96.07,101.63,1.55,105.85984994331982,81.6495985609899
2023-12-01 04:00:00+00:00,102.31,106.3,31.61,118.67550885970341,91.9992844918894
2023-12-01 05:00:00+00:00,120.03,129.41,70.53,148.82417916314853,119.67305067549938
2023-12-01 06:00:00+00:00,152.11,168.09,94.28,183.0556592882918,154.73478876509412
2023-12-01 07:00:00+00:00,203.46,219.27,112.68,219.22045889584444,194.25876147533495
2023-12-01 08:00:00+00:00,222.63,237.13,93.99,228.3733030895096,203.25129372191185
2023-12-01 09:00:00+00:00,215.37,222.5,86.95,219.93015071987293,190.8775545683181
2023-12-01 10:00:00+00:00,213.52,223.34,79.42,220.4519188805958,189.72245725521105
2023-12-01 11:00:00+00:00,197.09,195.21,76.33,204.829782947689,168.60562167764039
2023-12-01 12:00:00+00:00,175.19,189.81,71.45,200.5249572323598,162.31309192945594
2023-12-01 13:00:00+00:00,174.32,195.0,75.38,203.4796638579372,165.20481675437668
2023-12-01 14:00:00+00:00,184.4,195.0,77.37,204.3589560520366,166.17084683089658
2023-12-01 15:00:00+00:00,200.05,226.0,85.24,223.8391726909096,192.10412270589575
2023-12-01 16:00:00+00:00,230.69,261.0,90.97,246.82084282894283,223.65251227679363
2023-12-01 17:00:00+00:00,199.16,249.34,90.25,238.43532190557846,216.9024280041711
2023-12-01 18:00:00+00:00,168.56,194.49,86.23,202.17110724293337,175.14033014473785
2023-12-01 19:00:00+00:00,142.37,153.93,81.5,171.1043387800051,141.6391494672014
2023-12-01 20:00:00+00:00,125.13,132.72,74.74,152.10154369120758,122.76566380463206
2023-12-01 21:00:00+00:00,118.4,124.72,77.56,142.7978484724834,115.18962099726336
2023-12-01 22:00:00+00:00,108.13,113.79,72.84,129.7139467967565,103.23776889978816
2023-12-01 23:00:00+00:00,105.22,106.91,78.07,119.37003715303973,95.04619557518447
2023-12-02 00:00:00+00:00,102.69,102.63,74.03,112.6248287748696,88.7363995998357
2023-12-02 01:00:00+00:00,101.25,99.1,72.07,107.30187386119967,82.8719096292514
2023-12-02 02:00:00+00:00,98.89,95.88,71.61,103.496759479296,77.45111411758322
2023-12-02 03:00:00+00:00,97.96,96.07,69.99,102.76970196737022,74.57245995165817
2023-12-02 04:00:00+00:00,97.83,102.31,74.19,107.47742616823592,76.9234126021612
2023-12-02 05:00:00+00:00,98.93,120.03,79.81,120.84108261102834,88.99203840553481
2023-12-02 06:00:00+00:00,104.88,152.11,87.08,144.24452626760566,112.87855362344443
2023-12-02 07:00:00+00:00,120.34,203.46,94.29,179.28564910966776,151.8634232717493
2023-12-02 08:00:00+00:00,127.99,222.63,91.74,193.9095151782205,166.20329577045044
2023-12-02 09:00:00+00:00,130.75,215.37,89.17,189.88750782172787,159.2411123320539
2023-12-02 10:00:00+00:00,127.22,213.52,87.06,189.26832613698764,157.49547069518877
2023-12-02 11:00:00+00:00,121.58,197.09,84.82,178.81930718726215,143.27542669695515
2023-12-02 12:00:00+00:00,114.58,175.19,83.07,165.71941418341186,126.78430588266342
2023-12-02 13:00:00+00:00,118.52,174.32,90.09,166.52822248995744,127.44789235558085
2023-12-02 14:00:00+00:00,123.5,184.4,95.66,174.06542232096592,136.57988610380534
2023-12-02 15:00:00+00:00,129.79,200.05,114.91,188.82185444995764,156.18663148251483
2023-12-02 16:00:00+00:00,144.04,230.69,124.1,210.91385285958538,186.8009865714214
2023-12-02 17:00:00+00:00,144.96,199.16,127.1,193.3105791351514,168.86704442522915
2023-12-02 18:00:00+00:00,129.56,168.56,127.2,171.3688043924244,146.1005673582871
2023-12-02 19:00:00+00:00,122.52,142.37,121.13,149.14085734670846,124.8424320449057
2023-12-02 20:00:00+00:00,114.83,125.13,114.83,134.186980988327,111.7335811793223
2023-12-02 21:00:00+00:00,109.88,118.4,115.3,127.33671541336493,107.58986294025551
2023-12-02 22:00:00+00:00,106.01,108.13,103.0,114.85330597872174,96.95122613738455
2023-12-02 23:00:00+00:00,108.3,105.22,111.1,118.93519243831997,102.34079196745984
2023-12-03 00:00:00+00:00,102.68,102.69,105.77,113.0044856465942,97.1682316102069
2023-12-03 01:00:00+00:00,99.88,101.25,102.67,108.85009400007638,92.6679625264971
2023-12-03 02:00:00+00:00,98.62,98.89,100.11,104.76495877969498,87.1788656968862
2023-12-03 03:00:00+00:00,94.62,97.96,97.2,103.41863295759198,83.43691965128086
2023-12-03 04:00:00+00:00,91.72,97.83,97.8,103.69133489797483,80.77572688777096
2023-12-03 05:00:00+00:00,88.86,98.93,99.83,104.96434072166576,79.47268414804898
2023-12-03 06:00:00+00:00,92.13,104.88,105.05,112.70046292318253,84.94480472563681
2023-12-03 07:00:00+00:00,97.02,120.34,112.69,127.60102930564554,100.40336054813616
2023-12-03 08:00:00+00:00,100.15,127.99,117.3,134.87951087036302,108.51852255393642
2023-12-03 09:00:00+00:00,104.96,130.75,115.29,136.013094012338,109.60489797928302
2023-12-03 10:00:00+00:00,105.07,127.22,114.7,135.01833739118163,107.61130559643888
2023-12-03 11:00:00+00:00,102.91,121.58,113.37,130.67783389476512,102.00110110374484
2023-12-03 12:00:00+00:00,100.0,114.58,110.02,125.12623070439821,94.20155900388315
2023-12-03 13:00:00+00:00,105.68,118.52,115.1,129.99011656384502,97.89910307304433
2023-12-03 14:00:00+00:00,115.0,123.5,123.26,135.90151524127964,104.39285411421622
2023-12-03 15:00:00+00:00,122.2,129.79,134.15,142.64341167982354,115.55892715044712
2023-12-03 16:00:00+00:00,127.9,144.04,143.81,151.873987815208,134.12391587892301
2023-12-03 17:00:00+00:00,129.05,144.96,149.67,147.86667488410743,136.76261052500246
2023-12-03 18:00:00+00:00,126.07,129.56,143.78,131.86064845700892,125.12667320870554
2023-12-03 19:00:00+00:00,112.33,122.52,135.91,119.68041192697947,118.51591357115595
2023-12-03 20:00:00+00:00,100.0,114.83,122.41,108.39568386614452,111.57039838200697
2023-12-03 21:00:00+00:00,99.09,109.88,118.99,102.3147420535955,108.96067438693676
2023-12-03 22:00:00+00:00,89.0,106.01,102.44,91.95863970345864,101.97856670803232
2023-12-03 23:00:00+00:00,93.86,108.3,99.26,97.41752500052766,111.41359899232931
2023-12-04 00:00:00+00:00,89.81,102.68,94.09,91.47931643223848,106.02681387513388
2023-12-04 01:00:00+00:00,88.02,99.88,89.9,88.42682930036615,103.3075898997818
2023-12-04 02:00:00+00:00,85.38,98.62,88.82,87.67617053974,102.03849894183077
2023-12-04 03:00:00+00:00,85.83,94.62,87.91,90.01787698507682,101.4378757457182
2023-12-04 04:00:00+00:00,92.04,91.72,94.09,96.35723061713975,104.14015060558042
2023-12-04 05:00:00+00:00,104.1,88.86,122.01,110.82724038102164,113.26591472144857
2023-12-04 06:00:00+00:00,118.06,92.13,138.92,125.25147424056614,122.93012525808894
2023-12-04 07:00:00+00:00,123.16,97.02,144.99,133.9197126570994,129.87396401483488
2023-12-04 08:00:00+00:00,126.12,100.15,139.41,136.29828205924497,131.33439774237502
2023-12-04 09:00:00+00:00,128.02,104.96,138.0,140.6260208880884,133.9553664182566
2023-12-04 10:00:00+00:00,130.7,105.07,136.94,142.61746728472883,132.72729290734338
2023-12-04 11:00:00+00:00,126.45,102.91,133.97,142.25660247818575,129.23681505250207
2023-12-04 12:00:00+00:00,131.42,100.0,132.67,139.03454800721192,124.6901237134181
2023-12-04 13:00:00+00:00,126.97,105.68,130.0,139.45991748602367,127.0847973279968
2023-12-04 14:00:00+00:00,124.84,115.0,121.21,139.73670158357464,131.7594190584121
2023-12-04 15:00:00+00:00,122.27,122.2,115.86,139.72384501487053,137.42318742688224
2023-12-04 16:00:00+00:00,127.75,127.9,124.53,142.6831730464374,146.03962182865834
2023-12-04 17:00:00+00:00,124.63,129.05,123.22,139.24511493989615,147.53465164982316
2023-12-04 18:00:00+00:00,120.97,126.07,117.12,131.11846462773104,143.32557977439654
2023-12-04 19:00:00+00:00,114.48,112.33,100.61,113.64209050470609,129.24562645014564
2023-12-04 20:00:00+00:00,105.55,100.0,94.46,98.54462618007335,117.15891476672002
2023-12-04 21:00:00+00:00,100.0,99.09,95.2,92.71386417152051,114.91090314942394
2023-12-04 22:00:00+00:00,91.76,89.0,85.06,80.1090951276156,104.46020961167385
2023-12-04 23:00:00+00:00,90.85,93.86,77.74,66.18649885315702,94.22748732042567
2023-12-05 00:00:00+00:00,88.01,89.81,70.49,60.73373792021398,89.28789146455992
2023-12-05 01:00:00+00:00,85.73,88.02,67.47,58.36967305412559,87.03057504385245
2023-12-05 02:00:00+00:00,83.62,85.38,64.5,56.75149306358805,84.5437831612675
2023-12-05 03:00:00+00:00,84.71,85.83,68.29,61.5167752000504,86.86928546101905
2023-12-05 04:00:00+00:00,91.02,92.04,80.06,73.66700929317135,95.82323856609429
2023-12-05 05:00:00+00:00,108.0,104.1,89.34,93.94528924426126,111.66489873487713
2023-12-05 06:00:00+00:00,114.32,118.06,116.42,115.90743755590523,129.2449153329372
2023-12-05 07:00:00+00:00,122.28,123.16,127.03,125.47379502159767,135.48331354631034
2023-12-05 08:00:00+00:00,122.88,126.12,138.08,130.59847460130064,138.39331088865146
2023-12-05 09:00:00+00:00,120.55,128.02,139.3,134.1466591286675,139.47435689481648
2023-12-05 10:00:00+00:00,121.27,130.7,138.5,136.9807876182388,139.71457289129975
2023-12-05 11:00:00+00:00,118.34,126.45,135.6,135.95459135401646,134.67906057123832
2023-12-05 12:00:00+00:00,118.53,131.42,137.72,139.59944847766826,136.4011308992733
2023-12-05 13:00:00+00:00,127.26,126.97,144.04,138.50382482129413,133.05519854451717
2023-12-05 14:00:00+00:00,122.59,124.84,150.0,137.96370279030634,132.22168272275587
2023-12-05 15:00:00+00:00,129.24,122.27,164.01,138.64891881957544,133.8499604253749
2023-12-05 16:00:00+00:00,145.9,127.75,189.98,145.7565338741346,143.74216325097981
2023-12-05 17:00:00+00:00,147.47,124.63,177.0,140.86265806487958,141.09941351113224
2023-12-05 18:00:00+00:00,141.56,120.97,160.2,134.79282496015742,136.36619517895946
2023-12-05 19:00:00+00:00,128.63,114.48,139.12,122.63789557901968,126.08587810064127
2023-12-05 20:00:00+00:00,117.83,105.55,125.45,110.4728543464754,114.8145621719219
2023-12-05 21:00:00+00:00,111.55,100.0,116.84,102.9877668731023,108.38787966702097
2023-12-05 22:00:00+00:00,103.28,91.76,109.41,92.83662774787905,98.83950523102135
2023-12-05 23:00:00+00:00,94.97,90.85,98.43,79.86382229693298,85.17164202753256
2023-12-06 00:00:00+00:00,93.1,88.01,95.17,77.29836536517602,81.650570330741
2023-12-06 01:00:00+00:00,92.57,85.73,92.03,76.2644945687872,78.95097675920428
2023-12-06 02:00:00+00:00,90.96,83.62,85.88,77.02946976263542,76.83565021693181
2023-12-06 03:00:00+00:00,90.59,84.71,84.91,82.89492972828243,79.09279394801551
2023-12-06 04:00:00+00:00,93.89,91.02,95.7,95.65672431816832,88.22508675188563
2023-12-06 05:00:00+00:00,106.94,108.0,102.84,119.39353001955809,108.19351418737898
2023-12-06 06:00:00+00:00,133.86,114.32,132.59,135.67523125546052,120.19985176747576
2023-12-06 07:00:00+00:00,167.0,122.28,149.33,147.25574782808752,128.71263571327174
2023-12-06 08:00:00+00:00,166.54,122.88,142.55,149.14582937135611,127.64088359099429
2023-12-06 09:00:00+00:00,150.0,120.55,133.72,148.9607326114724,124.23176999417095
2023-12-06 10:00:00+00:00,146.29,121.27,130.0,150.00198649394935,122.99287437255293
2023-12-06 11:00:00+00:00,146.1,118.34,128.09,148.27506813749943,118.84563970571301
2023-12-06 12:00:00+00:00,141.03,118.53,132.18,148.34950526217352,117.86428588923795
2023-12-06 13:00:00+00:00,140.5,127.26,146.35,153.8713043703964,123.65464664208399
2023-12-06 14:00:00+00:00,143.99,122.59,168.0,153.188972386322,122.12818072012942
2023-12-06 15:00:00+00:00,164.0,129.24,200.0,160.8811953674813,131.54537670434584
2023-12-06 16:00:00+00:00,178.07,145.9,250.0,177.61204004997256,152.36537467461199
2023-12-06 17:00:00+00:00,165.28,147.47,250.0,177.00679946827947,154.32010656358796
2023-12-06 18:00:00+00:00,149.93,141.56,200.0,164.89695430743387,143.99992018741523
2023-12-06 19:00:00+00:00,129.91,128.63,161.0,146.82366503247025,127.82812557919283
2023-12-06 20:00:00+00:00,115.68,117.83,139.01,131.81719649662824,114.48019934856353
2023-12-06 21:00:00+00:00,107.33,111.55,128.5,122.6707050733234,106.84282366473143
2023-12-06 22:00:00+00:00,100.44,103.28,114.27,111.52855248777989,96.5362293451082
2023-12-06 23:00:00+00:00,99.2,94.97,104.79,100.592786703552,84.91095923685259
2023-12-07 00:00:00+00:00,97.85,93.1,104.52,97.65262589162037,82.01700948397622
2023-12-07 01:00:00+00:00,96.86,92.57,102.2,96.80795107996623,80.15923775325888
2023-12-07 02:00:00+00:00,91.81,90.96,100.0,97.93702403581221,78.66619198405809
2023-12-07 03:00:00+00:00,89.92,90.59,101.63,102.6266557433316,79.73917181817185
2023-12-07 04:00:00+00:00,94.53,93.89,106.3,113.32344768054944,86.09168724651924
2023-12-07 05:00:00+00:00,116.58,106.94,129.41,136.72323990535438,105.3623284694459
2023-12-07 06:00:00+00:00,131.22,133.86,168.09,167.15764644186083,133.81302445754315
2023-12-07 07:00:00+00:00,150.0,167.0,219.27,198.13181830407328,165.53309405865602
2023-12-07 08:00:00+00:00,137.7,166.54,237.13,201.52897864409323,167.68751185353733
2023-12-07 09:00:00+00:00,134.36,150.0,222.5,189.6373907035565,153.38222885566785
2023-12-07 10:00:00+00:00,138.17,146.29,223.34,186.34015376094504,149.93693958831562
2023-12-07 11:00:00+00:00,137.99,146.1,195.21,180.5571917310455,144.5087313729469
2023-12-07 12:00:00+00:00,138.35,141.03,189.81,175.79683942284947,138.59786941984473
2023-12-07 13:00:00+00:00,138.08,140.5,195.0,175.65171675717477,137.47457390459905
2023-12-07 14:00:00+00:00,138.02,143.99,195.0,176.9933492144409,138.1459536600115
2023-12-07 15:00:00+00:00,133.87,164.0,226.0,189.9092235397688,156.6077818578286
2023-12-07 16:00:00+00:00,128.59,178.07,261.0,198.67881269376804,174.4135590715857
2023-12-07 17:00:00+00:00,120.35,165.28,249.34,183.28023418999715,165.2565186890074
2023-12-07 18:00:00+00:00,104.14,149.93,194.49,159.24771876202186,147.377746923442
2023-12-07 19:00:00+00:00,100.36,129.91,153.93,131.36287931435004,125.6118562664228
2023-12-07 20:00:00+00:00,97.0,115.68,132.72,111.02084594534553,110.67580982773936
2023-12-07 21:00:00+00:00,96.42,107.33,124.72,97.20740376394728,101.80487106476726
2023-12-07 22:00:00+00:00,87.08,100.44,113.79,84.23157011634986,92.93656928296998
2023-12-07 23:00:00+00:00,87.09,99.2,106.91,83.28967144207932,93.46415362804021
2023-12-08 00:00:00+00:00,83.26,97.85,102.63,78.02259426483968,90.52340964540018
2023-12-08 01:00:00+00:00,81.43,96.86,99.1,74.17148823460128,88.61175861027972
2023-12-08 02:00:00+00:00,79.52,91.81,95.88,70.58575974737258,85.0748315731095
2023-12-08 03:00:00+00:00,80.0,89.92,96.07,72.4933841175585,85.51525477189564
2023-12-08 04:00:00+00:00,87.04,94.53,102.31,82.20678277655826,92.90014406071656
2023-12-08 05:00:00+00:00,99.69,116.58,120.03,107.90589545521648,116.79292247454397
2023-12-08 06:00:00+00:00,107.29,131.22,152.11,130.5467502594134,136.69712279990964
2023-12-08 07:00:00+00:00,112.65,150.0,203.46,153.15172748019643,159.11378715625128
2023-12-08 08:00:00+00:00,118.52,137.7,222.63,151.57347514089315,152.8958920151935
2023-12-08 09:00:00+00:00,118.75,134.36,215.37,150.4633332216863,147.3455068958802
2023-12-08 10:00:00+00:00,118.02,138.17,213.52,155.3964551208202,147.9902333513143
2023-12-08 11:00:00+00:00,116.66,137.99,197.09,155.9823334781452,143.60111086891277
2023-12-08 12:00:00+00:00,111.78,138.35,175.19,156.17271568727844,139.00631887493418
2023-12-08 13:00:00+00:00,113.11,138.08,174.32,156.42903761650646,136.29307930515898
2023-12-08 14:00:00+00:00,118.33,138.02,184.4,156.67507525302432,135.91758853915107
2023-12-08 15:00:00+00:00,114.98,133.87,200.05,157.7926309109003,137.37561120105235
2023-12-08 16:00:00+00:00,117.99,128.59,230.69,160.0136349694061,140.69785774564232
2023-12-08 17:00:00+00:00,118.6,120.35,199.16,147.93846344429613,129.86178711000042
2023-12-08 18:00:00+00:00,105.56,104.14,168.56,130.4166789412764,113.07253359644875
2023-12-08 19:00:00+00:00,104.62,100.36,142.37,117.199869484544,103.75063829950675
2023-12-08 20:00:00+00:00,101.12,97.0,125.13,106.58842626463813,96.59819775338579
2023-12-08 21:00:00+00:00,101.72,96.42,118.4,99.79676029680469,93.2417031387024
2023-12-08 22:00:00+00:00,90.58,87.08,108.13,87.34126444337278,83.01675660601559
2023-12-08 23:00:00+00:00,95.0,87.09,105.22,82.12784260432801,80.48983047321734
2023-12-09 00:00:00+00:00,85.1,83.26,102.69,74.0240274034696,74.67526617401822
2023-12-09 01:00:00+00:00,79.49,81.43,101.25,67.71841167277562,70.08859895718189
2023-12-09 02:00:00+00:00,73.07,79.52,98.89,62.91972346213208,65.26565791505234
2023-12-09 03:00:00+00:00,70.56,80.0,97.96,62.05923689162166,62.81217417291397
2023-12-09 04:00:00+00:00,73.01,87.04,97.83,66.10888464755243,65.38186986688646
2023-12-09 05:00:00+00:00,76.04,99.69,98.93,74.43973360537558,73.34641114647152
2023-12-09 06:00:00+00:00,82.4,107.29,104.88,82.07842547836101,79.38355356773096
2023-12-09 07:00:00+00:00,84.93,112.65,120.34,89.34831456342883,86.3481344160082
2023-12-09 08:00:00+00:00,91.51,118.52,127.99,92.24256087441883,90.60299169117395
2023-12-09 09:00:00+00:00,91.01,118.75,130.75,90.01529869225776,90.30023897938071
2023-12-09 10:00:00+00:00,91.94,118.02,127.22,87.21920482549034,89.1660135190816
2023-12-09 11:00:00+00:00,94.2,116.66,121.58,84.03512754494207,86.63715136010116
2023-12-09 12:00:00+00:00,90.67,111.78,114.58,78.67456024336059,81.37237402625755
2023-12-09 13:00:00+00:00,85.63,113.11,118.52,77.83809028003563,82.65727111976102
2023-12-09 14:00:00+00:00,83.5,118.33,123.5,77.6706591246894,88.27589648244614
2023-12-09 15:00:00+00:00,80.08,114.98,129.79,72.69648574303879,90.31121713821888
2023-12-09 16:00:00+00:00,79.04,117.99,144.04,74.0138087639875,99.2734824139262
2023-12-09 17:00:00+00:00,77.43,118.6,144.96,70.04999906541734,102.2831622852054
2023-12-09 18:00:00+00:00,69.45,105.56,129.56,54.93772680393548,92.1277773020381
2023-12-09 19:00:00+00:00,64.46,104.62,122.52,46.552565891930286,90.37148600509322
2023-12-09 20:00:00+00:00,60.41,101.12,114.83,38.26300725624295,86.83675082837627
2023-12-09 21:00:00+00:00,56.84,101.72,109.88,36.092329604046355,87.39275133185293
2023-12-09 22:00:00+00:00,46.18,90.58,106.01,25.898389382293644,77.47516000766643
2023-12-09 23:00:00+00:00,33.69,95.0,108.3,35.756725017732805,88.46356657313987
2023-12-10 00:00:00+00:00,21.51,85.1,102.68,26.96293031466493,78.00646305780765
2023-12-10 01:00:00+00:00,13.21,79.49,99.88,21.909656926107786,70.54704733306735
2023-12-10 02:00:00+00:00,5.99,73.07,98.62,18.410272474707867,62.80345085847878
2023-12-10 03:00:00+00:00,10.0,70.56,94.62,18.329776890384608,58.06514123360034
2023-12-10 04:00:00+00:00,18.09,73.01,91.72,21.4918592771116,57.20750662191013
2023-12-10 05:00:00+00:00,23.97,76.04,88.86,24.203023704747025,56.84960009737541
2023-12-10 06:00:00+00:00,41.85,82.4,92.13,31.756100653895132,60.57244778236172
2023-12-10 07:00:00+00:00,60.86,84.93,97.02,38.29353793847564,63.53255829077603
2023-12-10 08:00:00+00:00,65.78,91.51,100.15,45.22768792102781,70.11340546335853
2023-12-10 09:00:00+00:00,67.35,91.01,104.96,46.123568243199514,70.57941148854206
2023-12-10 10:00:00+00:00,69.68,91.94,105.07,48.139251790568714,71.99257932145754
2023-12-10 11:00:00+00:00,67.2,94.2,102.91,47.86191469657557,72.09600579620476
2023-12-10 12:00:00+00:00,67.1,90.67,100.0,44.60913770085818,67.6992036678572
2023-12-10 13:00:00+00:00,69.67,85.63,105.68,45.97837677687003,65.52251974416427
2023-12-10 14:00:00+00:00,75.84,83.5,115.0,51.26881419779242,67.4721832966573
2023-12-10 15:00:00+00:00,80.3,80.08,122.2,56.17486314825656,70.5192798028102
2023-12-10 16:00:00+00:00,80.3,79.04,127.9,62.564778501257564,77.46992897745275
2023-12-10 17:00:00+00:00,85.42,77.43,129.05,64.3394254105329,80.9458729475043
2023-12-10 18:00:00+00:00,80.76,69.45,126.07,58.35486101464629,76.60079374005936
2023-12-10 19:00:00+00:00,78.05,64.46,112.33,52.32149397540523,72.77504412975237
2023-12-10 20:00:00+00:00,77.14,60.41,100.0,47.36415013994654,69.09936255504732
2023-12-10 21:00:00+00:00,78.02,56.84,99.09,45.46346580141375,68.26335337227759
2023-12-10 22:00:00+00:00,69.16,46.18,89.0,35.350060991879715,58.64192170064251
2023-12-10 23:00:00+00:00,34.44,33.69,93.86,23.029025735331103,59.71760045671264
2023-12-11 00:00:00+00:00,15.5,21.51,89.81,14.29494534352635,50.69906334086445
2023-12-11 01:00:00+00:00,12.72,13.21,88.02,10.051735869407423,45.259011387666256
2023-12-11 02:00:00+00:00,8.62,5.99,85.38,9.063184657096244,41.37416431830078
2023-12-11 03:00:00+00:00,11.82,10.0,85.83,18.259885100830658,46.940520301987185
2023-12-11 04:00:00+00:00,38.04,18.09,92.04,34.202500708837945,57.54902416739805
2023-12-11 05:00:00+00:00,74.59,23.97,104.1,53.90468785814078,70.65640385671793
2023-12-11 06:00:00+00:00,91.36,41.85,118.06,77.56944561688263,89.82452720001743
2023-12-11 07:00:00+00:00,97.98,60.86,123.16,94.68394836535732,105.51439142927035
2023-12-11 08:00:00+00:00,98.33,65.78,126.12,96.91548970286642,109.39389950044684
2023-12-11 09:00:00+00:00,93.36,67.35,128.02,94.34871092305718,109.44506672614337
2023-12-11 10:00:00+00:00,90.68,69.68,130.7,93.28471663224325,110.5893063926484
2023-12-11 11:00:00+00:00,89.31,67.2,126.45,89.22239404351541,107.11722939611855
2023-12-11 12:00:00+00:00,88.03,67.1,131.42,88.65982499904236,105.54250594754348
2023-12-11 13:00:00+00:00,92.51,69.67,126.97,91.32643810499246,104.68014739179374
2023-12-11 14:00:00+00:00,95.92,75.84,124.84,97.6301426467033,107.39835841463504
2023-12-11 15:00:00+00:00,105.51,80.3,122.27,102.3009419356128,110.35995324684862
2023-12-11 16:00:00+00:00,117.99,80.3,127.75,105.5772110257343,113.54422891668834
2023-12-11 17:00:00+00:00,122.64,85.42,124.63,107.65612664539904,117.38439398596618
2023-12-11 18:00:00+00:00,121.35,80.76,120.97,102.5228723924489,112.64994315755177
2023-12-11 19:00:00+00:00,114.03,78.05,114.48,95.68159276952738,107.3415608772743
2023-12-11 20:00:00+00:00,99.24,77.14,105.55,90.38469924665876,103.16599207483756
2023-12-11 21:00:00+00:00,96.48,78.02,100.0,87.9522454416295,100.96405469626929
2023-12-11 22:00:00+00:00,86.82,69.16,91.76,80.02062513197255,91.01296529653466
2023-12-11 23:00:00+00:00,88.05,34.44,90.85,51.45629322125685,54.73384825913818
2023-12-12 00:00:00+00:00,87.06,15.5,88.01,42.959776292665715,39.83708570822083
2023-12-12 01:00:00+00:00,85.62,12.72,85.73,44.94942222429638,36.58576113497441
2023-12-12 02:00:00+00:00,84.42,8.62,83.62,48.173302122093844,33.475668487627146
2023-12-12 03:00:00+00:00,87.01,11.82,84.71,57.76520983507928,37.61414360756522
2023-12-12 04:00:00+00:00,89.03,38.04,91.02,81.93934922803442,59.273008209705644
2023-12-12 05:00:00+00:00,107.41,74.59,108.0,117.35425419056057,92.30886092550982
2023-12-12 06:00:00+00:00,121.09,91.36,114.32,138.99258794473698,110.13478609907045
2023-12-12 07:00:00+00:00,146.33,97.98,122.28,149.8883990238433,118.66139485403265
2023-12-12 08:00:00+00:00,131.94,98.33,122.88,150.2595386040335,119.10137862697309
2023-12-12 09:00:00+00:00,129.85,93.36,120.55,145.57855892656045,114.41234960401609
2023-12-12 10:00:00+00:00,122.9,90.68,121.27,144.05181105573223,112.02979568194644
2023-12-12 11:00:00+00:00,124.57,89.31,118.34,141.8871691482228,109.00551921119369
2023-12-12 12:00:00+00:00,127.18,88.03,118.53,139.75515414676434,106.2715160944801
2023-12-12 13:00:00+00:00,123.7,92.51,127.26,141.15508496703762,108.75700490127002
2023-12-12 14:00:00+00:00,120.14,95.92,122.59,139.20672320545097,109.9617984538223
2023-12-12 15:00:00+00:00,117.93,105.51,129.24,140.24898917063587,118.19190361618287
2023-12-12 16:00:00+00:00,110.88,117.99,145.9,144.80699503486628,131.21903434685208
2023-12-12 17:00:00+00:00,105.0,122.64,147.47,141.51627854214303,135.51565185616113
2023-12-12 18:00:00+00:00,94.22,121.35,141.56,133.70161953319501,133.1647157680258
2023-12-12 19:00:00+00:00,92.15,114.03,128.63,120.12986604542117,124.56618915722885
2023-12-12 20:00:00+00:00,88.14,99.24,117.83,103.31224442206252,111.28467324747301
2023-12-12 21:00:00+00:00,83.37,96.48,111.55,94.08493901063937,106.607678924728
2023-12-12 22:00:00+00:00,77.5,86.82,103.28,81.77291496334112,96.20864951636331
2023-12-12 23:00:00+00:00,75.36,88.05,94.97,63.45430649975082,80.12574866554733
2023-12-13 00:00:00+00:00,72.96,87.06,93.1,59.23892108447186,76.20492176502319
2023-12-13 01:00:00+00:00,73.7,85.62,92.57,56.625405796984715,73.06954233265108
2023-12-13 02:00:00+00:00,71.43,84.42,90.96,56.059051785271606,70.4653957165803
2023-12-13 03:00:00+00:00,73.02,87.01,90.59,59.717403080488985,71.62250678132553
2023-12-13 04:00:00+00:00,75.45,89.03,93.89,68.36690316080386,76.75573540733375
2023-12-13 05:00:00+00:00,83.1,107.41,106.94,93.13738467549388,98.72333874677251
2023-12-13 06:00:00+00:00,102.41,121.09,133.86,116.17057353348326,117.23518509216933
2023-12-13 07:00:00+00:00,98.83,146.33,167.0,141.29394820579554,141.16914463223966
2023-12-13 08:00:00+00:00,103.73,131.94,166.54,135.07522942625442,131.12969787273698
2023-12-13 09:00:00+00:00,100.3,129.85,150.0,131.70284978571584,126.6678804420012
2023-12-13 10:00:00+00:00,100.0,122.9,146.29,127.78195353140002,120.30596762325035
2023-12-13 11:00:00+00:00,97.66,124.57,146.1,128.87401587964933,119.5595075339632
2023-12-13 12:00:00+00:00,102.7,127.18,141.03,130.23951901079064,118.90805398689889
2023-12-13 13:00:00+00:00,104.37,123.7,140.5,128.75735124668455,114.98807641746122
2023-12-13 14:00:00+00:00,109.4,120.14,143.99,127.4046186590057,112.25175359318834
2023-12-13 15:00:00+00:00,106.05,117.93,164.0,128.48099456179384,114.5254464923282
2023-12-13 16:00:00+00:00,110.15,110.88,178.07,126.73386159687763,114.54487649098172
2023-12-13 17:00:00+00:00,105.89,105.0,165.28,119.39168569895423,109.8678007859312
2023-12-13 18:00:00+00:00,102.41,94.22,149.93,107.76306042557053,100.37889846380618
2023-12-13 19:00:00+00:00,96.58,92.15,129.91,97.33034347882317,93.96783430290469
2023-12-13 20:00:00+00:00,90.88,88.14,115.68,88.12750960207713,86.6262849176292
2023-12-13 21:00:00+00:00,92.35,83.37,107.33,81.39261968053808,80.57358895105071
2023-12-13 22:00:00+00:00,84.25,77.5,100.44,74.74594309280423,73.0690584685671
2023-12-13 23:00:00+00:00,77.34,75.36,99.2,67.28321622873312,65.76904656511977
2023-12-14 00:00:00+00:00,76.3,72.96,97.85,66.5248145825991,62.814356785622856
2023-12-14 01:00:00+00:00,77.15,73.7,96.86,69.31711284944191,62.77286702559149
2023-12-14 02:00:00+00:00,77.19,71.43,91.81,71.73692839017572,60.90862175816269
2023-12-14 03:00:00+00:00,79.14,73.02,89.92,78.44904697603152,63.185395726286195
2023-12-14 04:00:00+00:00,82.57,75.45,94.53,89.35100666494095,68.60238266257777
2023-12-14 05:00:00+00:00,98.48,83.1,116.58,110.29861846868637,83.83189858655244
2023-12-14 06:00:00+00:00,119.67,102.41,131.22,133.40457067682996,103.4980322835446
2023-12-14 07:00:00+00:00,130.65,98.83,150.0,140.38948678837437,106.2200758555553
2023-12-14 08:00:00+00:00,124.96,103.73,137.7,141.9246921563395,105.90879358431802
2023-12-14 09:00:00+00:00,126.15,100.3,134.36,139.17033157249503,101.49670563424955
2023-12-14 10:00:00+00:00,127.21,100.0,138.17,139.68844422631767,100.61010412248723
2023-12-14 11:00:00+00:00,119.56,97.66,137.99,137.59639692653644,97.8326503219105
2023-12-14 12:00:00+00:00,123.75,102.7,138.35,138.70763425494127,99.7284243190493
2023-12-14 13:00:00+00:00,124.13,104.37,138.08,137.38311417110677,98.59385487962783
2023-12-14 14:00:00+00:00,130.74,109.4,138.02,137.67870750068585,100.1147758224099
2023-12-14 15:00:00+00:00,128.58,106.05,133.87,133.91096719236128,97.56277918766229
2023-12-14 16:00:00+00:00,127.93,110.15,128.59,134.86091722405183,101.44663999134654
2023-12-14 17:00:00+00:00,126.16,105.89,120.35,128.14270631930245,97.88204458166435
2023-12-14 18:00:00+00:00,114.27,102.41,104.14,119.44853285043962,92.91581586836055
2023-12-14 19:00:00+00:00,102.81,96.58,100.36,108.12579107945217,86.48358941116429
2023-12-14 20:00:00+00:00,96.2,90.88,97.0,97.07529894387257,80.02440251591422
2023-12-14 21:00:00+00:00,94.46,92.35,96.42,90.64571582985602,78.74504653103939
2023-12-14 22:00:00+00:00,85.57,84.25,87.08,77.82084075019978,69.29697169355887
2023-12-14 23:00:00+00:00,86.13,77.34,87.09,73.9119474810316,67.6975298243085
2023-12-15 00:00:00+00:00,82.93,76.3,83.26,68.93638274694553,65.1536744527344
2023-12-15 01:00:00+00:00,80.1,77.15,81.43,67.0724458463128,64.82105855382648
2023-12-15 02:00:00+00:00,76.55,77.19,79.52,65.93555015685473,64.24712107953647
2023-12-15 03:00:00+00:00,75.16,79.14,80.0,69.27586118262982,66.96097356088407
2023-12-15 04:00:00+00:00,80.41,82.57,87.04,77.74510992392355,72.87227887155487
2023-12-15 05:00:00+00:00,95.97,98.48,99.69,98.45992994166573,90.83134026994405
2023-12-15 06:00:00+00:00,106.95,119.67,107.29,121.64592053379776,112.21268797282455
2023-12-15 07:00:00+00:00,121.5,130.65,112.65,132.70259665239075,121.8044581031561
2023-12-15 08:00:00+00:00,117.44,124.96,118.52,128.98279158631706,117.9816877098632
2023-12-15 09:00:00+00:00,109.97,126.15,118.75,127.0867945699229,117.10068073160389
2023-12-15 10:00:00+00:00,102.75,127.21,118.02,127.0888749248918,116.6039375843039
2023-12-15 11:00:00+00:00,94.13,119.56,116.66,121.99963083660057,109.59995685107182
2023-12-15 12:00:00+00:00,88.3,123.75,111.78,122.37616514312211,110.29725577677208
2023-12-15 13:00:00+00:00,86.9,124.13,113.11,121.318178787734,109.0069207033635
2023-12-15 14:00:00+00:00,89.86,130.74,118.33,124.63159937108713,113.5827521500665
2023-12-15 15:00:00+00:00,98.13,128.58,114.98,122.34108233166519,112.4461954560187
2023-12-15 16:00:00+00:00,104.33,127.93,117.99,122.08285106790555,114.98757291082453
2023-12-15 17:00:00+00:00,101.76,126.16,118.6,118.04919867863656,114.46432916245472
2023-12-15 18:00:00+00:00,93.18,114.27,105.56,104.97704379251778,104.06349689716019
2023-12-15 19:00:00+00:00,93.36,102.81,104.62,91.25116263509415,93.88442367358958
2023-12-15 20:00:00+00:00,88.36,96.2,101.12,81.04950326185703,86.80833902192256
2023-12-15 21:00:00+00:00,86.77,94.46,101.72,74.99433861096472,84.40003404959278
2023-12-15 22:00:00+00:00,76.71,85.57,90.58,61.42737693643364,74.01718051272438
2023-12-15 23:00:00+00:00,67.2,86.13,95.0,57.61130149912344,71.81961931445711
2023-12-16 00:00:00+00:00,63.21,82.93,85.1,49.049825318323904,65.15422949657453
2023-12-16 01:00:00+00:00,60.37,80.1,79.49,43.24317566159121,59.654165593521235
2023-12-16 02:00:00+00:00,58.0,76.55,73.07,37.92155614021896,53.3062986731074
2023-12-16 03:00:00+00:00,54.1,75.16,70.56,36.020445751775526,49.4501647480327
2023-12-16 04:00:00+00:00,55.64,80.41,73.01,39.292638133531646,51.08041124733996
2023-12-16 05:00:00+00:00,59.34,95.97,76.04,47.52574047301954,59.92089248917732
2023-12-16 06:00:00+00:00,65.1,106.95,82.4,56.81795974650143,68.43855442150021
2023-12-16 07:00:00+00:00,79.89,121.5,84.93,67.37980725029854,79.14318690534593
2023-12-16 08:00:00+00:00,83.66,117.44,91.51,64.722472172441,76.75307110353928
2023-12-16 09:00:00+00:00,81.64,109.97,91.01,57.79630227054032,71.1486314077219
2023-12-16 10:00:00+00:00,75.81,102.75,91.94,52.88166466925475,66.21702795834705
2023-12-16 11:00:00+00:00,71.4,94.13,94.2,47.69210838830024,59.294868979751996
2023-12-16 12:00:00+00:00,70.59,88.3,90.67,44.64801339230316,54.53656978564252
2023-12-16 13:00:00+00:00,75.25,86.9,85.63,45.7170395168805,53.37641776928605
2023-12-16 14:00:00+00:00,80.35,89.86,83.5,50.97520475368704,57.85562754349446
2023-12-16 15:00:00+00:00,83.71,98.13,80.08,57.48974338014917,67.022392891822
2023-12-16 16:00:00+00:00,87.58,104.33,79.04,62.36895909341669,76.40703247127348
2023-12-16 17:00:00+00:00,88.12,101.76,77.43,59.13907973267283,77.84835009669521
2023-12-16 18:00:00+00:00,81.94,93.18,69.45,50.468814567708115,72.78460425462069
2023-12-16 19:00:00+00:00,74.91,93.36,64.46,44.336344468597055,71.89918966050257
2023-12-16 20:00:00+00:00,63.34,88.36,60.41,36.98213359704831,67.90981640000638
2023-12-16 21:00:00+00:00,62.41,86.77,56.84,34.09015999395187,67.25336764557994
2023-12-16 22:00:00+00:00,53.12,76.71,46.18,23.253907358929112,57.55998656782383
2023-12-16 23:00:00+00:00,45.34,67.2,33.69,21.656636824407244,56.768865060326746
2023-12-17 00:00:00+00:00,42.8,63.21,21.51,15.044112707266166,49.97749032121044
2023-12-17 01:00:00+00:00,42.96,60.37,13.21,11.40293071930708,44.346298559957106
2023-12-17 02:00:00+00:00,28.69,58.0,5.99,8.797698187769114,38.991571708530984
2023-12-17 03:00:00+00:00,26.37,54.1,10.0,8.176176643298504,34.524008975230004
2023-12-17 04:00:00+00:00,29.87,55.64,18.09,11.187947026410896,34.271025748275534
2023-12-17 05:00:00+00:00,39.03,59.34,23.97,14.237154349021822,34.91609720731381
2023-12-17 06:00:00+00:00,45.31,65.1,41.85,23.513428064931205,40.24969705264245
2023-12-17 07:00:00+00:00,57.67,79.89,60.86,36.77662256764047,53.03216967867398
2023-12-17 08:00:00+00:00,59.17,83.66,65.78,39.8532903110551,57.051103308566056
2023-12-17 09:00:00+00:00,54.43,81.64,67.35,35.95470189135003,55.322378748898174
2023-12-17 10:00:00+00:00,49.0,75.81,69.68,31.60387165075454,52.021122605588445
2023-12-17 11:00:00+00:00,43.71,71.4,67.2,27.60816544479343,48.158885950996066
2023-12-17 12:00:00+00:00,40.04,70.59,67.1,26.081934677717626,45.755639435902935
2023-12-17 13:00:00+00:00,45.85,75.25,69.67,32.95547347782512,49.4472076857645
2023-12-17 14:00:00+00:00,56.74,80.35,75.84,42.75675943659422,55.63207133580617
2023-12-17 15:00:00+00:00,62.99,83.71,80.3,48.998936530569495,62.82042813221103
2023-12-17 16:00:00+00:00,76.61,87.58,80.3,53.509927593790195,71.19257264334841
2023-12-17 17:00:00+00:00,73.68,88.12,85.42,52.72614771155485,75.87017852969915
2023-12-17 18:00:00+00:00,70.67,81.94,80.76,45.549210981709166,73.21714578718466
2023-12-17 19:00:00+00:00,59.79,74.91,78.05,37.59270647437583,69.88901885192391
2023-12-17 20:00:00+00:00,58.95,63.34,77.14,27.894331931962952,63.01945076468624
2023-12-17 21:00:00+00:00,59.73,62.41,78.02,26.77478729293604,64.31325693704646
2023-12-17 22:00:00+00:00,47.81,53.12,69.16,17.064726494547514,55.59482301678293
2023-12-17 23:00:00+00:00,52.9,45.34,34.44,15.406517636772719,55.20461540403243
2023-12-18 00:00:00+00:00,51.16,42.8,15.5,10.363664001162277,50.323069014213665
2023-12-18 01:00:00+00:00,49.81,42.96,12.72,10.39765033717461,49.54330126404718
2023-12-18 02:00:00+00:00,49.03,28.69,8.62,5.484410058272189,40.23489150489127
2023-12-18 03:00:00+00:00,52.47,26.37,11.82,10.227871643520757,41.00865074416041
2023-12-18 04:00:00+00:00,62.14,29.87,38.04,24.042598730738902,50.49097484234989
2023-12-18 05:00:00+00:00,83.81,39.03,74.59,45.703797315183635,67.40155006653808
2023-12-18 06:00:00+00:00,103.38,45.31,91.36,62.40830205520441,78.25561220703426
2023-12-18 07:00:00+00:00,109.24,57.67,97.98,75.94537770622948,90.4537096451707
2023-12-18 08:00:00+00:00,101.46,59.17,98.33,72.59007997980359,91.15801852840279
2023-12-18 09:00:00+00:00,89.03,54.43,93.36,64.26974367855152,86.28793666202627
2023-12-18 10:00:00+00:00,81.17,49.0,90.68,59.54725158892822,81.77212549104941
2023-12-18 11:00:00+00:00,74.89,43.71,89.31,56.74185001961576,76.7413776835889
2023-12-18 12:00:00+00:00,74.9,40.04,88.03,56.38375182335298,72.47049441713986
2023-12-18 13:00:00+00:00,81.1,45.85,92.51,64.205893720598,75.83046872136595
2023-12-18 14:00:00+00:00,89.11,56.74,95.92,74.6597187339055,82.67582333127426
2023-12-18 15:00:00+00:00,95.2,62.99,105.51,79.62821149292189,88.96382296067198
2023-12-18 16:00:00+00:00,104.22,76.61,117.99,85.76699603669908,102.4055181358405
2023-12-18 17:00:00+00:00,103.01,73.68,122.64,78.19558075983063,101.39746889640374
2023-12-18 18:00:00+00:00,96.18,70.67,121.35,69.50946920770998,98.8911571420866
2023-12-18 19:00:00+00:00,77.98,59.79,114.03,53.24223215476835,88.0526301887114
2023-12-18 20:00:00+00:00,71.09,58.95,99.24,42.67533876591582,82.70074863341023
2023-12-18 21:00:00+00:00,62.98,59.73,96.48,37.389547720495955,81.29477261222229
2023-12-18 22:00:00+00:00,55.12,47.81,86.82,23.731067556928096,69.36153728479691
2023-12-18 23:00:00+00:00,47.29,52.9,88.05,16.617421653982177,61.5752052804879
2023-12-19 00:00:00+00:00,46.49,51.16,87.06,14.834571613926968,59.12424735800976
2023-12-19 01:00:00+00:00,45.06,49.81,85.62,14.765120991824986,57.14680606965826
2023-12-19 02:00:00+00:00,55.72,49.03,84.42,16.321317923659322,55.24441362417044
2023-12-19 03:00:00+00:00,58.95,52.47,87.01,24.376988351056028,58.539019516963
2023-12-19 04:00:00+00:00,65.01,62.14,89.03,39.653627592323005,68.28315422424643
2023-12-19 05:00:00+00:00,79.69,83.81,107.41,67.41328192009061,91.32091263748846
2023-12-19 06:00:00+00:00,93.67,103.38,121.09,92.16473463786936,111.23510482499022
2023-12-19 07:00:00+00:00,100.1,109.24,146.33,105.07527429158438,121.49850082182478
2023-12-19 08:00:00+00:00,94.28,101.46,131.94,96.86779084901187,114.20303193465575
2023-12-19 09:00:00+00:00,86.1,89.03,129.85,84.8210464156741,103.93474052343734
2023-12-19 10:00:00+00:00,79.71,81.17,122.9,76.24609902711211,97.01073814524231
2023-12-19 11:00:00+00:00,76.5,74.89,124.57,70.08449798443175,91.43549196335076
2023-12-19 12:00:00+00:00,74.73,74.9,127.18,68.82910934686775,89.61126544448926
2023-12-19 13:00:00+00:00,80.66,81.1,123.7,72.28100052074885,91.62971831048233
2023-12-19 14:00:00+00:00,84.42,89.11,120.14,77.96424595347813,95.81661243088055
2023-12-19 15:00:00+00:00,88.21,95.2,117.93,83.04193194303616,100.73344303625232
2023-12-19 16:00:00+00:00,91.81,104.22,110.88,89.91846162109977,109.46556464060362
2023-12-19 17:00:00+00:00,91.74,103.01,105.0,87.63217315607426,108.50284053561558
2023-12-19 18:00:00+00:00,90.8,96.18,94.22,80.12864724350209,102.28121337609443
2023-12-19 19:00:00+00:00,85.02,77.98,92.15,63.58104272148394,86.44954186811562
2023-12-19 20:00:00+00:00,79.48,71.09,88.14,54.05104956694626,78.92531200006086
2023-12-19 21:00:00+00:00,75.68,62.98,83.37,44.85171863873744,71.15670413292816
2023-12-19 22:00:00+00:00,59.83,55.12,77.5,34.34816704812444,62.00647985566028
2023-12-19 23:00:00+00:00,57.85,47.29,75.36,10.955168763854303,40.13670741622871
2023-12-20 00:00:00+00:00,50.48,46.49,72.96,6.828302445790854,37.971694436797314
2023-12-20 01:00:00+00:00,48.0,45.06,73.7,3.3971970992021454,36.43369499587444
2023-12-20 02:00:00+00:00,39.98,55.72,71.43,7.001694679953999,43.24385793043022
2023-12-20 03:00:00+00:00,31.51,58.95,73.02,10.283468843937442,47.20395793593148
2023-12-20 04:00:00+00:00,40.02,65.01,75.45,18.88392758220232,55.475508954193025
2023-12-20 05:00:00+00:00,46.72,79.69,83.1,36.27453222895492,73.66571205764609
2023-12-20 06:00:00+00:00,67.96,93.67,102.41,56.64575817799932,93.52152440988723
2023-12-20 07:00:00+00:00,72.93,100.1,98.83,61.30818230647026,99.45743570787224
2023-12-20 08:00:00+00:00,70.54,94.28,103.73,54.75243333349654,95.04172773482712
2023-12-20 09:00:00+00:00,67.93,86.1,100.3,45.057019979568764,87.12354147413087
2023-12-20 10:00:00+00:00,62.36,79.71,100.0,39.63566258829203,81.98729226871849
2023-12-20 11:00:00+00:00,62.0,76.5,97.66,36.31049345162466,77.98021220407911
2023-12-20 12:00:00+00:00,60.59,74.73,102.7,36.302875519744845,75.90280316203695
2023-12-20 13:00:00+00:00,66.8,80.66,104.37,42.37733331732004,78.84469560470984
2023-12-20 14:00:00+00:00,69.98,84.42,109.4,48.20749638067115,81.13302588526128
2023-12-20 15:00:00+00:00,73.49,88.21,106.05,52.865850657211425,84.25498181161973
2023-12-20 16:00:00+00:00,80.24,91.81,110.15,57.84490134635674,90.15255200748408
2023-12-20 17:00:00+00:00,81.83,91.74,105.89,57.3630955457392,90.42145853862428
2023-12-20 18:00:00+00:00,81.84,90.8,102.41,54.910701896038184,89.02363872826622
2023-12-20 19:00:00+00:00,77.99,85.02,96.58,44.1180823119965,80.81348813636282
2023-12-20 20:00:00+00:00,66.78,79.48,90.88,33.1457558542846,73.52405730584391
2023-12-20 21:00:00+00:00,61.42,75.68,92.35,25.61004634867585,68.90847342875247
2023-12-20 22:00:00+00:00,48.88,59.83,84.25,9.727761999714076,54.563825610100615
2023-12-20 23:00:00+00:00,30.16,57.85,77.34,-12.235107868954032,39.45606984397241
2023-12-21 00:00:00+00:00,25.08,50.48,76.3,-20.47655046074098,32.33676285511655
2023-12-21 01:00:00+00:00,20.9,48.0,77.15,-24.125615308986283,29.544993972027726
2023-12-21 02:00:00+00:00,3.48,39.98,77.19,-27.842316574662064,25.40546764931166
2023-12-21 03:00:00+00:00,0.07,31.51,79.14,-28.316109201940563,22.990493112773407
2023-12-21 04:00:00+00:00,0.33,40.02,82.57,-17.274531859748947,33.28295539519442
2023-12-21 05:00:00+00:00,23.85,46.72,98.48,-4.168139019483306,46.21037461048676
2023-12-21 06:00:00+00:00,45.12,67.96,119.67,15.979585360299993,68.13099427864543
2023-12-21 07:00:00+00:00,48.96,72.93,130.65,22.062608678947285,74.95267794293454
2023-12-21 08:00:00+00:00,37.24,70.54,124.96,19.207631611043595,71.72468677289534
2023-12-21 09:00:00+00:00,34.29,67.93,126.15,17.168440452344342,68.26905910144268
2023-12-21 10:00:00+00:00,26.05,62.36,127.21,14.022302458733222,63.25852718545644
2023-12-21 11:00:00+00:00,23.51,62.0,119.56,10.967825433369427,60.03724113589467
2023-12-21 12:00:00+00:00,11.56,60.59,123.75,8.312778942042456,57.76224187125013
2023-12-21 13:00:00+00:00,10.53,66.8,124.13,9.358642745208542,60.27987808633329
2023-12-21 14:00:00+00:00,16.8,69.98,130.74,10.566425779304396,62.429761734247414
2023-12-21 15:00:00+00:00,16.95,73.49,128.58,12.540486868509774,65.76085800489528
2023-12-21 16:00:00+00:00,35.08,80.24,127.93,17.371100285961234,73.01691479254056
2023-12-21 17:00:00+00:00,39.34,81.83,126.16,16.76445320360527,75.13266699903775
2023-12-21 18:00:00+00:00,48.49,81.84,114.27,12.067042374374992,73.7210826254558
2023-12-21 19:00:00+00:00,40.97,77.99,102.81,1.4387783796813949,66.81697052951375
2023-12-21 20:00:00+00:00,33.15,66.78,96.2,-11.996997129100421,55.799810065285165
2023-12-21 21:00:00+00:00,28.77,61.42,94.46,-18.382572561980822,50.93377709598274
2023-12-21 22:00:00+00:00,6.05,48.88,85.57,-31.458322004849194,38.6805314185174
2023-12-21 23:00:00+00:00,0.01,30.16,86.13,-33.471607368379935,34.19056920218368
2023-12-22 00:00:00+00:00,-0.1,25.08,82.93,-37.03906072211497,29.136023113593723
2023-12-22 01:00:00+00:00,-0.07,20.9,80.1,-39.99127764685885,25.33835345786578
2023-12-22 02:00:00+00:00,-0.18,3.48,76.55,-47.06504033925616,13.898771373718418
2023-12-22 03:00:00+00:00,-0.25,0.07,75.16,-44.41482495894236,13.137346309645565
2023-12-22 04:00:00+00:00,-0.08,0.33,80.41,-36.62455455248035,17.50420770716012
2023-12-22 05:00:00+00:00,0.81,23.85,95.97,-14.930443549708883,40.41611268558059
2023-12-22 06:00:00+00:00,31.68,45.12,106.95,7.619602975548702,61.33611824260429
2023-12-22 07:00:00+00:00,39.73,48.96,121.5,17.28411551600945,67.26730104970352
2023-12-22 08:00:00+00:00,35.64,37.24,117.44,11.962728375863335,58.41818449036618
2023-12-22 09:00:00+00:00,26.45,34.29,109.97,7.942296396314632,54.04782961482723
2023-12-22 10:00:00+00:00,26.23,26.05,102.75,1.1400594911819724,46.129100695829855
2023-12-22 11:00:00+00:00,26.73,23.51,94.13,-2.4776525780574303,41.602317967335175
2023-12-22 12:00:00+00:00,25.3,11.56,88.3,-9.225707765403754,31.03053994531372
2023-12-22 13:00:00+00:00,28.86,10.53,86.9,-7.315011269915004,29.145168930555585
2023-12-22 14:00:00+00:00,34.17,16.8,89.86,-0.2935117551579651,33.2402729134659
2023-12-22 15:00:00+00:00,42.41,16.95,98.13,3.163225516901292,35.220285824604076
2023-12-22 16:00:00+00:00,42.95,35.08,104.33,15.653205109648766,50.8348465607753
2023-12-22 17:00:00+00:00,50.36,39.34,101.76,17.06474093141526,54.78498575773208
2023-12-22 18:00:00+00:00,40.49,48.49,93.18,15.514176935004244,59.082532094041476
2023-12-22 19:00:00+00:00,24.66,40.97,93.36,2.263319169217141,51.28054408185006
2023-12-22 20:00:00+00:00,25.53,33.15,88.36,-11.614592028966527,42.072708591175335
2023-12-22 21:00:00+00:00,30.41,28.77,86.77,-20.074569167603457,37.29877742624897
2023-12-22 22:00:00+00:00,12.0,6.05,76.71,-40.156224999485275,18.34050252144533
2023-12-22 23:00:00+00:00,0.04,0.01,67.2,-50.230545177959144,9.960103621235518
2023-12-23 00:00:00+00:00,-0.01,-0.1,63.21,-52.95902612661074,5.949902547714984
2023-12-23 01:00:00+00:00,-0.01,-0.07,60.37,-54.69445818725144,2.134854193756084
2023-12-23 02:00:00+00:00,-0.02,-0.18,58.0,-55.48431614951964,-2.4516325245433706
2023-12-23 03:00:00+00:00,-0.01,-0.25,54.1,-53.59483816794254,-5.484366175525423
2023-12-23 04:00:00+00:00,0.0,-0.08,55.64,-49.601768750163004,-7.374401926068387
2023-12-23 05:00:00+00:00,0.1,0.81,59.34,-45.32531187691738,-8.239219893954044
2023-12-23 06:00:00+00:00,7.43,31.68,65.1,-21.203059680620086,12.892722847426143
2023-12-23 07:00:00+00:00,20.0,39.73,79.89,-7.387289728333812,20.507537456668715
2023-12-23 08:00:00+00:00,42.08,35.64,83.66,-2.791080271109223,17.876137100015086
2023-12-23 09:00:00+00:00,41.64,26.45,81.64,-4.4241734307401686,10.762300526980752
2023-12-23 10:00:00+00:00,45.9,26.23,75.81,-3.6572383248764595,8.761842571371389
2023-12-23 11:00:00+00:00,47.36,26.73,71.4,-3.0620557400634567,7.680245488044065
2023-12-23 12:00:00+00:00,49.81,25.3,70.59,-3.908378230218645,5.012253701027248
2023-12-23 13:00:00+00:00,52.3,28.86,75.25,0.7579876013777636,8.073054507955149
2023-12-23 14:00:00+00:00,53.77,34.17,80.35,7.9101684324699875,14.349052856265033
2023-12-23 15:00:00+00:00,58.05,42.41,83.71,17.172530145985107,23.970156746579832
2023-12-23 16:00:00+00:00,68.12,42.95,87.58,23.05978191931618,31.13844817858859
2023-12-23 17:00:00+00:00,66.45,50.36,88.12,28.577047454786296,40.700096160684296
2023-12-23 18:00:00+00:00,61.55,40.49,81.94,21.002844588374543,36.995244484741995
2023-12-23 19:00:00+00:00,53.7,24.66,74.91,4.335207441939261,25.47691604181412
2023-12-23 20:00:00+00:00,41.56,25.53,63.34,-3.7384012703776364,24.118701378491636
2023-12-23 21:00:00+00:00,20.29,30.41,62.41,-4.890034281101592,28.116605917952086
2023-12-23 22:00:00+00:00,7.74,12.0,53.12,-23.538364996167402,11.99391321676346
2023-12-23 23:00:00+00:00,0.0,0.04,45.34,-28.428261228024795,7.342388926152495
2023-12-24 00:00:00+00:00,-0.03,-0.01,42.8,-31.3875407937973,3.7076258821357584
2023-12-24 01:00:00+00:00,-0.29,-0.01,42.96,-36.644922053384064,0.44127578329970163
2023-12-24 02:00:00+00:00,-0.97,-0.02,28.69,-43.98434671016098,-5.015831480373393
2023-12-24 03:00:00+00:00,-3.74,-0.01,26.37,-48.130060688161436,-8.152110071468371
2023-12-24 04:00:00+00:00,-4.97,0.0,29.87,-50.31986816013442,-10.715110061840278
2023-12-24 05:00:00+00:00,-4.22,0.1,39.03,-53.405980082835,-13.996307073987865
2023-12-24 06:00:00+00:00,-2.91,7.43,45.31,-46.19627826353671,-7.443616522346815
2023-12-24 07:00:00+00:00,-2.93,20.0,57.67,-35.31704798571907,3.149279150729612
2023-12-24 08:00:00+00:00,-3.13,42.08,59.17,-20.946629672873755,19.316588791833553
2023-12-24 09:00:00+00:00,-5.15,41.64,54.43,-22.52151307568424,17.70705438122029
2023-12-24 10:00:00+00:00,-3.57,45.9,49.0,-19.98071459961878,20.804702261331116
2023-12-24 11:00:00+00:00,-2.95,47.36,43.71,-19.76238891201109,21.13181953509458
2023-12-24 12:00:00+00:00,-3.77,49.81,40.04,-20.43820450512338,21.298704970811187
2023-12-24 13:00:00+00:00,-2.19,52.3,45.85,-18.709089607557686,24.214279327092413
2023-12-24 14:00:00+00:00,-2.26,53.77,56.74,-16.900948982381408,27.932520300429147
2023-12-24 15:00:00+00:00,-2.05,58.05,62.99,-12.006459772511008,35.87935325608193
2023-12-24 16:00:00+00:00,-2.36,68.12,76.61,-0.0685489368640333,51.330547991007
2023-12-24 17:00:00+00:00,-5.58,66.45,73.68,1.2932777798923354,55.794764304231194
2023-12-24 18:00:00+00:00,-9.07,61.55,70.67,-3.6178714344628276,54.07511393621923
2023-12-24 19:00:00+00:00,-6.49,53.7,59.79,-12.702901058934629,47.482760415517994
2023-12-24 20:00:00+00:00,-3.18,41.56,58.95,-21.766426404354732,40.1427573555365
2023-12-24 21:00:00+00:00,-3.0,20.29,59.73,-33.507367292007544,26.718987097001204
2023-12-24 22:00:00+00:00,-6.09,7.74,47.81,-44.34670088167137,15.195187374522916
2023-12-24 23:00:00+00:00,-3.98,0.0,52.9,-45.63103355308574,16.60270524533314
2023-12-25 00:00:00+00:00,-10.12,-0.03,51.16,-47.66435550434592,14.865640909635616
2023-12-25 01:00:00+00:00,-10.81,-0.29,49.81,-49.03707713233179,13.509437329107826
2023-12-25 02:00:00+00:00,-12.49,-0.97,49.03,-49.025355565607626,12.304209971065376
2023-12-25 03:00:00+00:00,-13.37,-3.74,52.47,-47.788419778805704,10.676097708217043
2023-12-25 04:00:00+00:00,-10.14,-4.97,62.14,-43.24660791460373,11.34772632090315
2023-12-25 05:00:00+00:00,-7.6,-4.22,83.81,-39.187147857106524,12.890865570822555
2023-12-25 06:00:00+00:00,-5.48,-2.91,103.38,-30.462926370324524,16.98895049185481
2023-12-25 07:00:00+00:00,-0.11,-2.93,109.24,-22.055322763263277,20.28710902651963
2023-12-25 08:00:00+00:00,-0.97,-3.13,101.46,-15.465284558747683,23.564256646436192
2023-12-25 09:00:00+00:00,-0.97,-5.15,89.03,-14.61323716374163,21.854239615192895
2023-12-25 10:00:00+00:00,-0.08,-3.57,81.17,-11.25542082500985,23.0726900624758
2023-12-25 11:00:00+00:00,-0.02,-2.95,74.89,-10.132528538406447,21.628446635157573
2023-12-25 12:00:00+00:00,0.0,-3.77,74.9,-13.417552483299673,18.706056249343845
2023-12-25 13:00:00+00:00,0.01,-2.19,81.1,-7.287395497653932,19.436922331886805
2023-12-25 14:00:00+00:00,2.48,-2.26,89.11,-2.462290992720881,19.026621043700175
2023-12-25 15:00:00+00:00,11.9,-2.05,95.2,2.3918759595646293,21.739689501179242
2023-12-25 16:00:00+00:00,20.02,-2.36,104.22,5.597882605318944,26.47643800836576
2023-12-25 17:00:00+00:00,18.68,-5.58,103.01,1.70693815256422,25.98160606529801
2023-12-25 18:00:00+00:00,14.31,-9.07,96.18,-7.290270857910784,22.623569651216656
2023-12-25 19:00:00+00:00,9.92,-6.49,77.98,-17.42445494975989,20.559320622008542
2023-12-25 20:00:00+00:00,3.51,-3.18,71.09,-25.472225908816398,20.056585593111436
2023-12-25 21:00:00+00:00,5.0,-3.0,62.98,-32.46772361396968,17.94289129691171
2023-12-25 22:00:00+00:00,0.08,-6.09,55.12,-42.189422955989116,13.005140158930445
2023-12-25 23:00:00+00:00,0.0,-3.98,47.29,-48.77808944725554,3.322495429107903
2023-12-26 00:00:00+00:00,-0.02,-10.12,46.49,-53.1088993597118,-2.257912385014336
2023-12-26 01:00:00+00:00,-0.11,-10.81,45.06,-56.54996263030203,-3.507502821778914
2023-12-26 02:00:00+00:00,-2.67,-12.49,55.72,-58.58879779625998,-3.915777986841519
2023-12-26 03:00:00+00:00,-3.69,-13.37,58.95,-60.26906053300671,-4.893695126986088
2023-12-26 04:00:00+00:00,-1.85,-10.14,65.01,-57.13260576595907,-2.2051735152682284
2023-12-26 05:00:00+00:00,-1.34,-7.6,79.69,-54.31835357425116,-0.08103636168225137
2023-12-26 06:00:00+00:00,-0.92,-5.48,93.67,-47.64549705335979,3.369444855149297
2023-12-26 07:00:00+00:00,-1.05,-0.11,100.1,-38.80240250471617,9.622740297484683
2023-12-26 08:00:00+00:00,-0.08,-0.97,94.28,-36.300058127952454,10.945665365681563
2023-12-26 09:00:00+00:00,-0.06,-0.97,86.1,-37.50909794861356,10.568996986925214
2023-12-26 10:00:00+00:00,-0.05,-0.08,79.71,-38.01699621198516,10.241135157980167
2023-12-26 11:00:00+00:00,-0.04,-0.02,76.5,-39.723556812789084,7.990811841069956
2023-12-26 12:00:00+00:00,0.0,0.0,74.73,-43.4422719791515,5.028166402927425
2023-12-26 13:00:00+00:00,0.56,0.01,80.66,-38.5323421967624,4.747945887828806
2023-12-26 14:00:00+00:00,10.03,2.48,84.42,-31.48061431957798,5.985793403824346
2023-12-26 15:00:00+00:00,47.34,11.9,88.21,-20.221434537263477,14.299661145620917
2023-12-26 16:00:00+00:00,52.99,20.02,91.81,-10.640701843659329,23.87392242839455
2023-12-26 17:00:00+00:00,53.66,18.68,91.74,-8.827264533074398,25.397107234075364
2023-12-26 18:00:00+00:00,53.05,14.31,90.8,-11.10331764418251,22.839710144436637
2023-12-26 19:00:00+00:00,49.32,9.92,85.02,-15.030213450901115,18.80679023684756
2023-12-26 20:00:00+00:00,43.95,3.51,79.48,-18.317320331898983,13.825725804296752
2023-12-26 21:00:00+00:00,46.63,5.0,75.68,-12.234764855922762,16.93862918934356
2023-12-26 22:00:00+00:00,53.28,0.08,59.83,-14.373668528190095,11.138324867520026
2023-12-26 23:00:00+00:00,41.35,0.0,57.85,-23.62820601825908,-0.8321717069616312
2023-12-27 00:00:00+00:00,52.07,-0.02,50.48,-20.369293338073035,-2.5187099484729316
2023-12-27 01:00:00+00:00,57.63,-0.11,48.0,-16.141347509938726,-3.6998858801004957
2023-12-27 02:00:00+00:00,51.65,-2.67,39.98,-13.052307380154701,-7.033202346317637
2023-12-27 03:00:00+00:00,49.77,-3.69,31.51,-5.711781138445559,-6.964823620631705
2023-12-27 04:00:00+00:00,55.98,-1.85,40.02,6.48320872770816,-1.666549378485513
2023-12-27 05:00:00+00:00,65.06,-1.34,46.72,19.906884454302855,4.187933828562166
2023-12-27 06:00:00+00:00,77.44,-0.92,67.96,32.807664345712936,10.64418905147079
2023-12-27 07:00:00+00:00,82.73,-1.05,72.93,37.49247948937129,12.768853965711287
2023-12-27 08:00:00+00:00,80.56,-0.08,70.54,32.6764614518938,12.087280873092638
2023-12-27 09:00:00+00:00,75.19,-0.06,67.93,25.169170203063047,10.409836720037546
2023-12-27 10:00:00+00:00,74.71,-0.05,62.36,19.681329387403323,8.942191897179029
2023-12-27 11:00:00+00:00,73.79,-0.04,62.0,16.088305737800383,7.384861748200663
2023-12-27 12:00:00+00:00,71.88,0.0,60.59,13.924068039771129,5.501769446512682
2023-12-27 13:00:00+00:00,73.64,0.56,66.8,14.925405954921771,5.151183446666465
2023-12-27 14:00:00+00:00,79.95,10.03,69.98,19.710610598505852,11.270258497997304
2023-12-27 15:00:00+00:00,79.77,47.34,73.49,37.37987634442697,39.06183173847908
2023-12-27 16:00:00+00:00,80.32,52.99,80.24,36.26850818011149,47.36382153548373
2023-12-27 17:00:00+00:00,74.35,53.66,81.83,30.353379529950814,50.406405440209504
2023-12-27 18:00:00+00:00,64.85,53.05,81.84,21.30889070548507,50.46432792646558
2023-12-27 19:00:00+00:00,54.73,49.32,77.99,8.092566271826541,45.88520780130093
2023-12-27 20:00:00+00:00,24.74,43.95,66.78,-7.010304518208187,38.47000206227836
2023-12-27 21:00:00+00:00,16.99,46.63,61.42,-13.783637760677635,38.512760657690656
2023-12-27 22:00:00+00:00,0.01,53.28,48.88,-19.747232666859944,39.16402601028805
2023-12-27 23:00:00+00:00,-0.02,41.35,30.16,-29.03817922004025,24.55623126959452
2023-12-28 00:00:00+00:00,-0.78,52.07,25.08,-26.17341973594506,30.54743812529722
2023-12-28 01:00:00+00:00,-1.43,57.63,20.9,-24.620079926799846,33.05131713280423
2023-12-28 02:00:00+00:00,-1.39,51.65,3.48,-28.961973495448333,26.329665476548314
2023-12-28 03:00:00+00:00,-1.42,49.77,0.07,-25.122792341381142,26.216676694990895
2023-12-28 04:00:00+00:00,-0.27,55.98,0.33,-13.80405401483435,33.294705634074106
2023-12-28 05:00:00+00:00,0.02,65.06,23.85,-1.1847302941808522,46.35714540904025
2023-12-28 06:00:00+00:00,16.06,77.44,45.12,16.962581586204408,60.62996562064192
2023-12-28 07:00:00+00:00,38.2,82.73,48.96,24.773652902936348,65.68278552261353
2023-12-28 08:00:00+00:00,38.75,80.56,37.24,19.25750787054767,61.459027043012846
2023-12-28 09:00:00+00:00,29.27,75.19,34.29,11.380013159618713,55.809405512501534
2023-12-28 10:00:00+00:00,13.95,74.71,26.05,7.375245966489032,53.12470277376254
2023-12-28 11:00:00+00:00,9.27,73.79,23.51,5.1544186649190635,50.31523363744551
2023-12-28 12:00:00+00:00,5.76,71.88,11.56,2.2151925652181603,44.960638871216354
2023-12-28 13:00:00+00:00,14.38,73.64,10.53,4.653862309059875,43.51073253330686
2023-12-28 14:00:00+00:00,15.66,79.95,16.8,11.49743415342438,47.46341755549954
2023-12-28 15:00:00+00:00,40.34,79.77,16.95,13.684850637839276,50.3011665079022
2023-12-28 16:00:00+00:00,46.83,80.32,35.08,15.356135909627739,55.345012926737105
2023-12-28 17:00:00+00:00,45.9,74.35,39.34,10.694422822869,53.73846433570554
2023-12-28 18:00:00+00:00,38.55,64.85,48.49,1.786365916214919,48.493986728730256
2023-12-28 19:00:00+00:00,19.98,54.73,40.97,-12.76603942225023,38.667717329150655
2023-12-28 20:00:00+00:00,13.75,24.74,33.15,-36.159495588289175,15.382197221839704
2023-12-28 21:00:00+00:00,17.72,16.99,28.77,-43.681275663989155,9.491050323665746
2023-12-28 22:00:00+00:00,1.0,0.01,6.05,-58.876242101205904,-4.775415216064204
2023-12-28 23:00:00+00:00,0.0,-0.02,0.01,-60.82810266073041,-3.056841997760017
2023-12-29 00:00:00+00:00,-0.08,-0.78,-0.1,-57.203466769220924,-3.1131627600719725
2023-12-29 01:00:00+00:00,-0.28,-1.43,-0.07,-57.79389199883629,-3.256678456446778
2023-12-29 02:00:00+00:00,-0.93,-1.39,-0.18,-55.59565669204885,-2.3065084213152858
2023-12-29 03:00:00+00:00,-0.95,-1.42,-0.25,-51.31385520931424,-0.2781367012342031
2023-12-29 04:00:00+00:00,-0.26,-0.27,-0.08,-44.413092947669256,3.765031538724429
2023-12-29 05:00:00+00:00,-0.07,0.02,0.81,-36.16917511420964,8.958104890298316
2023-12-29 06:00:00+00:00,-0.01,16.06,31.68,-14.960133463026494,27.89295392159208
2023-12-29 07:00:00+00:00,4.44,38.2,39.73,-1.3960683025452596,45.254142082436225
2023-12-29 08:00:00+00:00,1.09,38.75,35.64,-6.242141665614952,44.03066527866324
2023-12-29 09:00:00+00:00,0.05,29.27,26.45,-16.476802251633785,34.71414294737234
2023-12-29 10:00:00+00:00,-0.01,13.95,26.23,-27.497567466047812,23.289110079567095
2023-12-29 11:00:00+00:00,0.6,9.27,26.73,-31.544547435630832,18.69105931801485
2023-12-29 12:00:00+00:00,0.99,5.76,25.3,-33.307663977758565,14.05765836208063
2023-12-29 13:00:00+00:00,2.23,14.38,28.86,-24.965484717418335,19.032259215172516
2023-12-29 14:00:00+00:00,9.99,15.66,34.17,-19.62370806536019,20.083922637912394
2023-12-29 15:00:00+00:00,10.02,40.34,42.41,-3.755561242501841,37.739887911020226
2023-12-29 16:00:00+00:00,25.12,46.83,42.95,1.2176529063382446,44.17768563985212
2023-12-29 17:00:00+00:00,26.59,45.9,50.36,0.8564797773781834,45.44293569553425
2023-12-29 18:00:00+00:00,17.17,38.55,40.49,-8.764454439976248,38.04014251605813
2023-12-29 19:00:00+00:00,10.1,19.98,24.66,-27.583643332560342,20.988910657501194
2023-12-29 20:00:00+00:00,5.04,13.75,25.53,-37.80908159685781,12.834641833195377
2023-12-29 21:00:00+00:00,22.9,17.72,30.41,-38.31080819021001,14.83316730277943
2023-12-29 22:00:00+00:00,18.89,1.0,12.0,-54.187264127963275,-1.3517755276303802
2023-12-29 23:00:00+00:00,5.89,0.0,0.04,-53.09659419205839,-4.017899954534684
2023-12-30 00:00:00+00:00,2.77,-0.08,-0.01,-58.173189501887165,-7.334553668093179
2023-12-30 01:00:00+00:00,8.88,-0.28,-0.01,-62.427105120128275,-10.762228401820138
2023-12-30 02:00:00+00:00,5.6,-0.93,-0.02,-66.02177931942158,-14.672253345753788
2023-12-30 03:00:00+00:00,5.74,-0.95,-0.01,-65.15742869139699,-16.369937627524678
2023-12-30 04:00:00+00:00,7.51,-0.26,0.0,-62.86461224005187,-18.50749540408934
2023-12-30 05:00:00+00:00,5.77,-0.07,0.1,-61.83964024329434,-22.526726343667875
2023-12-30 06:00:00+00:00,20.86,-0.01,7.43,-55.004590812877396,-22.268714118122872
2023-12-30 07:00:00+00:00,27.53,4.44,20.0,-44.69636284587621,-16.065270422359745
2023-12-30 08:00:00+00:00,27.92,1.09,42.08,-43.0937482944682,-15.281189550415618
2023-12-30 09:00:00+00:00,23.91,0.05,41.64,-45.71709809608673,-16.439159915338394
2023-12-30 10:00:00+00:00,19.89,-0.01,45.9,-47.60012589095611,-17.225772695462084
2023-12-30 11:00:00+00:00,20.02,0.6,47.36,-46.43417674949059,-17.128978030045175
2023-12-30 12:00:00+00:00,23.84,0.99,49.81,-42.73204777204852,-18.00599642868943
2023-12-30 13:00:00+00:00,42.04,2.23,52.3,-29.8394741361884,-15.802012719329511
2023-12-30 14:00:00+00:00,56.25,9.99,53.77,-10.439177223893111,-8.788466692871381
2023-12-30 15:00:00+00:00,69.99,10.02,58.05,1.6465296635771267,-3.4514879859949588
2023-12-30 16:00:00+00:00,80.14,25.12,68.12,15.992437933390406,12.866863798659438
2023-12-30 17:00:00+00:00,79.99,26.59,66.45,18.526294002946727,17.597488992919352
2023-12-30 18:00:00+00:00,71.09,17.17,61.55,11.236144134519222,12.899219515149085
2023-12-30 19:00:00+00:00,62.01,10.1,53.7,1.1747883185376509,6.764673685684173
2023-12-30 20:00:00+00:00,56.36,5.04,41.56,-6.85559527126253,1.9581610562904075
2023-12-30 21:00:00+00:00,50.1,22.9,20.29,-1.5119740988583743,13.015186952176776
2023-12-30 22:00:00+00:00,43.23,18.89,7.74,-11.418461201305988,5.858567925638411
2023-12-30 23:00:00+00:00,36.54,5.89,0.0,-16.900967781508584,2.3743862302677456
2023-12-31 00:00:00+00:00,13.27,2.77,-0.03,-22.381691284309298,-2.201551322570978
2023-12-31 01:00:00+00:00,4.0,8.88,-0.29,-22.918529451637923,-1.1596911108897956
2023-12-31 02:00:00+00:00,0.31,5.6,-0.97,-27.761260985363705,-6.914963423281819
2023-12-31 03:00:00+00:00,0.58,5.74,-3.74,-29.334693266155753,-9.813109515870565
2023-12-31 04:00:00+00:00,1.28,7.51,-4.97,-30.486179740463726,-11.68582637536872
2023-12-31 05:00:00+00:00,0.36,5.77,-4.22,-35.67406247114319,-17.468772021135237
2023-12-31 06:00:00+00:00,-0.03,20.86,-2.91,-28.14069004472053,-9.271736938689628
2023-12-31 07:00:00+00:00,2.98,27.53,-2.93,-25.07943284337493,-4.253504978116027
2023-12-31 08:00:00+00:00,9.1,27.92,-3.13,-27.895694945186776,-3.2903529749410296
2023-12-31 09:00:00+00:00,14.0,23.91,-5.15,-32.33804423698196,-5.986227339504694
2023-12-31 10:00:00+00:00,10.51,19.89,-3.57,-35.04022364733429,-8.349657774801287
2023-12-31 11:00:00+00:00,10.73,20.02,-2.95,-35.30190237095697,-8.78621517619547
2023-12-31 12:00:00+00:00,5.75,23.84,-3.77,-33.25082150738329,-7.292493336275612
2023-12-31 13:00:00+00:00,8.98,42.04,-2.19,-19.69939763966981,5.832867419863305
2023-12-31 14:00:00+00:00,12.95,56.25,-2.26,-5.629312928634249,18.574005603022258
2023-12-31 15:00:00+00:00,20.9,69.99,-2.05,8.235495878424743,32.74521648990611
2023-12-31 16:00:00+00:00,26.0,80.14,-2.36,18.933140655900246,47.62997797331273
2023-12-31 17:00:00+00:00,23.39,79.99,-5.58,20.2340264265204,52.84994768437092
2023-12-31 18:00:00+00:00,9.0,71.09,-9.07,13.861399809651644,49.288953214103636
2023-12-31 19:00:00+00:00,7.95,62.01,-6.49,4.891823443825984,43.971670198131626
2023-12-31 20:00:00+00:00,6.0,56.36,-3.18,-2.576184212463275,40.21792703759854
2023-12-31 21:00:00+00:00,10.68,50.1,-3.0,-9.461085960979673,36.338436583056875
2023-12-31 22:00:00+00:00,2.44,43.23,-6.09,-17.221746978153732,30.210883574761766
