delivery_date,n_hours,oracle_pnl,S0_traded,S0_i,S0_j,S0_net_pnl,S0_gross_pnl,S1_traded,S1_i,S1_j,S1_net_pnl,S1_gross_pnl,S2_traded,S2_i,S2_j,S2_net_pnl,S2_gross_pnl,S3_traded,S3_i,S3_j,S3_net_pnl,S3_gross_pnl,S4_traded,S4_i,S4_j,S4_net_pnl,S4_gross_pnl,S5_traded,S5_i,S5_j,S5_net_pnl,S5_gross_pnl
2023-01-16,24,92.7415,False,,,0.0,0.0,True,14.0,23.0,-57.5,-48.25,True,0.0,8.0,88.8315,98.0815,True,0.0,8.0,88.8315,98.0815,True,3.0,9.0,79.15,88.4,False,,,0.0,0.0
2023-01-17,24,61.74550000000001,False,,,0.0,0.0,True,3.0,8.0,30.40599999999999,39.65599999999999,True,3.0,18.0,51.605000000000004,60.855000000000004,True,3.0,18.0,51.605000000000004,60.855000000000004,True,3.0,9.0,16.924999999999983,26.174999999999983,False,,,0.0,0.0
2023-01-18,24,31.20949999999999,False,,,0.0,0.0,True,3.0,17.0,7.823999999999984,17.073999999999984,True,1.0,17.0,6.013999999999982,15.263999999999982,False,,,0.0,0.0,True,3.0,17.0,7.823999999999984,17.073999999999984,False,,,0.0,0.0
2023-01-19,24,60.530499999999975,False,,,0.0,0.0,True,4.0,8.0,27.550500000000014,36.800500000000014,True,2.0,17.0,54.70049999999998,63.95049999999998,False,,,0.0,0.0,True,1.0,8.0,19.71050000000001,28.96050000000001,False,,,0.0,0.0
2023-01-20,24,48.11099999999999,False,,,0.0,0.0,True,4.0,17.0,22.757000000000005,32.007000000000005,True,1.0,17.0,23.236999999999995,32.486999999999995,True,2.0,17.0,25.296999999999997,34.547,True,4.0,17.0,22.757000000000005,32.007000000000005,False,,,0.0,0.0
2023-01-21,24,12.336499999999972,False,,,0.0,0.0,True,2.0,8.0,-19.832000000000022,-10.582000000000022,True,4.0,8.0,-10.882000000000033,-1.6320000000000334,False,,,0.0,0.0,True,4.0,18.0,11.566499999999962,20.816499999999962,False,,,0.0,0.0
2023-01-22,24,45.73950000000001,False,,,0.0,0.0,True,6.0,18.0,34.90950000000001,44.15950000000001,True,5.0,18.0,44.7195,53.9695,False,,,0.0,0.0,True,6.0,18.0,34.90950000000001,44.15950000000001,False,,,0.0,0.0
2023-01-23,24,72.84700000000001,False,,,0.0,0.0,True,2.0,18.0,53.20949999999999,62.45949999999999,True,2.0,8.0,61.581999999999994,70.832,False,,,0.0,0.0,True,2.0,18.0,53.20949999999999,62.45949999999999,False,,,0.0,0.0
2023-01-24,24,59.66549999999998,False,,,0.0,0.0,True,3.0,9.0,59.66549999999998,68.91549999999998,True,2.0,17.0,48.46000000000001,57.71000000000001,True,2.0,17.0,48.46000000000001,57.71000000000001,True,2.0,9.0,53.9255,63.1755,False,,,0.0,0.0
2023-01-25,24,35.334,False,,,0.0,0.0,True,3.0,9.0,34.43000000000001,43.68000000000001,True,4.0,9.0,35.30000000000001,44.55000000000001,False,,,0.0,0.0,True,3.0,8.0,34.464,43.714,False,,,0.0,0.0
2023-01-26,24,28.593500000000006,False,,,0.0,0.0,True,4.0,8.0,23.847499999999997,33.0975,True,3.0,9.0,28.593500000000006,37.843500000000006,False,,,0.0,0.0,True,4.0,8.0,23.847499999999997,33.0975,False,,,0.0,0.0
2023-01-27,24,36.235,False,,,0.0,0.0,True,3.0,9.0,34.951499999999996,44.201499999999996,True,3.0,10.0,31.39,40.64,False,,,0.0,0.0,True,2.0,9.0,29.741500000000002,38.9915,False,,,0.0,0.0
2023-01-28,24,15.870999999999995,False,,,0.0,0.0,True,3.0,18.0,9.11099999999999,18.36099999999999,True,4.0,9.0,1.6059999999999945,10.855999999999995,False,,,0.0,0.0,True,3.0,18.0,9.11099999999999,18.36099999999999,False,,,0.0,0.0
2023-01-29,24,8.498999999999995,False,,,0.0,0.0,True,5.0,18.0,-2.024000000000001,7.225999999999999,False,,,0.0,0.0,False,,,0.0,0.0,True,8.0,18.0,-26.964,-17.714,False,,,0.0,0.0
2023-01-30,24,86.895,False,,,0.0,0.0,True,13.0,17.0,-8.802999999999997,0.44700000000000273,True,2.0,18.0,67.5265,76.7765,False,,,0.0,0.0,True,2.0,9.0,71.35999999999999,80.60999999999999,False,,,0.0,0.0
2023-01-31,24,52.27299999999998,False,,,0.0,0.0,True,3.0,8.0,45.37299999999999,54.62299999999999,True,0.0,8.0,52.27299999999998,61.52299999999998,True,0.0,8.0,52.27299999999998,61.52299999999998,True,2.0,8.0,48.13299999999998,57.38299999999998,False,,,0.0,0.0
2023-02-01,24,35.78899999999999,False,,,0.0,0.0,True,0.0,8.0,13.438999999999993,22.688999999999993,True,2.0,8.0,27.688999999999993,36.93899999999999,False,,,0.0,0.0,True,2.0,8.0,27.688999999999993,36.93899999999999,False,,,0.0,0.0
2023-02-02,24,78.63199999999999,False,,,0.0,0.0,True,4.0,8.0,46.5895,55.8395,True,2.0,17.0,70.84449999999998,80.09449999999998,True,2.0,17.0,70.84449999999998,80.09449999999998,True,4.0,8.0,46.5895,55.8395,False,,,0.0,0.0
2023-02-03,24,3.211999999999989,False,,,0.0,0.0,True,1.0,18.0,-13.028000000000006,-3.778000000000006,True,5.0,18.0,-1.7780000000000058,7.471999999999994,False,,,0.0,0.0,True,1.0,18.0,-13.028000000000006,-3.778000000000006,False,,,0.0,0.0
2023-02-04,24,47.926,False,,,0.0,0.0,True,4.0,18.0,21.906000000000006,31.156000000000006,True,0.0,18.0,47.926,57.176,False,,,0.0,0.0,False,,,0.0,0.0,False,,,0.0,0.0
2023-02-05,24,29.463999999999984,False,,,0.0,0.0,True,0.0,18.0,0.9639999999999986,10.213999999999999,True,5.0,18.0,23.203999999999994,32.45399999999999,False,,,0.0,0.0,True,1.0,18.0,-0.4960000000000093,8.75399999999999,False,,,0.0,0.0
2023-02-06,24,32.125,False,,,0.0,0.0,True,13.0,18.0,11.064999999999998,20.314999999999998,True,4.0,18.0,32.125,41.375,False,,,0.0,0.0,True,5.0,18.0,23.294999999999987,32.54499999999999,False,,,0.0,0.0
2023-02-07,24,64.64999999999998,False,,,0.0,0.0,True,4.0,18.0,57.91,67.16,True,3.0,18.0,60.06999999999999,69.32,False,,,0.0,0.0,True,2.0,18.0,59.09,68.34,False,,,0.0,0.0
2023-02-08,24,29.38249999999998,False,,,0.0,0.0,True,13.0,18.0,29.372499999999988,38.62249999999999,True,12.0,17.0,22.191500000000005,31.441500000000005,False,,,0.0,0.0,True,4.0,18.0,8.362499999999983,17.612499999999983,False,,,0.0,0.0
2023-02-09,24,29.480999999999995,False,,,0.0,0.0,True,12.0,18.0,20.950500000000005,30.200500000000005,True,2.0,18.0,17.010500000000008,26.260500000000008,False,,,0.0,0.0,True,3.0,8.0,22.357000000000014,31.607000000000014,False,,,0.0,0.0
2023-02-10,24,41.22549999999998,False,,,0.0,0.0,True,0.0,7.0,26.083499999999987,35.33349999999999,True,0.0,8.0,34.85549999999998,44.10549999999998,False,,,0.0,0.0,True,0.0,8.0,34.85549999999998,44.10549999999998,False,,,0.0,0.0
2023-02-11,24,40.718999999999994,False,,,0.0,0.0,True,2.0,8.0,-15.119500000000002,-5.869500000000002,True,3.0,18.0,38.75149999999999,48.00149999999999,False,,,0.0,0.0,True,2.0,8.0,-15.119500000000002,-5.869500000000002,False,,,0.0,0.0
2023-02-12,24,26.796499999999995,False,,,0.0,0.0,True,5.0,17.0,6.618999999999986,15.868999999999986,True,4.0,18.0,14.673500000000004,23.923500000000004,False,,,0.0,0.0,True,10.0,18.0,-12.426500000000004,-3.1765000000000043,False,,,0.0,0.0
2023-02-13,24,50.24000000000001,False,,,0.0,0.0,True,6.0,19.0,3.1699999999999875,12.419999999999987,True,1.0,18.0,46.599999999999994,55.849999999999994,True,1.0,18.0,46.599999999999994,55.849999999999994,True,4.0,18.0,48.44,57.69,False,,,0.0,0.0
2023-02-14,24,35.331500000000005,False,,,0.0,0.0,True,3.0,18.0,28.621499999999997,37.8715,True,3.0,18.0,28.621499999999997,37.8715,True,3.0,18.0,28.621499999999997,37.8715,True,1.0,18.0,28.42150000000001,37.67150000000001,False,,,0.0,0.0
2023-02-15,24,24.536,False,,,0.0,0.0,True,13.0,18.0,16.792000000000016,26.042000000000016,True,2.0,8.0,21.195999999999998,30.445999999999998,False,,,0.0,0.0,True,1.0,8.0,20.24600000000001,29.49600000000001,False,,,0.0,0.0
2023-02-16,24,26.928999999999988,False,,,0.0,0.0,True,4.0,8.0,24.788999999999987,34.03899999999999,True,1.0,7.0,14.795000000000002,24.045,False,,,0.0,0.0,True,4.0,8.0,24.788999999999987,34.03899999999999,False,,,0.0,0.0
2023-02-17,24,33.990500000000004,False,,,0.0,0.0,True,0.0,8.0,-4.884999999999991,4.365000000000009,True,3.0,7.0,8.882499999999993,18.132499999999993,False,,,0.0,0.0,True,2.0,8.0,8.455000000000013,17.705000000000013,False,,,0.0,0.0
2023-02-18,24,90.06749999999998,False,,,0.0,0.0,True,15.0,18.0,19.168000000000006,28.418000000000006,True,2.0,18.0,79.94800000000001,89.19800000000001,False,,,0.0,0.0,True,14.0,18.0,29.397999999999996,38.647999999999996,False,,,0.0,0.0
2023-02-19,24,33.094999999999985,False,,,0.0,0.0,True,0.0,19.0,16.332999999999984,25.582999999999984,True,4.0,19.0,32.82299999999999,42.07299999999999,False,,,0.0,0.0,True,1.0,19.0,21.252999999999986,30.502999999999986,False,,,0.0,0.0
2023-02-20,24,64.399,False,,,0.0,0.0,True,4.0,18.0,57.27900000000001,66.52900000000001,True,13.0,18.0,64.399,73.649,True,13.0,18.0,64.399,73.649,True,3.0,18.0,52.409000000000006,61.659000000000006,False,,,0.0,0.0
2023-02-21,24,96.1505,False,,,0.0,0.0,True,13.0,18.0,28.020499999999984,37.270499999999984,True,1.0,18.0,96.1505,105.4005,True,1.0,18.0,96.1505,105.4005,True,4.0,18.0,73.01049999999998,82.26049999999998,False,,,0.0,0.0
2023-02-22,24,15.339000000000013,False,,,0.0,0.0,True,1.0,18.0,10.969999999999999,20.22,True,2.0,18.0,14.200000000000003,23.450000000000003,False,,,0.0,0.0,True,3.0,18.0,10.969999999999999,20.22,False,,,0.0,0.0
2023-02-23,24,17.337999999999994,False,,,0.0,0.0,True,2.0,8.0,13.117999999999995,22.367999999999995,True,1.0,8.0,10.71799999999999,19.96799999999999,False,,,0.0,0.0,True,2.0,18.0,2.1869999999999834,11.436999999999983,False,,,0.0,0.0
2023-02-24,24,7.782500000000013,False,,,0.0,0.0,True,3.0,8.0,7.739999999999995,16.989999999999995,True,3.0,7.0,7.782500000000013,17.032500000000013,False,,,0.0,0.0,True,4.0,7.0,4.992500000000021,14.242500000000021,False,,,0.0,0.0
2023-02-25,24,61.857999999999976,False,,,0.0,0.0,True,3.0,7.0,-12.68050000000001,-3.430500000000009,True,14.0,18.0,44.07799999999998,53.32799999999998,False,,,0.0,0.0,True,3.0,18.0,31.527999999999977,40.77799999999998,False,,,0.0,0.0
2023-02-26,24,69.1235,False,,,0.0,0.0,True,13.0,18.0,66.39499999999998,75.64499999999998,True,13.0,18.0,66.39499999999998,75.64499999999998,False,,,0.0,0.0,True,13.0,18.0,66.39499999999998,75.64499999999998,False,,,0.0,0.0
2023-02-27,24,39.107500000000016,False,,,0.0,0.0,True,13.0,19.0,23.6575,32.9075,True,1.0,18.0,19.3485,28.5985,False,,,0.0,0.0,True,13.0,18.0,16.738499999999988,25.988499999999988,False,,,0.0,0.0
2023-02-28,24,38.82950000000001,False,,,0.0,0.0,True,4.0,19.0,29.212999999999994,38.462999999999994,True,14.0,18.0,32.12950000000001,41.37950000000001,False,,,0.0,0.0,True,3.0,19.0,30.87299999999999,40.12299999999999,False,,,0.0,0.0
2023-03-01,24,32.76649999999998,False,,,0.0,0.0,True,12.0,18.0,31.096499999999978,40.34649999999998,True,12.0,18.0,31.096499999999978,40.34649999999998,False,,,0.0,0.0,True,1.0,18.0,21.42649999999999,30.67649999999999,False,,,0.0,0.0
2023-03-02,24,34.28349999999999,False,,,0.0,0.0,True,13.0,18.0,34.28349999999999,43.53349999999999,True,13.0,18.0,34.28349999999999,43.53349999999999,False,,,0.0,0.0,True,1.0,7.0,16.123500000000007,25.373500000000007,False,,,0.0,0.0
2023-03-03,24,29.051499999999976,False,,,0.0,0.0,True,13.0,18.0,18.900000000000006,28.150000000000006,True,13.0,18.0,18.900000000000006,28.150000000000006,False,,,0.0,0.0,True,0.0,18.0,-9.300000000000011,-0.05000000000001137,False,,,0.0,0.0
2023-03-04,24,30.290999999999997,False,,,0.0,0.0,True,4.0,8.0,-21.353499999999997,-12.103499999999997,True,13.0,18.0,28.400999999999996,37.650999999999996,True,13.0,18.0,28.400999999999996,37.650999999999996,True,14.0,18.0,24.311000000000007,33.56100000000001,False,,,0.0,0.0
2023-03-05,24,32.2745,False,,,0.0,0.0,True,12.0,18.0,22.1695,31.4195,True,5.0,18.0,26.609499999999997,35.8595,False,,,0.0,0.0,True,13.0,18.0,24.689499999999995,33.939499999999995,False,,,0.0,0.0
2023-03-06,24,52.156499999999994,False,,,0.0,0.0,True,4.0,19.0,15.418499999999995,24.668499999999995,True,2.0,18.0,24.570999999999998,33.821,False,,,0.0,0.0,True,1.0,19.0,14.078499999999991,23.32849999999999,False,,,0.0,0.0
2023-03-07,24,51.69800000000002,False,,,0.0,0.0,True,3.0,8.0,1.5415000000000134,10.791500000000013,True,3.0,18.0,51.258000000000024,60.508000000000024,True,3.0,18.0,51.258000000000024,60.508000000000024,True,4.0,8.0,1.9815000000000111,11.231500000000011,False,,,0.0,0.0
2023-03-08,24,26.88499999999999,False,,,0.0,0.0,True,4.0,18.0,21.606499999999983,30.856499999999983,True,3.0,18.0,21.606499999999983,30.856499999999983,False,,,0.0,0.0,True,3.0,18.0,21.606499999999983,30.856499999999983,False,,,0.0,0.0
2023-03-09,24,16.570999999999998,False,,,0.0,0.0,True,3.0,8.0,16.570999999999998,25.820999999999998,True,2.0,19.0,3.013999999999996,12.263999999999996,False,,,0.0,0.0,True,1.0,19.0,2.6439999999999912,11.893999999999991,False,,,0.0,0.0
2023-03-10,24,11.683499999999995,False,,,0.0,0.0,True,3.0,8.0,11.683499999999995,20.933499999999995,True,2.0,8.0,11.463499999999996,20.713499999999996,False,,,0.0,0.0,True,1.0,8.0,9.843499999999992,19.09349999999999,False,,,0.0,0.0
2023-03-11,24,54.0,False,,,0.0,0.0,True,3.0,8.0,5.238500000000002,14.488500000000002,True,1.0,18.0,42.89,52.14,True,1.0,18.0,42.89,52.14,True,14.0,18.0,53.62,62.87,False,,,0.0,0.0
2023-03-12,24,41.67399999999999,False,,,0.0,0.0,True,13.0,18.0,23.662499999999994,32.912499999999994,True,13.0,18.0,23.662499999999994,32.912499999999994,False,,,0.0,0.0,True,14.0,18.0,22.622499999999988,31.872499999999988,False,,,0.0,0.0
2023-03-13,24,71.53,False,,,0.0,0.0,True,13.0,19.0,71.52,80.77,True,14.0,18.0,66.0815,75.3315,True,14.0,18.0,66.0815,75.3315,True,3.0,19.0,54.61,63.86,False,,,0.0,0.0
2023-03-14,24,118.2885,False,,,0.0,0.0,True,14.0,19.0,54.6785,63.9285,True,3.0,18.0,112.04100000000001,121.29100000000001,True,3.0,18.0,112.04100000000001,121.29100000000001,True,4.0,19.0,116.6285,125.8785,False,,,0.0,0.0
2023-03-15,24,69.298,False,,,0.0,0.0,True,3.0,19.0,54.908,64.158,True,2.0,19.0,56.168000000000006,65.418,True,2.0,19.0,56.168000000000006,65.418,True,2.0,19.0,56.168000000000006,65.418,False,,,0.0,0.0
2023-03-16,24,24.332499999999996,False,,,0.0,0.0,True,13.0,19.0,22.734499999999997,31.984499999999997,True,13.0,18.0,24.332499999999996,33.582499999999996,False,,,0.0,0.0,True,0.0,19.0,-16.16550000000001,-6.915500000000009,False,,,0.0,0.0
2023-03-17,24,56.506,False,,,0.0,0.0,True,13.0,18.0,30.906000000000006,40.156000000000006,True,2.0,18.0,54.896,64.146,True,2.0,18.0,54.896,64.146,True,4.0,7.0,23.304499999999997,32.5545,False,,,0.0,0.0
2023-03-18,24,54.43899999999998,False,,,0.0,0.0,True,0.0,18.0,17.807500000000005,27.057500000000005,True,13.0,18.0,43.7375,52.9875,False,,,0.0,0.0,True,2.0,18.0,27.317499999999995,36.567499999999995,False,,,0.0,0.0
2023-03-19,24,26.683499999999995,False,,,0.0,0.0,True,13.0,19.0,26.683499999999995,35.933499999999995,True,6.0,19.0,20.7235,29.9735,False,,,0.0,0.0,True,13.0,19.0,26.683499999999995,35.933499999999995,False,,,0.0,0.0
2023-03-20,24,31.439499999999995,False,,,0.0,0.0,True,13.0,19.0,31.439499999999995,40.689499999999995,True,3.0,19.0,21.219499999999982,30.469499999999982,True,3.0,19.0,21.219499999999982,30.469499999999982,True,2.0,19.0,18.339499999999987,27.589499999999987,False,,,0.0,0.0
2023-03-21,24,14.226500000000001,False,,,0.0,0.0,True,13.0,19.0,12.986499999999992,22.236499999999992,True,2.0,19.0,0.9864999999999924,10.236499999999992,False,,,0.0,0.0,True,3.0,19.0,3.896499999999989,13.146499999999989,False,,,0.0,0.0
2023-03-22,24,92.6325,False,,,0.0,0.0,True,15.0,19.0,41.21249999999999,50.46249999999999,True,12.0,19.0,86.6925,95.9425,True,12.0,19.0,86.6925,95.9425,True,4.0,7.0,16.738500000000002,25.988500000000002,False,,,0.0,0.0
2023-03-23,24,80.303,False,,,0.0,0.0,True,13.0,19.0,76.283,85.533,True,11.0,19.0,77.793,87.043,True,11.0,19.0,77.793,87.043,True,13.0,19.0,76.283,85.533,False,,,0.0,0.0
2023-03-24,24,87.47550000000001,False,,,0.0,0.0,True,4.0,19.0,54.475500000000004,63.725500000000004,True,14.0,18.0,74.547,83.797,True,14.0,18.0,74.547,83.797,True,4.0,19.0,54.475500000000004,63.725500000000004,False,,,0.0,0.0
2023-03-25,24,62.254000000000005,False,,,0.0,0.0,True,14.0,19.0,61.614000000000004,70.864,True,15.0,19.0,57.10400000000001,66.35400000000001,True,15.0,19.0,57.10400000000001,66.35400000000001,True,13.0,19.0,62.254000000000005,71.504,False,,,0.0,0.0
2023-03-26,23,51.701,False,,,0.0,0.0,True,13.0,19.0,35.991499999999995,45.241499999999995,True,0.0,19.0,46.7915,56.0415,True,0.0,19.0,46.7915,56.0415,True,13.0,19.0,35.991499999999995,45.241499999999995,False,,,0.0,0.0
2023-03-27,24,53.733,False,,,0.0,0.0,True,0.0,19.0,0.472999999999999,9.722999999999999,True,15.0,19.0,50.313,59.563,True,15.0,19.0,50.313,59.563,True,1.0,19.0,3.3229999999999933,12.572999999999993,False,,,0.0,0.0
2023-03-28,24,48.91999999999999,False,,,0.0,0.0,True,14.0,19.0,35.82299999999999,45.07299999999999,True,1.0,8.0,44.38199999999999,53.63199999999999,True,1.0,8.0,44.38199999999999,53.63199999999999,True,3.0,8.0,33.85199999999999,43.10199999999999,False,,,0.0,0.0
2023-03-29,24,24.849999999999994,False,,,0.0,0.0,True,0.0,20.0,5.658000000000001,14.908000000000001,True,3.0,19.0,19.359499999999997,28.609499999999997,False,,,0.0,0.0,True,2.0,8.0,22.819999999999993,32.06999999999999,False,,,0.0,0.0
2023-03-30,24,87.0,False,,,0.0,0.0,True,1.0,8.0,18.405,27.655,True,15.0,19.0,82.7,91.95,True,15.0,19.0,82.7,91.95,True,3.0,8.0,21.885000000000005,31.135000000000005,False,,,0.0,0.0
2023-03-31,24,59.123999999999995,False,,,0.0,0.0,True,14.0,19.0,-4.073999999999998,5.176000000000002,True,2.0,8.0,50.643999999999984,59.893999999999984,True,2.0,8.0,50.643999999999984,59.893999999999984,True,14.0,19.0,-4.073999999999998,5.176000000000002,False,,,0.0,0.0
2023-04-01,24,34.5065,False,,,0.0,0.0,True,3.0,8.0,3.905999999999999,13.155999999999999,True,3.0,10.0,-5.945500000000003,3.3044999999999973,False,,,0.0,0.0,True,3.0,8.0,3.905999999999999,13.155999999999999,False,,,0.0,0.0
2023-04-02,24,88.315,False,,,0.0,0.0,True,14.0,19.0,87.03999999999999,96.28999999999999,True,14.0,19.0,87.03999999999999,96.28999999999999,True,14.0,19.0,87.03999999999999,96.28999999999999,True,14.0,19.0,87.03999999999999,96.28999999999999,False,,,0.0,0.0
2023-04-03,24,53.48350000000002,False,,,0.0,0.0,True,14.0,20.0,51.9025,61.1525,True,14.0,20.0,51.9025,61.1525,True,14.0,20.0,51.9025,61.1525,True,14.0,19.0,53.48350000000002,62.73350000000002,False,,,0.0,0.0
2023-04-04,24,36.44,False,,,0.0,0.0,True,14.0,19.0,36.44,45.69,True,1.0,8.0,32.50049999999999,41.75049999999999,True,1.0,8.0,32.50049999999999,41.75049999999999,True,14.0,19.0,36.44,45.69,False,,,0.0,0.0
2023-04-05,24,49.23199999999997,False,,,0.0,0.0,True,14.0,19.0,46.566,55.816,True,14.0,19.0,46.566,55.816,True,14.0,19.0,46.566,55.816,True,0.0,7.0,39.971999999999966,49.221999999999966,False,,,0.0,0.0
2023-04-06,24,15.150000000000006,False,,,0.0,0.0,True,3.0,7.0,12.80549999999998,22.05549999999998,True,12.0,19.0,14.230000000000004,23.480000000000004,True,12.0,19.0,14.230000000000004,23.480000000000004,True,3.0,7.0,12.80549999999998,22.05549999999998,False,,,0.0,0.0
2023-04-07,24,23.517500000000013,False,,,0.0,0.0,True,13.0,19.0,21.747500000000016,30.997500000000016,True,14.0,19.0,23.517500000000013,32.76750000000001,True,14.0,19.0,23.517500000000013,32.76750000000001,True,4.0,7.0,-21.739000000000004,-12.489000000000004,False,,,0.0,0.0
2023-04-08,24,15.154499999999999,False,,,0.0,0.0,True,14.0,19.0,10.148499999999984,19.398499999999984,True,5.0,19.0,-6.651500000000013,2.598499999999987,False,,,0.0,0.0,True,14.0,19.0,10.148499999999984,19.398499999999984,False,,,0.0,0.0
2023-04-09,24,49.191,False,,,0.0,0.0,True,15.0,20.0,48.191,57.441,True,13.0,19.0,41.214499999999994,50.464499999999994,True,13.0,19.0,41.214499999999994,50.464499999999994,True,14.0,19.0,46.22449999999999,55.47449999999999,False,,,0.0,0.0
2023-04-10,24,55.278999999999996,False,,,0.0,0.0,True,14.0,20.0,33.233999999999995,42.483999999999995,True,15.0,19.0,50.529,59.779,True,15.0,19.0,50.529,59.779,True,14.0,19.0,54.229,63.479,False,,,0.0,0.0
2023-04-11,24,131.42299999999997,False,,,0.0,0.0,True,13.0,19.0,128.941,138.191,True,14.0,20.0,131.41299999999998,140.66299999999998,True,14.0,20.0,131.41299999999998,140.66299999999998,True,15.0,19.0,128.851,138.101,False,,,0.0,0.0
2023-04-12,24,35.290000000000006,False,,,0.0,0.0,True,13.0,20.0,3.634999999999991,12.884999999999991,True,3.0,20.0,22.284999999999997,31.534999999999997,True,4.0,20.0,20.794999999999987,30.044999999999987,True,1.0,20.0,14.764999999999986,24.014999999999986,False,,,0.0,0.0
2023-04-13,24,73.27050000000001,False,,,0.0,0.0,True,3.0,19.0,63.61399999999999,72.86399999999999,True,3.0,19.0,63.61399999999999,72.86399999999999,True,3.0,19.0,63.61399999999999,72.86399999999999,True,4.0,8.0,20.59599999999999,29.84599999999999,False,,,0.0,0.0
2023-04-14,24,27.643500000000003,False,,,0.0,0.0,True,4.0,20.0,6.988500000000002,16.238500000000002,True,14.0,19.0,13.466499999999996,22.716499999999996,False,,,0.0,0.0,True,5.0,19.0,-7.7135000000000105,1.5364999999999895,False,,,0.0,0.0
2023-04-15,24,22.913499999999985,False,,,0.0,0.0,True,1.0,8.0,-30.971500000000006,-21.721500000000006,True,14.0,19.0,21.45149999999998,30.70149999999998,False,,,0.0,0.0,True,14.0,20.0,22.913499999999985,32.163499999999985,False,,,0.0,0.0
2023-04-16,24,15.489999999999995,False,,,0.0,0.0,True,14.0,20.0,15.040000000000006,24.290000000000006,True,14.0,20.0,15.040000000000006,24.290000000000006,False,,,0.0,0.0,True,14.0,20.0,15.040000000000006,24.290000000000006,False,,,0.0,0.0
2023-04-17,24,52.22349999999999,False,,,0.0,0.0,True,15.0,20.0,15.173000000000002,24.423000000000002,True,4.0,20.0,2.1129999999999995,11.363,False,,,0.0,0.0,True,4.0,20.0,2.1129999999999995,11.363,False,,,0.0,0.0
2023-04-18,24,27.87849999999999,False,,,0.0,0.0,True,2.0,8.0,21.298000000000002,30.548000000000002,True,3.0,8.0,21.10799999999999,30.35799999999999,True,3.0,8.0,21.10799999999999,30.35799999999999,True,3.0,8.0,21.10799999999999,30.35799999999999,False,,,0.0,0.0
2023-04-19,24,101.78049999999999,False,,,0.0,0.0,True,15.0,20.0,99.1605,108.4105,True,15.0,19.0,89.7765,99.0265,True,15.0,19.0,89.7765,99.0265,True,3.0,8.0,10.187999999999988,19.437999999999988,False,,,0.0,0.0
2023-04-20,24,28.55249999999998,False,,,0.0,0.0,True,14.0,20.0,26.522499999999994,35.772499999999994,True,1.0,8.0,19.394999999999996,28.644999999999996,True,1.0,8.0,19.394999999999996,28.644999999999996,True,13.0,19.0,21.924999999999997,31.174999999999997,False,,,0.0,0.0
2023-04-21,24,112.99799999999999,False,,,0.0,0.0,True,15.0,20.0,107.75799999999998,117.00799999999998,True,14.0,19.0,110.1845,119.4345,True,14.0,19.0,110.1845,119.4345,True,2.0,8.0,14.064999999999998,23.314999999999998,False,,,0.0,0.0
2023-04-22,24,97.19399999999999,False,,,0.0,0.0,True,14.0,20.0,95.817,105.067,True,13.0,19.0,92.794,102.044,True,13.0,19.0,92.794,102.044,True,14.0,19.0,97.19399999999999,106.44399999999999,False,,,0.0,0.0
2023-04-23,24,103.28899999999999,False,,,0.0,0.0,True,14.0,19.0,103.28899999999999,112.53899999999999,True,14.0,19.0,103.28899999999999,112.53899999999999,True,14.0,19.0,103.28899999999999,112.53899999999999,True,14.0,20.0,102.4305,111.6805,False,,,0.0,0.0
2023-04-24,24,31.244500000000002,False,,,0.0,0.0,True,14.0,19.0,18.13449999999999,27.38449999999999,True,14.0,20.0,19.3245,28.5745,True,14.0,20.0,19.3245,28.5745,True,14.0,19.0,18.13449999999999,27.38449999999999,False,,,0.0,0.0
2023-04-25,24,48.80599999999998,False,,,0.0,0.0,True,4.0,20.0,21.465999999999994,30.715999999999994,True,15.0,20.0,48.59599999999999,57.84599999999999,True,15.0,20.0,48.59599999999999,57.84599999999999,True,4.0,19.0,11.232000000000014,20.482000000000014,False,,,0.0,0.0
2023-04-26,24,34.2445,False,,,0.0,0.0,True,14.0,20.0,28.1045,37.3545,True,14.0,20.0,28.1045,37.3545,True,14.0,20.0,28.1045,37.3545,True,14.0,20.0,28.1045,37.3545,False,,,0.0,0.0
2023-04-27,24,38.81449999999998,False,,,0.0,0.0,True,10.0,20.0,35.14449999999998,44.39449999999998,True,1.0,20.0,29.20449999999998,38.45449999999998,False,,,0.0,0.0,True,1.0,20.0,29.20449999999998,38.45449999999998,False,,,0.0,0.0
2023-04-28,24,8.340000000000003,False,,,0.0,0.0,True,13.0,20.0,4.25,13.5,True,16.0,20.0,6.730000000000004,15.980000000000004,False,,,0.0,0.0,True,16.0,20.0,6.730000000000004,15.980000000000004,False,,,0.0,0.0
2023-04-29,24,26.549999999999997,False,,,0.0,0.0,True,15.0,20.0,23.2325,32.4825,True,15.0,20.0,23.2325,32.4825,True,15.0,20.0,23.2325,32.4825,True,15.0,19.0,22.305999999999997,31.555999999999997,False,,,0.0,0.0
2023-04-30,24,101.13999999999999,False,,,0.0,0.0,True,14.0,21.0,97.7,106.95,True,14.0,20.0,98.88999999999999,108.13999999999999,True,14.0,20.0,98.88999999999999,108.13999999999999,True,14.0,19.0,96.81599999999999,106.06599999999999,False,,,0.0,0.0
2023-05-01,24,67.69,False,,,0.0,0.0,True,13.0,20.0,62.989999999999995,72.24,True,11.0,19.0,28.704000000000008,37.95400000000001,True,11.0,19.0,28.704000000000008,37.95400000000001,True,15.0,19.0,55.504000000000005,64.754,False,,,0.0,0.0
2023-05-02,24,31.281000000000006,False,,,0.0,0.0,True,14.0,20.0,25.86100000000002,35.11100000000002,True,14.0,20.0,25.86100000000002,35.11100000000002,False,,,0.0,0.0,True,14.0,19.0,14.930000000000007,24.180000000000007,False,,,0.0,0.0
2023-05-03,24,63.09300000000002,False,,,0.0,0.0,True,3.0,20.0,38.79300000000002,48.04300000000002,True,3.0,20.0,38.79300000000002,48.04300000000002,False,,,0.0,0.0,True,3.0,8.0,-0.7150000000000034,8.534999999999997,False,,,0.0,0.0
2023-05-04,24,37.7685,False,,,0.0,0.0,True,15.0,20.0,28.09899999999999,37.34899999999999,True,13.0,20.0,33.16899999999999,42.41899999999999,True,13.0,20.0,33.16899999999999,42.41899999999999,True,3.0,20.0,-1.8810000000000144,7.368999999999986,False,,,0.0,0.0
2023-05-05,24,23.02449999999999,False,,,0.0,0.0,True,14.0,19.0,14.308999999999997,23.558999999999997,True,13.0,20.0,23.02449999999999,32.27449999999999,True,13.0,20.0,23.02449999999999,32.27449999999999,True,14.0,19.0,14.308999999999997,23.558999999999997,False,,,0.0,0.0
2023-05-06,24,35.7885,False,,,0.0,0.0,True,13.0,20.0,30.0385,39.2885,True,14.0,19.0,32.5925,41.8425,True,14.0,19.0,32.5925,41.8425,True,14.0,20.0,35.7885,45.0385,False,,,0.0,0.0
2023-05-07,24,82.2225,False,,,0.0,0.0,True,14.0,20.0,81.2625,90.5125,True,13.0,20.0,82.2225,91.4725,True,13.0,20.0,82.2225,91.4725,True,14.0,19.0,75.236,84.486,False,,,0.0,0.0
2023-05-08,24,29.625,False,,,0.0,0.0,True,13.0,20.0,25.578500000000005,34.828500000000005,True,13.0,19.0,29.39500000000001,38.64500000000001,True,13.0,19.0,29.39500000000001,38.64500000000001,True,14.0,18.0,10.194000000000003,19.444000000000003,False,,,0.0,0.0
2023-05-09,24,32.480500000000006,False,,,0.0,0.0,True,14.0,19.0,26.100499999999997,35.3505,True,13.0,19.0,32.480500000000006,41.730500000000006,True,13.0,19.0,32.480500000000006,41.730500000000006,True,3.0,19.0,10.220500000000001,19.4705,False,,,0.0,0.0
2023-05-10,24,29.926500000000004,False,,,0.0,0.0,True,13.0,19.0,17.162999999999997,26.412999999999997,True,3.0,20.0,29.926500000000004,39.176500000000004,False,,,0.0,0.0,True,14.0,19.0,18.352999999999994,27.602999999999994,False,,,0.0,0.0
2023-05-11,24,37.363,False,,,0.0,0.0,True,3.0,20.0,6.3500000000000085,15.600000000000009,True,2.0,19.0,19.700000000000003,28.950000000000003,False,,,0.0,0.0,True,14.0,19.0,16.33,25.58,False,,,0.0,0.0
2023-05-12,24,24.033,False,,,0.0,0.0,True,2.0,8.0,18.192999999999984,27.442999999999984,True,3.0,8.0,18.032999999999987,27.282999999999987,False,,,0.0,0.0,True,2.0,8.0,18.192999999999984,27.442999999999984,False,,,0.0,0.0
2023-05-13,24,87.112,False,,,0.0,0.0,True,14.0,20.0,87.112,96.362,True,14.0,19.0,80.142,89.392,True,14.0,19.0,80.142,89.392,True,14.0,19.0,80.142,89.392,False,,,0.0,0.0
2023-05-14,24,99.3815,False,,,0.0,0.0,True,14.0,20.0,98.6505,107.9005,True,12.0,20.0,89.08049999999999,98.33049999999999,True,12.0,20.0,89.08049999999999,98.33049999999999,True,14.0,20.0,98.6505,107.9005,False,,,0.0,0.0
2023-05-15,24,30.681499999999986,False,,,0.0,0.0,True,14.0,21.0,6.78949999999999,16.03949999999999,True,14.0,20.0,13.351499999999987,22.601499999999987,False,,,0.0,0.0,True,15.0,19.0,6.442999999999998,15.692999999999998,False,,,0.0,0.0
2023-05-16,24,71.73649999999999,False,,,0.0,0.0,True,2.0,7.0,18.481499999999983,27.731499999999983,True,15.0,20.0,71.73649999999999,80.98649999999999,True,15.0,20.0,71.73649999999999,80.98649999999999,True,2.0,8.0,22.349000000000004,31.599000000000004,False,,,0.0,0.0
2023-05-17,24,95.655,False,,,0.0,0.0,True,15.0,20.0,94.155,103.405,True,14.0,20.0,95.655,104.905,True,14.0,20.0,95.655,104.905,True,3.0,8.0,14.241499999999988,23.491499999999988,False,,,0.0,0.0
2023-05-18,24,68.32950000000001,False,,,0.0,0.0,True,14.0,20.0,68.32950000000001,77.57950000000001,True,13.0,19.0,45.4305,54.6805,True,13.0,19.0,45.4305,54.6805,True,14.0,20.0,68.32950000000001,77.57950000000001,False,,,0.0,0.0
2023-05-19,24,31.806500000000007,False,,,0.0,0.0,True,14.0,20.0,31.36050000000001,40.61050000000001,True,14.0,20.0,31.36050000000001,40.61050000000001,False,,,0.0,0.0,True,14.0,20.0,31.36050000000001,40.61050000000001,False,,,0.0,0.0
2023-05-20,24,66.7165,False,,,0.0,0.0,True,13.0,19.0,58.69399999999999,67.94399999999999,True,13.0,20.0,66.55649999999999,75.80649999999999,True,13.0,20.0,66.55649999999999,75.80649999999999,True,14.0,20.0,65.3765,74.6265,False,,,0.0,0.0
2023-05-21,24,109.47,False,,,0.0,0.0,True,12.0,20.0,75.90950000000001,85.15950000000001,True,13.0,20.0,93.01950000000001,102.26950000000001,True,13.0,20.0,93.01950000000001,102.26950000000001,True,10.0,20.0,67.9895,77.2395,False,,,0.0,0.0
2023-05-22,24,60.47449999999998,False,,,0.0,0.0,True,14.0,21.0,29.024,38.274,True,13.0,19.0,48.31099999999999,57.56099999999999,True,13.0,19.0,48.31099999999999,57.56099999999999,True,3.0,19.0,35.571,44.821,False,,,0.0,0.0
2023-05-23,24,75.04899999999999,False,,,0.0,0.0,True,13.0,20.0,52.517500000000005,61.767500000000005,True,16.0,20.0,63.7475,72.9975,True,16.0,20.0,63.7475,72.9975,True,14.0,20.0,71.00750000000001,80.25750000000001,False,,,0.0,0.0
2023-05-24,24,70.898,False,,,0.0,0.0,True,15.0,21.0,33.17349999999999,42.42349999999999,True,16.0,20.0,50.428,59.678,False,,,0.0,0.0,True,14.0,19.0,60.516000000000005,69.766,False,,,0.0,0.0
2023-05-25,24,86.56,False,,,0.0,0.0,True,2.0,20.0,5.8799999999999955,15.129999999999995,True,13.0,20.0,80.13,89.38,True,13.0,20.0,80.13,89.38,True,14.0,20.0,76.57,85.82,False,,,0.0,0.0
2023-05-26,24,89.027,False,,,0.0,0.0,True,15.0,20.0,88.95700000000001,98.20700000000001,True,14.0,20.0,89.027,98.277,True,14.0,20.0,89.027,98.277,True,14.0,20.0,89.027,98.277,False,,,0.0,0.0
2023-05-27,24,102.9705,False,,,0.0,0.0,True,14.0,20.0,99.3305,108.5805,True,13.0,20.0,102.9705,112.2205,True,13.0,20.0,102.9705,112.2205,True,13.0,20.0,102.9705,112.2205,False,,,0.0,0.0
2023-05-28,24,188.7185,False,,,0.0,0.0,True,13.0,20.0,188.6685,197.9185,True,13.0,20.0,188.6685,197.9185,True,13.0,20.0,188.6685,197.9185,True,14.0,20.0,188.7185,197.9685,True,14.0,20.0,188.7185,197.9685
2023-05-29,24,173.19799999999998,False,,,0.0,0.0,True,14.0,20.0,171.3875,180.6375,True,12.0,20.0,116.95750000000001,126.20750000000001,True,12.0,20.0,116.95750000000001,126.20750000000001,True,12.0,20.0,116.95750000000001,126.20750000000001,False,,,0.0,0.0
2023-05-30,24,65.64600000000002,False,,,0.0,0.0,True,14.0,21.0,41.1745,50.4245,True,14.0,20.0,65.64600000000002,74.89600000000002,True,15.0,20.0,59.46600000000001,68.71600000000001,True,16.0,20.0,50.05600000000001,59.30600000000001,False,,,0.0,0.0
2023-05-31,24,93.22,False,,,0.0,0.0,True,14.0,20.0,93.22,102.47,True,14.0,20.0,93.22,102.47,True,14.0,20.0,93.22,102.47,True,14.0,20.0,93.22,102.47,False,,,0.0,0.0
2023-06-01,24,89.774,False,,,0.0,0.0,True,14.0,20.0,89.774,99.024,True,14.0,20.0,89.774,99.024,True,14.0,20.0,89.774,99.024,True,15.0,20.0,79.43400000000001,88.68400000000001,False,,,0.0,0.0
2023-06-02,24,47.855,False,,,0.0,0.0,True,14.0,20.0,47.855,57.105,True,14.0,20.0,47.855,57.105,True,14.0,20.0,47.855,57.105,True,14.0,20.0,47.855,57.105,False,,,0.0,0.0
2023-06-03,24,76.325,False,,,0.0,0.0,True,14.0,20.0,74.805,84.055,True,13.0,20.0,76.325,85.575,True,13.0,20.0,76.325,85.575,True,14.0,20.0,74.805,84.055,False,,,0.0,0.0
2023-06-04,24,120.42150000000001,False,,,0.0,0.0,True,13.0,20.0,113.5215,122.7715,True,13.0,20.0,113.5215,122.7715,True,13.0,20.0,113.5215,122.7715,True,13.0,20.0,113.5215,122.7715,False,,,0.0,0.0
2023-06-05,24,56.444500000000005,False,,,0.0,0.0,True,14.0,20.0,56.444500000000005,65.6945,True,15.0,20.0,54.664500000000004,63.914500000000004,True,15.0,20.0,54.664500000000004,63.914500000000004,True,11.0,20.0,54.4345,63.6845,False,,,0.0,0.0
2023-06-06,24,49.67999999999999,False,,,0.0,0.0,True,14.0,20.0,49.67999999999999,58.92999999999999,True,13.0,20.0,45.69999999999999,54.94999999999999,True,13.0,20.0,45.69999999999999,54.94999999999999,True,13.0,20.0,45.69999999999999,54.94999999999999,False,,,0.0,0.0
2023-06-07,24,39.844999999999985,False,,,0.0,0.0,True,14.0,20.0,39.844999999999985,49.094999999999985,True,15.0,20.0,37.24499999999999,46.49499999999999,True,15.0,20.0,37.24499999999999,46.49499999999999,True,14.0,20.0,39.844999999999985,49.094999999999985,False,,,0.0,0.0
2023-06-08,24,23.673999999999992,False,,,0.0,0.0,True,14.0,20.0,23.453999999999994,32.70399999999999,True,13.0,20.0,23.673999999999992,32.92399999999999,True,13.0,20.0,23.673999999999992,32.92399999999999,True,14.0,20.0,23.453999999999994,32.70399999999999,False,,,0.0,0.0
2023-06-09,24,17.1725,False,,,0.0,0.0,True,13.0,20.0,16.2325,25.4825,True,14.0,20.0,17.1725,26.4225,True,14.0,20.0,17.1725,26.4225,True,14.0,20.0,17.1725,26.4225,False,,,0.0,0.0
2023-06-10,24,84.01599999999999,False,,,0.0,0.0,True,14.0,20.0,83.9395,93.1895,True,14.0,20.0,83.9395,93.1895,True,14.0,20.0,83.9395,93.1895,True,14.0,20.0,83.9395,93.1895,False,,,0.0,0.0
2023-06-11,24,116.64750000000001,False,,,0.0,0.0,True,14.0,19.0,110.62349999999999,119.87349999999999,True,14.0,20.0,116.6075,125.8575,True,14.0,20.0,116.6075,125.8575,True,14.0,20.0,116.6075,125.8575,False,,,0.0,0.0
2023-06-12,24,51.19649999999999,False,,,0.0,0.0,True,13.0,20.0,51.19649999999999,60.44649999999999,True,13.0,20.0,51.19649999999999,60.44649999999999,True,13.0,20.0,51.19649999999999,60.44649999999999,True,3.0,19.0,22.203999999999994,31.453999999999994,False,,,0.0,0.0
2023-06-13,24,44.318,False,,,0.0,0.0,True,13.0,20.0,42.617999999999995,51.867999999999995,True,14.0,20.0,44.318,53.568,True,14.0,20.0,44.318,53.568,True,13.0,20.0,42.617999999999995,51.867999999999995,False,,,0.0,0.0
2023-06-14,24,45.97300000000001,False,,,0.0,0.0,True,14.0,20.0,42.173,51.423,True,13.0,20.0,44.85300000000001,54.10300000000001,True,13.0,20.0,44.85300000000001,54.10300000000001,True,14.0,20.0,42.173,51.423,False,,,0.0,0.0
2023-06-15,24,53.138000000000005,False,,,0.0,0.0,True,12.0,20.0,50.89800000000001,60.14800000000001,True,13.0,20.0,53.138000000000005,62.388000000000005,True,13.0,20.0,53.138000000000005,62.388000000000005,True,14.0,20.0,53.138000000000005,62.388000000000005,False,,,0.0,0.0
2023-06-16,24,40.27499999999998,False,,,0.0,0.0,True,13.0,20.0,38.184999999999974,47.434999999999974,True,14.0,21.0,36.271499999999975,45.521499999999975,True,14.0,21.0,36.271499999999975,45.521499999999975,True,14.0,20.0,40.27499999999998,49.52499999999998,False,,,0.0,0.0
2023-06-17,24,83.12,False,,,0.0,0.0,True,14.0,20.0,76.2945,85.5445,True,14.0,20.0,76.2945,85.5445,True,14.0,20.0,76.2945,85.5445,True,14.0,20.0,76.2945,85.5445,False,,,0.0,0.0
2023-06-18,24,84.9725,False,,,0.0,0.0,True,14.0,21.0,82.6095,91.8595,True,14.0,21.0,82.6095,91.8595,True,14.0,21.0,82.6095,91.8595,True,14.0,21.0,82.6095,91.8595,True,14.0,21.0,82.6095,91.8595
2023-06-19,24,70.4245,False,,,0.0,0.0,True,14.0,20.0,70.4245,79.6745,True,14.0,21.0,54.02799999999999,63.27799999999999,True,14.0,21.0,54.02799999999999,63.27799999999999,True,14.0,20.0,70.4245,79.6745,False,,,0.0,0.0
2023-06-20,24,36.44800000000001,False,,,0.0,0.0,True,14.0,20.0,36.44800000000001,45.69800000000001,True,14.0,20.0,36.44800000000001,45.69800000000001,True,14.0,20.0,36.44800000000001,45.69800000000001,True,2.0,20.0,26.878000000000014,36.128000000000014,True,2.0,20.0,26.878000000000014,36.128000000000014
2023-06-21,24,60.4935,False,,,0.0,0.0,True,14.0,20.0,60.4935,69.7435,True,15.0,20.0,54.9735,64.2235,True,15.0,20.0,54.9735,64.2235,True,3.0,20.0,48.92349999999999,58.17349999999999,False,,,0.0,0.0
2023-06-22,24,18.10550000000002,False,,,0.0,0.0,True,14.0,20.0,16.040000000000006,25.290000000000006,True,3.0,20.0,11.159999999999997,20.409999999999997,True,3.0,20.0,11.159999999999997,20.409999999999997,True,3.0,20.0,11.159999999999997,20.409999999999997,False,,,0.0,0.0
2023-06-23,24,27.985,False,,,0.0,0.0,True,14.0,19.0,20.980999999999995,30.230999999999995,True,2.0,20.0,15.49499999999999,24.74499999999999,True,2.0,20.0,15.49499999999999,24.74499999999999,True,4.0,8.0,11.049500000000009,20.29950000000001,False,,,0.0,0.0
2023-06-24,24,118.55199999999999,False,,,0.0,0.0,True,15.0,20.0,100.97399999999999,110.22399999999999,True,13.0,20.0,109.07399999999998,118.32399999999998,True,13.0,20.0,109.07399999999998,118.32399999999998,True,14.0,20.0,110.66399999999999,119.91399999999999,False,,,0.0,0.0
2023-06-25,24,129.774,False,,,0.0,0.0,True,14.0,21.0,129.774,139.024,True,13.0,21.0,129.774,139.024,True,13.0,21.0,129.774,139.024,True,14.0,21.0,129.774,139.024,True,14.0,21.0,129.774,139.024
2023-06-26,24,49.7845,False,,,0.0,0.0,True,13.0,21.0,39.22599999999999,48.47599999999999,True,15.0,21.0,43.95599999999999,53.20599999999999,True,15.0,21.0,43.95599999999999,53.20599999999999,True,14.0,21.0,47.05599999999999,56.30599999999999,False,,,0.0,0.0
2023-06-27,24,41.861499999999985,False,,,0.0,0.0,True,14.0,22.0,28.930999999999997,38.181,True,15.0,21.0,24.005499999999998,33.2555,True,15.0,21.0,24.005499999999998,33.2555,True,15.0,20.0,27.371499999999983,36.62149999999998,False,,,0.0,0.0
2023-06-28,24,46.937,False,,,0.0,0.0,True,13.0,20.0,35.807,45.057,True,13.0,20.0,35.807,45.057,True,13.0,20.0,35.807,45.057,True,13.0,20.0,35.807,45.057,False,,,0.0,0.0
2023-06-29,24,38.51300000000002,False,,,0.0,0.0,True,3.0,20.0,38.51300000000002,47.76300000000002,True,14.0,20.0,37.99300000000002,47.24300000000002,True,14.0,20.0,37.99300000000002,47.24300000000002,True,2.0,20.0,34.87300000000002,44.12300000000002,False,,,0.0,0.0
2023-06-30,24,15.705500000000015,False,,,0.0,0.0,True,3.0,20.0,6.525500000000008,15.775500000000008,True,15.0,20.0,14.165500000000009,23.41550000000001,True,15.0,20.0,14.165500000000009,23.41550000000001,True,14.0,20.0,15.705500000000015,24.955500000000015,False,,,0.0,0.0
2023-07-01,24,69.70450000000001,False,,,0.0,0.0,True,14.0,20.0,66.84,76.09,True,13.0,20.0,62.47999999999999,71.72999999999999,True,13.0,20.0,62.47999999999999,71.72999999999999,True,14.0,21.0,69.5515,78.8015,False,,,0.0,0.0
2023-07-02,24,571.415,False,,,0.0,0.0,True,14.0,22.0,571.415,580.665,True,13.0,22.0,338.33500000000004,347.58500000000004,True,13.0,22.0,338.33500000000004,347.58500000000004,True,13.0,21.0,330.43850000000003,339.68850000000003,False,,,0.0,0.0
2023-07-03,24,105.3065,False,,,0.0,0.0,True,14.0,22.0,98.7855,108.0355,True,12.0,21.0,102.5265,111.7765,True,12.0,21.0,102.5265,111.7765,True,6.0,22.0,7.795500000000004,17.045500000000004,False,,,0.0,0.0
2023-07-04,24,138.5815,False,,,0.0,0.0,True,13.0,21.0,136.8305,146.0805,True,14.0,20.0,128.7315,137.9815,True,14.0,20.0,128.7315,137.9815,True,4.0,8.0,15.536500000000004,24.786500000000004,False,,,0.0,0.0
2023-07-05,24,105.01749999999998,False,,,0.0,0.0,True,13.0,20.0,94.514,103.764,True,15.0,21.0,104.9875,114.2375,True,15.0,21.0,104.9875,114.2375,True,11.0,20.0,53.22399999999999,62.47399999999999,False,,,0.0,0.0
2023-07-06,24,70.84049999999998,False,,,0.0,0.0,True,14.0,21.0,68.881,78.131,True,13.0,20.0,70.84049999999998,80.09049999999998,True,13.0,20.0,70.84049999999998,80.09049999999998,True,15.0,20.0,63.21049999999998,72.46049999999998,False,,,0.0,0.0
2023-07-07,24,73.02399999999999,False,,,0.0,0.0,True,13.0,20.0,71.434,80.684,True,13.0,20.0,71.434,80.684,True,13.0,20.0,71.434,80.684,True,13.0,20.0,71.434,80.684,False,,,0.0,0.0
2023-07-08,24,86.971,False,,,0.0,0.0,True,14.0,20.0,83.46599999999998,92.71599999999998,True,13.0,20.0,83.48599999999999,92.73599999999999,True,13.0,20.0,83.48599999999999,92.73599999999999,True,13.0,20.0,83.48599999999999,92.73599999999999,True,13.0,20.0,83.48599999999999,92.73599999999999
2023-07-09,24,67.74499999999998,False,,,0.0,0.0,True,13.0,21.0,67.74499999999998,76.99499999999998,True,13.0,21.0,67.74499999999998,76.99499999999998,True,13.0,21.0,67.74499999999998,76.99499999999998,True,13.0,20.0,66.06200000000001,75.31200000000001,True,13.0,20.0,66.06200000000001,75.31200000000001
2023-07-10,24,71.58949999999999,False,,,0.0,0.0,True,13.0,21.0,63.64949999999999,72.89949999999999,True,15.0,21.0,71.58949999999999,80.83949999999999,True,15.0,21.0,71.58949999999999,80.83949999999999,True,14.0,21.0,69.32949999999998,78.57949999999998,False,,,0.0,0.0
2023-07-11,24,98.2015,False,,,0.0,0.0,True,15.0,21.0,38.849999999999994,48.099999999999994,True,14.0,20.0,97.2015,106.4515,True,14.0,20.0,97.2015,106.4515,True,15.0,21.0,38.849999999999994,48.099999999999994,False,,,0.0,0.0
2023-07-12,24,106.93649999999998,False,,,0.0,0.0,True,13.0,20.0,102.15099999999998,111.40099999999998,True,14.0,20.0,95.74099999999999,104.99099999999999,True,14.0,20.0,95.74099999999999,104.99099999999999,True,13.0,20.0,102.15099999999998,111.40099999999998,True,13.0,20.0,102.15099999999998,111.40099999999998
2023-07-13,24,57.936499999999995,False,,,0.0,0.0,True,13.0,21.0,47.17649999999999,56.42649999999999,True,15.0,21.0,45.82649999999999,55.07649999999999,True,15.0,21.0,45.82649999999999,55.07649999999999,True,13.0,21.0,47.17649999999999,56.42649999999999,False,,,0.0,0.0
2023-07-14,24,39.921499999999995,False,,,0.0,0.0,True,14.0,21.0,20.951999999999998,30.201999999999998,True,14.0,21.0,20.951999999999998,30.201999999999998,True,14.0,21.0,20.951999999999998,30.201999999999998,True,14.0,21.0,20.951999999999998,30.201999999999998,False,,,0.0,0.0
2023-07-15,24,66.886,False,,,0.0,0.0,True,13.0,19.0,62.43299999999999,71.68299999999999,True,13.0,20.0,65.98599999999999,75.23599999999999,True,13.0,20.0,65.98599999999999,75.23599999999999,True,13.0,19.0,62.43299999999999,71.68299999999999,False,,,0.0,0.0
2023-07-16,24,148.013,False,,,0.0,0.0,True,14.0,20.0,136.436,145.686,True,16.0,21.0,110.14849999999998,119.39849999999998,True,16.0,21.0,110.14849999999998,119.39849999999998,True,13.0,20.0,126.48599999999999,135.736,False,,,0.0,0.0
2023-07-17,24,97.0,False,,,0.0,0.0,True,14.0,22.0,97.0,106.25,True,14.0,21.0,96.4135,105.6635,True,14.0,21.0,96.4135,105.6635,True,4.0,20.0,1.972999999999999,11.222999999999999,False,,,0.0,0.0
2023-07-18,24,71.73999999999998,False,,,0.0,0.0,True,14.0,22.0,19.090999999999994,28.340999999999994,True,13.0,20.0,69.36999999999998,78.61999999999998,True,13.0,20.0,69.36999999999998,78.61999999999998,True,14.0,20.0,60.51999999999998,69.76999999999998,False,,,0.0,0.0
2023-07-19,24,37.803000000000004,False,,,0.0,0.0,True,11.0,20.0,19.30300000000001,28.55300000000001,True,14.0,20.0,37.57300000000001,46.82300000000001,True,14.0,20.0,37.57300000000001,46.82300000000001,True,12.0,20.0,23.213000000000008,32.46300000000001,False,,,0.0,0.0
2023-07-20,24,43.357500000000016,False,,,0.0,0.0,True,15.0,20.0,38.65750000000001,47.90750000000001,True,14.0,20.0,42.797500000000014,52.047500000000014,True,14.0,20.0,42.797500000000014,52.047500000000014,True,15.0,20.0,38.65750000000001,47.90750000000001,False,,,0.0,0.0
2023-07-21,24,26.994500000000002,False,,,0.0,0.0,True,13.0,20.0,18.783,28.033,True,14.0,21.0,13.041499999999985,22.291499999999985,False,,,0.0,0.0,True,14.0,20.0,19.322999999999993,28.572999999999993,False,,,0.0,0.0
2023-07-22,24,72.1675,False,,,0.0,0.0,True,3.0,7.0,-30.357,-21.107,True,13.0,21.0,69.3475,78.5975,True,13.0,21.0,69.3475,78.5975,True,14.0,20.0,62.0355,71.2855,False,,,0.0,0.0
2023-07-23,24,87.631,False,,,0.0,0.0,True,14.0,21.0,80.91600000000001,90.16600000000001,True,14.0,21.0,80.91600000000001,90.16600000000001,True,14.0,21.0,80.91600000000001,90.16600000000001,True,14.0,21.0,80.91600000000001,90.16600000000001,False,,,0.0,0.0
2023-07-24,24,27.71099999999999,False,,,0.0,0.0,True,14.0,22.0,3.3045000000000044,12.554500000000004,True,2.0,20.0,22.450999999999993,31.700999999999993,False,,,0.0,0.0,True,14.0,22.0,3.3045000000000044,12.554500000000004,False,,,0.0,0.0
2023-07-25,24,34.915000000000006,False,,,0.0,0.0,True,16.0,20.0,1.813999999999993,11.063999999999993,True,3.0,20.0,5.103999999999999,14.354,False,,,0.0,0.0,True,16.0,20.0,1.813999999999993,11.063999999999993,False,,,0.0,0.0
2023-07-26,24,23.812999999999988,False,,,0.0,0.0,True,2.0,8.0,7.127499999999998,16.377499999999998,True,2.0,8.0,7.127499999999998,16.377499999999998,False,,,0.0,0.0,True,2.0,8.0,7.127499999999998,16.377499999999998,False,,,0.0,0.0
2023-07-27,24,19.097499999999997,False,,,0.0,0.0,True,15.0,20.0,2.8744999999999976,12.124499999999998,True,3.0,8.0,8.344999999999999,17.595,False,,,0.0,0.0,True,15.0,20.0,2.8744999999999976,12.124499999999998,False,,,0.0,0.0
2023-07-28,24,25.599999999999994,False,,,0.0,0.0,True,3.0,19.0,15.623999999999995,24.873999999999995,True,2.0,19.0,16.694000000000003,25.944000000000003,False,,,0.0,0.0,True,3.0,19.0,15.623999999999995,24.873999999999995,False,,,0.0,0.0
2023-07-29,24,58.17899999999999,False,,,0.0,0.0,True,14.0,20.0,57.4905,66.7405,True,14.0,20.0,57.4905,66.7405,True,14.0,20.0,57.4905,66.7405,True,14.0,20.0,57.4905,66.7405,False,,,0.0,0.0
2023-07-30,24,112.55099999999999,False,,,0.0,0.0,True,14.0,21.0,112.55099999999999,121.80099999999999,True,15.0,21.0,105.96099999999998,115.21099999999998,True,15.0,21.0,105.96099999999998,115.21099999999998,True,14.0,22.0,111.361,120.611,False,,,0.0,0.0
2023-07-31,24,46.814499999999995,False,,,0.0,0.0,True,14.0,21.0,15.972499999999997,25.222499999999997,True,3.0,20.0,45.424499999999995,54.674499999999995,True,3.0,20.0,45.424499999999995,54.674499999999995,True,16.0,20.0,8.064499999999995,17.314499999999995,False,,,0.0,0.0
2023-08-01,24,28.959000000000003,False,,,0.0,0.0,True,4.0,20.0,25.3555,34.6055,True,3.0,8.0,17.959999999999994,27.209999999999994,True,3.0,8.0,17.959999999999994,27.209999999999994,True,4.0,19.0,14.4925,23.7425,False,,,0.0,0.0
2023-08-02,24,40.842,False,,,0.0,0.0,True,3.0,21.0,-9.365499999999997,-0.11549999999999727,True,2.0,8.0,4.744500000000002,13.994500000000002,False,,,0.0,0.0,True,3.0,20.0,-6.730499999999992,2.519500000000008,False,,,0.0,0.0
2023-08-03,24,69.5985,False,,,0.0,0.0,True,15.0,19.0,54.021,63.271,True,14.0,20.0,55.43000000000001,64.68,True,14.0,20.0,55.43000000000001,64.68,True,14.0,19.0,54.291000000000004,63.541000000000004,False,,,0.0,0.0
2023-08-04,24,32.500000000000014,False,,,0.0,0.0,True,2.0,21.0,19.437499999999986,28.687499999999986,True,15.0,20.0,32.500000000000014,41.750000000000014,False,,,0.0,0.0,True,15.0,19.0,28.301000000000016,37.551000000000016,False,,,0.0,0.0
2023-08-05,24,42.35150000000001,False,,,0.0,0.0,True,15.0,20.0,34.54150000000001,43.79150000000001,True,14.0,20.0,42.35150000000001,51.60150000000001,False,,,0.0,0.0,True,14.0,19.0,37.34499999999999,46.59499999999999,False,,,0.0,0.0
2023-08-06,24,47.2375,False,,,0.0,0.0,True,14.0,20.0,44.11249999999999,53.36249999999999,True,14.0,19.0,40.5085,49.7585,False,,,0.0,0.0,True,13.0,20.0,44.00249999999999,53.25249999999999,False,,,0.0,0.0
2023-08-07,24,53.092999999999996,False,,,0.0,0.0,True,15.0,21.0,36.2955,45.5455,True,16.0,20.0,21.1735,30.4235,True,16.0,20.0,21.1735,30.4235,True,15.0,19.0,12.3765,21.6265,False,,,0.0,0.0
2023-08-08,24,88.323,False,,,0.0,0.0,True,5.0,7.0,5.0120000000000005,14.262,True,15.0,20.0,78.21600000000001,87.46600000000001,True,15.0,20.0,78.21600000000001,87.46600000000001,True,3.0,7.0,8.841999999999999,18.092,False,,,0.0,0.0
2023-08-09,24,66.94800000000001,False,,,0.0,0.0,True,14.0,21.0,60.607,69.857,True,14.0,20.0,66.94800000000001,76.19800000000001,False,,,0.0,0.0,True,15.0,19.0,34.333499999999994,43.583499999999994,False,,,0.0,0.0
2023-08-10,24,124.91000000000003,False,,,0.0,0.0,True,14.0,20.0,119.06,128.31,True,14.0,20.0,119.06,128.31,True,14.0,20.0,119.06,128.31,True,14.0,20.0,119.06,128.31,False,,,0.0,0.0
2023-08-11,24,102.221,False,,,0.0,0.0,True,13.0,20.0,102.221,111.471,True,13.0,20.0,102.221,111.471,True,13.0,20.0,102.221,111.471,True,14.0,20.0,100.201,109.451,True,14.0,20.0,100.201,109.451
2023-08-12,24,80.188,False,,,0.0,0.0,True,13.0,20.0,60.725999999999985,69.97599999999998,True,14.0,20.0,79.23599999999999,88.48599999999999,True,14.0,20.0,79.23599999999999,88.48599999999999,True,14.0,20.0,79.23599999999999,88.48599999999999,True,14.0,20.0,79.23599999999999,88.48599999999999
2023-08-13,24,91.8175,False,,,0.0,0.0,True,14.0,21.0,91.29,100.54,True,13.0,20.0,88.30699999999999,97.55699999999999,True,13.0,20.0,88.30699999999999,97.55699999999999,True,14.0,20.0,87.907,97.157,False,,,0.0,0.0
2023-08-14,24,78.19149999999999,False,,,0.0,0.0,True,13.0,22.0,21.411499999999997,30.661499999999997,True,13.0,21.0,38.30100000000001,47.55100000000001,True,13.0,21.0,38.30100000000001,47.55100000000001,True,13.0,21.0,38.30100000000001,47.55100000000001,False,,,0.0,0.0
2023-08-15,24,88.42850000000001,False,,,0.0,0.0,True,13.0,19.0,66.92099999999999,76.17099999999999,True,13.0,19.0,66.92099999999999,76.17099999999999,True,13.0,19.0,66.92099999999999,76.17099999999999,True,13.0,19.0,66.92099999999999,76.17099999999999,False,,,0.0,0.0
2023-08-16,24,39.8655,False,,,0.0,0.0,True,14.0,20.0,36.945499999999996,46.195499999999996,True,14.0,20.0,36.945499999999996,46.195499999999996,False,,,0.0,0.0,True,14.0,20.0,36.945499999999996,46.195499999999996,False,,,0.0,0.0
2023-08-17,24,28.80549999999998,False,,,0.0,0.0,True,13.0,20.0,24.546999999999997,33.797,True,14.0,20.0,24.546999999999997,33.797,False,,,0.0,0.0,True,14.0,20.0,24.546999999999997,33.797,False,,,0.0,0.0
2023-08-18,24,45.07300000000001,False,,,0.0,0.0,True,13.0,19.0,45.07300000000001,54.32300000000001,True,12.0,19.0,41.643,50.893,True,12.0,19.0,41.643,50.893,True,13.0,19.0,45.07300000000001,54.32300000000001,False,,,0.0,0.0
2023-08-19,24,90.81049999999999,False,,,0.0,0.0,True,13.0,19.0,86.5175,95.7675,True,11.0,20.0,58.7315,67.9815,True,11.0,20.0,58.7315,67.9815,True,13.0,19.0,86.5175,95.7675,False,,,0.0,0.0
2023-08-20,24,96.5,False,,,0.0,0.0,True,14.0,21.0,95.51899999999999,104.76899999999999,True,13.0,20.0,96.5,105.75,True,13.0,20.0,96.5,105.75,True,13.0,19.0,86.98,96.23,False,,,0.0,0.0
2023-08-21,24,73.72249999999998,False,,,0.0,0.0,True,13.0,20.0,73.72249999999998,82.97249999999998,True,14.0,20.0,68.58249999999998,77.83249999999998,True,14.0,20.0,68.58249999999998,77.83249999999998,True,13.0,20.0,73.72249999999998,82.97249999999998,False,,,0.0,0.0
2023-08-22,24,73.81799999999998,False,,,0.0,0.0,True,13.0,20.0,73.67799999999998,82.92799999999998,True,13.0,20.0,73.67799999999998,82.92799999999998,True,13.0,20.0,73.67799999999998,82.92799999999998,True,15.0,20.0,69.09799999999998,78.34799999999998,False,,,0.0,0.0
2023-08-23,24,141.34050000000002,False,,,0.0,0.0,True,14.0,20.0,141.34050000000002,150.59050000000002,True,14.0,20.0,141.34050000000002,150.59050000000002,True,14.0,20.0,141.34050000000002,150.59050000000002,True,13.0,20.0,140.03050000000002,149.28050000000002,False,,,0.0,0.0
2023-08-24,24,108.44350000000001,False,,,0.0,0.0,True,14.0,20.0,91.25649999999997,100.50649999999997,True,13.0,20.0,95.16649999999997,104.41649999999997,True,13.0,20.0,95.16649999999997,104.41649999999997,True,3.0,20.0,88.06649999999998,97.31649999999998,True,3.0,20.0,88.06649999999998,97.31649999999998
2023-08-25,24,34.551,False,,,0.0,0.0,True,13.0,19.0,27.820999999999998,37.071,True,14.0,19.0,32.241,41.491,True,14.0,19.0,32.241,41.491,True,13.0,19.0,27.820999999999998,37.071,True,13.0,19.0,27.820999999999998,37.071
2023-08-26,24,59.247000000000014,False,,,0.0,0.0,True,15.0,19.0,15.466999999999985,24.716999999999985,True,13.0,20.0,56.85849999999999,66.10849999999999,True,13.0,20.0,56.85849999999999,66.10849999999999,True,15.0,20.0,22.5985,31.8485,False,,,0.0,0.0
2023-08-27,24,12.910499999999999,False,,,0.0,0.0,True,13.0,21.0,11.219000000000008,20.46900000000001,True,13.0,21.0,11.219000000000008,20.46900000000001,False,,,0.0,0.0,True,13.0,21.0,11.219000000000008,20.46900000000001,False,,,0.0,0.0
2023-08-28,24,58.80600000000001,False,,,0.0,0.0,True,13.0,19.0,39.21600000000001,48.46600000000001,True,2.0,19.0,54.46600000000001,63.71600000000001,True,2.0,19.0,54.46600000000001,63.71600000000001,False,,,0.0,0.0,False,,,0.0,0.0
2023-08-29,24,41.74849999999999,False,,,0.0,0.0,True,3.0,19.0,41.74849999999999,50.99849999999999,True,3.0,19.0,41.74849999999999,50.99849999999999,True,3.0,19.0,41.74849999999999,50.99849999999999,True,3.0,19.0,41.74849999999999,50.99849999999999,False,,,0.0,0.0
2023-08-30,24,40.30849999999998,False,,,0.0,0.0,True,2.0,19.0,38.048499999999976,47.298499999999976,True,14.0,19.0,40.30849999999998,49.55849999999998,True,14.0,19.0,40.30849999999998,49.55849999999998,True,14.0,19.0,40.30849999999998,49.55849999999998,False,,,0.0,0.0
2023-08-31,24,30.757500000000007,False,,,0.0,0.0,True,14.0,19.0,30.757500000000007,40.00750000000001,True,14.0,19.0,30.757500000000007,40.00750000000001,True,14.0,19.0,30.757500000000007,40.00750000000001,True,3.0,19.0,26.20750000000001,35.45750000000001,False,,,0.0,0.0
2023-09-01,24,30.641999999999996,False,,,0.0,0.0,True,14.0,19.0,30.311999999999998,39.562,True,2.0,20.0,22.698999999999998,31.948999999999998,False,,,0.0,0.0,True,4.0,7.0,5.83550000000001,15.08550000000001,False,,,0.0,0.0
2023-09-02,24,43.18,False,,,0.0,0.0,True,13.0,19.0,31.2815,40.5315,True,14.0,19.0,38.9215,48.1715,True,14.0,19.0,38.9215,48.1715,True,13.0,19.0,31.2815,40.5315,False,,,0.0,0.0
2023-09-03,24,103.6115,False,,,0.0,0.0,True,14.0,20.0,103.6115,112.8615,True,14.0,19.0,92.22149999999999,101.47149999999999,True,14.0,19.0,92.22149999999999,101.47149999999999,True,14.0,19.0,92.22149999999999,101.47149999999999,False,,,0.0,0.0
2023-09-04,24,87.24799999999998,False,,,0.0,0.0,True,14.0,20.0,65.5645,74.8145,True,13.0,20.0,65.0945,74.3445,True,13.0,20.0,65.0945,74.3445,True,14.0,20.0,65.5645,74.8145,False,,,0.0,0.0
2023-09-05,24,72.8395,False,,,0.0,0.0,True,14.0,19.0,70.7595,80.0095,True,13.0,19.0,72.8395,82.0895,True,13.0,19.0,72.8395,82.0895,True,14.0,19.0,70.7595,80.0095,False,,,0.0,0.0
2023-09-06,24,78.6755,False,,,0.0,0.0,True,13.0,19.0,78.6755,87.9255,True,13.0,19.0,78.6755,87.9255,True,13.0,19.0,78.6755,87.9255,True,14.0,19.0,76.6255,85.8755,False,,,0.0,0.0
2023-09-07,24,67.72950000000002,False,,,0.0,0.0,True,13.0,19.0,67.72950000000002,76.97950000000002,True,14.0,19.0,62.74950000000001,71.99950000000001,True,14.0,19.0,62.74950000000001,71.99950000000001,True,14.0,19.0,62.74950000000001,71.99950000000001,False,,,0.0,0.0
2023-09-08,24,115.34,False,,,0.0,0.0,True,13.0,19.0,115.34,124.59,True,13.0,19.0,115.34,124.59,True,13.0,19.0,115.34,124.59,True,13.0,19.0,115.34,124.59,False,,,0.0,0.0
2023-09-09,24,118.59349999999998,False,,,0.0,0.0,True,13.0,19.0,116.6385,125.8885,True,13.0,19.0,116.6385,125.8885,True,13.0,19.0,116.6385,125.8885,True,13.0,19.0,116.6385,125.8885,True,13.0,19.0,116.6385,125.8885
2023-09-10,24,119.86500000000001,False,,,0.0,0.0,True,13.0,20.0,119.83500000000001,129.085,True,13.0,19.0,118.72999999999999,127.97999999999999,True,13.0,19.0,118.72999999999999,127.97999999999999,True,13.0,19.0,118.72999999999999,127.97999999999999,True,13.0,19.0,118.72999999999999,127.97999999999999
2023-09-11,24,349.92949999999996,False,,,0.0,0.0,True,14.0,20.0,282.6605,291.9105,True,14.0,19.0,347.37949999999995,356.62949999999995,True,14.0,19.0,347.37949999999995,356.62949999999995,True,14.0,19.0,347.37949999999995,356.62949999999995,False,,,0.0,0.0
2023-09-12,24,138.57699999999997,False,,,0.0,0.0,True,13.0,19.0,138.57699999999997,147.82699999999997,True,13.0,19.0,138.57699999999997,147.82699999999997,True,13.0,19.0,138.57699999999997,147.82699999999997,True,13.0,19.0,138.57699999999997,147.82699999999997,True,13.0,19.0,138.57699999999997,147.82699999999997
2023-09-13,24,29.205,False,,,0.0,0.0,True,13.0,19.0,28.394999999999996,37.644999999999996,True,3.0,19.0,27.46499999999999,36.71499999999999,True,3.0,19.0,27.46499999999999,36.71499999999999,True,1.0,19.0,21.32499999999999,30.57499999999999,True,1.0,19.0,21.32499999999999,30.57499999999999
2023-09-14,24,102.98899999999999,False,,,0.0,0.0,True,14.0,19.0,102.98899999999999,112.23899999999999,True,13.0,19.0,101.469,110.719,True,13.0,19.0,101.469,110.719,True,14.0,19.0,102.98899999999999,112.23899999999999,False,,,0.0,0.0
2023-09-15,24,89.2495,False,,,0.0,0.0,True,14.0,19.0,80.9495,90.1995,True,14.0,19.0,80.9495,90.1995,True,14.0,19.0,80.9495,90.1995,True,14.0,19.0,80.9495,90.1995,True,14.0,19.0,80.9495,90.1995
2023-09-16,24,112.364,False,,,0.0,0.0,True,13.0,19.0,112.364,121.614,True,13.0,19.0,112.364,121.614,True,13.0,19.0,112.364,121.614,True,13.0,19.0,112.364,121.614,True,13.0,19.0,112.364,121.614
2023-09-17,24,115.78500000000001,False,,,0.0,0.0,True,13.0,19.0,115.78500000000001,125.03500000000001,True,13.0,19.0,115.78500000000001,125.03500000000001,True,13.0,19.0,115.78500000000001,125.03500000000001,True,13.0,19.0,115.78500000000001,125.03500000000001,True,13.0,19.0,115.78500000000001,125.03500000000001
2023-09-18,24,97.82300000000001,False,,,0.0,0.0,True,13.0,19.0,97.82300000000001,107.07300000000001,True,13.0,19.0,97.82300000000001,107.07300000000001,True,13.0,19.0,97.82300000000001,107.07300000000001,True,13.0,19.0,97.82300000000001,107.07300000000001,True,13.0,19.0,97.82300000000001,107.07300000000001
2023-09-19,24,93.747,False,,,0.0,0.0,True,13.0,19.0,93.34700000000001,102.59700000000001,True,14.0,19.0,93.747,102.997,True,14.0,19.0,93.747,102.997,True,13.0,19.0,93.34700000000001,102.59700000000001,False,,,0.0,0.0
2023-09-20,24,162.571,False,,,0.0,0.0,True,14.0,19.0,161.971,171.221,True,13.0,19.0,162.571,171.821,True,13.0,19.0,162.571,171.821,True,3.0,19.0,157.201,166.451,False,,,0.0,0.0
2023-09-21,24,184.577,False,,,0.0,0.0,True,13.0,19.0,147.98700000000002,157.23700000000002,True,3.0,19.0,184.577,193.827,True,3.0,19.0,184.577,193.827,True,2.0,19.0,167.17700000000002,176.42700000000002,True,2.0,19.0,167.17700000000002,176.42700000000002
2023-09-22,24,52.46499999999999,False,,,0.0,0.0,True,3.0,19.0,37.90499999999999,47.15499999999999,True,2.0,19.0,38.614999999999995,47.864999999999995,True,2.0,19.0,38.614999999999995,47.864999999999995,True,3.0,19.0,37.90499999999999,47.15499999999999,True,3.0,19.0,37.90499999999999,47.15499999999999
2023-09-23,24,70.42149999999998,False,,,0.0,0.0,True,14.0,19.0,70.42149999999998,79.67149999999998,True,14.0,19.0,70.42149999999998,79.67149999999998,True,14.0,19.0,70.42149999999998,79.67149999999998,True,14.0,19.0,70.42149999999998,79.67149999999998,True,14.0,19.0,70.42149999999998,79.67149999999998
2023-09-24,24,126.9365,False,,,0.0,0.0,True,14.0,19.0,126.9365,136.1865,True,14.0,19.0,126.9365,136.1865,True,14.0,19.0,126.9365,136.1865,True,14.0,19.0,126.9365,136.1865,True,14.0,19.0,126.9365,136.1865
2023-09-25,24,313.3215,False,,,0.0,0.0,True,14.0,19.0,229.3115,238.5615,True,12.0,19.0,237.3315,246.5815,True,12.0,19.0,237.3315,246.5815,True,13.0,19.0,237.29149999999998,246.54149999999998,True,13.0,19.0,237.29149999999998,246.54149999999998
2023-09-26,24,131.44750000000002,False,,,0.0,0.0,True,3.0,19.0,95.967,105.217,True,4.0,19.0,95.977,105.227,True,4.0,19.0,95.977,105.227,True,4.0,19.0,95.977,105.227,True,4.0,19.0,95.977,105.227
2023-09-27,24,111.10449999999999,False,,,0.0,0.0,True,4.0,7.0,111.10449999999999,120.35449999999999,True,2.0,7.0,109.0045,118.2545,True,2.0,7.0,109.0045,118.2545,True,2.0,7.0,109.0045,118.2545,True,2.0,7.0,109.0045,118.2545
2023-09-28,24,143.73000000000002,False,,,0.0,0.0,True,4.0,7.0,17.192499999999995,26.442499999999995,True,2.0,19.0,143.73000000000002,152.98000000000002,True,2.0,19.0,143.73000000000002,152.98000000000002,True,2.0,7.0,25.112499999999997,34.3625,True,2.0,7.0,25.112499999999997,34.3625
2023-09-29,24,37.70949999999999,False,,,0.0,0.0,True,2.0,19.0,14.599499999999992,23.849499999999992,True,14.0,19.0,33.10949999999998,42.35949999999998,True,14.0,19.0,33.10949999999998,42.35949999999998,True,2.0,19.0,14.599499999999992,23.849499999999992,True,2.0,19.0,14.599499999999992,23.849499999999992
2023-09-30,24,121.305,False,,,0.0,0.0,True,13.0,19.0,121.305,130.555,True,13.0,19.0,121.305,130.555,True,13.0,19.0,121.305,130.555,True,14.0,19.0,115.025,124.275,False,,,0.0,0.0
2023-10-01,24,103.18,False,,,0.0,0.0,True,13.0,19.0,103.18,112.43,True,14.0,19.0,101.98,111.23,True,14.0,19.0,101.98,111.23,True,13.0,19.0,103.18,112.43,True,13.0,19.0,103.18,112.43
2023-10-02,24,111.12250000000002,False,,,0.0,0.0,True,13.0,19.0,111.12250000000002,120.37250000000002,True,13.0,19.0,111.12250000000002,120.37250000000002,True,13.0,19.0,111.12250000000002,120.37250000000002,True,13.0,19.0,111.12250000000002,120.37250000000002,True,13.0,19.0,111.12250000000002,120.37250000000002
2023-10-03,24,52.82,False,,,0.0,0.0,True,13.0,19.0,52.82,62.07,True,13.0,19.0,52.82,62.07,True,13.0,19.0,52.82,62.07,True,13.0,19.0,52.82,62.07,True,13.0,19.0,52.82,62.07
2023-10-04,24,91.236,False,,,0.0,0.0,True,13.0,19.0,56.26599999999999,65.51599999999999,True,13.0,18.0,46.694999999999986,55.944999999999986,True,13.0,18.0,46.694999999999986,55.944999999999986,True,5.0,19.0,51.086,60.336,False,,,0.0,0.0
2023-10-05,24,142.088,False,,,0.0,0.0,True,3.0,19.0,142.088,151.338,True,2.0,19.0,133.21800000000002,142.46800000000002,True,2.0,19.0,133.21800000000002,142.46800000000002,True,3.0,19.0,142.088,151.338,False,,,0.0,0.0
2023-10-06,24,84.1645,False,,,0.0,0.0,True,3.0,19.0,10.1845,19.4345,True,13.0,19.0,84.1645,93.4145,True,13.0,19.0,84.1645,93.4145,True,3.0,19.0,10.1845,19.4345,True,3.0,19.0,10.1845,19.4345
2023-10-07,24,83.28349999999999,False,,,0.0,0.0,True,13.0,19.0,83.1035,92.3535,True,3.0,19.0,82.6535,91.9035,True,3.0,19.0,82.6535,91.9035,True,13.0,19.0,83.1035,92.3535,True,13.0,19.0,83.1035,92.3535
2023-10-08,24,74.34300000000002,False,,,0.0,0.0,True,1.0,19.0,58.30300000000001,67.55300000000001,True,1.0,19.0,58.30300000000001,67.55300000000001,True,1.0,19.0,58.30300000000001,67.55300000000001,True,14.0,19.0,74.34300000000002,83.59300000000002,False,,,0.0,0.0
2023-10-09,24,104.195,False,,,0.0,0.0,True,14.0,19.0,73.695,82.945,True,3.0,19.0,101.79499999999999,111.04499999999999,True,3.0,19.0,101.79499999999999,111.04499999999999,True,1.0,19.0,91.74499999999999,100.99499999999999,True,3.0,19.0,101.79499999999999,111.04499999999999
2023-10-10,24,64.99199999999998,False,,,0.0,0.0,True,4.0,19.0,11.739500000000007,20.989500000000007,True,14.0,18.0,7.6370000000000005,16.887,True,14.0,18.0,7.6370000000000005,16.887,True,4.0,19.0,11.739500000000007,20.989500000000007,True,4.0,19.0,11.739500000000007,20.989500000000007
2023-10-11,24,103.12899999999999,False,,,0.0,0.0,True,4.0,7.0,95.576,104.826,True,13.0,19.0,103.12899999999999,112.37899999999999,True,13.0,19.0,103.12899999999999,112.37899999999999,True,2.0,7.0,90.986,100.236,True,2.0,7.0,90.986,100.236
2023-10-12,24,100.2815,False,,,0.0,0.0,True,13.0,19.0,74.30149999999999,83.55149999999999,True,2.0,19.0,94.86149999999999,104.11149999999999,True,2.0,19.0,94.86149999999999,104.11149999999999,True,3.0,8.0,29.061499999999995,38.311499999999995,False,,,0.0,0.0
2023-10-13,24,51.36499999999999,False,,,0.0,0.0,True,0.0,19.0,-68.385,-59.135000000000005,True,13.0,19.0,48.30499999999999,57.55499999999999,False,,,0.0,0.0,True,3.0,19.0,-45.795000000000016,-36.545000000000016,True,3.0,19.0,-45.795000000000016,-36.545000000000016
2023-10-14,24,103.43449999999999,False,,,0.0,0.0,True,15.0,19.0,101.30449999999999,110.55449999999999,True,15.0,19.0,101.30449999999999,110.55449999999999,True,15.0,19.0,101.30449999999999,110.55449999999999,True,14.0,19.0,102.61449999999999,111.86449999999999,False,,,0.0,0.0
2023-10-15,24,111.42500000000001,False,,,0.0,0.0,True,4.0,19.0,99.76299999999999,109.01299999999999,True,11.0,19.0,105.44299999999998,114.69299999999998,True,11.0,19.0,105.44299999999998,114.69299999999998,True,14.0,19.0,107.243,116.493,False,,,0.0,0.0
2023-10-16,24,100.32,False,,,0.0,0.0,True,14.0,18.0,60.661000000000016,69.91100000000002,True,1.0,19.0,97.72,106.97,True,1.0,19.0,97.72,106.97,True,4.0,19.0,100.32,109.57,True,4.0,19.0,100.32,109.57
2023-10-17,24,47.668000000000006,False,,,0.0,0.0,True,4.0,19.0,19.962500000000006,29.212500000000006,True,3.0,18.0,26.281999999999982,35.53199999999998,True,3.0,18.0,26.281999999999982,35.53199999999998,True,1.0,19.0,16.492499999999993,25.742499999999993,True,1.0,19.0,16.492499999999993,25.742499999999993
2023-10-18,24,44.26350000000001,False,,,0.0,0.0,True,3.0,8.0,36.53899999999997,45.78899999999997,True,3.0,8.0,36.53899999999997,45.78899999999997,False,,,0.0,0.0,True,3.0,8.0,36.53899999999997,45.78899999999997,False,,,0.0,0.0
2023-10-19,24,100.6395,False,,,0.0,0.0,True,2.0,7.0,72.263,81.513,True,1.0,8.0,80.7935,90.0435,True,1.0,8.0,80.7935,90.0435,True,0.0,7.0,56.473,65.723,False,,,0.0,0.0
2023-10-20,24,73.74600000000001,False,,,0.0,0.0,True,3.0,18.0,55.38900000000001,64.63900000000001,True,3.0,9.0,61.52600000000001,70.77600000000001,True,3.0,9.0,61.52600000000001,70.77600000000001,True,3.0,18.0,55.38900000000001,64.63900000000001,False,,,0.0,0.0
2023-10-21,24,89.89,False,,,0.0,0.0,True,4.0,9.0,3.5035000000000025,12.753500000000003,True,4.0,18.0,62.74000000000001,71.99000000000001,False,,,0.0,0.0,True,4.0,19.0,51.112,60.362,False,,,0.0,0.0
2023-10-22,24,93.287,False,,,0.0,0.0,True,13.0,18.0,76.55649999999999,85.80649999999999,True,12.0,18.0,60.75649999999999,70.00649999999999,True,12.0,18.0,60.75649999999999,70.00649999999999,True,13.0,18.0,76.55649999999999,85.80649999999999,False,,,0.0,0.0
2023-10-23,24,60.651499999999984,False,,,0.0,0.0,True,3.0,19.0,23.155000000000015,32.405000000000015,True,1.0,18.0,31.101499999999987,40.35149999999999,True,1.0,18.0,31.101499999999987,40.35149999999999,True,4.0,19.0,24.53500000000001,33.78500000000001,True,4.0,19.0,24.53500000000001,33.78500000000001
2023-10-24,24,32.2495,False,,,0.0,0.0,True,4.0,8.0,11.591999999999999,20.842,True,2.0,18.0,23.599499999999992,32.84949999999999,True,2.0,18.0,23.599499999999992,32.84949999999999,True,2.0,8.0,7.3219999999999885,16.57199999999999,False,,,0.0,0.0
2023-10-25,24,38.74350000000001,False,,,0.0,0.0,True,3.0,19.0,38.74350000000001,47.99350000000001,True,3.0,8.0,34.62950000000001,43.87950000000001,False,,,0.0,0.0,True,3.0,19.0,38.74350000000001,47.99350000000001,False,,,0.0,0.0
2023-10-26,24,32.05149999999999,False,,,0.0,0.0,True,3.0,19.0,32.05149999999999,41.30149999999999,True,3.0,18.0,32.01749999999997,41.26749999999997,True,3.0,18.0,32.01749999999997,41.26749999999997,True,3.0,19.0,32.05149999999999,41.30149999999999,False,,,0.0,0.0
2023-10-27,24,27.117500000000007,False,,,0.0,0.0,True,3.0,19.0,15.208999999999989,24.45899999999999,True,2.0,9.0,25.434999999999988,34.68499999999999,False,,,0.0,0.0,True,2.0,18.0,14.486999999999995,23.736999999999995,False,,,0.0,0.0
2023-10-28,24,62.366,False,,,0.0,0.0,True,3.0,8.0,12.836500000000001,22.0865,True,5.0,18.0,48.355999999999995,57.605999999999995,False,,,0.0,0.0,True,14.0,18.0,43.456,52.706,False,,,0.0,0.0
2023-10-29,23,62.455,False,,,0.0,0.0,True,2.0,17.0,62.045,71.295,True,10.0,17.0,62.27499999999999,71.52499999999999,True,10.0,17.0,62.27499999999999,71.52499999999999,True,2.0,17.0,62.045,71.295,False,,,0.0,0.0
2023-10-30,24,128.1,False,,,0.0,0.0,True,5.0,17.0,106.554,115.804,True,0.0,17.0,123.714,132.964,True,0.0,17.0,123.714,132.964,True,0.0,17.0,123.714,132.964,False,,,0.0,0.0
2023-10-31,24,75.01399999999998,False,,,0.0,0.0,True,0.0,18.0,50.93399999999998,60.18399999999998,True,4.0,18.0,75.01399999999998,84.26399999999998,True,4.0,18.0,75.01399999999998,84.26399999999998,True,2.0,18.0,65.02399999999999,74.27399999999999,False,,,0.0,0.0
2023-11-01,24,15.317499999999995,False,,,0.0,0.0,True,4.0,18.0,-0.6149999999999949,8.635000000000005,True,3.0,8.0,4.6145,13.8645,False,,,0.0,0.0,True,3.0,18.0,-2.414999999999999,6.835000000000001,False,,,0.0,0.0
2023-11-02,24,60.5975,False,,,0.0,0.0,True,12.0,17.0,4.521000000000008,13.771000000000008,True,2.0,18.0,58.6275,67.8775,False,,,0.0,0.0,True,11.0,17.0,3.4910000000000068,12.741000000000007,False,,,0.0,0.0
2023-11-03,24,65.78699999999999,False,,,0.0,0.0,True,3.0,18.0,60.88249999999999,70.1325,True,1.0,8.0,60.047,69.297,False,,,0.0,0.0,True,1.0,19.0,54.27550000000001,63.52550000000001,False,,,0.0,0.0
2023-11-04,24,18.246,False,,,0.0,0.0,True,3.0,8.0,-9.287500000000001,-0.03750000000000142,True,11.0,15.0,11.836499999999997,21.086499999999997,False,,,0.0,0.0,True,2.0,18.0,-5.25,4.0,False,,,0.0,0.0
2023-11-05,24,51.477500000000006,False,,,0.0,0.0,True,10.0,17.0,6.987500000000004,16.237500000000004,True,3.0,16.0,41.3965,50.6465,False,,,0.0,0.0,True,5.0,18.0,44.5295,53.7795,False,,,0.0,0.0
2023-11-06,24,119.019,False,,,0.0,0.0,True,3.0,17.0,107.62949999999998,116.87949999999998,True,1.0,17.0,107.65949999999998,116.90949999999998,True,1.0,17.0,107.65949999999998,116.90949999999998,True,3.0,17.0,107.62949999999998,116.87949999999998,False,,,0.0,0.0
2023-11-07,24,49.712999999999994,False,,,0.0,0.0,True,2.0,18.0,46.923,56.173,True,2.0,17.0,36.263999999999996,45.513999999999996,True,2.0,17.0,36.263999999999996,45.513999999999996,True,4.0,18.0,47.473,56.723,False,,,0.0,0.0
2023-11-08,24,36.7965,False,,,0.0,0.0,True,3.0,18.0,36.7965,46.0465,True,2.0,17.0,25.203999999999994,34.45399999999999,False,,,0.0,0.0,True,4.0,18.0,32.01649999999999,41.26649999999999,False,,,0.0,0.0
2023-11-09,24,34.45,False,,,0.0,0.0,True,3.0,18.0,27.24300000000001,36.49300000000001,True,1.0,18.0,31.713000000000008,40.96300000000001,False,,,0.0,0.0,True,3.0,18.0,27.24300000000001,36.49300000000001,False,,,0.0,0.0
2023-11-10,24,58.07499999999999,False,,,0.0,0.0,True,1.0,17.0,46.70499999999999,55.95499999999999,True,2.0,18.0,51.84499999999999,61.09499999999999,False,,,0.0,0.0,True,0.0,17.0,42.334999999999994,51.584999999999994,False,,,0.0,0.0
2023-11-11,24,23.435999999999993,False,,,0.0,0.0,True,3.0,17.0,16.323000000000008,25.573000000000008,True,3.0,18.0,22.935999999999993,32.18599999999999,False,,,0.0,0.0,True,3.0,18.0,22.935999999999993,32.18599999999999,False,,,0.0,0.0
2023-11-12,24,24.929500000000004,False,,,0.0,0.0,True,4.0,18.0,18.513999999999996,27.763999999999996,True,4.0,18.0,18.513999999999996,27.763999999999996,False,,,0.0,0.0,True,7.0,18.0,16.033999999999992,25.283999999999992,False,,,0.0,0.0
2023-11-13,24,32.95150000000001,False,,,0.0,0.0,True,3.0,17.0,-26.57050000000001,-17.32050000000001,True,0.0,8.0,28.511499999999998,37.7615,False,,,0.0,0.0,True,3.0,17.0,-26.57050000000001,-17.32050000000001,False,,,0.0,0.0
2023-11-14,24,92.6685,False,,,0.0,0.0,True,1.0,8.0,59.5445,68.7945,True,4.0,18.0,92.6285,101.8785,True,4.0,18.0,92.6285,101.8785,True,0.0,8.0,50.524499999999996,59.774499999999996,False,,,0.0,0.0
2023-11-15,24,30.47500000000001,False,,,0.0,0.0,True,3.0,18.0,30.47500000000001,39.72500000000001,True,3.0,18.0,30.47500000000001,39.72500000000001,False,,,0.0,0.0,True,3.0,18.0,30.47500000000001,39.72500000000001,False,,,0.0,0.0
2023-11-16,24,71.72149999999999,False,,,0.0,0.0,True,3.0,18.0,37.61099999999999,46.86099999999999,True,2.0,17.0,70.66149999999999,79.91149999999999,True,2.0,17.0,70.66149999999999,79.91149999999999,True,3.0,17.0,71.72149999999999,80.97149999999999,False,,,0.0,0.0
2023-11-17,24,25.14999999999999,False,,,0.0,0.0,True,3.0,17.0,22.36199999999998,31.61199999999998,True,3.0,17.0,22.36199999999998,31.61199999999998,True,3.0,17.0,22.36199999999998,31.61199999999998,True,3.0,17.0,22.36199999999998,31.61199999999998,False,,,0.0,0.0
2023-11-18,24,0.0,False,,,0.0,0.0,True,3.0,18.0,-3.9709999999999894,5.279000000000011,True,3.0,9.0,-12.453999999999994,-3.2039999999999935,False,,,0.0,0.0,True,3.0,18.0,-3.9709999999999894,5.279000000000011,False,,,0.0,0.0
2023-11-19,24,79.5475,False,,,0.0,0.0,False,,,0.0,0.0,True,5.0,19.0,78.90699999999998,88.15699999999998,True,5.0,19.0,78.90699999999998,88.15699999999998,True,7.0,18.0,74.02749999999999,83.27749999999999,False,,,0.0,0.0
2023-11-20,24,55.790000000000006,False,,,0.0,0.0,True,4.0,18.0,44.972999999999985,54.222999999999985,True,2.0,18.0,49.82299999999999,59.07299999999999,True,2.0,18.0,49.82299999999999,59.07299999999999,True,1.0,18.0,47.05299999999999,56.30299999999999,False,,,0.0,0.0
2023-11-21,24,24.504499999999993,False,,,0.0,0.0,True,2.0,17.0,19.55449999999999,28.80449999999999,True,3.0,18.0,20.348,29.598,False,,,0.0,0.0,True,2.0,18.0,15.397999999999996,24.647999999999996,False,,,0.0,0.0
2023-11-22,24,27.643999999999977,False,,,0.0,0.0,True,3.0,17.0,11.715000000000003,20.965000000000003,True,1.0,7.0,15.360499999999988,24.610499999999988,False,,,0.0,0.0,True,1.0,17.0,8.704999999999998,17.955,False,,,0.0,0.0
2023-11-23,24,72.45949999999999,False,,,0.0,0.0,True,3.0,8.0,62.5095,71.7595,True,3.0,8.0,62.5095,71.7595,True,3.0,8.0,62.5095,71.7595,True,3.0,8.0,62.5095,71.7595,False,,,0.0,0.0
2023-11-24,24,86.42800000000001,False,,,0.0,0.0,True,4.0,8.0,84.97800000000001,94.22800000000001,True,1.0,17.0,67.9745,77.2245,True,1.0,17.0,67.9745,77.2245,True,4.0,8.0,84.97800000000001,94.22800000000001,False,,,0.0,0.0
2023-11-25,24,28.88000000000001,False,,,0.0,0.0,True,1.0,8.0,-3.133499999999998,6.116500000000002,True,0.0,18.0,20.715000000000003,29.965000000000003,False,,,0.0,0.0,True,4.0,18.0,28.795,38.045,False,,,0.0,0.0
2023-11-26,24,20.76949999999998,False,,,0.0,0.0,True,4.0,19.0,15.762999999999991,25.01299999999999,True,5.0,17.0,15.188500000000005,24.438500000000005,False,,,0.0,0.0,True,4.0,18.0,20.76949999999998,30.01949999999998,False,,,0.0,0.0
2023-11-27,24,26.081500000000005,False,,,0.0,0.0,True,4.0,18.0,7.576999999999998,16.826999999999998,True,3.0,17.0,7.7805000000000035,17.030500000000004,False,,,0.0,0.0,True,2.0,18.0,5.586999999999989,14.836999999999989,False,,,0.0,0.0
2023-11-28,24,87.73299999999998,False,,,0.0,0.0,True,4.0,8.0,30.43549999999999,39.68549999999999,True,3.0,11.0,43.974999999999994,53.224999999999994,True,3.0,11.0,43.974999999999994,53.224999999999994,True,3.0,9.0,43.61800000000001,52.86800000000001,False,,,0.0,0.0
2023-11-29,24,118.34,False,,,0.0,0.0,True,3.0,17.0,117.37,126.62,True,3.0,17.0,117.37,126.62,True,3.0,17.0,117.37,126.62,True,3.0,17.0,117.37,126.62,False,,,0.0,0.0
2023-11-30,24,112.6,False,,,0.0,0.0,True,4.0,17.0,110.97,120.22,True,2.0,17.0,110.39999999999999,119.64999999999999,True,2.0,17.0,110.39999999999999,119.64999999999999,True,3.0,17.0,112.6,121.85,True,3.0,17.0,112.6,121.85
2023-12-01,24,90.9565,False,,,0.0,0.0,True,3.0,17.0,90.9565,100.2065,True,3.0,18.0,64.156,73.406,True,3.0,18.0,64.156,73.406,True,0.0,17.0,79.9265,89.1765,True,0.0,17.0,79.9265,89.1765
2023-12-02,24,16.13600000000001,False,,,0.0,0.0,True,3.0,17.0,14.293999999999983,23.543999999999983,True,5.0,17.0,15.353999999999985,24.603999999999985,True,5.0,17.0,15.353999999999985,24.603999999999985,True,3.0,17.0,14.293999999999983,23.543999999999983,False,,,0.0,0.0
2023-12-03,24,11.58250000000001,False,,,0.0,0.0,True,5.0,18.0,8.72250000000001,17.97250000000001,True,6.0,17.0,10.605000000000004,19.855000000000004,False,,,0.0,0.0,True,6.0,17.0,10.605000000000004,19.855000000000004,False,,,0.0,0.0
2023-12-04,24,17.076999999999984,False,,,0.0,0.0,True,6.0,18.0,-7.414500000000004,1.8354999999999961,True,3.0,16.0,9.299499999999995,18.549499999999995,False,,,0.0,0.0,True,4.0,17.0,13.507499999999993,22.757499999999993,False,,,0.0,0.0
2023-12-05,24,32.47949999999999,False,,,0.0,0.0,True,3.0,13.0,7.880499999999998,17.130499999999998,True,3.0,17.0,31.144999999999996,40.394999999999996,True,3.0,17.0,31.144999999999996,40.394999999999996,True,3.0,17.0,31.144999999999996,40.394999999999996,False,,,0.0,0.0
2023-12-06,24,51.519499999999994,False,,,0.0,0.0,True,3.0,18.0,40.278000000000006,49.528000000000006,True,2.0,17.0,49.539500000000004,58.789500000000004,True,2.0,17.0,49.539500000000004,58.789500000000004,True,3.0,17.0,51.1495,60.3995,False,,,0.0,0.0
2023-12-07,24,28.33,False,,,0.0,0.0,True,4.0,17.0,10.131500000000003,19.381500000000003,True,3.0,9.0,15.984999999999985,25.234999999999985,True,3.0,9.0,15.984999999999985,25.234999999999985,True,3.0,17.0,8.241500000000002,17.491500000000002,False,,,0.0,0.0
2023-12-08,24,12.167500000000004,False,,,0.0,0.0,True,4.0,8.0,6.502499999999998,15.752499999999998,True,3.0,17.0,11.521500000000003,20.771500000000003,True,3.0,17.0,11.521500000000003,20.771500000000003,True,4.0,8.0,6.502499999999998,15.752499999999998,False,,,0.0,0.0
2023-12-09,24,0.2600000000000051,False,,,0.0,0.0,True,3.0,10.0,-4.961499999999987,4.288500000000013,False,,,0.0,0.0,False,,,0.0,0.0,True,4.0,18.0,-13.994500000000002,-4.744500000000002,False,,,0.0,0.0
2023-12-10,24,57.367000000000004,False,,,0.0,0.0,True,4.0,12.0,37.87,47.12,True,3.0,18.0,57.367000000000004,66.617,True,3.0,18.0,57.367000000000004,66.617,False,,,0.0,0.0,False,,,0.0,0.0
2023-12-11,24,86.374,False,,,0.0,0.0,True,3.0,18.0,86.374,95.624,True,2.0,18.0,82.274,91.524,True,2.0,18.0,82.274,91.524,True,3.0,18.0,86.374,95.624,False,,,0.0,0.0
2023-12-12,24,30.71050000000001,False,,,0.0,0.0,True,3.0,18.0,-4.420000000000002,4.829999999999998,True,0.0,9.0,14.849000000000004,24.099000000000004,False,,,0.0,0.0,True,3.0,18.0,-4.420000000000002,4.829999999999998,False,,,0.0,0.0
2023-12-13,24,12.947499999999991,False,,,0.0,0.0,True,3.0,8.0,3.325499999999991,12.575499999999991,True,3.0,8.0,3.325499999999991,12.575499999999991,False,,,0.0,0.0,True,3.0,8.0,3.325499999999991,12.575499999999991,False,,,0.0,0.0
2023-12-14,24,25.579000000000008,False,,,0.0,0.0,True,3.0,17.0,22.3005,31.5505,True,3.0,9.0,19.775999999999996,29.025999999999996,False,,,0.0,0.0,True,3.0,8.0,24.612499999999997,33.8625,False,,,0.0,0.0
2023-12-15,24,18.864999999999995,False,,,0.0,0.0,True,1.0,15.0,-15.799000000000007,-6.549000000000007,True,3.0,8.0,17.474999999999994,26.724999999999994,False,,,0.0,0.0,True,3.0,8.0,17.474999999999994,26.724999999999994,False,,,0.0,0.0
2023-12-16,24,11.552,False,,,0.0,0.0,True,4.0,8.0,4.556499999999993,13.806499999999993,True,4.0,17.0,11.092999999999996,20.342999999999996,False,,,0.0,0.0,False,,,0.0,0.0,False,,,0.0,0.0
2023-12-17,24,29.498499999999993,False,,,0.0,0.0,True,4.0,18.0,27.00800000000001,36.25800000000001,True,3.0,17.0,27.1785,36.4285,False,,,0.0,0.0,True,5.0,18.0,23.50800000000001,32.75800000000001,False,,,0.0,0.0
2023-12-18,24,34.574,False,,,0.0,0.0,True,4.0,17.0,26.867000000000004,36.117000000000004,True,2.0,17.0,29.527,38.777,True,2.0,17.0,29.527,38.777,True,4.0,18.0,25.838499999999996,35.088499999999996,False,,,0.0,0.0
2023-12-19,24,30.77499999999999,False,,,0.0,0.0,True,3.0,8.0,20.114999999999995,29.364999999999995,True,2.0,8.0,30.77499999999999,40.02499999999999,True,2.0,8.0,30.77499999999999,40.02499999999999,True,2.0,8.0,30.77499999999999,40.02499999999999,False,,,0.0,0.0
2023-12-20,24,28.804000000000002,False,,,0.0,0.0,True,2.0,8.0,4.740500000000004,13.990500000000004,True,4.0,17.0,27.44399999999999,36.69399999999999,True,4.0,17.0,27.44399999999999,36.69399999999999,True,2.0,7.0,0.5159999999999911,9.765999999999991,False,,,0.0,0.0
2023-12-21,24,32.296,False,,,0.0,0.0,True,4.0,19.0,31.896500000000003,41.1465,True,5.0,8.0,32.036,41.286,False,,,0.0,0.0,True,1.0,18.0,-0.8909999999999982,8.359000000000002,False,,,0.0,0.0
2023-12-22,24,33.806,False,,,0.0,0.0,True,4.0,8.0,24.7705,34.0205,True,0.0,18.0,33.546,42.796,True,0.0,18.0,33.546,42.796,True,3.0,8.0,24.700499999999998,33.9505,False,,,0.0,0.0
2023-12-23,24,48.672000000000004,False,,,0.0,0.0,True,4.0,18.0,47.2425,56.4925,True,0.0,18.0,47.1925,56.4425,True,0.0,18.0,47.1925,56.4425,True,6.0,18.0,47.1325,56.3825,False,,,0.0,0.0
2023-12-24,24,0.0,False,,,0.0,0.0,True,3.0,17.0,-10.286,-1.0359999999999998,True,16.0,18.0,-11.943000000000001,-2.6930000000000005,False,,,0.0,0.0,True,5.0,18.0,-9.023,0.22699999999999942,False,,,0.0,0.0
2023-12-25,24,21.137,False,,,0.0,0.0,False,,,0.0,0.0,True,7.0,18.0,12.108,21.358,False,,,0.0,0.0,True,2.0,19.0,13.723500000000001,22.9735,False,,,0.0,0.0
2023-12-26,24,40.050999999999995,False,,,0.0,0.0,True,4.0,17.0,39.4815,48.7315,True,13.0,22.0,30.3855,39.6355,False,,,0.0,0.0,True,2.0,19.0,35.95249999999999,45.20249999999999,False,,,0.0,0.0
2023-12-27,24,19.720499999999994,False,,,0.0,0.0,True,4.0,18.0,4.177499999999988,13.427499999999988,True,0.0,8.0,19.720499999999994,28.970499999999994,False,,,0.0,0.0,True,4.0,17.0,9.251999999999988,18.50199999999999,False,,,0.0,0.0
2023-12-28,24,31.985499999999995,False,,,0.0,0.0,True,0.0,8.0,23.240000000000002,32.49,True,2.0,16.0,26.469,35.719,False,,,0.0,0.0,True,0.0,17.0,30.575499999999998,39.8255,False,,,0.0,0.0
2023-12-29,24,14.301499999999997,False,,,0.0,0.0,True,2.0,17.0,12.382000000000001,21.632,True,0.0,18.0,13.351499999999998,22.601499999999998,False,,,0.0,0.0,True,0.0,18.0,13.351499999999998,22.601499999999998,False,,,0.0,0.0
2023-12-30,24,56.099000000000004,False,,,0.0,0.0,True,4.0,18.0,53.001499999999986,62.251499999999986,True,5.0,17.0,51.359,60.609,False,,,0.0,0.0,True,7.0,18.0,37.88149999999999,47.13149999999999,False,,,0.0,0.0
2023-12-31,24,12.879999999999999,False,,,0.0,0.0,True,1.0,17.0,-0.4200000000000017,8.829999999999998,True,13.0,18.0,4.881499999999999,14.131499999999999,False,,,0.0,0.0,True,7.0,18.0,10.6615,19.9115,False,,,0.0,0.0
2024-01-01,24,40.099999999999994,False,,,0.0,0.0,True,7.0,17.0,33.2105,42.4605,True,3.0,18.0,40.059999999999995,49.309999999999995,False,,,0.0,0.0,True,7.0,17.0,33.2105,42.4605,False,,,0.0,0.0
2024-01-02,24,50.61099999999999,False,,,0.0,0.0,True,6.0,18.0,6.827500000000001,16.0775,True,4.0,18.0,43.377500000000005,52.627500000000005,False,,,0.0,0.0,True,2.0,19.0,13.422999999999995,22.672999999999995,False,,,0.0,0.0
2024-01-03,24,62.6545,False,,,0.0,0.0,True,4.0,16.0,54.61150000000001,63.86150000000001,True,4.0,18.0,62.584500000000006,71.8345,True,4.0,18.0,62.584500000000006,71.8345,True,3.0,16.0,54.61150000000001,63.86150000000001,False,,,0.0,0.0
2024-01-04,24,88.2225,False,,,0.0,0.0,True,5.0,18.0,55.9725,65.2225,True,3.0,18.0,88.2225,97.4725,True,3.0,18.0,88.2225,97.4725,True,1.0,18.0,63.24250000000001,72.4925,False,,,0.0,0.0
2024-01-05,24,9.72250000000001,False,,,0.0,0.0,True,3.0,18.0,9.72250000000001,18.97250000000001,True,4.0,18.0,8.882500000000007,18.132500000000007,False,,,0.0,0.0,True,3.0,18.0,9.72250000000001,18.97250000000001,True,3.0,18.0,9.72250000000001,18.97250000000001
2024-01-06,24,6.369499999999988,False,,,0.0,0.0,True,3.0,18.0,5.825499999999991,15.075499999999991,True,4.0,18.0,5.825499999999991,15.075499999999991,False,,,0.0,0.0,True,16.0,18.0,-21.014499999999998,-11.764499999999998,False,,,0.0,0.0
2024-01-07,24,8.012499999999989,False,,,0.0,0.0,True,3.0,17.0,3.7944999999999993,13.0445,True,4.0,18.0,8.012499999999989,17.26249999999999,False,,,0.0,0.0,True,6.0,18.0,4.972499999999982,14.222499999999982,False,,,0.0,0.0
2024-01-08,24,22.77849999999998,False,,,0.0,0.0,True,4.0,18.0,22.77849999999998,32.02849999999998,True,3.0,18.0,22.148499999999984,31.398499999999984,False,,,0.0,0.0,True,4.0,17.0,22.03049999999999,31.28049999999999,False,,,0.0,0.0
2024-01-09,24,23.774,False,,,0.0,0.0,True,4.0,18.0,22.16000000000001,31.41000000000001,True,2.0,17.0,22.914,32.164,False,,,0.0,0.0,True,3.0,18.0,23.74000000000001,32.99000000000001,False,,,0.0,0.0
2024-01-10,24,26.88149999999999,False,,,0.0,0.0,True,3.0,17.0,26.88149999999999,36.13149999999999,True,4.0,17.0,26.671499999999995,35.921499999999995,False,,,0.0,0.0,True,1.0,17.0,26.211499999999987,35.46149999999999,False,,,0.0,0.0
2024-01-11,24,36.37649999999999,False,,,0.0,0.0,True,3.0,17.0,35.9465,45.1965,True,4.0,18.0,24.986499999999992,34.23649999999999,False,,,0.0,0.0,True,0.0,18.0,15.186499999999995,24.436499999999995,False,,,0.0,0.0
2024-01-12,24,26.039,False,,,0.0,0.0,True,4.0,17.0,14.784999999999997,24.034999999999997,True,3.0,17.0,14.495000000000005,23.745000000000005,False,,,0.0,0.0,True,3.0,17.0,14.495000000000005,23.745000000000005,False,,,0.0,0.0
2024-01-13,24,0.0,False,,,0.0,0.0,True,4.0,8.0,-11.778999999999996,-2.5289999999999964,True,14.0,18.0,-12.721499999999992,-3.471499999999992,False,,,0.0,0.0,True,6.0,18.0,-22.91149999999999,-13.66149999999999,False,,,0.0,0.0
2024-01-14,24,11.064499999999995,False,,,0.0,0.0,False,,,0.0,0.0,True,3.0,18.0,9.16449999999999,18.41449999999999,False,,,0.0,0.0,True,13.0,18.0,-3.8655000000000115,5.3844999999999885,False,,,0.0,0.0
2024-01-15,24,24.589999999999996,False,,,0.0,0.0,True,1.0,18.0,21.629999999999995,30.879999999999995,True,2.0,18.0,22.689999999999998,31.939999999999998,True,2.0,18.0,22.689999999999998,31.939999999999998,True,0.0,18.0,18.72999999999999,27.97999999999999,False,,,0.0,0.0
2024-01-16,24,36.27350000000001,False,,,0.0,0.0,True,3.0,18.0,20.7735,30.0235,True,3.0,18.0,20.7735,30.0235,False,,,0.0,0.0,True,2.0,18.0,19.043499999999995,28.293499999999995,False,,,0.0,0.0
2024-01-17,24,40.72200000000001,False,,,0.0,0.0,True,4.0,8.0,3.3049999999999926,12.554999999999993,True,3.0,18.0,26.06150000000001,35.31150000000001,False,,,0.0,0.0,True,4.0,8.0,3.3049999999999926,12.554999999999993,False,,,0.0,0.0
2024-01-18,24,22.846500000000006,False,,,0.0,0.0,True,4.0,17.0,2.1580000000000155,11.408000000000015,True,3.0,17.0,4.818000000000012,14.068000000000012,False,,,0.0,0.0,True,2.0,17.0,4.438000000000002,13.688000000000002,False,,,0.0,0.0
2024-01-19,24,16.619499999999995,False,,,0.0,0.0,True,3.0,8.0,16.619499999999995,25.869499999999995,True,3.0,8.0,16.619499999999995,25.869499999999995,False,,,0.0,0.0,True,2.0,8.0,13.749499999999998,22.999499999999998,False,,,0.0,0.0
2024-01-20,24,13.889499999999998,False,,,0.0,0.0,True,3.0,8.0,-7.473000000000006,1.776999999999994,True,3.0,18.0,13.819499999999998,23.069499999999998,False,,,0.0,0.0,True,13.0,18.0,6.859499999999997,16.109499999999997,False,,,0.0,0.0
2024-01-21,24,5.292500000000004,False,,,0.0,0.0,True,5.0,18.0,-4.467500000000001,4.782499999999999,True,13.0,18.0,5.292500000000004,14.542500000000004,False,,,0.0,0.0,True,7.0,18.0,-0.9774999999999991,8.2725,False,,,0.0,0.0
2024-01-22,24,51.45749999999999,False,,,0.0,0.0,True,13.0,18.0,-0.2225000000000108,9.02749999999999,True,3.0,18.0,51.45749999999999,60.70749999999999,True,3.0,18.0,51.45749999999999,60.70749999999999,True,3.0,18.0,51.45749999999999,60.70749999999999,False,,,0.0,0.0
2024-01-23,24,58.4135,False,,,0.0,0.0,True,3.0,18.0,58.4135,67.6635,True,3.0,18.0,58.4135,67.6635,True,3.0,18.0,58.4135,67.6635,True,3.0,18.0,58.4135,67.6635,False,,,0.0,0.0
2024-01-24,24,41.668499999999995,False,,,0.0,0.0,True,3.0,18.0,40.482,49.732,True,3.0,18.0,40.482,49.732,True,3.0,18.0,40.482,49.732,True,3.0,17.0,41.2385,50.4885,False,,,0.0,0.0
2024-01-25,24,52.28299999999999,False,,,0.0,0.0,True,4.0,17.0,49.40299999999999,58.65299999999999,True,2.0,17.0,52.28299999999999,61.53299999999999,True,2.0,17.0,52.28299999999999,61.53299999999999,True,3.0,8.0,23.9195,33.1695,False,,,0.0,0.0
2024-01-26,24,3.691500000000005,False,,,0.0,0.0,True,2.0,17.0,-16.145000000000003,-6.895000000000003,True,14.0,18.0,-8.592500000000001,0.6574999999999989,False,,,0.0,0.0,True,2.0,17.0,-16.145000000000003,-6.895000000000003,False,,,0.0,0.0
2024-01-27,24,18.427500000000002,False,,,0.0,0.0,True,5.0,8.0,-2.0834999999999937,7.166500000000006,True,3.0,17.0,15.06450000000001,24.31450000000001,False,,,0.0,0.0,True,13.0,18.0,18.427500000000002,27.677500000000002,False,,,0.0,0.0
2024-01-28,24,16.823999999999998,False,,,0.0,0.0,True,13.0,18.0,11.8005,21.0505,True,12.0,17.0,15.334000000000003,24.584000000000003,False,,,0.0,0.0,True,13.0,18.0,11.8005,21.0505,False,,,0.0,0.0
2024-01-29,24,51.797000000000004,False,,,0.0,0.0,True,13.0,17.0,24.067000000000007,33.31700000000001,True,1.0,17.0,51.797000000000004,61.047000000000004,False,,,0.0,0.0,True,1.0,18.0,43.195,52.445,False,,,0.0,0.0
2024-01-30,24,7.915499999999994,False,,,0.0,0.0,True,1.0,17.0,-3.0955000000000013,6.154499999999999,True,3.0,17.0,-1.7454999999999927,7.504500000000007,False,,,0.0,0.0,True,2.0,17.0,-3.6754999999999995,5.5745000000000005,False,,,0.0,0.0
2024-01-31,24,23.5505,False,,,0.0,0.0,True,4.0,18.0,-4.626999999999995,4.623000000000005,True,1.0,8.0,22.500500000000002,31.750500000000002,False,,,0.0,0.0,True,2.0,18.0,-6.376999999999995,2.8730000000000047,False,,,0.0,0.0
2024-02-01,24,32.836499999999994,False,,,0.0,0.0,True,4.0,8.0,22.465000000000003,31.715000000000003,True,1.0,17.0,27.4985,36.7485,True,1.0,17.0,27.4985,36.7485,True,2.0,8.0,27.215000000000003,36.465,False,,,0.0,0.0
2024-02-02,24,13.442,False,,,0.0,0.0,True,1.0,19.0,-15.350999999999999,-6.100999999999999,True,3.0,8.0,11.982,21.232,False,,,0.0,0.0,True,3.0,8.0,11.982,21.232,False,,,0.0,0.0
2024-02-03,24,42.30449999999999,False,,,0.0,0.0,True,4.0,8.0,21.311500000000002,30.561500000000002,True,4.0,18.0,40.50449999999999,49.75449999999999,True,4.0,18.0,40.50449999999999,49.75449999999999,True,14.0,18.0,8.294499999999992,17.544499999999992,False,,,0.0,0.0
2024-02-04,24,29.8585,False,,,0.0,0.0,True,2.0,18.0,26.628500000000003,35.8785,True,13.0,18.0,25.238500000000002,34.4885,False,,,0.0,0.0,True,6.0,18.0,29.8585,39.1085,False,,,0.0,0.0
2024-02-05,24,49.343,False,,,0.0,0.0,True,4.0,18.0,49.263,58.513,True,1.0,17.0,48.9795,58.2295,True,1.0,17.0,48.9795,58.2295,True,4.0,17.0,48.9995,58.2495,False,,,0.0,0.0
2024-02-06,24,46.745999999999995,False,,,0.0,0.0,True,3.0,18.0,40.346,49.596,True,3.0,8.0,40.379999999999995,49.629999999999995,True,3.0,8.0,40.379999999999995,49.629999999999995,True,1.0,18.0,15.765999999999998,25.016,False,,,0.0,0.0
2024-02-07,24,72.387,False,,,0.0,0.0,True,4.0,7.0,9.9495,19.1995,True,0.0,18.0,65.36699999999999,74.61699999999999,True,0.0,18.0,65.36699999999999,74.61699999999999,True,2.0,7.0,30.2695,39.5195,False,,,0.0,0.0
2024-02-08,24,31.77749999999999,False,,,0.0,0.0,True,2.0,18.0,-0.9305000000000092,8.31949999999999,True,1.0,18.0,-1.9805000000000064,7.269499999999994,True,1.0,18.0,-1.9805000000000064,7.269499999999994,True,2.0,18.0,-0.9305000000000092,8.31949999999999,True,2.0,18.0,-0.9305000000000092,8.31949999999999
2024-02-09,24,21.922500000000007,False,,,0.0,0.0,True,2.0,8.0,-5.379500000000007,3.8704999999999927,True,4.0,8.0,0.40049999999999386,9.650499999999994,False,,,0.0,0.0,True,2.0,8.0,-5.379500000000007,3.8704999999999927,False,,,0.0,0.0
2024-02-10,24,3.2575000000000003,False,,,0.0,0.0,True,4.0,17.0,1.9475000000000051,11.197500000000005,True,4.0,18.0,0.8170000000000073,10.067000000000007,False,,,0.0,0.0,True,5.0,18.0,-0.5929999999999893,8.65700000000001,False,,,0.0,0.0
2024-02-11,24,15.73899999999999,False,,,0.0,0.0,True,0.0,17.0,1.9949999999999974,11.244999999999997,True,5.0,18.0,13.12899999999999,22.37899999999999,False,,,0.0,0.0,True,5.0,18.0,13.12899999999999,22.37899999999999,False,,,0.0,0.0
2024-02-12,24,19.93999999999999,False,,,0.0,0.0,True,4.0,18.0,13.139999999999993,22.389999999999993,True,4.0,18.0,13.139999999999993,22.389999999999993,False,,,0.0,0.0,True,4.0,18.0,13.139999999999993,22.389999999999993,False,,,0.0,0.0
2024-02-13,24,15.587999999999994,False,,,0.0,0.0,True,4.0,8.0,6.424999999999997,15.674999999999997,True,4.0,18.0,15.587999999999994,24.837999999999994,False,,,0.0,0.0,True,3.0,8.0,5.994999999999997,15.244999999999997,False,,,0.0,0.0
2024-02-14,24,10.402999999999999,False,,,0.0,0.0,True,4.0,18.0,10.132999999999996,19.382999999999996,True,2.0,18.0,9.433,18.683,False,,,0.0,0.0,True,1.0,18.0,5.852999999999994,15.102999999999994,False,,,0.0,0.0
2024-02-15,24,4.950000000000003,False,,,0.0,0.0,True,3.0,18.0,4.873499999999993,14.123499999999993,True,3.0,18.0,4.873499999999993,14.123499999999993,False,,,0.0,0.0,True,2.0,8.0,0.7194999999999965,9.969499999999996,False,,,0.0,0.0
2024-02-16,24,7.747,False,,,0.0,0.0,True,3.0,17.0,3.6329999999999956,12.882999999999996,True,3.0,18.0,7.747,16.997,False,,,0.0,0.0,True,3.0,18.0,7.747,16.997,False,,,0.0,0.0
2024-02-17,24,29.681000000000004,False,,,0.0,0.0,True,3.0,18.0,29.641000000000005,38.891000000000005,True,4.0,18.0,29.681000000000004,38.931000000000004,False,,,0.0,0.0,True,14.0,18.0,25.211,34.461,False,,,0.0,0.0
2024-02-18,24,13.480999999999995,False,,,0.0,0.0,True,4.0,18.0,3.1709999999999994,12.421,True,11.0,18.0,12.360999999999997,21.610999999999997,False,,,0.0,0.0,True,6.0,18.0,7.340999999999994,16.590999999999994,False,,,0.0,0.0
2024-02-19,24,30.7125,False,,,0.0,0.0,True,13.0,18.0,12.762499999999996,22.012499999999996,True,2.0,18.0,29.542499999999997,38.7925,True,2.0,18.0,29.542499999999997,38.7925,True,2.0,18.0,29.542499999999997,38.7925,False,,,0.0,0.0
2024-02-20,24,15.0165,False,,,0.0,0.0,True,1.0,18.0,-3.0075000000000003,6.2425,True,3.0,18.0,-2.167499999999997,7.082500000000003,False,,,0.0,0.0,True,3.0,18.0,-2.167499999999997,7.082500000000003,False,,,0.0,0.0
2024-02-21,24,18.32349999999999,False,,,0.0,0.0,True,4.0,8.0,17.70349999999999,26.95349999999999,True,3.0,8.0,18.32349999999999,27.57349999999999,False,,,0.0,0.0,True,3.0,8.0,18.32349999999999,27.57349999999999,False,,,0.0,0.0
2024-02-22,24,33.36349999999999,False,,,0.0,0.0,True,3.0,8.0,32.42349999999999,41.67349999999999,True,2.0,8.0,33.30349999999999,42.55349999999999,True,2.0,8.0,33.30349999999999,42.55349999999999,True,3.0,8.0,32.42349999999999,41.67349999999999,False,,,0.0,0.0
2024-02-23,24,64.204,False,,,0.0,0.0,True,1.0,8.0,40.1275,49.3775,True,1.0,8.0,40.1275,49.3775,True,1.0,8.0,40.1275,49.3775,True,2.0,8.0,40.0075,49.2575,False,,,0.0,0.0
2024-02-24,24,26.53,False,,,0.0,0.0,True,4.0,18.0,3.3599999999999994,12.61,True,13.0,18.0,26.53,35.78,True,13.0,18.0,26.53,35.78,True,4.0,18.0,3.3599999999999994,12.61,True,4.0,18.0,3.3599999999999994,12.61
2024-02-25,24,24.356499999999997,False,,,0.0,0.0,True,13.0,18.0,24.356499999999997,33.6065,True,13.0,18.0,24.356499999999997,33.6065,False,,,0.0,0.0,True,13.0,18.0,24.356499999999997,33.6065,False,,,0.0,0.0
2024-02-26,24,11.471999999999994,False,,,0.0,0.0,True,13.0,18.0,5.081999999999994,14.331999999999994,True,3.0,18.0,11.471999999999994,20.721999999999994,False,,,0.0,0.0,True,1.0,18.0,6.451999999999991,15.701999999999991,False,,,0.0,0.0
2024-02-27,24,28.910000000000004,False,,,0.0,0.0,True,3.0,18.0,28.910000000000004,38.160000000000004,True,3.0,18.0,28.910000000000004,38.160000000000004,False,,,0.0,0.0,True,3.0,8.0,15.293,24.543,False,,,0.0,0.0
2024-02-28,24,20.166499999999992,False,,,0.0,0.0,True,3.0,18.0,6.54399999999999,15.79399999999999,True,3.0,18.0,6.54399999999999,15.79399999999999,False,,,0.0,0.0,True,0.0,18.0,9.643999999999991,18.89399999999999,False,,,0.0,0.0
2024-02-29,24,17.040999999999997,False,,,0.0,0.0,True,1.0,8.0,0.22650000000000148,9.476500000000001,True,3.0,18.0,17.040999999999997,26.290999999999997,False,,,0.0,0.0,True,1.0,8.0,0.22650000000000148,9.476500000000001,False,,,0.0,0.0
2024-03-01,24,12.590500000000006,False,,,0.0,0.0,True,3.0,18.0,12.590500000000006,21.840500000000006,True,1.0,18.0,9.000500000000002,18.250500000000002,False,,,0.0,0.0,True,1.0,18.0,9.000500000000002,18.250500000000002,False,,,0.0,0.0
2024-03-02,24,15.429999999999986,False,,,0.0,0.0,True,3.0,18.0,14.829999999999991,24.07999999999999,True,13.0,18.0,15.40999999999999,24.65999999999999,False,,,0.0,0.0,True,13.0,18.0,15.40999999999999,24.65999999999999,False,,,0.0,0.0
2024-03-03,24,22.156,False,,,0.0,0.0,True,4.0,18.0,7.146000000000001,16.396,True,13.0,18.0,19.946000000000005,29.196000000000005,True,13.0,18.0,19.946000000000005,29.196000000000005,True,13.0,18.0,19.946000000000005,29.196000000000005,False,,,0.0,0.0
2024-03-04,24,19.053000000000004,False,,,0.0,0.0,True,13.0,19.0,13.910499999999992,23.160499999999992,True,1.0,18.0,12.253,21.503,False,,,0.0,0.0,True,1.0,18.0,12.253,21.503,False,,,0.0,0.0
2024-03-05,24,26.9315,False,,,0.0,0.0,True,13.0,18.0,13.643,22.893,True,3.0,18.0,19.613,28.863,False,,,0.0,0.0,True,4.0,18.0,18.912999999999997,28.162999999999997,False,,,0.0,0.0
2024-03-06,24,23.102999999999994,False,,,0.0,0.0,True,3.0,19.0,22.372500000000002,31.622500000000002,True,0.0,18.0,21.393,30.643,False,,,0.0,0.0,True,0.0,18.0,21.393,30.643,False,,,0.0,0.0
2024-03-07,24,20.3435,False,,,0.0,0.0,True,13.0,18.0,20.3435,29.5935,True,2.0,18.0,10.263499999999993,19.513499999999993,False,,,0.0,0.0,True,14.0,19.0,4.174999999999997,13.424999999999997,False,,,0.0,0.0
2024-03-08,24,57.68599999999999,False,,,0.0,0.0,True,13.0,18.0,57.68599999999999,66.93599999999999,True,13.0,18.0,57.68599999999999,66.93599999999999,True,13.0,18.0,57.68599999999999,66.93599999999999,True,13.0,18.0,57.68599999999999,66.93599999999999,False,,,0.0,0.0
2024-03-09,24,62.08699999999999,False,,,0.0,0.0,True,13.0,18.0,62.08699999999999,71.33699999999999,True,13.0,18.0,62.08699999999999,71.33699999999999,True,13.0,18.0,62.08699999999999,71.33699999999999,True,13.0,18.0,62.08699999999999,71.33699999999999,True,13.0,18.0,62.08699999999999,71.33699999999999
2024-03-10,24,57.1275,False,,,0.0,0.0,True,13.0,18.0,57.1275,66.3775,True,12.0,18.0,55.38749999999999,64.63749999999999,True,11.0,18.0,47.247499999999995,56.497499999999995,True,14.0,18.0,47.65749999999999,56.90749999999999,True,14.0,18.0,47.65749999999999,56.90749999999999
2024-03-11,24,33.628499999999995,False,,,0.0,0.0,True,13.0,18.0,10.094999999999999,19.345,True,1.0,18.0,27.015,36.265,True,1.0,18.0,27.015,36.265,True,13.0,18.0,10.094999999999999,19.345,False,,,0.0,0.0
2024-03-12,24,40.231999999999985,False,,,0.0,0.0,True,0.0,19.0,27.44449999999999,36.69449999999999,True,3.0,19.0,31.434499999999986,40.684499999999986,False,,,0.0,0.0,True,4.0,19.0,30.05449999999999,39.30449999999999,False,,,0.0,0.0
2024-03-13,24,12.509999999999998,False,,,0.0,0.0,True,3.0,18.0,12.509999999999998,21.759999999999998,True,3.0,18.0,12.509999999999998,21.759999999999998,False,,,0.0,0.0,True,1.0,18.0,11.579999999999998,20.83,False,,,0.0,0.0
2024-03-14,24,39.144499999999994,False,,,0.0,0.0,True,3.0,18.0,31.30449999999999,40.55449999999999,True,13.0,18.0,39.144499999999994,48.394499999999994,False,,,0.0,0.0,True,13.0,18.0,39.144499999999994,48.394499999999994,False,,,0.0,0.0
2024-03-15,24,28.6715,False,,,0.0,0.0,True,13.0,18.0,23.6055,32.8555,True,12.0,18.0,22.135499999999993,31.385499999999993,True,12.0,18.0,22.135499999999993,31.385499999999993,True,14.0,18.0,15.545499999999997,24.795499999999997,False,,,0.0,0.0
2024-03-16,24,53.973499999999994,False,,,0.0,0.0,True,13.0,19.0,43.9435,53.1935,True,14.0,19.0,53.973499999999994,63.223499999999994,True,14.0,19.0,53.973499999999994,63.223499999999994,True,13.0,18.0,39.1665,48.4165,False,,,0.0,0.0
2024-03-17,24,30.7635,False,,,0.0,0.0,True,14.0,19.0,17.736500000000007,26.986500000000007,True,13.0,18.0,30.7635,40.0135,False,,,0.0,0.0,True,14.0,19.0,17.736500000000007,26.986500000000007,True,14.0,19.0,17.736500000000007,26.986500000000007
2024-03-18,24,57.463499999999996,False,,,0.0,0.0,True,13.0,18.0,46.3035,55.5535,True,2.0,19.0,39.9905,49.2405,False,,,0.0,0.0,True,2.0,18.0,56.293499999999995,65.5435,False,,,0.0,0.0
2024-03-19,24,47.98699999999998,False,,,0.0,0.0,True,1.0,18.0,31.216999999999985,40.466999999999985,True,3.0,18.0,30.906999999999982,40.15699999999998,True,3.0,18.0,30.906999999999982,40.15699999999998,True,1.0,18.0,31.216999999999985,40.466999999999985,True,1.0,18.0,31.216999999999985,40.466999999999985
2024-03-20,24,72.57899999999998,False,,,0.0,0.0,True,12.0,18.0,72.57899999999998,81.82899999999998,True,12.0,18.0,72.57899999999998,81.82899999999998,True,12.0,18.0,72.57899999999998,81.82899999999998,True,13.0,18.0,70.05899999999998,79.30899999999998,False,,,0.0,0.0
2024-03-21,24,38.85049999999999,False,,,0.0,0.0,True,12.0,18.0,34.17049999999999,43.42049999999999,True,13.0,18.0,38.85049999999999,48.10049999999999,True,13.0,18.0,38.85049999999999,48.10049999999999,True,13.0,19.0,35.2125,44.4625,True,13.0,19.0,35.2125,44.4625
2024-03-22,24,44.411500000000004,False,,,0.0,0.0,True,13.0,18.0,42.6115,51.8615,True,12.0,18.0,44.3415,53.5915,True,12.0,18.0,44.3415,53.5915,True,13.0,18.0,42.6115,51.8615,True,13.0,18.0,42.6115,51.8615
2024-03-23,24,58.7765,False,,,0.0,0.0,True,2.0,18.0,-15.593499999999999,-6.343499999999999,True,14.0,19.0,57.977500000000006,67.2275,True,14.0,19.0,57.977500000000006,67.2275,True,14.0,19.0,57.977500000000006,67.2275,True,14.0,18.0,58.7765,68.0265
2024-03-24,24,54.5,False,,,0.0,0.0,True,14.0,18.0,54.5,63.75,True,13.0,18.0,54.5,63.75,True,13.0,18.0,54.5,63.75,True,15.0,18.0,54.5,63.75,True,15.0,18.0,54.5,63.75
2024-03-25,24,77.39499999999998,False,,,0.0,0.0,True,8.0,18.0,39.56499999999997,48.81499999999997,True,0.0,18.0,76.73499999999999,85.98499999999999,True,0.0,18.0,76.73499999999999,85.98499999999999,True,1.0,18.0,76.95499999999998,86.20499999999998,True,1.0,18.0,76.95499999999998,86.20499999999998
2024-03-26,24,64.89750000000001,False,,,0.0,0.0,True,12.0,18.0,64.89750000000001,74.14750000000001,True,12.0,18.0,64.89750000000001,74.14750000000001,True,12.0,18.0,64.89750000000001,74.14750000000001,True,2.0,18.0,7.477500000000006,16.727500000000006,True,2.0,18.0,7.477500000000006,16.727500000000006
2024-03-27,24,40.700500000000005,False,,,0.0,0.0,True,12.0,18.0,40.13050000000001,49.38050000000001,True,12.0,18.0,40.13050000000001,49.38050000000001,True,12.0,18.0,40.13050000000001,49.38050000000001,True,12.0,18.0,40.13050000000001,49.38050000000001,True,12.0,18.0,40.13050000000001,49.38050000000001
2024-03-28,24,53.5845,False,,,0.0,0.0,True,1.0,18.0,-18.975499999999997,-9.725499999999997,True,14.0,19.0,50.4905,59.7405,True,14.0,19.0,50.4905,59.7405,True,12.0,18.0,46.884499999999996,56.134499999999996,False,,,0.0,0.0
2024-03-29,24,70.5225,False,,,0.0,0.0,True,14.0,18.0,63.9845,73.2345,True,2.0,18.0,64.99449999999999,74.24449999999999,True,2.0,18.0,64.99449999999999,74.24449999999999,True,14.0,19.0,66.9425,76.1925,True,14.0,19.0,66.9425,76.1925
2024-03-30,24,58.79350000000001,False,,,0.0,0.0,True,13.0,19.0,54.90050000000001,64.15050000000001,True,12.0,18.0,50.883500000000005,60.133500000000005,True,12.0,18.0,50.883500000000005,60.133500000000005,True,14.0,19.0,45.880500000000005,55.130500000000005,True,14.0,19.0,45.880500000000005,55.130500000000005
2024-03-31,23,89.4165,False,,,0.0,0.0,True,13.0,18.0,89.4165,98.6665,True,12.0,18.0,87.3865,96.6365,True,12.0,18.0,87.3865,96.6365,True,13.0,19.0,60.88199999999999,70.13199999999999,True,13.0,19.0,60.88199999999999,70.13199999999999
2024-04-01,24,33.158,False,,,0.0,0.0,True,14.0,19.0,32.0105,41.2605,True,15.0,19.0,32.0105,41.2605,True,15.0,19.0,32.0105,41.2605,True,14.0,19.0,32.0105,41.2605,True,14.0,19.0,32.0105,41.2605
2024-04-02,24,72.92150000000001,False,,,0.0,0.0,True,14.0,20.0,71.46799999999999,80.71799999999999,True,15.0,19.0,71.8315,81.0815,True,15.0,19.0,71.8315,81.0815,True,13.0,19.0,72.8015,82.0515,False,,,0.0,0.0
2024-04-03,24,25.504999999999995,False,,,0.0,0.0,True,12.0,19.0,13.524999999999991,22.77499999999999,True,1.0,19.0,23.804999999999993,33.05499999999999,True,1.0,19.0,23.804999999999993,33.05499999999999,True,3.0,19.0,23.044999999999987,32.29499999999999,True,3.0,19.0,23.044999999999987,32.29499999999999
2024-04-04,24,17.64099999999999,False,,,0.0,0.0,True,2.0,19.0,17.64099999999999,26.89099999999999,True,2.0,19.0,17.64099999999999,26.89099999999999,True,2.0,19.0,17.64099999999999,26.89099999999999,True,14.0,19.0,12.32099999999999,21.57099999999999,False,,,0.0,0.0
2024-04-05,24,38.560500000000005,False,,,0.0,0.0,True,2.0,19.0,-17.661,-8.411000000000001,True,15.0,19.0,38.249,47.499,True,15.0,19.0,38.249,47.499,True,2.0,20.0,-17.916000000000004,-8.666000000000004,False,,,0.0,0.0
2024-04-06,24,113.5615,False,,,0.0,0.0,True,14.0,22.0,86.6495,95.8995,True,14.0,19.0,111.2315,120.4815,True,14.0,19.0,111.2315,120.4815,True,14.0,19.0,111.2315,120.4815,True,14.0,19.0,111.2315,120.4815
2024-04-07,24,109.67150000000001,False,,,0.0,0.0,True,13.0,19.0,109.67150000000001,118.92150000000001,True,12.0,19.0,92.8215,102.0715,True,12.0,19.0,92.8215,102.0715,True,14.0,19.0,102.9415,112.1915,True,14.0,19.0,102.9415,112.1915
2024-04-08,24,49.943,False,,,0.0,0.0,True,13.0,19.0,47.45500000000001,56.70500000000001,True,3.0,19.0,36.74500000000002,45.99500000000002,True,3.0,19.0,36.74500000000002,45.99500000000002,True,2.0,19.0,39.33500000000001,48.58500000000001,True,2.0,19.0,39.33500000000001,48.58500000000001
2024-04-09,24,50.147499999999994,False,,,0.0,0.0,True,2.0,7.0,3.2849999999999966,12.534999999999997,True,14.0,19.0,49.7375,58.9875,True,14.0,19.0,49.7375,58.9875,True,1.0,7.0,-1.375,7.875,False,,,0.0,0.0
2024-04-10,24,147.3115,False,,,0.0,0.0,True,13.0,19.0,122.9075,132.1575,True,1.0,19.0,147.2775,156.5275,True,1.0,19.0,147.2775,156.5275,True,14.0,19.0,121.9375,131.1875,False,,,0.0,0.0
2024-04-11,24,107.327,False,,,0.0,0.0,True,1.0,20.0,40.53699999999999,49.78699999999999,True,13.0,19.0,103.85600000000001,113.10600000000001,True,13.0,19.0,103.85600000000001,113.10600000000001,True,2.0,19.0,42.716,51.966,True,2.0,19.0,42.716,51.966
2024-04-12,24,97.8775,False,,,0.0,0.0,True,14.0,20.0,96.25049999999999,105.50049999999999,True,14.0,20.0,96.25049999999999,105.50049999999999,True,14.0,20.0,96.25049999999999,105.50049999999999,True,14.0,20.0,96.25049999999999,105.50049999999999,True,14.0,20.0,96.25049999999999,105.50049999999999
2024-04-13,24,108.184,False,,,0.0,0.0,True,13.0,19.0,103.174,112.424,True,13.0,19.0,103.174,112.424,True,13.0,19.0,103.174,112.424,True,14.0,19.0,108.184,117.434,True,14.0,19.0,108.184,117.434
2024-04-14,24,152.74349999999998,False,,,0.0,0.0,True,14.0,19.0,125.44999999999999,134.7,True,13.0,19.0,125.43,134.68,True,13.0,19.0,125.43,134.68,True,13.0,19.0,125.43,134.68,True,13.0,19.0,125.43,134.68
2024-04-15,24,59.2975,False,,,0.0,0.0,True,14.0,20.0,43.257,52.507,True,15.0,20.0,48.417,57.667,True,15.0,20.0,48.417,57.667,True,14.0,20.0,43.257,52.507,True,14.0,20.0,43.257,52.507
2024-04-16,24,96.55199999999999,False,,,0.0,0.0,True,4.0,7.0,36.401,45.651,True,2.0,7.0,53.731,62.981,True,2.0,7.0,53.731,62.981,True,3.0,7.0,53.141000000000005,62.391000000000005,False,,,0.0,0.0
2024-04-17,24,58.13499999999999,False,,,0.0,0.0,True,1.0,20.0,51.32499999999999,60.57499999999999,True,1.0,20.0,51.32499999999999,60.57499999999999,True,1.0,20.0,51.32499999999999,60.57499999999999,True,1.0,20.0,51.32499999999999,60.57499999999999,True,1.0,20.0,51.32499999999999,60.57499999999999
2024-04-18,24,35.760000000000005,False,,,0.0,0.0,True,15.0,20.0,29.55550000000001,38.80550000000001,True,15.0,20.0,29.55550000000001,38.80550000000001,True,15.0,20.0,29.55550000000001,38.80550000000001,True,14.0,20.0,27.245500000000007,36.49550000000001,False,,,0.0,0.0
2024-04-19,24,7.3799999999999955,False,,,0.0,0.0,True,1.0,7.0,-11.395999999999994,-2.1459999999999937,True,15.0,19.0,1.711999999999989,10.961999999999989,False,,,0.0,0.0,True,1.0,7.0,-11.395999999999994,-2.1459999999999937,False,,,0.0,0.0
2024-04-20,24,62.68400000000001,False,,,0.0,0.0,True,4.0,8.0,-15.005999999999993,-5.755999999999993,True,1.0,19.0,8.948499999999996,18.198499999999996,False,,,0.0,0.0,True,14.0,19.0,56.3685,65.6185,False,,,0.0,0.0
2024-04-21,24,72.62100000000001,False,,,0.0,0.0,True,14.0,20.0,72.62100000000001,81.87100000000001,True,15.0,20.0,70.971,80.221,True,15.0,20.0,70.971,80.221,True,14.0,20.0,72.62100000000001,81.87100000000001,True,14.0,20.0,72.62100000000001,81.87100000000001
2024-04-22,24,62.396,False,,,0.0,0.0,True,14.0,20.0,61.896,71.146,True,13.0,19.0,56.522499999999994,65.7725,False,,,0.0,0.0,True,14.0,20.0,61.896,71.146,False,,,0.0,0.0
2024-04-23,24,59.400999999999996,False,,,0.0,0.0,True,13.0,20.0,17.67949999999999,26.92949999999999,True,13.0,20.0,17.67949999999999,26.92949999999999,True,13.0,20.0,17.67949999999999,26.92949999999999,True,14.0,20.0,18.43949999999998,27.68949999999998,False,,,0.0,0.0
2024-04-24,24,37.81399999999999,False,,,0.0,0.0,True,3.0,7.0,24.83449999999999,34.08449999999999,True,3.0,7.0,24.83449999999999,34.08449999999999,True,3.0,7.0,24.83449999999999,34.08449999999999,True,0.0,7.0,17.894499999999994,27.144499999999994,False,,,0.0,0.0
2024-04-25,24,53.78649999999999,False,,,0.0,0.0,True,3.0,20.0,44.14649999999999,53.39649999999999,True,14.0,20.0,53.78649999999999,63.03649999999999,False,,,0.0,0.0,True,3.0,7.0,24.392500000000013,33.64250000000001,False,,,0.0,0.0
2024-04-26,24,45.723,False,,,0.0,0.0,True,14.0,20.0,45.723,54.973,True,14.0,20.0,45.723,54.973,True,14.0,20.0,45.723,54.973,True,14.0,20.0,45.723,54.973,False,,,0.0,0.0
2024-04-27,24,92.72500000000001,False,,,0.0,0.0,True,14.0,20.0,86.17949999999999,95.42949999999999,True,14.0,20.0,86.17949999999999,95.42949999999999,True,14.0,20.0,86.17949999999999,95.42949999999999,True,14.0,20.0,86.17949999999999,95.42949999999999,True,14.0,20.0,86.17949999999999,95.42949999999999
2024-04-28,24,122.58600000000001,False,,,0.0,0.0,True,13.0,19.0,109.79599999999999,119.04599999999999,True,13.0,20.0,116.6725,125.9225,True,13.0,20.0,116.6725,125.9225,True,14.0,19.0,114.76599999999999,124.01599999999999,True,14.0,19.0,114.76599999999999,124.01599999999999
2024-04-29,24,131.0045,False,,,0.0,0.0,True,14.0,21.0,49.387499999999996,58.637499999999996,True,1.0,20.0,104.5845,113.8345,False,,,0.0,0.0,True,14.0,20.0,131.0045,140.2545,True,14.0,20.0,131.0045,140.2545
2024-04-30,24,93.29849999999999,False,,,0.0,0.0,True,14.0,20.0,93.29849999999999,102.54849999999999,True,14.0,20.0,93.29849999999999,102.54849999999999,True,14.0,20.0,93.29849999999999,102.54849999999999,True,14.0,20.0,93.29849999999999,102.54849999999999,True,14.0,20.0,93.29849999999999,102.54849999999999
2024-05-01,24,153.66,False,,,0.0,0.0,True,14.0,20.0,153.32,162.57,True,14.0,20.0,153.32,162.57,True,14.0,20.0,153.32,162.57,True,14.0,20.0,153.32,162.57,False,,,0.0,0.0
2024-05-02,24,69.70599999999999,False,,,0.0,0.0,True,14.0,19.0,65.56599999999999,74.81599999999999,True,14.0,20.0,63.169,72.419,True,14.0,20.0,63.169,72.419,True,14.0,20.0,63.169,72.419,False,,,0.0,0.0
2024-05-03,24,34.748999999999995,False,,,0.0,0.0,True,13.0,19.0,21.0865,30.3365,True,14.0,20.0,32.649,41.899,False,,,0.0,0.0,True,14.0,19.0,20.366500000000002,29.616500000000002,False,,,0.0,0.0
2024-05-04,24,92.5,False,,,0.0,0.0,True,2.0,20.0,19.58,28.83,True,13.0,20.0,91.31,100.56,True,13.0,20.0,91.31,100.56,True,13.0,20.0,91.31,100.56,False,,,0.0,0.0
2024-05-05,24,86.852,False,,,0.0,0.0,True,14.0,20.0,86.852,96.102,True,14.0,20.0,86.852,96.102,True,14.0,20.0,86.852,96.102,True,14.0,20.0,86.852,96.102,True,14.0,20.0,86.852,96.102
2024-05-06,24,38.431500000000014,False,,,0.0,0.0,True,14.0,20.0,38.25150000000001,47.50150000000001,True,14.0,20.0,38.25150000000001,47.50150000000001,True,14.0,20.0,38.25150000000001,47.50150000000001,True,15.0,20.0,32.03150000000001,41.28150000000001,True,15.0,20.0,32.03150000000001,41.28150000000001
2024-05-07,24,53.61250000000001,False,,,0.0,0.0,True,13.0,20.0,48.712500000000006,57.962500000000006,True,14.0,20.0,53.61250000000001,62.86250000000001,False,,,0.0,0.0,True,14.0,20.0,53.61250000000001,62.86250000000001,False,,,0.0,0.0
2024-05-08,24,38.42699999999999,False,,,0.0,0.0,True,14.0,20.0,38.42699999999999,47.67699999999999,True,14.0,20.0,38.42699999999999,47.67699999999999,True,14.0,20.0,38.42699999999999,47.67699999999999,True,14.0,20.0,38.42699999999999,47.67699999999999,False,,,0.0,0.0
2024-05-09,24,105.65149999999998,False,,,0.0,0.0,True,14.0,20.0,105.65149999999998,114.90149999999998,True,13.0,20.0,104.97149999999998,114.22149999999998,True,13.0,20.0,104.97149999999998,114.22149999999998,True,15.0,20.0,104.55149999999999,113.80149999999999,False,,,0.0,0.0
2024-05-10,24,135.84199999999998,False,,,0.0,0.0,True,14.0,20.0,135.84199999999998,145.09199999999998,True,13.0,20.0,135.84199999999998,145.09199999999998,True,13.0,20.0,135.84199999999998,145.09199999999998,True,14.0,20.0,135.84199999999998,145.09199999999998,True,14.0,20.0,135.84199999999998,145.09199999999998
2024-05-11,24,119.10499999999999,False,,,0.0,0.0,True,13.0,20.0,116.865,126.115,True,14.0,20.0,119.10499999999999,128.355,True,14.0,20.0,119.10499999999999,128.355,True,14.0,20.0,119.10499999999999,128.355,True,14.0,20.0,119.10499999999999,128.355
2024-05-12,24,190.57899999999998,False,,,0.0,0.0,True,14.0,20.0,187.97899999999998,197.22899999999998,True,15.0,20.0,140.209,149.459,True,15.0,20.0,140.209,149.459,True,14.0,20.0,187.97899999999998,197.22899999999998,True,14.0,20.0,187.97899999999998,197.22899999999998
2024-05-13,24,117.693,False,,,0.0,0.0,True,13.0,20.0,111.16999999999999,120.41999999999999,True,12.0,19.0,117.693,126.943,True,12.0,19.0,117.693,126.943,True,14.0,20.0,111.35999999999999,120.60999999999999,True,14.0,20.0,111.35999999999999,120.60999999999999
2024-05-14,24,113.1495,False,,,0.0,0.0,True,12.0,19.0,98.395,107.645,True,15.0,20.0,90.0595,99.3095,True,15.0,20.0,90.0595,99.3095,True,14.0,19.0,101.725,110.975,False,,,0.0,0.0
2024-05-15,24,95.6,False,,,0.0,0.0,True,13.0,20.0,95.6,104.85,True,15.0,20.0,84.51,93.76,True,15.0,20.0,84.51,93.76,True,14.0,19.0,86.71399999999998,95.96399999999998,False,,,0.0,0.0
2024-05-16,24,84.88349999999998,False,,,0.0,0.0,True,13.0,20.0,84.88349999999998,94.13349999999998,True,13.0,20.0,84.88349999999998,94.13349999999998,True,13.0,20.0,84.88349999999998,94.13349999999998,True,13.0,20.0,84.88349999999998,94.13349999999998,False,,,0.0,0.0
2024-05-17,24,54.259,False,,,0.0,0.0,True,13.0,20.0,54.259,63.509,True,14.0,20.0,50.898999999999994,60.148999999999994,True,14.0,20.0,50.898999999999994,60.148999999999994,True,14.0,21.0,40.086999999999996,49.336999999999996,False,,,0.0,0.0
2024-05-18,24,105.451,False,,,0.0,0.0,True,13.0,20.0,103.96099999999998,113.21099999999998,True,14.0,20.0,105.451,114.701,True,14.0,20.0,105.451,114.701,True,13.0,21.0,96.413,105.663,False,,,0.0,0.0
2024-05-19,24,110.31099999999999,False,,,0.0,0.0,True,14.0,20.0,102.49099999999999,111.74099999999999,True,15.0,21.0,105.181,114.431,True,15.0,21.0,105.181,114.431,True,13.0,21.0,102.591,111.841,True,13.0,21.0,102.591,111.841
2024-05-20,24,106.595,False,,,0.0,0.0,True,14.0,21.0,93.36049999999999,102.61049999999999,True,13.0,20.0,106.265,115.515,True,13.0,20.0,106.265,115.515,True,14.0,20.0,106.595,115.845,False,,,0.0,0.0
2024-05-21,24,70.21300000000001,False,,,0.0,0.0,True,14.0,20.0,20.869499999999988,30.119499999999988,True,12.0,20.0,46.48949999999999,55.73949999999999,True,12.0,20.0,46.48949999999999,55.73949999999999,True,13.0,20.0,43.61949999999999,52.86949999999999,False,,,0.0,0.0
2024-05-22,24,68.27799999999999,False,,,0.0,0.0,True,12.0,19.0,50.06699999999999,59.31699999999999,True,2.0,19.0,50.81699999999999,60.06699999999999,True,2.0,19.0,50.81699999999999,60.06699999999999,True,12.0,19.0,50.06699999999999,59.31699999999999,False,,,0.0,0.0
2024-05-23,24,98.49099999999999,False,,,0.0,0.0,True,3.0,20.0,67.12099999999998,76.37099999999998,True,3.0,20.0,67.12099999999998,76.37099999999998,True,3.0,20.0,67.12099999999998,76.37099999999998,True,3.0,19.0,46.90799999999999,56.15799999999999,False,,,0.0,0.0
2024-05-24,24,16.971500000000006,False,,,0.0,0.0,True,13.0,20.0,9.260000000000005,18.510000000000005,True,13.0,20.0,9.260000000000005,18.510000000000005,True,13.0,20.0,9.260000000000005,18.510000000000005,True,13.0,20.0,9.260000000000005,18.510000000000005,True,13.0,20.0,9.260000000000005,18.510000000000005
2024-05-25,24,107.15749999999998,False,,,0.0,0.0,True,16.0,19.0,74.9245,84.1745,True,14.0,20.0,102.88199999999999,112.13199999999999,True,14.0,20.0,102.88199999999999,112.13199999999999,True,14.0,20.0,102.88199999999999,112.13199999999999,False,,,0.0,0.0
2024-05-26,24,117.56499999999998,False,,,0.0,0.0,True,14.0,21.0,117.56499999999998,126.81499999999998,True,13.0,21.0,104.34499999999998,113.59499999999998,True,13.0,21.0,104.34499999999998,113.59499999999998,True,13.0,21.0,104.34499999999998,113.59499999999998,True,13.0,21.0,104.34499999999998,113.59499999999998
2024-05-27,24,106.03100000000002,False,,,0.0,0.0,True,14.0,21.0,62.17100000000001,71.421,True,13.0,20.0,104.53100000000002,113.78100000000002,True,13.0,20.0,104.53100000000002,113.78100000000002,True,14.0,20.0,106.03100000000002,115.28100000000002,True,14.0,20.0,106.03100000000002,115.28100000000002
2024-05-28,24,58.1635,False,,,0.0,0.0,True,14.0,20.0,58.14349999999999,67.39349999999999,True,14.0,20.0,58.14349999999999,67.39349999999999,True,14.0,20.0,58.14349999999999,67.39349999999999,True,14.0,20.0,58.14349999999999,67.39349999999999,True,14.0,20.0,58.14349999999999,67.39349999999999
2024-05-29,24,66.61099999999999,False,,,0.0,0.0,True,13.0,20.0,47.925,57.175,True,13.0,20.0,47.925,57.175,True,13.0,20.0,47.925,57.175,True,14.0,20.0,47.995,57.245,False,,,0.0,0.0
2024-05-30,24,59.3005,False,,,0.0,0.0,True,5.0,21.0,11.892499999999984,21.142499999999984,True,13.0,20.0,59.3005,68.5505,True,13.0,20.0,59.3005,68.5505,True,13.0,20.0,59.3005,68.5505,False,,,0.0,0.0
2024-05-31,24,23.200000000000003,False,,,0.0,0.0,True,13.0,20.0,20.0,29.25,True,14.0,20.0,23.200000000000003,32.45,False,,,0.0,0.0,True,14.0,20.0,23.200000000000003,32.45,False,,,0.0,0.0
2024-06-01,24,60.81099999999999,False,,,0.0,0.0,True,14.0,20.0,60.81099999999999,70.06099999999999,True,15.0,20.0,57.931,67.181,False,,,0.0,0.0,True,14.0,20.0,60.81099999999999,70.06099999999999,False,,,0.0,0.0
2024-06-02,24,102.9885,False,,,0.0,0.0,True,14.0,20.0,87.42149999999998,96.67149999999998,True,15.0,20.0,91.07149999999999,100.32149999999999,True,15.0,20.0,91.07149999999999,100.32149999999999,True,14.0,20.0,87.42149999999998,96.67149999999998,True,14.0,20.0,87.42149999999998,96.67149999999998
2024-06-03,24,106.438,False,,,0.0,0.0,True,15.0,22.0,45.62649999999999,54.87649999999999,True,1.0,20.0,89.158,98.408,False,,,0.0,0.0,True,3.0,20.0,89.928,99.178,False,,,0.0,0.0
2024-06-04,24,147.082,False,,,0.0,0.0,True,14.0,20.0,147.082,156.332,True,14.0,20.0,147.082,156.332,True,14.0,20.0,147.082,156.332,True,13.0,20.0,135.672,144.922,True,13.0,20.0,135.672,144.922
2024-06-05,24,98.76700000000001,False,,,0.0,0.0,True,14.0,20.0,96.96500000000002,106.21500000000002,True,14.0,20.0,96.96500000000002,106.21500000000002,True,14.0,20.0,96.96500000000002,106.21500000000002,True,14.0,20.0,96.96500000000002,106.21500000000002,True,14.0,20.0,96.96500000000002,106.21500000000002
2024-06-06,24,113.81199999999998,False,,,0.0,0.0,True,14.0,21.0,109.08199999999998,118.33199999999998,True,13.0,20.0,110.63299999999998,119.88299999999998,True,13.0,20.0,110.63299999999998,119.88299999999998,True,14.0,20.0,105.90299999999998,115.15299999999998,True,14.0,20.0,105.90299999999998,115.15299999999998
2024-06-07,24,109.2075,False,,,0.0,0.0,True,13.0,21.0,96.16249999999998,105.41249999999998,True,14.0,21.0,104.11249999999998,113.36249999999998,True,14.0,21.0,104.11249999999998,113.36249999999998,True,14.0,21.0,104.11249999999998,113.36249999999998,False,,,0.0,0.0
2024-06-08,24,105.78,False,,,0.0,0.0,True,15.0,20.0,95.792,105.042,True,13.0,21.0,93.50850000000001,102.75850000000001,True,13.0,21.0,93.50850000000001,102.75850000000001,True,14.0,21.0,99.83850000000001,109.08850000000001,True,14.0,21.0,99.83850000000001,109.08850000000001
2024-06-09,24,126.37099999999998,False,,,0.0,0.0,True,14.0,22.0,120.047,129.297,True,15.0,22.0,111.58699999999999,120.83699999999999,True,15.0,22.0,111.58699999999999,120.83699999999999,True,14.0,21.0,122.44399999999999,131.694,True,14.0,21.0,122.44399999999999,131.694
2024-06-10,24,79.883,False,,,0.0,0.0,True,14.0,20.0,29.462500000000006,38.712500000000006,True,14.0,20.0,29.462500000000006,38.712500000000006,False,,,0.0,0.0,True,15.0,20.0,30.652500000000003,39.9025,True,15.0,20.0,30.652500000000003,39.9025
2024-06-11,24,99.244,False,,,0.0,0.0,True,3.0,7.0,20.151000000000003,29.401000000000003,True,14.0,20.0,99.244,108.494,True,14.0,20.0,99.244,108.494,True,3.0,7.0,20.151000000000003,29.401000000000003,False,,,0.0,0.0
2024-06-12,24,82.53099999999998,False,,,0.0,0.0,True,14.0,20.0,82.25899999999999,91.50899999999999,True,14.0,20.0,82.25899999999999,91.50899999999999,True,14.0,20.0,82.25899999999999,91.50899999999999,True,14.0,20.0,82.25899999999999,91.50899999999999,False,,,0.0,0.0
2024-06-13,24,107.4975,False,,,0.0,0.0,True,14.0,21.0,86.66400000000002,95.91400000000002,True,14.0,20.0,107.4975,116.7475,True,14.0,20.0,107.4975,116.7475,True,14.0,20.0,107.4975,116.7475,True,14.0,20.0,107.4975,116.7475
2024-06-14,24,65.60999999999999,False,,,0.0,0.0,True,14.0,20.0,58.2235,67.4735,True,14.0,20.0,58.2235,67.4735,True,14.0,20.0,58.2235,67.4735,True,14.0,20.0,58.2235,67.4735,True,14.0,20.0,58.2235,67.4735
2024-06-15,24,142.39800000000002,False,,,0.0,0.0,True,14.0,19.0,104.76,114.01,True,15.0,20.0,118.618,127.868,True,15.0,20.0,118.618,127.868,True,14.0,20.0,142.39800000000002,151.64800000000002,True,14.0,20.0,142.39800000000002,151.64800000000002
2024-06-16,24,132.058,False,,,0.0,0.0,True,14.0,20.0,127.69749999999999,136.9475,True,14.0,20.0,127.69749999999999,136.9475,True,14.0,20.0,127.69749999999999,136.9475,True,14.0,20.0,127.69749999999999,136.9475,True,14.0,20.0,127.69749999999999,136.9475
2024-06-17,24,129.93599999999998,False,,,0.0,0.0,True,14.0,21.0,114.1385,123.3885,True,2.0,21.0,91.9485,101.1985,True,2.0,21.0,91.9485,101.1985,True,2.0,20.0,100.576,109.826,False,,,0.0,0.0
2024-06-18,24,85.80949999999999,False,,,0.0,0.0,True,13.0,20.0,85.80949999999999,95.05949999999999,True,13.0,20.0,85.80949999999999,95.05949999999999,True,13.0,20.0,85.80949999999999,95.05949999999999,True,12.0,20.0,85.67949999999999,94.92949999999999,True,12.0,20.0,85.67949999999999,94.92949999999999
2024-06-19,24,90.451,False,,,0.0,0.0,True,13.0,20.0,73.02099999999999,82.27099999999999,True,14.0,20.0,90.451,99.701,True,14.0,20.0,90.451,99.701,True,14.0,20.0,90.451,99.701,True,14.0,20.0,90.451,99.701
2024-06-20,24,107.01650000000001,False,,,0.0,0.0,True,14.0,20.0,103.6465,112.8965,True,13.0,20.0,107.01650000000001,116.26650000000001,True,13.0,20.0,107.01650000000001,116.26650000000001,True,14.0,20.0,103.6465,112.8965,True,14.0,20.0,103.6465,112.8965
2024-06-21,24,11.920500000000004,False,,,0.0,0.0,True,13.0,20.0,5.310000000000002,14.560000000000002,True,14.0,20.0,9.77000000000001,19.02000000000001,True,14.0,20.0,9.77000000000001,19.02000000000001,True,14.0,20.0,9.77000000000001,19.02000000000001,True,14.0,20.0,9.77000000000001,19.02000000000001
2024-06-22,24,96.26249999999999,False,,,0.0,0.0,True,14.0,19.0,86.096,95.346,True,14.0,20.0,95.1485,104.3985,True,14.0,20.0,95.1485,104.3985,True,14.0,19.0,86.096,95.346,False,,,0.0,0.0
2024-06-23,24,91.08399999999999,False,,,0.0,0.0,True,15.0,21.0,90.92399999999999,100.17399999999999,True,14.0,21.0,91.08399999999999,100.33399999999999,True,14.0,21.0,91.08399999999999,100.33399999999999,True,14.0,21.0,91.08399999999999,100.33399999999999,True,14.0,21.0,91.08399999999999,100.33399999999999
2024-06-24,24,138.712,False,,,0.0,0.0,True,14.0,21.0,92.41999999999999,101.66999999999999,True,13.0,20.0,138.712,147.962,True,13.0,20.0,138.712,147.962,True,14.0,20.0,137.742,146.992,True,14.0,20.0,137.742,146.992
2024-06-25,24,106.98649999999999,False,,,0.0,0.0,True,13.0,20.0,106.98649999999999,116.23649999999999,True,13.0,20.0,106.98649999999999,116.23649999999999,True,13.0,20.0,106.98649999999999,116.23649999999999,True,13.0,20.0,106.98649999999999,116.23649999999999,True,13.0,20.0,106.98649999999999,116.23649999999999
2024-06-26,24,28.441499999999976,False,,,0.0,0.0,True,13.0,20.0,28.441499999999976,37.69149999999998,True,13.0,20.0,28.441499999999976,37.69149999999998,True,13.0,20.0,28.441499999999976,37.69149999999998,True,14.0,20.0,24.981499999999983,34.23149999999998,True,14.0,20.0,24.981499999999983,34.23149999999998
2024-06-27,24,116.22399999999999,False,,,0.0,0.0,True,13.0,20.0,115.47399999999999,124.72399999999999,True,13.0,20.0,115.47399999999999,124.72399999999999,True,13.0,20.0,115.47399999999999,124.72399999999999,True,13.0,20.0,115.47399999999999,124.72399999999999,False,,,0.0,0.0
2024-06-28,24,118.051,False,,,0.0,0.0,True,14.0,20.0,93.29050000000001,102.54050000000001,True,15.0,20.0,93.2505,102.5005,True,15.0,20.0,93.2505,102.5005,True,14.0,20.0,93.29050000000001,102.54050000000001,True,14.0,20.0,93.29050000000001,102.54050000000001
2024-06-29,24,109.3,False,,,0.0,0.0,True,14.0,21.0,87.13499999999999,96.38499999999999,True,13.0,21.0,87.285,96.535,True,13.0,21.0,87.285,96.535,True,15.0,21.0,85.755,95.005,True,15.0,21.0,85.755,95.005
2024-06-30,24,79.2915,False,,,0.0,0.0,True,13.0,20.0,77.17500000000001,86.42500000000001,True,14.0,20.0,76.75500000000001,86.00500000000001,True,14.0,20.0,76.75500000000001,86.00500000000001,True,14.0,20.0,76.75500000000001,86.00500000000001,True,14.0,20.0,76.75500000000001,86.00500000000001
2024-07-01,24,97.9115,False,,,0.0,0.0,True,13.0,21.0,30.58499999999998,39.83499999999998,True,14.0,20.0,92.6015,101.8515,True,14.0,20.0,92.6015,101.8515,True,13.0,20.0,62.6215,71.8715,True,13.0,20.0,62.6215,71.8715
2024-07-02,24,27.57,False,,,0.0,0.0,True,15.0,20.0,25.770000000000003,35.02,True,14.0,20.0,27.57,36.82,True,14.0,20.0,27.57,36.82,True,14.0,20.0,27.57,36.82,True,14.0,20.0,27.57,36.82
2024-07-03,24,66.87649999999996,False,,,0.0,0.0,True,14.0,20.0,56.93649999999997,66.18649999999997,True,14.0,20.0,56.93649999999997,66.18649999999997,False,,,0.0,0.0,True,14.0,20.0,56.93649999999997,66.18649999999997,False,,,0.0,0.0
2024-07-04,24,107.845,False,,,0.0,0.0,True,2.0,20.0,38.16349999999999,47.41349999999999,True,15.0,20.0,82.6535,91.9035,True,15.0,20.0,82.6535,91.9035,True,15.0,20.0,82.6535,91.9035,False,,,0.0,0.0
2024-07-05,24,112.53600000000002,False,,,0.0,0.0,True,14.0,21.0,102.353,111.603,True,13.0,21.0,102.213,111.463,True,13.0,21.0,102.213,111.463,True,13.0,21.0,102.213,111.463,True,13.0,21.0,102.213,111.463
2024-07-06,24,54.12,False,,,0.0,0.0,True,14.0,20.0,44.5065,53.7565,True,14.0,21.0,46.81,56.06,True,14.0,21.0,46.81,56.06,True,14.0,20.0,44.5065,53.7565,True,14.0,20.0,44.5065,53.7565
2024-07-07,24,126.31449999999998,False,,,0.0,0.0,True,14.0,22.0,109.65,118.9,True,12.0,21.0,117.43449999999999,126.68449999999999,True,12.0,21.0,117.43449999999999,126.68449999999999,True,14.0,22.0,109.65,118.9,False,,,0.0,0.0
2024-07-08,24,180.0475,False,,,0.0,0.0,True,13.0,21.0,108.93649999999998,118.18649999999998,True,14.0,20.0,179.9375,189.1875,True,14.0,20.0,179.9375,189.1875,True,4.0,20.0,133.2175,142.4675,True,4.0,20.0,133.2175,142.4675
2024-07-09,24,116.81500000000001,False,,,0.0,0.0,True,13.0,20.0,111.20399999999998,120.45399999999998,True,13.0,20.0,111.20399999999998,120.45399999999998,True,13.0,20.0,111.20399999999998,120.45399999999998,True,14.0,20.0,113.53399999999999,122.78399999999999,True,14.0,20.0,113.53399999999999,122.78399999999999
2024-07-10,24,85.63800000000002,False,,,0.0,0.0,True,14.0,19.0,20.512,29.762,True,1.0,20.0,62.16850000000002,71.41850000000002,True,1.0,20.0,62.16850000000002,71.41850000000002,True,13.0,20.0,72.48850000000002,81.73850000000002,False,,,0.0,0.0
2024-07-11,24,102.9505,False,,,0.0,0.0,True,13.0,21.0,84.77900000000001,94.02900000000001,True,13.0,21.0,84.77900000000001,94.02900000000001,True,13.0,21.0,84.77900000000001,94.02900000000001,True,13.0,20.0,99.73049999999999,108.98049999999999,False,,,0.0,0.0
2024-07-12,24,1.9720000000000084,False,,,0.0,0.0,True,14.0,20.0,-7.993499999999997,1.2565000000000026,True,14.0,20.0,-7.993499999999997,1.2565000000000026,True,14.0,20.0,-7.993499999999997,1.2565000000000026,True,14.0,20.0,-7.993499999999997,1.2565000000000026,True,14.0,20.0,-7.993499999999997,1.2565000000000026
2024-07-13,24,72.664,False,,,0.0,0.0,True,4.0,7.0,-18.323,-9.073,True,14.0,20.0,69.78250000000001,79.03250000000001,True,14.0,20.0,69.78250000000001,79.03250000000001,True,14.0,20.0,69.78250000000001,79.03250000000001,False,,,0.0,0.0
2024-07-14,24,163.14,False,,,0.0,0.0,True,14.0,22.0,154.67399999999998,163.92399999999998,True,13.0,21.0,157.088,166.338,True,13.0,21.0,157.088,166.338,True,14.0,21.0,157.088,166.338,True,14.0,21.0,157.088,166.338
2024-07-15,24,182.036,False,,,0.0,0.0,True,13.0,20.0,181.976,191.226,True,13.0,20.0,181.976,191.226,True,13.0,20.0,181.976,191.226,True,12.0,20.0,181.89600000000002,191.14600000000002,True,12.0,20.0,181.89600000000002,191.14600000000002
2024-07-16,24,105.59,False,,,0.0,0.0,True,14.0,20.0,105.59,114.84,True,14.0,20.0,105.59,114.84,True,14.0,20.0,105.59,114.84,True,14.0,20.0,105.59,114.84,True,14.0,20.0,105.59,114.84
2024-07-17,24,139.70749999999998,False,,,0.0,0.0,True,14.0,20.0,139.70749999999998,148.95749999999998,True,14.0,20.0,139.70749999999998,148.95749999999998,True,14.0,20.0,139.70749999999998,148.95749999999998,True,13.0,20.0,128.6575,137.9075,True,13.0,20.0,128.6575,137.9075
2024-07-18,24,150.24999999999997,False,,,0.0,0.0,True,14.0,20.0,147.2,156.45,True,13.0,20.0,150.24999999999997,159.49999999999997,True,13.0,20.0,150.24999999999997,159.49999999999997,True,14.0,20.0,147.2,156.45,True,14.0,20.0,147.2,156.45
2024-07-19,24,116.44099999999999,False,,,0.0,0.0,True,13.0,20.0,116.14099999999999,125.39099999999999,True,13.0,20.0,116.14099999999999,125.39099999999999,True,13.0,20.0,116.14099999999999,125.39099999999999,True,13.0,20.0,116.14099999999999,125.39099999999999,True,13.0,20.0,116.14099999999999,125.39099999999999
2024-07-20,24,109.9375,False,,,0.0,0.0,True,14.0,20.0,108.16749999999999,117.41749999999999,True,13.0,20.0,109.5775,118.8275,True,13.0,20.0,109.5775,118.8275,True,14.0,20.0,108.16749999999999,117.41749999999999,True,14.0,20.0,108.16749999999999,117.41749999999999
2024-07-21,24,99.862,False,,,0.0,0.0,True,12.0,20.0,99.268,108.518,True,13.0,20.0,99.358,108.608,True,13.0,20.0,99.358,108.608,True,14.0,20.0,99.488,108.738,True,14.0,20.0,99.488,108.738
2024-07-22,24,129.644,False,,,0.0,0.0,True,14.0,21.0,117.57399999999998,126.82399999999998,True,14.0,20.0,129.644,138.894,True,14.0,20.0,129.644,138.894,True,13.0,20.0,105.804,115.054,True,13.0,20.0,105.804,115.054
2024-07-23,24,55.482,False,,,0.0,0.0,True,14.0,20.0,55.482,64.732,True,14.0,20.0,55.482,64.732,True,14.0,20.0,55.482,64.732,True,14.0,20.0,55.482,64.732,True,14.0,20.0,55.482,64.732
2024-07-24,24,96.357,False,,,0.0,0.0,True,14.0,20.0,86.2505,95.5005,True,14.0,20.0,86.2505,95.5005,True,14.0,20.0,86.2505,95.5005,True,14.0,20.0,86.2505,95.5005,False,,,0.0,0.0
2024-07-25,24,109.842,False,,,0.0,0.0,True,14.0,21.0,89.34850000000002,98.59850000000002,True,14.0,20.0,109.842,119.092,True,14.0,20.0,109.842,119.092,True,14.0,20.0,109.842,119.092,False,,,0.0,0.0
2024-07-26,24,52.322500000000005,False,,,0.0,0.0,True,14.0,20.0,52.322500000000005,61.572500000000005,True,14.0,20.0,52.322500000000005,61.572500000000005,True,14.0,20.0,52.322500000000005,61.572500000000005,True,13.0,20.0,49.392500000000005,58.642500000000005,True,13.0,20.0,49.392500000000005,58.642500000000005
2024-07-27,24,77.585,False,,,0.0,0.0,True,14.0,20.0,77.46499999999999,86.71499999999999,True,14.0,20.0,77.46499999999999,86.71499999999999,True,14.0,20.0,77.46499999999999,86.71499999999999,True,14.0,20.0,77.46499999999999,86.71499999999999,True,14.0,20.0,77.46499999999999,86.71499999999999
2024-07-28,24,137.75099999999998,False,,,0.0,0.0,True,13.0,20.0,125.73249999999999,134.9825,True,13.0,21.0,128.971,138.221,True,13.0,21.0,128.971,138.221,True,14.0,20.0,134.5125,143.7625,True,14.0,20.0,134.5125,143.7625
2024-07-29,24,143.80949999999999,False,,,0.0,0.0,True,14.0,21.0,104.542,113.792,True,14.0,20.0,143.0895,152.3395,True,14.0,20.0,143.0895,152.3395,True,15.0,20.0,142.1795,151.4295,True,15.0,20.0,142.1795,151.4295
2024-07-30,24,141.3705,False,,,0.0,0.0,True,13.0,20.0,141.35049999999998,150.60049999999998,True,13.0,20.0,141.35049999999998,150.60049999999998,True,13.0,20.0,141.35049999999998,150.60049999999998,True,13.0,20.0,141.35049999999998,150.60049999999998,True,13.0,20.0,141.35049999999998,150.60049999999998
2024-07-31,24,95.1175,False,,,0.0,0.0,True,14.0,20.0,88.9475,98.1975,True,13.0,20.0,95.1175,104.3675,True,13.0,20.0,95.1175,104.3675,True,14.0,20.0,88.9475,98.1975,True,14.0,20.0,88.9475,98.1975
2024-08-01,24,47.729499999999994,False,,,0.0,0.0,True,13.0,20.0,47.729499999999994,56.979499999999994,True,13.0,20.0,47.729499999999994,56.979499999999994,True,13.0,20.0,47.729499999999994,56.979499999999994,True,14.0,20.0,45.7195,54.9695,True,14.0,20.0,45.7195,54.9695
2024-08-02,24,64.4315,False,,,0.0,0.0,True,13.0,20.0,53.0715,62.3215,True,14.0,20.0,61.5715,70.8215,True,14.0,20.0,61.5715,70.8215,True,14.0,20.0,61.5715,70.8215,False,,,0.0,0.0
2024-08-03,24,102.794,False,,,0.0,0.0,True,15.0,20.0,84.31400000000001,93.56400000000001,True,14.0,20.0,92.59400000000001,101.84400000000001,True,14.0,20.0,92.59400000000001,101.84400000000001,True,14.0,20.0,92.59400000000001,101.84400000000001,True,14.0,20.0,92.59400000000001,101.84400000000001
2024-08-04,24,99.15149999999998,False,,,0.0,0.0,True,14.0,21.0,99.15149999999998,108.40149999999998,True,13.0,21.0,97.0315,106.2815,True,13.0,21.0,97.0315,106.2815,True,12.0,21.0,96.93149999999999,106.18149999999999,True,12.0,21.0,96.93149999999999,106.18149999999999
2024-08-05,24,166.9085,False,,,0.0,0.0,True,14.0,21.0,99.69050000000001,108.94050000000001,True,14.0,20.0,166.9085,176.1585,True,14.0,20.0,166.9085,176.1585,True,14.0,20.0,166.9085,176.1585,True,14.0,20.0,166.9085,176.1585
2024-08-06,24,184.0225,False,,,0.0,0.0,True,14.0,20.0,182.1825,191.4325,True,13.0,20.0,184.0225,193.2725,True,13.0,20.0,184.0225,193.2725,True,14.0,20.0,182.1825,191.4325,True,14.0,20.0,182.1825,191.4325
2024-08-07,24,82.588,False,,,0.0,0.0,True,13.0,20.0,82.588,91.838,True,13.0,20.0,82.588,91.838,True,13.0,20.0,82.588,91.838,True,12.0,20.0,75.49799999999999,84.74799999999999,True,12.0,20.0,75.49799999999999,84.74799999999999
2024-08-08,24,126.2835,False,,,0.0,0.0,True,13.0,20.0,117.9735,127.2235,True,13.0,20.0,117.9735,127.2235,True,13.0,20.0,117.9735,127.2235,True,13.0,20.0,117.9735,127.2235,True,13.0,20.0,117.9735,127.2235
2024-08-09,24,97.77449999999999,False,,,0.0,0.0,True,14.0,20.0,97.77449999999999,107.02449999999999,True,14.0,20.0,97.77449999999999,107.02449999999999,True,14.0,20.0,97.77449999999999,107.02449999999999,True,14.0,20.0,97.77449999999999,107.02449999999999,True,14.0,20.0,97.77449999999999,107.02449999999999
2024-08-10,24,144.57,False,,,0.0,0.0,True,14.0,20.0,137.4555,146.7055,True,14.0,20.0,137.4555,146.7055,True,14.0,20.0,137.4555,146.7055,True,14.0,20.0,137.4555,146.7055,True,14.0,20.0,137.4555,146.7055
2024-08-11,24,167.31300000000002,False,,,0.0,0.0,True,13.0,21.0,157.9375,167.1875,True,13.0,20.0,167.31300000000002,176.56300000000002,True,13.0,20.0,167.31300000000002,176.56300000000002,True,13.0,21.0,157.9375,167.1875,True,13.0,21.0,157.9375,167.1875
2024-08-12,24,174.88400000000001,False,,,0.0,0.0,True,13.0,20.0,174.88400000000001,184.13400000000001,True,13.0,20.0,174.88400000000001,184.13400000000001,True,13.0,20.0,174.88400000000001,184.13400000000001,True,14.0,20.0,168.064,177.314,True,14.0,20.0,168.064,177.314
2024-08-13,24,124.92749999999998,False,,,0.0,0.0,True,13.0,20.0,124.92749999999998,134.17749999999998,True,12.0,20.0,122.2875,131.5375,True,12.0,20.0,122.2875,131.5375,True,14.0,20.0,117.33749999999998,126.58749999999998,True,14.0,20.0,117.33749999999998,126.58749999999998
2024-08-14,24,103.982,False,,,0.0,0.0,True,13.0,20.0,101.452,110.702,True,13.0,20.0,101.452,110.702,True,13.0,20.0,101.452,110.702,True,14.0,20.0,102.122,111.372,True,14.0,20.0,102.122,111.372
2024-08-15,24,127.04499999999999,False,,,0.0,0.0,True,12.0,20.0,117.145,126.395,True,14.0,20.0,127.04499999999999,136.295,True,14.0,20.0,127.04499999999999,136.295,True,12.0,20.0,117.145,126.395,True,12.0,20.0,117.145,126.395
2024-08-16,24,149.832,False,,,0.0,0.0,True,14.0,20.0,149.832,159.082,True,12.0,20.0,146.72199999999998,155.97199999999998,True,12.0,20.0,146.72199999999998,155.97199999999998,True,13.0,20.0,147.47199999999998,156.72199999999998,True,13.0,20.0,147.47199999999998,156.72199999999998
2024-08-17,24,78.12299999999999,False,,,0.0,0.0,True,14.0,20.0,78.12299999999999,87.37299999999999,True,14.0,20.0,78.12299999999999,87.37299999999999,True,14.0,20.0,78.12299999999999,87.37299999999999,True,14.0,20.0,78.12299999999999,87.37299999999999,True,14.0,20.0,78.12299999999999,87.37299999999999
2024-08-18,24,71.358,False,,,0.0,0.0,True,14.0,20.0,71.358,80.608,True,15.0,20.0,37.798,47.048,True,15.0,20.0,37.798,47.048,True,14.0,20.0,71.358,80.608,True,14.0,20.0,71.358,80.608
2024-08-19,24,85.13550000000001,False,,,0.0,0.0,True,14.0,20.0,83.79550000000002,93.04550000000002,True,14.0,19.0,80.54,89.79,True,14.0,19.0,80.54,89.79,True,14.0,19.0,80.54,89.79,True,14.0,19.0,80.54,89.79
2024-08-20,24,107.51849999999999,False,,,0.0,0.0,True,13.0,20.0,104.0335,113.2835,True,13.0,20.0,104.0335,113.2835,True,13.0,20.0,104.0335,113.2835,True,14.0,19.0,105.37849999999999,114.62849999999999,True,14.0,19.0,105.37849999999999,114.62849999999999
2024-08-21,24,131.3275,False,,,0.0,0.0,True,13.0,19.0,97.6765,106.9265,True,14.0,20.0,131.3275,140.5775,True,14.0,20.0,131.3275,140.5775,True,14.0,19.0,98.6365,107.8865,True,14.0,19.0,98.6365,107.8865
2024-08-22,24,90.92899999999999,False,,,0.0,0.0,True,14.0,20.0,87.035,96.285,True,13.0,20.0,88.085,97.335,True,13.0,20.0,88.085,97.335,True,11.0,20.0,85.52499999999999,94.77499999999999,True,11.0,20.0,85.52499999999999,94.77499999999999
2024-08-23,24,111.9775,False,,,0.0,0.0,True,15.0,19.0,85.5005,94.7505,True,14.0,20.0,108.08449999999999,117.33449999999999,True,14.0,20.0,108.08449999999999,117.33449999999999,True,14.0,20.0,108.08449999999999,117.33449999999999,False,,,0.0,0.0
2024-08-24,24,112.72200000000001,False,,,0.0,0.0,True,14.0,21.0,93.5035,102.7535,True,14.0,19.0,112.72200000000001,121.97200000000001,True,14.0,19.0,112.72200000000001,121.97200000000001,True,14.0,21.0,93.5035,102.7535,True,14.0,21.0,93.5035,102.7535
2024-08-25,24,112.2925,False,,,0.0,0.0,True,14.0,19.0,104.08,113.33,True,14.0,19.0,104.08,113.33,True,14.0,19.0,104.08,113.33,True,14.0,19.0,104.08,113.33,True,14.0,19.0,104.08,113.33
2024-08-26,24,169.601,False,,,0.0,0.0,True,13.0,20.0,169.601,178.851,True,13.0,19.0,134.96349999999998,144.21349999999998,True,13.0,19.0,134.96349999999998,144.21349999999998,True,2.0,20.0,106.21100000000001,115.46100000000001,True,2.0,20.0,106.21100000000001,115.46100000000001
2024-08-27,24,186.9825,False,,,0.0,0.0,True,13.0,20.0,174.80199999999996,184.05199999999996,True,13.0,20.0,174.80199999999996,184.05199999999996,True,13.0,20.0,174.80199999999996,184.05199999999996,True,13.0,20.0,174.80199999999996,184.05199999999996,True,13.0,20.0,174.80199999999996,184.05199999999996
2024-08-28,24,156.0055,False,,,0.0,0.0,True,13.0,19.0,151.97349999999997,161.22349999999997,True,13.0,19.0,151.97349999999997,161.22349999999997,True,13.0,19.0,151.97349999999997,161.22349999999997,True,14.0,20.0,156.0055,165.2555,True,14.0,20.0,156.0055,165.2555
2024-08-29,24,191.37949999999998,False,,,0.0,0.0,True,14.0,20.0,185.30949999999999,194.55949999999999,True,14.0,20.0,185.30949999999999,194.55949999999999,True,14.0,20.0,185.30949999999999,194.55949999999999,True,14.0,19.0,132.7965,142.0465,True,14.0,19.0,132.7965,142.0465
2024-08-30,24,44.3635,False,,,0.0,0.0,True,13.0,20.0,27.246499999999983,36.49649999999998,True,13.0,20.0,27.246499999999983,36.49649999999998,True,13.0,20.0,27.246499999999983,36.49649999999998,True,13.0,20.0,27.246499999999983,36.49649999999998,True,13.0,20.0,27.246499999999983,36.49649999999998
2024-08-31,24,117.59649999999999,False,,,0.0,0.0,True,14.0,19.0,117.59649999999999,126.84649999999999,True,14.0,19.0,117.59649999999999,126.84649999999999,True,14.0,19.0,117.59649999999999,126.84649999999999,True,14.0,20.0,99.313,108.563,True,14.0,20.0,99.313,108.563
2024-09-01,24,126.60999999999999,False,,,0.0,0.0,True,14.0,19.0,122.54999999999998,131.79999999999998,True,13.0,19.0,126.60999999999999,135.85999999999999,True,13.0,19.0,126.60999999999999,135.85999999999999,True,14.0,19.0,122.54999999999998,131.79999999999998,True,14.0,19.0,122.54999999999998,131.79999999999998
2024-09-02,24,126.65,False,,,0.0,0.0,True,13.0,19.0,126.65,135.9,True,13.0,19.0,126.65,135.9,True,13.0,19.0,126.65,135.9,True,13.0,20.0,89.811,99.061,True,13.0,20.0,89.811,99.061
2024-09-03,24,465.9745,False,,,0.0,0.0,True,13.0,19.0,465.9745,475.2245,True,13.0,19.0,465.9745,475.2245,True,13.0,19.0,465.9745,475.2245,True,13.0,19.0,465.9745,475.2245,True,13.0,19.0,465.9745,475.2245
2024-09-04,24,173.60950000000003,False,,,0.0,0.0,True,13.0,19.0,172.3195,181.5695,True,13.0,19.0,172.3195,181.5695,True,13.0,19.0,172.3195,181.5695,True,13.0,19.0,172.3195,181.5695,True,13.0,19.0,172.3195,181.5695
2024-09-05,24,95.209,False,,,0.0,0.0,True,14.0,19.0,95.209,104.459,True,15.0,19.0,82.54899999999999,91.79899999999999,True,15.0,19.0,82.54899999999999,91.79899999999999,True,14.0,19.0,95.209,104.459,True,14.0,19.0,95.209,104.459
2024-09-06,24,94.2865,False,,,0.0,0.0,True,14.0,19.0,85.86999999999999,95.11999999999999,True,13.0,19.0,87.91999999999999,97.16999999999999,True,13.0,19.0,87.91999999999999,97.16999999999999,True,14.0,19.0,85.86999999999999,95.11999999999999,True,14.0,19.0,85.86999999999999,95.11999999999999
2024-09-07,24,118.15,False,,,0.0,0.0,True,13.0,20.0,102.78,112.03,True,13.0,19.0,117.57000000000001,126.82000000000001,True,13.0,19.0,117.57000000000001,126.82000000000001,True,14.0,20.0,103.36,112.61,True,14.0,20.0,103.36,112.61
2024-09-08,24,99.642,False,,,0.0,0.0,True,14.0,19.0,95.1175,104.3675,True,13.0,19.0,96.2675,105.5175,True,13.0,19.0,96.2675,105.5175,True,14.0,19.0,95.1175,104.3675,True,14.0,19.0,95.1175,104.3675
2024-09-09,24,44.3545,False,,,0.0,0.0,True,13.0,20.0,-3.619500000000002,5.630499999999998,True,14.0,19.0,6.0660000000000025,15.316000000000003,False,,,0.0,0.0,True,15.0,19.0,4.146000000000001,13.396,False,,,0.0,0.0
2024-09-10,24,69.8835,False,,,0.0,0.0,True,3.0,8.0,27.089,36.339,True,14.0,19.0,69.8835,79.1335,True,14.0,19.0,69.8835,79.1335,True,3.0,8.0,27.089,36.339,False,,,0.0,0.0
2024-09-11,24,79.191,False,,,0.0,0.0,True,14.0,19.0,43.18100000000001,52.43100000000001,True,0.0,19.0,72.18100000000001,81.43100000000001,True,0.0,19.0,72.18100000000001,81.43100000000001,True,1.0,8.0,44.952,54.202,False,,,0.0,0.0
2024-09-12,24,167.5285,False,,,0.0,0.0,True,2.0,19.0,161.8285,171.0785,True,13.0,20.0,125.03699999999998,134.28699999999998,True,13.0,20.0,125.03699999999998,134.28699999999998,True,13.0,19.0,167.5285,176.7785,False,,,0.0,0.0
2024-09-13,24,18.524000000000015,False,,,0.0,0.0,True,13.0,19.0,-1.75,7.5,True,14.0,19.0,8.790000000000006,18.040000000000006,True,14.0,19.0,8.790000000000006,18.040000000000006,True,14.0,19.0,8.790000000000006,18.040000000000006,True,14.0,19.0,8.790000000000006,18.040000000000006
2024-09-14,24,98.80299999999998,False,,,0.0,0.0,True,4.0,8.0,8.259,17.509,True,14.0,19.0,98.80299999999998,108.05299999999998,True,14.0,19.0,98.80299999999998,108.05299999999998,True,14.0,19.0,98.80299999999998,108.05299999999998,True,14.0,19.0,98.80299999999998,108.05299999999998
2024-09-15,24,104.34599999999999,False,,,0.0,0.0,True,14.0,19.0,104.34599999999999,113.59599999999999,True,13.0,19.0,103.946,113.196,True,13.0,19.0,103.946,113.196,True,14.0,19.0,104.34599999999999,113.59599999999999,True,14.0,19.0,104.34599999999999,113.59599999999999
2024-09-16,24,30.560999999999993,False,,,0.0,0.0,True,14.0,19.0,5.574499999999986,14.824499999999986,True,2.0,7.0,13.989999999999995,23.239999999999995,False,,,0.0,0.0,True,2.0,19.0,-0.8255000000000194,8.42449999999998,False,,,0.0,0.0
2024-09-17,24,77.7605,False,,,0.0,0.0,True,4.0,8.0,27.602000000000004,36.852000000000004,True,15.0,19.0,58.960499999999996,68.2105,False,,,0.0,0.0,True,14.0,19.0,77.7605,87.0105,False,,,0.0,0.0
2024-09-18,24,101.27199999999999,False,,,0.0,0.0,True,14.0,19.0,101.27199999999999,110.52199999999999,True,14.0,19.0,101.27199999999999,110.52199999999999,True,14.0,19.0,101.27199999999999,110.52199999999999,True,13.0,19.0,101.18199999999999,110.43199999999999,False,,,0.0,0.0
2024-09-19,24,104.995,False,,,0.0,0.0,True,14.0,19.0,104.995,114.245,True,14.0,19.0,104.995,114.245,True,14.0,19.0,104.995,114.245,True,14.0,19.0,104.995,114.245,False,,,0.0,0.0
2024-09-20,24,114.622,False,,,0.0,0.0,True,14.0,19.0,114.542,123.792,True,14.0,19.0,114.542,123.792,True,14.0,19.0,114.542,123.792,True,14.0,19.0,114.542,123.792,False,,,0.0,0.0
2024-09-21,24,115.39150000000001,False,,,0.0,0.0,True,13.0,19.0,114.8015,124.0515,True,13.0,19.0,114.8015,124.0515,True,13.0,19.0,114.8015,124.0515,True,14.0,19.0,115.39150000000001,124.64150000000001,True,14.0,19.0,115.39150000000001,124.64150000000001
2024-09-22,24,124.43300000000002,False,,,0.0,0.0,True,14.0,19.0,124.34300000000002,133.59300000000002,True,13.0,19.0,124.43300000000002,133.68300000000002,True,13.0,19.0,124.43300000000002,133.68300000000002,True,13.0,19.0,124.43300000000002,133.68300000000002,True,13.0,19.0,124.43300000000002,133.68300000000002
2024-09-23,24,193.33149999999995,False,,,0.0,0.0,True,13.0,19.0,193.33149999999995,202.58149999999995,True,14.0,19.0,193.11149999999998,202.36149999999998,True,14.0,19.0,193.11149999999998,202.36149999999998,True,15.0,19.0,188.90149999999994,198.15149999999994,False,,,0.0,0.0
2024-09-24,24,34.67049999999999,False,,,0.0,0.0,True,13.0,19.0,27.2705,36.5205,True,14.0,19.0,34.67049999999999,43.92049999999999,True,14.0,19.0,34.67049999999999,43.92049999999999,True,14.0,19.0,34.67049999999999,43.92049999999999,True,14.0,19.0,34.67049999999999,43.92049999999999
2024-09-25,24,138.07699999999997,False,,,0.0,0.0,True,14.0,19.0,101.32699999999997,110.57699999999997,True,1.0,18.0,81.33999999999997,90.58999999999997,True,1.0,18.0,81.33999999999997,90.58999999999997,True,14.0,19.0,101.32699999999997,110.57699999999997,True,14.0,19.0,101.32699999999997,110.57699999999997
2024-09-26,24,54.31999999999999,False,,,0.0,0.0,True,13.0,19.0,54.31999999999999,63.56999999999999,True,14.0,19.0,53.71999999999999,62.96999999999999,True,14.0,19.0,53.71999999999999,62.96999999999999,True,13.0,19.0,54.31999999999999,63.56999999999999,True,13.0,19.0,54.31999999999999,63.56999999999999
2024-09-27,24,50.2375,False,,,0.0,0.0,True,13.0,19.0,48.4695,57.7195,True,14.0,19.0,47.19949999999999,56.44949999999999,True,14.0,19.0,47.19949999999999,56.44949999999999,True,14.0,19.0,47.19949999999999,56.44949999999999,False,,,0.0,0.0
2024-09-28,24,75.818,False,,,0.0,0.0,True,13.0,18.0,58.988,68.238,True,14.0,19.0,75.818,85.068,True,14.0,19.0,75.818,85.068,True,14.0,19.0,75.818,85.068,False,,,0.0,0.0
2024-09-29,24,133.47199999999998,False,,,0.0,0.0,True,13.0,19.0,133.47199999999998,142.72199999999998,True,13.0,19.0,133.47199999999998,142.72199999999998,True,13.0,19.0,133.47199999999998,142.72199999999998,True,14.0,19.0,133.42199999999997,142.67199999999997,True,14.0,19.0,133.42199999999997,142.67199999999997
2024-09-30,24,64.7375,False,,,0.0,0.0,True,13.0,19.0,43.29399999999999,52.54399999999999,True,3.0,19.0,39.82399999999999,49.07399999999999,True,3.0,19.0,39.82399999999999,49.07399999999999,True,2.0,19.0,36.95399999999999,46.20399999999999,True,2.0,19.0,36.95399999999999,46.20399999999999
2024-10-01,24,106.7635,False,,,0.0,0.0,True,3.0,8.0,88.46300000000001,97.71300000000001,True,1.0,18.0,104.495,113.745,True,1.0,18.0,104.495,113.745,True,14.0,18.0,48.055,57.305,False,,,0.0,0.0
2024-10-02,24,31.164999999999978,False,,,0.0,0.0,True,3.0,19.0,26.37949999999998,35.62949999999998,True,3.0,19.0,26.37949999999998,35.62949999999998,True,3.0,19.0,26.37949999999998,35.62949999999998,True,2.0,19.0,24.219499999999982,33.46949999999998,True,2.0,19.0,24.219499999999982,33.46949999999998
2024-10-03,24,54.792,False,,,0.0,0.0,True,3.0,8.0,-8.260500000000008,0.9894999999999925,True,14.0,19.0,49.63199999999999,58.88199999999999,False,,,0.0,0.0,True,3.0,9.0,-11.465000000000003,-2.2150000000000034,False,,,0.0,0.0
2024-10-04,24,45.417,False,,,0.0,0.0,True,13.0,19.0,43.92700000000001,53.17700000000001,True,13.0,19.0,43.92700000000001,53.17700000000001,True,13.0,19.0,43.92700000000001,53.17700000000001,True,13.0,19.0,43.92700000000001,53.17700000000001,False,,,0.0,0.0
2024-10-05,24,78.2225,False,,,0.0,0.0,True,3.0,19.0,36.99799999999999,46.24799999999999,True,3.0,19.0,36.99799999999999,46.24799999999999,False,,,0.0,0.0,True,14.0,19.0,69.048,78.298,False,,,0.0,0.0
2024-10-06,24,81.115,False,,,0.0,0.0,True,13.0,18.0,81.115,90.365,True,13.0,18.0,81.115,90.365,True,13.0,18.0,81.115,90.365,True,14.0,19.0,73.397,82.647,True,14.0,19.0,73.397,82.647
2024-10-07,24,162.6025,False,,,0.0,0.0,True,13.0,18.0,149.4625,158.7125,True,2.0,18.0,159.5025,168.7525,True,2.0,18.0,159.5025,168.7525,True,13.0,18.0,149.4625,158.7125,False,,,0.0,0.0
2024-10-08,24,74.05,False,,,0.0,0.0,True,3.0,18.0,64.3345,73.5845,True,3.0,18.0,64.3345,73.5845,True,3.0,18.0,64.3345,73.5845,True,2.0,18.0,60.0145,69.2645,True,2.0,18.0,60.0145,69.2645
2024-10-09,24,44.482000000000006,False,,,0.0,0.0,True,3.0,19.0,44.482000000000006,53.732000000000006,True,12.0,19.0,39.00200000000001,48.25200000000001,False,,,0.0,0.0,True,4.0,18.0,37.580499999999994,46.830499999999994,False,,,0.0,0.0
2024-10-10,24,76.232,False,,,0.0,0.0,True,3.0,19.0,60.172,69.422,True,13.0,19.0,76.232,85.482,True,13.0,19.0,76.232,85.482,True,13.0,19.0,76.232,85.482,False,,,0.0,0.0
2024-10-11,24,81.68400000000001,False,,,0.0,0.0,True,13.0,19.0,81.68400000000001,90.93400000000001,True,2.0,19.0,67.15400000000001,76.40400000000001,False,,,0.0,0.0,True,2.0,19.0,67.15400000000001,76.40400000000001,False,,,0.0,0.0
2024-10-12,24,45.150999999999996,False,,,0.0,0.0,True,13.0,19.0,42.397000000000006,51.647000000000006,True,13.0,19.0,42.397000000000006,51.647000000000006,True,13.0,19.0,42.397000000000006,51.647000000000006,True,13.0,19.0,42.397000000000006,51.647000000000006,False,,,0.0,0.0
2024-10-13,24,52.38249999999999,False,,,0.0,0.0,True,13.0,18.0,36.3655,45.6155,True,14.0,19.0,52.38249999999999,61.63249999999999,True,14.0,19.0,52.38249999999999,61.63249999999999,True,13.0,18.0,36.3655,45.6155,False,,,0.0,0.0
2024-10-14,24,185.66899999999998,False,,,0.0,0.0,True,14.0,19.0,145.869,155.119,True,0.0,18.0,172.18500000000003,181.43500000000003,True,0.0,18.0,172.18500000000003,181.43500000000003,True,3.0,18.0,174.925,184.175,False,,,0.0,0.0
2024-10-15,24,67.53149999999998,False,,,0.0,0.0,True,3.0,19.0,-10.57650000000001,-1.32650000000001,True,3.0,18.0,22.981499999999983,32.23149999999998,True,3.0,18.0,22.981499999999983,32.23149999999998,True,3.0,19.0,-10.57650000000001,-1.32650000000001,True,3.0,19.0,-10.57650000000001,-1.32650000000001
2024-10-16,24,63.832999999999984,False,,,0.0,0.0,True,4.0,7.0,44.786500000000004,54.036500000000004,True,13.0,18.0,60.50949999999999,69.75949999999999,True,13.0,18.0,60.50949999999999,69.75949999999999,True,13.0,18.0,60.50949999999999,69.75949999999999,False,,,0.0,0.0
2024-10-17,24,143.4185,False,,,0.0,0.0,True,13.0,19.0,89.5915,98.8415,True,3.0,19.0,131.5015,140.7515,True,3.0,19.0,131.5015,140.7515,True,3.0,18.0,143.4185,152.6685,False,,,0.0,0.0
2024-10-18,24,65.99799999999999,False,,,0.0,0.0,True,3.0,18.0,65.99799999999999,75.24799999999999,True,1.0,18.0,63.678,72.928,True,1.0,18.0,63.678,72.928,True,3.0,18.0,65.99799999999999,75.24799999999999,False,,,0.0,0.0
2024-10-19,24,45.23699999999999,False,,,0.0,0.0,True,3.0,18.0,30.936999999999983,40.18699999999998,True,13.0,18.0,45.23699999999999,54.48699999999999,True,13.0,18.0,45.23699999999999,54.48699999999999,True,14.0,18.0,42.30699999999999,51.55699999999999,False,,,0.0,0.0
2024-10-20,24,44.355,False,,,0.0,0.0,True,13.0,18.0,43.324999999999996,52.574999999999996,True,14.0,18.0,44.355,53.605,True,14.0,18.0,44.355,53.605,True,14.0,18.0,44.355,53.605,False,,,0.0,0.0
2024-10-21,24,179.68349999999998,False,,,0.0,0.0,True,14.0,18.0,97.89349999999999,107.14349999999999,True,1.0,18.0,179.6435,188.8935,True,1.0,18.0,179.6435,188.8935,True,2.0,18.0,179.68349999999998,188.93349999999998,False,,,0.0,0.0
2024-10-22,24,53.95750000000001,False,,,0.0,0.0,True,2.0,18.0,24.366000000000014,33.616000000000014,True,4.0,18.0,26.866000000000014,36.116000000000014,True,4.0,18.0,26.866000000000014,36.116000000000014,True,2.0,18.0,24.366000000000014,33.616000000000014,True,2.0,18.0,24.366000000000014,33.616000000000014
2024-10-23,24,97.233,False,,,0.0,0.0,True,13.0,19.0,60.719999999999985,69.96999999999998,True,13.0,19.0,60.719999999999985,69.96999999999998,True,13.0,19.0,60.719999999999985,69.96999999999998,True,13.0,19.0,60.719999999999985,69.96999999999998,False,,,0.0,0.0
2024-10-24,24,56.03949999999999,False,,,0.0,0.0,True,14.0,18.0,29.540499999999994,38.790499999999994,True,2.0,18.0,30.380499999999998,39.6305,True,2.0,18.0,30.380499999999998,39.6305,True,14.0,18.0,29.540499999999994,38.790499999999994,True,14.0,18.0,29.540499999999994,38.790499999999994
2024-10-25,24,105.79199999999997,False,,,0.0,0.0,True,3.0,8.0,36.1515,45.4015,True,3.0,8.0,36.1515,45.4015,True,3.0,8.0,36.1515,45.4015,True,3.0,8.0,36.1515,45.4015,False,,,0.0,0.0
2024-10-26,24,55.71500000000002,False,,,0.0,0.0,True,13.0,18.0,55.71500000000002,64.96500000000002,True,13.0,18.0,55.71500000000002,64.96500000000002,True,13.0,18.0,55.71500000000002,64.96500000000002,True,13.0,18.0,55.71500000000002,64.96500000000002,True,13.0,18.0,55.71500000000002,64.96500000000002
2024-10-27,23,76.815,False,,,0.0,0.0,True,12.0,17.0,76.815,86.065,True,13.0,18.0,74.6035,83.8535,True,13.0,18.0,74.6035,83.8535,True,13.0,17.0,76.805,86.055,False,,,0.0,0.0
2024-10-28,24,33.14,False,,,0.0,0.0,True,12.0,17.0,15.763500000000008,25.013500000000008,True,3.0,18.0,33.14,42.39,True,3.0,18.0,33.14,42.39,True,1.0,17.0,16.32350000000001,25.57350000000001,False,,,0.0,0.0
2024-10-29,24,135.51,False,,,0.0,0.0,True,3.0,18.0,111.40399999999998,120.65399999999998,True,3.0,18.0,111.40399999999998,120.65399999999998,False,,,0.0,0.0,True,3.0,18.0,111.40399999999998,120.65399999999998,False,,,0.0,0.0
2024-10-30,24,57.498000000000005,False,,,0.0,0.0,True,3.0,17.0,57.498000000000005,66.748,True,2.0,17.0,57.388000000000005,66.638,True,2.0,17.0,57.388000000000005,66.638,True,2.0,17.0,57.388000000000005,66.638,True,2.0,17.0,57.388000000000005,66.638
2024-10-31,24,11.489999999999995,False,,,0.0,0.0,True,3.0,17.0,5.589999999999989,14.83999999999999,True,3.0,17.0,5.589999999999989,14.83999999999999,False,,,0.0,0.0,True,3.0,17.0,5.589999999999989,14.83999999999999,False,,,0.0,0.0
2024-11-01,24,63.1495,False,,,0.0,0.0,True,12.0,17.0,63.1495,72.3995,True,12.0,18.0,61.53450000000001,70.78450000000001,False,,,0.0,0.0,True,12.0,18.0,61.53450000000001,70.78450000000001,False,,,0.0,0.0
2024-11-02,24,39.52600000000001,False,,,0.0,0.0,True,12.0,17.0,36.846000000000004,46.096000000000004,True,12.0,17.0,36.846000000000004,46.096000000000004,False,,,0.0,0.0,True,13.0,18.0,26.671999999999983,35.92199999999998,False,,,0.0,0.0
2024-11-03,24,46.8435,False,,,0.0,0.0,True,3.0,17.0,14.383499999999998,23.633499999999998,True,12.0,17.0,46.8435,56.0935,True,12.0,17.0,46.8435,56.0935,True,12.0,18.0,45.2965,54.5465,False,,,0.0,0.0
2024-11-04,24,147.56849999999997,False,,,0.0,0.0,True,12.0,17.0,142.2685,151.5185,True,12.0,17.0,142.2685,151.5185,False,,,0.0,0.0,True,3.0,17.0,147.56849999999997,156.81849999999997,False,,,0.0,0.0
2024-11-05,24,329.0635,False,,,0.0,0.0,True,3.0,17.0,327.26349999999996,336.51349999999996,True,2.0,17.0,329.0635,338.3135,True,2.0,17.0,329.0635,338.3135,True,3.0,17.0,327.26349999999996,336.51349999999996,True,3.0,17.0,327.26349999999996,336.51349999999996
2024-11-06,24,592.3734999999999,False,,,0.0,0.0,True,2.0,17.0,592.3734999999999,601.6234999999999,True,2.0,17.0,592.3734999999999,601.6234999999999,True,2.0,17.0,592.3734999999999,601.6234999999999,True,2.0,17.0,592.3734999999999,601.6234999999999,True,2.0,17.0,592.3734999999999,601.6234999999999
2024-11-07,24,238.03099999999995,False,,,0.0,0.0,True,2.0,17.0,238.03099999999995,247.28099999999995,True,2.0,17.0,238.03099999999995,247.28099999999995,True,2.0,17.0,238.03099999999995,247.28099999999995,True,2.0,18.0,143.27299999999997,152.52299999999997,True,2.0,18.0,143.27299999999997,152.52299999999997
2024-11-08,24,6.273499999999984,False,,,0.0,0.0,True,2.0,17.0,2.0559999999999974,11.305999999999997,True,3.0,17.0,2.3359999999999985,11.585999999999999,True,3.0,17.0,2.3359999999999985,11.585999999999999,True,2.0,17.0,2.0559999999999974,11.305999999999997,True,2.0,17.0,2.0559999999999974,11.305999999999997
2024-11-09,24,19.700000000000003,False,,,0.0,0.0,True,4.0,8.0,-10.674999999999997,-1.4249999999999972,True,4.0,17.0,17.230500000000006,26.480500000000006,False,,,0.0,0.0,True,4.0,18.0,17.970000000000013,27.220000000000013,False,,,0.0,0.0
2024-11-10,24,16.842,False,,,0.0,0.0,True,3.0,18.0,13.998499999999993,23.248499999999993,True,4.0,18.0,13.978499999999997,23.228499999999997,False,,,0.0,0.0,True,6.0,18.0,14.538499999999999,23.7885,False,,,0.0,0.0
2024-11-11,24,23.453000000000003,False,,,0.0,0.0,True,6.0,17.0,5.263000000000005,14.513000000000005,True,3.0,17.0,23.093000000000004,32.343,True,3.0,17.0,23.093000000000004,32.343,True,2.0,17.0,20.953000000000003,30.203000000000003,True,2.0,17.0,20.953000000000003,30.203000000000003
2024-11-12,24,158.2665,False,,,0.0,0.0,True,4.0,17.0,153.4565,162.7065,True,2.0,17.0,158.2665,167.5165,True,2.0,17.0,158.2665,167.5165,True,3.0,17.0,156.9665,166.2165,False,,,0.0,0.0
2024-11-13,24,76.61550000000001,False,,,0.0,0.0,True,2.0,17.0,34.565500000000014,43.815500000000014,True,1.0,17.0,30.705500000000015,39.955500000000015,True,1.0,17.0,30.705500000000015,39.955500000000015,True,3.0,17.0,34.965500000000006,44.215500000000006,True,3.0,17.0,34.965500000000006,44.215500000000006
2024-11-14,24,31.863499999999988,False,,,0.0,0.0,True,3.0,9.0,3.8319999999999936,13.081999999999994,True,3.0,8.0,6.569000000000003,15.819000000000003,True,3.0,8.0,6.569000000000003,15.819000000000003,True,3.0,9.0,3.8319999999999936,13.081999999999994,False,,,0.0,0.0
2024-11-15,24,21.234499999999997,False,,,0.0,0.0,True,4.0,17.0,2.150999999999982,11.400999999999982,True,3.0,16.0,0.987499999999983,10.237499999999983,False,,,0.0,0.0,True,3.0,17.0,2.950999999999979,12.20099999999998,False,,,0.0,0.0
2024-11-16,24,18.020500000000013,False,,,0.0,0.0,True,3.0,8.0,-6.782499999999999,2.467500000000001,True,6.0,17.0,18.020500000000013,27.270500000000013,False,,,0.0,0.0,True,4.0,18.0,-0.35250000000000625,8.897499999999994,False,,,0.0,0.0
2024-11-17,24,43.354,False,,,0.0,0.0,True,6.0,17.0,35.804,45.054,True,6.0,17.0,35.804,45.054,False,,,0.0,0.0,True,6.0,18.0,16.985,26.235,False,,,0.0,0.0
2024-11-18,24,85.907,False,,,0.0,0.0,True,5.0,17.0,52.43499999999999,61.68499999999999,True,2.0,17.0,66.80499999999999,76.05499999999999,True,2.0,17.0,66.80499999999999,76.05499999999999,True,4.0,17.0,68.49499999999999,77.74499999999999,False,,,0.0,0.0
2024-11-19,24,32.95449999999998,False,,,0.0,0.0,True,3.0,18.0,13.472499999999997,22.722499999999997,True,3.0,17.0,18.181499999999986,27.431499999999986,False,,,0.0,0.0,True,3.0,17.0,18.181499999999986,27.431499999999986,False,,,0.0,0.0
2024-11-20,24,30.6695,False,,,0.0,0.0,True,3.0,9.0,28.3065,37.5565,True,3.0,8.0,30.6695,39.9195,False,,,0.0,0.0,True,3.0,8.0,30.6695,39.9195,False,,,0.0,0.0
2024-11-21,24,61.52099999999999,False,,,0.0,0.0,True,3.0,8.0,19.641499999999994,28.891499999999994,True,3.0,18.0,43.739000000000004,52.989000000000004,False,,,0.0,0.0,True,3.0,8.0,19.641499999999994,28.891499999999994,False,,,0.0,0.0
2024-11-22,24,24.567999999999998,False,,,0.0,0.0,True,3.0,17.0,8.553999999999988,17.803999999999988,True,4.0,8.0,24.567999999999998,33.818,False,,,0.0,0.0,True,3.0,17.0,8.553999999999988,17.803999999999988,False,,,0.0,0.0
2024-11-23,24,8.41749999999999,False,,,0.0,0.0,True,4.0,8.0,-5.74199999999999,3.5080000000000098,True,3.0,16.0,-14.07650000000001,-4.82650000000001,False,,,0.0,0.0,True,14.0,18.0,-21.762000000000015,-12.512000000000015,False,,,0.0,0.0
2024-11-24,24,4.553000000000001,False,,,0.0,0.0,True,12.0,15.0,-4.6415,4.6085,True,13.0,18.0,3.4930000000000003,12.743,False,,,0.0,0.0,True,13.0,18.0,3.4930000000000003,12.743,False,,,0.0,0.0
2024-11-25,24,101.41,False,,,0.0,0.0,True,6.0,18.0,99.46,108.71,True,3.0,18.0,101.41,110.66,True,3.0,18.0,101.41,110.66,True,1.0,18.0,101.14,110.39,False,,,0.0,0.0
2024-11-26,24,56.97349999999999,False,,,0.0,0.0,True,3.0,18.0,56.97349999999999,66.22349999999999,True,2.0,18.0,49.86349999999999,59.11349999999999,False,,,0.0,0.0,True,2.0,18.0,49.86349999999999,59.11349999999999,False,,,0.0,0.0
2024-11-27,24,43.12400000000001,False,,,0.0,0.0,True,3.0,18.0,-25.263499999999993,-16.013499999999993,True,3.0,8.0,36.40400000000001,45.65400000000001,False,,,0.0,0.0,True,3.0,17.0,-27.006,-17.756,False,,,0.0,0.0
2024-11-28,24,93.5555,False,,,0.0,0.0,True,0.0,8.0,32.83849999999999,42.08849999999999,True,1.0,18.0,84.03549999999998,93.28549999999998,True,1.0,18.0,84.03549999999998,93.28549999999998,True,1.0,8.0,40.83849999999999,50.08849999999999,False,,,0.0,0.0
2024-11-29,24,42.09749999999998,False,,,0.0,0.0,True,4.0,18.0,6.1754999999999995,15.4255,True,1.0,8.0,37.887499999999974,47.137499999999974,True,1.0,8.0,37.887499999999974,47.137499999999974,True,4.0,18.0,6.1754999999999995,15.4255,False,,,0.0,0.0
2024-11-30,24,21.948999999999998,False,,,0.0,0.0,True,3.0,8.0,-4.868500000000012,4.381499999999988,True,12.0,17.0,19.448999999999998,28.698999999999998,False,,,0.0,0.0,True,13.0,18.0,16.235,25.485,False,,,0.0,0.0
2024-12-01,24,11.670500000000004,False,,,0.0,0.0,True,10.0,17.0,1.5544999999999902,10.80449999999999,True,12.0,17.0,5.604499999999987,14.854499999999987,False,,,0.0,0.0,True,4.0,18.0,9.233500000000006,18.483500000000006,False,,,0.0,0.0
2024-12-02,24,70.025,False,,,0.0,0.0,True,11.0,16.0,-2.012500000000003,7.237499999999997,True,2.0,18.0,55.295,64.545,True,2.0,18.0,55.295,64.545,True,2.0,18.0,55.295,64.545,False,,,0.0,0.0
2024-12-03,24,76.03,False,,,0.0,0.0,True,3.0,18.0,65.72799999999998,74.97799999999998,True,3.0,18.0,65.72799999999998,74.97799999999998,True,3.0,18.0,65.72799999999998,74.97799999999998,True,4.0,17.0,68.77,78.02,False,,,0.0,0.0
2024-12-04,24,125.15599999999998,False,,,0.0,0.0,True,3.0,17.0,125.15599999999998,134.40599999999998,True,3.0,17.0,125.15599999999998,134.40599999999998,True,3.0,17.0,125.15599999999998,134.40599999999998,True,3.0,17.0,125.15599999999998,134.40599999999998,False,,,0.0,0.0
2024-12-05,24,9.48899999999999,False,,,0.0,0.0,True,3.0,17.0,-13.186499999999995,-3.9364999999999952,True,3.0,8.0,6.346499999999992,15.596499999999992,True,3.0,8.0,6.346499999999992,15.596499999999992,True,2.0,17.0,-11.956499999999991,-2.7064999999999912,True,2.0,17.0,-11.956499999999991,-2.7064999999999912
2024-12-06,24,116.84949999999998,False,,,0.0,0.0,True,2.0,7.0,65.6835,74.9335,True,3.0,17.0,109.9815,119.2315,True,3.0,17.0,109.9815,119.2315,True,3.0,8.0,82.08449999999999,91.33449999999999,False,,,0.0,0.0
2024-12-07,24,33.2725,False,,,0.0,0.0,True,3.0,18.0,1.6120000000000019,10.862000000000002,True,6.0,18.0,26.022,35.272,False,,,0.0,0.0,True,4.0,18.0,7.391999999999996,16.641999999999996,False,,,0.0,0.0
2024-12-08,24,9.972999999999985,False,,,0.0,0.0,True,6.0,16.0,-10.451000000000008,-1.2010000000000076,False,,,0.0,0.0,False,,,0.0,0.0,True,7.0,18.0,-16.772500000000008,-7.522500000000008,False,,,0.0,0.0
2024-12-09,24,66.6885,False,,,0.0,0.0,True,3.0,15.0,55.65549999999999,64.90549999999999,True,3.0,15.0,55.65549999999999,64.90549999999999,True,3.0,15.0,55.65549999999999,64.90549999999999,True,2.0,15.0,54.9255,64.1755,False,,,0.0,0.0
2024-12-10,24,79.073,False,,,0.0,0.0,True,3.0,10.0,64.08749999999999,73.33749999999999,True,2.0,17.0,76.273,85.523,True,2.0,17.0,76.273,85.523,True,2.0,11.0,62.775000000000006,72.025,False,,,0.0,0.0
2024-12-11,24,262.89799999999997,False,,,0.0,0.0,True,3.0,17.0,262.89799999999997,272.14799999999997,True,2.0,17.0,261.758,271.008,True,2.0,17.0,261.758,271.008,True,2.0,17.0,261.758,271.008,False,,,0.0,0.0
2024-12-12,24,679.2379999999999,False,,,0.0,0.0,True,3.0,17.0,679.2379999999999,688.4879999999999,True,3.0,17.0,679.2379999999999,688.4879999999999,True,3.0,17.0,679.2379999999999,688.4879999999999,True,3.0,13.0,236.405,245.655,True,3.0,17.0,679.2379999999999,688.4879999999999
2024-12-13,24,117.37849999999996,False,,,0.0,0.0,True,3.0,17.0,117.37849999999996,126.62849999999996,True,3.0,18.0,96.8,106.05,True,3.0,18.0,96.8,106.05,True,3.0,17.0,117.37849999999996,126.62849999999996,True,3.0,17.0,117.37849999999996,126.62849999999996
2024-12-14,24,5.433000000000007,False,,,0.0,0.0,True,3.0,17.0,-5.317999999999998,3.932000000000002,True,6.0,8.0,-4.912499999999994,4.337500000000006,False,,,0.0,0.0,True,3.0,18.0,-29.092499999999987,-19.842499999999987,False,,,0.0,0.0
2024-12-15,24,5.1825000000000045,False,,,0.0,0.0,True,5.0,9.0,-1.9375,7.3125,True,5.0,9.0,-1.9375,7.3125,False,,,0.0,0.0,True,6.0,19.0,-34.0025,-24.752499999999998,False,,,0.0,0.0
2024-12-16,24,63.197,False,,,0.0,0.0,True,6.0,9.0,47.543499999999995,56.793499999999995,True,4.0,17.0,60.086,69.336,True,4.0,17.0,60.086,69.336,True,3.0,9.0,55.203500000000005,64.4535,False,,,0.0,0.0
2024-12-17,24,78.0405,False,,,0.0,0.0,True,4.0,12.0,49.081999999999994,58.331999999999994,True,1.0,17.0,77.41049999999998,86.66049999999998,True,1.0,17.0,77.41049999999998,86.66049999999998,True,2.0,9.0,66.744,75.994,False,,,0.0,0.0
2024-12-18,24,26.442999999999998,False,,,0.0,0.0,True,2.0,17.0,-8.445,0.8049999999999997,True,4.0,8.0,26.442999999999998,35.693,False,,,0.0,0.0,True,2.0,17.0,-8.445,0.8049999999999997,False,,,0.0,0.0
2024-12-19,24,69.133,False,,,0.0,0.0,True,4.0,8.0,47.763999999999996,57.013999999999996,True,2.0,18.0,63.992999999999995,73.243,True,2.0,18.0,63.992999999999995,73.243,True,1.0,7.0,23.377499999999998,32.6275,False,,,0.0,0.0
2024-12-20,24,67.84649999999999,False,,,0.0,0.0,True,4.0,18.0,53.933,63.183,True,3.0,17.0,66.72649999999999,75.97649999999999,True,3.0,17.0,66.72649999999999,75.97649999999999,True,2.0,18.0,60.443,69.693,False,,,0.0,0.0
2024-12-21,24,0.0,False,,,0.0,0.0,True,2.0,17.0,-5.9304999999999986,3.3195000000000014,True,5.0,9.0,-4.359500000000001,4.890499999999999,False,,,0.0,0.0,True,3.0,17.0,-3.7805,5.4695,False,,,0.0,0.0
2024-12-22,24,48.4595,False,,,0.0,0.0,False,,,0.0,0.0,True,6.0,17.0,47.079499999999996,56.329499999999996,False,,,0.0,0.0,True,14.0,18.0,14.401499999999995,23.651499999999995,False,,,0.0,0.0
2024-12-23,24,73.6765,False,,,0.0,0.0,True,4.0,17.0,64.4825,73.7325,True,2.0,17.0,59.9525,69.2025,False,,,0.0,0.0,True,1.0,17.0,54.13250000000001,63.38250000000001,False,,,0.0,0.0
2024-12-24,24,15.557500000000005,False,,,0.0,0.0,True,3.0,21.0,-6.8145000000000095,2.4354999999999905,True,1.0,21.0,-11.654500000000013,-2.404500000000013,False,,,0.0,0.0,True,3.0,17.0,13.049999999999997,22.299999999999997,False,,,0.0,0.0
2024-12-25,24,17.21050000000001,False,,,0.0,0.0,True,3.0,9.0,-5.706000000000003,3.543999999999997,True,4.0,16.0,15.0685,24.3185,False,,,0.0,0.0,True,3.0,17.0,12.390500000000003,21.640500000000003,False,,,0.0,0.0
2024-12-26,24,18.4525,False,,,0.0,0.0,True,4.0,17.0,17.095,26.345,True,4.0,18.0,17.222499999999997,26.472499999999997,False,,,0.0,0.0,True,4.0,19.0,15.233499999999992,24.483499999999992,False,,,0.0,0.0
2024-12-27,24,25.810000000000016,False,,,0.0,0.0,True,3.0,18.0,25.65000000000002,34.90000000000002,True,3.0,17.0,20.040000000000006,29.290000000000006,False,,,0.0,0.0,True,3.0,19.0,15.475500000000011,24.72550000000001,False,,,0.0,0.0
2024-12-28,24,17.019999999999982,False,,,0.0,0.0,True,4.0,18.0,13.203499999999977,22.453499999999977,True,4.0,18.0,13.203499999999977,22.453499999999977,False,,,0.0,0.0,True,11.0,18.0,2.733499999999978,11.983499999999978,False,,,0.0,0.0
2024-12-29,24,0.21349999999999625,False,,,0.0,0.0,True,4.0,17.0,-3.280000000000001,5.969999999999999,False,,,0.0,0.0,False,,,0.0,0.0,True,5.0,18.0,-0.6664999999999992,8.5835,False,,,0.0,0.0
2024-12-30,24,19.574499999999986,False,,,0.0,0.0,True,4.0,18.0,8.86,18.11,True,3.0,17.0,19.574499999999986,28.824499999999986,False,,,0.0,0.0,True,4.0,18.0,8.86,18.11,False,,,0.0,0.0
2024-12-31,24,15.969500000000004,False,,,0.0,0.0,True,3.0,17.0,4.452500000000001,13.7025,True,1.0,9.0,15.79099999999999,25.04099999999999,False,,,0.0,0.0,True,3.0,17.0,4.452500000000001,13.7025,False,,,0.0,0.0
2025-01-01,24,0.3025000000000002,False,,,0.0,0.0,True,1.0,16.0,-10.8585,-1.6085,True,13.0,17.0,-9.0905,0.1595,False,,,0.0,0.0,True,1.0,17.0,-10.7905,-1.5405,False,,,0.0,0.0
2025-01-02,24,119.189,False,,,0.0,0.0,True,14.0,22.0,-35.053,-25.802999999999997,True,1.0,17.0,119.12950000000001,128.3795,True,1.0,17.0,119.12950000000001,128.3795,True,2.0,17.0,117.2395,126.4895,False,,,0.0,0.0
2025-01-03,24,19.971000000000004,False,,,0.0,0.0,True,1.0,18.0,1.0210000000000008,10.271,True,13.0,18.0,10.751000000000005,20.001000000000005,False,,,0.0,0.0,True,3.0,18.0,4.760999999999996,14.010999999999996,False,,,0.0,0.0
2025-01-04,24,29.104,False,,,0.0,0.0,True,12.0,17.0,-10.725999999999999,-1.475999999999999,True,0.0,17.0,28.873999999999995,38.123999999999995,False,,,0.0,0.0,True,12.0,18.0,-17.007500000000007,-7.757500000000007,False,,,0.0,0.0
2025-01-05,24,0.0,False,,,0.0,0.0,True,2.0,17.0,-46.505,-37.255,True,15.0,18.0,-4.597500000000004,4.652499999999996,False,,,0.0,0.0,True,2.0,18.0,-47.5675,-38.3175,False,,,0.0,0.0
2025-01-06,24,16.714499999999997,False,,,0.0,0.0,False,,,0.0,0.0,True,4.0,8.0,15.914499999999997,25.164499999999997,False,,,0.0,0.0,False,,,0.0,0.0,False,,,0.0,0.0
2025-01-07,24,71.6835,False,,,0.0,0.0,True,3.0,8.0,58.05799999999999,67.30799999999999,True,0.0,17.0,53.3055,62.5555,True,0.0,17.0,53.3055,62.5555,True,1.0,9.0,53.644,62.894,False,,,0.0,0.0
2025-01-08,24,65.881,False,,,0.0,0.0,True,3.0,18.0,60.585499999999996,69.8355,True,1.0,18.0,49.58549999999998,58.83549999999998,True,1.0,18.0,49.58549999999998,58.83549999999998,True,1.0,18.0,49.58549999999998,58.83549999999998,False,,,0.0,0.0
2025-01-09,24,35.678,False,,,0.0,0.0,True,3.0,17.0,6.8035,16.0535,True,3.0,17.0,6.8035,16.0535,False,,,0.0,0.0,True,3.0,17.0,6.8035,16.0535,False,,,0.0,0.0
2025-01-10,24,44.202,False,,,0.0,0.0,True,3.0,8.0,40.2495,49.4995,True,3.0,18.0,44.202,53.452,True,3.0,18.0,44.202,53.452,True,4.0,8.0,39.409499999999994,48.659499999999994,False,,,0.0,0.0
2025-01-11,24,6.609000000000009,False,,,0.0,0.0,True,3.0,18.0,5.2890000000000015,14.539000000000001,True,4.0,19.0,0.022499999999993747,9.272499999999994,False,,,0.0,0.0,True,3.0,18.0,5.2890000000000015,14.539000000000001,False,,,0.0,0.0
2025-01-12,24,31.83099999999999,False,,,0.0,0.0,True,6.0,18.0,29.51099999999998,38.76099999999998,True,3.0,20.0,21.18100000000001,30.43100000000001,False,,,0.0,0.0,True,14.0,18.0,10.670999999999992,19.920999999999992,False,,,0.0,0.0
2025-01-13,24,80.3765,False,,,0.0,0.0,True,0.0,18.0,5.009999999999991,14.259999999999991,True,3.0,17.0,17.029999999999987,26.279999999999987,False,,,0.0,0.0,True,3.0,18.0,17.029999999999987,26.279999999999987,False,,,0.0,0.0
2025-01-14,24,49.185500000000005,False,,,0.0,0.0,True,4.0,8.0,45.295500000000004,54.545500000000004,True,3.0,8.0,49.185500000000005,58.435500000000005,False,,,0.0,0.0,True,3.0,8.0,49.185500000000005,58.435500000000005,False,,,0.0,0.0
2025-01-15,24,204.3215,False,,,0.0,0.0,True,3.0,8.0,143.86399999999998,153.11399999999998,True,3.0,8.0,143.86399999999998,153.11399999999998,True,3.0,8.0,143.86399999999998,153.11399999999998,True,3.0,8.0,143.86399999999998,153.11399999999998,False,,,0.0,0.0
2025-01-16,24,45.422499999999985,False,,,0.0,0.0,True,1.0,17.0,34.45599999999999,43.70599999999999,True,3.0,17.0,38.54599999999999,47.79599999999999,True,3.0,17.0,38.54599999999999,47.79599999999999,True,3.0,17.0,38.54599999999999,47.79599999999999,True,3.0,17.0,38.54599999999999,47.79599999999999
2025-01-17,24,52.940499999999986,False,,,0.0,0.0,True,3.0,8.0,52.940499999999986,62.190499999999986,True,3.0,8.0,52.940499999999986,62.190499999999986,True,3.0,8.0,52.940499999999986,62.190499999999986,True,3.0,8.0,52.940499999999986,62.190499999999986,False,,,0.0,0.0
2025-01-18,24,18.41249999999998,False,,,0.0,0.0,True,3.0,8.0,-4.314499999999995,4.935500000000005,True,13.0,18.0,18.17449999999998,27.42449999999998,False,,,0.0,0.0,True,3.0,8.0,-4.314499999999995,4.935500000000005,False,,,0.0,0.0
2025-01-19,24,18.423999999999992,False,,,0.0,0.0,True,13.0,19.0,16.34999999999998,25.59999999999998,True,12.0,18.0,13.683999999999997,22.933999999999997,False,,,0.0,0.0,True,13.0,18.0,18.423999999999992,27.673999999999992,False,,,0.0,0.0
2025-01-20,24,372.23,False,,,0.0,0.0,True,13.0,18.0,221.64799999999997,230.89799999999997,True,2.0,17.0,370.08,379.33,True,2.0,17.0,370.08,379.33,True,4.0,18.0,277.58799999999997,286.83799999999997,False,,,0.0,0.0
2025-01-21,24,133.18749999999994,False,,,0.0,0.0,True,3.0,17.0,132.86749999999995,142.11749999999995,True,3.0,18.0,91.0305,100.2805,True,3.0,18.0,91.0305,100.2805,True,3.0,17.0,132.86749999999995,142.11749999999995,True,3.0,17.0,132.86749999999995,142.11749999999995
2025-01-22,24,71.9,False,,,0.0,0.0,True,4.0,17.0,45.23150000000001,54.48150000000001,True,3.0,17.0,46.73150000000001,55.98150000000001,True,3.0,17.0,46.73150000000001,55.98150000000001,True,3.0,17.0,46.73150000000001,55.98150000000001,True,3.0,17.0,46.73150000000001,55.98150000000001
2025-01-23,24,28.335499999999996,False,,,0.0,0.0,True,3.0,8.0,25.915499999999994,35.165499999999994,True,4.0,8.0,28.335499999999996,37.585499999999996,False,,,0.0,0.0,True,3.0,8.0,25.915499999999994,35.165499999999994,False,,,0.0,0.0
2025-01-24,24,48.9455,False,,,0.0,0.0,True,4.0,8.0,39.3755,48.6255,True,3.0,8.0,48.9455,58.1955,True,3.0,8.0,48.9455,58.1955,True,4.0,8.0,39.3755,48.6255,False,,,0.0,0.0
2025-01-25,24,60.06,False,,,0.0,0.0,True,3.0,8.0,-0.7785000000000082,8.471499999999992,True,1.0,18.0,54.14,63.39,False,,,0.0,0.0,True,3.0,18.0,51.92999999999999,61.17999999999999,False,,,0.0,0.0
2025-01-26,24,13.584500000000006,False,,,0.0,0.0,True,0.0,18.0,-34.361000000000004,-25.111000000000004,True,6.0,18.0,-18.751000000000005,-9.501000000000005,False,,,0.0,0.0,True,13.0,18.0,1.8289999999999935,11.078999999999994,False,,,0.0,0.0
2025-01-27,24,81.51950000000001,False,,,0.0,0.0,True,13.0,17.0,53.156,62.406,True,4.0,18.0,81.51950000000001,90.76950000000001,True,4.0,18.0,81.51950000000001,90.76950000000001,True,3.0,17.0,77.45599999999999,86.70599999999999,False,,,0.0,0.0
2025-01-28,24,60.58,False,,,0.0,0.0,True,4.0,18.0,28.528999999999996,37.778999999999996,True,2.0,17.0,60.58,69.83,False,,,0.0,0.0,True,3.0,17.0,48.629999999999995,57.879999999999995,False,,,0.0,0.0
2025-01-29,24,42.686499999999995,False,,,0.0,0.0,True,2.0,17.0,39.72449999999999,48.97449999999999,True,3.0,17.0,42.24449999999999,51.49449999999999,False,,,0.0,0.0,True,2.0,17.0,39.72449999999999,48.97449999999999,False,,,0.0,0.0
2025-01-30,24,51.646000000000015,False,,,0.0,0.0,True,3.0,18.0,47.893000000000015,57.143000000000015,True,2.0,8.0,33.675,42.925,False,,,0.0,0.0,True,4.0,8.0,34.57499999999999,43.82499999999999,False,,,0.0,0.0
2025-01-31,24,35.10099999999997,False,,,0.0,0.0,True,0.0,17.0,28.220999999999975,37.470999999999975,True,4.0,17.0,32.24099999999997,41.49099999999997,False,,,0.0,0.0,True,1.0,17.0,31.140999999999977,40.39099999999998,False,,,0.0,0.0
2025-02-01,24,30.379500000000007,False,,,0.0,0.0,True,3.0,17.0,14.659500000000008,23.90950000000001,True,3.0,18.0,14.013499999999993,23.263499999999993,False,,,0.0,0.0,True,12.0,18.0,22.84349999999999,32.09349999999999,False,,,0.0,0.0
2025-02-02,24,26.727499999999992,False,,,0.0,0.0,True,13.0,17.0,18.295500000000004,27.545500000000004,True,13.0,18.0,25.486500000000007,34.73650000000001,False,,,0.0,0.0,True,13.0,18.0,25.486500000000007,34.73650000000001,False,,,0.0,0.0
2025-02-03,24,77.45549999999999,False,,,0.0,0.0,True,13.0,19.0,46.394999999999996,55.644999999999996,True,13.0,18.0,46.08049999999999,55.33049999999999,False,,,0.0,0.0,True,3.0,18.0,41.33049999999999,50.58049999999999,False,,,0.0,0.0
2025-02-04,24,47.761499999999984,False,,,0.0,0.0,True,3.0,8.0,46.951499999999996,56.201499999999996,True,3.0,8.0,46.951499999999996,56.201499999999996,False,,,0.0,0.0,True,3.0,8.0,46.951499999999996,56.201499999999996,False,,,0.0,0.0
2025-02-05,24,43.984999999999985,False,,,0.0,0.0,True,2.0,8.0,35.0385,44.2885,True,3.0,17.0,33.1815,42.4315,False,,,0.0,0.0,True,3.0,8.0,36.2585,45.5085,False,,,0.0,0.0
2025-02-06,24,52.25699999999998,False,,,0.0,0.0,True,3.0,18.0,10.657999999999987,19.907999999999987,True,3.0,8.0,52.25699999999998,61.50699999999998,False,,,0.0,0.0,True,3.0,18.0,10.657999999999987,19.907999999999987,False,,,0.0,0.0
2025-02-07,24,25.51849999999999,False,,,0.0,0.0,True,3.0,8.0,25.32849999999999,34.57849999999999,True,3.0,8.0,25.32849999999999,34.57849999999999,False,,,0.0,0.0,True,3.0,8.0,25.32849999999999,34.57849999999999,False,,,0.0,0.0
2025-02-08,24,59.97500000000001,False,,,0.0,0.0,True,4.0,8.0,-4.4964999999999975,4.7535000000000025,True,12.0,18.0,59.45650000000002,68.70650000000002,True,12.0,18.0,59.45650000000002,68.70650000000002,True,13.0,18.0,47.31650000000002,56.56650000000002,False,,,0.0,0.0
2025-02-09,24,32.8605,False,,,0.0,0.0,True,12.0,19.0,24.750500000000002,34.0005,True,13.0,18.0,32.8605,42.1105,False,,,0.0,0.0,True,13.0,18.0,32.8605,42.1105,False,,,0.0,0.0
2025-02-10,24,39.05600000000001,False,,,0.0,0.0,True,13.0,18.0,1.8035000000000139,11.053500000000014,True,2.0,7.0,19.247000000000014,28.497000000000014,False,,,0.0,0.0,True,4.0,18.0,5.693500000000014,14.943500000000014,False,,,0.0,0.0
2025-02-11,24,62.61150000000001,False,,,0.0,0.0,True,4.0,8.0,45.5005,54.7505,True,3.0,18.0,58.8215,68.0715,True,3.0,18.0,58.8215,68.0715,True,4.0,8.0,45.5005,54.7505,False,,,0.0,0.0
2025-02-12,24,31.720499999999987,False,,,0.0,0.0,True,1.0,18.0,30.540499999999994,39.790499999999994,True,2.0,18.0,31.490499999999997,40.7405,False,,,0.0,0.0,True,1.0,8.0,15.980000000000004,25.230000000000004,False,,,0.0,0.0
2025-02-13,24,43.166,False,,,0.0,0.0,True,3.0,18.0,30.25449999999998,39.50449999999998,True,3.0,18.0,30.25449999999998,39.50449999999998,False,,,0.0,0.0,True,3.0,18.0,30.25449999999998,39.50449999999998,False,,,0.0,0.0
2025-02-14,24,117.17350000000002,False,,,0.0,0.0,True,3.0,8.0,88.89399999999998,98.14399999999998,True,1.0,8.0,83.74399999999997,92.99399999999997,False,,,0.0,0.0,True,3.0,8.0,88.89399999999998,98.14399999999998,False,,,0.0,0.0
2025-02-15,24,29.23499999999997,False,,,0.0,0.0,True,3.0,17.0,12.368999999999986,21.618999999999986,True,1.0,18.0,8.904999999999973,18.154999999999973,True,1.0,18.0,8.904999999999973,18.154999999999973,True,4.0,18.0,20.794999999999973,30.044999999999973,False,,,0.0,0.0
2025-02-16,24,16.46299999999998,False,,,0.0,0.0,True,13.0,18.0,16.46299999999998,25.71299999999998,True,11.0,19.0,2.9664999999999964,12.216499999999996,False,,,0.0,0.0,True,13.0,18.0,16.46299999999998,25.71299999999998,False,,,0.0,0.0
2025-02-17,24,114.32,False,,,0.0,0.0,True,13.0,18.0,114.32,123.57,True,2.0,18.0,100.75999999999999,110.00999999999999,False,,,0.0,0.0,True,3.0,18.0,95.58,104.83,False,,,0.0,0.0
2025-02-18,24,53.188500000000005,False,,,0.0,0.0,True,13.0,18.0,50.391999999999996,59.641999999999996,True,13.0,18.0,50.391999999999996,59.641999999999996,True,13.0,18.0,50.391999999999996,59.641999999999996,True,2.0,18.0,15.361999999999995,24.611999999999995,True,2.0,18.0,15.361999999999995,24.611999999999995
2025-02-19,24,37.664500000000004,False,,,0.0,0.0,True,13.0,17.0,19.598,28.848,True,13.0,17.0,19.598,28.848,True,13.0,17.0,19.598,28.848,True,3.0,8.0,34.8745,44.1245,False,,,0.0,0.0
2025-02-20,24,17.352999999999994,False,,,0.0,0.0,True,4.0,8.0,17.352999999999994,26.602999999999994,True,3.0,7.0,0.9585000000000008,10.2085,False,,,0.0,0.0,True,3.0,8.0,15.893,25.143,False,,,0.0,0.0
2025-02-21,24,45.385000000000005,False,,,0.0,0.0,True,4.0,8.0,31.778499999999994,41.028499999999994,True,1.0,8.0,39.188500000000005,48.438500000000005,False,,,0.0,0.0,True,4.0,8.0,31.778499999999994,41.028499999999994,False,,,0.0,0.0
2025-02-22,24,48.25300000000001,False,,,0.0,0.0,True,1.0,7.0,-5.832999999999998,3.4170000000000016,True,12.0,18.0,41.28300000000001,50.53300000000001,False,,,0.0,0.0,True,13.0,18.0,28.99300000000001,38.24300000000001,False,,,0.0,0.0
2025-02-23,24,57.48650000000001,False,,,0.0,0.0,True,12.0,19.0,19.096999999999994,28.346999999999994,True,13.0,18.0,53.036500000000004,62.286500000000004,False,,,0.0,0.0,True,13.0,19.0,21.016999999999996,30.266999999999996,False,,,0.0,0.0
2025-02-24,24,80.05350000000001,False,,,0.0,0.0,True,14.0,18.0,21.488499999999988,30.738499999999988,True,3.0,18.0,70.7885,80.0385,True,3.0,18.0,70.7885,80.0385,True,14.0,18.0,21.488499999999988,30.738499999999988,False,,,0.0,0.0
2025-02-25,24,98.9325,False,,,0.0,0.0,True,3.0,19.0,56.76649999999999,66.0165,True,3.0,19.0,56.76649999999999,66.0165,False,,,0.0,0.0,True,3.0,19.0,56.76649999999999,66.0165,False,,,0.0,0.0
2025-02-26,24,23.681499999999986,False,,,0.0,0.0,True,1.0,18.0,17.614499999999992,26.864499999999992,True,2.0,18.0,20.494499999999988,29.744499999999988,True,2.0,18.0,20.494499999999988,29.744499999999988,True,1.0,18.0,17.614499999999992,26.864499999999992,False,,,0.0,0.0
2025-02-27,24,39.65350000000001,False,,,0.0,0.0,True,3.0,8.0,26.3425,35.5925,True,3.0,18.0,39.65350000000001,48.90350000000001,False,,,0.0,0.0,True,4.0,8.0,25.51249999999999,34.76249999999999,False,,,0.0,0.0
2025-02-28,24,21.36699999999999,False,,,0.0,0.0,True,3.0,18.0,20.873999999999995,30.123999999999995,True,1.0,18.0,17.263999999999996,26.513999999999996,False,,,0.0,0.0,True,0.0,18.0,12.334000000000003,21.584000000000003,False,,,0.0,0.0
2025-03-01,24,28.247500000000016,False,,,0.0,0.0,True,3.0,8.0,-3.428500000000014,5.821499999999986,True,14.0,18.0,26.127500000000012,35.37750000000001,False,,,0.0,0.0,True,12.0,18.0,23.30750000000002,32.55750000000002,False,,,0.0,0.0
2025-03-02,24,112.09499999999998,False,,,0.0,0.0,True,13.0,18.0,109.2465,118.4965,True,13.0,18.0,109.2465,118.4965,True,13.0,18.0,109.2465,118.4965,True,14.0,18.0,109.53649999999999,118.78649999999999,False,,,0.0,0.0
2025-03-03,24,147.0975,False,,,0.0,0.0,True,14.0,19.0,78.8905,88.1405,True,12.0,18.0,146.77749999999997,156.02749999999997,True,12.0,18.0,146.77749999999997,156.02749999999997,True,13.0,19.0,140.28050000000002,149.53050000000002,False,,,0.0,0.0
2025-03-04,24,130.19199999999998,False,,,0.0,0.0,True,13.0,18.0,130.19199999999998,139.44199999999998,True,12.0,18.0,124.00199999999998,133.25199999999998,True,12.0,18.0,124.00199999999998,133.25199999999998,True,12.0,18.0,124.00199999999998,133.25199999999998,False,,,0.0,0.0
2025-03-05,24,119.32549999999998,False,,,0.0,0.0,True,13.0,18.0,118.74549999999999,127.99549999999999,True,13.0,18.0,118.74549999999999,127.99549999999999,True,13.0,18.0,118.74549999999999,127.99549999999999,True,13.0,18.0,118.74549999999999,127.99549999999999,False,,,0.0,0.0
2025-03-06,24,131.286,False,,,0.0,0.0,True,12.0,18.0,131.226,140.476,True,12.0,18.0,131.226,140.476,True,12.0,18.0,131.226,140.476,True,13.0,19.0,117.46499999999999,126.71499999999999,False,,,0.0,0.0
2025-03-07,24,166.81399999999996,False,,,0.0,0.0,True,13.0,18.0,166.81399999999996,176.06399999999996,True,12.0,18.0,162.10399999999998,171.35399999999998,True,12.0,18.0,162.10399999999998,171.35399999999998,True,13.0,18.0,166.81399999999996,176.06399999999996,False,,,0.0,0.0
2025-03-08,24,139.0325,False,,,0.0,0.0,True,13.0,18.0,138.7925,148.0425,True,13.0,18.0,138.7925,148.0425,True,13.0,18.0,138.7925,148.0425,True,13.0,18.0,138.7925,148.0425,True,13.0,18.0,138.7925,148.0425
2025-03-09,24,109.205,False,,,0.0,0.0,True,12.0,18.0,108.0745,117.3245,True,12.0,18.0,108.0745,117.3245,True,12.0,18.0,108.0745,117.3245,True,13.0,18.0,107.8545,117.1045,True,13.0,18.0,107.8545,117.1045
2025-03-10,24,63.41199999999999,False,,,0.0,0.0,True,12.0,19.0,50.93400000000001,60.18400000000001,True,13.0,18.0,62.111999999999995,71.362,True,13.0,18.0,62.111999999999995,71.362,True,12.0,18.0,63.41199999999999,72.66199999999999,True,12.0,18.0,63.41199999999999,72.66199999999999
2025-03-11,24,68.577,False,,,0.0,0.0,True,12.0,18.0,68.577,77.827,True,12.0,18.0,68.577,77.827,True,12.0,18.0,68.577,77.827,True,13.0,18.0,66.637,75.887,False,,,0.0,0.0
2025-03-12,24,63.1575,False,,,0.0,0.0,True,12.0,18.0,62.4675,71.7175,True,2.0,18.0,62.74749999999999,71.99749999999999,True,2.0,18.0,62.74749999999999,71.99749999999999,True,12.0,18.0,62.4675,71.7175,False,,,0.0,0.0
2025-03-13,24,41.48950000000001,False,,,0.0,0.0,True,3.0,18.0,35.18250000000002,44.43250000000002,True,3.0,18.0,35.18250000000002,44.43250000000002,True,3.0,18.0,35.18250000000002,44.43250000000002,True,12.0,18.0,21.882500000000007,31.132500000000007,False,,,0.0,0.0
2025-03-14,24,18.95050000000002,False,,,0.0,0.0,True,3.0,19.0,15.193499999999986,24.443499999999986,True,3.0,18.0,18.95050000000002,28.20050000000002,False,,,0.0,0.0,True,2.0,19.0,13.123499999999979,22.37349999999998,False,,,0.0,0.0
2025-03-15,24,55.766000000000005,False,,,0.0,0.0,True,3.0,18.0,11.605000000000004,20.855000000000004,True,13.0,18.0,53.50500000000001,62.75500000000001,False,,,0.0,0.0,True,14.0,18.0,46.99500000000001,56.24500000000001,False,,,0.0,0.0
2025-03-16,24,109.56,False,,,0.0,0.0,True,13.0,19.0,109.56,118.81,True,13.0,18.0,101.774,111.024,True,13.0,18.0,101.774,111.024,True,13.0,18.0,101.774,111.024,True,13.0,18.0,101.774,111.024
2025-03-17,24,113.5305,False,,,0.0,0.0,True,13.0,19.0,107.3,116.55,True,2.0,19.0,56.459999999999994,65.71,True,2.0,19.0,56.459999999999994,65.71,True,13.0,19.0,107.3,116.55,False,,,0.0,0.0
2025-03-18,24,137.4835,False,,,0.0,0.0,True,13.0,18.0,136.3235,145.5735,True,12.0,18.0,137.4835,146.7335,True,12.0,18.0,137.4835,146.7335,True,13.0,18.0,136.3235,145.5735,False,,,0.0,0.0
2025-03-19,24,202.263,False,,,0.0,0.0,True,12.0,18.0,202.263,211.513,True,13.0,18.0,201.953,211.203,True,13.0,18.0,201.953,211.203,True,13.0,18.0,201.953,211.203,False,,,0.0,0.0
2025-03-20,24,228.37949999999998,False,,,0.0,0.0,True,12.0,18.0,228.37949999999998,237.62949999999998,True,12.0,18.0,228.37949999999998,237.62949999999998,True,12.0,18.0,228.37949999999998,237.62949999999998,True,12.0,18.0,228.37949999999998,237.62949999999998,True,12.0,18.0,228.37949999999998,237.62949999999998
2025-03-21,24,93.30250000000001,False,,,0.0,0.0,True,12.0,18.0,92.4925,101.7425,True,13.0,18.0,93.30250000000001,102.55250000000001,True,13.0,18.0,93.30250000000001,102.55250000000001,True,13.0,18.0,93.30250000000001,102.55250000000001,True,13.0,18.0,93.30250000000001,102.55250000000001
2025-03-22,24,56.9555,False,,,0.0,0.0,True,13.0,18.0,56.8155,66.0655,True,13.0,18.0,56.8155,66.0655,True,13.0,18.0,56.8155,66.0655,True,13.0,18.0,56.8155,66.0655,True,13.0,18.0,56.8155,66.0655
2025-03-23,24,106.87349999999998,False,,,0.0,0.0,True,12.0,18.0,96.26,105.51,True,1.0,19.0,92.87349999999998,102.12349999999998,True,1.0,19.0,92.87349999999998,102.12349999999998,True,13.0,18.0,104.74,113.99,True,13.0,18.0,104.74,113.99
2025-03-24,24,72.0015,False,,,0.0,0.0,True,13.0,19.0,53.92999999999998,63.17999999999998,True,13.0,18.0,70.07149999999999,79.32149999999999,True,13.0,18.0,70.07149999999999,79.32149999999999,True,13.0,18.0,70.07149999999999,79.32149999999999,True,13.0,18.0,70.07149999999999,79.32149999999999
2025-03-25,24,63.706,False,,,0.0,0.0,True,3.0,18.0,25.048999999999992,34.29899999999999,True,14.0,18.0,46.01899999999999,55.26899999999999,True,14.0,18.0,46.01899999999999,55.26899999999999,True,12.0,18.0,59.26899999999999,68.51899999999999,False,,,0.0,0.0
2025-03-26,24,50.35899999999998,False,,,0.0,0.0,True,12.0,19.0,40.04899999999998,49.29899999999998,True,13.0,18.0,43.94999999999999,53.19999999999999,True,13.0,18.0,43.94999999999999,53.19999999999999,True,12.0,19.0,40.04899999999998,49.29899999999998,False,,,0.0,0.0
2025-03-27,24,129.175,False,,,0.0,0.0,True,13.0,19.0,129.175,138.425,True,13.0,19.0,129.175,138.425,True,13.0,19.0,129.175,138.425,True,13.0,19.0,129.175,138.425,False,,,0.0,0.0
2025-03-28,24,131.8715,False,,,0.0,0.0,True,13.0,19.0,131.79500000000002,141.04500000000002,True,12.0,18.0,131.8515,141.1015,True,12.0,18.0,131.8515,141.1015,True,13.0,19.0,131.79500000000002,141.04500000000002,True,13.0,19.0,131.79500000000002,141.04500000000002
2025-03-29,24,118.077,False,,,0.0,0.0,True,13.0,18.0,113.56349999999999,122.81349999999999,True,14.0,19.0,116.197,125.447,True,14.0,19.0,116.197,125.447,True,13.0,18.0,113.56349999999999,122.81349999999999,True,13.0,18.0,113.56349999999999,122.81349999999999
2025-03-30,23,69.2735,False,,,0.0,0.0,True,13.0,19.0,66.851,76.101,True,13.0,19.0,66.851,76.101,True,13.0,19.0,66.851,76.101,True,13.0,19.0,66.851,76.101,True,13.0,19.0,66.851,76.101
2025-03-31,24,83.86600000000001,False,,,0.0,0.0,True,14.0,22.0,15.132499999999993,24.382499999999993,True,0.0,19.0,81.54600000000002,90.79600000000002,True,0.0,19.0,81.54600000000002,90.79600000000002,True,14.0,19.0,73.53600000000002,82.78600000000002,False,,,0.0,0.0
2025-04-01,24,112.222,False,,,0.0,0.0,True,1.0,19.0,28.092,37.342,True,14.0,19.0,112.222,121.472,True,14.0,19.0,112.222,121.472,True,14.0,19.0,112.222,121.472,False,,,0.0,0.0
2025-04-02,24,118.3175,False,,,0.0,0.0,True,14.0,19.0,118.3175,127.5675,True,14.0,19.0,118.3175,127.5675,True,14.0,19.0,118.3175,127.5675,True,14.0,19.0,118.3175,127.5675,False,,,0.0,0.0
2025-04-03,24,138.108,False,,,0.0,0.0,True,14.0,19.0,135.558,144.808,True,13.0,19.0,138.108,147.358,True,13.0,19.0,138.108,147.358,True,14.0,19.0,135.558,144.808,True,14.0,19.0,135.558,144.808
2025-04-04,24,134.55399999999997,False,,,0.0,0.0,True,13.0,19.0,134.55399999999997,143.80399999999997,True,14.0,19.0,134.45399999999998,143.70399999999998,True,14.0,19.0,134.45399999999998,143.70399999999998,True,13.0,19.0,134.55399999999997,143.80399999999997,True,13.0,19.0,134.55399999999997,143.80399999999997
2025-04-05,24,124.34,False,,,0.0,0.0,True,13.0,19.0,122.97,132.22,True,14.0,19.0,124.34,133.59,True,14.0,19.0,124.34,133.59,True,14.0,19.0,124.34,133.59,True,14.0,19.0,124.34,133.59
2025-04-06,24,218.285,False,,,0.0,0.0,True,14.0,19.0,217.146,226.396,True,14.0,19.0,217.146,226.396,True,14.0,19.0,217.146,226.396,True,14.0,19.0,217.146,226.396,True,14.0,19.0,217.146,226.396
2025-04-07,24,131.74249999999998,False,,,0.0,0.0,True,14.0,20.0,127.10250000000002,136.35250000000002,True,14.0,19.0,129.99249999999998,139.24249999999998,True,14.0,19.0,129.99249999999998,139.24249999999998,True,15.0,19.0,72.95249999999999,82.20249999999999,True,15.0,19.0,72.95249999999999,82.20249999999999
2025-04-08,24,127.25999999999999,False,,,0.0,0.0,True,13.0,19.0,127.25999999999999,136.51,True,13.0,19.0,127.25999999999999,136.51,True,13.0,19.0,127.25999999999999,136.51,True,14.0,19.0,115.5,124.75,True,14.0,19.0,115.5,124.75
2025-04-09,24,101.95049999999999,False,,,0.0,0.0,True,13.0,19.0,95.86449999999999,105.11449999999999,True,14.0,19.0,89.3145,98.5645,True,14.0,19.0,89.3145,98.5645,True,13.0,19.0,95.86449999999999,105.11449999999999,True,13.0,19.0,95.86449999999999,105.11449999999999
2025-04-10,24,110.02699999999999,False,,,0.0,0.0,True,13.0,20.0,105.16449999999998,114.41449999999998,True,14.0,19.0,110.02699999999999,119.27699999999999,True,14.0,19.0,110.02699999999999,119.27699999999999,True,13.0,20.0,105.16449999999998,114.41449999999998,True,13.0,20.0,105.16449999999998,114.41449999999998
2025-04-11,24,127.49000000000001,False,,,0.0,0.0,True,14.0,19.0,107.75,117.0,True,13.0,20.0,127.49000000000001,136.74,True,13.0,20.0,127.49000000000001,136.74,True,13.0,19.0,109.13,118.38,True,13.0,19.0,109.13,118.38
2025-04-12,24,160.311,False,,,0.0,0.0,True,13.0,20.0,133.5465,142.7965,True,14.0,19.0,160.311,169.561,True,14.0,19.0,160.311,169.561,True,14.0,20.0,135.5165,144.7665,True,14.0,20.0,135.5165,144.7665
2025-04-13,24,118.6825,False,,,0.0,0.0,True,14.0,19.0,118.6825,127.9325,True,13.0,19.0,112.14250000000001,121.39250000000001,True,13.0,19.0,112.14250000000001,121.39250000000001,True,14.0,19.0,118.6825,127.9325,True,14.0,19.0,118.6825,127.9325
2025-04-14,24,82.11,False,,,0.0,0.0,True,14.0,19.0,79.39,88.64,True,14.0,19.0,79.39,88.64,True,14.0,19.0,79.39,88.64,True,14.0,19.0,79.39,88.64,True,14.0,19.0,79.39,88.64
2025-04-15,24,111.05899999999998,False,,,0.0,0.0,True,13.0,19.0,104.293,113.543,True,13.0,19.0,104.293,113.543,True,13.0,19.0,104.293,113.543,True,12.0,19.0,104.21300000000001,113.46300000000001,True,12.0,19.0,104.21300000000001,113.46300000000001
2025-04-16,24,92.892,False,,,0.0,0.0,True,13.0,20.0,84.35799999999998,93.60799999999998,True,14.0,19.0,90.352,99.602,True,14.0,19.0,90.352,99.602,True,13.0,19.0,92.892,102.142,True,13.0,19.0,92.892,102.142
2025-04-17,24,22.749999999999986,False,,,0.0,0.0,True,13.0,19.0,19.359999999999985,28.609999999999985,True,14.0,19.0,22.64999999999999,31.89999999999999,True,14.0,19.0,22.64999999999999,31.89999999999999,True,13.0,19.0,19.359999999999985,28.609999999999985,True,13.0,19.0,19.359999999999985,28.609999999999985
2025-04-18,24,35.65199999999999,False,,,0.0,0.0,True,15.0,19.0,30.042,39.292,True,3.0,20.0,20.35199999999999,29.60199999999999,True,3.0,20.0,20.35199999999999,29.60199999999999,True,14.0,19.0,32.762,42.012,False,,,0.0,0.0
2025-04-19,24,119.3135,False,,,0.0,0.0,True,14.0,20.0,119.3135,128.5635,True,14.0,19.0,105.82400000000001,115.07400000000001,True,14.0,19.0,105.82400000000001,115.07400000000001,True,14.0,19.0,105.82400000000001,115.07400000000001,False,,,0.0,0.0
2025-04-20,24,166.3775,False,,,0.0,0.0,True,14.0,20.0,154.0075,163.2575,True,13.0,20.0,166.3775,175.6275,True,13.0,20.0,166.3775,175.6275,True,13.0,20.0,166.3775,175.6275,True,13.0,20.0,166.3775,175.6275
2025-04-21,24,100.589,False,,,0.0,0.0,True,13.0,20.0,100.109,109.359,True,14.0,20.0,100.589,109.839,True,14.0,20.0,100.589,109.839,True,13.0,20.0,100.109,109.359,True,13.0,20.0,100.109,109.359
2025-04-22,24,146.80999999999997,False,,,0.0,0.0,True,14.0,20.0,142.99999999999997,152.24999999999997,True,14.0,20.0,142.99999999999997,152.24999999999997,True,14.0,20.0,142.99999999999997,152.24999999999997,True,12.0,20.0,134.54999999999995,143.79999999999995,True,12.0,20.0,134.54999999999995,143.79999999999995
2025-04-23,24,43.034499999999994,False,,,0.0,0.0,True,13.0,20.0,36.82949999999998,46.07949999999998,True,14.0,20.0,29.119499999999988,38.36949999999999,True,14.0,20.0,29.119499999999988,38.36949999999999,True,13.0,20.0,36.82949999999998,46.07949999999998,True,13.0,20.0,36.82949999999998,46.07949999999998
2025-04-24,24,16.07849999999999,False,,,0.0,0.0,True,13.0,19.0,9.244,18.494,True,3.0,20.0,8.468499999999992,17.71849999999999,False,,,0.0,0.0,True,13.0,19.0,9.244,18.494,False,,,0.0,0.0
2025-04-25,24,54.972999999999985,False,,,0.0,0.0,True,14.0,20.0,54.972999999999985,64.22299999999998,True,14.0,19.0,48.351499999999994,57.601499999999994,False,,,0.0,0.0,True,14.0,20.0,54.972999999999985,64.22299999999998,False,,,0.0,0.0
2025-04-26,24,96.89,False,,,0.0,0.0,True,14.0,20.0,92.81,102.06,True,14.0,20.0,92.81,102.06,True,14.0,20.0,92.81,102.06,True,14.0,20.0,92.81,102.06,True,14.0,20.0,92.81,102.06
2025-04-27,24,226.15550000000002,False,,,0.0,0.0,True,13.0,20.0,226.15550000000002,235.40550000000002,True,13.0,20.0,226.15550000000002,235.40550000000002,True,13.0,20.0,226.15550000000002,235.40550000000002,True,13.0,20.0,226.15550000000002,235.40550000000002,True,13.0,20.0,226.15550000000002,235.40550000000002
2025-04-28,24,162.51850000000002,False,,,0.0,0.0,True,13.0,20.0,162.23850000000002,171.48850000000002,True,13.0,20.0,162.23850000000002,171.48850000000002,True,13.0,20.0,162.23850000000002,171.48850000000002,True,14.0,20.0,162.51850000000002,171.76850000000002,True,14.0,20.0,162.51850000000002,171.76850000000002
2025-04-29,24,141.1875,False,,,0.0,0.0,True,14.0,20.0,140.95749999999998,150.20749999999998,True,13.0,20.0,141.1875,150.4375,True,13.0,20.0,141.1875,150.4375,True,13.0,20.0,141.1875,150.4375,True,13.0,20.0,141.1875,150.4375
2025-04-30,24,146.9255,False,,,0.0,0.0,True,13.0,20.0,146.9255,156.1755,True,14.0,20.0,143.7155,152.9655,True,14.0,20.0,143.7155,152.9655,True,13.0,20.0,146.9255,156.1755,False,,,0.0,0.0
2025-05-01,24,260.46299999999997,False,,,0.0,0.0,True,13.0,20.0,260.46299999999997,269.71299999999997,True,14.0,20.0,248.58299999999997,257.83299999999997,True,14.0,20.0,248.58299999999997,257.83299999999997,True,13.0,20.0,260.46299999999997,269.71299999999997,True,13.0,20.0,260.46299999999997,269.71299999999997
2025-05-02,24,122.59,False,,,0.0,0.0,True,13.0,20.0,121.59,130.84,True,13.0,20.0,121.59,130.84,True,13.0,20.0,121.59,130.84,True,14.0,20.0,122.59,131.84,True,14.0,20.0,122.59,131.84
2025-05-03,24,70.51950000000001,False,,,0.0,0.0,True,14.0,20.0,70.1695,79.4195,True,13.0,20.0,70.51950000000001,79.76950000000001,True,13.0,20.0,70.51950000000001,79.76950000000001,True,13.0,20.0,70.51950000000001,79.76950000000001,True,13.0,20.0,70.51950000000001,79.76950000000001
2025-05-04,24,91.283,False,,,0.0,0.0,True,13.0,20.0,85.39999999999999,94.64999999999999,True,13.0,20.0,85.39999999999999,94.64999999999999,True,13.0,20.0,85.39999999999999,94.64999999999999,True,13.0,20.0,85.39999999999999,94.64999999999999,True,13.0,20.0,85.39999999999999,94.64999999999999
2025-05-05,24,50.67199999999998,False,,,0.0,0.0,True,14.0,21.0,27.644500000000008,36.89450000000001,True,13.0,20.0,49.89,59.14,True,13.0,20.0,49.89,59.14,True,14.0,20.0,40.25,49.5,True,14.0,20.0,40.25,49.5
2025-05-06,24,89.58300000000001,False,,,0.0,0.0,True,13.0,19.0,66.5565,75.8065,True,13.0,20.0,89.58300000000001,98.83300000000001,True,13.0,20.0,89.58300000000001,98.83300000000001,True,13.0,20.0,89.58300000000001,98.83300000000001,False,,,0.0,0.0
2025-05-07,24,51.9075,False,,,0.0,0.0,True,13.0,20.0,51.9075,61.1575,True,13.0,20.0,51.9075,61.1575,True,13.0,20.0,51.9075,61.1575,True,13.0,20.0,51.9075,61.1575,True,13.0,20.0,51.9075,61.1575
2025-05-08,24,84.31800000000001,False,,,0.0,0.0,True,13.0,20.0,84.31800000000001,93.56800000000001,True,13.0,20.0,84.31800000000001,93.56800000000001,True,13.0,20.0,84.31800000000001,93.56800000000001,True,13.0,20.0,84.31800000000001,93.56800000000001,False,,,0.0,0.0
2025-05-09,24,118.25049999999999,False,,,0.0,0.0,True,13.0,20.0,117.5505,126.8005,True,13.0,20.0,117.5505,126.8005,True,13.0,20.0,117.5505,126.8005,True,13.0,20.0,117.5505,126.8005,True,13.0,20.0,117.5505,126.8005
2025-05-10,24,244.0,False,,,0.0,0.0,True,12.0,20.0,187.95,197.2,True,13.0,20.0,244.0,253.25,True,13.0,20.0,244.0,253.25,True,13.0,20.0,244.0,253.25,True,13.0,20.0,244.0,253.25
2025-05-11,24,347.201,False,,,0.0,0.0,True,13.0,20.0,347.201,356.451,True,14.0,20.0,327.861,337.111,True,14.0,20.0,327.861,337.111,True,14.0,20.0,327.861,337.111,True,14.0,20.0,327.861,337.111
2025-05-12,24,172.545,False,,,0.0,0.0,True,13.0,20.0,172.545,181.795,True,11.0,20.0,141.45499999999998,150.70499999999998,True,11.0,20.0,141.45499999999998,150.70499999999998,True,11.0,20.0,141.45499999999998,150.70499999999998,True,11.0,20.0,141.45499999999998,150.70499999999998
2025-05-13,24,196.793,False,,,0.0,0.0,True,13.0,20.0,196.793,206.043,True,13.0,20.0,196.793,206.043,True,13.0,20.0,196.793,206.043,True,13.0,20.0,196.793,206.043,True,13.0,20.0,196.793,206.043
2025-05-14,24,157.25249999999997,False,,,0.0,0.0,True,13.0,20.0,155.34249999999997,164.59249999999997,True,14.0,20.0,157.25249999999997,166.50249999999997,True,14.0,20.0,157.25249999999997,166.50249999999997,True,13.0,20.0,155.34249999999997,164.59249999999997,True,13.0,20.0,155.34249999999997,164.59249999999997
2025-05-15,24,116.63900000000001,False,,,0.0,0.0,True,14.0,20.0,116.129,125.379,True,13.0,20.0,116.63900000000001,125.88900000000001,True,13.0,20.0,116.63900000000001,125.88900000000001,True,14.0,20.0,116.129,125.379,True,14.0,20.0,116.129,125.379
2025-05-16,24,125.5735,False,,,0.0,0.0,True,13.0,20.0,124.39349999999999,133.6435,True,14.0,20.0,123.9735,133.2235,True,14.0,20.0,123.9735,133.2235,True,14.0,20.0,123.9735,133.2235,True,14.0,20.0,123.9735,133.2235
2025-05-17,24,112.6985,False,,,0.0,0.0,True,12.0,20.0,98.88299999999998,108.13299999999998,True,13.0,20.0,103.94299999999998,113.19299999999998,True,13.0,20.0,103.94299999999998,113.19299999999998,True,12.0,20.0,98.88299999999998,108.13299999999998,True,12.0,20.0,98.88299999999998,108.13299999999998
2025-05-18,24,116.64949999999999,False,,,0.0,0.0,True,14.0,21.0,116.64949999999999,125.89949999999999,True,14.0,21.0,116.64949999999999,125.89949999999999,True,14.0,21.0,116.64949999999999,125.89949999999999,True,12.0,20.0,99.1445,108.3945,True,12.0,20.0,99.1445,108.3945
2025-05-19,24,180.4935,False,,,0.0,0.0,True,14.0,21.0,114.381,123.631,True,14.0,20.0,177.4935,186.7435,True,14.0,20.0,177.4935,186.7435,True,14.0,20.0,177.4935,186.7435,True,14.0,20.0,177.4935,186.7435
2025-05-20,24,154.1525,False,,,0.0,0.0,True,13.0,20.0,154.1525,163.4025,True,14.0,20.0,154.0725,163.3225,True,14.0,20.0,154.0725,163.3225,True,14.0,20.0,154.0725,163.3225,True,14.0,20.0,154.0725,163.3225
2025-05-21,24,90.1475,False,,,0.0,0.0,True,13.0,20.0,90.1475,99.3975,True,14.0,20.0,89.47749999999999,98.72749999999999,True,14.0,20.0,89.47749999999999,98.72749999999999,True,14.0,20.0,89.47749999999999,98.72749999999999,True,14.0,20.0,89.47749999999999,98.72749999999999
2025-05-22,24,114.3125,False,,,0.0,0.0,True,13.0,20.0,101.27,110.52,True,15.0,21.0,109.8125,119.0625,True,15.0,21.0,109.8125,119.0625,True,13.0,20.0,101.27,110.52,True,13.0,20.0,101.27,110.52
2025-05-23,24,109.14649999999999,False,,,0.0,0.0,True,14.0,21.0,109.14649999999999,118.39649999999999,True,14.0,21.0,109.14649999999999,118.39649999999999,True,14.0,21.0,109.14649999999999,118.39649999999999,True,14.0,21.0,109.14649999999999,118.39649999999999,True,14.0,21.0,109.14649999999999,118.39649999999999
2025-05-24,24,86.86999999999999,False,,,0.0,0.0,True,14.0,21.0,82.872,92.122,True,13.0,20.0,85.28999999999999,94.53999999999999,True,13.0,20.0,85.28999999999999,94.53999999999999,True,14.0,21.0,82.872,92.122,True,14.0,21.0,82.872,92.122
2025-05-25,24,87.09849999999999,False,,,0.0,0.0,True,15.0,20.0,80.7,89.95,True,15.0,22.0,82.5955,91.8455,True,15.0,22.0,82.5955,91.8455,True,12.0,21.0,82.29849999999999,91.54849999999999,True,14.0,21.0,87.09849999999999,96.34849999999999
2025-05-26,24,136.5895,False,,,0.0,0.0,True,14.0,21.0,129.2645,138.5145,True,14.0,20.0,136.3195,145.5695,True,14.0,20.0,136.3195,145.5695,True,14.0,20.0,136.3195,145.5695,True,14.0,20.0,136.3195,145.5695
2025-05-27,24,107.69,False,,,0.0,0.0,True,13.0,20.0,107.69,116.94,True,14.0,20.0,107.61999999999999,116.86999999999999,True,14.0,20.0,107.61999999999999,116.86999999999999,True,14.0,20.0,107.61999999999999,116.86999999999999,True,14.0,20.0,107.61999999999999,116.86999999999999
2025-05-28,24,67.5735,False,,,0.0,0.0,True,13.0,20.0,47.325500000000005,56.575500000000005,True,15.0,20.0,63.25550000000001,72.50550000000001,True,15.0,20.0,63.25550000000001,72.50550000000001,True,14.0,20.0,52.145500000000006,61.395500000000006,True,14.0,20.0,52.145500000000006,61.395500000000006
2025-05-29,24,60.91,False,,,0.0,0.0,True,15.0,21.0,55.40050000000001,64.65050000000001,True,14.0,20.0,58.33449999999999,67.58449999999999,True,14.0,20.0,58.33449999999999,67.58449999999999,True,15.0,21.0,55.40050000000001,64.65050000000001,True,15.0,21.0,55.40050000000001,64.65050000000001
2025-05-30,24,117.85649999999998,False,,,0.0,0.0,True,14.0,19.0,88.81400000000001,98.06400000000001,True,15.0,21.0,116.09649999999999,125.34649999999999,True,15.0,21.0,116.09649999999999,125.34649999999999,True,14.0,21.0,117.75649999999999,127.00649999999999,False,,,0.0,0.0
2025-05-31,24,167.43449999999999,False,,,0.0,0.0,True,13.0,21.0,167.43449999999999,176.68449999999999,True,13.0,21.0,167.43449999999999,176.68449999999999,True,13.0,21.0,167.43449999999999,176.68449999999999,True,13.0,21.0,167.43449999999999,176.68449999999999,True,13.0,21.0,167.43449999999999,176.68449999999999
2025-06-01,24,101.991,False,,,0.0,0.0,True,13.0,21.0,94.511,103.761,True,14.0,21.0,101.991,111.241,True,14.0,21.0,101.991,111.241,True,13.0,21.0,94.511,103.761,True,13.0,21.0,94.511,103.761
2025-06-02,24,188.3145,False,,,0.0,0.0,True,14.0,21.0,188.3145,197.5645,True,14.0,20.0,146.27349999999998,155.52349999999998,True,14.0,20.0,146.27349999999998,155.52349999999998,True,13.0,20.0,144.49349999999998,153.74349999999998,True,13.0,20.0,144.49349999999998,153.74349999999998
2025-06-03,24,108.035,False,,,0.0,0.0,True,14.0,21.0,90.51650000000001,99.76650000000001,True,13.0,21.0,89.1965,98.4465,True,13.0,21.0,89.1965,98.4465,True,13.0,21.0,89.1965,98.4465,True,13.0,21.0,89.1965,98.4465
2025-06-04,24,144.9825,False,,,0.0,0.0,True,14.0,20.0,136.4125,145.6625,True,13.0,21.0,99.05699999999999,108.30699999999999,True,13.0,21.0,99.05699999999999,108.30699999999999,True,14.0,20.0,136.4125,145.6625,True,14.0,20.0,136.4125,145.6625
2025-06-05,24,99.62,False,,,0.0,0.0,True,13.0,20.0,95.66,104.91,True,14.0,20.0,99.62,108.87,True,14.0,20.0,99.62,108.87,True,14.0,20.0,99.62,108.87,True,14.0,20.0,99.62,108.87
2025-06-06,24,105.70649999999999,False,,,0.0,0.0,True,14.0,20.0,91.49449999999999,100.74449999999999,True,14.0,20.0,91.49449999999999,100.74449999999999,True,14.0,20.0,91.49449999999999,100.74449999999999,True,14.0,20.0,91.49449999999999,100.74449999999999,True,14.0,20.0,91.49449999999999,100.74449999999999
2025-06-07,24,85.34100000000001,False,,,0.0,0.0,True,14.0,21.0,84.491,93.741,True,15.0,20.0,84.185,93.435,True,15.0,20.0,84.185,93.435,True,14.0,21.0,84.491,93.741,True,14.0,21.0,84.491,93.741
2025-06-08,24,102.9275,False,,,0.0,0.0,True,16.0,21.0,88.7575,98.0075,True,15.0,21.0,102.9275,112.1775,True,15.0,21.0,102.9275,112.1775,True,14.0,21.0,102.4275,111.6775,True,14.0,21.0,102.4275,111.6775
2025-06-09,24,136.23699999999997,False,,,0.0,0.0,True,15.0,21.0,121.40699999999998,130.65699999999998,True,15.0,21.0,121.40699999999998,130.65699999999998,True,15.0,21.0,121.40699999999998,130.65699999999998,True,14.0,21.0,132.66699999999997,141.91699999999997,True,14.0,21.0,132.66699999999997,141.91699999999997
2025-06-10,24,78.259,False,,,0.0,0.0,True,13.0,21.0,70.66799999999999,79.91799999999999,True,14.0,21.0,72.598,81.848,True,14.0,21.0,72.598,81.848,True,14.0,20.0,66.3845,75.6345,True,14.0,20.0,66.3845,75.6345
2025-06-11,24,178.6,False,,,0.0,0.0,True,14.0,22.0,95.58900000000001,104.83900000000001,True,14.0,20.0,178.6,187.85,True,14.0,20.0,178.6,187.85,True,14.0,21.0,147.15,156.4,True,14.0,21.0,147.15,156.4
2025-06-12,24,130.85,False,,,0.0,0.0,True,14.0,20.0,128.42000000000002,137.67000000000002,True,14.0,20.0,128.42000000000002,137.67000000000002,True,14.0,20.0,128.42000000000002,137.67000000000002,True,14.0,20.0,128.42000000000002,137.67000000000002,True,14.0,20.0,128.42000000000002,137.67000000000002
2025-06-13,24,91.3515,False,,,0.0,0.0,True,13.0,20.0,91.3515,100.6015,True,14.0,20.0,91.2715,100.5215,True,14.0,20.0,91.2715,100.5215,True,14.0,20.0,91.2715,100.5215,True,14.0,20.0,91.2715,100.5215
2025-06-14,24,136.9295,False,,,0.0,0.0,True,13.0,20.0,136.9295,146.1795,True,14.0,20.0,124.67949999999999,133.9295,True,14.0,20.0,124.67949999999999,133.9295,True,14.0,20.0,124.67949999999999,133.9295,True,14.0,20.0,124.67949999999999,133.9295
2025-06-15,24,111.4755,False,,,0.0,0.0,True,13.0,20.0,93.7615,103.0115,True,14.0,20.0,93.1515,102.4015,True,14.0,20.0,93.1515,102.4015,True,13.0,20.0,93.7615,103.0115,True,13.0,20.0,93.7615,103.0115
2025-06-16,24,152.25,False,,,0.0,0.0,True,13.0,21.0,152.18,161.43,True,14.0,21.0,152.25,161.5,True,14.0,21.0,152.25,161.5,True,14.0,21.0,152.25,161.5,True,14.0,21.0,152.25,161.5
2025-06-17,24,202.48,False,,,0.0,0.0,True,14.0,21.0,202.123,211.373,True,13.0,21.0,200.833,210.083,True,13.0,21.0,200.833,210.083,True,14.0,21.0,202.123,211.373,True,14.0,21.0,202.123,211.373
2025-06-18,24,142.072,False,,,0.0,0.0,True,14.0,20.0,112.89150000000001,122.14150000000001,True,14.0,21.0,142.072,151.322,True,14.0,21.0,142.072,151.322,True,14.0,20.0,112.89150000000001,122.14150000000001,True,14.0,20.0,112.89150000000001,122.14150000000001
2025-06-19,24,176.72,False,,,0.0,0.0,True,14.0,21.0,176.23000000000002,185.48000000000002,True,15.0,21.0,151.07,160.32,True,15.0,21.0,151.07,160.32,True,14.0,21.0,176.23000000000002,185.48000000000002,True,14.0,21.0,176.23000000000002,185.48000000000002
2025-06-20,24,162.8465,False,,,0.0,0.0,True,13.0,21.0,143.5855,152.8355,True,13.0,20.0,162.8465,172.0965,True,13.0,20.0,162.8465,172.0965,True,15.0,21.0,141.6755,150.9255,True,15.0,21.0,141.6755,150.9255
2025-06-21,24,161.23499999999999,False,,,0.0,0.0,True,13.0,20.0,153.959,163.209,True,13.0,20.0,153.959,163.209,True,13.0,20.0,153.959,163.209,True,13.0,20.0,153.959,163.209,True,13.0,20.0,153.959,163.209
2025-06-22,24,203.94050000000001,False,,,0.0,0.0,True,13.0,21.0,203.94050000000001,213.19050000000001,True,14.0,21.0,185.9305,195.1805,True,14.0,21.0,185.9305,195.1805,True,12.0,21.0,172.34050000000002,181.59050000000002,True,12.0,21.0,172.34050000000002,181.59050000000002
2025-06-23,24,106.613,False,,,0.0,0.0,True,13.0,21.0,93.7,102.95,True,14.0,21.0,100.0,109.25,True,14.0,21.0,100.0,109.25,True,15.0,21.0,99.94,109.19,True,15.0,21.0,99.94,109.19
2025-06-24,24,118.815,False,,,0.0,0.0,True,14.0,22.0,92.81849999999999,102.06849999999999,True,16.0,21.0,97.92649999999999,107.17649999999999,True,16.0,21.0,97.92649999999999,107.17649999999999,True,14.0,20.0,115.335,124.585,True,14.0,20.0,115.335,124.585
2025-06-25,24,201.227,False,,,0.0,0.0,True,13.0,20.0,160.89,170.14,True,15.0,21.0,200.717,209.967,True,15.0,21.0,200.717,209.967,True,13.0,21.0,200.857,210.107,True,13.0,21.0,200.857,210.107
2025-06-26,24,34.10399999999999,False,,,0.0,0.0,True,14.0,21.0,24.630000000000003,33.88,True,15.0,21.0,26.759999999999998,36.01,True,15.0,21.0,26.759999999999998,36.01,True,14.0,21.0,24.630000000000003,33.88,True,14.0,21.0,24.630000000000003,33.88
2025-06-27,24,97.579,False,,,0.0,0.0,True,15.0,22.0,88.17399999999999,97.42399999999999,True,14.0,21.0,97.579,106.829,True,14.0,21.0,97.579,106.829,True,15.0,20.0,87.001,96.251,False,,,0.0,0.0
2025-06-28,24,99.121,False,,,0.0,0.0,True,14.0,21.0,99.121,108.371,True,14.0,21.0,99.121,108.371,True,14.0,21.0,99.121,108.371,True,14.0,21.0,99.121,108.371,True,14.0,21.0,99.121,108.371
2025-06-29,24,115.1195,False,,,0.0,0.0,True,14.0,21.0,115.1195,124.3695,True,14.0,22.0,111.43050000000001,120.68050000000001,True,14.0,22.0,111.43050000000001,120.68050000000001,True,14.0,21.0,115.1195,124.3695,True,14.0,21.0,115.1195,124.3695
2025-06-30,24,226.4145,False,,,0.0,0.0,True,14.0,21.0,169.4475,178.6975,True,13.0,20.0,226.4145,235.6645,True,13.0,20.0,226.4145,235.6645,True,14.0,21.0,169.4475,178.6975,True,14.0,21.0,169.4475,178.6975
2025-07-01,24,353.04150000000004,False,,,0.0,0.0,True,13.0,20.0,353.04150000000004,362.29150000000004,True,13.0,20.0,353.04150000000004,362.29150000000004,True,13.0,20.0,353.04150000000004,362.29150000000004,True,14.0,20.0,337.86150000000004,347.11150000000004,True,14.0,20.0,337.86150000000004,347.11150000000004
2025-07-02,24,162.21949999999998,False,,,0.0,0.0,True,13.0,20.0,162.21949999999998,171.46949999999998,True,13.0,20.0,162.21949999999998,171.46949999999998,True,13.0,20.0,162.21949999999998,171.46949999999998,True,13.0,20.0,162.21949999999998,171.46949999999998,True,13.0,20.0,162.21949999999998,171.46949999999998
2025-07-03,24,107.6995,False,,,0.0,0.0,True,13.0,20.0,81.756,91.006,True,14.0,20.0,90.946,100.196,True,14.0,20.0,90.946,100.196,True,13.0,20.0,81.756,91.006,True,13.0,20.0,81.756,91.006
2025-07-04,24,119.89499999999998,False,,,0.0,0.0,True,14.0,21.0,119.70499999999998,128.95499999999998,True,14.0,20.0,103.24900000000001,112.49900000000001,True,14.0,20.0,103.24900000000001,112.49900000000001,True,14.0,21.0,119.70499999999998,128.95499999999998,True,14.0,21.0,119.70499999999998,128.95499999999998
2025-07-05,24,97.526,False,,,0.0,0.0,True,13.0,21.0,97.31599999999999,106.56599999999999,True,15.0,21.0,97.276,106.526,True,15.0,21.0,97.276,106.526,True,14.0,21.0,97.37599999999999,106.62599999999999,True,14.0,21.0,97.37599999999999,106.62599999999999
2025-07-06,24,91.18400000000001,False,,,0.0,0.0,True,16.0,21.0,26.26400000000001,35.51400000000001,True,13.0,21.0,91.18400000000001,100.43400000000001,True,13.0,21.0,91.18400000000001,100.43400000000001,True,12.0,21.0,86.774,96.024,True,12.0,21.0,86.774,96.024
2025-07-07,24,33.656499999999994,False,,,0.0,0.0,True,13.0,21.0,13.182000000000002,22.432000000000002,True,14.0,20.0,20.418,29.668,True,14.0,20.0,20.418,29.668,True,13.0,20.0,2.4380000000000024,11.688000000000002,True,13.0,20.0,2.4380000000000024,11.688000000000002
2025-07-08,24,42.549,False,,,0.0,0.0,True,15.0,22.0,35.252500000000005,44.502500000000005,True,14.0,21.0,42.549,51.799,True,14.0,21.0,42.549,51.799,True,14.0,21.0,42.549,51.799,False,,,0.0,0.0
2025-07-09,24,70.474,False,,,0.0,0.0,True,14.0,21.0,70.474,79.724,True,14.0,20.0,68.009,77.259,True,14.0,20.0,68.009,77.259,True,13.0,20.0,59.099000000000004,68.349,False,,,0.0,0.0
2025-07-10,24,65.70949999999999,False,,,0.0,0.0,True,14.0,21.0,63.99499999999999,73.24499999999999,True,14.0,21.0,63.99499999999999,73.24499999999999,True,14.0,21.0,63.99499999999999,73.24499999999999,True,14.0,21.0,63.99499999999999,73.24499999999999,True,14.0,21.0,63.99499999999999,73.24499999999999
2025-07-11,24,59.078,False,,,0.0,0.0,True,13.0,20.0,48.465,57.715,True,14.0,20.0,58.58500000000001,67.83500000000001,True,14.0,20.0,58.58500000000001,67.83500000000001,True,14.0,20.0,58.58500000000001,67.83500000000001,True,14.0,20.0,58.58500000000001,67.83500000000001
2025-07-12,24,97.017,False,,,0.0,0.0,True,14.0,21.0,97.017,106.267,True,14.0,21.0,97.017,106.267,True,14.0,21.0,97.017,106.267,True,14.0,21.0,97.017,106.267,True,14.0,21.0,97.017,106.267
2025-07-13,24,99.295,False,,,0.0,0.0,True,13.0,21.0,99.295,108.545,True,14.0,21.0,99.295,108.545,True,14.0,21.0,99.295,108.545,True,13.0,21.0,99.295,108.545,True,13.0,21.0,99.295,108.545
2025-07-14,24,55.2645,False,,,0.0,0.0,True,12.0,21.0,40.10449999999999,49.35449999999999,True,15.0,21.0,55.2645,64.5145,True,15.0,21.0,55.2645,64.5145,True,15.0,21.0,55.2645,64.5145,False,,,0.0,0.0
2025-07-15,24,71.2415,False,,,0.0,0.0,True,15.0,21.0,68.8715,78.1215,True,14.0,21.0,71.2415,80.4915,True,14.0,21.0,71.2415,80.4915,True,14.0,20.0,52.363,61.613,False,,,0.0,0.0
2025-07-16,24,32.37399999999998,False,,,0.0,0.0,True,14.0,21.0,32.37399999999998,41.62399999999998,True,14.0,21.0,32.37399999999998,41.62399999999998,True,14.0,21.0,32.37399999999998,41.62399999999998,True,14.0,21.0,32.37399999999998,41.62399999999998,True,14.0,21.0,32.37399999999998,41.62399999999998
2025-07-17,24,53.17,False,,,0.0,0.0,True,14.0,21.0,53.17,62.42,True,14.0,21.0,53.17,62.42,True,14.0,21.0,53.17,62.42,True,14.0,21.0,53.17,62.42,False,,,0.0,0.0
2025-07-18,24,44.11750000000001,False,,,0.0,0.0,True,14.0,21.0,42.324,51.574,True,14.0,21.0,42.324,51.574,True,14.0,21.0,42.324,51.574,True,14.0,21.0,42.324,51.574,False,,,0.0,0.0
2025-07-19,24,88.0595,False,,,0.0,0.0,True,14.0,20.0,86.6895,95.9395,True,13.0,20.0,86.6995,95.9495,True,13.0,20.0,86.6995,95.9495,True,14.0,21.0,82.618,91.868,False,,,0.0,0.0
2025-07-20,24,89.36,False,,,0.0,0.0,True,13.0,19.0,85.96000000000001,95.21000000000001,True,13.0,21.0,88.5185,97.7685,True,13.0,21.0,88.5185,97.7685,True,13.0,21.0,88.5185,97.7685,True,13.0,21.0,88.5185,97.7685
2025-07-21,24,18.59599999999999,False,,,0.0,0.0,True,13.0,20.0,13.782499999999999,23.0325,True,15.0,20.0,7.552500000000009,16.80250000000001,False,,,0.0,0.0,True,14.0,20.0,9.722499999999997,18.972499999999997,False,,,0.0,0.0
2025-07-22,24,86.817,False,,,0.0,0.0,True,1.0,7.0,-3.5619999999999976,5.688000000000002,True,15.0,21.0,82.827,92.077,True,15.0,21.0,82.827,92.077,True,13.0,21.0,76.987,86.237,False,,,0.0,0.0
2025-07-23,24,68.79899999999999,False,,,0.0,0.0,True,14.0,21.0,65.709,74.959,True,14.0,21.0,65.709,74.959,True,14.0,21.0,65.709,74.959,True,14.0,21.0,65.709,74.959,False,,,0.0,0.0
2025-07-24,24,41.355999999999995,False,,,0.0,0.0,True,13.0,21.0,29.863999999999976,39.113999999999976,True,14.0,21.0,28.243999999999986,37.493999999999986,True,14.0,21.0,28.243999999999986,37.493999999999986,True,14.0,21.0,28.243999999999986,37.493999999999986,False,,,0.0,0.0
2025-07-25,24,17.46849999999999,False,,,0.0,0.0,True,13.0,20.0,4.938000000000002,14.188000000000002,True,14.0,20.0,7.328000000000003,16.578000000000003,True,14.0,20.0,7.328000000000003,16.578000000000003,True,13.0,20.0,4.938000000000002,14.188000000000002,False,,,0.0,0.0
2025-07-26,24,48.88949999999999,False,,,0.0,0.0,True,14.0,21.0,48.669499999999985,57.919499999999985,True,14.0,20.0,44.317499999999995,53.567499999999995,True,14.0,20.0,44.317499999999995,53.567499999999995,True,14.0,21.0,48.669499999999985,57.919499999999985,False,,,0.0,0.0
2025-07-27,24,79.4035,False,,,0.0,0.0,True,13.0,21.0,73.21349999999998,82.46349999999998,True,14.0,21.0,79.4035,88.6535,True,14.0,21.0,79.4035,88.6535,True,14.0,21.0,79.4035,88.6535,True,14.0,21.0,79.4035,88.6535
2025-07-28,24,19.60900000000001,False,,,0.0,0.0,True,14.0,21.0,19.60900000000001,28.85900000000001,True,15.0,20.0,13.798999999999992,23.048999999999992,False,,,0.0,0.0,True,13.0,20.0,10.248999999999995,19.498999999999995,False,,,0.0,0.0
2025-07-29,24,96.78850000000001,False,,,0.0,0.0,True,14.0,21.0,96.78850000000001,106.03850000000001,True,14.0,21.0,96.78850000000001,106.03850000000001,True,14.0,21.0,96.78850000000001,106.03850000000001,True,14.0,21.0,96.78850000000001,106.03850000000001,False,,,0.0,0.0
2025-07-30,24,72.75949999999999,False,,,0.0,0.0,True,14.0,21.0,72.69999999999999,81.94999999999999,True,14.0,21.0,72.69999999999999,81.94999999999999,True,14.0,21.0,72.69999999999999,81.94999999999999,True,13.0,21.0,65.71,74.96,True,13.0,21.0,65.71,74.96
2025-07-31,24,64.7195,False,,,0.0,0.0,True,14.0,20.0,64.7195,73.9695,True,14.0,20.0,64.7195,73.9695,True,14.0,20.0,64.7195,73.9695,True,14.0,20.0,64.7195,73.9695,False,,,0.0,0.0
2025-08-01,24,43.0355,False,,,0.0,0.0,True,14.0,20.0,43.0355,52.2855,True,14.0,20.0,43.0355,52.2855,False,,,0.0,0.0,True,14.0,20.0,43.0355,52.2855,False,,,0.0,0.0
2025-08-02,24,83.81649999999999,False,,,0.0,0.0,True,14.0,20.0,83.81649999999999,93.06649999999999,True,14.0,20.0,83.81649999999999,93.06649999999999,True,14.0,20.0,83.81649999999999,93.06649999999999,True,14.0,21.0,82.907,92.157,True,14.0,21.0,82.907,92.157
2025-08-03,24,84.0195,False,,,0.0,0.0,True,13.0,20.0,83.8395,93.0895,True,14.0,20.0,84.0195,93.2695,True,14.0,20.0,84.0195,93.2695,True,14.0,20.0,84.0195,93.2695,True,14.0,20.0,84.0195,93.2695
2025-08-04,24,62.58900000000001,False,,,0.0,0.0,True,14.0,20.0,58.2685,67.5185,True,2.0,8.0,7.003999999999991,16.25399999999999,True,2.0,8.0,7.003999999999991,16.25399999999999,True,14.0,20.0,58.2685,67.5185,False,,,0.0,0.0
2025-08-05,24,93.6575,False,,,0.0,0.0,True,15.0,19.0,62.278000000000006,71.528,True,15.0,21.0,91.7475,100.9975,True,15.0,21.0,91.7475,100.9975,True,13.0,20.0,76.72449999999999,85.97449999999999,False,,,0.0,0.0
2025-08-06,24,147.176,False,,,0.0,0.0,True,14.0,21.0,130.268,139.518,True,14.0,21.0,130.268,139.518,True,14.0,21.0,130.268,139.518,True,12.0,21.0,132.738,141.988,False,,,0.0,0.0
2025-08-07,24,113.389,False,,,0.0,0.0,True,13.0,20.0,113.389,122.639,True,13.0,20.0,113.389,122.639,True,13.0,20.0,113.389,122.639,True,14.0,20.0,111.68900000000001,120.93900000000001,True,14.0,20.0,111.68900000000001,120.93900000000001
2025-08-08,24,119.55349999999999,False,,,0.0,0.0,True,13.0,20.0,113.68700000000001,122.93700000000001,True,14.0,20.0,113.697,122.947,True,14.0,20.0,113.697,122.947,True,14.0,20.0,113.697,122.947,True,14.0,20.0,113.697,122.947
2025-08-09,24,114.59700000000001,False,,,0.0,0.0,True,14.0,21.0,107.5335,116.7835,True,13.0,20.0,114.367,123.617,True,13.0,20.0,114.367,123.617,True,14.0,21.0,107.5335,116.7835,True,14.0,21.0,107.5335,116.7835
2025-08-10,24,155.9125,False,,,0.0,0.0,True,14.0,20.0,142.7975,152.0475,True,14.0,21.0,145.77249999999998,155.02249999999998,True,14.0,21.0,145.77249999999998,155.02249999999998,True,13.0,20.0,152.9375,162.1875,True,13.0,20.0,152.9375,162.1875
2025-08-11,24,153.9075,False,,,0.0,0.0,True,13.0,21.0,108.79799999999999,118.04799999999999,True,13.0,20.0,153.9075,163.1575,True,13.0,20.0,153.9075,163.1575,True,13.0,20.0,153.9075,163.1575,True,13.0,20.0,153.9075,163.1575
2025-08-12,24,120.48599999999999,False,,,0.0,0.0,True,12.0,20.0,115.106,124.356,True,13.0,20.0,120.48599999999999,129.736,True,13.0,20.0,120.48599999999999,129.736,True,14.0,20.0,118.33599999999998,127.58599999999998,True,14.0,20.0,118.33599999999998,127.58599999999998
2025-08-13,24,155.50399999999996,False,,,0.0,0.0,True,13.0,20.0,155.50399999999996,164.75399999999996,True,13.0,20.0,155.50399999999996,164.75399999999996,True,13.0,20.0,155.50399999999996,164.75399999999996,True,13.0,20.0,155.50399999999996,164.75399999999996,True,13.0,20.0,155.50399999999996,164.75399999999996
2025-08-14,24,191.03649999999996,False,,,0.0,0.0,True,13.0,20.0,191.03649999999996,200.28649999999996,True,13.0,20.0,191.03649999999996,200.28649999999996,True,13.0,20.0,191.03649999999996,200.28649999999996,True,13.0,20.0,191.03649999999996,200.28649999999996,True,13.0,20.0,191.03649999999996,200.28649999999996
2025-08-15,24,96.1585,False,,,0.0,0.0,True,13.0,20.0,96.1585,105.4085,True,13.0,20.0,96.1585,105.4085,True,13.0,20.0,96.1585,105.4085,True,13.0,20.0,96.1585,105.4085,True,13.0,20.0,96.1585,105.4085
2025-08-16,24,77.98700000000001,False,,,0.0,0.0,True,13.0,20.0,77.98700000000001,87.23700000000001,True,14.0,20.0,77.98700000000001,87.23700000000001,True,14.0,20.0,77.98700000000001,87.23700000000001,True,13.0,20.0,77.98700000000001,87.23700000000001,True,13.0,20.0,77.98700000000001,87.23700000000001
2025-08-17,24,86.06099999999999,False,,,0.0,0.0,True,13.0,20.0,85.741,94.991,True,14.0,20.0,86.06099999999999,95.31099999999999,True,14.0,20.0,86.06099999999999,95.31099999999999,True,13.0,20.0,85.741,94.991,True,13.0,20.0,85.741,94.991
2025-08-18,24,144.327,False,,,0.0,0.0,True,14.0,20.0,140.21699999999998,149.46699999999998,True,13.0,20.0,144.327,153.577,True,13.0,20.0,144.327,153.577,True,14.0,19.0,130.08499999999998,139.33499999999998,True,14.0,19.0,130.08499999999998,139.33499999999998
2025-08-19,24,91.107,False,,,0.0,0.0,True,13.0,20.0,91.107,100.357,True,13.0,20.0,91.107,100.357,True,13.0,20.0,91.107,100.357,True,13.0,20.0,91.107,100.357,True,13.0,20.0,91.107,100.357
2025-08-20,24,70.6275,False,,,0.0,0.0,True,13.0,20.0,62.9435,72.1935,True,13.0,20.0,62.9435,72.1935,True,13.0,20.0,62.9435,72.1935,True,13.0,20.0,62.9435,72.1935,True,13.0,20.0,62.9435,72.1935
2025-08-21,24,28.61050000000001,False,,,0.0,0.0,True,13.0,19.0,15.091499999999996,24.341499999999996,True,14.0,19.0,24.9215,34.1715,True,14.0,19.0,24.9215,34.1715,True,13.0,19.0,15.091499999999996,24.341499999999996,True,13.0,19.0,15.091499999999996,24.341499999999996
2025-08-22,24,86.78,False,,,0.0,0.0,True,14.0,20.0,86.78,96.03,True,14.0,20.0,86.78,96.03,True,14.0,20.0,86.78,96.03,True,14.0,20.0,86.78,96.03,False,,,0.0,0.0
2025-08-23,24,95.8095,False,,,0.0,0.0,True,14.0,20.0,95.79950000000001,105.04950000000001,True,14.0,21.0,93.0455,102.2955,True,14.0,21.0,93.0455,102.2955,True,14.0,20.0,95.79950000000001,105.04950000000001,True,14.0,20.0,95.79950000000001,105.04950000000001
2025-08-24,24,97.9135,False,,,0.0,0.0,True,13.0,20.0,97.9135,107.1635,True,14.0,21.0,95.322,104.572,True,14.0,21.0,95.322,104.572,True,14.0,20.0,97.8635,107.1135,True,14.0,20.0,97.8635,107.1135
2025-08-25,24,182.71699999999998,False,,,0.0,0.0,True,13.0,20.0,182.71699999999998,191.96699999999998,True,13.0,20.0,182.71699999999998,191.96699999999998,True,13.0,20.0,182.71699999999998,191.96699999999998,True,14.0,20.0,181.867,191.117,True,14.0,20.0,181.867,191.117
2025-08-26,24,131.81799999999998,False,,,0.0,0.0,True,13.0,20.0,117.61449999999999,126.86449999999999,True,13.0,20.0,117.61449999999999,126.86449999999999,True,13.0,20.0,117.61449999999999,126.86449999999999,True,12.0,20.0,101.94449999999999,111.19449999999999,True,12.0,20.0,101.94449999999999,111.19449999999999
2025-08-27,24,128.8295,False,,,0.0,0.0,True,13.0,19.0,128.8295,138.0795,True,13.0,19.0,128.8295,138.0795,True,13.0,19.0,128.8295,138.0795,True,13.0,19.0,128.8295,138.0795,True,13.0,19.0,128.8295,138.0795
2025-08-28,24,82.16,False,,,0.0,0.0,True,13.0,19.0,68.29,77.54,True,14.0,19.0,68.36,77.61,True,14.0,19.0,68.36,77.61,True,14.0,19.0,68.36,77.61,True,14.0,19.0,68.36,77.61
2025-08-29,24,62.31800000000001,False,,,0.0,0.0,True,3.0,19.0,34.688,43.938,True,14.0,19.0,56.638000000000005,65.888,True,14.0,19.0,56.638000000000005,65.888,True,2.0,19.0,33.17800000000001,42.42800000000001,True,2.0,19.0,33.17800000000001,42.42800000000001
2025-08-30,24,101.61299999999999,False,,,0.0,0.0,True,13.0,19.0,98.7695,108.0195,True,13.0,19.0,98.7695,108.0195,True,13.0,19.0,98.7695,108.0195,True,13.0,19.0,98.7695,108.0195,True,13.0,19.0,98.7695,108.0195
2025-08-31,24,106.585,False,,,0.0,0.0,True,15.0,20.0,103.00949999999999,112.25949999999999,True,12.0,20.0,103.11949999999999,112.36949999999999,True,12.0,20.0,103.11949999999999,112.36949999999999,True,13.0,20.0,104.00949999999999,113.25949999999999,True,13.0,20.0,104.00949999999999,113.25949999999999
2025-09-01,24,178.7725,False,,,0.0,0.0,True,13.0,19.0,178.7725,188.0225,True,13.0,19.0,178.7725,188.0225,True,13.0,19.0,178.7725,188.0225,True,14.0,20.0,126.99600000000001,136.246,True,14.0,20.0,126.99600000000001,136.246
2025-09-02,24,176.99349999999998,False,,,0.0,0.0,True,13.0,19.0,175.80349999999999,185.05349999999999,True,13.0,19.0,175.80349999999999,185.05349999999999,True,13.0,19.0,175.80349999999999,185.05349999999999,True,13.0,19.0,175.80349999999999,185.05349999999999,True,13.0,19.0,175.80349999999999,185.05349999999999
2025-09-03,24,85.312,False,,,0.0,0.0,True,14.0,19.0,85.312,94.562,True,14.0,19.0,85.312,94.562,True,14.0,19.0,85.312,94.562,True,14.0,19.0,85.312,94.562,True,14.0,19.0,85.312,94.562
2025-09-04,24,285.05,False,,,0.0,0.0,True,14.0,19.0,253.36,262.61,True,2.0,19.0,270.38,279.63,True,2.0,19.0,270.38,279.63,True,13.0,19.0,284.89,294.14,False,,,0.0,0.0
2025-09-05,24,51.93050000000001,False,,,0.0,0.0,True,12.0,19.0,43.85050000000001,53.10050000000001,True,14.0,19.0,51.93050000000001,61.18050000000001,True,14.0,19.0,51.93050000000001,61.18050000000001,True,13.0,19.0,49.91050000000001,59.16050000000001,True,13.0,19.0,49.91050000000001,59.16050000000001
2025-09-06,24,126.3715,False,,,0.0,0.0,True,14.0,19.0,126.3715,135.6215,True,14.0,19.0,126.3715,135.6215,True,14.0,19.0,126.3715,135.6215,True,14.0,19.0,126.3715,135.6215,True,14.0,19.0,126.3715,135.6215
2025-09-07,24,136.20499999999998,False,,,0.0,0.0,True,14.0,19.0,132.795,142.045,True,13.0,19.0,136.20499999999998,145.45499999999998,True,13.0,19.0,136.20499999999998,145.45499999999998,True,13.0,19.0,136.20499999999998,145.45499999999998,True,13.0,19.0,136.20499999999998,145.45499999999998
2025-09-08,24,281.52099999999996,False,,,0.0,0.0,True,13.0,19.0,281.52099999999996,290.77099999999996,True,0.0,19.0,262.701,271.951,True,0.0,19.0,262.701,271.951,True,13.0,19.0,281.52099999999996,290.77099999999996,True,13.0,19.0,281.52099999999996,290.77099999999996
2025-09-09,24,233.68,False,,,0.0,0.0,True,13.0,19.0,233.5,242.75,True,14.0,19.0,233.68,242.93,True,14.0,19.0,233.68,242.93,True,13.0,19.0,233.5,242.75,True,13.0,19.0,233.5,242.75
2025-09-10,24,138.5715,False,,,0.0,0.0,True,14.0,19.0,136.86149999999998,146.11149999999998,True,14.0,19.0,136.86149999999998,146.11149999999998,True,14.0,19.0,136.86149999999998,146.11149999999998,True,14.0,19.0,136.86149999999998,146.11149999999998,True,14.0,19.0,136.86149999999998,146.11149999999998
2025-09-11,24,104.40100000000001,False,,,0.0,0.0,True,13.0,19.0,103.751,113.001,True,14.0,19.0,104.40100000000001,113.65100000000001,True,14.0,19.0,104.40100000000001,113.65100000000001,True,13.0,19.0,103.751,113.001,True,13.0,19.0,103.751,113.001
2025-09-12,24,131.466,False,,,0.0,0.0,True,14.0,19.0,128.996,138.246,True,14.0,19.0,128.996,138.246,True,14.0,19.0,128.996,138.246,True,14.0,19.0,128.996,138.246,True,14.0,19.0,128.996,138.246
2025-09-13,24,94.37500000000001,False,,,0.0,0.0,True,13.0,19.0,94.37500000000001,103.62500000000001,True,14.0,19.0,94.37500000000001,103.62500000000001,True,14.0,19.0,94.37500000000001,103.62500000000001,True,14.0,19.0,94.37500000000001,103.62500000000001,True,14.0,19.0,94.37500000000001,103.62500000000001
2025-09-14,24,121.05649999999997,False,,,0.0,0.0,True,13.0,19.0,121.04649999999998,130.29649999999998,True,14.0,19.0,121.05649999999997,130.30649999999997,True,14.0,19.0,121.05649999999997,130.30649999999997,True,12.0,19.0,114.52649999999998,123.77649999999998,True,12.0,19.0,114.52649999999998,123.77649999999998
2025-09-15,24,50.8605,False,,,0.0,0.0,True,14.0,19.0,50.290499999999994,59.540499999999994,True,3.0,19.0,36.5805,45.8305,True,3.0,19.0,36.5805,45.8305,True,13.0,19.0,50.8605,60.1105,True,13.0,19.0,50.8605,60.1105
2025-09-16,24,106.8245,False,,,0.0,0.0,True,13.0,19.0,96.6105,105.8605,True,16.0,20.0,90.0145,99.2645,True,16.0,20.0,90.0145,99.2645,True,14.0,19.0,89.7505,99.0005,False,,,0.0,0.0
2025-09-17,24,104.06300000000002,False,,,0.0,0.0,True,12.0,20.0,85.24199999999999,94.49199999999999,True,14.0,18.0,84.9735,94.2235,True,14.0,18.0,84.9735,94.2235,True,13.0,19.0,104.06300000000002,113.31300000000002,False,,,0.0,0.0
2025-09-18,24,104.84549999999999,False,,,0.0,0.0,True,13.0,19.0,104.84549999999999,114.09549999999999,True,14.0,19.0,104.84549999999999,114.09549999999999,True,14.0,19.0,104.84549999999999,114.09549999999999,True,12.0,19.0,104.64549999999998,113.89549999999998,True,12.0,19.0,104.64549999999998,113.89549999999998
2025-09-19,24,338.604,False,,,0.0,0.0,True,13.0,19.0,338.604,347.854,True,14.0,19.0,338.604,347.854,True,14.0,19.0,338.604,347.854,True,14.0,19.0,338.604,347.854,True,14.0,19.0,338.604,347.854
2025-09-20,24,115.59499999999998,False,,,0.0,0.0,True,13.0,19.0,115.59499999999998,124.84499999999998,True,14.0,19.0,109.83499999999998,119.08499999999998,True,14.0,19.0,109.83499999999998,119.08499999999998,True,14.0,19.0,109.83499999999998,119.08499999999998,True,14.0,19.0,109.83499999999998,119.08499999999998
2025-09-21,24,95.2545,False,,,0.0,0.0,True,13.0,19.0,95.2545,104.5045,True,13.0,19.0,95.2545,104.5045,True,13.0,19.0,95.2545,104.5045,True,14.0,19.0,94.5445,103.7945,True,14.0,19.0,94.5445,103.7945
2025-09-22,24,40.30199999999998,False,,,0.0,0.0,True,13.0,19.0,39.36199999999998,48.61199999999998,True,3.0,19.0,31.32199999999999,40.57199999999999,True,3.0,19.0,31.32199999999999,40.57199999999999,True,1.0,19.0,26.96199999999999,36.21199999999999,True,1.0,19.0,26.96199999999999,36.21199999999999
2025-09-23,24,48.656000000000006,False,,,0.0,0.0,True,14.0,19.0,43.643,52.893,True,14.0,19.0,43.643,52.893,False,,,0.0,0.0,True,14.0,19.0,43.643,52.893,False,,,0.0,0.0
2025-09-24,24,79.3905,False,,,0.0,0.0,True,0.0,7.0,8.388499999999993,17.638499999999993,True,14.0,19.0,79.3905,88.6405,True,14.0,19.0,79.3905,88.6405,True,13.0,19.0,78.63050000000001,87.88050000000001,False,,,0.0,0.0
2025-09-25,24,79.9075,False,,,0.0,0.0,True,14.0,19.0,73.89949999999999,83.14949999999999,True,14.0,19.0,73.89949999999999,83.14949999999999,True,14.0,19.0,73.89949999999999,83.14949999999999,True,14.0,19.0,73.89949999999999,83.14949999999999,True,14.0,19.0,73.89949999999999,83.14949999999999
2025-09-26,24,30.65700000000001,False,,,0.0,0.0,True,13.0,20.0,19.258499999999998,28.508499999999998,True,14.0,18.0,20.80250000000001,30.05250000000001,True,14.0,18.0,20.80250000000001,30.05250000000001,True,13.0,19.0,30.65700000000001,39.90700000000001,True,13.0,19.0,30.65700000000001,39.90700000000001
2025-09-27,24,80.95850000000002,False,,,0.0,0.0,True,13.0,19.0,80.95850000000002,90.20850000000002,True,14.0,19.0,68.52850000000001,77.77850000000001,True,14.0,19.0,68.52850000000001,77.77850000000001,True,13.0,19.0,80.95850000000002,90.20850000000002,False,,,0.0,0.0
2025-09-28,24,99.49449999999999,False,,,0.0,0.0,True,13.0,19.0,99.49449999999999,108.74449999999999,True,13.0,19.0,99.49449999999999,108.74449999999999,True,13.0,19.0,99.49449999999999,108.74449999999999,True,13.0,19.0,99.49449999999999,108.74449999999999,True,13.0,19.0,99.49449999999999,108.74449999999999
2025-09-29,24,259.433,False,,,0.0,0.0,True,13.0,19.0,259.433,268.683,True,13.0,19.0,259.433,268.683,True,13.0,19.0,259.433,268.683,True,13.0,19.0,259.433,268.683,False,,,0.0,0.0
2025-09-30,24,208.81449999999995,False,,,0.0,0.0,True,13.0,19.0,208.81449999999995,218.06449999999995,True,13.0,19.0,208.81449999999995,218.06449999999995,True,13.0,19.0,208.81449999999995,218.06449999999995,True,13.0,19.0,208.81449999999995,218.06449999999995,True,13.0,19.0,208.81449999999995,218.06449999999995
2025-10-01,24,213.718625,False,,,0.0,0.0,True,13.0,19.0,211.343625,220.593625,True,12.0,19.0,213.718625,222.968625,True,12.0,19.0,213.718625,222.968625,True,14.0,19.0,207.116125,216.366125,True,14.0,19.0,207.116125,216.366125
2025-10-02,24,80.56187500000001,False,,,0.0,0.0,True,12.0,19.0,75.29187500000002,84.54187500000002,True,12.0,19.0,75.29187500000002,84.54187500000002,True,12.0,19.0,75.29187500000002,84.54187500000002,True,12.0,19.0,75.29187500000002,84.54187500000002,True,12.0,19.0,75.29187500000002,84.54187500000002
2025-10-03,24,76.8935,False,,,0.0,0.0,True,13.0,19.0,66.906,76.156,True,11.0,18.0,52.8935,62.1435,True,11.0,18.0,52.8935,62.1435,True,13.0,19.0,66.906,76.156,False,,,0.0,0.0
2025-10-04,24,0.0,False,,,0.0,0.0,True,13.0,18.0,-7.87075,1.3792499999999999,True,13.0,19.0,-6.064500000000001,3.1854999999999998,False,,,0.0,0.0,True,13.0,18.0,-7.87075,1.3792499999999999,True,13.0,18.0,-7.87075,1.3792499999999999
2025-10-05,24,25.520375,False,,,0.0,0.0,False,,,0.0,0.0,True,11.0,20.0,9.622999999999998,18.872999999999998,False,,,0.0,0.0,True,14.0,19.0,23.482875,32.732875,False,,,0.0,0.0
2025-10-06,24,124.71525,False,,,0.0,0.0,True,4.0,19.0,117.01774999999999,126.26774999999999,True,3.0,19.0,123.08525,132.33525,True,3.0,19.0,123.08525,132.33525,True,3.0,18.0,100.366875,109.616875,False,,,0.0,0.0
2025-10-07,24,145.71949999999998,False,,,0.0,0.0,True,2.0,19.0,82.22049999999999,91.47049999999999,True,1.0,19.0,78.05049999999999,87.30049999999999,True,1.0,19.0,78.05049999999999,87.30049999999999,True,3.0,19.0,82.48799999999999,91.73799999999999,False,,,0.0,0.0
2025-10-08,24,72.92712499999999,False,,,0.0,0.0,True,3.0,8.0,45.21075000000002,54.46075000000002,True,3.0,8.0,45.21075000000002,54.46075000000002,True,3.0,8.0,45.21075000000002,54.46075000000002,True,2.0,8.0,44.62575000000001,53.87575000000001,True,2.0,8.0,44.62575000000001,53.87575000000001
2025-10-09,24,27.34750000000001,False,,,0.0,0.0,True,3.0,19.0,4.578125,13.828125,True,3.0,7.0,23.182500000000005,32.432500000000005,True,3.0,7.0,23.182500000000005,32.432500000000005,True,13.0,19.0,12.04312499999999,21.29312499999999,False,,,0.0,0.0
2025-10-10,24,19.85650000000001,False,,,0.0,0.0,True,3.0,8.0,16.685625,25.935625,True,3.0,18.0,14.979250000000008,24.229250000000008,False,,,0.0,0.0,True,3.0,8.0,16.685625,25.935625,False,,,0.0,0.0
2025-10-11,24,54.624125000000014,False,,,0.0,0.0,True,13.0,19.0,54.624125000000014,63.874125000000014,True,14.0,18.0,47.191874999999996,56.441874999999996,True,14.0,18.0,47.191874999999996,56.441874999999996,True,13.0,19.0,54.624125000000014,63.874125000000014,False,,,0.0,0.0
2025-10-12,24,37.733999999999995,False,,,0.0,0.0,True,13.0,19.0,37.733999999999995,46.983999999999995,True,14.0,19.0,27.41899999999999,36.66899999999999,True,14.0,19.0,27.41899999999999,36.66899999999999,True,14.0,19.0,27.41899999999999,36.66899999999999,False,,,0.0,0.0
2025-10-13,24,162.21625,False,,,0.0,0.0,True,13.0,19.0,161.48125,170.73125,True,3.0,19.0,162.21625,171.46625,True,3.0,19.0,162.21625,171.46625,True,13.0,19.0,161.48125,170.73125,False,,,0.0,0.0
2025-10-14,24,238.00674999999995,False,,,0.0,0.0,True,3.0,19.0,238.00674999999995,247.25674999999995,True,3.0,19.0,238.00674999999995,247.25674999999995,True,3.0,19.0,238.00674999999995,247.25674999999995,True,3.0,19.0,238.00674999999995,247.25674999999995,True,3.0,19.0,238.00674999999995,247.25674999999995
2025-10-15,24,124.0615,False,,,0.0,0.0,True,3.0,19.0,74.1325,83.3825,True,14.0,19.0,62.3575,71.6075,True,14.0,19.0,62.3575,71.6075,True,3.0,19.0,74.1325,83.3825,True,3.0,19.0,74.1325,83.3825
2025-10-16,24,28.776499999999984,False,,,0.0,0.0,True,3.0,7.0,2.7991250000000036,12.049125000000004,True,3.0,8.0,16.94737499999998,26.19737499999998,True,3.0,8.0,16.94737499999998,26.19737499999998,True,3.0,8.0,16.94737499999998,26.19737499999998,True,3.0,8.0,16.94737499999998,26.19737499999998
2025-10-17,24,25.712249999999997,False,,,0.0,0.0,True,13.0,19.0,15.119,24.369,True,3.0,8.0,25.40225000000001,34.65225000000001,False,,,0.0,0.0,True,13.0,19.0,15.119,24.369,False,,,0.0,0.0
2025-10-18,24,36.46725000000001,False,,,0.0,0.0,True,0.0,8.0,-6.501750000000001,2.7482499999999987,True,13.0,18.0,36.46725000000001,45.71725000000001,True,13.0,18.0,36.46725000000001,45.71725000000001,True,14.0,19.0,24.551625,33.801625,False,,,0.0,0.0
2025-10-19,24,61.989374999999995,False,,,0.0,0.0,True,13.0,18.0,61.989374999999995,71.239375,True,13.0,18.0,61.989374999999995,71.239375,True,13.0,18.0,61.989374999999995,71.239375,True,13.0,18.0,61.989374999999995,71.239375,False,,,0.0,0.0
2025-10-20,24,42.20162500000001,False,,,0.0,0.0,True,13.0,18.0,31.803999999999988,41.05399999999999,True,3.0,18.0,37.074,46.324,True,3.0,18.0,37.074,46.324,True,13.0,18.0,31.803999999999988,41.05399999999999,False,,,0.0,0.0
2025-10-21,24,72.0025,False,,,0.0,0.0,True,3.0,17.0,53.4725,62.7225,True,14.0,18.0,61.22,70.47,True,14.0,18.0,61.22,70.47,True,2.0,17.0,42.6775,51.9275,False,,,0.0,0.0
2025-10-22,24,157.35512500000002,False,,,0.0,0.0,True,3.0,18.0,153.41262500000002,162.66262500000002,True,1.0,17.0,71.602125,80.852125,True,1.0,17.0,71.602125,80.852125,True,3.0,18.0,153.41262500000002,162.66262500000002,False,,,0.0,0.0
2025-10-23,24,24.905500000000004,False,,,0.0,0.0,True,2.0,18.0,-6.626999999999995,2.6230000000000047,True,13.0,18.0,24.335499999999996,33.585499999999996,True,13.0,18.0,24.335499999999996,33.585499999999996,True,13.0,18.0,24.335499999999996,33.585499999999996,True,13.0,18.0,24.335499999999996,33.585499999999996
2025-10-24,24,61.86449999999999,False,,,0.0,0.0,True,14.0,18.0,54.17849999999999,63.42849999999999,True,15.0,18.0,52.35849999999999,61.60849999999999,True,15.0,18.0,52.35849999999999,61.60849999999999,True,13.0,18.0,54.17849999999999,63.42849999999999,False,,,0.0,0.0
2025-10-25,24,42.83275,False,,,0.0,0.0,True,3.0,8.0,-5.85175,3.39825,True,13.0,18.0,33.344625,42.594625,False,,,0.0,0.0,True,14.0,18.0,33.684625,42.934625,False,,,0.0,0.0
2025-10-26,23,27.201625,False,,,0.0,0.0,True,3.0,18.0,26.126624999999997,35.376625,True,13.0,17.0,16.797125,26.047125,False,,,0.0,0.0,True,13.0,18.0,27.014125,36.264125,False,,,0.0,0.0
2025-10-27,24,98.30937499999999,False,,,0.0,0.0,True,14.0,18.0,14.959374999999994,24.209374999999994,True,2.0,17.0,83.6035,92.8535,True,2.0,17.0,83.6035,92.8535,True,1.0,16.0,73.27262499999999,82.52262499999999,False,,,0.0,0.0
2025-10-28,24,74.223,False,,,0.0,0.0,True,3.0,18.0,74.223,83.473,True,2.0,19.0,63.083124999999995,72.333125,True,1.0,19.0,52.743125,61.993125,True,3.0,18.0,74.223,83.473,False,,,0.0,0.0
2025-10-29,24,46.14612500000001,False,,,0.0,0.0,True,3.0,18.0,43.83362500000001,53.08362500000001,True,0.0,18.0,41.37862500000001,50.62862500000001,True,0.0,18.0,41.37862500000001,50.62862500000001,True,3.0,18.0,43.83362500000001,53.08362500000001,False,,,0.0,0.0
2025-10-30,24,90.993,False,,,0.0,0.0,True,1.0,18.0,20.68787499999999,29.93787499999999,True,13.0,18.0,90.790375,100.040375,True,13.0,18.0,90.790375,100.040375,True,4.0,18.0,33.64037499999999,42.89037499999999,False,,,0.0,0.0
2025-10-31,24,28.90287500000001,False,,,0.0,0.0,True,12.0,17.0,18.608749999999986,27.858749999999986,True,11.0,17.0,20.51124999999999,29.76124999999999,False,,,0.0,0.0,True,12.0,17.0,18.608749999999986,27.858749999999986,False,,,0.0,0.0
2025-11-01,24,54.81925000000001,False,,,0.0,0.0,True,11.0,16.0,40.08975,49.33975,True,10.0,18.0,48.14675000000001,57.39675000000001,True,10.0,18.0,48.14675000000001,57.39675000000001,True,10.0,17.0,47.921499999999995,57.171499999999995,False,,,0.0,0.0
2025-11-02,24,42.684124999999995,False,,,0.0,0.0,True,6.0,18.0,31.248874999999998,40.498875,True,3.0,17.0,40.27912499999999,49.52912499999999,False,,,0.0,0.0,True,10.0,18.0,26.606375,35.856375,False,,,0.0,0.0
2025-11-03,24,17.276749999999993,False,,,0.0,0.0,True,1.0,17.0,-10.713000000000008,-1.463000000000008,True,3.0,18.0,-5.4182500000000005,3.8317499999999995,False,,,0.0,0.0,True,2.0,18.0,-7.275750000000002,1.9742499999999978,False,,,0.0,0.0
2025-11-04,24,95.55999999999999,False,,,0.0,0.0,True,3.0,7.0,81.598875,90.848875,True,1.0,17.0,93.22749999999999,102.47749999999999,True,1.0,17.0,93.22749999999999,102.47749999999999,True,3.0,7.0,81.598875,90.848875,False,,,0.0,0.0
2025-11-05,24,54.04737499999998,False,,,0.0,0.0,True,2.0,17.0,41.69987499999999,50.94987499999999,True,1.0,17.0,40.232374999999976,49.482374999999976,True,1.0,17.0,40.232374999999976,49.482374999999976,True,3.0,17.0,41.37237499999998,50.62237499999998,False,,,0.0,0.0
2025-11-06,24,38.16674999999999,False,,,0.0,0.0,True,11.0,17.0,38.16674999999999,47.41674999999999,True,12.0,17.0,37.87424999999999,47.12424999999999,False,,,0.0,0.0,True,11.0,17.0,38.16674999999999,47.41674999999999,False,,,0.0,0.0
2025-11-07,24,53.70437499999997,False,,,0.0,0.0,True,11.0,17.0,52.51937499999998,61.76937499999998,True,3.0,17.0,52.89437499999997,62.14437499999997,False,,,0.0,0.0,True,10.0,17.0,49.126874999999984,58.376874999999984,False,,,0.0,0.0
2025-11-08,24,12.830124999999995,False,,,0.0,0.0,True,12.0,17.0,10.267749999999992,19.517749999999992,True,4.0,17.0,10.390249999999995,19.640249999999995,False,,,0.0,0.0,True,11.0,17.0,8.480249999999984,17.730249999999984,False,,,0.0,0.0
2025-11-09,24,9.319999999999993,False,,,0.0,0.0,True,3.0,18.0,6.802499999999995,16.052499999999995,True,5.0,17.0,5.3999999999999915,14.649999999999991,False,,,0.0,0.0,True,12.0,18.0,0.09749999999998238,9.347499999999982,False,,,0.0,0.0
2025-11-10,24,37.76625,False,,,0.0,0.0,True,7.0,18.0,-49.62875000000001,-40.37875000000001,True,3.0,17.0,21.719625000000008,30.969625000000008,False,,,0.0,0.0,True,3.0,18.0,5.84375,15.09375,False,,,0.0,0.0
2025-11-11,24,37.64887499999999,False,,,0.0,0.0,True,4.0,8.0,11.982874999999993,21.232874999999993,True,3.0,17.0,37.64887499999999,46.89887499999999,False,,,0.0,0.0,True,3.0,8.0,12.607874999999993,21.857874999999993,False,,,0.0,0.0
2025-11-12,24,29.700749999999992,False,,,0.0,0.0,True,3.0,17.0,26.43574999999999,35.68574999999999,True,12.0,17.0,29.700749999999992,38.95074999999999,False,,,0.0,0.0,True,2.0,17.0,24.425749999999994,33.675749999999994,False,,,0.0,0.0
2025-11-13,24,96.78212500000001,False,,,0.0,0.0,True,12.0,17.0,53.24499999999999,62.49499999999999,True,10.0,17.0,51.012499999999996,60.262499999999996,True,10.0,17.0,51.012499999999996,60.262499999999996,True,12.0,17.0,53.24499999999999,62.49499999999999,False,,,0.0,0.0
2025-11-14,24,16.81537499999999,False,,,0.0,0.0,True,4.0,18.0,0.4585000000000008,9.7085,True,0.0,17.0,4.141999999999996,13.391999999999996,False,,,0.0,0.0,True,1.0,17.0,6.7819999999999965,16.031999999999996,False,,,0.0,0.0
2025-11-15,24,26.122500000000002,False,,,0.0,0.0,True,3.0,7.0,-16.783249999999995,-7.533249999999995,True,5.0,17.0,23.665000000000006,32.915000000000006,False,,,0.0,0.0,True,12.0,17.0,10.087500000000006,19.337500000000006,False,,,0.0,0.0
2025-11-16,24,15.044124999999994,False,,,0.0,0.0,True,6.0,17.0,15.044124999999994,24.294124999999994,True,6.0,18.0,11.505999999999986,20.755999999999986,False,,,0.0,0.0,True,7.0,18.0,4.690999999999988,13.940999999999988,False,,,0.0,0.0
2025-11-17,24,27.371125000000006,False,,,0.0,0.0,True,6.0,17.0,0.9117499999999978,10.161749999999998,True,4.0,17.0,16.406750000000002,25.656750000000002,False,,,0.0,0.0,True,4.0,17.0,16.406750000000002,25.656750000000002,False,,,0.0,0.0
2025-11-18,24,41.9435,False,,,0.0,0.0,True,3.0,8.0,14.896500000000003,24.146500000000003,True,3.0,17.0,41.9435,51.1935,False,,,0.0,0.0,True,3.0,17.0,41.9435,51.1935,False,,,0.0,0.0
2025-11-19,24,23.73450000000001,False,,,0.0,0.0,True,3.0,17.0,15.997374999999991,25.24737499999999,True,2.0,17.0,15.01487499999999,24.26487499999999,False,,,0.0,0.0,True,3.0,17.0,15.997374999999991,25.24737499999999,False,,,0.0,0.0
2025-11-20,24,53.41049999999997,False,,,0.0,0.0,True,3.0,8.0,36.31275000000001,45.56275000000001,True,2.0,17.0,52.869125,62.119125,False,,,0.0,0.0,True,3.0,17.0,53.106624999999994,62.356624999999994,False,,,0.0,0.0
2025-11-21,24,114.65449999999998,False,,,0.0,0.0,True,3.0,16.0,114.65449999999998,123.90449999999998,True,3.0,17.0,113.07137499999999,122.32137499999999,True,3.0,17.0,113.07137499999999,122.32137499999999,True,3.0,17.0,113.07137499999999,122.32137499999999,False,,,0.0,0.0
2025-11-22,24,12.669249999999991,False,,,0.0,0.0,True,3.0,16.0,-5.277500000000003,3.9724999999999966,True,12.0,17.0,11.754249999999999,21.00425,True,12.0,17.0,11.754249999999999,21.00425,True,3.0,17.0,2.7592499999999944,12.009249999999994,True,3.0,17.0,2.7592499999999944,12.009249999999994
2025-11-23,24,1.0928749999999994,False,,,0.0,0.0,True,13.0,17.0,-5.993500000000012,3.2564999999999884,True,11.0,16.0,-9.735624999999999,-0.48562499999999886,False,,,0.0,0.0,True,12.0,18.0,-6.951375000000013,2.298624999999987,False,,,0.0,0.0
2025-11-24,24,144.647625,False,,,0.0,0.0,True,4.0,19.0,77.05425,86.30425,True,1.0,18.0,116.68687499999999,125.93687499999999,True,1.0,18.0,116.68687499999999,125.93687499999999,True,4.0,17.0,140.955125,150.205125,False,,,0.0,0.0
2025-11-25,24,211.96812500000001,False,,,0.0,0.0,True,1.0,17.0,208.913125,218.163125,True,1.0,17.0,208.913125,218.163125,True,1.0,17.0,208.913125,218.163125,True,2.0,17.0,210.478125,219.728125,True,2.0,17.0,210.478125,219.728125
2025-11-26,24,152.8435,False,,,0.0,0.0,True,3.0,17.0,151.7335,160.9835,True,3.0,17.0,151.7335,160.9835,True,3.0,17.0,151.7335,160.9835,True,2.0,17.0,152.8435,162.0935,True,2.0,17.0,152.8435,162.0935
2025-11-27,24,18.046750000000003,False,,,0.0,0.0,True,2.0,17.0,-6.316125000000014,2.9338749999999862,True,3.0,8.0,18.046750000000003,27.296750000000003,True,3.0,8.0,18.046750000000003,27.296750000000003,True,3.0,16.0,-9.727000000000004,-0.47700000000000387,True,3.0,16.0,-9.727000000000004,-0.47700000000000387
2025-11-28,24,31.836999999999996,False,,,0.0,0.0,True,3.0,8.0,28.271249999999988,37.52124999999999,True,2.0,17.0,19.553874999999998,28.803874999999998,True,2.0,17.0,19.553874999999998,28.803874999999998,True,3.0,8.0,28.271249999999988,37.52124999999999,False,,,0.0,0.0
2025-11-29,24,0.8747499999999775,False,,,0.0,0.0,True,3.0,15.0,-4.4933750000000146,4.7566249999999854,True,2.0,17.0,0.4372499999999775,9.687249999999977,False,,,0.0,0.0,True,3.0,18.0,-8.397000000000006,0.8529999999999944,False,,,0.0,0.0
2025-11-30,24,15.675624999999997,False,,,0.0,0.0,True,1.0,17.0,9.407875000000004,18.657875000000004,True,3.0,17.0,13.835374999999999,23.085375,False,,,0.0,0.0,False,,,0.0,0.0,False,,,0.0,0.0
2025-12-01,24,28.92512500000001,False,,,0.0,0.0,True,3.0,18.0,-18.746375,-9.496375,True,3.0,17.0,-14.139375000000001,-4.889375000000001,False,,,0.0,0.0,True,3.0,17.0,-14.139375000000001,-4.889375000000001,False,,,0.0,0.0
2025-12-02,24,79.00462499999998,False,,,0.0,0.0,True,4.0,8.0,14.784999999999997,24.034999999999997,True,3.0,17.0,65.91149999999998,75.16149999999998,True,3.0,17.0,65.91149999999998,75.16149999999998,True,2.0,8.0,10.317499999999995,19.567499999999995,False,,,0.0,0.0
2025-12-03,24,163.77500000000003,False,,,0.0,0.0,True,4.0,19.0,47.463375,56.713375,True,2.0,15.0,106.670625,115.920625,True,2.0,15.0,106.670625,115.920625,True,4.0,18.0,74.23200000000001,83.48200000000001,False,,,0.0,0.0
2025-12-04,24,39.77974999999999,False,,,0.0,0.0,True,1.0,16.0,20.285375000000002,29.535375000000002,True,2.0,8.0,22.914624999999987,32.16462499999999,True,2.0,8.0,22.914624999999987,32.16462499999999,True,3.0,16.0,23.810374999999993,33.06037499999999,True,3.0,16.0,23.810374999999993,33.06037499999999
2025-12-05,24,56.950125000000014,False,,,0.0,0.0,True,3.0,9.0,56.70575000000002,65.95575000000002,True,2.0,11.0,42.21774999999998,51.46774999999998,True,2.0,11.0,42.21774999999998,51.46774999999998,True,2.0,9.0,56.35325000000002,65.60325000000002,False,,,0.0,0.0
2025-12-06,24,7.414375000000007,False,,,0.0,0.0,True,3.0,8.0,-12.439375000000013,-3.1893750000000125,True,5.0,17.0,6.627375000000001,15.877375,False,,,0.0,0.0,True,2.0,16.0,-1.6306249999999949,7.619375000000005,False,,,0.0,0.0
2025-12-07,24,27.236999999999995,False,,,0.0,0.0,True,6.0,16.0,20.196375000000003,29.446375000000003,True,3.0,17.0,27.236999999999995,36.486999999999995,True,3.0,17.0,27.236999999999995,36.486999999999995,True,7.0,18.0,1.262999999999991,10.512999999999991,False,,,0.0,0.0
2025-12-08,24,78.53249999999998,False,,,0.0,0.0,True,3.0,17.0,78.53249999999998,87.78249999999998,True,3.0,17.0,78.53249999999998,87.78249999999998,True,3.0,17.0,78.53249999999998,87.78249999999998,True,3.0,16.0,71.07374999999999,80.32374999999999,False,,,0.0,0.0
2025-12-09,24,28.252499999999998,False,,,0.0,0.0,True,3.0,17.0,4.787374999999997,14.037374999999997,True,1.0,17.0,6.8473749999999995,16.097375,False,,,0.0,0.0,True,4.0,17.0,5.912374999999997,15.162374999999997,False,,,0.0,0.0
2025-12-10,24,49.571625,False,,,0.0,0.0,True,1.0,8.0,34.452625000000005,43.702625000000005,True,2.0,8.0,39.932625,49.182625,True,2.0,8.0,39.932625,49.182625,True,1.0,8.0,34.452625000000005,43.702625000000005,False,,,0.0,0.0
2025-12-11,24,16.329250000000002,False,,,0.0,0.0,True,2.0,17.0,16.329250000000002,25.579250000000002,True,2.0,8.0,12.038875000000004,21.288875000000004,False,,,0.0,0.0,True,2.0,8.0,12.038875000000004,21.288875000000004,False,,,0.0,0.0
2025-12-12,24,31.77124999999998,False,,,0.0,0.0,True,2.0,17.0,27.651249999999976,36.901249999999976,True,3.0,16.0,24.231875000000002,33.481875,False,,,0.0,0.0,True,2.0,16.0,26.514375,35.764375,False,,,0.0,0.0
2025-12-13,24,13.358874999999998,False,,,0.0,0.0,True,0.0,17.0,-0.8521250000000009,8.397874999999999,True,5.0,17.0,6.762875000000008,16.012875000000008,False,,,0.0,0.0,True,5.0,17.0,6.762875000000008,16.012875000000008,False,,,0.0,0.0
2025-12-14,24,1.373625000000004,False,,,0.0,0.0,True,6.0,16.0,-2.0348749999999995,7.2151250000000005,True,6.0,17.0,0.9422500000000014,10.192250000000001,False,,,0.0,0.0,True,7.0,17.0,0.6447500000000019,9.894750000000002,False,,,0.0,0.0
2025-12-15,24,12.439250000000001,False,,,0.0,0.0,True,6.0,18.0,-12.341125000000005,-3.0911250000000052,True,3.0,16.0,12.439250000000001,21.68925,False,,,0.0,0.0,True,4.0,17.0,4.050624999999997,13.300624999999997,False,,,0.0,0.0
2025-12-16,24,51.52674999999999,False,,,0.0,0.0,True,3.0,16.0,43.713125000000005,52.963125000000005,True,2.0,16.0,45.668125,54.918125,False,,,0.0,0.0,True,1.0,8.0,-2.9051250000000124,6.344874999999988,False,,,0.0,0.0
2025-12-17,24,19.165999999999997,False,,,0.0,0.0,True,2.0,17.0,8.658749999999998,17.908749999999998,True,3.0,17.0,10.126249999999999,19.37625,False,,,0.0,0.0,True,2.0,17.0,8.658749999999998,17.908749999999998,False,,,0.0,0.0
2025-12-18,24,43.251124999999995,False,,,0.0,0.0,True,3.0,8.0,18.991124999999997,28.241124999999997,True,3.0,16.0,36.110125,45.360125,False,,,0.0,0.0,True,2.0,16.0,24.872625,34.122625,False,,,0.0,0.0
2025-12-19,24,78.593,False,,,0.0,0.0,True,4.0,15.0,69.427125,78.677125,True,3.0,17.0,78.10425,87.35425,True,3.0,17.0,78.10425,87.35425,True,4.0,16.0,71.917625,81.167625,False,,,0.0,0.0
2025-12-20,24,11.383624999999995,False,,,0.0,0.0,True,3.0,18.0,3.7877500000000026,13.037750000000003,True,1.0,17.0,11.383624999999995,20.633624999999995,False,,,0.0,0.0,True,5.0,18.0,1.3602499999999935,10.610249999999994,False,,,0.0,0.0
2025-12-21,24,0.0,False,,,0.0,0.0,True,1.0,17.0,-16.787625000000006,-7.537625000000006,False,,,0.0,0.0,False,,,0.0,0.0,True,5.0,18.0,-18.89925000000001,-9.64925000000001,False,,,0.0,0.0
2025-12-22,24,16.148624999999996,False,,,0.0,0.0,False,,,0.0,0.0,True,1.0,9.0,-0.9038749999999993,8.346125,False,,,0.0,0.0,True,3.0,15.0,9.046874999999986,18.296874999999986,False,,,0.0,0.0
2025-12-23,24,5.282750000000007,False,,,0.0,0.0,True,3.0,17.0,1.7873749999999973,11.037374999999997,True,3.0,17.0,1.7873749999999973,11.037374999999997,False,,,0.0,0.0,True,3.0,17.0,1.7873749999999973,11.037374999999997,False,,,0.0,0.0
2025-12-24,24,10.672624999999982,False,,,0.0,0.0,True,4.0,9.0,5.001999999999995,14.251999999999995,True,3.0,8.0,3.759999999999991,13.009999999999991,False,,,0.0,0.0,True,4.0,8.0,3.7524999999999977,13.002499999999998,False,,,0.0,0.0
2025-12-25,24,24.614624999999997,False,,,0.0,0.0,True,3.0,17.0,14.809249999999992,24.05924999999999,True,2.0,17.0,13.796749999999989,23.04674999999999,True,2.0,17.0,13.796749999999989,23.04674999999999,True,3.0,16.0,13.304749999999999,22.55475,False,,,0.0,0.0
2025-12-26,24,10.837000000000003,False,,,0.0,0.0,True,13.0,22.0,-0.330750000000009,8.919249999999991,True,5.0,17.0,10.314499999999995,19.564499999999995,False,,,0.0,0.0,True,5.0,18.0,7.341624999999993,16.591624999999993,False,,,0.0,0.0
2025-12-27,24,8.373374999999982,False,,,0.0,0.0,True,12.0,17.0,6.246249999999989,15.49624999999999,True,13.0,18.0,6.175874999999991,15.42587499999999,False,,,0.0,0.0,True,12.0,18.0,8.373374999999982,17.62337499999998,False,,,0.0,0.0
2025-12-28,24,9.219250000000002,False,,,0.0,0.0,True,12.0,18.0,8.014250000000004,17.264250000000004,False,,,0.0,0.0,False,,,0.0,0.0,True,13.0,18.0,8.011749999999992,17.261749999999992,False,,,0.0,0.0
2025-12-29,24,5.3558749999999975,False,,,0.0,0.0,True,3.0,18.0,-3.6286249999999995,5.6213750000000005,True,3.0,17.0,-0.4836250000000035,8.766374999999996,False,,,0.0,0.0,True,3.0,17.0,-0.4836250000000035,8.766374999999996,False,,,0.0,0.0
2025-12-30,24,16.32025,False,,,0.0,0.0,True,3.0,8.0,2.038374999999988,11.288374999999988,True,3.0,8.0,2.038374999999988,11.288374999999988,False,,,0.0,0.0,True,3.0,8.0,2.038374999999988,11.288374999999988,False,,,0.0,0.0
2025-12-31,24,9.40249999999999,False,,,0.0,0.0,True,4.0,17.0,9.40249999999999,18.65249999999999,True,4.0,17.0,9.40249999999999,18.65249999999999,False,,,0.0,0.0,True,4.0,17.0,9.40249999999999,18.65249999999999,False,,,0.0,0.0
