delivery_date,n_hours,oracle_pnl,S0_traded,S0_i,S0_j,S0_net_pnl,S0_gross_pnl,S1_traded,S1_i,S1_j,S1_net_pnl,S1_gross_pnl,S2_traded,S2_i,S2_j,S2_net_pnl,S2_gross_pnl,S3_traded,S3_i,S3_j,S3_net_pnl,S3_gross_pnl,S4_traded,S4_i,S4_j,S4_net_pnl,S4_gross_pnl,S5_traded,S5_i,S5_j,S5_net_pnl,S5_gross_pnl
2023-01-16,24,95.81080000000001,False,,,0.0,0.0,True,14.0,23.0,-59.792,-40.592,True,0.0,8.0,91.90080000000002,111.10080000000002,True,0.0,8.0,91.90080000000002,111.10080000000002,True,3.0,9.0,81.10000000000001,100.30000000000001,False,,,0.0,0.0
2023-01-17,24,65.01360000000003,False,,,0.0,0.0,True,3.0,8.0,31.0932,50.2932,True,3.0,18.0,54.03800000000001,73.23800000000001,True,3.0,18.0,54.03800000000001,73.23800000000001,True,3.0,9.0,16.502,35.702,False,,,0.0,0.0
2023-01-18,24,34.46640000000001,False,,,0.0,0.0,True,3.0,17.0,9.398799999999984,28.598799999999983,True,1.0,17.0,7.588799999999981,26.78879999999998,False,,,0.0,0.0,True,3.0,17.0,9.398799999999984,28.598799999999983,False,,,0.0,0.0
2023-01-19,24,64.4916,False,,,0.0,0.0,True,4.0,8.0,28.79560000000001,47.99560000000001,True,2.0,17.0,58.66160000000001,77.86160000000001,False,,,0.0,0.0,True,1.0,8.0,20.955600000000008,40.15560000000001,False,,,0.0,0.0
2023-01-20,24,54.6152,False,,,0.0,0.0,True,4.0,17.0,27.382400000000008,46.58240000000001,True,1.0,17.0,27.862399999999997,47.0624,True,2.0,17.0,29.9224,49.1224,True,4.0,17.0,27.382400000000008,46.58240000000001,False,,,0.0,0.0
2023-01-21,24,14.908800000000003,False,,,0.0,0.0,True,2.0,8.0,-19.1084,0.09159999999999968,True,4.0,8.0,-10.158400000000011,9.041599999999988,False,,,0.0,0.0,True,4.0,18.0,14.138799999999993,33.33879999999999,False,,,0.0,0.0
2023-01-22,24,49.93440000000001,False,,,0.0,0.0,True,6.0,18.0,39.10440000000001,58.304400000000015,True,5.0,18.0,48.9144,68.1144,False,,,0.0,0.0,True,6.0,18.0,39.10440000000001,58.304400000000015,False,,,0.0,0.0
2023-01-23,24,81.81240000000004,False,,,0.0,0.0,True,2.0,18.0,60.624399999999994,79.8244,True,2.0,8.0,69.6864,88.88640000000001,True,2.0,8.0,69.6864,88.88640000000001,True,2.0,18.0,60.624399999999994,79.8244,False,,,0.0,0.0
2023-01-24,24,67.6656,False,,,0.0,0.0,True,3.0,9.0,67.6656,86.8656,True,2.0,17.0,56.010000000000005,75.21000000000001,True,2.0,17.0,56.010000000000005,75.21000000000001,True,2.0,9.0,61.92560000000002,81.12560000000002,False,,,0.0,0.0
2023-01-25,24,41.13680000000001,False,,,0.0,0.0,True,3.0,9.0,40.230000000000004,59.43000000000001,True,4.0,9.0,41.10000000000001,60.30000000000001,False,,,0.0,0.0,True,3.0,8.0,40.2668,59.466800000000006,False,,,0.0,0.0
2023-01-26,24,32.8472,False,,,0.0,0.0,True,4.0,8.0,27.824,47.024,True,3.0,9.0,32.8472,52.047200000000004,False,,,0.0,0.0,True,4.0,8.0,27.824,47.024,False,,,0.0,0.0
2023-01-27,24,40.334,False,,,0.0,0.0,True,3.0,9.0,38.944800000000015,58.14480000000002,True,3.0,10.0,35.09,54.290000000000006,False,,,0.0,0.0,True,2.0,9.0,33.73480000000002,52.934800000000024,False,,,0.0,0.0
2023-01-28,24,18.1052,False,,,0.0,0.0,True,3.0,18.0,11.345199999999995,30.545199999999994,True,4.0,9.0,2.8672000000000146,22.067200000000014,False,,,0.0,0.0,True,3.0,18.0,11.345199999999995,30.545199999999994,False,,,0.0,0.0
2023-01-29,24,9.478799999999996,False,,,0.0,0.0,True,5.0,18.0,-1.23879999999998,17.96120000000002,False,,,0.0,0.0,False,,,0.0,0.0,True,8.0,18.0,-26.178799999999978,-6.978799999999978,False,,,0.0,0.0
2023-01-30,24,85.03,False,,,0.0,0.0,True,13.0,17.0,-11.849599999999992,7.350400000000008,True,2.0,18.0,64.31680000000001,83.51680000000002,False,,,0.0,0.0,True,2.0,9.0,68.466,87.666,False,,,0.0,0.0
2023-01-31,24,55.13159999999999,False,,,0.0,0.0,True,3.0,8.0,48.2316,67.4316,True,0.0,8.0,55.13159999999999,74.3316,False,,,0.0,0.0,True,2.0,8.0,50.99159999999999,70.1916,False,,,0.0,0.0
2023-02-01,24,34.29079999999999,False,,,0.0,0.0,True,0.0,8.0,11.9408,31.1408,True,2.0,8.0,26.1908,45.3908,False,,,0.0,0.0,True,2.0,8.0,26.1908,45.3908,False,,,0.0,0.0
2023-02-02,24,81.50040000000001,False,,,0.0,0.0,True,4.0,8.0,48.530400000000014,67.73040000000002,True,2.0,17.0,73.36639999999998,92.56639999999999,True,2.0,17.0,73.36639999999998,92.56639999999999,True,4.0,8.0,48.530400000000014,67.73040000000002,False,,,0.0,0.0
2023-02-03,24,1.208400000000001,False,,,0.0,0.0,True,1.0,18.0,-15.031599999999994,4.168400000000005,True,5.0,18.0,-3.781599999999994,15.418400000000005,False,,,0.0,0.0,True,1.0,18.0,-15.031599999999994,4.168400000000005,False,,,0.0,0.0
2023-02-04,24,50.8672,False,,,0.0,0.0,True,4.0,18.0,24.847200000000004,44.047200000000004,True,0.0,18.0,50.8672,70.0672,False,,,0.0,0.0,False,,,0.0,0.0,False,,,0.0,0.0
2023-02-05,24,31.51480000000001,False,,,0.0,0.0,True,0.0,18.0,3.014800000000026,22.214800000000025,True,5.0,18.0,25.25480000000002,44.45480000000002,False,,,0.0,0.0,True,1.0,18.0,1.554800000000018,20.754800000000017,False,,,0.0,0.0
2023-02-06,24,37.12000000000002,False,,,0.0,0.0,True,13.0,18.0,16.06000000000002,35.26000000000002,True,4.0,18.0,37.12000000000002,56.32000000000002,False,,,0.0,0.0,True,5.0,18.0,28.29000000000001,47.49000000000001,False,,,0.0,0.0
2023-02-07,24,71.89199999999998,False,,,0.0,0.0,True,4.0,18.0,65.152,84.352,True,3.0,18.0,67.312,86.512,False,,,0.0,0.0,True,2.0,18.0,66.33200000000001,85.53200000000001,False,,,0.0,0.0
2023-02-08,24,33.7248,False,,,0.0,0.0,True,13.0,18.0,32.894000000000005,52.09400000000001,True,12.0,17.0,25.120800000000006,44.320800000000006,False,,,0.0,0.0,True,4.0,18.0,11.884000000000004,31.084000000000003,False,,,0.0,0.0
2023-02-09,24,31.74320000000002,False,,,0.0,0.0,True,4.0,8.0,19.508400000000012,38.70840000000001,True,2.0,18.0,18.703600000000012,37.90360000000001,False,,,0.0,0.0,True,3.0,8.0,24.518400000000018,43.71840000000002,False,,,0.0,0.0
2023-02-10,24,45.0116,False,,,0.0,0.0,True,0.0,7.0,29.147200000000016,48.347200000000015,True,0.0,8.0,38.6416,57.8416,False,,,0.0,0.0,True,0.0,8.0,38.6416,57.8416,False,,,0.0,0.0
2023-02-11,24,41.544799999999995,False,,,0.0,0.0,True,2.0,8.0,-18.550400000000007,0.6495999999999924,True,3.0,18.0,39.49679999999999,58.696799999999996,False,,,0.0,0.0,True,2.0,8.0,-18.550400000000007,0.6495999999999924,False,,,0.0,0.0
2023-02-12,24,28.71080000000001,False,,,0.0,0.0,True,5.0,17.0,7.766799999999993,26.966799999999992,True,4.0,18.0,16.449199999999994,35.64919999999999,False,,,0.0,0.0,True,10.0,18.0,-10.650800000000014,8.549199999999985,False,,,0.0,0.0
2023-02-13,24,55.81600000000002,False,,,0.0,0.0,True,6.0,19.0,7.682000000000006,26.882000000000005,True,1.0,18.0,52.176,71.376,True,1.0,18.0,52.176,71.376,True,4.0,18.0,54.016000000000005,73.21600000000001,False,,,0.0,0.0
2023-02-14,24,39.38080000000001,False,,,0.0,0.0,True,3.0,18.0,32.6708,51.8708,True,3.0,18.0,32.6708,51.8708,True,3.0,18.0,32.6708,51.8708,True,1.0,18.0,32.47080000000001,51.670800000000014,False,,,0.0,0.0
2023-02-15,24,27.799200000000003,False,,,0.0,0.0,True,13.0,18.0,18.988400000000016,38.188400000000016,True,2.0,8.0,24.4592,43.6592,False,,,0.0,0.0,True,1.0,8.0,23.50920000000001,42.70920000000001,False,,,0.0,0.0
2023-02-16,24,29.25280000000001,False,,,0.0,0.0,True,4.0,8.0,27.11280000000001,46.31280000000001,True,1.0,7.0,16.500000000000004,35.7,False,,,0.0,0.0,True,4.0,8.0,27.11280000000001,46.31280000000001,False,,,0.0,0.0
2023-02-17,24,30.377599999999997,False,,,0.0,0.0,True,0.0,8.0,-5.741999999999987,13.458000000000013,True,3.0,7.0,7.518000000000004,26.718000000000004,False,,,0.0,0.0,True,2.0,8.0,7.598000000000017,26.798000000000016,False,,,0.0,0.0
2023-02-18,24,90.614,False,,,0.0,0.0,True,15.0,18.0,19.513600000000014,38.713600000000014,True,2.0,18.0,80.29360000000001,99.49360000000001,False,,,0.0,0.0,True,14.0,18.0,29.743600000000004,48.9436,False,,,0.0,0.0
2023-02-19,24,34.25399999999999,False,,,0.0,0.0,True,0.0,19.0,17.46959999999999,36.66959999999999,True,4.0,19.0,33.959599999999995,53.1596,False,,,0.0,0.0,True,1.0,19.0,22.38959999999999,41.58959999999999,False,,,0.0,0.0
2023-02-20,24,62.326800000000006,False,,,0.0,0.0,True,4.0,18.0,55.206800000000015,74.40680000000002,True,13.0,18.0,62.326800000000006,81.52680000000001,True,13.0,18.0,62.326800000000006,81.52680000000001,True,3.0,18.0,50.33680000000001,69.53680000000001,False,,,0.0,0.0
2023-02-21,24,98.66960000000002,False,,,0.0,0.0,True,13.0,18.0,30.53960000000001,49.73960000000001,True,1.0,18.0,98.66960000000002,117.86960000000002,True,1.0,18.0,98.66960000000002,117.86960000000002,True,4.0,18.0,75.5296,94.7296,False,,,0.0,0.0
2023-02-22,24,17.7328,False,,,0.0,0.0,True,1.0,18.0,13.27,32.47,True,2.0,18.0,16.500000000000004,35.7,False,,,0.0,0.0,True,3.0,18.0,13.27,32.47,False,,,0.0,0.0
2023-02-23,24,19.853600000000018,False,,,0.0,0.0,True,2.0,8.0,15.633600000000019,34.83360000000002,True,1.0,8.0,13.233600000000013,32.43360000000001,False,,,0.0,0.0,True,2.0,18.0,3.802399999999995,23.002399999999994,False,,,0.0,0.0
2023-02-24,24,8.68600000000001,False,,,0.0,0.0,True,3.0,8.0,8.63999999999999,27.83999999999999,True,3.0,7.0,8.68600000000001,27.88600000000001,False,,,0.0,0.0,True,4.0,7.0,5.896000000000019,25.096000000000018,False,,,0.0,0.0
2023-02-25,24,61.46159999999999,False,,,0.0,0.0,True,3.0,7.0,-16.7176,2.4823999999999984,True,14.0,18.0,43.6816,62.8816,False,,,0.0,0.0,True,3.0,18.0,31.131599999999995,50.331599999999995,False,,,0.0,0.0
2023-02-26,24,70.1572,False,,,0.0,0.0,True,13.0,18.0,67.204,86.404,True,13.0,18.0,67.204,86.404,False,,,0.0,0.0,True,13.0,18.0,67.204,86.404,False,,,0.0,0.0
2023-02-27,24,43.028000000000006,False,,,0.0,0.0,True,13.0,19.0,27.577999999999992,46.77799999999999,True,1.0,18.0,22.69920000000001,41.89920000000001,False,,,0.0,0.0,True,13.0,18.0,20.089199999999995,39.289199999999994,False,,,0.0,0.0
2023-02-28,24,42.4504,False,,,0.0,0.0,True,4.0,19.0,32.827600000000004,52.02760000000001,True,14.0,18.0,35.7504,54.9504,False,,,0.0,0.0,True,3.0,19.0,34.4876,53.6876,False,,,0.0,0.0
2023-03-01,24,35.67479999999999,False,,,0.0,0.0,True,12.0,18.0,34.00479999999999,53.20479999999999,True,12.0,18.0,34.00479999999999,53.20479999999999,False,,,0.0,0.0,True,1.0,18.0,24.334800000000005,43.534800000000004,False,,,0.0,0.0
2023-03-02,24,37.27719999999999,False,,,0.0,0.0,True,13.0,18.0,37.27719999999999,56.477199999999996,True,13.0,18.0,37.27719999999999,56.477199999999996,False,,,0.0,0.0,True,1.0,7.0,18.851200000000023,38.05120000000002,False,,,0.0,0.0
2023-03-03,24,32.778800000000004,False,,,0.0,0.0,True,13.0,18.0,20.500000000000018,39.70000000000002,True,13.0,18.0,20.500000000000018,39.70000000000002,False,,,0.0,0.0,True,0.0,18.0,-7.699999999999999,11.5,False,,,0.0,0.0
2023-03-04,24,30.95719999999999,False,,,0.0,0.0,True,4.0,8.0,-24.2552,-5.055199999999999,True,13.0,18.0,29.06719999999999,48.26719999999999,True,13.0,18.0,29.06719999999999,48.26719999999999,True,14.0,18.0,24.9772,44.1772,False,,,0.0,0.0
2023-03-05,24,34.3904,False,,,0.0,0.0,True,12.0,18.0,23.8864,43.0864,True,5.0,18.0,28.326399999999996,47.526399999999995,False,,,0.0,0.0,True,13.0,18.0,26.406399999999994,45.606399999999994,False,,,0.0,0.0
2023-03-06,24,57.4028,False,,,0.0,0.0,True,4.0,19.0,17.691200000000027,36.891200000000026,True,2.0,18.0,27.56120000000003,46.76120000000003,False,,,0.0,0.0,True,1.0,19.0,16.351200000000023,35.55120000000002,False,,,0.0,0.0
2023-03-07,24,53.233600000000024,False,,,0.0,0.0,True,3.0,8.0,-1.0171999999999848,18.182800000000015,True,3.0,18.0,52.793600000000026,71.99360000000003,True,3.0,18.0,52.793600000000026,71.99360000000003,True,4.0,8.0,-0.5771999999999871,18.622800000000012,False,,,0.0,0.0
2023-03-08,24,29.05200000000001,False,,,0.0,0.0,True,4.0,18.0,23.33879999999998,42.53879999999998,True,3.0,18.0,23.33879999999998,42.53879999999998,False,,,0.0,0.0,True,3.0,18.0,23.33879999999998,42.53879999999998,False,,,0.0,0.0
2023-03-09,24,17.75520000000002,False,,,0.0,0.0,True,3.0,8.0,17.75520000000002,36.95520000000002,True,2.0,19.0,3.21680000000001,22.41680000000001,False,,,0.0,0.0,True,1.0,19.0,2.8468000000000053,22.046800000000005,False,,,0.0,0.0
2023-03-10,24,11.597200000000004,False,,,0.0,0.0,True,3.0,8.0,11.597200000000004,30.797200000000004,True,2.0,8.0,11.377200000000006,30.577200000000005,False,,,0.0,0.0,True,1.0,8.0,9.757200000000001,28.9572,False,,,0.0,0.0
2023-03-11,24,54.2,False,,,0.0,0.0,True,3.0,8.0,3.2692000000000014,22.4692,True,1.0,18.0,43.09,62.290000000000006,True,1.0,18.0,43.09,62.290000000000006,True,14.0,18.0,53.82000000000001,73.02000000000001,False,,,0.0,0.0
2023-03-12,24,41.5968,False,,,0.0,0.0,True,13.0,18.0,22.102000000000007,41.30200000000001,True,13.0,18.0,22.102000000000007,41.30200000000001,False,,,0.0,0.0,True,14.0,18.0,21.062,40.262,False,,,0.0,0.0
2023-03-13,24,68.23,False,,,0.0,0.0,True,13.0,19.0,68.22,87.42,True,14.0,18.0,62.332800000000006,81.53280000000001,True,14.0,18.0,62.332800000000006,81.53280000000001,True,3.0,19.0,51.31,70.51,False,,,0.0,0.0
2023-03-14,24,118.99320000000002,False,,,0.0,0.0,True,14.0,19.0,55.383200000000016,74.58320000000002,True,3.0,18.0,112.23120000000002,131.43120000000002,True,3.0,18.0,112.23120000000002,131.43120000000002,True,4.0,19.0,117.33320000000002,136.53320000000002,False,,,0.0,0.0
2023-03-15,24,73.2976,False,,,0.0,0.0,True,3.0,19.0,58.9076,78.1076,True,2.0,19.0,60.16760000000001,79.36760000000001,True,2.0,19.0,60.16760000000001,79.36760000000001,True,2.0,19.0,60.16760000000001,79.36760000000001,False,,,0.0,0.0
2023-03-16,24,23.612000000000013,False,,,0.0,0.0,True,13.0,19.0,21.882400000000008,41.08240000000001,True,13.0,18.0,23.612000000000013,42.81200000000001,False,,,0.0,0.0,True,0.0,19.0,-17.017599999999998,2.1824000000000012,False,,,0.0,0.0
2023-03-17,24,55.961200000000005,False,,,0.0,0.0,True,13.0,18.0,30.361200000000014,49.561200000000014,True,2.0,18.0,54.351200000000006,73.55120000000001,False,,,0.0,0.0,True,4.0,7.0,21.206400000000013,40.40640000000001,False,,,0.0,0.0
2023-03-18,24,56.35679999999999,False,,,0.0,0.0,True,0.0,18.0,18.844000000000012,38.04400000000001,True,13.0,18.0,44.774,63.974000000000004,False,,,0.0,0.0,True,2.0,18.0,28.354000000000003,47.554,False,,,0.0,0.0
2023-03-19,24,27.437199999999994,False,,,0.0,0.0,True,13.0,19.0,27.437199999999994,46.63719999999999,True,6.0,19.0,21.4772,40.6772,False,,,0.0,0.0,True,13.0,19.0,27.437199999999994,46.63719999999999,False,,,0.0,0.0
2023-03-20,24,33.072400000000016,False,,,0.0,0.0,True,13.0,19.0,33.072400000000016,52.27240000000002,True,3.0,19.0,22.852400000000006,42.052400000000006,True,3.0,19.0,22.852400000000006,42.052400000000006,True,2.0,19.0,19.97240000000001,39.17240000000001,False,,,0.0,0.0
2023-03-21,24,14.306799999999999,False,,,0.0,0.0,True,13.0,19.0,13.06679999999999,32.26679999999999,True,2.0,19.0,1.06679999999999,20.26679999999999,False,,,0.0,0.0,True,3.0,19.0,3.9767999999999866,23.176799999999986,False,,,0.0,0.0
2023-03-22,24,92.47200000000001,False,,,0.0,0.0,True,15.0,19.0,41.05200000000001,60.25200000000001,True,12.0,19.0,86.532,105.732,True,12.0,19.0,86.532,105.732,True,4.0,7.0,14.419200000000007,33.619200000000006,False,,,0.0,0.0
2023-03-23,24,80.4596,False,,,0.0,0.0,True,13.0,19.0,76.4396,95.6396,True,11.0,19.0,77.94959999999999,97.14959999999999,True,11.0,19.0,77.94959999999999,97.14959999999999,True,13.0,19.0,76.4396,95.6396,False,,,0.0,0.0
2023-03-24,24,85.6616,False,,,0.0,0.0,True,4.0,19.0,52.66160000000001,71.86160000000001,True,14.0,18.0,71.6684,90.86840000000001,True,14.0,18.0,71.6684,90.86840000000001,True,4.0,19.0,52.66160000000001,71.86160000000001,False,,,0.0,0.0
2023-03-25,24,57.696799999999996,False,,,0.0,0.0,True,14.0,19.0,57.056799999999996,76.2568,True,15.0,19.0,52.546800000000005,71.74680000000001,True,15.0,19.0,52.546800000000005,71.74680000000001,True,13.0,19.0,57.696799999999996,76.8968,False,,,0.0,0.0
2023-03-26,23,50.0012,False,,,0.0,0.0,True,13.0,19.0,33.92280000000001,53.122800000000005,True,0.0,19.0,44.72280000000001,63.92280000000001,True,0.0,19.0,44.72280000000001,63.92280000000001,True,13.0,19.0,33.92280000000001,53.122800000000005,False,,,0.0,0.0
2023-03-27,24,52.48960000000001,False,,,0.0,0.0,True,0.0,19.0,-0.7703999999999915,18.429600000000008,True,15.0,19.0,49.06960000000001,68.26960000000001,True,15.0,19.0,49.06960000000001,68.26960000000001,True,1.0,19.0,2.079600000000003,21.279600000000002,False,,,0.0,0.0
2023-03-28,24,50.239999999999995,False,,,0.0,0.0,True,14.0,19.0,37.14159999999998,56.341599999999985,True,1.0,8.0,45.62639999999999,64.82639999999999,True,1.0,8.0,45.62639999999999,64.82639999999999,True,3.0,8.0,35.09639999999999,54.29639999999999,False,,,0.0,0.0
2023-03-29,24,25.54000000000001,False,,,0.0,0.0,True,0.0,20.0,4.967600000000008,24.167600000000007,True,3.0,19.0,19.90040000000001,39.10040000000001,False,,,0.0,0.0,True,2.0,8.0,23.51000000000001,42.71000000000001,False,,,0.0,0.0
2023-03-30,24,85.45,False,,,0.0,0.0,True,1.0,8.0,17.506000000000018,36.70600000000002,True,15.0,19.0,81.15,100.35000000000001,True,15.0,19.0,81.15,100.35000000000001,True,3.0,8.0,20.986000000000022,40.18600000000002,False,,,0.0,0.0
2023-03-31,24,58.808800000000005,False,,,0.0,0.0,True,14.0,19.0,-5.934799999999992,13.265200000000007,True,2.0,8.0,50.32879999999999,69.52879999999999,True,2.0,8.0,50.32879999999999,69.52879999999999,True,14.0,19.0,-5.934799999999992,13.265200000000007,False,,,0.0,0.0
2023-04-01,24,30.918800000000008,False,,,0.0,0.0,True,3.0,8.0,-1.762799999999995,17.437200000000004,True,3.0,10.0,-12.425599999999992,6.774400000000007,False,,,0.0,0.0,True,3.0,8.0,-1.762799999999995,17.437200000000004,False,,,0.0,0.0
2023-04-02,24,87.57000000000001,False,,,0.0,0.0,True,14.0,19.0,86.19000000000001,105.39000000000001,True,14.0,19.0,86.19000000000001,105.39000000000001,True,14.0,19.0,86.19000000000001,105.39000000000001,True,14.0,19.0,86.19000000000001,105.39000000000001,False,,,0.0,0.0
2023-04-03,24,54.60120000000002,False,,,0.0,0.0,True,14.0,20.0,52.89,72.09,True,14.0,20.0,52.89,72.09,True,14.0,20.0,52.89,72.09,True,14.0,19.0,54.60120000000002,73.80120000000002,False,,,0.0,0.0
2023-04-04,24,39.08999999999999,False,,,0.0,0.0,True,14.0,19.0,39.08999999999999,58.28999999999999,True,1.0,8.0,35.0476,54.247600000000006,True,1.0,8.0,35.0476,54.247600000000006,True,14.0,19.0,39.08999999999999,58.28999999999999,False,,,0.0,0.0
2023-04-05,24,53.83639999999998,False,,,0.0,0.0,True,14.0,19.0,50.5852,69.7852,True,14.0,19.0,50.5852,69.7852,True,14.0,19.0,50.5852,69.7852,True,0.0,7.0,44.57639999999998,63.77639999999998,False,,,0.0,0.0
2023-04-06,24,15.700000000000006,False,,,0.0,0.0,True,3.0,7.0,14.169600000000006,33.369600000000005,True,12.0,19.0,14.780000000000005,33.980000000000004,True,12.0,19.0,14.780000000000005,33.980000000000004,True,3.0,7.0,14.169600000000006,33.369600000000005,False,,,0.0,0.0
2023-04-07,24,23.266000000000023,False,,,0.0,0.0,True,13.0,19.0,21.496000000000027,40.696000000000026,True,14.0,19.0,23.266000000000023,42.46600000000002,True,14.0,19.0,23.266000000000023,42.46600000000002,True,4.0,7.0,-24.222800000000003,-5.022800000000004,False,,,0.0,0.0
2023-04-08,24,14.988400000000002,False,,,0.0,0.0,True,14.0,19.0,9.649199999999997,28.849199999999996,True,5.0,19.0,-7.1508,12.049199999999999,False,,,0.0,0.0,True,14.0,19.0,9.649199999999997,28.849199999999996,False,,,0.0,0.0
2023-04-09,24,48.583200000000005,False,,,0.0,0.0,True,15.0,20.0,47.583200000000005,66.78320000000001,True,13.0,19.0,40.36240000000001,59.562400000000004,True,13.0,19.0,40.36240000000001,59.562400000000004,True,14.0,19.0,45.3724,64.5724,False,,,0.0,0.0
2023-04-10,24,49.91680000000001,False,,,0.0,0.0,True,14.0,20.0,26.142800000000012,45.34280000000001,True,15.0,19.0,45.16680000000001,64.36680000000001,True,15.0,19.0,45.16680000000001,64.36680000000001,True,14.0,19.0,48.86680000000001,68.06680000000001,False,,,0.0,0.0
2023-04-11,24,133.0496,False,,,0.0,0.0,True,13.0,19.0,130.3632,149.5632,True,14.0,20.0,133.0396,152.2396,True,14.0,20.0,133.0396,152.2396,False,,,0.0,0.0,False,,,0.0,0.0
2023-04-12,24,35.49000000000001,False,,,0.0,0.0,True,13.0,20.0,2.7639999999999993,21.964,True,3.0,20.0,21.414000000000005,40.614000000000004,True,4.0,20.0,19.923999999999996,39.123999999999995,True,1.0,20.0,13.893999999999995,33.093999999999994,False,,,0.0,0.0
2023-04-13,24,75.9856,False,,,0.0,0.0,True,3.0,19.0,65.66480000000001,84.86480000000002,True,3.0,19.0,65.66480000000001,84.86480000000002,True,3.0,19.0,65.66480000000001,84.86480000000002,True,4.0,8.0,18.97320000000001,38.17320000000001,False,,,0.0,0.0
2023-04-14,24,30.021200000000025,False,,,0.0,0.0,True,4.0,20.0,7.693200000000022,26.89320000000002,True,14.0,19.0,14.134800000000002,33.3348,False,,,0.0,0.0,True,5.0,19.0,-7.045200000000005,12.154799999999994,False,,,0.0,0.0
2023-04-15,24,22.3792,False,,,0.0,0.0,True,1.0,8.0,-33.4868,-14.2868,True,14.0,19.0,20.796799999999994,39.99679999999999,False,,,0.0,0.0,True,14.0,20.0,22.3792,41.5792,False,,,0.0,0.0
2023-04-16,24,15.340000000000007,False,,,0.0,0.0,True,14.0,20.0,14.890000000000018,34.09000000000002,True,14.0,20.0,14.890000000000018,34.09000000000002,False,,,0.0,0.0,True,14.0,20.0,14.890000000000018,34.09000000000002,False,,,0.0,0.0
2023-04-17,24,56.309200000000004,False,,,0.0,0.0,True,15.0,20.0,15.217600000000022,34.41760000000002,True,4.0,20.0,2.15760000000002,21.35760000000002,False,,,0.0,0.0,True,4.0,20.0,2.15760000000002,21.35760000000002,False,,,0.0,0.0
2023-04-18,24,27.3792,False,,,0.0,0.0,True,2.0,8.0,22.189600000000002,41.3896,True,3.0,8.0,21.99959999999999,41.19959999999999,True,3.0,8.0,21.99959999999999,41.19959999999999,True,3.0,8.0,21.99959999999999,41.19959999999999,False,,,0.0,0.0
2023-04-19,24,100.98159999999999,False,,,0.0,0.0,True,15.0,20.0,98.3616,117.5616,True,15.0,19.0,88.2048,107.40480000000001,True,15.0,19.0,88.2048,107.40480000000001,True,3.0,8.0,9.987600000000018,29.187600000000018,False,,,0.0,0.0
2023-04-20,24,28.854000000000003,False,,,0.0,0.0,True,14.0,20.0,26.824000000000016,46.024000000000015,True,1.0,8.0,19.574,38.774,True,1.0,8.0,19.574,38.774,True,13.0,19.0,21.922,41.122,False,,,0.0,0.0
2023-04-21,24,113.11959999999998,False,,,0.0,0.0,True,15.0,20.0,107.87959999999998,127.07959999999999,True,14.0,19.0,110.07439999999998,129.27439999999999,True,14.0,19.0,110.07439999999998,129.27439999999999,True,2.0,8.0,13.530000000000005,32.730000000000004,False,,,0.0,0.0
2023-04-22,24,96.4728,False,,,0.0,0.0,True,14.0,20.0,94.9824,114.1824,True,13.0,19.0,92.07280000000002,111.27280000000002,True,13.0,19.0,92.07280000000002,111.27280000000002,True,14.0,19.0,96.4728,115.67280000000001,False,,,0.0,0.0
2023-04-23,24,103.0088,False,,,0.0,0.0,True,14.0,19.0,103.0088,122.2088,True,14.0,19.0,103.0088,122.2088,True,14.0,19.0,103.0088,122.2088,True,14.0,20.0,102.0796,121.2796,False,,,0.0,0.0
2023-04-24,24,30.8124,False,,,0.0,0.0,True,14.0,19.0,17.604400000000002,36.8044,True,14.0,20.0,18.8924,38.0924,True,14.0,20.0,18.8924,38.0924,True,14.0,19.0,17.604400000000002,36.8044,False,,,0.0,0.0
2023-04-25,24,48.94720000000001,False,,,0.0,0.0,True,4.0,20.0,21.607200000000024,40.80720000000002,True,15.0,20.0,48.737200000000016,67.93720000000002,True,15.0,20.0,48.737200000000016,67.93720000000002,True,4.0,19.0,10.530400000000018,29.730400000000017,False,,,0.0,0.0
2023-04-26,24,35.14240000000001,False,,,0.0,0.0,True,14.0,20.0,29.002400000000012,48.20240000000001,True,14.0,20.0,29.002400000000012,48.20240000000001,True,14.0,20.0,29.002400000000012,48.20240000000001,True,14.0,20.0,29.002400000000012,48.20240000000001,False,,,0.0,0.0
2023-04-27,24,40.31439999999999,False,,,0.0,0.0,True,10.0,20.0,36.64439999999999,55.84439999999999,True,1.0,20.0,30.704399999999996,49.904399999999995,False,,,0.0,0.0,True,1.0,20.0,30.704399999999996,49.904399999999995,False,,,0.0,0.0
2023-04-28,24,7.16800000000001,False,,,0.0,0.0,True,13.0,20.0,3.0780000000000065,22.278000000000006,True,16.0,20.0,5.5580000000000105,24.75800000000001,False,,,0.0,0.0,True,16.0,20.0,5.5580000000000105,24.75800000000001,False,,,0.0,0.0
2023-04-29,24,25.000000000000004,False,,,0.0,0.0,True,15.0,20.0,21.64400000000001,40.84400000000001,True,15.0,20.0,21.64400000000001,40.84400000000001,True,15.0,20.0,21.64400000000001,40.84400000000001,True,15.0,19.0,20.6412,39.8412,False,,,0.0,0.0
2023-04-30,24,99.842,False,,,0.0,0.0,True,14.0,21.0,96.304,115.504,True,14.0,20.0,97.592,116.792,True,14.0,20.0,97.592,116.792,True,14.0,19.0,95.3472,114.5472,False,,,0.0,0.0
2023-05-01,24,66.546,False,,,0.0,0.0,True,13.0,20.0,61.846000000000004,81.046,True,11.0,19.0,27.47880000000001,46.67880000000001,True,11.0,19.0,27.47880000000001,46.67880000000001,True,15.0,19.0,54.278800000000004,73.4788,False,,,0.0,0.0
2023-05-02,24,31.331200000000013,False,,,0.0,0.0,True,14.0,20.0,25.911200000000026,45.111200000000025,True,14.0,20.0,25.911200000000026,45.111200000000025,False,,,0.0,0.0,True,14.0,19.0,14.080000000000016,33.280000000000015,False,,,0.0,0.0
2023-05-03,24,65.15360000000003,False,,,0.0,0.0,True,3.0,20.0,40.85360000000003,60.05360000000003,True,3.0,20.0,40.85360000000003,60.05360000000003,False,,,0.0,0.0,True,3.0,8.0,-1.9079999999999977,17.292,False,,,0.0,0.0
2023-05-04,24,36.359200000000016,False,,,0.0,0.0,True,15.0,20.0,26.600799999999996,45.800799999999995,True,13.0,20.0,31.670799999999996,50.870799999999996,True,13.0,20.0,31.670799999999996,50.870799999999996,True,3.0,20.0,-3.379200000000008,15.820799999999991,False,,,0.0,0.0
2023-05-05,24,22.0744,False,,,0.0,0.0,True,14.0,19.0,12.796800000000008,31.996800000000007,True,13.0,20.0,22.0744,41.2744,True,13.0,20.0,22.0744,41.2744,True,14.0,19.0,12.796800000000008,31.996800000000007,False,,,0.0,0.0
2023-05-06,24,33.6652,False,,,0.0,0.0,True,13.0,20.0,27.915200000000002,47.1152,True,14.0,19.0,30.206000000000007,49.406000000000006,True,14.0,19.0,30.206000000000007,49.406000000000006,True,14.0,20.0,33.6652,52.8652,False,,,0.0,0.0
2023-05-07,24,79.724,False,,,0.0,0.0,True,14.0,20.0,78.76400000000001,97.96400000000001,True,13.0,20.0,79.724,98.924,True,13.0,20.0,79.724,98.924,True,14.0,19.0,72.2412,91.44120000000001,False,,,0.0,0.0
2023-05-08,24,28.978000000000012,False,,,0.0,0.0,True,13.0,20.0,24.617200000000015,43.817200000000014,True,13.0,19.0,28.748000000000022,47.94800000000002,True,13.0,19.0,28.748000000000022,47.94800000000002,True,14.0,18.0,7.946800000000014,27.146800000000013,False,,,0.0,0.0
2023-05-09,24,31.06560000000002,False,,,0.0,0.0,True,14.0,19.0,24.68560000000001,43.88560000000001,True,13.0,19.0,31.06560000000002,50.26560000000002,True,13.0,19.0,31.06560000000002,50.26560000000002,True,3.0,19.0,8.805600000000016,28.005600000000015,False,,,0.0,0.0
2023-05-10,24,30.300800000000027,False,,,0.0,0.0,True,13.0,19.0,17.039599999999997,36.239599999999996,True,3.0,20.0,30.300800000000027,49.50080000000003,False,,,0.0,0.0,True,14.0,19.0,18.229599999999994,37.42959999999999,False,,,0.0,0.0
2023-05-11,24,39.157600000000016,False,,,0.0,0.0,True,3.0,20.0,5.696000000000016,24.896000000000015,True,2.0,19.0,20.04000000000001,39.24000000000001,False,,,0.0,0.0,True,14.0,19.0,16.670000000000005,35.870000000000005,False,,,0.0,0.0
2023-05-12,24,22.831600000000012,False,,,0.0,0.0,True,2.0,8.0,17.90159999999999,37.10159999999999,True,3.0,8.0,17.741599999999995,36.941599999999994,False,,,0.0,0.0,True,2.0,8.0,17.90159999999999,37.10159999999999,False,,,0.0,0.0
2023-05-13,24,85.5144,False,,,0.0,0.0,True,14.0,20.0,85.5144,104.7144,True,14.0,19.0,77.9704,97.1704,True,14.0,19.0,77.9704,97.1704,True,14.0,19.0,77.9704,97.1704,False,,,0.0,0.0
2023-05-14,24,98.3908,False,,,0.0,0.0,True,14.0,20.0,97.5996,116.7996,True,12.0,20.0,88.02959999999999,107.22959999999999,True,12.0,20.0,88.02959999999999,107.22959999999999,True,14.0,20.0,97.5996,116.7996,False,,,0.0,0.0
2023-05-15,24,32.54679999999999,False,,,0.0,0.0,True,14.0,21.0,5.5244000000000035,24.724400000000003,True,14.0,20.0,12.626799999999992,31.82679999999999,False,,,0.0,0.0,True,15.0,19.0,5.241600000000009,24.441600000000008,False,,,0.0,0.0
2023-05-16,24,69.4928,False,,,0.0,0.0,True,2.0,7.0,16.5808,35.7808,True,15.0,20.0,69.4928,88.6928,True,15.0,20.0,69.4928,88.6928,True,2.0,8.0,20.766800000000007,39.966800000000006,False,,,0.0,0.0
2023-05-17,24,95.05,False,,,0.0,0.0,True,15.0,20.0,93.55,112.75,True,14.0,20.0,95.05,114.25,True,14.0,20.0,95.05,114.25,True,3.0,8.0,11.990799999999997,31.190799999999996,False,,,0.0,0.0
2023-05-18,24,67.19040000000001,False,,,0.0,0.0,True,14.0,20.0,67.19040000000001,86.39040000000001,True,13.0,19.0,43.56760000000001,62.76760000000001,True,13.0,19.0,43.56760000000001,62.76760000000001,True,14.0,20.0,67.19040000000001,86.39040000000001,False,,,0.0,0.0
2023-05-19,24,29.996800000000018,False,,,0.0,0.0,True,14.0,20.0,29.525600000000008,48.72560000000001,True,14.0,20.0,29.525600000000008,48.72560000000001,False,,,0.0,0.0,True,14.0,20.0,29.525600000000008,48.72560000000001,False,,,0.0,0.0
2023-05-20,24,62.90480000000001,False,,,0.0,0.0,True,13.0,19.0,54.23479999999999,73.4348,True,13.0,20.0,62.7448,81.9448,True,13.0,20.0,62.7448,81.9448,True,14.0,20.0,61.564800000000005,80.76480000000001,False,,,0.0,0.0
2023-05-21,24,105.89,False,,,0.0,0.0,True,12.0,20.0,72.3204,91.52040000000001,True,13.0,20.0,89.4304,108.63040000000001,True,13.0,20.0,89.4304,108.63040000000001,True,10.0,20.0,64.4004,83.60040000000001,False,,,0.0,0.0
2023-05-22,24,61.624399999999994,False,,,0.0,0.0,True,14.0,21.0,27.82680000000001,47.02680000000001,True,13.0,19.0,48.459199999999996,67.6592,True,13.0,19.0,48.459199999999996,67.6592,True,3.0,19.0,35.7192,54.919200000000004,False,,,0.0,0.0
2023-05-23,24,72.33279999999999,False,,,0.0,0.0,True,13.0,20.0,49.634,68.834,True,16.0,20.0,60.864000000000004,80.06400000000001,True,16.0,20.0,60.864000000000004,80.06400000000001,True,14.0,20.0,68.12400000000001,87.32400000000001,False,,,0.0,0.0
2023-05-24,24,73.73560000000002,False,,,0.0,0.0,True,15.0,21.0,33.96919999999999,53.16919999999999,True,16.0,20.0,53.26560000000002,72.46560000000002,False,,,0.0,0.0,True,14.0,19.0,62.5052,81.7052,False,,,0.0,0.0
2023-05-25,24,85.346,False,,,0.0,0.0,True,2.0,20.0,4.666,23.866,True,13.0,20.0,78.916,98.116,True,13.0,20.0,78.916,98.116,True,14.0,20.0,75.356,94.556,False,,,0.0,0.0
2023-05-26,24,87.1704,False,,,0.0,0.0,True,15.0,20.0,87.10040000000001,106.30040000000001,True,14.0,20.0,87.1704,106.3704,True,14.0,20.0,87.1704,106.3704,True,14.0,20.0,87.1704,106.3704,False,,,0.0,0.0
2023-05-27,24,101.7656,False,,,0.0,0.0,True,14.0,20.0,98.1256,117.32560000000001,True,13.0,20.0,101.7656,120.96560000000001,True,13.0,20.0,101.7656,120.96560000000001,True,13.0,20.0,101.7656,120.96560000000001,False,,,0.0,0.0
2023-05-28,24,184.36920000000003,False,,,0.0,0.0,True,13.0,20.0,184.31920000000002,203.5192,True,13.0,20.0,184.31920000000002,203.5192,True,13.0,20.0,184.31920000000002,203.5192,True,14.0,20.0,184.36920000000003,203.56920000000002,False,,,0.0,0.0
2023-05-29,24,169.25960000000003,False,,,0.0,0.0,True,14.0,20.0,167.3,186.5,True,12.0,20.0,112.86999999999999,132.07,True,12.0,20.0,112.86999999999999,132.07,True,12.0,20.0,112.86999999999999,132.07,False,,,0.0,0.0
2023-05-30,24,66.51520000000001,False,,,0.0,0.0,True,14.0,21.0,40.028400000000005,59.2284,True,14.0,20.0,66.51520000000001,85.71520000000001,True,15.0,20.0,60.3352,79.5352,True,16.0,20.0,50.925200000000004,70.1252,False,,,0.0,0.0
2023-05-31,24,91.642,False,,,0.0,0.0,True,14.0,20.0,91.642,110.842,True,14.0,20.0,91.642,110.842,True,14.0,20.0,91.642,110.842,True,14.0,20.0,91.642,110.842,False,,,0.0,0.0
2023-06-01,24,88.2268,False,,,0.0,0.0,True,14.0,20.0,88.2268,107.4268,True,14.0,20.0,88.2268,107.4268,True,14.0,20.0,88.2268,107.4268,True,15.0,20.0,77.88680000000001,97.08680000000001,False,,,0.0,0.0
2023-06-02,24,45.64,False,,,0.0,0.0,True,14.0,20.0,45.64,64.84,True,14.0,20.0,45.64,64.84,True,14.0,20.0,45.64,64.84,True,14.0,20.0,45.64,64.84,False,,,0.0,0.0
2023-06-03,24,73.018,False,,,0.0,0.0,True,14.0,20.0,71.498,90.69800000000001,True,13.0,20.0,73.018,92.218,True,13.0,20.0,73.018,92.218,True,14.0,20.0,71.498,90.69800000000001,False,,,0.0,0.0
2023-06-04,24,118.15680000000002,False,,,0.0,0.0,True,13.0,20.0,111.25680000000001,130.45680000000002,True,13.0,20.0,111.25680000000001,130.45680000000002,True,13.0,20.0,111.25680000000001,130.45680000000002,True,13.0,20.0,111.25680000000001,130.45680000000002,False,,,0.0,0.0
2023-06-05,24,57.51040000000002,False,,,0.0,0.0,True,14.0,20.0,57.51040000000002,76.71040000000002,True,15.0,20.0,55.73040000000002,74.93040000000002,True,15.0,20.0,55.73040000000002,74.93040000000002,True,11.0,20.0,55.50040000000001,74.70040000000002,False,,,0.0,0.0
2023-06-06,24,50.397999999999996,False,,,0.0,0.0,True,14.0,20.0,50.397999999999996,69.598,True,13.0,20.0,46.41799999999999,65.618,True,13.0,20.0,46.41799999999999,65.618,True,13.0,20.0,46.41799999999999,65.618,False,,,0.0,0.0
2023-06-07,24,40.23399999999998,False,,,0.0,0.0,True,14.0,20.0,40.23399999999998,59.43399999999998,True,15.0,20.0,37.633999999999986,56.83399999999999,True,15.0,20.0,37.633999999999986,56.83399999999999,True,14.0,20.0,40.23399999999998,59.43399999999998,False,,,0.0,0.0
2023-06-08,24,21.69280000000001,False,,,0.0,0.0,True,14.0,20.0,21.47280000000001,40.67280000000001,True,13.0,20.0,21.69280000000001,40.89280000000001,True,13.0,20.0,21.69280000000001,40.89280000000001,True,14.0,20.0,21.47280000000001,40.67280000000001,False,,,0.0,0.0
2023-06-09,24,14.67400000000001,False,,,0.0,0.0,True,13.0,20.0,13.734000000000012,32.93400000000001,True,14.0,20.0,14.67400000000001,33.87400000000001,False,,,0.0,0.0,True,14.0,20.0,14.67400000000001,33.87400000000001,False,,,0.0,0.0
2023-06-10,24,80.0972,False,,,0.0,0.0,True,14.0,20.0,80.0144,99.2144,True,14.0,20.0,80.0144,99.2144,True,14.0,20.0,80.0144,99.2144,True,14.0,20.0,80.0144,99.2144,False,,,0.0,0.0
2023-06-11,24,114.18400000000001,False,,,0.0,0.0,True,14.0,19.0,107.6672,126.8672,True,14.0,20.0,114.14399999999999,133.344,True,14.0,20.0,114.14399999999999,133.344,True,14.0,20.0,114.14399999999999,133.344,False,,,0.0,0.0
2023-06-12,24,51.2488,False,,,0.0,0.0,True,13.0,20.0,51.2488,70.4488,True,13.0,20.0,51.2488,70.4488,True,13.0,20.0,51.2488,70.4488,True,3.0,19.0,21.566800000000004,40.7668,False,,,0.0,0.0
2023-06-13,24,42.7736,False,,,0.0,0.0,True,13.0,20.0,41.0736,60.2736,True,14.0,20.0,42.7736,61.973600000000005,True,14.0,20.0,42.7736,61.973600000000005,True,13.0,20.0,41.0736,60.2736,False,,,0.0,0.0
2023-06-14,24,46.67560000000002,False,,,0.0,0.0,True,14.0,20.0,42.875600000000006,62.07560000000001,True,13.0,20.0,45.55560000000001,64.75560000000002,True,13.0,20.0,45.55560000000001,64.75560000000002,True,14.0,20.0,42.875600000000006,62.07560000000001,False,,,0.0,0.0
2023-06-15,24,55.7376,False,,,0.0,0.0,True,12.0,20.0,53.497600000000006,72.69760000000001,True,13.0,20.0,55.7376,74.9376,True,13.0,20.0,55.7376,74.9376,True,14.0,20.0,55.7376,74.9376,False,,,0.0,0.0
2023-06-16,24,42.58200000000001,False,,,0.0,0.0,True,13.0,20.0,40.492000000000004,59.69200000000001,True,14.0,21.0,38.2488,57.448800000000006,True,14.0,21.0,38.2488,57.448800000000006,True,14.0,20.0,42.58200000000001,61.78200000000001,False,,,0.0,0.0
2023-06-17,24,84.02,False,,,0.0,0.0,True,14.0,20.0,76.6324,95.8324,True,14.0,20.0,76.6324,95.8324,True,14.0,20.0,76.6324,95.8324,True,14.0,20.0,76.6324,95.8324,False,,,0.0,0.0
2023-06-18,24,84.84,False,,,0.0,0.0,True,14.0,21.0,82.28240000000001,101.48240000000001,True,14.0,21.0,82.28240000000001,101.48240000000001,True,14.0,21.0,82.28240000000001,101.48240000000001,True,14.0,21.0,82.28240000000001,101.48240000000001,True,14.0,21.0,82.28240000000001,101.48240000000001
2023-06-19,24,74.31840000000001,False,,,0.0,0.0,True,14.0,20.0,74.31840000000001,93.51840000000001,True,14.0,21.0,56.571599999999975,75.77159999999998,True,14.0,21.0,56.571599999999975,75.77159999999998,True,14.0,20.0,74.31840000000001,93.51840000000001,False,,,0.0,0.0
2023-06-20,24,38.0536,False,,,0.0,0.0,True,14.0,20.0,38.0536,57.253600000000006,True,14.0,20.0,38.0536,57.253600000000006,True,14.0,20.0,38.0536,57.253600000000006,True,2.0,20.0,28.483600000000013,47.68360000000001,True,2.0,20.0,28.483600000000013,47.68360000000001
2023-06-21,24,63.89320000000001,False,,,0.0,0.0,True,14.0,20.0,63.89320000000001,83.09320000000001,True,15.0,20.0,58.37320000000001,77.57320000000001,True,15.0,20.0,58.37320000000001,77.57320000000001,True,3.0,20.0,52.3232,71.5232,False,,,0.0,0.0
2023-06-22,24,19.175600000000006,False,,,0.0,0.0,True,14.0,20.0,16.94,36.14,True,3.0,20.0,12.059999999999992,31.25999999999999,True,3.0,20.0,12.059999999999992,31.25999999999999,True,3.0,20.0,12.059999999999992,31.25999999999999,False,,,0.0,0.0
2023-06-23,24,27.63200000000001,False,,,0.0,0.0,True,14.0,19.0,20.107199999999995,39.307199999999995,True,2.0,20.0,15.142,34.342,True,2.0,20.0,15.142,34.342,True,4.0,8.0,10.260400000000008,29.460400000000007,False,,,0.0,0.0
2023-06-24,24,119.15239999999999,False,,,0.0,0.0,True,15.0,20.0,100.92479999999999,120.1248,True,13.0,20.0,109.02479999999998,128.2248,True,13.0,20.0,109.02479999999998,128.2248,True,14.0,20.0,110.61479999999999,129.8148,False,,,0.0,0.0
2023-06-25,24,131.2648,False,,,0.0,0.0,True,14.0,21.0,131.2648,150.4648,True,13.0,21.0,131.2648,150.4648,True,13.0,21.0,131.2648,150.4648,True,14.0,21.0,131.2648,150.4648,True,14.0,21.0,131.2648,150.4648
2023-06-26,24,48.890400000000014,False,,,0.0,0.0,True,13.0,21.0,38.107200000000006,57.3072,True,15.0,21.0,42.837199999999996,62.0372,True,15.0,21.0,42.837199999999996,62.0372,True,14.0,21.0,45.937200000000004,65.1372,False,,,0.0,0.0
2023-06-27,24,41.3468,False,,,0.0,0.0,True,14.0,22.0,27.73520000000001,46.93520000000001,True,15.0,21.0,23.213600000000017,42.41360000000002,True,15.0,21.0,23.213600000000017,42.41360000000002,True,15.0,20.0,26.856799999999996,46.056799999999996,False,,,0.0,0.0
2023-06-28,24,48.72040000000001,False,,,0.0,0.0,True,13.0,20.0,37.59040000000002,56.79040000000002,True,13.0,20.0,37.59040000000002,56.79040000000002,True,13.0,20.0,37.59040000000002,56.79040000000002,True,13.0,20.0,37.59040000000002,56.79040000000002,False,,,0.0,0.0
2023-06-29,24,40.57360000000003,False,,,0.0,0.0,True,3.0,20.0,40.57360000000003,59.77360000000003,True,14.0,20.0,40.05360000000003,59.253600000000034,True,14.0,20.0,40.05360000000003,59.253600000000034,True,2.0,20.0,36.93360000000003,56.13360000000003,False,,,0.0,0.0
2023-06-30,24,15.095600000000022,False,,,0.0,0.0,True,3.0,20.0,5.9156000000000155,25.115600000000015,True,15.0,20.0,13.555600000000016,32.755600000000015,True,15.0,20.0,13.555600000000016,32.755600000000015,True,14.0,20.0,15.095600000000022,34.29560000000002,False,,,0.0,0.0
2023-07-01,24,66.26240000000001,False,,,0.0,0.0,True,14.0,20.0,63.162000000000006,82.36200000000001,True,13.0,20.0,58.80200000000001,78.00200000000001,True,13.0,20.0,58.80200000000001,78.00200000000001,True,14.0,21.0,66.09680000000002,85.29680000000002,False,,,0.0,0.0
2023-07-02,24,568.108,False,,,0.0,0.0,True,14.0,22.0,568.108,587.308,True,13.0,22.0,335.028,354.228,True,13.0,22.0,335.028,354.228,True,13.0,21.0,326.4812,345.6812,False,,,0.0,0.0
2023-07-03,24,104.32280000000002,False,,,0.0,0.0,True,14.0,22.0,97.3216,116.5216,True,12.0,21.0,101.54280000000001,120.74280000000002,True,12.0,21.0,101.54280000000001,120.74280000000002,True,6.0,22.0,6.331600000000012,25.53160000000001,False,,,0.0,0.0
2023-07-04,24,140.81080000000003,False,,,0.0,0.0,True,13.0,21.0,138.9156,158.1156,True,14.0,20.0,130.96080000000003,150.16080000000002,True,14.0,20.0,130.96080000000003,150.16080000000002,True,4.0,8.0,13.516800000000007,32.716800000000006,False,,,0.0,0.0
2023-07-05,24,103.66000000000001,False,,,0.0,0.0,True,13.0,20.0,92.8548,112.0548,True,15.0,21.0,103.63000000000001,122.83000000000001,True,15.0,21.0,103.63000000000001,122.83000000000001,True,11.0,20.0,51.56479999999999,70.7648,False,,,0.0,0.0
2023-07-06,24,73.77959999999999,False,,,0.0,0.0,True,14.0,21.0,71.80120000000001,91.00120000000001,True,13.0,20.0,73.77959999999999,92.97959999999999,True,13.0,20.0,73.77959999999999,92.97959999999999,True,15.0,20.0,66.14959999999999,85.3496,False,,,0.0,0.0
2023-07-07,24,75.20080000000002,False,,,0.0,0.0,True,13.0,20.0,73.61080000000003,92.81080000000003,True,13.0,20.0,73.61080000000003,92.81080000000003,True,13.0,20.0,73.61080000000003,92.81080000000003,True,13.0,20.0,73.61080000000003,92.81080000000003,False,,,0.0,0.0
2023-07-08,24,86.32120000000002,False,,,0.0,0.0,True,14.0,20.0,82.52919999999999,101.72919999999999,True,13.0,20.0,82.5492,101.7492,True,13.0,20.0,82.5492,101.7492,True,13.0,20.0,82.5492,101.7492,True,13.0,20.0,82.5492,101.7492
2023-07-09,24,67.182,False,,,0.0,0.0,True,13.0,21.0,67.182,86.382,True,13.0,21.0,67.182,86.382,True,13.0,21.0,67.182,86.382,True,13.0,20.0,65.36040000000001,84.56040000000002,True,13.0,20.0,65.36040000000001,84.56040000000002
2023-07-10,24,74.2444,False,,,0.0,0.0,True,13.0,21.0,66.3044,85.5044,True,15.0,21.0,74.2444,93.4444,True,15.0,21.0,74.2444,93.4444,True,14.0,21.0,71.9844,91.1844,False,,,0.0,0.0
2023-07-11,24,100.92080000000001,False,,,0.0,0.0,True,15.0,21.0,38.349999999999994,57.55,True,14.0,20.0,99.92080000000001,119.12080000000002,True,14.0,20.0,99.92080000000001,119.12080000000002,True,15.0,21.0,38.349999999999994,57.55,False,,,0.0,0.0
2023-07-12,24,107.6188,False,,,0.0,0.0,True,13.0,20.0,102.4392,121.6392,True,14.0,20.0,96.0292,115.2292,True,14.0,20.0,96.0292,115.2292,True,13.0,20.0,102.4392,121.6392,True,13.0,20.0,102.4392,121.6392
2023-07-13,24,57.63879999999999,False,,,0.0,0.0,True,13.0,21.0,46.878799999999984,66.07879999999999,True,15.0,21.0,45.528799999999976,64.72879999999998,True,15.0,21.0,45.528799999999976,64.72879999999998,True,13.0,21.0,46.878799999999984,66.07879999999999,False,,,0.0,0.0
2023-07-14,24,39.78480000000002,False,,,0.0,0.0,True,14.0,21.0,19.67640000000002,38.87640000000002,True,14.0,21.0,19.67640000000002,38.87640000000002,True,14.0,21.0,19.67640000000002,38.87640000000002,True,14.0,21.0,19.67640000000002,38.87640000000002,False,,,0.0,0.0
2023-07-15,24,63.1212,False,,,0.0,0.0,True,13.0,19.0,58.375600000000006,77.57560000000001,True,13.0,20.0,62.221199999999996,81.4212,True,13.0,20.0,62.221199999999996,81.4212,True,13.0,19.0,58.375600000000006,77.57560000000001,False,,,0.0,0.0
2023-07-16,24,146.0696,False,,,0.0,0.0,True,14.0,20.0,133.53920000000002,152.7392,True,16.0,21.0,107.84320000000001,127.04320000000001,True,16.0,21.0,107.84320000000001,127.04320000000001,True,13.0,20.0,123.58919999999999,142.7892,False,,,0.0,0.0
2023-07-17,24,95.8,False,,,0.0,0.0,True,14.0,22.0,95.8,115.0,True,14.0,21.0,95.1652,114.3652,True,14.0,21.0,95.1652,114.3652,True,4.0,20.0,0.40760000000000574,19.607600000000005,False,,,0.0,0.0
2023-07-18,24,74.95,False,,,0.0,0.0,True,14.0,22.0,18.889200000000006,38.089200000000005,True,13.0,20.0,72.58,91.78,True,13.0,20.0,72.58,91.78,True,14.0,20.0,63.730000000000004,82.93,False,,,0.0,0.0
2023-07-19,24,36.853600000000014,False,,,0.0,0.0,True,11.0,20.0,18.353600000000018,37.55360000000002,True,14.0,20.0,36.62360000000001,55.82360000000001,True,14.0,20.0,36.62360000000001,55.82360000000001,True,12.0,20.0,22.263600000000014,41.463600000000014,False,,,0.0,0.0
2023-07-20,24,43.456,False,,,0.0,0.0,True,15.0,20.0,38.756,57.956,True,14.0,20.0,42.896,62.096000000000004,True,14.0,20.0,42.896,62.096000000000004,True,15.0,20.0,38.756,57.956,False,,,0.0,0.0
2023-07-21,24,27.80840000000001,False,,,0.0,0.0,True,13.0,20.0,18.099600000000013,37.29960000000001,True,14.0,21.0,11.840800000000005,31.040800000000004,False,,,0.0,0.0,True,14.0,20.0,18.639600000000005,37.839600000000004,False,,,0.0,0.0
2023-07-22,24,70.53,False,,,0.0,0.0,True,3.0,7.0,-34.274399999999986,-15.074399999999983,True,13.0,21.0,67.71,86.91,True,13.0,21.0,67.71,86.91,True,14.0,20.0,59.56360000000001,78.76360000000001,False,,,0.0,0.0
2023-07-23,24,84.6572,False,,,0.0,0.0,True,14.0,21.0,77.3892,96.5892,True,14.0,21.0,77.3892,96.5892,True,14.0,21.0,77.3892,96.5892,True,14.0,21.0,77.3892,96.5892,False,,,0.0,0.0
2023-07-24,24,26.0532,False,,,0.0,0.0,True,14.0,22.0,0.5624000000000002,19.7624,True,2.0,20.0,20.793200000000002,39.9932,False,,,0.0,0.0,True,14.0,22.0,0.5624000000000002,19.7624,False,,,0.0,0.0
2023-07-25,24,35.59800000000001,False,,,0.0,0.0,True,16.0,20.0,0.19679999999999964,19.3968,True,3.0,20.0,3.486800000000006,22.686800000000005,False,,,0.0,0.0,True,16.0,20.0,0.19679999999999964,19.3968,False,,,0.0,0.0
2023-07-26,24,22.303599999999992,False,,,0.0,0.0,True,2.0,8.0,5.629999999999999,24.83,True,2.0,8.0,5.629999999999999,24.83,False,,,0.0,0.0,True,2.0,8.0,5.629999999999999,24.83,False,,,0.0,0.0
2023-07-27,24,17.334000000000007,False,,,0.0,0.0,True,15.0,20.0,0.6224000000000167,19.822400000000016,True,3.0,8.0,5.6960000000000015,24.896,False,,,0.0,0.0,True,15.0,20.0,0.6224000000000167,19.822400000000016,False,,,0.0,0.0
2023-07-28,24,24.750000000000004,False,,,0.0,0.0,True,3.0,19.0,14.244800000000001,33.4448,True,2.0,19.0,15.314800000000009,34.51480000000001,False,,,0.0,0.0,False,,,0.0,0.0,False,,,0.0,0.0
2023-07-29,24,55.2808,False,,,0.0,0.0,True,14.0,20.0,54.5356,73.7356,True,14.0,20.0,54.5356,73.7356,True,14.0,20.0,54.5356,73.7356,True,14.0,20.0,54.5356,73.7356,False,,,0.0,0.0
2023-07-30,24,108.7932,False,,,0.0,0.0,True,14.0,21.0,108.7932,127.9932,True,15.0,21.0,102.2032,121.4032,True,15.0,21.0,102.2032,121.4032,True,14.0,22.0,107.5052,126.7052,False,,,0.0,0.0
2023-07-31,24,43.86240000000001,False,,,0.0,0.0,True,14.0,21.0,12.970000000000002,32.17,True,3.0,20.0,42.47240000000001,61.67240000000001,True,3.0,20.0,42.47240000000001,61.67240000000001,True,16.0,20.0,5.112400000000012,24.31240000000001,False,,,0.0,0.0
2023-08-01,24,26.84480000000001,False,,,0.0,0.0,True,4.0,20.0,23.0236,42.2236,True,3.0,8.0,14.940000000000001,34.14,True,3.0,8.0,14.940000000000001,34.14,True,4.0,19.0,11.266000000000002,30.466,False,,,0.0,0.0
2023-08-02,24,36.766400000000004,False,,,0.0,0.0,True,3.0,21.0,-13.80159999999999,5.398400000000009,True,2.0,8.0,1.6804000000000094,20.88040000000001,False,,,0.0,0.0,True,3.0,20.0,-10.949599999999986,8.250400000000013,False,,,0.0,0.0
2023-08-03,24,66.4252,False,,,0.0,0.0,True,15.0,19.0,50.7392,69.9392,True,14.0,20.0,52.242000000000004,71.44200000000001,True,14.0,20.0,52.242000000000004,71.44200000000001,True,3.0,7.0,33.150000000000006,52.35,False,,,0.0,0.0
2023-08-04,24,32.33600000000001,False,,,0.0,0.0,True,2.0,21.0,18.514,37.714,True,15.0,20.0,32.33600000000001,51.536000000000016,False,,,0.0,0.0,True,15.0,19.0,27.79120000000002,46.99120000000002,False,,,0.0,0.0
2023-08-05,24,41.43080000000002,False,,,0.0,0.0,True,15.0,20.0,33.62080000000002,52.82080000000002,True,14.0,20.0,41.43080000000002,60.630800000000015,False,,,0.0,0.0,True,14.0,19.0,36.012,55.211999999999996,False,,,0.0,0.0
2023-08-06,24,42.688,False,,,0.0,0.0,True,14.0,20.0,39.542,58.742,True,14.0,19.0,35.64120000000001,54.84120000000001,False,,,0.0,0.0,True,13.0,20.0,39.432,58.632,False,,,0.0,0.0
2023-08-07,24,48.27959999999999,False,,,0.0,0.0,True,15.0,21.0,29.273600000000005,48.473600000000005,True,16.0,20.0,13.3732,32.5732,True,16.0,20.0,13.3732,32.5732,True,15.0,19.0,3.384800000000002,22.5848,False,,,0.0,0.0
2023-08-08,24,84.6156,False,,,0.0,0.0,True,5.0,7.0,-3.935599999999999,15.2644,True,15.0,20.0,74.1432,93.3432,True,15.0,20.0,74.1432,93.3432,True,3.0,7.0,-0.10559999999999903,19.0944,False,,,0.0,0.0
2023-08-09,24,66.73360000000001,False,,,0.0,0.0,True,14.0,21.0,59.870400000000004,79.0704,True,14.0,20.0,66.73360000000001,85.93360000000001,False,,,0.0,0.0,True,15.0,19.0,32.7072,51.907199999999996,False,,,0.0,0.0
2023-08-10,24,129.22600000000003,False,,,0.0,0.0,True,14.0,20.0,123.37600000000002,142.57600000000002,True,14.0,20.0,123.37600000000002,142.57600000000002,True,14.0,20.0,123.37600000000002,142.57600000000002,True,14.0,20.0,123.37600000000002,142.57600000000002,False,,,0.0,0.0
2023-08-11,24,103.9372,False,,,0.0,0.0,True,13.0,20.0,103.9372,123.1372,True,13.0,20.0,103.9372,123.1372,True,13.0,20.0,103.9372,123.1372,True,14.0,20.0,101.9172,121.1172,True,14.0,20.0,101.9172,121.1172
2023-08-12,24,78.0976,False,,,0.0,0.0,True,13.0,20.0,58.557199999999995,77.7572,True,14.0,20.0,77.0672,96.2672,True,14.0,20.0,77.0672,96.2672,True,14.0,20.0,77.0672,96.2672,False,,,0.0,0.0
2023-08-13,24,90.278,False,,,0.0,0.0,True,14.0,21.0,89.74000000000001,108.94000000000001,True,13.0,20.0,86.4784,105.6784,True,13.0,20.0,86.4784,105.6784,True,14.0,20.0,86.0784,105.2784,False,,,0.0,0.0
2023-08-14,24,80.68679999999999,False,,,0.0,0.0,True,13.0,22.0,19.2308,38.4308,True,13.0,21.0,37.51120000000002,56.71120000000001,False,,,0.0,0.0,True,13.0,21.0,37.51120000000002,56.71120000000001,False,,,0.0,0.0
2023-08-15,24,88.46120000000003,False,,,0.0,0.0,True,13.0,19.0,65.7952,84.9952,True,13.0,19.0,65.7952,84.9952,True,13.0,19.0,65.7952,84.9952,True,13.0,19.0,65.7952,84.9952,False,,,0.0,0.0
2023-08-16,24,41.117599999999996,False,,,0.0,0.0,True,14.0,20.0,38.197599999999994,57.3976,True,14.0,20.0,38.197599999999994,57.3976,False,,,0.0,0.0,True,14.0,20.0,38.197599999999994,57.3976,False,,,0.0,0.0
2023-08-17,24,29.399599999999996,False,,,0.0,0.0,True,13.0,20.0,24.79040000000001,43.99040000000001,True,14.0,20.0,24.79040000000001,43.99040000000001,False,,,0.0,0.0,True,14.0,20.0,24.79040000000001,43.99040000000001,False,,,0.0,0.0
2023-08-18,24,46.41960000000002,False,,,0.0,0.0,True,13.0,19.0,46.41960000000002,65.61960000000002,True,12.0,19.0,42.98960000000001,62.18960000000001,True,12.0,19.0,42.98960000000001,62.18960000000001,True,13.0,19.0,46.41960000000002,65.61960000000002,False,,,0.0,0.0
2023-08-19,24,90.1376,False,,,0.0,0.0,True,13.0,19.0,85.67800000000001,104.87800000000001,True,11.0,20.0,57.824799999999996,77.0248,True,11.0,20.0,57.824799999999996,77.0248,True,13.0,19.0,85.67800000000001,104.87800000000001,False,,,0.0,0.0
2023-08-20,24,96.35000000000001,False,,,0.0,0.0,True,14.0,21.0,95.3368,114.5368,True,13.0,20.0,96.35000000000001,115.55000000000001,True,13.0,20.0,96.35000000000001,115.55000000000001,True,13.0,19.0,86.046,105.24600000000001,False,,,0.0,0.0
2023-08-21,24,78.01400000000001,False,,,0.0,0.0,True,13.0,20.0,78.01400000000001,97.21400000000001,True,14.0,20.0,72.87400000000001,92.07400000000001,True,14.0,20.0,72.87400000000001,92.07400000000001,True,13.0,20.0,78.01400000000001,97.21400000000001,False,,,0.0,0.0
2023-08-22,24,78.3216,False,,,0.0,0.0,True,13.0,20.0,78.1816,97.3816,True,13.0,20.0,78.1816,97.3816,True,13.0,20.0,78.1816,97.3816,True,15.0,20.0,73.6016,92.80160000000001,False,,,0.0,0.0
2023-08-23,24,151.8256,False,,,0.0,0.0,True,14.0,20.0,151.8256,171.0256,True,14.0,20.0,151.8256,171.0256,True,14.0,20.0,151.8256,171.0256,True,13.0,20.0,150.5156,169.7156,False,,,0.0,0.0
2023-08-24,24,117.03720000000003,False,,,0.0,0.0,True,14.0,20.0,98.7568,117.9568,True,13.0,20.0,102.6668,121.8668,True,13.0,20.0,102.6668,121.8668,True,3.0,20.0,95.5668,114.7668,True,3.0,20.0,95.5668,114.7668
2023-08-25,24,35.88919999999999,False,,,0.0,0.0,True,13.0,19.0,29.159199999999988,48.35919999999999,True,14.0,19.0,33.579199999999986,52.77919999999999,True,14.0,19.0,33.579199999999986,52.77919999999999,True,13.0,19.0,29.159199999999988,48.35919999999999,True,13.0,19.0,29.159199999999988,48.35919999999999
2023-08-26,24,58.74840000000002,False,,,0.0,0.0,True,15.0,19.0,14.1844,33.3844,True,13.0,20.0,56.1632,75.3632,True,13.0,20.0,56.1632,75.3632,True,15.0,20.0,21.903200000000016,41.103200000000015,False,,,0.0,0.0
2023-08-27,24,11.999600000000004,False,,,0.0,0.0,True,13.0,21.0,10.168800000000008,29.368800000000007,True,13.0,21.0,10.168800000000008,29.368800000000007,False,,,0.0,0.0,True,13.0,21.0,10.168800000000008,29.368800000000007,False,,,0.0,0.0
2023-08-28,24,61.1032,False,,,0.0,0.0,True,13.0,19.0,41.5132,60.7132,True,2.0,19.0,56.7632,75.9632,True,2.0,19.0,56.7632,75.9632,False,,,0.0,0.0,False,,,0.0,0.0
2023-08-29,24,43.825199999999995,False,,,0.0,0.0,True,3.0,19.0,43.825199999999995,63.0252,True,3.0,19.0,43.825199999999995,63.0252,True,3.0,19.0,43.825199999999995,63.0252,True,3.0,19.0,43.825199999999995,63.0252,False,,,0.0,0.0
2023-08-30,24,42.189200000000014,False,,,0.0,0.0,True,2.0,19.0,39.92920000000001,59.12920000000001,True,14.0,19.0,42.189200000000014,61.38920000000002,True,14.0,19.0,42.189200000000014,61.38920000000002,True,14.0,19.0,42.189200000000014,61.38920000000002,False,,,0.0,0.0
2023-08-31,24,31.20600000000002,False,,,0.0,0.0,True,14.0,19.0,31.20600000000002,50.40600000000002,True,14.0,19.0,31.20600000000002,50.40600000000002,True,14.0,19.0,31.20600000000002,50.40600000000002,True,3.0,19.0,26.656000000000024,45.85600000000002,False,,,0.0,0.0
2023-09-01,24,31.298400000000004,False,,,0.0,0.0,True,14.0,19.0,30.968400000000006,50.168400000000005,True,2.0,20.0,23.062800000000014,42.26280000000001,False,,,0.0,0.0,True,4.0,7.0,4.875600000000009,24.07560000000001,False,,,0.0,0.0
2023-09-02,24,42.10600000000001,False,,,0.0,0.0,True,13.0,19.0,29.856800000000003,49.0568,True,14.0,19.0,37.49680000000001,56.6968,True,14.0,19.0,37.49680000000001,56.6968,True,13.0,19.0,29.856800000000003,49.0568,False,,,0.0,0.0
2023-09-03,24,103.36280000000001,False,,,0.0,0.0,True,14.0,20.0,103.36280000000001,122.56280000000001,True,14.0,19.0,91.0348,110.2348,True,14.0,19.0,91.0348,110.2348,True,14.0,19.0,91.0348,110.2348,False,,,0.0,0.0
2023-09-04,24,91.17760000000001,False,,,0.0,0.0,True,14.0,20.0,67.70840000000001,86.90840000000001,True,13.0,20.0,67.23840000000001,86.43840000000002,True,13.0,20.0,67.23840000000001,86.43840000000002,True,14.0,20.0,67.70840000000001,86.90840000000001,False,,,0.0,0.0
2023-09-05,24,75.8304,False,,,0.0,0.0,True,14.0,19.0,73.7504,92.9504,True,13.0,19.0,75.8304,95.0304,True,13.0,19.0,75.8304,95.0304,True,14.0,19.0,73.7504,92.9504,False,,,0.0,0.0
2023-09-06,24,82.01360000000001,False,,,0.0,0.0,True,13.0,19.0,82.01360000000001,101.21360000000001,True,13.0,19.0,82.01360000000001,101.21360000000001,True,13.0,19.0,82.01360000000001,101.21360000000001,True,14.0,19.0,79.96360000000001,99.16360000000002,False,,,0.0,0.0
2023-09-07,24,69.48840000000001,False,,,0.0,0.0,True,13.0,19.0,69.48840000000001,88.68840000000002,True,14.0,19.0,64.50840000000001,83.70840000000001,True,14.0,19.0,64.50840000000001,83.70840000000001,True,14.0,19.0,64.50840000000001,83.70840000000001,False,,,0.0,0.0
2023-09-08,24,121.49000000000002,False,,,0.0,0.0,True,13.0,19.0,121.49000000000002,140.69000000000003,True,13.0,19.0,121.49000000000002,140.69000000000003,True,13.0,19.0,121.49000000000002,140.69000000000003,True,13.0,19.0,121.49000000000002,140.69000000000003,False,,,0.0,0.0
2023-09-09,24,119.59920000000001,False,,,0.0,0.0,True,13.0,19.0,117.48320000000002,136.68320000000003,True,13.0,19.0,117.48320000000002,136.68320000000003,True,13.0,19.0,117.48320000000002,136.68320000000003,True,13.0,19.0,117.48320000000002,136.68320000000003,True,13.0,19.0,117.48320000000002,136.68320000000003
2023-09-10,24,120.54800000000002,False,,,0.0,0.0,True,13.0,20.0,120.51800000000001,139.71800000000002,True,13.0,19.0,119.32199999999999,138.522,True,13.0,19.0,119.32199999999999,138.522,True,13.0,19.0,119.32199999999999,138.522,True,13.0,19.0,119.32199999999999,138.522
2023-09-11,24,376.6784,False,,,0.0,0.0,True,14.0,20.0,304.0796,323.2796,True,14.0,19.0,374.1284,393.3284,True,14.0,19.0,374.1284,393.3284,True,14.0,19.0,374.1284,393.3284,False,,,0.0,0.0
2023-09-12,24,148.50840000000002,False,,,0.0,0.0,True,13.0,19.0,148.50840000000002,167.7084,True,13.0,19.0,148.50840000000002,167.7084,True,13.0,19.0,148.50840000000002,167.7084,True,13.0,19.0,148.50840000000002,167.7084,True,13.0,19.0,148.50840000000002,167.7084
2023-09-13,24,30.000000000000004,False,,,0.0,0.0,True,13.0,19.0,29.19,48.39,True,3.0,19.0,28.259999999999994,47.459999999999994,True,3.0,19.0,28.259999999999994,47.459999999999994,True,1.0,19.0,22.119999999999994,41.31999999999999,True,1.0,19.0,22.119999999999994,41.31999999999999
2023-09-14,24,109.54080000000003,False,,,0.0,0.0,True,14.0,19.0,109.54080000000003,128.74080000000004,True,13.0,19.0,108.02080000000002,127.22080000000003,True,13.0,19.0,108.02080000000002,127.22080000000003,True,14.0,19.0,109.54080000000003,128.74080000000004,False,,,0.0,0.0
2023-09-15,24,92.59040000000002,False,,,0.0,0.0,True,14.0,19.0,84.29040000000002,103.49040000000002,True,14.0,19.0,84.29040000000002,103.49040000000002,True,14.0,19.0,84.29040000000002,103.49040000000002,True,14.0,19.0,84.29040000000002,103.49040000000002,True,14.0,19.0,84.29040000000002,103.49040000000002
2023-09-16,24,115.1008,False,,,0.0,0.0,True,13.0,19.0,115.1008,134.3008,True,13.0,19.0,115.1008,134.3008,True,13.0,19.0,115.1008,134.3008,True,13.0,19.0,115.1008,134.3008,True,13.0,19.0,115.1008,134.3008
2023-09-17,24,116.468,False,,,0.0,0.0,True,13.0,19.0,116.468,135.668,True,13.0,19.0,116.468,135.668,True,13.0,19.0,116.468,135.668,True,13.0,19.0,116.468,135.668,True,13.0,19.0,116.468,135.668
2023-09-18,24,99.19760000000001,False,,,0.0,0.0,True,13.0,19.0,99.19760000000001,118.39760000000001,True,13.0,19.0,99.19760000000001,118.39760000000001,True,13.0,19.0,99.19760000000001,118.39760000000001,True,13.0,19.0,99.19760000000001,118.39760000000001,True,13.0,19.0,99.19760000000001,118.39760000000001
2023-09-19,24,91.8064,False,,,0.0,0.0,True,13.0,19.0,91.4064,110.60640000000001,True,14.0,19.0,91.8064,111.0064,True,14.0,19.0,91.8064,111.0064,True,13.0,19.0,91.4064,110.60640000000001,False,,,0.0,0.0
2023-09-20,24,166.33120000000002,False,,,0.0,0.0,True,14.0,19.0,165.73120000000003,184.93120000000002,True,13.0,19.0,166.33120000000002,185.5312,True,13.0,19.0,166.33120000000002,185.5312,True,3.0,19.0,160.96120000000002,180.1612,False,,,0.0,0.0
2023-09-21,24,193.83640000000003,False,,,0.0,0.0,True,13.0,19.0,157.24640000000005,176.44640000000004,True,3.0,19.0,193.83640000000003,213.03640000000001,True,3.0,19.0,193.83640000000003,213.03640000000001,True,2.0,19.0,176.43640000000005,195.63640000000004,True,2.0,19.0,176.43640000000005,195.63640000000004
2023-09-22,24,53.708,False,,,0.0,0.0,True,3.0,19.0,39.147999999999996,58.348,True,2.0,19.0,39.858000000000004,59.05800000000001,True,2.0,19.0,39.858000000000004,59.05800000000001,True,3.0,19.0,39.147999999999996,58.348,True,3.0,19.0,39.147999999999996,58.348
2023-09-23,24,71.40480000000001,False,,,0.0,0.0,True,14.0,19.0,71.40480000000001,90.60480000000001,True,14.0,19.0,71.40480000000001,90.60480000000001,True,14.0,19.0,71.40480000000001,90.60480000000001,True,14.0,19.0,71.40480000000001,90.60480000000001,True,14.0,19.0,71.40480000000001,90.60480000000001
2023-09-24,24,127.98280000000001,False,,,0.0,0.0,True,14.0,19.0,127.98280000000001,147.18280000000001,True,14.0,19.0,127.98280000000001,147.18280000000001,True,14.0,19.0,127.98280000000001,147.18280000000001,True,14.0,19.0,127.98280000000001,147.18280000000001,True,14.0,19.0,127.98280000000001,147.18280000000001
2023-09-25,24,329.94280000000003,False,,,0.0,0.0,True,14.0,19.0,245.9328,265.1328,True,12.0,19.0,253.95280000000002,273.1528,True,12.0,19.0,253.95280000000002,273.1528,True,13.0,19.0,253.9128,273.1128,True,13.0,19.0,253.9128,273.1128
2023-09-26,24,141.69600000000003,False,,,0.0,0.0,True,3.0,19.0,103.2944,122.4944,True,4.0,19.0,103.3044,122.5044,True,4.0,19.0,103.3044,122.5044,True,4.0,19.0,103.3044,122.5044,True,4.0,19.0,103.3044,122.5044
2023-09-27,24,119.33839999999996,False,,,0.0,0.0,True,4.0,7.0,119.33839999999996,138.53839999999997,True,2.0,7.0,117.2384,136.4384,True,2.0,7.0,117.2384,136.4384,True,2.0,7.0,117.2384,136.4384,True,2.0,7.0,117.2384,136.4384
2023-09-28,24,152.38600000000002,False,,,0.0,0.0,True,4.0,7.0,16.080000000000002,35.28,True,2.0,19.0,152.38600000000002,171.586,True,2.0,19.0,152.38600000000002,171.586,True,2.0,7.0,24.000000000000004,43.2,True,2.0,7.0,24.000000000000004,43.2
2023-09-29,24,37.59240000000001,False,,,0.0,0.0,True,2.0,19.0,14.482400000000016,33.682400000000015,True,14.0,19.0,32.9924,52.192400000000006,True,14.0,19.0,32.9924,52.192400000000006,True,2.0,19.0,14.482400000000016,33.682400000000015,True,2.0,19.0,14.482400000000016,33.682400000000015
2023-09-30,24,122.82800000000002,False,,,0.0,0.0,True,13.0,19.0,122.82800000000002,142.02800000000002,True,13.0,19.0,122.82800000000002,142.02800000000002,True,13.0,19.0,122.82800000000002,142.02800000000002,True,14.0,19.0,116.54800000000002,135.74800000000002,False,,,0.0,0.0
2023-10-01,24,102.33000000000001,False,,,0.0,0.0,True,13.0,19.0,102.33000000000001,121.53000000000002,True,14.0,19.0,101.13000000000001,120.33000000000001,True,14.0,19.0,101.13000000000001,120.33000000000001,True,13.0,19.0,102.33000000000001,121.53000000000002,True,13.0,19.0,102.33000000000001,121.53000000000002
2023-10-02,24,118.32600000000001,False,,,0.0,0.0,True,13.0,19.0,118.32600000000001,137.526,True,13.0,19.0,118.32600000000001,137.526,True,13.0,19.0,118.32600000000001,137.526,True,13.0,19.0,118.32600000000001,137.526,True,13.0,19.0,118.32600000000001,137.526
2023-10-03,24,47.07000000000001,False,,,0.0,0.0,True,13.0,19.0,47.07000000000001,66.27000000000001,True,13.0,19.0,47.07000000000001,66.27000000000001,True,13.0,19.0,47.07000000000001,66.27000000000001,True,13.0,19.0,47.07000000000001,66.27000000000001,True,13.0,19.0,47.07000000000001,66.27000000000001
2023-10-04,24,90.2012,False,,,0.0,0.0,True,13.0,19.0,55.23119999999999,74.43119999999999,True,13.0,18.0,44.872,64.072,True,13.0,18.0,44.872,64.072,True,5.0,19.0,50.051199999999994,69.2512,False,,,0.0,0.0
2023-10-05,24,149.65760000000003,False,,,0.0,0.0,True,3.0,19.0,149.65760000000003,168.85760000000002,True,2.0,19.0,140.78760000000005,159.98760000000004,True,2.0,19.0,140.78760000000005,159.98760000000004,True,3.0,19.0,149.65760000000003,168.85760000000002,False,,,0.0,0.0
2023-10-06,24,81.99640000000001,False,,,0.0,0.0,True,3.0,19.0,8.016400000000008,27.216400000000007,True,13.0,19.0,81.99640000000001,101.19640000000001,True,13.0,19.0,81.99640000000001,101.19640000000001,True,3.0,19.0,8.016400000000008,27.216400000000007,True,3.0,19.0,8.016400000000008,27.216400000000007
2023-10-07,24,80.95719999999999,False,,,0.0,0.0,True,13.0,19.0,80.7772,99.9772,True,3.0,19.0,80.32719999999999,99.5272,True,3.0,19.0,80.32719999999999,99.5272,True,13.0,19.0,80.7772,99.9772,True,13.0,19.0,80.7772,99.9772
2023-10-08,24,75.77360000000003,False,,,0.0,0.0,True,1.0,19.0,59.733600000000024,78.93360000000003,True,1.0,19.0,59.733600000000024,78.93360000000003,True,1.0,19.0,59.733600000000024,78.93360000000003,True,14.0,19.0,75.77360000000003,94.97360000000003,False,,,0.0,0.0
2023-10-09,24,109.764,False,,,0.0,0.0,True,14.0,19.0,79.264,98.464,True,3.0,19.0,107.36399999999999,126.564,True,3.0,19.0,107.36399999999999,126.564,True,1.0,19.0,97.314,116.514,True,3.0,19.0,107.36399999999999,126.564
2023-10-10,24,69.1764,False,,,0.0,0.0,True,4.0,19.0,11.538400000000028,30.738400000000027,True,14.0,18.0,6.606400000000011,25.80640000000001,True,14.0,18.0,6.606400000000011,25.80640000000001,True,4.0,19.0,11.538400000000028,30.738400000000027,True,4.0,19.0,11.538400000000028,30.738400000000027
2023-10-11,24,102.4288,False,,,0.0,0.0,True,4.0,7.0,94.5272,113.7272,True,13.0,19.0,102.4288,121.6288,True,13.0,19.0,102.4288,121.6288,True,2.0,7.0,89.9372,109.1372,True,2.0,7.0,89.9372,109.1372
2023-10-12,24,105.80080000000002,False,,,0.0,0.0,True,13.0,19.0,79.82080000000002,99.02080000000002,True,2.0,19.0,100.38080000000002,119.58080000000002,True,2.0,19.0,100.38080000000002,119.58080000000002,True,3.0,8.0,29.498800000000006,48.698800000000006,False,,,0.0,0.0
2023-10-13,24,46.756,False,,,0.0,0.0,True,0.0,19.0,-72.994,-53.794,True,13.0,19.0,43.696,62.896,False,,,0.0,0.0,True,3.0,19.0,-50.40400000000001,-31.204000000000008,True,3.0,19.0,-50.40400000000001,-31.204000000000008
2023-10-14,24,102.58239999999999,False,,,0.0,0.0,True,15.0,19.0,100.4524,119.6524,True,15.0,19.0,100.4524,119.6524,True,15.0,19.0,100.4524,119.6524,True,14.0,19.0,101.7624,120.9624,False,,,0.0,0.0
2023-10-15,24,111.26799999999999,False,,,0.0,0.0,True,4.0,19.0,99.26159999999999,118.46159999999999,True,11.0,19.0,104.94159999999998,124.14159999999998,True,11.0,19.0,104.94159999999998,124.14159999999998,True,14.0,19.0,106.74159999999999,125.9416,False,,,0.0,0.0
2023-10-16,24,107.17,False,,,0.0,0.0,True,14.0,18.0,65.48520000000002,84.68520000000002,True,1.0,19.0,104.57000000000001,123.77000000000001,True,1.0,19.0,104.57000000000001,123.77000000000001,True,4.0,19.0,107.17,126.37,True,4.0,19.0,107.17,126.37
2023-10-17,24,51.09360000000002,False,,,0.0,0.0,True,4.0,19.0,21.52399999999999,40.72399999999999,True,3.0,18.0,27.9464,47.1464,True,3.0,18.0,27.9464,47.1464,True,1.0,19.0,18.053999999999977,37.25399999999998,True,1.0,19.0,18.053999999999977,37.25399999999998
2023-10-18,24,45.99719999999999,False,,,0.0,0.0,True,3.0,8.0,37.72879999999998,56.92879999999998,True,3.0,8.0,37.72879999999998,56.92879999999998,False,,,0.0,0.0,True,3.0,8.0,37.72879999999998,56.92879999999998,False,,,0.0,0.0
2023-10-19,24,100.4104,False,,,0.0,0.0,True,2.0,7.0,69.8576,89.05760000000001,True,1.0,8.0,79.5312,98.7312,True,1.0,8.0,79.5312,98.7312,True,0.0,7.0,54.0676,73.2676,False,,,0.0,0.0
2023-10-20,24,72.5292,False,,,0.0,0.0,True,3.0,18.0,53.66680000000001,72.86680000000001,True,3.0,9.0,60.30919999999999,79.50919999999999,True,3.0,9.0,60.30919999999999,79.50919999999999,True,3.0,18.0,53.66680000000001,72.86680000000001,False,,,0.0,0.0
2023-10-21,24,88.92800000000001,False,,,0.0,0.0,True,4.0,9.0,-2.336799999999993,16.863200000000006,True,4.0,18.0,61.778000000000006,80.97800000000001,False,,,0.0,0.0,True,4.0,19.0,49.192400000000006,68.39240000000001,False,,,0.0,0.0
2023-10-22,24,93.06840000000001,False,,,0.0,0.0,True,13.0,18.0,76.07679999999999,95.2768,True,12.0,18.0,60.276799999999994,79.4768,True,12.0,18.0,60.276799999999994,79.4768,True,13.0,18.0,76.07679999999999,95.2768,False,,,0.0,0.0
2023-10-23,24,64.58879999999999,False,,,0.0,0.0,True,3.0,19.0,24.118,43.318,True,1.0,18.0,32.71480000000001,51.914800000000014,True,1.0,18.0,32.71480000000001,51.914800000000014,True,4.0,19.0,25.497999999999994,44.69799999999999,True,4.0,19.0,25.497999999999994,44.69799999999999
2023-10-24,24,33.08440000000002,False,,,0.0,0.0,True,4.0,8.0,10.792400000000004,29.992400000000004,True,2.0,18.0,24.140400000000003,43.3404,True,2.0,18.0,24.140400000000003,43.3404,True,2.0,8.0,6.522399999999994,25.722399999999993,False,,,0.0,0.0
2023-10-25,24,39.83320000000002,False,,,0.0,0.0,True,3.0,19.0,39.83320000000002,59.03320000000002,True,3.0,8.0,35.380399999999995,54.5804,False,,,0.0,0.0,True,3.0,19.0,39.83320000000002,59.03320000000002,False,,,0.0,0.0
2023-10-26,24,32.670800000000014,False,,,0.0,0.0,True,3.0,19.0,32.670800000000014,51.87080000000002,True,3.0,18.0,32.633999999999986,51.83399999999999,True,3.0,18.0,32.633999999999986,51.83399999999999,True,3.0,19.0,32.670800000000014,51.87080000000002,False,,,0.0,0.0
2023-10-27,24,27.986000000000008,False,,,0.0,0.0,True,3.0,19.0,15.096799999999991,34.29679999999999,True,2.0,9.0,26.17400000000001,45.37400000000001,False,,,0.0,0.0,True,2.0,18.0,14.3244,33.5244,False,,,0.0,0.0
2023-10-28,24,62.84320000000001,False,,,0.0,0.0,True,3.0,8.0,9.234799999999996,28.434799999999996,True,5.0,18.0,48.833200000000005,68.03320000000001,False,,,0.0,0.0,True,14.0,18.0,43.933200000000014,63.133200000000016,False,,,0.0,0.0
2023-10-29,23,58.378,False,,,0.0,0.0,True,2.0,17.0,57.968,77.168,True,10.0,17.0,58.19799999999999,77.398,True,10.0,17.0,58.19799999999999,77.398,True,2.0,17.0,57.968,77.168,False,,,0.0,0.0
2023-10-30,24,130.12,False,,,0.0,0.0,True,5.0,17.0,108.2128,127.4128,True,0.0,17.0,125.3728,144.5728,True,0.0,17.0,125.3728,144.5728,True,0.0,17.0,125.3728,144.5728,False,,,0.0,0.0
2023-10-31,24,77.1068,False,,,0.0,0.0,True,0.0,18.0,53.02680000000001,72.22680000000001,True,4.0,18.0,77.1068,96.30680000000001,True,4.0,18.0,77.1068,96.30680000000001,True,2.0,18.0,67.11680000000001,86.31680000000001,False,,,0.0,0.0
2023-11-01,24,11.31400000000001,False,,,0.0,0.0,True,4.0,18.0,-4.9999999999999964,14.200000000000003,True,3.0,8.0,0.8084000000000024,20.0084,False,,,0.0,0.0,True,3.0,18.0,-6.800000000000001,12.399999999999999,False,,,0.0,0.0
2023-11-02,24,57.504000000000005,False,,,0.0,0.0,True,12.0,17.0,0.6792000000000051,19.879200000000004,True,2.0,18.0,55.534000000000006,74.73400000000001,False,,,0.0,0.0,True,11.0,17.0,-0.350799999999996,18.849200000000003,False,,,0.0,0.0
2023-11-03,24,62.4884,False,,,0.0,0.0,True,3.0,18.0,57.17999999999999,76.38,True,1.0,8.0,56.748400000000004,75.9484,False,,,0.0,0.0,True,1.0,19.0,50.50160000000001,69.70160000000001,False,,,0.0,0.0
2023-11-04,24,11.709200000000003,False,,,0.0,0.0,True,3.0,8.0,-17.427999999999997,1.772000000000002,True,11.0,15.0,4.8748000000000005,24.0748,False,,,0.0,0.0,True,2.0,18.0,-12.399999999999995,6.800000000000004,False,,,0.0,0.0
2023-11-05,24,46.774,False,,,0.0,0.0,True,10.0,17.0,2.2840000000000096,21.48400000000001,True,3.0,16.0,35.86280000000001,55.06280000000001,False,,,0.0,0.0,True,5.0,18.0,39.66640000000001,58.866400000000006,False,,,0.0,0.0
2023-11-06,24,119.6348,False,,,0.0,0.0,True,3.0,17.0,107.31639999999999,126.51639999999999,True,1.0,17.0,107.34639999999999,126.54639999999999,True,1.0,17.0,107.34639999999999,126.54639999999999,True,3.0,17.0,107.31639999999999,126.51639999999999,False,,,0.0,0.0
2023-11-07,24,50.219599999999986,False,,,0.0,0.0,True,2.0,18.0,47.42959999999999,66.6296,True,2.0,17.0,35.89280000000001,55.09280000000001,True,2.0,17.0,35.89280000000001,55.09280000000001,True,4.0,18.0,47.97959999999999,67.1796,False,,,0.0,0.0
2023-11-08,24,35.74280000000002,False,,,0.0,0.0,True,3.0,18.0,35.74280000000002,54.94280000000001,True,2.0,17.0,23.5868,42.7868,False,,,0.0,0.0,True,4.0,18.0,30.962800000000005,50.162800000000004,False,,,0.0,0.0
2023-11-09,24,33.72600000000001,False,,,0.0,0.0,True,3.0,18.0,26.293600000000016,45.493600000000015,True,1.0,18.0,30.763600000000014,49.963600000000014,False,,,0.0,0.0,True,3.0,18.0,26.293600000000016,45.493600000000015,False,,,0.0,0.0
2023-11-10,24,57.652,False,,,0.0,0.0,True,1.0,17.0,46.282,65.482,True,2.0,18.0,51.35199999999999,70.55199999999999,False,,,0.0,0.0,True,0.0,17.0,41.912000000000006,61.11200000000001,False,,,0.0,0.0
2023-11-11,24,22.9892,False,,,0.0,0.0,True,3.0,17.0,15.331600000000012,34.53160000000001,True,3.0,18.0,22.4892,41.6892,False,,,0.0,0.0,True,3.0,18.0,22.4892,41.6892,False,,,0.0,0.0
2023-11-12,24,24.658400000000018,False,,,0.0,0.0,True,4.0,18.0,17.778799999999993,36.97879999999999,True,4.0,18.0,17.778799999999993,36.97879999999999,False,,,0.0,0.0,True,7.0,18.0,15.29879999999999,34.49879999999999,False,,,0.0,0.0
2023-11-13,24,33.62679999999999,False,,,0.0,0.0,True,3.0,17.0,-30.761599999999998,-11.561599999999999,True,0.0,8.0,29.18679999999998,48.38679999999998,False,,,0.0,0.0,True,3.0,17.0,-30.761599999999998,-11.561599999999999,False,,,0.0,0.0
2023-11-14,24,91.1052,False,,,0.0,0.0,True,1.0,8.0,55.3464,74.5464,True,4.0,18.0,91.0652,110.26520000000001,True,4.0,18.0,91.0652,110.26520000000001,True,0.0,8.0,46.32639999999999,65.5264,False,,,0.0,0.0
2023-11-15,24,29.618000000000013,False,,,0.0,0.0,True,3.0,18.0,29.618000000000013,48.81800000000001,True,3.0,18.0,29.618000000000013,48.81800000000001,False,,,0.0,0.0,True,3.0,18.0,29.618000000000013,48.81800000000001,False,,,0.0,0.0
2023-11-16,24,74.5388,False,,,0.0,0.0,True,3.0,18.0,37.61919999999999,56.819199999999995,True,2.0,17.0,73.47879999999999,92.6788,True,2.0,17.0,73.47879999999999,92.6788,True,3.0,17.0,74.5388,93.7388,False,,,0.0,0.0
2023-11-17,24,25.672,False,,,0.0,0.0,True,3.0,17.0,22.654399999999985,41.854399999999984,True,3.0,17.0,22.654399999999985,41.854399999999984,True,3.0,17.0,22.654399999999985,41.854399999999984,True,3.0,17.0,22.654399999999985,41.854399999999984,False,,,0.0,0.0
2023-11-18,24,0.0,False,,,0.0,0.0,True,3.0,18.0,-6.407199999999985,12.792800000000014,True,3.0,9.0,-15.588799999999988,3.611200000000011,False,,,0.0,0.0,True,3.0,18.0,-6.407199999999985,12.792800000000014,False,,,0.0,0.0
2023-11-19,24,76.91600000000001,False,,,0.0,0.0,False,,,0.0,0.0,True,5.0,19.0,76.22439999999999,95.42439999999999,True,5.0,19.0,76.22439999999999,95.42439999999999,False,,,0.0,0.0,False,,,0.0,0.0
2023-11-20,24,56.13000000000001,False,,,0.0,0.0,True,4.0,18.0,44.82159999999999,64.02159999999999,True,2.0,18.0,49.6716,68.8716,True,2.0,18.0,49.6716,68.8716,True,1.0,18.0,46.90159999999999,66.10159999999999,False,,,0.0,0.0
2023-11-21,24,24.8424,False,,,0.0,0.0,True,2.0,17.0,19.8924,39.0924,True,3.0,18.0,20.343600000000013,39.54360000000001,False,,,0.0,0.0,True,2.0,18.0,15.39360000000001,34.59360000000001,False,,,0.0,0.0
2023-11-22,24,28.30879999999998,False,,,0.0,0.0,True,3.0,17.0,11.068000000000016,30.268000000000015,True,1.0,7.0,15.26159999999999,34.46159999999999,False,,,0.0,0.0,True,1.0,17.0,8.05800000000001,27.25800000000001,False,,,0.0,0.0
2023-11-23,24,70.9004,False,,,0.0,0.0,True,3.0,8.0,60.950400000000016,80.15040000000002,True,3.0,8.0,60.950400000000016,80.15040000000002,False,,,0.0,0.0,True,3.0,8.0,60.950400000000016,80.15040000000002,False,,,0.0,0.0
2023-11-24,24,84.36560000000001,False,,,0.0,0.0,True,4.0,8.0,82.91560000000001,102.11560000000001,True,1.0,17.0,64.39240000000001,83.59240000000001,True,1.0,17.0,64.39240000000001,83.59240000000001,True,4.0,8.0,82.91560000000001,102.11560000000001,False,,,0.0,0.0
2023-11-25,24,27.834000000000007,False,,,0.0,0.0,True,1.0,8.0,-6.483199999999993,12.716800000000006,True,0.0,18.0,19.66200000000001,38.86200000000001,False,,,0.0,0.0,True,4.0,18.0,27.742000000000008,46.94200000000001,False,,,0.0,0.0
2023-11-26,24,21.29639999999998,False,,,0.0,0.0,True,4.0,19.0,15.877600000000005,35.077600000000004,True,5.0,17.0,15.305200000000017,34.505200000000016,False,,,0.0,0.0,True,4.0,18.0,21.29639999999998,40.49639999999998,False,,,0.0,0.0
2023-11-27,24,26.280800000000017,False,,,0.0,0.0,True,4.0,18.0,6.252400000000012,25.45240000000001,True,3.0,17.0,6.5476000000000205,25.74760000000002,False,,,0.0,0.0,True,2.0,18.0,4.262400000000003,23.462400000000002,False,,,0.0,0.0
2023-11-28,24,91.0816,False,,,0.0,0.0,True,4.0,8.0,29.377600000000005,48.577600000000004,True,3.0,11.0,43.72,62.92,True,3.0,11.0,43.72,62.92,True,3.0,9.0,43.33360000000002,62.53360000000002,False,,,0.0,0.0
2023-11-29,24,125.89,False,,,0.0,0.0,True,3.0,17.0,124.92,144.12,True,3.0,17.0,124.92,144.12,True,3.0,17.0,124.92,144.12,True,3.0,17.0,124.92,144.12,False,,,0.0,0.0
2023-11-30,24,120.92,False,,,0.0,0.0,True,4.0,17.0,119.29,138.49,True,2.0,17.0,118.72000000000001,137.92000000000002,True,2.0,17.0,118.72000000000001,137.92000000000002,True,3.0,17.0,120.92,140.12,True,3.0,17.0,120.92,140.12
2023-12-01,24,97.15480000000001,False,,,0.0,0.0,True,3.0,17.0,97.15480000000001,116.35480000000001,True,3.0,18.0,68.14720000000001,87.34720000000002,True,3.0,18.0,68.14720000000001,87.34720000000002,True,0.0,17.0,86.12480000000001,105.32480000000001,True,0.0,17.0,86.12480000000001,105.32480000000001
2023-12-02,24,16.33320000000001,False,,,0.0,0.0,True,3.0,17.0,14.42679999999999,33.62679999999999,True,5.0,17.0,15.486799999999992,34.68679999999999,True,5.0,17.0,15.486799999999992,34.68679999999999,True,3.0,17.0,14.42679999999999,33.62679999999999,False,,,0.0,0.0
2023-12-03,24,10.666000000000015,False,,,0.0,0.0,True,5.0,18.0,7.806000000000015,27.006000000000014,True,6.0,17.0,9.608000000000008,28.808000000000007,False,,,0.0,0.0,True,6.0,17.0,9.608000000000008,28.808000000000007,False,,,0.0,0.0
2023-12-04,24,16.326399999999996,False,,,0.0,0.0,True,6.0,18.0,-8.640399999999996,10.559600000000003,True,3.0,16.0,7.908400000000004,27.108400000000003,False,,,0.0,0.0,True,4.0,17.0,12.500000000000004,31.700000000000003,False,,,0.0,0.0
2023-12-05,24,32.8524,False,,,0.0,0.0,True,3.0,13.0,6.227599999999999,25.427599999999998,True,3.0,17.0,31.408000000000005,50.608000000000004,True,3.0,17.0,31.408000000000005,50.608000000000004,True,3.0,17.0,31.408000000000005,50.608000000000004,False,,,0.0,0.0
2023-12-06,24,54.03439999999999,False,,,0.0,0.0,True,3.0,18.0,41.89760000000001,61.097600000000014,True,2.0,17.0,52.0544,71.2544,True,2.0,17.0,52.0544,71.2544,True,3.0,17.0,53.6644,72.8644,False,,,0.0,0.0
2023-12-07,24,28.88,False,,,0.0,0.0,True,4.0,17.0,9.182800000000004,28.382800000000003,True,3.0,9.0,15.673999999999996,34.873999999999995,True,3.0,9.0,15.673999999999996,34.873999999999995,True,3.0,17.0,7.292800000000003,26.492800000000003,False,,,0.0,0.0
2023-12-08,24,10.530000000000005,False,,,0.0,0.0,True,4.0,8.0,4.438000000000006,23.638000000000005,True,3.0,17.0,9.8308,29.0308,True,3.0,17.0,9.8308,29.0308,True,4.0,8.0,4.438000000000006,23.638000000000005,False,,,0.0,0.0
2023-12-09,24,0.0,False,,,0.0,0.0,True,3.0,10.0,-8.540799999999987,10.659200000000013,False,,,0.0,0.0,False,,,0.0,0.0,False,,,0.0,0.0,False,,,0.0,0.0
2023-12-10,24,53.396400000000014,False,,,0.0,0.0,False,,,0.0,0.0,True,3.0,18.0,53.396400000000014,72.59640000000002,True,3.0,18.0,53.396400000000014,72.59640000000002,False,,,0.0,0.0,False,,,0.0,0.0
2023-12-11,24,85.0088,False,,,0.0,0.0,True,3.0,18.0,85.0088,104.2088,True,2.0,18.0,80.9088,100.1088,True,2.0,18.0,80.9088,100.1088,True,3.0,18.0,85.0088,104.2088,False,,,0.0,0.0
2023-12-12,24,31.00360000000001,False,,,0.0,0.0,True,3.0,18.0,-7.0199999999999925,12.180000000000007,True,0.0,9.0,14.134800000000002,33.3348,False,,,0.0,0.0,True,3.0,18.0,-7.0199999999999925,12.180000000000007,False,,,0.0,0.0
2023-12-13,24,10.708000000000002,False,,,0.0,0.0,True,3.0,8.0,0.2936000000000014,19.4936,True,3.0,8.0,0.2936000000000014,19.4936,False,,,0.0,0.0,True,3.0,8.0,0.2936000000000014,19.4936,False,,,0.0,0.0
2023-12-14,24,24.780800000000017,False,,,0.0,0.0,True,3.0,17.0,21.305600000000016,40.505600000000015,True,3.0,9.0,18.573200000000003,37.7732,False,,,0.0,0.0,True,3.0,8.0,23.80800000000001,43.00800000000001,False,,,0.0,0.0
2023-12-15,24,17.420000000000005,False,,,0.0,0.0,True,1.0,15.0,-19.458800000000007,-0.2588000000000079,True,3.0,8.0,16.030000000000005,35.230000000000004,False,,,0.0,0.0,True,3.0,8.0,16.030000000000005,35.230000000000004,False,,,0.0,0.0
2023-12-16,24,7.770400000000006,False,,,0.0,0.0,True,4.0,8.0,0.1988000000000021,19.3988,True,4.0,17.0,7.273599999999998,26.473599999999998,False,,,0.0,0.0,False,,,0.0,0.0,False,,,0.0,0.0
2023-12-17,24,24.911199999999997,False,,,0.0,0.0,True,4.0,18.0,22.2156,41.4156,True,3.0,17.0,22.591200000000004,41.7912,False,,,0.0,0.0,True,5.0,18.0,18.7156,37.9156,False,,,0.0,0.0
2023-12-18,24,32.270799999999994,False,,,0.0,0.0,True,4.0,17.0,24.212400000000006,43.412400000000005,True,2.0,17.0,26.872400000000003,46.0724,False,,,0.0,0.0,True,4.0,18.0,23.099200000000014,42.29920000000001,False,,,0.0,0.0
2023-12-19,24,27.831999999999997,False,,,0.0,0.0,True,3.0,8.0,17.172,36.372,True,2.0,8.0,27.831999999999997,47.032,True,2.0,8.0,27.831999999999997,47.032,True,2.0,8.0,27.831999999999997,47.032,False,,,0.0,0.0
2023-12-20,24,24.582799999999995,False,,,0.0,0.0,True,2.0,8.0,-0.10439999999999472,19.095600000000005,True,4.0,17.0,23.1108,42.3108,False,,,0.0,0.0,True,2.0,7.0,-4.676800000000004,14.523199999999996,False,,,0.0,0.0
2023-12-21,24,25.773200000000006,False,,,0.0,0.0,True,4.0,19.0,25.340800000000005,44.540800000000004,True,5.0,8.0,25.51320000000001,44.71320000000001,False,,,0.0,0.0,True,1.0,18.0,-8.087199999999992,11.112800000000007,False,,,0.0,0.0
2023-12-22,24,27.381200000000003,False,,,0.0,0.0,True,4.0,8.0,17.6016,36.8016,True,0.0,18.0,27.121200000000005,46.321200000000005,True,0.0,18.0,27.121200000000005,46.321200000000005,False,,,0.0,0.0,False,,,0.0,0.0
2023-12-23,24,43.49040000000001,False,,,0.0,0.0,True,4.0,18.0,41.944,61.144000000000005,True,0.0,18.0,41.894000000000005,61.09400000000001,False,,,0.0,0.0,True,6.0,18.0,41.834,61.034000000000006,False,,,0.0,0.0
2023-12-24,24,0.0,False,,,0.0,0.0,True,3.0,17.0,-20.4012,-1.2011999999999998,False,,,0.0,0.0,False,,,0.0,0.0,True,5.0,18.0,-19.363599999999998,-0.16360000000000063,False,,,0.0,0.0
2023-12-25,24,12.588400000000004,False,,,0.0,0.0,False,,,0.0,0.0,True,7.0,18.0,3.465600000000002,22.6656,False,,,0.0,0.0,True,2.0,19.0,4.775200000000002,23.9752,False,,,0.0,0.0
2023-12-26,24,33.85719999999999,False,,,0.0,0.0,True,4.0,17.0,33.24080000000001,52.4408,True,13.0,22.0,23.699600000000007,42.89960000000001,False,,,0.0,0.0,False,,,0.0,0.0,False,,,0.0,0.0
2023-12-27,24,15.56160000000001,False,,,0.0,0.0,True,4.0,18.0,-0.5680000000000014,18.631999999999998,True,0.0,8.0,15.56160000000001,34.76160000000001,False,,,0.0,0.0,True,4.0,17.0,4.924399999999988,24.124399999999987,False,,,0.0,0.0
2023-12-28,24,25.313599999999997,False,,,0.0,0.0,True,0.0,8.0,15.96400000000001,35.16400000000001,True,2.0,16.0,19.342800000000008,38.54280000000001,False,,,0.0,0.0,True,0.0,17.0,23.9036,43.1036,False,,,0.0,0.0
2023-12-29,24,6.212800000000001,False,,,0.0,0.0,True,2.0,17.0,4.190400000000004,23.390400000000003,True,0.0,18.0,5.262800000000002,24.4628,False,,,0.0,0.0,True,0.0,18.0,5.262800000000002,24.4628,False,,,0.0,0.0
2023-12-30,24,51.75880000000001,False,,,0.0,0.0,True,4.0,18.0,48.650800000000004,67.8508,True,5.0,17.0,47.0188,66.2188,False,,,0.0,0.0,True,7.0,18.0,33.5308,52.7308,False,,,0.0,0.0
2023-12-31,24,4.7500000000000036,False,,,0.0,0.0,True,1.0,17.0,-8.549999999999997,10.650000000000002,True,13.0,18.0,-3.431199999999997,15.768800000000002,False,,,0.0,0.0,True,7.0,18.0,2.348800000000004,21.548800000000004,False,,,0.0,0.0
2024-01-01,24,34.209999999999994,False,,,0.0,0.0,True,7.0,17.0,26.755600000000005,45.955600000000004,True,3.0,18.0,34.17,53.37,False,,,0.0,0.0,True,7.0,17.0,26.755600000000005,45.955600000000004,False,,,0.0,0.0
2024-01-02,24,46.50319999999999,False,,,0.0,0.0,True,6.0,18.0,2.124000000000006,21.324000000000005,True,4.0,18.0,38.67400000000001,57.87400000000001,False,,,0.0,0.0,True,2.0,19.0,7.895600000000005,27.095600000000005,False,,,0.0,0.0
2024-01-03,24,58.5124,False,,,0.0,0.0,True,4.0,16.0,49.81280000000001,69.01280000000001,True,4.0,18.0,58.442400000000006,77.64240000000001,False,,,0.0,0.0,True,3.0,16.0,49.81280000000001,69.01280000000001,False,,,0.0,0.0
2024-01-04,24,88.398,False,,,0.0,0.0,True,5.0,18.0,56.14800000000001,75.34800000000001,True,3.0,18.0,88.398,107.598,False,,,0.0,0.0,True,1.0,18.0,63.41799999999999,82.618,False,,,0.0,0.0
2024-01-05,24,7.364000000000008,False,,,0.0,0.0,True,3.0,18.0,7.364000000000008,26.564000000000007,True,4.0,18.0,6.5240000000000045,25.724000000000004,False,,,0.0,0.0,True,3.0,18.0,7.364000000000008,26.564000000000007,False,,,0.0,0.0
2024-01-06,24,3.718399999999992,False,,,0.0,0.0,True,3.0,18.0,3.1296,22.3296,True,4.0,18.0,3.1296,22.3296,False,,,0.0,0.0,False,,,0.0,0.0,False,,,0.0,0.0
2024-01-07,24,5.402000000000005,False,,,0.0,0.0,True,3.0,17.0,0.9684000000000061,20.168400000000005,True,4.0,18.0,5.402000000000005,24.602000000000004,False,,,0.0,0.0,True,6.0,18.0,2.3619999999999983,21.561999999999998,False,,,0.0,0.0
2024-01-08,24,21.929199999999998,False,,,0.0,0.0,True,4.0,18.0,21.929199999999998,41.1292,True,3.0,18.0,21.299200000000003,40.4992,False,,,0.0,0.0,True,4.0,17.0,21.119599999999995,40.319599999999994,False,,,0.0,0.0
2024-01-09,24,23.47280000000001,False,,,0.0,0.0,True,4.0,18.0,21.856000000000012,41.05600000000001,True,2.0,17.0,22.61280000000001,41.81280000000001,False,,,0.0,0.0,True,3.0,18.0,23.43600000000001,42.63600000000001,False,,,0.0,0.0
2024-01-10,24,26.996799999999997,False,,,0.0,0.0,True,3.0,17.0,26.996799999999997,46.196799999999996,True,4.0,17.0,26.786800000000003,45.9868,False,,,0.0,0.0,True,1.0,17.0,26.326799999999995,45.526799999999994,False,,,0.0,0.0
2024-01-11,24,36.932800000000015,False,,,0.0,0.0,True,3.0,17.0,36.50280000000002,55.702800000000025,True,4.0,18.0,24.6048,43.8048,False,,,0.0,0.0,True,0.0,18.0,14.804800000000004,34.0048,False,,,0.0,0.0
2024-01-12,24,25.940800000000014,False,,,0.0,0.0,True,4.0,17.0,13.760000000000009,32.96000000000001,True,3.0,17.0,13.470000000000017,32.670000000000016,False,,,0.0,0.0,True,3.0,17.0,13.470000000000017,32.670000000000016,False,,,0.0,0.0
2024-01-13,24,0.0,False,,,0.0,0.0,True,4.0,8.0,-15.760799999999985,3.439200000000014,False,,,0.0,0.0,False,,,0.0,0.0,True,6.0,18.0,-27.554799999999982,-8.354799999999983,False,,,0.0,0.0
2024-01-14,24,7.902400000000004,False,,,0.0,0.0,False,,,0.0,0.0,True,3.0,18.0,6.002399999999998,25.202399999999997,False,,,0.0,0.0,True,13.0,18.0,-7.027600000000003,12.172399999999996,False,,,0.0,0.0
2024-01-15,24,22.535999999999998,False,,,0.0,0.0,True,1.0,18.0,19.575999999999997,38.775999999999996,True,2.0,18.0,20.636,39.836,True,2.0,18.0,20.636,39.836,True,0.0,18.0,16.67599999999999,35.87599999999999,False,,,0.0,0.0
2024-01-16,24,36.41120000000002,False,,,0.0,0.0,True,3.0,18.0,19.73520000000001,38.93520000000001,True,3.0,18.0,19.73520000000001,38.93520000000001,False,,,0.0,0.0,True,2.0,18.0,18.005200000000006,37.205200000000005,False,,,0.0,0.0
2024-01-17,24,40.6084,False,,,0.0,0.0,True,4.0,8.0,0.11000000000000298,19.310000000000002,True,3.0,18.0,24.762800000000016,43.962800000000016,False,,,0.0,0.0,True,4.0,8.0,0.11000000000000298,19.310000000000002,False,,,0.0,0.0
2024-01-18,24,21.708800000000014,False,,,0.0,0.0,True,4.0,17.0,-0.46439999999997994,18.73560000000002,True,3.0,17.0,2.1956000000000166,21.395600000000016,False,,,0.0,0.0,True,2.0,17.0,1.815600000000007,21.015600000000006,False,,,0.0,0.0
2024-01-19,24,13.968399999999999,False,,,0.0,0.0,True,3.0,8.0,13.968399999999999,33.1684,True,3.0,8.0,13.968399999999999,33.1684,False,,,0.0,0.0,True,2.0,8.0,11.098400000000002,30.2984,False,,,0.0,0.0
2024-01-20,24,10.93040000000001,False,,,0.0,0.0,True,3.0,8.0,-12.185599999999997,7.014400000000002,True,3.0,18.0,10.86040000000001,30.06040000000001,False,,,0.0,0.0,False,,,0.0,0.0,False,,,0.0,0.0
2024-01-21,24,0.0,False,,,0.0,0.0,True,5.0,18.0,-10.115999999999996,9.084000000000003,True,13.0,18.0,-0.355999999999991,18.84400000000001,False,,,0.0,0.0,True,7.0,18.0,-6.625999999999994,12.574000000000005,False,,,0.0,0.0
2024-01-22,24,46.92199999999998,False,,,0.0,0.0,False,,,0.0,0.0,True,3.0,18.0,46.92199999999998,66.12199999999999,True,3.0,18.0,46.92199999999998,66.12199999999999,True,3.0,18.0,46.92199999999998,66.12199999999999,False,,,0.0,0.0
2024-01-23,24,54.3792,False,,,0.0,0.0,True,3.0,18.0,54.3792,73.5792,True,3.0,18.0,54.3792,73.5792,True,3.0,18.0,54.3792,73.5792,True,3.0,18.0,54.3792,73.5792,False,,,0.0,0.0
2024-01-24,24,35.5132,False,,,0.0,0.0,True,3.0,18.0,34.264399999999995,53.4644,True,3.0,18.0,34.264399999999995,53.4644,False,,,0.0,0.0,True,3.0,17.0,35.083200000000005,54.28320000000001,False,,,0.0,0.0
2024-01-25,24,50.9696,False,,,0.0,0.0,True,4.0,17.0,48.089600000000004,67.28960000000001,True,2.0,17.0,50.9696,70.1696,True,2.0,17.0,50.9696,70.1696,True,3.0,8.0,20.40040000000001,39.60040000000001,False,,,0.0,0.0
2024-01-26,24,0.0,False,,,0.0,0.0,True,2.0,17.0,-21.845999999999993,-2.6459999999999937,True,14.0,18.0,-14.429999999999996,4.770000000000003,False,,,0.0,0.0,True,2.0,17.0,-21.845999999999993,-2.6459999999999937,False,,,0.0,0.0
2024-01-27,24,15.193999999999999,False,,,0.0,0.0,False,,,0.0,0.0,True,3.0,17.0,11.650400000000008,30.850400000000008,False,,,0.0,0.0,False,,,0.0,0.0,False,,,0.0,0.0
2024-01-28,24,12.322800000000004,False,,,0.0,0.0,True,13.0,18.0,6.8856,26.0856,True,12.0,17.0,10.83280000000001,30.03280000000001,False,,,0.0,0.0,True,13.0,18.0,6.8856,26.0856,False,,,0.0,0.0
2024-01-29,24,50.76640000000002,False,,,0.0,0.0,True,13.0,17.0,23.036400000000018,42.23640000000002,True,1.0,17.0,50.76640000000002,69.96640000000002,False,,,0.0,0.0,True,1.0,18.0,41.456,60.656,False,,,0.0,0.0
2024-01-30,24,4.911599999999996,False,,,0.0,0.0,True,1.0,17.0,-6.873600000000007,12.326399999999992,True,3.0,17.0,-5.523599999999998,13.676400000000001,False,,,0.0,0.0,True,2.0,17.0,-7.453600000000005,11.746399999999994,False,,,0.0,0.0
2024-01-31,24,21.995600000000014,False,,,0.0,0.0,True,4.0,18.0,-8.50239999999999,10.697600000000008,True,1.0,8.0,20.945600000000017,40.145600000000016,False,,,0.0,0.0,True,2.0,18.0,-10.25239999999999,8.947600000000008,False,,,0.0,0.0
2024-02-01,24,29.73880000000001,False,,,0.0,0.0,True,4.0,8.0,18.990000000000013,38.19000000000001,True,1.0,17.0,23.9612,43.1612,True,1.0,17.0,23.9612,43.1612,True,2.0,8.0,23.740000000000013,42.94000000000001,False,,,0.0,0.0
2024-02-02,24,9.744399999999995,False,,,0.0,0.0,True,1.0,19.0,-20.867199999999993,-1.667199999999994,True,3.0,8.0,8.284399999999994,27.484399999999994,False,,,0.0,0.0,True,3.0,8.0,8.284399999999994,27.484399999999994,False,,,0.0,0.0
2024-02-03,24,37.154399999999995,False,,,0.0,0.0,True,4.0,8.0,14.5808,33.7808,True,4.0,18.0,35.3544,54.554399999999994,False,,,0.0,0.0,True,14.0,18.0,3.144399999999994,22.344399999999993,False,,,0.0,0.0
2024-02-04,24,23.1292,False,,,0.0,0.0,True,2.0,18.0,19.899200000000004,39.0992,True,13.0,18.0,18.509200000000003,37.7092,False,,,0.0,0.0,True,6.0,18.0,23.1292,42.3292,False,,,0.0,0.0
2024-02-05,24,44.20760000000001,False,,,0.0,0.0,True,4.0,18.0,44.1276,63.327600000000004,True,1.0,17.0,43.8224,63.022400000000005,True,1.0,17.0,43.8224,63.022400000000005,True,4.0,17.0,43.8424,63.0424,False,,,0.0,0.0
2024-02-06,24,41.5672,False,,,0.0,0.0,True,3.0,18.0,34.73320000000001,53.93320000000001,True,3.0,8.0,34.769999999999996,53.97,False,,,0.0,0.0,True,1.0,18.0,10.153200000000009,29.353200000000008,False,,,0.0,0.0
2024-02-07,24,71.97240000000001,False,,,0.0,0.0,True,4.0,7.0,6.066400000000005,25.266400000000004,True,0.0,18.0,64.9524,84.1524,True,0.0,18.0,64.9524,84.1524,True,2.0,7.0,26.386400000000005,45.586400000000005,False,,,0.0,0.0
2024-02-08,24,31.148,False,,,0.0,0.0,True,2.0,18.0,-4.253600000000002,14.946399999999997,True,1.0,18.0,-5.303599999999999,13.8964,True,1.0,18.0,-5.303599999999999,13.8964,True,2.0,18.0,-4.253600000000002,14.946399999999997,True,2.0,18.0,-4.253600000000002,14.946399999999997
2024-02-09,24,18.654000000000007,False,,,0.0,0.0,True,2.0,8.0,-10.420400000000004,8.779599999999995,True,4.0,8.0,-4.640400000000003,14.559599999999996,False,,,0.0,0.0,True,2.0,8.0,-10.420400000000004,8.779599999999995,False,,,0.0,0.0
2024-02-10,24,0.0,False,,,0.0,0.0,True,4.0,17.0,-1.7759999999999927,17.424000000000007,True,4.0,18.0,-2.999599999999983,16.200400000000016,False,,,0.0,0.0,True,5.0,18.0,-4.40959999999998,14.79040000000002,False,,,0.0,0.0
2024-02-11,24,11.4408,False,,,0.0,0.0,False,,,0.0,0.0,True,5.0,18.0,8.8308,28.0308,False,,,0.0,0.0,True,5.0,18.0,8.8308,28.0308,False,,,0.0,0.0
2024-02-12,24,17.270000000000007,False,,,0.0,0.0,True,4.0,18.0,9.910000000000007,29.110000000000007,True,4.0,18.0,9.910000000000007,29.110000000000007,False,,,0.0,0.0,True,4.0,18.0,9.910000000000007,29.110000000000007,False,,,0.0,0.0
2024-02-13,24,12.6296,False,,,0.0,0.0,True,4.0,8.0,2.7119999999999926,21.911999999999992,True,4.0,18.0,12.6296,31.8296,False,,,0.0,0.0,True,3.0,8.0,2.281999999999993,21.481999999999992,False,,,0.0,0.0
2024-02-14,24,6.583600000000001,False,,,0.0,0.0,True,4.0,18.0,6.313599999999997,25.513599999999997,True,2.0,18.0,5.613600000000002,24.8136,False,,,0.0,0.0,True,1.0,18.0,2.0335999999999963,21.233599999999996,False,,,0.0,0.0
2024-02-15,24,1.090000000000007,False,,,0.0,0.0,True,3.0,18.0,1.007200000000001,20.2072,True,3.0,18.0,1.007200000000001,20.2072,False,,,0.0,0.0,True,2.0,8.0,-3.443599999999986,15.756400000000014,False,,,0.0,0.0
2024-02-16,24,3.2163999999999966,False,,,0.0,0.0,True,3.0,17.0,-1.2363999999999997,17.9636,True,3.0,18.0,3.2163999999999966,22.416399999999996,False,,,0.0,0.0,True,3.0,18.0,3.2163999999999966,22.416399999999996,False,,,0.0,0.0
2024-02-17,24,27.435200000000005,False,,,0.0,0.0,True,3.0,18.0,27.395200000000006,46.595200000000006,True,4.0,18.0,27.435200000000005,46.635200000000005,False,,,0.0,0.0,True,14.0,18.0,22.9652,42.1652,False,,,0.0,0.0
2024-02-18,24,8.6872,False,,,0.0,0.0,True,4.0,18.0,-1.6227999999999945,17.577200000000005,True,11.0,18.0,7.567200000000003,26.767200000000003,False,,,0.0,0.0,True,6.0,18.0,2.5472,21.7472,False,,,0.0,0.0
2024-02-19,24,27.59800000000001,False,,,0.0,0.0,True,13.0,18.0,9.648000000000007,28.848000000000006,True,2.0,18.0,26.428000000000008,45.62800000000001,False,,,0.0,0.0,True,2.0,18.0,26.428000000000008,45.62800000000001,False,,,0.0,0.0
2024-02-20,24,11.428800000000006,False,,,0.0,0.0,True,1.0,18.0,-7.970000000000002,11.229999999999997,True,3.0,18.0,-7.129999999999999,12.07,False,,,0.0,0.0,True,3.0,18.0,-7.129999999999999,12.07,False,,,0.0,0.0
2024-02-21,24,14.331200000000006,False,,,0.0,0.0,True,4.0,8.0,13.711200000000009,32.91120000000001,True,3.0,8.0,14.331200000000006,33.531200000000005,False,,,0.0,0.0,True,3.0,8.0,14.331200000000006,33.531200000000005,False,,,0.0,0.0
2024-02-22,24,29.1472,False,,,0.0,0.0,True,3.0,8.0,28.207200000000004,47.4072,True,2.0,8.0,29.087200000000006,48.287200000000006,True,2.0,8.0,29.087200000000006,48.287200000000006,True,3.0,8.0,28.207200000000004,47.4072,False,,,0.0,0.0
2024-02-23,24,60.3048,False,,,0.0,0.0,True,1.0,8.0,34.33200000000001,53.532000000000004,True,1.0,8.0,34.33200000000001,53.532000000000004,True,1.0,8.0,34.33200000000001,53.532000000000004,True,2.0,8.0,34.212,53.412000000000006,False,,,0.0,0.0
2024-02-24,24,22.18000000000001,False,,,0.0,0.0,True,4.0,18.0,-0.9899999999999913,18.210000000000008,True,13.0,18.0,22.18000000000001,41.38000000000001,True,13.0,18.0,22.18000000000001,41.38000000000001,True,4.0,18.0,-0.9899999999999913,18.210000000000008,False,,,0.0,0.0
2024-02-25,24,20.9648,False,,,0.0,0.0,True,13.0,18.0,20.9648,40.1648,True,13.0,18.0,20.9648,40.1648,False,,,0.0,0.0,True,13.0,18.0,20.9648,40.1648,False,,,0.0,0.0
2024-02-26,24,7.494400000000002,False,,,0.0,0.0,True,13.0,18.0,1.1044000000000018,20.3044,True,3.0,18.0,7.494400000000002,26.6944,False,,,0.0,0.0,True,1.0,18.0,2.4743999999999993,21.6744,False,,,0.0,0.0
2024-02-27,24,26.786000000000012,False,,,0.0,0.0,True,3.0,18.0,26.786000000000012,45.98600000000001,True,3.0,18.0,26.786000000000012,45.98600000000001,False,,,0.0,0.0,True,3.0,8.0,12.047600000000013,31.247600000000013,False,,,0.0,0.0
2024-02-28,24,17.530799999999996,False,,,0.0,0.0,True,3.0,18.0,3.120799999999999,22.3208,True,3.0,18.0,3.120799999999999,22.3208,False,,,0.0,0.0,True,0.0,18.0,6.2208000000000006,25.4208,False,,,0.0,0.0
2024-02-29,24,13.1292,False,,,0.0,0.0,True,1.0,8.0,-4.551199999999991,14.648800000000008,True,3.0,18.0,13.1292,32.3292,False,,,0.0,0.0,True,1.0,8.0,-4.551199999999991,14.648800000000008,False,,,0.0,0.0
2024-03-01,24,9.201600000000017,False,,,0.0,0.0,True,3.0,18.0,9.201600000000017,28.401600000000016,True,1.0,18.0,5.6116000000000135,24.811600000000013,False,,,0.0,0.0,True,1.0,18.0,5.6116000000000135,24.811600000000013,False,,,0.0,0.0
2024-03-02,24,12.031999999999993,False,,,0.0,0.0,True,3.0,18.0,11.431999999999999,30.631999999999998,True,13.0,18.0,12.011999999999997,31.211999999999996,False,,,0.0,0.0,True,13.0,18.0,12.011999999999997,31.211999999999996,False,,,0.0,0.0
2024-03-03,24,18.293199999999995,False,,,0.0,0.0,True,4.0,18.0,3.101199999999995,22.301199999999994,True,13.0,18.0,15.9012,35.1012,True,13.0,18.0,15.9012,35.1012,True,13.0,18.0,15.9012,35.1012,False,,,0.0,0.0
2024-03-04,24,16.465600000000006,False,,,0.0,0.0,True,13.0,19.0,10.899600000000003,30.099600000000002,True,1.0,18.0,9.665600000000001,28.8656,False,,,0.0,0.0,True,1.0,18.0,9.665600000000001,28.8656,False,,,0.0,0.0
2024-03-05,24,24.890800000000002,False,,,0.0,0.0,True,13.0,18.0,10.999600000000004,30.199600000000004,True,3.0,18.0,16.969600000000003,36.1696,False,,,0.0,0.0,True,4.0,18.0,16.2696,35.4696,False,,,0.0,0.0
2024-03-06,24,21.52359999999999,False,,,0.0,0.0,True,3.0,19.0,20.770000000000014,39.97000000000001,True,0.0,18.0,19.813599999999997,39.0136,False,,,0.0,0.0,True,0.0,18.0,19.813599999999997,39.0136,False,,,0.0,0.0
2024-03-07,24,17.793199999999995,False,,,0.0,0.0,True,13.0,18.0,17.793199999999995,36.993199999999995,True,2.0,18.0,7.71319999999999,26.91319999999999,False,,,0.0,0.0,True,14.0,19.0,0.54600000000001,19.74600000000001,False,,,0.0,0.0
2024-03-08,24,53.599199999999996,False,,,0.0,0.0,True,13.0,18.0,53.599199999999996,72.7992,True,13.0,18.0,53.599199999999996,72.7992,True,13.0,18.0,53.599199999999996,72.7992,True,13.0,18.0,53.599199999999996,72.7992,False,,,0.0,0.0
2024-03-09,24,57.5984,False,,,0.0,0.0,True,13.0,18.0,57.5984,76.7984,True,13.0,18.0,57.5984,76.7984,True,13.0,18.0,57.5984,76.7984,True,13.0,18.0,57.5984,76.7984,False,,,0.0,0.0
2024-03-10,24,51.82199999999999,False,,,0.0,0.0,True,13.0,18.0,51.82199999999999,71.02199999999999,True,12.0,18.0,50.081999999999994,69.282,True,11.0,18.0,41.94199999999999,61.141999999999996,True,14.0,18.0,42.35199999999999,61.55199999999999,True,14.0,18.0,42.35199999999999,61.55199999999999
2024-03-11,24,31.239200000000007,False,,,0.0,0.0,True,13.0,18.0,7.194000000000006,26.394000000000005,True,1.0,18.0,24.114000000000008,43.31400000000001,True,1.0,18.0,24.114000000000008,43.31400000000001,True,13.0,18.0,7.194000000000006,26.394000000000005,False,,,0.0,0.0
2024-03-12,24,39.726399999999984,False,,,0.0,0.0,True,0.0,19.0,26.2144,45.4144,True,3.0,19.0,30.204399999999996,49.404399999999995,False,,,0.0,0.0,True,4.0,19.0,28.8244,48.0244,False,,,0.0,0.0
2024-03-13,24,9.406000000000002,False,,,0.0,0.0,True,3.0,18.0,9.406000000000002,28.606,True,3.0,18.0,9.406000000000002,28.606,False,,,0.0,0.0,True,1.0,18.0,8.476000000000003,27.676000000000002,False,,,0.0,0.0
2024-03-14,24,37.22840000000001,False,,,0.0,0.0,True,3.0,18.0,29.388400000000008,48.58840000000001,True,13.0,18.0,37.22840000000001,56.42840000000001,False,,,0.0,0.0,True,13.0,18.0,37.22840000000001,56.42840000000001,False,,,0.0,0.0
2024-03-15,24,24.880800000000004,False,,,0.0,0.0,True,13.0,18.0,19.397600000000008,38.59760000000001,True,12.0,18.0,17.9276,37.1276,True,12.0,18.0,17.9276,37.1276,True,14.0,18.0,11.337600000000005,30.537600000000005,False,,,0.0,0.0
2024-03-16,24,50.13520000000001,False,,,0.0,0.0,True,13.0,19.0,40.10520000000001,59.30520000000001,True,14.0,19.0,50.13520000000001,69.33520000000001,True,14.0,19.0,50.13520000000001,69.33520000000001,True,13.0,18.0,34.934799999999996,54.1348,False,,,0.0,0.0
2024-03-17,24,27.41520000000001,False,,,0.0,0.0,True,14.0,19.0,13.96680000000001,33.16680000000001,True,13.0,18.0,27.41520000000001,46.61520000000001,False,,,0.0,0.0,True,14.0,19.0,13.96680000000001,33.16680000000001,True,14.0,19.0,13.96680000000001,33.16680000000001
2024-03-18,24,57.7132,False,,,0.0,0.0,True,13.0,18.0,46.553200000000004,65.7532,True,2.0,19.0,38.8976,58.0976,False,,,0.0,0.0,True,2.0,18.0,56.5432,75.7432,False,,,0.0,0.0
2024-03-19,24,47.23639999999999,False,,,0.0,0.0,True,1.0,18.0,30.466399999999997,49.666399999999996,True,3.0,18.0,30.156399999999994,49.356399999999994,True,3.0,18.0,30.156399999999994,49.356399999999994,True,1.0,18.0,30.466399999999997,49.666399999999996,True,1.0,18.0,30.466399999999997,49.666399999999996
2024-03-20,24,74.4268,False,,,0.0,0.0,True,12.0,18.0,74.4268,93.6268,True,12.0,18.0,74.4268,93.6268,True,12.0,18.0,74.4268,93.6268,True,13.0,18.0,71.9068,91.1068,False,,,0.0,0.0
2024-03-21,24,37.7996,False,,,0.0,0.0,True,12.0,18.0,33.11959999999999,52.319599999999994,True,13.0,18.0,37.7996,56.999599999999994,True,13.0,18.0,37.7996,56.999599999999994,True,13.0,19.0,33.86200000000001,53.062000000000005,True,13.0,19.0,33.86200000000001,53.062000000000005
2024-03-22,24,42.97280000000001,False,,,0.0,0.0,True,13.0,18.0,41.17280000000001,60.372800000000005,True,12.0,18.0,42.90280000000001,62.10280000000001,True,12.0,18.0,42.90280000000001,62.10280000000001,True,13.0,18.0,41.17280000000001,60.372800000000005,True,13.0,18.0,41.17280000000001,60.372800000000005
2024-03-23,24,53.73280000000001,False,,,0.0,0.0,True,2.0,18.0,-20.63719999999999,-1.43719999999999,True,14.0,19.0,52.86800000000001,72.06800000000001,True,14.0,19.0,52.86800000000001,72.06800000000001,True,14.0,19.0,52.86800000000001,72.06800000000001,True,14.0,18.0,53.73280000000001,72.93280000000001
2024-03-24,24,49.8,False,,,0.0,0.0,True,14.0,18.0,49.8,69.0,True,13.0,18.0,49.8,69.0,True,13.0,18.0,49.8,69.0,True,15.0,18.0,49.8,69.0,True,15.0,18.0,49.8,69.0
2024-03-25,24,79.67399999999999,False,,,0.0,0.0,True,8.0,18.0,41.84399999999998,61.04399999999998,True,0.0,18.0,79.014,98.214,True,0.0,18.0,79.014,98.214,True,1.0,18.0,79.234,98.434,True,1.0,18.0,79.234,98.434
2024-03-26,24,62.0,False,,,0.0,0.0,True,12.0,18.0,62.0,81.2,True,12.0,18.0,62.0,81.2,True,12.0,18.0,62.0,81.2,True,2.0,18.0,4.580000000000002,23.78,True,2.0,18.0,4.580000000000002,23.78
2024-03-27,24,39.5656,False,,,0.0,0.0,True,12.0,18.0,38.99560000000001,58.19560000000001,True,12.0,18.0,38.99560000000001,58.19560000000001,False,,,0.0,0.0,True,12.0,18.0,38.99560000000001,58.19560000000001,True,12.0,18.0,38.99560000000001,58.19560000000001
2024-03-28,24,48.8124,False,,,0.0,0.0,True,1.0,18.0,-23.747599999999988,-4.5475999999999885,True,14.0,19.0,45.463599999999985,64.66359999999999,True,14.0,19.0,45.463599999999985,64.66359999999999,True,12.0,18.0,42.11240000000001,61.312400000000004,False,,,0.0,0.0
2024-03-29,24,67.95400000000001,False,,,0.0,0.0,True,14.0,18.0,61.172399999999996,80.3724,True,2.0,18.0,62.18239999999999,81.38239999999999,True,2.0,18.0,62.18239999999999,81.38239999999999,True,14.0,19.0,64.37400000000001,83.57400000000001,False,,,0.0,0.0
2024-03-30,24,55.0112,False,,,0.0,0.0,True,13.0,19.0,50.7976,69.9976,True,12.0,18.0,47.10119999999999,66.3012,True,12.0,18.0,47.10119999999999,66.3012,True,14.0,19.0,41.77760000000001,60.9776,True,14.0,19.0,41.77760000000001,60.9776
2024-03-31,23,87.6768,False,,,0.0,0.0,True,13.0,18.0,87.6768,106.8768,True,12.0,18.0,85.6468,104.8468,True,12.0,18.0,85.6468,104.8468,True,13.0,19.0,56.7924,75.9924,True,13.0,19.0,56.7924,75.9924
2024-04-01,24,26.6996,False,,,0.0,0.0,True,14.0,19.0,25.457600000000003,44.6576,True,15.0,19.0,25.457600000000003,44.6576,False,,,0.0,0.0,True,14.0,19.0,25.457600000000003,44.6576,True,14.0,19.0,25.457600000000003,44.6576
2024-04-02,24,69.64880000000001,False,,,0.0,0.0,True,14.0,20.0,68.15959999999998,87.35959999999999,True,15.0,19.0,68.5588,87.75880000000001,True,15.0,19.0,68.5588,87.75880000000001,True,13.0,19.0,69.5288,88.7288,False,,,0.0,0.0
2024-04-03,24,24.18600000000001,False,,,0.0,0.0,True,12.0,19.0,12.206000000000007,31.406000000000006,True,1.0,19.0,22.486000000000008,41.68600000000001,False,,,0.0,0.0,True,3.0,19.0,21.726000000000003,40.926,True,3.0,19.0,21.726000000000003,40.926
2024-04-04,24,14.037200000000002,False,,,0.0,0.0,True,2.0,19.0,14.037200000000002,33.2372,True,2.0,19.0,14.037200000000002,33.2372,False,,,0.0,0.0,True,2.0,8.0,1.6356000000000144,20.835600000000014,False,,,0.0,0.0
2024-04-05,24,32.53960000000001,False,,,0.0,0.0,True,2.0,19.0,-23.695200000000003,-4.495200000000004,True,15.0,19.0,32.2148,51.4148,True,15.0,19.0,32.2148,51.4148,True,2.0,20.0,-23.9712,-4.7712,False,,,0.0,0.0
2024-04-06,24,108.79079999999999,False,,,0.0,0.0,True,14.0,22.0,79.85440000000001,99.05440000000002,True,14.0,19.0,106.46079999999999,125.6608,True,14.0,19.0,106.46079999999999,125.6608,True,14.0,19.0,106.46079999999999,125.6608,False,,,0.0,0.0
2024-04-07,24,107.3088,False,,,0.0,0.0,True,13.0,19.0,107.3088,126.50880000000001,True,12.0,19.0,90.4588,109.6588,True,12.0,19.0,90.4588,109.6588,True,14.0,19.0,100.5788,119.7788,True,14.0,19.0,100.5788,119.7788
2024-04-08,24,50.47760000000001,False,,,0.0,0.0,True,13.0,19.0,47.116000000000014,66.31600000000002,True,3.0,19.0,36.40600000000002,55.60600000000002,True,3.0,19.0,36.40600000000002,55.60600000000002,True,2.0,19.0,38.99600000000001,58.19600000000001,True,2.0,19.0,38.99600000000001,58.19600000000001
2024-04-09,24,45.92,False,,,0.0,0.0,True,2.0,7.0,-0.30199999999998894,18.89800000000001,True,14.0,19.0,45.510000000000005,64.71000000000001,True,14.0,19.0,45.510000000000005,64.71000000000001,True,1.0,7.0,-4.9619999999999855,14.238000000000014,False,,,0.0,0.0
2024-04-10,24,150.74480000000003,False,,,0.0,0.0,True,13.0,19.0,126.33800000000001,145.538,True,1.0,19.0,150.70800000000003,169.90800000000002,True,1.0,19.0,150.70800000000003,169.90800000000002,True,14.0,19.0,125.36800000000001,144.568,False,,,0.0,0.0
2024-04-11,24,107.0244,False,,,0.0,0.0,True,1.0,20.0,40.234399999999994,59.4344,True,13.0,19.0,103.31120000000001,122.51120000000002,True,13.0,19.0,103.31120000000001,122.51120000000002,True,2.0,19.0,42.17120000000001,61.37120000000001,True,2.0,19.0,42.17120000000001,61.37120000000001
2024-04-12,24,96.744,False,,,0.0,0.0,True,14.0,20.0,94.9896,114.1896,True,14.0,20.0,94.9896,114.1896,True,14.0,20.0,94.9896,114.1896,True,14.0,20.0,94.9896,114.1896,True,14.0,20.0,94.9896,114.1896
2024-04-13,24,103.37480000000001,False,,,0.0,0.0,True,13.0,19.0,98.3648,117.5648,True,13.0,19.0,98.3648,117.5648,True,13.0,19.0,98.3648,117.5648,True,14.0,19.0,103.37480000000001,122.57480000000001,True,14.0,19.0,103.37480000000001,122.57480000000001
2024-04-14,24,151.18720000000002,False,,,0.0,0.0,True,14.0,19.0,121.646,140.846,True,13.0,19.0,121.62599999999999,140.826,True,13.0,19.0,121.62599999999999,140.826,True,13.0,19.0,121.62599999999999,140.826,True,13.0,19.0,121.62599999999999,140.826
2024-04-15,24,61.18800000000002,False,,,0.0,0.0,True,14.0,20.0,38.69840000000001,57.8984,True,15.0,20.0,43.8584,63.058400000000006,True,15.0,20.0,43.8584,63.058400000000006,True,14.0,20.0,38.69840000000001,57.8984,True,14.0,20.0,38.69840000000001,57.8984
2024-04-16,24,95.3184,False,,,0.0,0.0,True,4.0,7.0,31.64920000000001,50.84920000000001,True,2.0,7.0,48.979200000000006,68.17920000000001,True,2.0,7.0,48.979200000000006,68.17920000000001,True,3.0,7.0,48.3892,67.5892,False,,,0.0,0.0
2024-04-17,24,60.07800000000002,False,,,0.0,0.0,True,1.0,20.0,53.268000000000015,72.46800000000002,True,1.0,20.0,53.268000000000015,72.46800000000002,True,1.0,20.0,53.268000000000015,72.46800000000002,True,1.0,20.0,53.268000000000015,72.46800000000002,True,1.0,20.0,53.268000000000015,72.46800000000002
2024-04-18,24,36.71600000000001,False,,,0.0,0.0,True,15.0,20.0,28.623600000000014,47.82360000000001,True,15.0,20.0,28.623600000000014,47.82360000000001,True,15.0,20.0,28.623600000000014,47.82360000000001,True,14.0,20.0,26.31360000000001,45.51360000000001,False,,,0.0,0.0
2024-04-19,24,2.7500000000000036,False,,,0.0,0.0,True,1.0,7.0,-16.513199999999987,2.6868000000000123,True,15.0,19.0,-3.6656000000000084,15.53439999999999,False,,,0.0,0.0,True,1.0,7.0,-16.513199999999987,2.6868000000000123,False,,,0.0,0.0
2024-04-20,24,59.52680000000001,False,,,0.0,0.0,True,4.0,8.0,-20.403199999999988,-1.2031999999999883,True,1.0,19.0,5.271200000000011,24.47120000000001,False,,,0.0,0.0,True,14.0,19.0,52.69120000000001,71.89120000000001,False,,,0.0,0.0
2024-04-21,24,69.3392,False,,,0.0,0.0,True,14.0,20.0,69.3392,88.53920000000001,True,15.0,20.0,67.6892,86.8892,True,15.0,20.0,67.6892,86.8892,True,14.0,20.0,69.3392,88.53920000000001,True,14.0,20.0,69.3392,88.53920000000001
2024-04-22,24,64.41320000000002,False,,,0.0,0.0,True,14.0,20.0,63.91320000000002,83.11320000000002,True,13.0,19.0,58.05600000000001,77.25600000000001,False,,,0.0,0.0,True,14.0,20.0,63.91320000000002,83.11320000000002,False,,,0.0,0.0
2024-04-23,24,62.13919999999999,False,,,0.0,0.0,True,13.0,20.0,16.484399999999997,35.6844,True,13.0,20.0,16.484399999999997,35.6844,True,13.0,20.0,16.484399999999997,35.6844,True,14.0,20.0,17.244399999999988,36.44439999999999,False,,,0.0,0.0
2024-04-24,24,37.904799999999994,False,,,0.0,0.0,True,3.0,7.0,23.856399999999997,43.0564,True,3.0,7.0,23.856399999999997,43.0564,True,3.0,7.0,23.856399999999997,43.0564,True,0.0,7.0,16.9164,36.1164,False,,,0.0,0.0
2024-04-25,24,54.49679999999999,False,,,0.0,0.0,True,3.0,20.0,44.85679999999999,64.0568,True,1.0,7.0,19.526000000000014,38.72600000000001,False,,,0.0,0.0,True,3.0,7.0,23.476000000000017,42.676000000000016,False,,,0.0,0.0
2024-04-26,24,45.6836,False,,,0.0,0.0,True,14.0,20.0,45.6836,64.8836,True,14.0,20.0,45.6836,64.8836,True,14.0,20.0,45.6836,64.8836,True,14.0,20.0,45.6836,64.8836,False,,,0.0,0.0
2024-04-27,24,91.168,False,,,0.0,0.0,True,14.0,20.0,84.0884,103.2884,True,14.0,20.0,84.0884,103.2884,True,14.0,20.0,84.0884,103.2884,True,14.0,20.0,84.0884,103.2884,True,14.0,20.0,84.0884,103.2884
2024-04-28,24,118.13520000000001,False,,,0.0,0.0,True,13.0,19.0,104.7012,123.9012,True,13.0,20.0,112.14399999999999,131.344,True,13.0,20.0,112.14399999999999,131.344,True,14.0,19.0,109.67119999999998,128.8712,True,14.0,19.0,109.67119999999998,128.8712
2024-04-29,24,135.3744,False,,,0.0,0.0,True,14.0,21.0,47.03599999999999,66.23599999999999,True,1.0,20.0,108.9544,128.1544,False,,,0.0,0.0,True,14.0,20.0,135.3744,154.5744,True,14.0,20.0,135.3744,154.5744
2024-04-30,24,92.6172,False,,,0.0,0.0,True,14.0,20.0,92.6172,111.8172,True,14.0,20.0,92.6172,111.8172,True,14.0,20.0,92.6172,111.8172,True,14.0,20.0,92.6172,111.8172,True,14.0,20.0,92.6172,111.8172
2024-05-01,24,147.238,False,,,0.0,0.0,True,14.0,20.0,146.87,166.07,True,14.0,20.0,146.87,166.07,True,14.0,20.0,146.87,166.07,True,14.0,20.0,146.87,166.07,False,,,0.0,0.0
2024-05-02,24,65.91319999999999,False,,,0.0,0.0,True,14.0,19.0,61.77319999999999,80.97319999999999,True,14.0,20.0,59.178799999999995,78.3788,True,14.0,20.0,59.178799999999995,78.3788,True,14.0,20.0,59.178799999999995,78.3788,False,,,0.0,0.0
2024-05-03,24,33.1948,False,,,0.0,0.0,True,13.0,19.0,18.520799999999998,37.7208,True,14.0,20.0,31.09480000000001,50.29480000000001,False,,,0.0,0.0,True,14.0,19.0,17.8008,37.0008,False,,,0.0,0.0
2024-05-04,24,92.028,False,,,0.0,0.0,True,2.0,20.0,19.108000000000008,38.30800000000001,True,13.0,20.0,90.83800000000001,110.03800000000001,True,13.0,20.0,90.83800000000001,110.03800000000001,True,13.0,20.0,90.83800000000001,110.03800000000001,False,,,0.0,0.0
2024-05-05,24,84.7364,False,,,0.0,0.0,True,14.0,20.0,84.7364,103.9364,True,14.0,20.0,84.7364,103.9364,True,14.0,20.0,84.7364,103.9364,True,14.0,20.0,84.7364,103.9364,True,14.0,20.0,84.7364,103.9364
2024-05-06,24,38.56080000000003,False,,,0.0,0.0,True,14.0,20.0,38.38080000000002,57.580800000000025,True,14.0,20.0,38.38080000000002,57.580800000000025,True,14.0,20.0,38.38080000000002,57.580800000000025,True,15.0,20.0,32.16080000000002,51.360800000000026,True,15.0,20.0,32.16080000000002,51.360800000000026
2024-05-07,24,54.236000000000004,False,,,0.0,0.0,True,13.0,20.0,49.336,68.536,True,14.0,20.0,54.236000000000004,73.436,False,,,0.0,0.0,True,14.0,20.0,54.236000000000004,73.436,False,,,0.0,0.0
2024-05-08,24,37.886399999999995,False,,,0.0,0.0,True,14.0,20.0,37.886399999999995,57.0864,True,14.0,20.0,37.886399999999995,57.0864,True,14.0,20.0,37.886399999999995,57.0864,True,14.0,20.0,37.886399999999995,57.0864,False,,,0.0,0.0
2024-05-09,24,104.9968,False,,,0.0,0.0,True,14.0,20.0,104.9968,124.1968,True,13.0,20.0,104.31679999999999,123.51679999999999,True,13.0,20.0,104.31679999999999,123.51679999999999,True,15.0,20.0,103.8968,123.0968,False,,,0.0,0.0
2024-05-10,24,137.8424,False,,,0.0,0.0,True,14.0,20.0,137.8424,157.0424,True,13.0,20.0,137.8424,157.0424,True,13.0,20.0,137.8424,157.0424,True,14.0,20.0,137.8424,157.0424,False,,,0.0,0.0
2024-05-11,24,117.73,False,,,0.0,0.0,True,13.0,20.0,115.49,134.69,True,14.0,20.0,117.73,136.93,True,14.0,20.0,117.73,136.93,True,14.0,20.0,117.73,136.93,True,14.0,20.0,117.73,136.93
2024-05-12,24,185.9308,False,,,0.0,0.0,True,14.0,20.0,183.3308,202.5308,True,15.0,20.0,135.56080000000003,154.76080000000002,True,15.0,20.0,135.56080000000003,154.76080000000002,True,14.0,20.0,183.3308,202.5308,True,14.0,20.0,183.3308,202.5308
2024-05-13,24,117.9756,False,,,0.0,0.0,True,13.0,20.0,110.95,130.15,True,12.0,19.0,117.9756,137.1756,True,12.0,19.0,117.9756,137.1756,True,14.0,20.0,111.14,130.34,False,,,0.0,0.0
2024-05-14,24,109.74240000000002,False,,,0.0,0.0,True,12.0,19.0,94.318,113.518,True,15.0,20.0,86.6524,105.8524,True,15.0,20.0,86.6524,105.8524,True,14.0,19.0,97.648,116.848,False,,,0.0,0.0
2024-05-15,24,93.36399999999999,False,,,0.0,0.0,True,13.0,20.0,93.36399999999999,112.564,True,15.0,20.0,82.274,101.474,True,15.0,20.0,82.274,101.474,True,14.0,19.0,83.85079999999999,103.0508,False,,,0.0,0.0
2024-05-16,24,82.62719999999999,False,,,0.0,0.0,True,13.0,20.0,82.62719999999999,101.82719999999999,True,13.0,20.0,82.62719999999999,101.82719999999999,True,13.0,20.0,82.62719999999999,101.82719999999999,True,13.0,20.0,82.62719999999999,101.82719999999999,False,,,0.0,0.0
2024-05-17,24,51.8648,False,,,0.0,0.0,True,13.0,20.0,51.8648,71.0648,True,14.0,20.0,48.5048,67.7048,True,14.0,20.0,48.5048,67.7048,True,14.0,21.0,36.802400000000006,56.0024,False,,,0.0,0.0
2024-05-18,24,104.7172,False,,,0.0,0.0,True,13.0,20.0,103.2272,122.4272,True,14.0,20.0,104.7172,123.91720000000001,True,14.0,20.0,104.7172,123.91720000000001,True,13.0,21.0,95.0576,114.2576,False,,,0.0,0.0
2024-05-19,24,108.9612,False,,,0.0,0.0,True,14.0,20.0,100.49719999999999,119.6972,True,15.0,21.0,103.8312,123.0312,True,15.0,21.0,103.8312,123.0312,True,13.0,21.0,101.24119999999999,120.4412,True,13.0,21.0,101.24119999999999,120.4412
2024-05-20,24,106.158,False,,,0.0,0.0,True,14.0,21.0,91.8336,111.0336,True,13.0,20.0,105.828,125.028,True,13.0,20.0,105.828,125.028,True,14.0,20.0,106.158,125.358,False,,,0.0,0.0
2024-05-21,24,69.1516,False,,,0.0,0.0,True,14.0,20.0,17.854400000000002,37.0544,True,12.0,20.0,43.4744,62.674400000000006,True,12.0,20.0,43.4744,62.674400000000006,True,13.0,20.0,40.6044,59.8044,False,,,0.0,0.0
2024-05-22,24,69.16959999999999,False,,,0.0,0.0,True,12.0,19.0,50.408400000000015,69.60840000000002,True,2.0,19.0,51.158400000000015,70.35840000000002,True,2.0,19.0,51.158400000000015,70.35840000000002,True,12.0,19.0,50.408400000000015,69.60840000000002,False,,,0.0,0.0
2024-05-23,24,101.1452,False,,,0.0,0.0,True,3.0,20.0,69.7752,88.9752,True,3.0,20.0,69.7752,88.9752,True,3.0,20.0,69.7752,88.9752,True,3.0,19.0,47.8976,67.0976,False,,,0.0,0.0
2024-05-24,24,16.12080000000002,False,,,0.0,0.0,True,13.0,20.0,8.060000000000006,27.260000000000005,True,13.0,20.0,8.060000000000006,27.260000000000005,True,13.0,20.0,8.060000000000006,27.260000000000005,True,13.0,20.0,8.060000000000006,27.260000000000005,True,13.0,20.0,8.060000000000006,27.260000000000005
2024-05-25,24,106.794,False,,,0.0,0.0,True,16.0,19.0,73.07839999999999,92.27839999999999,True,14.0,20.0,102.1664,121.3664,True,14.0,20.0,102.1664,121.3664,True,14.0,20.0,102.1664,121.3664,False,,,0.0,0.0
2024-05-26,24,116.092,False,,,0.0,0.0,True,14.0,21.0,116.092,135.292,True,13.0,21.0,102.872,122.072,True,13.0,21.0,102.872,122.072,True,13.0,21.0,102.872,122.072,True,13.0,21.0,102.872,122.072
2024-05-27,24,111.58320000000002,False,,,0.0,0.0,True,14.0,21.0,64.11120000000003,83.31120000000003,True,13.0,20.0,110.08320000000002,129.28320000000002,True,13.0,20.0,110.08320000000002,129.28320000000002,True,14.0,20.0,111.58320000000002,130.78320000000002,True,14.0,20.0,111.58320000000002,130.78320000000002
2024-05-28,24,58.31520000000002,False,,,0.0,0.0,True,14.0,20.0,58.29520000000001,77.49520000000001,True,14.0,20.0,58.29520000000001,77.49520000000001,True,14.0,20.0,58.29520000000001,77.49520000000001,True,14.0,20.0,58.29520000000001,77.49520000000001,True,14.0,20.0,58.29520000000001,77.49520000000001
2024-05-29,24,66.68919999999999,False,,,0.0,0.0,True,13.0,20.0,47.81000000000002,67.01000000000002,True,13.0,20.0,47.81000000000002,67.01000000000002,True,13.0,20.0,47.81000000000002,67.01000000000002,True,14.0,20.0,47.88000000000001,67.08000000000001,False,,,0.0,0.0
2024-05-30,24,60.18159999999999,False,,,0.0,0.0,True,5.0,21.0,11.983999999999984,31.183999999999983,True,13.0,20.0,60.18159999999999,79.38159999999999,True,13.0,20.0,60.18159999999999,79.38159999999999,True,13.0,20.0,60.18159999999999,79.38159999999999,False,,,0.0,0.0
2024-05-31,24,21.300000000000015,False,,,0.0,0.0,True,13.0,20.0,18.100000000000012,37.30000000000001,True,14.0,20.0,21.300000000000015,40.500000000000014,False,,,0.0,0.0,True,14.0,20.0,21.300000000000015,40.500000000000014,False,,,0.0,0.0
2024-06-01,24,56.8712,False,,,0.0,0.0,True,14.0,20.0,56.8712,76.0712,True,15.0,20.0,53.991200000000006,73.19120000000001,False,,,0.0,0.0,True,14.0,20.0,56.8712,76.0712,False,,,0.0,0.0
2024-06-02,24,100.6692,False,,,0.0,0.0,True,14.0,20.0,84.12079999999999,103.32079999999999,True,15.0,20.0,87.7708,106.9708,True,15.0,20.0,87.7708,106.9708,True,14.0,20.0,84.12079999999999,103.32079999999999,True,14.0,20.0,84.12079999999999,103.32079999999999
2024-06-03,24,111.55760000000002,False,,,0.0,0.0,True,15.0,22.0,46.1268,65.3268,True,1.0,20.0,94.2776,113.47760000000001,False,,,0.0,0.0,True,3.0,20.0,95.0476,114.2476,False,,,0.0,0.0
2024-06-04,24,153.6184,False,,,0.0,0.0,True,14.0,20.0,153.6184,172.8184,True,14.0,20.0,153.6184,172.8184,True,14.0,20.0,153.6184,172.8184,True,13.0,20.0,142.2084,161.4084,True,13.0,20.0,142.2084,161.4084
2024-06-05,24,99.87840000000003,False,,,0.0,0.0,True,14.0,20.0,97.928,117.128,True,14.0,20.0,97.928,117.128,True,14.0,20.0,97.928,117.128,True,14.0,20.0,97.928,117.128,True,14.0,20.0,97.928,117.128
2024-06-06,24,115.6024,False,,,0.0,0.0,True,14.0,21.0,110.87240000000001,130.07240000000002,True,13.0,20.0,112.1616,131.3616,True,13.0,20.0,112.1616,131.3616,True,14.0,20.0,107.4316,126.6316,True,14.0,20.0,107.4316,126.6316
2024-06-07,24,110.08999999999999,False,,,0.0,0.0,True,13.0,21.0,96.982,116.182,True,14.0,21.0,104.932,124.132,True,14.0,21.0,104.932,124.132,True,14.0,21.0,104.932,124.132,False,,,0.0,0.0
2024-06-08,24,102.83,False,,,0.0,0.0,True,15.0,20.0,92.7944,111.9944,True,13.0,21.0,90.06920000000001,109.26920000000001,True,13.0,21.0,90.06920000000001,109.26920000000001,True,14.0,21.0,96.39920000000001,115.59920000000001,True,14.0,21.0,96.39920000000001,115.59920000000001
2024-06-09,24,124.5312,False,,,0.0,0.0,True,14.0,22.0,117.6864,136.8864,True,15.0,22.0,109.2264,128.4264,True,15.0,22.0,109.2264,128.4264,True,14.0,21.0,120.28079999999999,139.4808,True,14.0,21.0,120.28079999999999,139.4808
2024-06-10,24,82.8956,False,,,0.0,0.0,True,14.0,20.0,28.22400000000002,47.42400000000002,True,14.0,20.0,28.22400000000002,47.42400000000002,False,,,0.0,0.0,True,15.0,20.0,29.41400000000002,48.61400000000002,True,15.0,20.0,29.41400000000002,48.61400000000002
2024-06-11,24,98.2288,False,,,0.0,0.0,True,3.0,7.0,17.21920000000001,36.41920000000001,True,14.0,20.0,98.2288,117.42880000000001,True,14.0,20.0,98.2288,117.42880000000001,True,3.0,7.0,17.21920000000001,36.41920000000001,False,,,0.0,0.0
2024-06-12,24,83.4072,False,,,0.0,0.0,True,14.0,20.0,83.11280000000001,102.31280000000001,True,14.0,20.0,83.11280000000001,102.31280000000001,True,14.0,20.0,83.11280000000001,102.31280000000001,True,14.0,20.0,83.11280000000001,102.31280000000001,False,,,0.0,0.0
2024-06-13,24,110.73200000000001,False,,,0.0,0.0,True,14.0,21.0,88.1828,107.3828,True,14.0,20.0,110.73200000000001,129.93200000000002,True,14.0,20.0,110.73200000000001,129.93200000000002,True,14.0,20.0,110.73200000000001,129.93200000000002,True,14.0,20.0,110.73200000000001,129.93200000000002
2024-06-14,24,65.17999999999999,False,,,0.0,0.0,True,14.0,20.0,57.185199999999995,76.3852,True,14.0,20.0,57.185199999999995,76.3852,True,14.0,20.0,57.185199999999995,76.3852,True,14.0,20.0,57.185199999999995,76.3852,True,14.0,20.0,57.185199999999995,76.3852
2024-06-15,24,138.3476,False,,,0.0,0.0,True,14.0,19.0,97.61,116.81,True,15.0,20.0,114.56759999999998,133.7676,True,15.0,20.0,114.56759999999998,133.7676,True,14.0,20.0,138.3476,157.5476,True,14.0,20.0,138.3476,157.5476
2024-06-16,24,130.80760000000004,False,,,0.0,0.0,True,14.0,20.0,126.08800000000001,145.288,True,14.0,20.0,126.08800000000001,145.288,True,14.0,20.0,126.08800000000001,145.288,True,14.0,20.0,126.08800000000001,145.288,True,14.0,20.0,126.08800000000001,145.288
2024-06-17,24,134.6972,False,,,0.0,0.0,True,14.0,21.0,118.18919999999999,137.3892,True,2.0,21.0,95.99919999999999,115.19919999999999,True,2.0,21.0,95.99919999999999,115.19919999999999,True,2.0,20.0,105.33720000000001,124.53720000000001,False,,,0.0,0.0
2024-06-18,24,87.89040000000001,False,,,0.0,0.0,True,13.0,20.0,87.89040000000001,107.09040000000002,True,13.0,20.0,87.89040000000001,107.09040000000002,True,13.0,20.0,87.89040000000001,107.09040000000002,True,12.0,20.0,87.76040000000002,106.96040000000002,True,12.0,20.0,87.76040000000002,106.96040000000002
2024-06-19,24,90.55720000000001,False,,,0.0,0.0,True,13.0,20.0,73.1272,92.3272,True,14.0,20.0,90.55720000000001,109.75720000000001,True,14.0,20.0,90.55720000000001,109.75720000000001,True,14.0,20.0,90.55720000000001,109.75720000000001,True,14.0,20.0,90.55720000000001,109.75720000000001
2024-06-20,24,111.07280000000002,False,,,0.0,0.0,True,14.0,20.0,107.70280000000001,126.90280000000001,True,13.0,20.0,111.07280000000002,130.27280000000002,True,13.0,20.0,111.07280000000002,130.27280000000002,True,14.0,20.0,107.70280000000001,126.90280000000001,True,14.0,20.0,107.70280000000001,126.90280000000001
2024-06-21,24,10.15560000000001,False,,,0.0,0.0,True,13.0,20.0,3.3679999999999986,22.567999999999998,True,14.0,20.0,7.8280000000000065,27.028000000000006,True,14.0,20.0,7.8280000000000065,27.028000000000006,True,14.0,20.0,7.8280000000000065,27.028000000000006,True,14.0,20.0,7.8280000000000065,27.028000000000006
2024-06-22,24,94.996,False,,,0.0,0.0,True,14.0,19.0,83.9972,103.19720000000001,True,14.0,20.0,93.79520000000001,112.99520000000001,True,14.0,20.0,93.79520000000001,112.99520000000001,True,14.0,19.0,83.9972,103.19720000000001,False,,,0.0,0.0
2024-06-23,24,89.2148,False,,,0.0,0.0,True,15.0,21.0,89.0548,108.2548,True,14.0,21.0,89.2148,108.4148,True,14.0,21.0,89.2148,108.4148,True,14.0,21.0,89.2148,108.4148,True,14.0,21.0,89.2148,108.4148
2024-06-24,24,143.4144,False,,,0.0,0.0,True,14.0,21.0,93.39,112.59,True,13.0,20.0,143.4144,162.6144,True,13.0,20.0,143.4144,162.6144,True,14.0,20.0,142.4444,161.6444,True,14.0,20.0,142.4444,161.6444
2024-06-25,24,106.6048,False,,,0.0,0.0,True,13.0,20.0,106.6048,125.8048,True,13.0,20.0,106.6048,125.8048,True,13.0,20.0,106.6048,125.8048,True,13.0,20.0,106.6048,125.8048,True,13.0,20.0,106.6048,125.8048
2024-06-26,24,27.898799999999984,False,,,0.0,0.0,True,13.0,20.0,27.898799999999984,47.09879999999998,True,13.0,20.0,27.898799999999984,47.09879999999998,True,13.0,20.0,27.898799999999984,47.09879999999998,True,14.0,20.0,24.43879999999999,43.63879999999999,True,14.0,20.0,24.43879999999999,43.63879999999999
2024-06-27,24,120.2768,False,,,0.0,0.0,True,13.0,20.0,119.5268,138.7268,True,13.0,20.0,119.5268,138.7268,False,,,0.0,0.0,True,13.0,20.0,119.5268,138.7268,False,,,0.0,0.0
2024-06-28,24,117.76520000000001,False,,,0.0,0.0,True,14.0,20.0,90.96560000000001,110.16560000000001,True,15.0,20.0,90.9256,110.1256,True,15.0,20.0,90.9256,110.1256,True,14.0,20.0,90.96560000000001,110.16560000000001,True,14.0,20.0,90.96560000000001,110.16560000000001
2024-06-29,24,109.09399999999998,False,,,0.0,0.0,True,14.0,21.0,85.116,104.316,True,13.0,21.0,85.266,104.46600000000001,True,13.0,21.0,85.266,104.46600000000001,True,15.0,21.0,83.736,102.936,True,15.0,21.0,83.736,102.936
2024-06-30,24,76.50880000000001,False,,,0.0,0.0,True,13.0,20.0,74.21800000000002,93.41800000000002,True,14.0,20.0,73.79800000000002,92.99800000000002,True,14.0,20.0,73.79800000000002,92.99800000000002,True,14.0,20.0,73.79800000000002,92.99800000000002,True,14.0,20.0,73.79800000000002,92.99800000000002
2024-07-01,24,99.6368,False,,,0.0,0.0,True,13.0,21.0,29.672,48.872,True,14.0,20.0,94.32679999999999,113.5268,True,14.0,20.0,94.32679999999999,113.5268,True,13.0,20.0,64.34679999999999,83.54679999999999,True,13.0,20.0,64.34679999999999,83.54679999999999
2024-07-02,24,25.670000000000012,False,,,0.0,0.0,True,15.0,20.0,23.870000000000015,43.070000000000014,True,14.0,20.0,25.670000000000012,44.87000000000001,True,14.0,20.0,25.670000000000012,44.87000000000001,True,14.0,20.0,25.670000000000012,44.87000000000001,True,14.0,20.0,25.670000000000012,44.87000000000001
2024-07-03,24,68.39879999999998,False,,,0.0,0.0,True,14.0,20.0,58.45879999999998,77.65879999999999,True,14.0,20.0,58.45879999999998,77.65879999999999,False,,,0.0,0.0,True,14.0,20.0,58.45879999999998,77.65879999999999,False,,,0.0,0.0
2024-07-04,24,105.96600000000001,False,,,0.0,0.0,True,2.0,20.0,34.297200000000004,53.4972,True,15.0,20.0,78.7872,97.9872,True,15.0,20.0,78.7872,97.9872,True,15.0,20.0,78.7872,97.9872,False,,,0.0,0.0
2024-07-05,24,112.55120000000001,False,,,0.0,0.0,True,14.0,21.0,101.5296,120.7296,True,13.0,21.0,101.3896,120.5896,True,13.0,21.0,101.3896,120.5896,True,13.0,21.0,101.3896,120.5896,False,,,0.0,0.0
2024-07-06,24,45.42999999999999,False,,,0.0,0.0,True,14.0,20.0,35.0248,54.2248,True,14.0,21.0,37.518,56.718,True,14.0,21.0,37.518,56.718,True,14.0,20.0,35.0248,54.2248,True,14.0,20.0,35.0248,54.2248
2024-07-07,24,125.68639999999998,False,,,0.0,0.0,True,14.0,22.0,107.76400000000001,126.96400000000001,True,12.0,21.0,116.80639999999998,136.00639999999999,True,12.0,21.0,116.80639999999998,136.00639999999999,True,14.0,22.0,107.76400000000001,126.96400000000001,False,,,0.0,0.0
2024-07-08,24,188.11200000000005,False,,,0.0,0.0,True,13.0,21.0,111.14480000000002,130.34480000000002,True,14.0,20.0,188.00200000000004,207.20200000000003,True,14.0,20.0,188.00200000000004,207.20200000000003,True,4.0,20.0,141.28200000000004,160.48200000000003,True,4.0,20.0,141.28200000000004,160.48200000000003
2024-07-09,24,117.46999999999998,False,,,0.0,0.0,True,13.0,20.0,111.5888,130.7888,True,13.0,20.0,111.5888,130.7888,True,13.0,20.0,111.5888,130.7888,True,14.0,20.0,113.91879999999999,133.1188,True,14.0,20.0,113.91879999999999,133.1188
2024-07-10,24,87.17360000000002,False,,,0.0,0.0,True,14.0,19.0,17.542400000000004,36.7424,True,1.0,20.0,62.6212,81.8212,True,1.0,20.0,62.6212,81.8212,True,13.0,20.0,72.94120000000001,92.14120000000001,False,,,0.0,0.0
2024-07-11,24,105.90360000000003,False,,,0.0,0.0,True,13.0,21.0,86.5008,105.7008,True,13.0,21.0,86.5008,105.7008,True,13.0,21.0,86.5008,105.7008,True,13.0,20.0,102.68360000000001,121.88360000000002,False,,,0.0,0.0
2024-07-12,24,0.0,False,,,0.0,0.0,True,14.0,20.0,-11.4132,7.7867999999999995,True,14.0,20.0,-11.4132,7.7867999999999995,True,14.0,20.0,-11.4132,7.7867999999999995,True,14.0,20.0,-11.4132,7.7867999999999995,True,14.0,20.0,-11.4132,7.7867999999999995
2024-07-13,24,68.23280000000001,False,,,0.0,0.0,False,,,0.0,0.0,True,14.0,20.0,65.114,84.31400000000001,True,14.0,20.0,65.114,84.31400000000001,True,14.0,20.0,65.114,84.31400000000001,False,,,0.0,0.0
2024-07-14,24,161.296,False,,,0.0,0.0,True,14.0,22.0,152.13280000000003,171.33280000000002,True,13.0,21.0,154.74560000000002,173.9456,True,13.0,21.0,154.74560000000002,173.9456,True,14.0,21.0,154.74560000000002,173.9456,True,14.0,21.0,154.74560000000002,173.9456
2024-07-15,24,187.83320000000003,False,,,0.0,0.0,True,13.0,20.0,187.77320000000003,206.97320000000002,True,13.0,20.0,187.77320000000003,206.97320000000002,True,13.0,20.0,187.77320000000003,206.97320000000002,True,12.0,20.0,187.69320000000005,206.89320000000004,True,12.0,20.0,187.69320000000005,206.89320000000004
2024-07-16,24,104.152,False,,,0.0,0.0,True,14.0,20.0,104.152,123.352,True,14.0,20.0,104.152,123.352,True,14.0,20.0,104.152,123.352,True,14.0,20.0,104.152,123.352,True,14.0,20.0,104.152,123.352
2024-07-17,24,142.914,False,,,0.0,0.0,True,14.0,20.0,142.914,162.11399999999998,True,14.0,20.0,142.914,162.11399999999998,True,14.0,20.0,142.914,162.11399999999998,True,13.0,20.0,131.864,151.064,False,,,0.0,0.0
2024-07-18,24,156.232,False,,,0.0,0.0,True,14.0,20.0,153.18200000000002,172.382,True,13.0,20.0,156.232,175.432,True,13.0,20.0,156.232,175.432,True,14.0,20.0,153.18200000000002,172.382,True,14.0,20.0,153.18200000000002,172.382
2024-07-19,24,119.82320000000003,False,,,0.0,0.0,True,13.0,20.0,119.52320000000002,138.72320000000002,True,13.0,20.0,119.52320000000002,138.72320000000002,True,13.0,20.0,119.52320000000002,138.72320000000002,True,13.0,20.0,119.52320000000002,138.72320000000002,True,13.0,20.0,119.52320000000002,138.72320000000002
2024-07-20,24,109.42,False,,,0.0,0.0,True,14.0,20.0,107.64999999999999,126.85,True,13.0,20.0,109.05999999999999,128.26,True,13.0,20.0,109.05999999999999,128.26,True,14.0,20.0,107.64999999999999,126.85,True,14.0,20.0,107.64999999999999,126.85
2024-07-21,24,98.8804,False,,,0.0,0.0,True,12.0,20.0,98.2556,117.4556,True,13.0,20.0,98.3456,117.54560000000001,True,13.0,20.0,98.3456,117.54560000000001,True,14.0,20.0,98.4756,117.6756,True,14.0,20.0,98.4756,117.6756
2024-07-22,24,132.73080000000004,False,,,0.0,0.0,True,14.0,21.0,119.66680000000001,138.8668,True,14.0,20.0,132.73080000000004,151.93080000000003,True,14.0,20.0,132.73080000000004,151.93080000000003,True,13.0,20.0,108.89080000000003,128.09080000000003,True,13.0,20.0,108.89080000000003,128.09080000000003
2024-07-23,24,53.8284,False,,,0.0,0.0,True,14.0,20.0,53.8284,73.0284,True,14.0,20.0,53.8284,73.0284,True,14.0,20.0,53.8284,73.0284,True,14.0,20.0,53.8284,73.0284,True,14.0,20.0,53.8284,73.0284
2024-07-24,24,94.9344,False,,,0.0,0.0,True,14.0,20.0,83.99560000000001,103.19560000000001,True,14.0,20.0,83.99560000000001,103.19560000000001,True,14.0,20.0,83.99560000000001,103.19560000000001,True,14.0,20.0,83.99560000000001,103.19560000000001,False,,,0.0,0.0
2024-07-25,24,110.7924,False,,,0.0,0.0,True,14.0,21.0,88.61120000000003,107.81120000000003,True,14.0,20.0,110.7924,129.9924,True,14.0,20.0,110.7924,129.9924,True,14.0,20.0,110.7924,129.9924,False,,,0.0,0.0
2024-07-26,24,52.39999999999999,False,,,0.0,0.0,True,14.0,20.0,52.39999999999999,71.6,True,14.0,20.0,52.39999999999999,71.6,True,14.0,20.0,52.39999999999999,71.6,True,13.0,20.0,49.469999999999985,68.66999999999999,True,13.0,20.0,49.469999999999985,68.66999999999999
2024-07-27,24,76.252,False,,,0.0,0.0,True,14.0,20.0,76.13199999999999,95.332,True,14.0,20.0,76.13199999999999,95.332,True,14.0,20.0,76.13199999999999,95.332,True,14.0,20.0,76.13199999999999,95.332,True,14.0,20.0,76.13199999999999,95.332
2024-07-28,24,135.8972,False,,,0.0,0.0,True,13.0,20.0,123.61200000000001,142.812,True,13.0,21.0,127.11720000000001,146.3172,True,13.0,21.0,127.11720000000001,146.3172,True,14.0,20.0,132.392,151.59199999999998,True,14.0,20.0,132.392,151.59199999999998
2024-07-29,24,146.3244,False,,,0.0,0.0,True,14.0,21.0,103.8824,123.0824,True,14.0,20.0,145.6044,164.8044,True,14.0,20.0,145.6044,164.8044,True,15.0,20.0,144.6944,163.8944,True,15.0,20.0,144.6944,163.8944
2024-07-30,24,143.8196,False,,,0.0,0.0,True,13.0,20.0,143.7996,162.9996,True,13.0,20.0,143.7996,162.9996,True,13.0,20.0,143.7996,162.9996,True,13.0,20.0,143.7996,162.9996,True,13.0,20.0,143.7996,162.9996
2024-07-31,24,94.69800000000001,False,,,0.0,0.0,True,14.0,20.0,88.528,107.72800000000001,True,13.0,20.0,94.69800000000001,113.89800000000001,True,13.0,20.0,94.69800000000001,113.89800000000001,True,14.0,20.0,88.528,107.72800000000001,True,14.0,20.0,88.528,107.72800000000001
2024-08-01,24,47.44439999999999,False,,,0.0,0.0,True,13.0,20.0,47.44439999999999,66.64439999999999,True,13.0,20.0,47.44439999999999,66.64439999999999,True,13.0,20.0,47.44439999999999,66.64439999999999,True,14.0,20.0,45.4344,64.6344,True,14.0,20.0,45.4344,64.6344
2024-08-02,24,64.7148,False,,,0.0,0.0,True,13.0,20.0,53.3548,72.5548,True,14.0,20.0,61.8548,81.0548,True,14.0,20.0,61.8548,81.0548,True,14.0,20.0,61.8548,81.0548,False,,,0.0,0.0
2024-08-03,24,102.4088,False,,,0.0,0.0,True,15.0,20.0,83.0888,102.28880000000001,True,14.0,20.0,91.36880000000001,110.56880000000001,True,14.0,20.0,91.36880000000001,110.56880000000001,True,14.0,20.0,91.36880000000001,110.56880000000001,True,14.0,20.0,91.36880000000001,110.56880000000001
2024-08-04,24,97.9508,False,,,0.0,0.0,True,14.0,21.0,97.9508,117.1508,True,13.0,21.0,95.83080000000001,115.03080000000001,True,13.0,21.0,95.83080000000001,115.03080000000001,True,12.0,21.0,95.7308,114.9308,True,12.0,21.0,95.7308,114.9308
2024-08-05,24,174.4592,False,,,0.0,0.0,True,14.0,21.0,101.70560000000002,120.90560000000002,True,14.0,20.0,174.4592,193.6592,True,14.0,20.0,174.4592,193.6592,True,14.0,20.0,174.4592,193.6592,False,,,0.0,0.0
2024-08-06,24,190.23200000000003,False,,,0.0,0.0,True,14.0,20.0,188.39200000000002,207.592,True,13.0,20.0,190.23200000000003,209.43200000000002,True,13.0,20.0,190.23200000000003,209.43200000000002,True,14.0,20.0,188.39200000000002,207.592,True,14.0,20.0,188.39200000000002,207.592
2024-08-07,24,83.08760000000001,False,,,0.0,0.0,True,13.0,20.0,83.08760000000001,102.28760000000001,True,13.0,20.0,83.08760000000001,102.28760000000001,True,13.0,20.0,83.08760000000001,102.28760000000001,True,12.0,20.0,75.9976,95.19760000000001,True,12.0,20.0,75.9976,95.19760000000001
2024-08-08,24,130.14520000000002,False,,,0.0,0.0,True,13.0,20.0,121.8352,141.0352,True,13.0,20.0,121.8352,141.0352,True,13.0,20.0,121.8352,141.0352,True,13.0,20.0,121.8352,141.0352,True,13.0,20.0,121.8352,141.0352
2024-08-09,24,96.5724,False,,,0.0,0.0,True,14.0,20.0,96.5724,115.7724,True,14.0,20.0,96.5724,115.7724,True,14.0,20.0,96.5724,115.7724,True,14.0,20.0,96.5724,115.7724,True,14.0,20.0,96.5724,115.7724
2024-08-10,24,143.93,False,,,0.0,0.0,True,14.0,20.0,136.28560000000004,155.48560000000003,True,14.0,20.0,136.28560000000004,155.48560000000003,True,14.0,20.0,136.28560000000004,155.48560000000003,True,14.0,20.0,136.28560000000004,155.48560000000003,True,14.0,20.0,136.28560000000004,155.48560000000003
2024-08-11,24,166.96560000000002,False,,,0.0,0.0,True,13.0,21.0,156.818,176.018,True,13.0,20.0,166.96560000000002,186.1656,True,13.0,20.0,166.96560000000002,186.1656,True,13.0,21.0,156.818,176.018,True,13.0,21.0,156.818,176.018
2024-08-12,24,180.67280000000002,False,,,0.0,0.0,True,13.0,20.0,180.67280000000002,199.8728,True,13.0,20.0,180.67280000000002,199.8728,True,13.0,20.0,180.67280000000002,199.8728,True,14.0,20.0,173.8528,193.0528,True,14.0,20.0,173.8528,193.0528
2024-08-13,24,129.352,False,,,0.0,0.0,True,13.0,20.0,129.352,148.552,True,12.0,20.0,126.712,145.912,True,12.0,20.0,126.712,145.912,True,14.0,20.0,121.76199999999999,140.962,True,14.0,20.0,121.76199999999999,140.962
2024-08-14,24,109.3564,False,,,0.0,0.0,True,13.0,20.0,106.82639999999999,126.0264,True,13.0,20.0,106.82639999999999,126.0264,True,13.0,20.0,106.82639999999999,126.0264,True,14.0,20.0,107.4964,126.6964,True,14.0,20.0,107.4964,126.6964
2024-08-15,24,128.31600000000003,False,,,0.0,0.0,True,12.0,20.0,118.41600000000004,137.61600000000004,True,14.0,20.0,128.31600000000003,147.51600000000002,True,14.0,20.0,128.31600000000003,147.51600000000002,True,12.0,20.0,118.41600000000004,137.61600000000004,True,12.0,20.0,118.41600000000004,137.61600000000004
2024-08-16,24,156.90040000000002,False,,,0.0,0.0,True,14.0,20.0,156.90040000000002,176.1004,True,12.0,20.0,153.7904,172.9904,True,12.0,20.0,153.7904,172.9904,True,13.0,20.0,154.5404,173.7404,True,13.0,20.0,154.5404,173.7404
2024-08-17,24,78.61560000000001,False,,,0.0,0.0,True,14.0,20.0,78.61560000000001,97.81560000000002,True,14.0,20.0,78.61560000000001,97.81560000000002,True,14.0,20.0,78.61560000000001,97.81560000000002,True,14.0,20.0,78.61560000000001,97.81560000000002,True,14.0,20.0,78.61560000000001,97.81560000000002
2024-08-18,24,69.50560000000002,False,,,0.0,0.0,True,14.0,20.0,69.50560000000002,88.70560000000002,True,15.0,20.0,35.94560000000001,55.145600000000016,True,15.0,20.0,35.94560000000001,55.145600000000016,True,14.0,20.0,69.50560000000002,88.70560000000002,True,14.0,20.0,69.50560000000002,88.70560000000002
2024-08-19,24,89.45360000000001,False,,,0.0,0.0,True,14.0,20.0,88.11360000000002,107.31360000000002,True,14.0,19.0,84.59,103.79,True,14.0,19.0,84.59,103.79,True,14.0,19.0,84.59,103.79,True,14.0,19.0,84.59,103.79
2024-08-20,24,108.6852,False,,,0.0,0.0,True,13.0,20.0,104.9132,124.1132,True,13.0,20.0,104.9132,124.1132,True,13.0,20.0,104.9132,124.1132,True,14.0,19.0,106.5452,125.7452,True,14.0,19.0,106.5452,125.7452
2024-08-21,24,131.20200000000003,False,,,0.0,0.0,True,13.0,19.0,94.85879999999999,114.05879999999999,True,14.0,20.0,131.20200000000003,150.40200000000002,True,14.0,20.0,131.20200000000003,150.40200000000002,True,14.0,19.0,95.8188,115.0188,False,,,0.0,0.0
2024-08-22,24,88.87079999999999,False,,,0.0,0.0,True,14.0,20.0,84.89,104.09,True,13.0,20.0,85.94,105.14,True,13.0,20.0,85.94,105.14,True,11.0,20.0,83.38,102.58,True,11.0,20.0,83.38,102.58
2024-08-23,24,110.64800000000001,False,,,0.0,0.0,True,15.0,19.0,82.5176,101.7176,True,14.0,20.0,106.4344,125.6344,True,14.0,20.0,106.4344,125.6344,True,14.0,20.0,106.4344,125.6344,False,,,0.0,0.0
2024-08-24,24,109.1784,False,,,0.0,0.0,True,14.0,21.0,88.3772,107.5772,True,14.0,19.0,109.1784,128.3784,True,14.0,19.0,109.1784,128.3784,True,14.0,21.0,88.3772,107.5772,True,14.0,21.0,88.3772,107.5772
2024-08-25,24,110.704,False,,,0.0,0.0,True,14.0,19.0,101.83,121.03,True,14.0,19.0,101.83,121.03,True,14.0,19.0,101.83,121.03,True,14.0,19.0,101.83,121.03,True,14.0,19.0,101.83,121.03
2024-08-26,24,175.82520000000002,False,,,0.0,0.0,True,13.0,20.0,175.82520000000002,195.0252,True,13.0,19.0,138.33520000000001,157.5352,True,13.0,19.0,138.33520000000001,157.5352,True,2.0,20.0,112.43520000000002,131.63520000000003,False,,,0.0,0.0
2024-08-27,24,193.29000000000002,False,,,0.0,0.0,True,13.0,20.0,180.1064,199.3064,True,13.0,20.0,180.1064,199.3064,True,13.0,20.0,180.1064,199.3064,True,13.0,20.0,180.1064,199.3064,True,13.0,20.0,180.1064,199.3064
2024-08-28,24,160.33760000000004,False,,,0.0,0.0,True,13.0,19.0,156.15720000000002,175.3572,True,13.0,19.0,156.15720000000002,175.3572,True,13.0,19.0,156.15720000000002,175.3572,True,14.0,20.0,160.33760000000004,179.53760000000003,True,14.0,20.0,160.33760000000004,179.53760000000003
2024-08-29,24,201.6784,False,,,0.0,0.0,True,14.0,20.0,195.60840000000002,214.8084,True,14.0,20.0,195.60840000000002,214.8084,True,14.0,20.0,195.60840000000002,214.8084,True,14.0,19.0,138.77080000000004,157.97080000000003,True,14.0,19.0,138.77080000000004,157.97080000000003
2024-08-30,24,45.341200000000015,False,,,0.0,0.0,True,13.0,20.0,26.906799999999993,46.10679999999999,True,13.0,20.0,26.906799999999993,46.10679999999999,True,13.0,20.0,26.906799999999993,46.10679999999999,True,13.0,20.0,26.906799999999993,46.10679999999999,True,13.0,20.0,26.906799999999993,46.10679999999999
2024-08-31,24,118.0268,False,,,0.0,0.0,True,14.0,19.0,118.0268,137.2268,True,14.0,19.0,118.0268,137.2268,True,14.0,19.0,118.0268,137.2268,True,14.0,20.0,98.2376,117.4376,True,14.0,20.0,98.2376,117.4376
2024-09-01,24,125.872,False,,,0.0,0.0,True,14.0,19.0,121.812,141.012,True,13.0,19.0,125.872,145.072,True,13.0,19.0,125.872,145.072,True,14.0,19.0,121.812,141.012,True,14.0,19.0,121.812,141.012
2024-09-02,24,134.57800000000003,False,,,0.0,0.0,True,13.0,19.0,134.57800000000003,153.77800000000002,True,13.0,19.0,134.57800000000003,153.77800000000002,True,13.0,19.0,134.57800000000003,153.77800000000002,True,13.0,20.0,94.7052,113.90520000000001,True,13.0,20.0,94.7052,113.90520000000001
2024-09-03,24,501.9704,False,,,0.0,0.0,True,13.0,19.0,501.9704,521.1704,True,13.0,19.0,501.9704,521.1704,True,13.0,19.0,501.9704,521.1704,True,13.0,19.0,501.9704,521.1704,True,13.0,19.0,501.9704,521.1704
2024-09-04,24,186.06440000000003,False,,,0.0,0.0,True,13.0,19.0,184.7744,203.9744,True,13.0,19.0,184.7744,203.9744,True,13.0,19.0,184.7744,203.9744,True,13.0,19.0,184.7744,203.9744,True,13.0,19.0,184.7744,203.9744
2024-09-05,24,92.2408,False,,,0.0,0.0,True,14.0,19.0,92.2408,111.4408,True,15.0,19.0,79.5808,98.7808,True,15.0,19.0,79.5808,98.7808,True,14.0,19.0,92.2408,111.4408,True,14.0,19.0,92.2408,111.4408
2024-09-06,24,93.89080000000001,False,,,0.0,0.0,True,14.0,19.0,84.95,104.15,True,13.0,19.0,87.0,106.2,True,13.0,19.0,87.0,106.2,True,14.0,19.0,84.95,104.15,True,14.0,19.0,84.95,104.15
2024-09-07,24,118.72800000000002,False,,,0.0,0.0,True,13.0,20.0,102.14,121.34,True,13.0,19.0,118.14800000000001,137.348,True,13.0,19.0,118.14800000000001,137.348,True,14.0,20.0,102.72,121.92,True,14.0,20.0,102.72,121.92
2024-09-08,24,98.6604,False,,,0.0,0.0,True,14.0,19.0,93.858,113.058,True,13.0,19.0,95.008,114.208,True,13.0,19.0,95.008,114.208,True,14.0,19.0,93.858,113.058,True,14.0,19.0,93.858,113.058
2024-09-09,24,45.57439999999998,False,,,0.0,0.0,True,13.0,20.0,-5.762399999999996,13.437600000000003,True,14.0,19.0,4.135200000000001,23.3352,False,,,0.0,0.0,True,15.0,19.0,2.2151999999999994,21.4152,False,,,0.0,0.0
2024-09-10,24,66.43719999999999,False,,,0.0,0.0,True,3.0,8.0,25.1848,44.3848,True,14.0,19.0,66.43719999999999,85.63719999999999,True,14.0,19.0,66.43719999999999,85.63719999999999,True,3.0,8.0,25.1848,44.3848,False,,,0.0,0.0
2024-09-11,24,79.2412,False,,,0.0,0.0,True,14.0,19.0,43.231200000000015,62.43120000000002,True,0.0,19.0,72.23120000000002,91.43120000000002,True,0.0,19.0,72.23120000000002,91.43120000000002,True,1.0,8.0,42.75240000000001,61.95240000000001,False,,,0.0,0.0
2024-09-12,24,178.57920000000001,False,,,0.0,0.0,True,2.0,19.0,172.87920000000003,192.07920000000001,True,13.0,20.0,132.58840000000004,151.78840000000002,True,13.0,20.0,132.58840000000004,151.78840000000002,True,13.0,19.0,178.57920000000001,197.7792,False,,,0.0,0.0
2024-09-13,24,17.830800000000014,False,,,0.0,0.0,True,13.0,19.0,-4.699999999999999,14.5,True,14.0,19.0,5.840000000000007,25.040000000000006,True,14.0,19.0,5.840000000000007,25.040000000000006,True,14.0,19.0,5.840000000000007,25.040000000000006,True,14.0,19.0,5.840000000000007,25.040000000000006
2024-09-14,24,97.7136,False,,,0.0,0.0,True,4.0,8.0,3.5968000000000053,22.796800000000005,True,14.0,19.0,97.7136,116.9136,True,14.0,19.0,97.7136,116.9136,True,14.0,19.0,97.7136,116.9136,True,14.0,19.0,97.7136,116.9136
2024-09-15,24,103.71719999999999,False,,,0.0,0.0,True,14.0,19.0,103.71719999999999,122.9172,True,13.0,19.0,103.3172,122.5172,True,13.0,19.0,103.3172,122.5172,True,14.0,19.0,103.71719999999999,122.9172,True,14.0,19.0,103.71719999999999,122.9172
2024-09-16,24,30.835200000000004,False,,,0.0,0.0,True,14.0,19.0,3.5043999999999933,22.704399999999993,True,2.0,7.0,13.140000000000004,32.34,False,,,0.0,0.0,True,2.0,19.0,-2.8956000000000124,16.304399999999987,False,,,0.0,0.0
2024-09-17,24,77.08760000000001,False,,,0.0,0.0,True,4.0,8.0,27.27840000000001,46.47840000000001,True,15.0,19.0,58.28760000000001,77.48760000000001,False,,,0.0,0.0,True,14.0,19.0,77.08760000000001,96.28760000000001,False,,,0.0,0.0
2024-09-18,24,100.4164,False,,,0.0,0.0,True,14.0,19.0,100.4164,119.6164,True,14.0,19.0,100.4164,119.6164,True,14.0,19.0,100.4164,119.6164,True,13.0,19.0,100.32639999999999,119.5264,False,,,0.0,0.0
2024-09-19,24,104.44600000000001,False,,,0.0,0.0,True,14.0,19.0,104.44600000000001,123.64600000000002,True,14.0,19.0,104.44600000000001,123.64600000000002,True,14.0,19.0,104.44600000000001,123.64600000000002,True,14.0,19.0,104.44600000000001,123.64600000000002,False,,,0.0,0.0
2024-09-20,24,114.87239999999998,False,,,0.0,0.0,True,14.0,19.0,114.7924,133.9924,True,14.0,19.0,114.7924,133.9924,True,14.0,19.0,114.7924,133.9924,True,14.0,19.0,114.7924,133.9924,False,,,0.0,0.0
2024-09-21,24,115.38080000000001,False,,,0.0,0.0,True,13.0,19.0,114.79080000000003,133.99080000000004,True,13.0,19.0,114.79080000000003,133.99080000000004,True,13.0,19.0,114.79080000000003,133.99080000000004,True,14.0,19.0,115.38080000000001,134.5808,True,14.0,19.0,115.38080000000001,134.5808
2024-09-22,24,125.48560000000002,False,,,0.0,0.0,True,14.0,19.0,125.39560000000002,144.59560000000002,True,13.0,19.0,125.48560000000002,144.68560000000002,True,13.0,19.0,125.48560000000002,144.68560000000002,True,13.0,19.0,125.48560000000002,144.68560000000002,True,13.0,19.0,125.48560000000002,144.68560000000002
2024-09-23,24,206.36880000000002,False,,,0.0,0.0,True,13.0,19.0,206.36880000000002,225.5688,True,14.0,19.0,206.14880000000005,225.34880000000004,True,14.0,19.0,206.14880000000005,225.34880000000004,True,15.0,19.0,201.93880000000001,221.1388,False,,,0.0,0.0
2024-09-24,24,33.4096,False,,,0.0,0.0,True,13.0,19.0,26.00960000000001,45.20960000000001,True,14.0,19.0,33.4096,52.6096,True,14.0,19.0,33.4096,52.6096,True,14.0,19.0,33.4096,52.6096,True,14.0,19.0,33.4096,52.6096
2024-09-25,24,141.8064,False,,,0.0,0.0,True,14.0,19.0,105.05639999999998,124.25639999999999,True,1.0,18.0,82.324,101.524,True,1.0,18.0,82.324,101.524,True,14.0,19.0,105.05639999999998,124.25639999999999,True,14.0,19.0,105.05639999999998,124.25639999999999
2024-09-26,24,50.60000000000001,False,,,0.0,0.0,True,13.0,19.0,50.60000000000001,69.80000000000001,True,14.0,19.0,50.000000000000014,69.20000000000002,True,14.0,19.0,50.000000000000014,69.20000000000002,True,13.0,19.0,50.60000000000001,69.80000000000001,True,13.0,19.0,50.60000000000001,69.80000000000001
2024-09-27,24,44.666,False,,,0.0,0.0,True,13.0,19.0,42.75240000000001,61.952400000000004,True,14.0,19.0,41.4824,60.6824,True,14.0,19.0,41.4824,60.6824,True,14.0,19.0,41.4824,60.6824,False,,,0.0,0.0
2024-09-28,24,72.8736,False,,,0.0,0.0,True,13.0,18.0,54.6576,73.8576,True,14.0,19.0,72.8736,92.0736,True,14.0,19.0,72.8736,92.0736,True,14.0,19.0,72.8736,92.0736,False,,,0.0,0.0
2024-09-29,24,135.23440000000002,False,,,0.0,0.0,True,13.0,19.0,135.23440000000002,154.4344,True,13.0,19.0,135.23440000000002,154.4344,True,13.0,19.0,135.23440000000002,154.4344,True,14.0,19.0,135.1844,154.3844,True,14.0,19.0,135.1844,154.3844
2024-09-30,24,61.336,False,,,0.0,0.0,True,13.0,19.0,37.8408,57.0408,True,3.0,19.0,34.3708,53.5708,True,3.0,19.0,34.3708,53.5708,True,2.0,19.0,31.5008,50.7008,True,2.0,19.0,31.5008,50.7008
2024-10-01,24,106.36919999999999,False,,,0.0,0.0,True,3.0,8.0,86.56160000000001,105.76160000000002,True,1.0,18.0,103.91800000000002,123.11800000000002,True,1.0,18.0,103.91800000000002,123.11800000000002,True,14.0,18.0,47.47800000000002,66.67800000000003,False,,,0.0,0.0
2024-10-02,24,30.713999999999988,False,,,0.0,0.0,True,3.0,19.0,25.534399999999994,44.734399999999994,True,3.0,19.0,25.534399999999994,44.734399999999994,True,3.0,19.0,25.534399999999994,44.734399999999994,True,2.0,19.0,23.374399999999998,42.5744,False,,,0.0,0.0
2024-10-03,24,52.914399999999986,False,,,0.0,0.0,True,3.0,8.0,-12.843600000000006,6.356399999999994,True,14.0,19.0,47.75439999999999,66.95439999999999,False,,,0.0,0.0,True,3.0,9.0,-16.311999999999994,2.8880000000000052,False,,,0.0,0.0
2024-10-04,24,45.898400000000024,False,,,0.0,0.0,True,13.0,19.0,44.40840000000003,63.60840000000003,True,13.0,19.0,44.40840000000003,63.60840000000003,False,,,0.0,0.0,True,13.0,19.0,44.40840000000003,63.60840000000003,False,,,0.0,0.0
2024-10-05,24,78.67800000000001,False,,,0.0,0.0,True,3.0,19.0,37.07759999999999,56.27759999999999,True,3.0,19.0,37.07759999999999,56.27759999999999,False,,,0.0,0.0,True,14.0,19.0,69.12759999999999,88.32759999999999,False,,,0.0,0.0
2024-10-06,24,78.60600000000001,False,,,0.0,0.0,True,13.0,18.0,78.60600000000001,97.80600000000001,True,13.0,18.0,78.60600000000001,97.80600000000001,True,13.0,18.0,78.60600000000001,97.80600000000001,True,14.0,19.0,70.25240000000001,89.45240000000001,True,14.0,19.0,70.25240000000001,89.45240000000001
2024-10-07,24,169.288,False,,,0.0,0.0,True,13.0,18.0,156.14800000000002,175.348,True,2.0,18.0,166.18800000000002,185.388,True,2.0,18.0,166.18800000000002,185.388,True,13.0,18.0,156.14800000000002,175.348,False,,,0.0,0.0
2024-10-08,24,75.874,False,,,0.0,0.0,True,3.0,18.0,65.35840000000002,84.55840000000002,True,3.0,18.0,65.35840000000002,84.55840000000002,True,3.0,18.0,65.35840000000002,84.55840000000002,True,2.0,18.0,61.03840000000001,80.23840000000001,True,2.0,18.0,61.03840000000001,80.23840000000001
2024-10-09,24,43.43040000000002,False,,,0.0,0.0,True,3.0,19.0,43.43040000000002,62.630400000000016,True,12.0,19.0,37.950400000000016,57.15040000000002,False,,,0.0,0.0,True,4.0,18.0,36.20760000000001,55.40760000000001,False,,,0.0,0.0
2024-10-10,24,74.6344,False,,,0.0,0.0,True,3.0,19.0,58.5744,77.7744,True,13.0,19.0,74.6344,93.8344,True,13.0,19.0,74.6344,93.8344,True,13.0,19.0,74.6344,93.8344,False,,,0.0,0.0
2024-10-11,24,83.9308,False,,,0.0,0.0,True,13.0,19.0,83.9308,103.13080000000001,True,2.0,19.0,69.4008,88.6008,False,,,0.0,0.0,True,2.0,19.0,69.4008,88.6008,False,,,0.0,0.0
2024-10-12,24,40.8612,False,,,0.0,0.0,True,13.0,19.0,37.88040000000001,57.08040000000001,True,13.0,19.0,37.88040000000001,57.08040000000001,True,13.0,19.0,37.88040000000001,57.08040000000001,True,13.0,19.0,37.88040000000001,57.08040000000001,False,,,0.0,0.0
2024-10-13,24,46.215999999999994,False,,,0.0,0.0,True,13.0,18.0,28.923599999999997,48.123599999999996,True,14.0,19.0,46.215999999999994,65.416,True,14.0,19.0,46.215999999999994,65.416,True,13.0,18.0,28.923599999999997,48.123599999999996,False,,,0.0,0.0
2024-10-14,24,194.60080000000005,False,,,0.0,0.0,True,14.0,19.0,154.80080000000004,174.00080000000003,True,0.0,18.0,180.23200000000006,199.43200000000004,True,0.0,18.0,180.23200000000006,199.43200000000004,True,3.0,18.0,182.97200000000004,202.17200000000003,False,,,0.0,0.0
2024-10-15,24,70.55879999999999,False,,,0.0,0.0,True,3.0,19.0,-13.714799999999993,5.485200000000006,True,3.0,18.0,22.606799999999996,41.806799999999996,True,3.0,18.0,22.606799999999996,41.806799999999996,True,3.0,19.0,-13.714799999999993,5.485200000000006,True,3.0,19.0,-13.714799999999993,5.485200000000006
2024-10-16,24,60.069599999999994,False,,,0.0,0.0,True,4.0,7.0,39.546800000000005,58.74680000000001,True,13.0,18.0,56.47239999999999,75.6724,True,13.0,18.0,56.47239999999999,75.6724,True,13.0,18.0,56.47239999999999,75.6724,False,,,0.0,0.0
2024-10-17,24,146.50320000000002,False,,,0.0,0.0,True,13.0,19.0,91.6948,110.8948,True,3.0,19.0,133.6048,152.8048,True,3.0,19.0,133.6048,152.8048,True,3.0,18.0,146.50320000000002,165.7032,False,,,0.0,0.0
2024-10-18,24,68.7376,False,,,0.0,0.0,True,3.0,18.0,68.7376,87.9376,True,1.0,18.0,66.41760000000001,85.61760000000001,True,1.0,18.0,66.41760000000001,85.61760000000001,True,3.0,18.0,68.7376,87.9376,False,,,0.0,0.0
2024-10-19,24,44.794399999999996,False,,,0.0,0.0,True,3.0,18.0,30.494399999999988,49.69439999999999,True,13.0,18.0,44.794399999999996,63.99439999999999,True,13.0,18.0,44.794399999999996,63.99439999999999,True,14.0,18.0,41.86439999999999,61.06439999999999,False,,,0.0,0.0
2024-10-20,24,38.65400000000001,False,,,0.0,0.0,True,13.0,18.0,37.62400000000001,56.824000000000005,True,14.0,18.0,38.65400000000001,57.854000000000006,True,14.0,18.0,38.65400000000001,57.854000000000006,True,14.0,18.0,38.65400000000001,57.854000000000006,False,,,0.0,0.0
2024-10-21,24,185.2812,False,,,0.0,0.0,True,14.0,18.0,103.4912,122.69120000000001,True,1.0,18.0,185.24120000000002,204.4412,True,1.0,18.0,185.24120000000002,204.4412,True,2.0,18.0,185.2812,204.4812,False,,,0.0,0.0
2024-10-22,24,55.05,False,,,0.0,0.0,True,2.0,18.0,24.24120000000001,43.44120000000001,True,4.0,18.0,26.74120000000001,45.94120000000001,True,4.0,18.0,26.74120000000001,45.94120000000001,True,2.0,18.0,24.24120000000001,43.44120000000001,True,2.0,18.0,24.24120000000001,43.44120000000001
2024-10-23,24,102.55560000000001,False,,,0.0,0.0,True,13.0,19.0,63.202,82.402,True,2.0,8.0,67.2596,86.45960000000001,True,13.0,19.0,63.202,82.402,True,13.0,19.0,63.202,82.402,False,,,0.0,0.0
2024-10-24,24,58.078400000000016,False,,,0.0,0.0,True,14.0,18.0,29.49760000000001,48.69760000000001,True,2.0,18.0,30.337600000000013,49.53760000000001,True,2.0,18.0,30.337600000000013,49.53760000000001,True,14.0,18.0,29.49760000000001,48.69760000000001,True,14.0,18.0,29.49760000000001,48.69760000000001
2024-10-25,24,111.75439999999999,False,,,0.0,0.0,True,3.0,8.0,36.7428,55.942800000000005,True,3.0,8.0,36.7428,55.942800000000005,True,3.0,8.0,36.7428,55.942800000000005,True,3.0,8.0,36.7428,55.942800000000005,False,,,0.0,0.0
2024-10-26,24,56.328,False,,,0.0,0.0,True,13.0,18.0,56.328,75.528,True,13.0,18.0,56.328,75.528,True,13.0,18.0,56.328,75.528,True,13.0,18.0,56.328,75.528,True,13.0,18.0,56.328,75.528
2024-10-27,23,77.246,False,,,0.0,0.0,True,12.0,17.0,77.246,96.446,True,13.0,18.0,74.8532,94.0532,True,13.0,18.0,74.8532,94.0532,True,13.0,17.0,77.236,96.436,False,,,0.0,0.0
2024-10-28,24,33.60600000000001,False,,,0.0,0.0,True,12.0,17.0,15.691199999999998,34.8912,True,3.0,18.0,33.60600000000001,52.80600000000001,True,3.0,18.0,33.60600000000001,52.80600000000001,True,1.0,17.0,16.2512,35.4512,False,,,0.0,0.0
2024-10-29,24,145.56600000000003,False,,,0.0,0.0,True,3.0,18.0,119.4748,138.6748,True,3.0,18.0,119.4748,138.6748,False,,,0.0,0.0,True,3.0,18.0,119.4748,138.6748,False,,,0.0,0.0
2024-10-30,24,61.11959999999999,False,,,0.0,0.0,True,3.0,17.0,61.11959999999999,80.3196,True,2.0,17.0,61.00959999999999,80.2096,True,2.0,17.0,61.00959999999999,80.2096,True,2.0,17.0,61.00959999999999,80.2096,True,2.0,17.0,61.00959999999999,80.2096
2024-10-31,24,10.677600000000002,False,,,0.0,0.0,True,3.0,17.0,4.670000000000005,23.870000000000005,True,3.0,17.0,4.670000000000005,23.870000000000005,False,,,0.0,0.0,True,3.0,17.0,4.670000000000005,23.870000000000005,False,,,0.0,0.0
2024-11-01,24,61.59040000000002,False,,,0.0,0.0,True,3.0,7.0,-9.018000000000004,10.181999999999995,True,12.0,18.0,59.84240000000001,79.04240000000001,False,,,0.0,0.0,True,12.0,18.0,59.84240000000001,79.04240000000001,False,,,0.0,0.0
2024-11-02,24,40.675200000000004,False,,,0.0,0.0,True,12.0,17.0,37.9952,57.1952,True,12.0,17.0,37.9952,57.1952,False,,,0.0,0.0,True,13.0,18.0,27.216399999999997,46.416399999999996,False,,,0.0,0.0
2024-11-03,24,45.8472,False,,,0.0,0.0,True,3.0,17.0,13.387199999999996,32.587199999999996,True,12.0,17.0,45.8472,65.0472,False,,,0.0,0.0,True,12.0,18.0,44.17280000000001,63.372800000000005,False,,,0.0,0.0
2024-11-04,24,157.9332,False,,,0.0,0.0,True,12.0,17.0,152.63320000000002,171.8332,True,12.0,17.0,152.63320000000002,171.8332,False,,,0.0,0.0,True,3.0,17.0,157.9332,177.1332,False,,,0.0,0.0
2024-11-05,24,354.4852,False,,,0.0,0.0,True,3.0,17.0,352.6852,371.8852,True,2.0,17.0,354.4852,373.6852,True,2.0,17.0,354.4852,373.6852,True,3.0,17.0,352.6852,371.8852,True,3.0,17.0,352.6852,371.8852
2024-11-06,24,639.8312,False,,,0.0,0.0,True,2.0,17.0,639.8312,659.0312,True,2.0,17.0,639.8312,659.0312,True,2.0,17.0,639.8312,659.0312,True,2.0,17.0,639.8312,659.0312,True,2.0,17.0,639.8312,659.0312
2024-11-07,24,256.6592,False,,,0.0,0.0,True,2.0,17.0,256.6592,275.8592,True,2.0,17.0,256.6592,275.8592,True,2.0,17.0,256.6592,275.8592,True,2.0,18.0,154.0976,173.2976,True,2.0,18.0,154.0976,173.2976
2024-11-08,24,5.6272000000000055,False,,,0.0,0.0,True,2.0,17.0,1.1052000000000142,20.305200000000013,True,3.0,17.0,1.3852000000000153,20.585200000000015,True,3.0,17.0,1.3852000000000153,20.585200000000015,True,2.0,17.0,1.1052000000000142,20.305200000000013,True,2.0,17.0,1.1052000000000142,20.305200000000013
2024-11-09,24,20.09600000000002,False,,,0.0,0.0,True,4.0,8.0,-12.638000000000002,6.561999999999998,True,4.0,17.0,17.565600000000007,36.765600000000006,False,,,0.0,0.0,True,4.0,18.0,18.36600000000003,37.56600000000003,False,,,0.0,0.0
2024-11-10,24,17.302400000000024,False,,,0.0,0.0,True,3.0,18.0,14.269199999999987,33.46919999999999,True,4.0,18.0,14.249199999999991,33.44919999999999,False,,,0.0,0.0,True,6.0,18.0,14.809199999999993,34.00919999999999,False,,,0.0,0.0
2024-11-11,24,24.225600000000004,False,,,0.0,0.0,True,6.0,17.0,6.035600000000006,25.235600000000005,True,3.0,17.0,23.865600000000004,43.0656,True,3.0,17.0,23.865600000000004,43.0656,True,2.0,17.0,21.725600000000004,40.9256,True,2.0,17.0,21.725600000000004,40.9256
2024-11-12,24,170.5688,False,,,0.0,0.0,True,4.0,17.0,165.7588,184.9588,True,2.0,17.0,170.5688,189.7688,True,2.0,17.0,170.5688,189.7688,True,3.0,17.0,169.2688,188.4688,False,,,0.0,0.0
2024-11-13,24,82.5856,False,,,0.0,0.0,True,2.0,17.0,37.105600000000024,56.30560000000003,True,1.0,17.0,33.245600000000024,52.44560000000003,True,1.0,17.0,33.245600000000024,52.44560000000003,True,3.0,17.0,37.505600000000015,56.70560000000002,True,3.0,17.0,37.505600000000015,56.70560000000002
2024-11-14,24,32.82719999999999,False,,,0.0,0.0,True,3.0,9.0,2.556400000000014,21.756400000000014,True,3.0,8.0,5.518800000000002,24.7188,True,3.0,8.0,5.518800000000002,24.7188,True,3.0,9.0,2.556400000000014,21.756400000000014,False,,,0.0,0.0
2024-11-15,24,22.328400000000006,False,,,0.0,0.0,True,4.0,17.0,1.7392000000000003,20.9392,True,3.0,16.0,0.4139999999999908,19.61399999999999,False,,,0.0,0.0,True,3.0,17.0,2.5391999999999975,21.739199999999997,False,,,0.0,0.0
2024-11-16,24,16.39560000000002,False,,,0.0,0.0,True,3.0,8.0,-9.399999999999988,9.800000000000011,False,,,0.0,0.0,False,,,0.0,0.0,True,4.0,18.0,-2.2559999999999967,16.944000000000003,False,,,0.0,0.0
2024-11-17,24,40.6028,False,,,0.0,0.0,True,6.0,17.0,33.052800000000005,52.25280000000001,True,6.0,17.0,33.052800000000005,52.25280000000001,False,,,0.0,0.0,True,6.0,18.0,12.684000000000001,31.884,False,,,0.0,0.0
2024-11-18,24,87.2844,False,,,0.0,0.0,True,5.0,17.0,53.678,72.878,True,2.0,17.0,68.048,87.248,True,2.0,17.0,68.048,87.248,True,4.0,17.0,69.738,88.938,False,,,0.0,0.0
2024-11-19,24,34.034400000000005,False,,,0.0,0.0,True,3.0,18.0,12.948000000000011,32.14800000000001,True,3.0,17.0,18.044800000000013,37.24480000000001,False,,,0.0,0.0,True,3.0,17.0,18.044800000000013,37.24480000000001,False,,,0.0,0.0
2024-11-20,24,30.720400000000016,False,,,0.0,0.0,True,3.0,9.0,28.162800000000008,47.36280000000001,True,3.0,8.0,30.720400000000016,49.920400000000015,False,,,0.0,0.0,True,3.0,8.0,30.720400000000016,49.920400000000015,False,,,0.0,0.0
2024-11-21,24,64.3292,False,,,0.0,0.0,True,3.0,8.0,19.0008,38.2008,True,3.0,18.0,45.082800000000006,64.28280000000001,False,,,0.0,0.0,True,3.0,8.0,19.0008,38.2008,False,,,0.0,0.0
2024-11-22,24,24.703600000000012,False,,,0.0,0.0,True,3.0,17.0,7.594799999999996,26.794799999999995,True,4.0,8.0,24.703600000000012,43.90360000000001,False,,,0.0,0.0,True,3.0,17.0,7.594799999999996,26.794799999999995,False,,,0.0,0.0
2024-11-23,24,5.786000000000005,False,,,0.0,0.0,True,4.0,8.0,-8.86839999999999,10.331600000000009,True,3.0,16.0,-17.914799999999996,1.2852000000000032,False,,,0.0,0.0,True,14.0,18.0,-25.686400000000003,-6.486400000000003,False,,,0.0,0.0
2024-11-24,24,0.0,False,,,0.0,0.0,True,12.0,15.0,-14.128799999999998,5.071200000000001,True,13.0,18.0,-5.324399999999999,13.8756,False,,,0.0,0.0,True,13.0,18.0,-5.324399999999999,13.8756,False,,,0.0,0.0
2024-11-25,24,100.42,False,,,0.0,0.0,False,,,0.0,0.0,True,3.0,18.0,100.42,119.62,True,3.0,18.0,100.42,119.62,True,1.0,18.0,100.15,119.35000000000001,False,,,0.0,0.0
2024-11-26,24,58.28720000000001,False,,,0.0,0.0,True,3.0,18.0,58.28720000000001,77.48720000000002,True,2.0,18.0,51.17720000000001,70.37720000000002,False,,,0.0,0.0,True,2.0,18.0,51.17720000000001,70.37720000000002,False,,,0.0,0.0
2024-11-27,24,46.11280000000002,False,,,0.0,0.0,True,3.0,18.0,-27.353199999999983,-8.153199999999984,True,3.0,8.0,39.39280000000002,58.592800000000025,False,,,0.0,0.0,True,3.0,17.0,-29.239199999999993,-10.039199999999994,False,,,0.0,0.0
2024-11-28,24,94.68159999999999,False,,,0.0,0.0,True,0.0,8.0,30.4072,49.6072,True,1.0,18.0,85.16159999999998,104.36159999999998,True,1.0,18.0,85.16159999999998,104.36159999999998,True,1.0,8.0,38.4072,57.6072,False,,,0.0,0.0
2024-11-29,24,44.84200000000001,False,,,0.0,0.0,True,4.0,18.0,6.167599999999997,25.367599999999996,True,1.0,8.0,40.632000000000005,59.83200000000001,True,1.0,8.0,40.632000000000005,59.83200000000001,True,4.0,18.0,6.167599999999997,25.367599999999996,False,,,0.0,0.0
2024-11-30,24,21.584800000000005,False,,,0.0,0.0,True,3.0,8.0,-7.301200000000005,11.898799999999994,True,12.0,17.0,19.084800000000005,38.284800000000004,False,,,0.0,0.0,True,13.0,18.0,15.798000000000005,34.998000000000005,False,,,0.0,0.0
2024-12-01,24,10.227600000000013,False,,,0.0,0.0,True,10.0,17.0,-0.1515999999999984,19.0484,True,12.0,17.0,3.8983999999999988,23.098399999999998,False,,,0.0,0.0,True,4.0,18.0,7.789200000000012,26.98920000000001,False,,,0.0,0.0
2024-12-02,24,70.42800000000001,False,,,0.0,0.0,True,11.0,16.0,-1.8299999999999805,17.37000000000002,True,2.0,18.0,55.69800000000001,74.89800000000001,True,2.0,18.0,55.69800000000001,74.89800000000001,True,2.0,18.0,55.69800000000001,74.89800000000001,False,,,0.0,0.0
2024-12-03,24,80.78000000000002,False,,,0.0,0.0,True,3.0,18.0,69.6296,88.8296,True,3.0,18.0,69.6296,88.8296,True,3.0,18.0,69.6296,88.8296,True,4.0,17.0,73.52000000000001,92.72000000000001,False,,,0.0,0.0
2024-12-04,24,135.3492,False,,,0.0,0.0,True,3.0,17.0,135.3492,154.54919999999998,True,3.0,17.0,135.3492,154.54919999999998,True,3.0,17.0,135.3492,154.54919999999998,True,3.0,17.0,135.3492,154.54919999999998,False,,,0.0,0.0
2024-12-05,24,9.586800000000014,False,,,0.0,0.0,True,3.0,17.0,-14.854799999999994,4.3452000000000055,True,3.0,8.0,6.286799999999989,25.486799999999988,True,3.0,8.0,6.286799999999989,25.486799999999988,True,2.0,17.0,-13.62479999999999,5.5752000000000095,True,2.0,17.0,-13.62479999999999,5.5752000000000095
2024-12-06,24,117.47439999999999,False,,,0.0,0.0,True,2.0,7.0,62.22319999999999,81.4232,True,3.0,17.0,110.0408,129.2408,True,3.0,17.0,110.0408,129.2408,True,3.0,8.0,79.8464,99.0464,False,,,0.0,0.0
2024-12-07,24,30.07400000000001,False,,,0.0,0.0,True,3.0,18.0,-2.1835999999999878,17.01640000000001,True,6.0,18.0,22.22640000000001,41.42640000000001,False,,,0.0,0.0,True,4.0,18.0,3.5964000000000063,22.796400000000006,False,,,0.0,0.0
2024-12-08,24,8.5196,False,,,0.0,0.0,True,6.0,16.0,-12.985200000000003,6.214799999999997,False,,,0.0,0.0,False,,,0.0,0.0,True,7.0,18.0,-19.82400000000001,-0.6240000000000094,False,,,0.0,0.0
2024-12-09,24,65.82520000000001,False,,,0.0,0.0,True,3.0,15.0,53.883600000000015,73.08360000000002,True,3.0,15.0,53.883600000000015,73.08360000000002,True,3.0,15.0,53.883600000000015,73.08360000000002,True,2.0,15.0,53.1536,72.3536,False,,,0.0,0.0
2024-12-10,24,83.28960000000001,False,,,0.0,0.0,True,3.0,10.0,67.07,86.27,True,2.0,17.0,80.48960000000001,99.68960000000001,True,2.0,17.0,80.48960000000001,99.68960000000001,True,2.0,11.0,65.88000000000001,85.08000000000001,False,,,0.0,0.0
2024-12-11,24,284.1036,False,,,0.0,0.0,True,3.0,17.0,284.1036,303.30359999999996,True,2.0,17.0,282.9636,302.1636,True,2.0,17.0,282.9636,302.1636,True,2.0,17.0,282.9636,302.1636,False,,,0.0,0.0
2024-12-12,24,734.8276,False,,,0.0,0.0,True,3.0,17.0,734.8276,754.0276,True,3.0,17.0,734.8276,754.0276,True,3.0,17.0,734.8276,754.0276,True,3.0,13.0,255.526,274.726,True,3.0,17.0,734.8276,754.0276
2024-12-13,24,127.32320000000003,False,,,0.0,0.0,True,3.0,17.0,127.32320000000003,146.52320000000003,True,3.0,18.0,105.05000000000001,124.25000000000001,True,3.0,18.0,105.05000000000001,124.25000000000001,True,3.0,17.0,127.32320000000003,146.52320000000003,True,3.0,17.0,127.32320000000003,146.52320000000003
2024-12-14,24,4.231600000000018,False,,,0.0,0.0,True,3.0,17.0,-6.789599999999989,12.41040000000001,True,6.0,8.0,-6.899999999999988,12.300000000000011,False,,,0.0,0.0,True,3.0,18.0,-32.52199999999999,-13.321999999999989,False,,,0.0,0.0
2024-12-15,24,0.17800000000000793,False,,,0.0,0.0,True,5.0,9.0,-6.941999999999997,12.258000000000003,True,5.0,9.0,-6.941999999999997,12.258000000000003,False,,,0.0,0.0,True,6.0,19.0,-42.233999999999995,-23.033999999999995,False,,,0.0,0.0
2024-12-16,24,59.2124,False,,,0.0,0.0,True,6.0,9.0,42.90719999999999,62.10719999999999,True,4.0,17.0,55.845200000000006,75.04520000000001,True,4.0,17.0,55.845200000000006,75.04520000000001,True,3.0,9.0,50.5672,69.7672,False,,,0.0,0.0
2024-12-17,24,77.0036,False,,,0.0,0.0,True,4.0,12.0,46.3224,65.5224,True,1.0,17.0,76.3736,95.5736,True,1.0,17.0,76.3736,95.5736,True,2.0,9.0,64.77680000000001,83.97680000000001,False,,,0.0,0.0
2024-12-18,24,21.923599999999997,False,,,0.0,0.0,True,2.0,17.0,-14.341999999999995,4.858000000000004,True,4.0,8.0,21.923599999999997,41.123599999999996,False,,,0.0,0.0,True,2.0,17.0,-14.341999999999995,4.858000000000004,False,,,0.0,0.0
2024-12-19,24,65.6636,False,,,0.0,0.0,True,4.0,8.0,42.534800000000004,61.7348,True,2.0,18.0,60.5236,79.7236,True,2.0,18.0,60.5236,79.7236,True,1.0,7.0,17.20400000000001,36.40400000000001,False,,,0.0,0.0
2024-12-20,24,65.5888,False,,,0.0,0.0,True,4.0,18.0,51.0656,70.2656,True,3.0,17.0,64.4688,83.6688,True,3.0,17.0,64.4688,83.6688,True,2.0,18.0,57.57560000000001,76.77560000000001,False,,,0.0,0.0
2024-12-21,24,0.0,False,,,0.0,0.0,True,2.0,17.0,-13.831599999999998,5.368400000000001,True,5.0,9.0,-12.2564,6.9436,False,,,0.0,0.0,True,3.0,17.0,-11.6816,7.5184,False,,,0.0,0.0
2024-12-22,24,43.0924,False,,,0.0,0.0,False,,,0.0,0.0,True,6.0,17.0,41.7124,60.9124,False,,,0.0,0.0,False,,,0.0,0.0,False,,,0.0,0.0
2024-12-23,24,71.30680000000001,False,,,0.0,0.0,True,4.0,17.0,61.41,80.61,True,2.0,17.0,56.879999999999995,76.08,False,,,0.0,0.0,True,1.0,17.0,51.06,70.26,False,,,0.0,0.0
2024-12-24,24,14.074000000000002,False,,,0.0,0.0,True,3.0,21.0,-10.140399999999996,9.059600000000003,True,1.0,21.0,-14.9804,4.2196,False,,,0.0,0.0,True,3.0,17.0,11.360000000000003,30.560000000000002,False,,,0.0,0.0
2024-12-25,24,15.697600000000012,False,,,0.0,0.0,True,3.0,9.0,-8.709200000000006,10.490799999999993,True,4.0,16.0,13.379200000000015,32.579200000000014,False,,,0.0,0.0,True,3.0,17.0,10.877600000000005,30.077600000000004,False,,,0.0,0.0
2024-12-26,24,18.166000000000015,False,,,0.0,0.0,True,4.0,17.0,16.798000000000005,35.998000000000005,True,4.0,18.0,16.93600000000001,36.13600000000001,False,,,0.0,0.0,True,4.0,19.0,14.783200000000011,33.98320000000001,False,,,0.0,0.0
2024-12-27,24,26.94800000000001,False,,,0.0,0.0,True,3.0,18.0,26.788000000000014,45.988000000000014,True,3.0,17.0,20.71600000000001,39.91600000000001,False,,,0.0,0.0,True,3.0,19.0,15.77560000000003,34.97560000000003,False,,,0.0,0.0
2024-12-28,24,17.709999999999997,False,,,0.0,0.0,True,4.0,18.0,13.579200000000004,32.7792,True,4.0,18.0,13.579200000000004,32.7792,False,,,0.0,0.0,True,11.0,18.0,3.109200000000005,22.309200000000004,False,,,0.0,0.0
2024-12-29,24,0.0,False,,,0.0,0.0,True,4.0,17.0,-4.689999999999994,14.510000000000005,False,,,0.0,0.0,False,,,0.0,0.0,True,5.0,18.0,-1.7887999999999913,17.411200000000008,False,,,0.0,0.0
2024-12-30,24,17.322400000000005,False,,,0.0,0.0,False,,,0.0,0.0,True,3.0,17.0,17.322400000000005,36.522400000000005,False,,,0.0,0.0,True,4.0,18.0,5.91,25.11,False,,,0.0,0.0
2024-12-31,24,11.8764,False,,,0.0,0.0,True,3.0,17.0,0.33000000000000185,19.53,True,1.0,9.0,11.683199999999996,30.883199999999995,False,,,0.0,0.0,True,3.0,17.0,0.33000000000000185,19.53,False,,,0.0,0.0
2025-01-01,24,0.0,False,,,0.0,0.0,True,1.0,16.0,-20.8092,-1.6092000000000002,True,13.0,17.0,-19.0356,0.16440000000000002,False,,,0.0,0.0,True,1.0,17.0,-20.735599999999998,-1.5356,False,,,0.0,0.0
2025-01-02,24,119.9448,False,,,0.0,0.0,False,,,0.0,0.0,True,1.0,17.0,119.8804,139.0804,True,1.0,17.0,119.8804,139.0804,False,,,0.0,0.0,False,,,0.0,0.0
2025-01-03,24,18.187200000000008,False,,,0.0,0.0,True,1.0,18.0,-0.8747999999999898,18.32520000000001,True,13.0,18.0,8.855200000000014,28.055200000000013,False,,,0.0,0.0,True,3.0,18.0,2.865200000000005,22.065200000000004,False,,,0.0,0.0
2025-01-04,24,29.74080000000001,False,,,0.0,0.0,True,12.0,17.0,-10.089199999999988,9.110800000000012,True,0.0,17.0,29.510800000000007,48.710800000000006,False,,,0.0,0.0,True,12.0,18.0,-16.887999999999987,2.312000000000012,False,,,0.0,0.0
2025-01-05,24,0.0,False,,,0.0,0.0,True,2.0,17.0,-51.81399999999999,-32.614,False,,,0.0,0.0,False,,,0.0,0.0,True,2.0,18.0,-52.964,-33.764,False,,,0.0,0.0
2025-01-06,24,9.660400000000003,False,,,0.0,0.0,False,,,0.0,0.0,True,4.0,8.0,8.860400000000002,28.0604,False,,,0.0,0.0,False,,,0.0,0.0,False,,,0.0,0.0
2025-01-07,24,68.8112,False,,,0.0,0.0,True,3.0,8.0,54.063599999999994,73.2636,True,0.0,17.0,50.077600000000004,69.2776,False,,,0.0,0.0,True,1.0,9.0,49.59079999999999,68.79079999999999,False,,,0.0,0.0
2025-01-08,24,66.81320000000001,False,,,0.0,0.0,True,3.0,18.0,61.081599999999995,80.2816,True,1.0,18.0,50.08159999999998,69.28159999999998,True,1.0,18.0,50.08159999999998,69.28159999999998,True,1.0,18.0,50.08159999999998,69.28159999999998,False,,,0.0,0.0
2025-01-09,24,37.26960000000001,False,,,0.0,0.0,True,3.0,17.0,6.017200000000006,25.217200000000005,True,3.0,17.0,6.017200000000006,25.217200000000005,False,,,0.0,0.0,True,3.0,17.0,6.017200000000006,25.217200000000005,False,,,0.0,0.0
2025-01-10,24,44.34040000000002,False,,,0.0,0.0,True,3.0,8.0,40.0624,59.2624,True,3.0,18.0,44.34040000000002,63.54040000000002,True,3.0,18.0,44.34040000000002,63.54040000000002,True,4.0,8.0,39.22239999999999,58.422399999999996,False,,,0.0,0.0
2025-01-11,24,5.22280000000001,False,,,0.0,0.0,True,3.0,18.0,3.9028000000000027,23.102800000000002,True,4.0,19.0,-1.8879999999999875,17.312000000000012,False,,,0.0,0.0,True,3.0,18.0,3.9028000000000027,23.102800000000002,False,,,0.0,0.0
2025-01-12,24,32.1472,False,,,0.0,0.0,True,6.0,18.0,29.827199999999994,49.02719999999999,True,3.0,20.0,20.671200000000017,39.871200000000016,False,,,0.0,0.0,True,14.0,18.0,10.987200000000005,30.187200000000004,False,,,0.0,0.0
2025-01-13,24,86.04280000000001,False,,,0.0,0.0,True,0.0,18.0,5.490000000000013,24.690000000000012,True,3.0,17.0,17.51000000000001,36.71000000000001,False,,,0.0,0.0,True,3.0,18.0,17.51000000000001,36.71000000000001,False,,,0.0,0.0
2025-01-14,24,52.11760000000001,False,,,0.0,0.0,True,4.0,8.0,48.22760000000001,67.42760000000001,True,3.0,8.0,52.11760000000001,71.31760000000001,False,,,0.0,0.0,True,3.0,8.0,52.11760000000001,71.31760000000001,False,,,0.0,0.0
2025-01-15,24,220.83080000000004,False,,,0.0,0.0,True,3.0,8.0,155.42079999999999,174.62079999999997,True,3.0,8.0,155.42079999999999,174.62079999999997,True,3.0,8.0,155.42079999999999,174.62079999999997,True,3.0,8.0,155.42079999999999,174.62079999999997,False,,,0.0,0.0
2025-01-16,24,49.44800000000002,False,,,0.0,0.0,True,1.0,17.0,37.91520000000001,57.115200000000016,True,3.0,17.0,42.005200000000016,61.20520000000002,True,3.0,17.0,42.005200000000016,61.20520000000002,True,3.0,17.0,42.005200000000016,61.20520000000002,True,3.0,17.0,42.005200000000016,61.20520000000002
2025-01-17,24,57.5596,False,,,0.0,0.0,True,3.0,8.0,57.5596,76.7596,True,3.0,8.0,57.5596,76.7596,True,3.0,8.0,57.5596,76.7596,True,3.0,8.0,57.5596,76.7596,False,,,0.0,0.0
2025-01-18,24,20.211999999999993,False,,,0.0,0.0,True,3.0,8.0,-4.070399999999989,15.12960000000001,True,13.0,18.0,19.954399999999996,39.154399999999995,False,,,0.0,0.0,True,3.0,8.0,-4.070399999999989,15.12960000000001,False,,,0.0,0.0
2025-01-19,24,19.606799999999996,False,,,0.0,0.0,True,13.0,19.0,17.362,36.562,True,12.0,18.0,14.866800000000001,34.0668,False,,,0.0,0.0,True,13.0,18.0,19.606799999999996,38.806799999999996,False,,,0.0,0.0
2025-01-20,24,403.118,False,,,0.0,0.0,True,13.0,18.0,244.82760000000002,264.0276,True,2.0,17.0,400.96799999999996,420.16799999999995,True,2.0,17.0,400.96799999999996,420.16799999999995,True,4.0,18.0,300.7676,319.9676,False,,,0.0,0.0
2025-01-21,24,144.31799999999998,False,,,0.0,0.0,True,3.0,17.0,143.998,163.19799999999998,True,3.0,18.0,98.71560000000002,117.91560000000003,True,3.0,18.0,98.71560000000002,117.91560000000003,True,3.0,17.0,143.998,163.19799999999998,True,3.0,17.0,143.998,163.19799999999998
2025-01-22,24,78.652,False,,,0.0,0.0,True,4.0,17.0,49.91080000000001,69.11080000000001,True,3.0,17.0,51.41080000000001,70.61080000000001,True,3.0,17.0,51.41080000000001,70.61080000000001,True,3.0,17.0,51.41080000000001,70.61080000000001,True,3.0,17.0,51.41080000000001,70.61080000000001
2025-01-23,24,29.517600000000005,False,,,0.0,0.0,True,3.0,8.0,27.097600000000003,46.2976,True,4.0,8.0,29.517600000000005,48.717600000000004,False,,,0.0,0.0,True,3.0,8.0,27.097600000000003,46.2976,False,,,0.0,0.0
2025-01-24,24,47.131600000000006,False,,,0.0,0.0,True,4.0,8.0,37.5616,56.7616,True,3.0,8.0,47.131600000000006,66.33160000000001,True,3.0,8.0,47.131600000000006,66.33160000000001,True,4.0,8.0,37.5616,56.7616,False,,,0.0,0.0
2025-01-25,24,60.68000000000002,False,,,0.0,0.0,True,3.0,8.0,-4.499199999999998,14.700800000000001,True,1.0,18.0,54.76000000000002,73.96000000000002,False,,,0.0,0.0,True,3.0,18.0,52.55000000000001,71.75000000000001,False,,,0.0,0.0
2025-01-26,24,12.928400000000014,False,,,0.0,0.0,True,0.0,18.0,-35.98519999999999,-16.78519999999999,True,6.0,18.0,-20.37519999999999,-1.1751999999999896,False,,,0.0,0.0,True,13.0,18.0,0.20480000000000942,19.40480000000001,False,,,0.0,0.0
2025-01-27,24,79.8764,False,,,0.0,0.0,True,13.0,17.0,51.505200000000016,70.70520000000002,True,4.0,18.0,79.8764,99.0764,True,4.0,18.0,79.8764,99.0764,True,3.0,17.0,75.8052,95.0052,False,,,0.0,0.0
2025-01-28,24,61.102000000000004,False,,,0.0,0.0,True,4.0,18.0,28.024800000000003,47.2248,True,2.0,17.0,61.102000000000004,80.302,False,,,0.0,0.0,True,3.0,17.0,49.152,68.352,False,,,0.0,0.0
2025-01-29,24,43.24280000000002,False,,,0.0,0.0,True,2.0,17.0,40.2444,59.4444,True,3.0,17.0,42.764399999999995,61.9644,False,,,0.0,0.0,True,2.0,17.0,40.2444,59.4444,False,,,0.0,0.0
2025-01-30,24,54.32120000000002,False,,,0.0,0.0,True,3.0,18.0,50.30360000000002,69.50360000000002,True,2.0,8.0,34.946000000000026,54.14600000000003,False,,,0.0,0.0,True,4.0,8.0,35.84600000000002,55.04600000000002,False,,,0.0,0.0
2025-01-31,24,38.11919999999999,False,,,0.0,0.0,True,0.0,17.0,31.2392,50.4392,True,4.0,17.0,35.25919999999999,54.459199999999996,False,,,0.0,0.0,True,1.0,17.0,34.1592,53.3592,False,,,0.0,0.0
2025-02-01,24,32.2084,False,,,0.0,0.0,True,3.0,17.0,16.488400000000002,35.6884,True,3.0,18.0,15.789199999999983,34.98919999999998,False,,,0.0,0.0,True,12.0,18.0,24.61919999999998,43.81919999999998,False,,,0.0,0.0
2025-02-02,24,28.953999999999997,False,,,0.0,0.0,True,13.0,17.0,19.827600000000007,39.02760000000001,True,13.0,18.0,27.61080000000003,46.81080000000003,False,,,0.0,0.0,True,13.0,18.0,27.61080000000003,46.81080000000003,False,,,0.0,0.0
2025-02-03,24,84.5316,False,,,0.0,0.0,True,13.0,19.0,50.52199999999999,69.722,True,13.0,18.0,50.1816,69.3816,False,,,0.0,0.0,True,3.0,18.0,45.4316,64.6316,False,,,0.0,0.0
2025-02-04,24,52.65080000000002,False,,,0.0,0.0,True,3.0,8.0,51.84080000000003,71.04080000000003,True,3.0,8.0,51.84080000000003,71.04080000000003,True,3.0,8.0,51.84080000000003,71.04080000000003,True,3.0,8.0,51.84080000000003,71.04080000000003,False,,,0.0,0.0
2025-02-05,24,47.32800000000002,False,,,0.0,0.0,True,2.0,8.0,37.7452,56.9452,True,3.0,17.0,35.6348,54.8348,False,,,0.0,0.0,True,3.0,8.0,38.965199999999996,58.1652,False,,,0.0,0.0
2025-02-06,24,57.666399999999996,False,,,0.0,0.0,True,3.0,18.0,12.6416,31.8416,True,3.0,8.0,57.666399999999996,76.8664,False,,,0.0,0.0,True,3.0,18.0,12.6416,31.8416,False,,,0.0,0.0
2025-02-07,24,27.063200000000013,False,,,0.0,0.0,True,3.0,8.0,26.873200000000015,46.073200000000014,True,3.0,8.0,26.873200000000015,46.073200000000014,False,,,0.0,0.0,True,3.0,8.0,26.873200000000015,46.073200000000014,False,,,0.0,0.0
2025-02-08,24,61.30199999999999,False,,,0.0,0.0,True,4.0,8.0,-6.668799999999987,12.531200000000013,True,12.0,18.0,60.74080000000001,79.94080000000001,False,,,0.0,0.0,True,13.0,18.0,48.60080000000001,67.80080000000001,False,,,0.0,0.0
2025-02-09,24,34.24560000000001,False,,,0.0,0.0,True,12.0,19.0,25.72960000000001,44.92960000000001,True,13.0,18.0,34.24560000000001,53.44560000000001,False,,,0.0,0.0,True,13.0,18.0,34.24560000000001,53.44560000000001,False,,,0.0,0.0
2025-02-10,24,41.80120000000001,False,,,0.0,0.0,True,13.0,18.0,1.8012000000000263,21.001200000000026,True,2.0,7.0,20.638400000000008,39.83840000000001,False,,,0.0,0.0,True,4.0,18.0,5.691200000000027,24.891200000000026,False,,,0.0,0.0
2025-02-11,24,64.43480000000001,False,,,0.0,0.0,True,4.0,8.0,46.4376,65.6376,True,3.0,18.0,60.644800000000004,79.8448,True,3.0,18.0,60.644800000000004,79.8448,True,4.0,8.0,46.4376,65.6376,False,,,0.0,0.0
2025-02-12,24,35.569599999999994,False,,,0.0,0.0,True,1.0,18.0,34.3896,53.589600000000004,True,2.0,18.0,35.339600000000004,54.53960000000001,False,,,0.0,0.0,True,1.0,8.0,18.63,37.83,False,,,0.0,0.0
2025-02-13,24,48.78120000000003,False,,,0.0,0.0,True,3.0,18.0,34.80639999999998,54.006399999999985,True,3.0,18.0,34.80639999999998,54.006399999999985,False,,,0.0,0.0,True,3.0,18.0,34.80639999999998,54.006399999999985,False,,,0.0,0.0
2025-02-14,24,128.14720000000003,False,,,0.0,0.0,True,3.0,8.0,97.5388,116.7388,True,1.0,8.0,92.38879999999999,111.58879999999999,False,,,0.0,0.0,True,3.0,8.0,97.5388,116.7388,False,,,0.0,0.0
2025-02-15,24,31.513999999999985,False,,,0.0,0.0,True,3.0,17.0,13.936800000000009,33.13680000000001,True,1.0,18.0,11.183999999999987,30.383999999999986,True,1.0,18.0,11.183999999999987,30.383999999999986,True,4.0,18.0,23.073999999999987,42.27399999999999,True,4.0,18.0,23.073999999999987,42.27399999999999
2025-02-16,24,18.411599999999996,False,,,0.0,0.0,True,13.0,18.0,18.411599999999996,37.611599999999996,True,11.0,19.0,4.236800000000006,23.436800000000005,False,,,0.0,0.0,True,13.0,18.0,18.411599999999996,37.611599999999996,False,,,0.0,0.0
2025-02-17,24,123.34000000000002,False,,,0.0,0.0,True,13.0,18.0,123.34000000000002,142.54000000000002,True,2.0,18.0,109.78000000000002,128.98000000000002,False,,,0.0,0.0,True,3.0,18.0,104.60000000000002,123.80000000000003,False,,,0.0,0.0
2025-02-18,24,55.67120000000001,False,,,0.0,0.0,True,13.0,18.0,52.644400000000005,71.84440000000001,True,13.0,18.0,52.644400000000005,71.84440000000001,True,13.0,18.0,52.644400000000005,71.84440000000001,True,2.0,18.0,17.614400000000007,36.814400000000006,True,2.0,18.0,17.614400000000007,36.814400000000006
2025-02-19,24,39.36040000000001,False,,,0.0,0.0,True,13.0,17.0,18.837600000000013,38.03760000000001,True,13.0,17.0,18.837600000000013,38.03760000000001,True,13.0,17.0,18.837600000000013,38.03760000000001,True,3.0,8.0,36.57040000000001,55.77040000000001,False,,,0.0,0.0
2025-02-20,24,16.3616,False,,,0.0,0.0,True,4.0,8.0,16.3616,35.5616,True,3.0,7.0,-1.262799999999995,17.937200000000004,False,,,0.0,0.0,True,3.0,8.0,14.901600000000006,34.101600000000005,False,,,0.0,0.0
2025-02-21,24,46.110000000000014,False,,,0.0,0.0,True,4.0,8.0,31.99320000000002,51.19320000000002,True,1.0,8.0,39.40320000000003,58.60320000000003,False,,,0.0,0.0,True,4.0,8.0,31.99320000000002,51.19320000000002,False,,,0.0,0.0
2025-02-22,24,46.365600000000015,False,,,0.0,0.0,True,1.0,7.0,-11.497599999999995,7.702400000000004,True,12.0,18.0,38.82160000000002,58.021600000000014,False,,,0.0,0.0,True,13.0,18.0,26.531600000000015,45.731600000000014,False,,,0.0,0.0
2025-02-23,24,58.36479999999999,False,,,0.0,0.0,True,12.0,19.0,17.338399999999996,36.538399999999996,True,13.0,18.0,53.914799999999985,73.11479999999999,False,,,0.0,0.0,True,13.0,19.0,19.258399999999998,38.4584,False,,,0.0,0.0
2025-02-24,24,80.51320000000003,False,,,0.0,0.0,True,14.0,18.0,21.1852,40.3852,True,3.0,18.0,70.4852,89.68520000000001,True,3.0,18.0,70.4852,89.68520000000001,True,14.0,18.0,21.1852,40.3852,False,,,0.0,0.0
2025-02-25,24,105.296,False,,,0.0,0.0,True,3.0,19.0,59.9828,79.1828,True,3.0,19.0,59.9828,79.1828,False,,,0.0,0.0,True,3.0,19.0,59.9828,79.1828,False,,,0.0,0.0
2025-02-26,24,25.9948,False,,,0.0,0.0,True,1.0,18.0,19.744400000000002,38.9444,True,2.0,18.0,22.624399999999998,41.8244,True,2.0,18.0,22.624399999999998,41.8244,True,1.0,18.0,19.744400000000002,38.9444,False,,,0.0,0.0
2025-02-27,24,41.933200000000014,False,,,0.0,0.0,True,3.0,8.0,27.526000000000028,46.72600000000003,True,3.0,18.0,41.933200000000014,61.133200000000016,False,,,0.0,0.0,True,4.0,8.0,26.696000000000016,45.896000000000015,False,,,0.0,0.0
2025-02-28,24,22.744400000000002,False,,,0.0,0.0,True,3.0,18.0,22.210799999999995,41.410799999999995,True,1.0,18.0,18.600799999999996,37.800799999999995,False,,,0.0,0.0,True,0.0,18.0,13.670800000000003,32.8708,False,,,0.0,0.0
2025-03-01,24,29.39600000000002,False,,,0.0,0.0,True,3.0,8.0,-3.6632,15.5368,True,14.0,18.0,27.276000000000014,46.47600000000001,False,,,0.0,0.0,True,12.0,18.0,24.45600000000002,43.65600000000002,False,,,0.0,0.0
2025-03-02,24,112.372,False,,,0.0,0.0,True,13.0,18.0,109.31280000000002,128.51280000000003,True,13.0,18.0,109.31280000000002,128.51280000000003,True,13.0,18.0,109.31280000000002,128.51280000000003,True,14.0,18.0,109.60280000000002,128.80280000000002,False,,,0.0,0.0
2025-03-03,24,150.02400000000003,False,,,0.0,0.0,True,14.0,19.0,81.2556,100.4556,True,12.0,18.0,149.704,168.904,True,12.0,18.0,149.704,168.904,True,13.0,19.0,142.64560000000003,161.84560000000002,False,,,0.0,0.0
2025-03-04,24,132.9064,False,,,0.0,0.0,True,13.0,18.0,132.9064,152.10639999999998,True,12.0,18.0,126.71639999999998,145.91639999999998,True,12.0,18.0,126.71639999999998,145.91639999999998,True,12.0,18.0,126.71639999999998,145.91639999999998,False,,,0.0,0.0
2025-03-05,24,119.6116,False,,,0.0,0.0,True,13.0,18.0,119.03159999999998,138.2316,True,13.0,18.0,119.03159999999998,138.2316,True,13.0,18.0,119.03159999999998,138.2316,True,13.0,18.0,119.03159999999998,138.2316,False,,,0.0,0.0
2025-03-06,24,132.9112,False,,,0.0,0.0,True,12.0,18.0,132.8512,152.0512,True,12.0,18.0,132.8512,152.0512,True,12.0,18.0,132.8512,152.0512,True,13.0,19.0,117.95199999999998,137.152,False,,,0.0,0.0
2025-03-07,24,172.0288,False,,,0.0,0.0,True,13.0,18.0,172.0288,191.22879999999998,True,12.0,18.0,167.3188,186.5188,True,12.0,18.0,167.3188,186.5188,True,13.0,18.0,172.0288,191.22879999999998,False,,,0.0,0.0
2025-03-08,24,141.26600000000002,False,,,0.0,0.0,True,13.0,18.0,141.026,160.226,True,13.0,18.0,141.026,160.226,True,13.0,18.0,141.026,160.226,True,13.0,18.0,141.026,160.226,True,13.0,18.0,141.026,160.226
2025-03-09,24,108.824,False,,,0.0,0.0,True,12.0,18.0,107.60040000000001,126.80040000000001,True,12.0,18.0,107.60040000000001,126.80040000000001,True,12.0,18.0,107.60040000000001,126.80040000000001,True,13.0,18.0,107.38040000000001,126.58040000000001,True,13.0,18.0,107.38040000000001,126.58040000000001
2025-03-10,24,65.7064,False,,,0.0,0.0,True,12.0,19.0,52.200800000000015,71.40080000000002,True,13.0,18.0,64.4064,83.60640000000001,True,13.0,18.0,64.4064,83.60640000000001,True,12.0,18.0,65.7064,84.9064,True,12.0,18.0,65.7064,84.9064
2025-03-11,24,72.97840000000001,False,,,0.0,0.0,True,12.0,18.0,72.97840000000001,92.17840000000001,True,12.0,18.0,72.97840000000001,92.17840000000001,True,12.0,18.0,72.97840000000001,92.17840000000001,True,13.0,18.0,71.03840000000001,90.23840000000001,False,,,0.0,0.0
2025-03-12,24,67.19000000000001,False,,,0.0,0.0,True,12.0,18.0,66.50000000000001,85.70000000000002,True,2.0,18.0,66.78,85.98,True,2.0,18.0,66.78,85.98,True,12.0,18.0,66.50000000000001,85.70000000000002,False,,,0.0,0.0
2025-03-13,24,43.6824,False,,,0.0,0.0,True,3.0,18.0,36.85600000000002,56.056000000000026,True,3.0,18.0,36.85600000000002,56.056000000000026,True,3.0,18.0,36.85600000000002,56.056000000000026,True,12.0,18.0,23.556000000000015,42.756000000000014,False,,,0.0,0.0
2025-03-14,24,19.873600000000014,False,,,0.0,0.0,True,3.0,19.0,15.807199999999998,35.0072,True,3.0,18.0,19.873600000000014,39.07360000000001,False,,,0.0,0.0,True,2.0,19.0,13.73719999999999,32.93719999999999,False,,,0.0,0.0
2025-03-15,24,55.12320000000001,False,,,0.0,0.0,True,3.0,18.0,10.776000000000014,29.976000000000013,True,13.0,18.0,52.676000000000016,71.87600000000002,False,,,0.0,0.0,True,14.0,18.0,46.16600000000001,65.36600000000001,False,,,0.0,0.0
2025-03-16,24,109.41000000000001,False,,,0.0,0.0,True,13.0,19.0,109.41000000000001,128.61,True,13.0,18.0,100.98280000000001,120.18280000000001,True,13.0,18.0,100.98280000000001,120.18280000000001,True,13.0,18.0,100.98280000000001,120.18280000000001,True,13.0,18.0,100.98280000000001,120.18280000000001
2025-03-17,24,115.99360000000003,False,,,0.0,0.0,True,13.0,19.0,109.25000000000001,128.45000000000002,True,2.0,19.0,58.41,77.61,True,2.0,19.0,58.41,77.61,True,13.0,19.0,109.25000000000001,128.45000000000002,False,,,0.0,0.0
2025-03-18,24,139.49720000000002,False,,,0.0,0.0,True,13.0,18.0,138.33720000000002,157.5372,True,12.0,18.0,139.49720000000002,158.6972,True,12.0,18.0,139.49720000000002,158.6972,True,13.0,18.0,138.33720000000002,157.5372,False,,,0.0,0.0
2025-03-19,24,209.68560000000002,False,,,0.0,0.0,True,12.0,18.0,209.68560000000002,228.8856,True,13.0,18.0,209.37560000000002,228.5756,True,13.0,18.0,209.37560000000002,228.5756,True,13.0,18.0,209.37560000000002,228.5756,False,,,0.0,0.0
2025-03-20,24,238.0344,False,,,0.0,0.0,True,12.0,18.0,238.0344,257.2344,True,12.0,18.0,238.0344,257.2344,True,12.0,18.0,238.0344,257.2344,True,12.0,18.0,238.0344,257.2344,True,12.0,18.0,238.0344,257.2344
2025-03-21,24,91.798,False,,,0.0,0.0,True,12.0,18.0,90.988,110.188,True,13.0,18.0,91.798,110.998,True,13.0,18.0,91.798,110.998,True,13.0,18.0,91.798,110.998,True,13.0,18.0,91.798,110.998
2025-03-22,24,51.2076,False,,,0.0,0.0,True,13.0,18.0,51.0676,70.2676,True,13.0,18.0,51.0676,70.2676,True,13.0,18.0,51.0676,70.2676,True,13.0,18.0,51.0676,70.2676,True,13.0,18.0,51.0676,70.2676
2025-03-23,24,106.89919999999998,False,,,0.0,0.0,True,12.0,18.0,96.11000000000001,115.31000000000002,True,1.0,19.0,92.89919999999998,112.09919999999998,True,1.0,19.0,92.89919999999998,112.09919999999998,True,13.0,18.0,104.59,123.79,False,,,0.0,0.0
2025-03-24,24,76.89080000000003,False,,,0.0,0.0,True,13.0,19.0,57.489999999999995,76.69,True,13.0,18.0,74.96080000000002,94.16080000000002,True,13.0,18.0,74.96080000000002,94.16080000000002,True,13.0,18.0,74.96080000000002,94.16080000000002,True,13.0,18.0,74.96080000000002,94.16080000000002
2025-03-25,24,65.40120000000002,False,,,0.0,0.0,True,3.0,18.0,26.378799999999988,45.57879999999999,True,14.0,18.0,47.34879999999998,66.54879999999999,True,14.0,18.0,47.34879999999998,66.54879999999999,True,12.0,18.0,60.59879999999998,79.79879999999999,False,,,0.0,0.0
2025-03-26,24,52.276799999999994,False,,,0.0,0.0,True,12.0,19.0,41.96679999999999,61.166799999999995,True,13.0,18.0,45.34000000000002,64.54000000000002,True,13.0,18.0,45.34000000000002,64.54000000000002,True,12.0,19.0,41.96679999999999,61.166799999999995,False,,,0.0,0.0
2025-03-27,24,131.174,False,,,0.0,0.0,True,13.0,19.0,131.174,150.374,True,13.0,19.0,131.174,150.374,True,13.0,19.0,131.174,150.374,True,13.0,19.0,131.174,150.374,False,,,0.0,0.0
2025-03-28,24,133.54080000000002,False,,,0.0,0.0,True,13.0,19.0,133.45800000000003,152.65800000000002,True,12.0,18.0,133.5208,152.7208,True,12.0,18.0,133.5208,152.7208,True,13.0,19.0,133.45800000000003,152.65800000000002,True,13.0,19.0,133.45800000000003,152.65800000000002
2025-03-29,24,118.78240000000001,False,,,0.0,0.0,True,13.0,18.0,113.89719999999998,133.0972,True,14.0,19.0,116.90240000000001,136.10240000000002,True,14.0,19.0,116.90240000000001,136.10240000000002,True,13.0,18.0,113.89719999999998,133.0972,True,13.0,18.0,113.89719999999998,133.0972
2025-03-30,23,63.64319999999999,False,,,0.0,0.0,True,13.0,19.0,61.02120000000001,80.22120000000001,True,13.0,19.0,61.02120000000001,80.22120000000001,True,13.0,19.0,61.02120000000001,80.22120000000001,True,13.0,19.0,61.02120000000001,80.22120000000001,True,13.0,19.0,61.02120000000001,80.22120000000001
2025-03-31,24,86.7932,False,,,0.0,0.0,True,14.0,22.0,13.250000000000004,32.45,True,0.0,19.0,84.4732,103.67320000000001,True,0.0,19.0,84.4732,103.67320000000001,True,14.0,19.0,76.4632,95.6632,False,,,0.0,0.0
2025-04-01,24,113.17240000000002,False,,,0.0,0.0,True,1.0,19.0,29.04240000000002,48.24240000000002,True,14.0,19.0,113.17240000000002,132.37240000000003,True,14.0,19.0,113.17240000000002,132.37240000000003,True,14.0,19.0,113.17240000000002,132.37240000000003,False,,,0.0,0.0
2025-04-02,24,117.14200000000001,False,,,0.0,0.0,True,14.0,19.0,117.14200000000001,136.342,True,14.0,19.0,117.14200000000001,136.342,True,14.0,19.0,117.14200000000001,136.342,True,14.0,19.0,117.14200000000001,136.342,False,,,0.0,0.0
2025-04-03,24,139.60160000000002,False,,,0.0,0.0,True,14.0,19.0,137.0516,156.2516,True,13.0,19.0,139.60160000000002,158.8016,True,13.0,19.0,139.60160000000002,158.8016,True,14.0,19.0,137.0516,156.2516,True,14.0,19.0,137.0516,156.2516
2025-04-04,24,136.33880000000002,False,,,0.0,0.0,True,13.0,19.0,136.33880000000002,155.5388,True,14.0,19.0,136.23880000000003,155.43880000000001,True,14.0,19.0,136.23880000000003,155.43880000000001,True,13.0,19.0,136.33880000000002,155.5388,True,13.0,19.0,136.33880000000002,155.5388
2025-04-05,24,121.348,False,,,0.0,0.0,True,13.0,19.0,119.978,139.178,True,14.0,19.0,121.348,140.548,True,14.0,19.0,121.348,140.548,True,14.0,19.0,121.348,140.548,True,14.0,19.0,121.348,140.548
2025-04-06,24,217.63800000000003,False,,,0.0,0.0,True,14.0,19.0,216.4052,235.6052,True,14.0,19.0,216.4052,235.6052,True,14.0,19.0,216.4052,235.6052,True,14.0,19.0,216.4052,235.6052,True,14.0,19.0,216.4052,235.6052
2025-04-07,24,133.584,False,,,0.0,0.0,True,14.0,20.0,128.70600000000002,147.906,True,14.0,19.0,131.834,151.034,True,14.0,19.0,131.834,151.034,True,15.0,19.0,74.794,93.994,True,15.0,19.0,74.794,93.994
2025-04-08,24,129.93800000000005,False,,,0.0,0.0,True,13.0,19.0,129.93800000000005,149.13800000000003,True,13.0,19.0,129.93800000000005,149.13800000000003,True,13.0,19.0,129.93800000000005,149.13800000000003,True,14.0,19.0,118.17800000000001,137.37800000000001,True,14.0,19.0,118.17800000000001,137.37800000000001
2025-04-09,24,101.71159999999999,False,,,0.0,0.0,True,13.0,19.0,95.1244,114.3244,True,14.0,19.0,88.5744,107.7744,True,14.0,19.0,88.5744,107.7744,True,13.0,19.0,95.1244,114.3244,True,13.0,19.0,95.1244,114.3244
2025-04-10,24,109.90639999999998,False,,,0.0,0.0,True,13.0,20.0,104.81639999999999,124.01639999999999,True,14.0,19.0,109.90639999999998,129.10639999999998,True,14.0,19.0,109.90639999999998,129.10639999999998,True,13.0,20.0,104.81639999999999,124.01639999999999,True,13.0,20.0,104.81639999999999,124.01639999999999
2025-04-11,24,128.39000000000001,False,,,0.0,0.0,True,14.0,19.0,107.138,126.33800000000001,True,13.0,20.0,128.39000000000001,147.59,True,13.0,20.0,128.39000000000001,147.59,True,13.0,19.0,108.518,127.718,True,13.0,19.0,108.518,127.718
2025-04-12,24,160.86520000000002,False,,,0.0,0.0,True,13.0,20.0,132.05880000000002,151.2588,True,14.0,19.0,160.86520000000002,180.0652,True,14.0,19.0,160.86520000000002,180.0652,True,14.0,20.0,134.02880000000002,153.2288,True,14.0,20.0,134.02880000000002,153.2288
2025-04-13,24,117.17800000000001,False,,,0.0,0.0,True,14.0,19.0,117.17800000000001,136.37800000000001,True,13.0,19.0,110.63799999999999,129.838,True,13.0,19.0,110.63799999999999,129.838,True,14.0,19.0,117.17800000000001,136.37800000000001,True,14.0,19.0,117.17800000000001,136.37800000000001
2025-04-14,24,84.75999999999999,False,,,0.0,0.0,True,14.0,19.0,82.03999999999999,101.24,True,14.0,19.0,82.03999999999999,101.24,True,14.0,19.0,82.03999999999999,101.24,True,14.0,19.0,82.03999999999999,101.24,True,14.0,19.0,82.03999999999999,101.24
2025-04-15,24,111.0168,False,,,0.0,0.0,True,13.0,19.0,103.69360000000002,122.89360000000002,True,13.0,19.0,103.69360000000002,122.89360000000002,True,13.0,19.0,103.69360000000002,122.89360000000002,True,12.0,19.0,103.61360000000002,122.81360000000002,True,12.0,19.0,103.61360000000002,122.81360000000002
2025-04-16,24,93.1984,False,,,0.0,0.0,True,13.0,20.0,83.96159999999999,103.16159999999999,True,14.0,19.0,90.65840000000001,109.85840000000002,True,14.0,19.0,90.65840000000001,109.85840000000002,True,13.0,19.0,93.1984,112.39840000000001,True,13.0,19.0,93.1984,112.39840000000001
2025-04-17,24,21.830000000000002,False,,,0.0,0.0,True,13.0,19.0,18.44,37.64,True,14.0,19.0,21.730000000000008,40.93000000000001,True,14.0,19.0,21.730000000000008,40.93000000000001,True,13.0,19.0,18.44,37.64,True,13.0,19.0,18.44,37.64
2025-04-18,24,34.55839999999999,False,,,0.0,0.0,True,15.0,19.0,28.71040000000001,47.91040000000001,True,3.0,20.0,19.258399999999998,38.4584,True,3.0,20.0,19.258399999999998,38.4584,True,14.0,19.0,31.43040000000001,50.63040000000001,False,,,0.0,0.0
2025-04-19,24,119.3532,False,,,0.0,0.0,True,14.0,20.0,119.3532,138.5532,True,14.0,19.0,104.75280000000001,123.95280000000001,True,14.0,19.0,104.75280000000001,123.95280000000001,True,14.0,19.0,104.75280000000001,123.95280000000001,False,,,0.0,0.0
2025-04-20,24,166.574,False,,,0.0,0.0,True,14.0,20.0,154.204,173.404,True,13.0,20.0,166.574,185.774,True,13.0,20.0,166.574,185.774,True,13.0,20.0,166.574,185.774,True,13.0,20.0,166.574,185.774
2025-04-21,24,100.37879999999997,False,,,0.0,0.0,True,13.0,20.0,99.89879999999998,119.09879999999998,True,14.0,20.0,100.37879999999997,119.57879999999997,True,14.0,20.0,100.37879999999997,119.57879999999997,True,13.0,20.0,99.89879999999998,119.09879999999998,True,13.0,20.0,99.89879999999998,119.09879999999998
2025-04-22,24,155.28400000000002,False,,,0.0,0.0,True,14.0,20.0,151.47400000000002,170.674,True,14.0,20.0,151.47400000000002,170.674,True,14.0,20.0,151.47400000000002,170.674,True,12.0,20.0,143.024,162.224,True,12.0,20.0,143.024,162.224
2025-04-23,24,44.002399999999994,False,,,0.0,0.0,True,13.0,20.0,37.286399999999986,56.48639999999999,True,14.0,20.0,29.576399999999996,48.776399999999995,True,14.0,20.0,29.576399999999996,48.776399999999995,True,13.0,20.0,37.286399999999986,56.48639999999999,True,13.0,20.0,37.286399999999986,56.48639999999999
2025-04-24,24,14.641200000000001,False,,,0.0,0.0,True,13.0,19.0,7.3187999999999995,26.5188,True,3.0,20.0,7.031200000000002,26.2312,False,,,0.0,0.0,True,13.0,19.0,7.3187999999999995,26.5188,False,,,0.0,0.0
2025-04-25,24,53.68759999999999,False,,,0.0,0.0,True,14.0,20.0,53.68759999999999,72.88759999999999,True,14.0,19.0,46.520799999999994,65.7208,False,,,0.0,0.0,True,14.0,20.0,53.68759999999999,72.88759999999999,False,,,0.0,0.0
2025-04-26,24,94.458,False,,,0.0,0.0,True,14.0,20.0,90.378,109.578,True,14.0,20.0,90.378,109.578,True,14.0,20.0,90.378,109.578,True,14.0,20.0,90.378,109.578,True,14.0,20.0,90.378,109.578
2025-04-27,24,224.90160000000003,False,,,0.0,0.0,True,13.0,20.0,224.90160000000003,244.10160000000002,True,13.0,20.0,224.90160000000003,244.10160000000002,True,13.0,20.0,224.90160000000003,244.10160000000002,True,13.0,20.0,224.90160000000003,244.10160000000002,True,13.0,20.0,224.90160000000003,244.10160000000002
2025-04-28,24,166.20520000000002,False,,,0.0,0.0,True,13.0,20.0,165.92520000000002,185.1252,True,13.0,20.0,165.92520000000002,185.1252,True,13.0,20.0,165.92520000000002,185.1252,True,14.0,20.0,166.20520000000002,185.4052,True,14.0,20.0,166.20520000000002,185.4052
2025-04-29,24,143.47000000000003,False,,,0.0,0.0,True,14.0,20.0,143.24,162.44,True,13.0,20.0,143.47000000000003,162.67000000000002,True,13.0,20.0,143.47000000000003,162.67000000000002,True,13.0,20.0,143.47000000000003,162.67000000000002,True,13.0,20.0,143.47000000000003,162.67000000000002
2025-04-30,24,149.32560000000004,False,,,0.0,0.0,True,13.0,20.0,149.32560000000004,168.52560000000003,True,14.0,20.0,146.11560000000003,165.31560000000002,True,14.0,20.0,146.11560000000003,165.31560000000002,True,13.0,20.0,149.32560000000004,168.52560000000003,False,,,0.0,0.0
2025-05-01,24,262.0196,False,,,0.0,0.0,True,13.0,20.0,262.0196,281.2196,True,14.0,20.0,250.13960000000003,269.3396,True,14.0,20.0,250.13960000000003,269.3396,True,13.0,20.0,262.0196,281.2196,True,13.0,20.0,262.0196,281.2196
2025-05-02,24,123.16800000000002,False,,,0.0,0.0,True,13.0,20.0,122.16800000000002,141.36800000000002,True,13.0,20.0,122.16800000000002,141.36800000000002,True,13.0,20.0,122.16800000000002,141.36800000000002,True,14.0,20.0,123.16800000000002,142.36800000000002,True,14.0,20.0,123.16800000000002,142.36800000000002
2025-05-03,24,66.8884,False,,,0.0,0.0,True,14.0,20.0,66.5384,85.7384,True,13.0,20.0,66.8884,86.08840000000001,True,13.0,20.0,66.8884,86.08840000000001,True,13.0,20.0,66.8884,86.08840000000001,True,13.0,20.0,66.8884,86.08840000000001
2025-05-04,24,89.1996,False,,,0.0,0.0,True,13.0,20.0,83.08,102.28,True,13.0,20.0,83.08,102.28,True,13.0,20.0,83.08,102.28,True,13.0,20.0,83.08,102.28,True,13.0,20.0,83.08,102.28
2025-05-05,24,49.746399999999994,False,,,0.0,0.0,True,14.0,21.0,25.616400000000016,44.816400000000016,True,13.0,20.0,48.900000000000006,68.10000000000001,True,13.0,20.0,48.900000000000006,68.10000000000001,True,14.0,20.0,39.260000000000005,58.46000000000001,True,14.0,20.0,39.260000000000005,58.46000000000001
2025-05-06,24,90.91560000000001,False,,,0.0,0.0,True,13.0,19.0,65.9928,85.1928,True,13.0,20.0,90.91560000000001,110.11560000000001,True,13.0,20.0,90.91560000000001,110.11560000000001,True,13.0,20.0,90.91560000000001,110.11560000000001,False,,,0.0,0.0
2025-05-07,24,52.25800000000001,False,,,0.0,0.0,True,13.0,20.0,52.25800000000001,71.45800000000001,True,13.0,20.0,52.25800000000001,71.45800000000001,True,13.0,20.0,52.25800000000001,71.45800000000001,True,13.0,20.0,52.25800000000001,71.45800000000001,True,13.0,20.0,52.25800000000001,71.45800000000001
2025-05-08,24,87.32360000000001,False,,,0.0,0.0,True,13.0,20.0,87.32360000000001,106.52360000000002,True,13.0,20.0,87.32360000000001,106.52360000000002,True,13.0,20.0,87.32360000000001,106.52360000000002,True,13.0,20.0,87.32360000000001,106.52360000000002,False,,,0.0,0.0
2025-05-09,24,118.73960000000001,False,,,0.0,0.0,True,13.0,20.0,118.0396,137.2396,True,13.0,20.0,118.0396,137.2396,True,13.0,20.0,118.0396,137.2396,True,13.0,20.0,118.0396,137.2396,True,13.0,20.0,118.0396,137.2396
2025-05-10,24,245.474,False,,,0.0,0.0,True,12.0,20.0,189.424,208.624,True,13.0,20.0,245.474,264.674,True,13.0,20.0,245.474,264.674,True,13.0,20.0,245.474,264.674,True,13.0,20.0,245.474,264.674
2025-05-11,24,345.9912,False,,,0.0,0.0,True,13.0,20.0,345.9912,365.1912,True,14.0,20.0,326.6512,345.8512,True,14.0,20.0,326.6512,345.8512,True,14.0,20.0,326.6512,345.8512,True,14.0,20.0,326.6512,345.8512
2025-05-12,24,174.684,False,,,0.0,0.0,True,13.0,20.0,174.684,193.884,True,11.0,20.0,143.594,162.79399999999998,True,11.0,20.0,143.594,162.79399999999998,True,11.0,20.0,143.594,162.79399999999998,True,11.0,20.0,143.594,162.79399999999998
2025-05-13,24,202.49360000000004,False,,,0.0,0.0,True,13.0,20.0,202.49360000000004,221.69360000000003,True,13.0,20.0,202.49360000000004,221.69360000000003,True,13.0,20.0,202.49360000000004,221.69360000000003,True,13.0,20.0,202.49360000000004,221.69360000000003,True,13.0,20.0,202.49360000000004,221.69360000000003
2025-05-14,24,158.394,False,,,0.0,0.0,True,13.0,20.0,156.484,175.684,True,14.0,20.0,158.394,177.594,True,14.0,20.0,158.394,177.594,True,13.0,20.0,156.484,175.684,True,13.0,20.0,156.484,175.684
2025-05-15,24,115.84080000000002,False,,,0.0,0.0,True,14.0,20.0,115.3308,134.5308,True,13.0,20.0,115.84080000000002,135.04080000000002,True,13.0,20.0,115.84080000000002,135.04080000000002,True,14.0,20.0,115.3308,134.5308,True,14.0,20.0,115.3308,134.5308
2025-05-16,24,126.4672,False,,,0.0,0.0,True,13.0,20.0,125.2872,144.4872,True,14.0,20.0,124.86720000000001,144.0672,True,14.0,20.0,124.86720000000001,144.0672,True,14.0,20.0,124.86720000000001,144.0672,True,14.0,20.0,124.86720000000001,144.0672
2025-05-17,24,111.86320000000002,False,,,0.0,0.0,True,12.0,20.0,97.4296,116.6296,True,13.0,20.0,102.4896,121.6896,True,13.0,20.0,102.4896,121.6896,True,12.0,20.0,97.4296,116.6296,True,12.0,20.0,97.4296,116.6296
2025-05-18,24,115.83239999999999,False,,,0.0,0.0,True,14.0,21.0,115.83239999999999,135.0324,True,14.0,21.0,115.83239999999999,135.0324,True,14.0,21.0,115.83239999999999,135.0324,True,12.0,20.0,97.9564,117.1564,True,12.0,20.0,97.9564,117.1564
2025-05-19,24,186.58120000000002,False,,,0.0,0.0,True,14.0,21.0,115.27120000000001,134.4712,True,14.0,20.0,183.58120000000002,202.7812,True,14.0,20.0,183.58120000000002,202.7812,True,14.0,20.0,183.58120000000002,202.7812,True,14.0,20.0,183.58120000000002,202.7812
2025-05-20,24,157.66000000000003,False,,,0.0,0.0,True,13.0,20.0,157.66000000000003,176.86,True,14.0,20.0,157.58,176.78,True,14.0,20.0,157.58,176.78,True,14.0,20.0,157.58,176.78,True,14.0,20.0,157.58,176.78
2025-05-21,24,88.202,False,,,0.0,0.0,True,13.0,20.0,88.202,107.402,True,14.0,20.0,87.532,106.732,True,14.0,20.0,87.532,106.732,True,14.0,20.0,87.532,106.732,True,14.0,20.0,87.532,106.732
2025-05-22,24,113.27,False,,,0.0,0.0,True,13.0,20.0,99.37,118.57000000000001,True,15.0,21.0,108.77000000000001,127.97000000000001,True,15.0,21.0,108.77000000000001,127.97000000000001,True,13.0,20.0,99.37,118.57000000000001,True,13.0,20.0,99.37,118.57000000000001
2025-05-23,24,108.94679999999998,False,,,0.0,0.0,True,14.0,21.0,108.94679999999998,128.14679999999998,True,14.0,21.0,108.94679999999998,128.14679999999998,True,14.0,21.0,108.94679999999998,128.14679999999998,True,14.0,21.0,108.94679999999998,128.14679999999998,True,14.0,21.0,108.94679999999998,128.14679999999998
2025-05-24,24,84.69,False,,,0.0,0.0,True,14.0,21.0,80.4764,99.6764,True,13.0,20.0,83.11,102.31,True,13.0,20.0,83.11,102.31,True,14.0,21.0,80.4764,99.6764,True,14.0,21.0,80.4764,99.6764
2025-05-25,24,84.6672,False,,,0.0,0.0,True,15.0,20.0,77.75,96.95,True,15.0,22.0,79.80160000000001,99.00160000000001,True,15.0,22.0,79.80160000000001,99.00160000000001,True,12.0,21.0,79.8672,99.0672,True,14.0,21.0,84.6672,103.8672
2025-05-26,24,138.53040000000001,False,,,0.0,0.0,True,14.0,21.0,130.6244,149.8244,True,14.0,20.0,138.26040000000003,157.46040000000002,True,14.0,20.0,138.26040000000003,157.46040000000002,True,14.0,20.0,138.26040000000003,157.46040000000002,True,14.0,20.0,138.26040000000003,157.46040000000002
2025-05-27,24,107.372,False,,,0.0,0.0,True,13.0,20.0,107.372,126.572,True,14.0,20.0,107.30199999999999,126.502,True,14.0,20.0,107.30199999999999,126.502,True,14.0,20.0,107.30199999999999,126.502,True,14.0,20.0,107.30199999999999,126.502
2025-05-28,24,67.4172,False,,,0.0,0.0,True,13.0,20.0,46.81360000000001,66.01360000000001,True,15.0,20.0,62.7436,81.9436,True,15.0,20.0,62.7436,81.9436,True,14.0,20.0,51.633600000000015,70.83360000000002,True,14.0,20.0,51.633600000000015,70.83360000000002
2025-05-29,24,56.574,False,,,0.0,0.0,True,15.0,21.0,50.61160000000001,69.81160000000001,True,14.0,20.0,53.7864,72.9864,True,14.0,20.0,53.7864,72.9864,True,15.0,21.0,50.61160000000001,69.81160000000001,True,15.0,21.0,50.61160000000001,69.81160000000001
2025-05-30,24,118.11879999999998,False,,,0.0,0.0,True,14.0,19.0,86.6928,105.89280000000001,True,15.0,21.0,116.35879999999999,135.5588,True,15.0,21.0,116.35879999999999,135.5588,True,14.0,21.0,118.01879999999998,137.2188,False,,,0.0,0.0
2025-05-31,24,170.9504,False,,,0.0,0.0,True,13.0,21.0,170.9504,190.1504,True,13.0,21.0,170.9504,190.1504,True,13.0,21.0,170.9504,190.1504,True,13.0,21.0,170.9504,190.1504,True,13.0,21.0,170.9504,190.1504
2025-06-01,24,99.5212,False,,,0.0,0.0,True,13.0,21.0,92.04119999999999,111.24119999999999,True,14.0,21.0,99.5212,118.7212,True,14.0,21.0,99.5212,118.7212,True,13.0,21.0,92.04119999999999,111.24119999999999,True,13.0,21.0,92.04119999999999,111.24119999999999
2025-06-02,24,195.54040000000003,False,,,0.0,0.0,True,14.0,21.0,195.54040000000003,214.74040000000002,True,14.0,20.0,150.0372,169.2372,True,14.0,20.0,150.0372,169.2372,True,13.0,20.0,148.2572,167.4572,True,13.0,20.0,148.2572,167.4572
2025-06-03,24,107.38800000000002,False,,,0.0,0.0,True,14.0,21.0,88.4268,107.6268,True,13.0,21.0,87.1068,106.30680000000001,True,13.0,21.0,87.1068,106.30680000000001,True,13.0,21.0,87.1068,106.30680000000001,True,13.0,21.0,87.1068,106.30680000000001
2025-06-04,24,148.532,False,,,0.0,0.0,True,14.0,20.0,139.96200000000002,159.162,True,13.0,21.0,98.8244,118.0244,True,13.0,21.0,98.8244,118.0244,True,14.0,20.0,139.96200000000002,159.162,True,14.0,20.0,139.96200000000002,159.162
2025-06-05,24,99.218,False,,,0.0,0.0,True,13.0,20.0,95.25800000000001,114.45800000000001,True,14.0,20.0,99.218,118.418,True,14.0,20.0,99.218,118.418,True,14.0,20.0,99.218,118.418,True,14.0,20.0,99.218,118.418
2025-06-06,24,104.8068,False,,,0.0,0.0,True,14.0,20.0,89.42439999999999,108.6244,True,14.0,20.0,89.42439999999999,108.6244,True,14.0,20.0,89.42439999999999,108.6244,True,14.0,20.0,89.42439999999999,108.6244,True,14.0,20.0,89.42439999999999,108.6244
2025-06-07,24,83.10920000000002,False,,,0.0,0.0,True,14.0,21.0,82.2592,101.45920000000001,True,15.0,20.0,81.928,101.128,True,15.0,20.0,81.928,101.128,True,14.0,21.0,82.2592,101.45920000000001,True,14.0,21.0,82.2592,101.45920000000001
2025-06-08,24,97.84599999999999,False,,,0.0,0.0,True,16.0,21.0,83.676,102.876,True,15.0,21.0,97.84599999999999,117.04599999999999,True,15.0,21.0,97.84599999999999,117.04599999999999,True,14.0,21.0,97.34599999999999,116.54599999999999,True,14.0,21.0,97.34599999999999,116.54599999999999
2025-06-09,24,136.6764,False,,,0.0,0.0,True,15.0,21.0,121.8464,141.0464,True,15.0,21.0,121.8464,141.0464,True,15.0,21.0,121.8464,141.0464,True,14.0,21.0,133.1064,152.3064,True,14.0,21.0,133.1064,152.3064
2025-06-10,24,75.1648,False,,,0.0,0.0,True,13.0,21.0,67.1076,86.30760000000001,True,14.0,21.0,69.03760000000001,88.23760000000001,True,14.0,21.0,69.03760000000001,88.23760000000001,True,14.0,20.0,62.31240000000001,81.51240000000001,True,14.0,20.0,62.31240000000001,81.51240000000001
2025-06-11,24,183.84000000000003,False,,,0.0,0.0,True,14.0,22.0,93.99280000000002,113.19280000000002,True,14.0,20.0,183.84000000000003,203.04000000000002,True,14.0,20.0,183.84000000000003,203.04000000000002,True,14.0,21.0,149.8,169.0,True,14.0,21.0,149.8,169.0
2025-06-12,24,130.14000000000001,False,,,0.0,0.0,True,14.0,20.0,127.71000000000002,146.91000000000003,True,14.0,20.0,127.71000000000002,146.91000000000003,True,14.0,20.0,127.71000000000002,146.91000000000003,True,14.0,20.0,127.71000000000002,146.91000000000003,True,14.0,20.0,127.71000000000002,146.91000000000003
2025-06-13,24,89.18480000000001,False,,,0.0,0.0,True,13.0,20.0,89.18480000000001,108.38480000000001,True,14.0,20.0,89.10480000000001,108.30480000000001,True,14.0,20.0,89.10480000000001,108.30480000000001,True,14.0,20.0,89.10480000000001,108.30480000000001,True,14.0,20.0,89.10480000000001,108.30480000000001
2025-06-14,24,135.88840000000002,False,,,0.0,0.0,True,13.0,20.0,135.88840000000002,155.0884,True,14.0,20.0,123.6384,142.8384,True,14.0,20.0,123.6384,142.8384,True,14.0,20.0,123.6384,142.8384,True,14.0,20.0,123.6384,142.8384
2025-06-15,24,111.00560000000003,False,,,0.0,0.0,True,13.0,20.0,91.8328,111.03280000000001,True,14.0,20.0,91.2228,110.42280000000001,True,14.0,20.0,91.2228,110.42280000000001,True,13.0,20.0,91.8328,111.03280000000001,True,13.0,20.0,91.8328,111.03280000000001
2025-06-16,24,155.60000000000002,False,,,0.0,0.0,True,13.0,21.0,155.53000000000003,174.73000000000002,True,14.0,21.0,155.60000000000002,174.8,True,14.0,21.0,155.60000000000002,174.8,True,14.0,21.0,155.60000000000002,174.8,True,14.0,21.0,155.60000000000002,174.8
2025-06-17,24,209.45600000000002,False,,,0.0,0.0,True,14.0,21.0,209.0696,228.2696,True,13.0,21.0,207.77960000000002,226.9796,True,13.0,21.0,207.77960000000002,226.9796,True,14.0,21.0,209.0696,228.2696,True,14.0,21.0,209.0696,228.2696
2025-06-18,24,144.39440000000002,False,,,0.0,0.0,True,14.0,20.0,112.81080000000001,132.01080000000002,True,14.0,21.0,144.39440000000002,163.5944,True,14.0,21.0,144.39440000000002,163.5944,True,14.0,20.0,112.81080000000001,132.01080000000002,True,14.0,20.0,112.81080000000001,132.01080000000002
2025-06-19,24,176.69600000000003,False,,,0.0,0.0,True,14.0,21.0,176.20600000000002,195.406,True,15.0,21.0,151.04600000000002,170.246,True,15.0,21.0,151.04600000000002,170.246,True,14.0,21.0,176.20600000000002,195.406,True,14.0,21.0,176.20600000000002,195.406
2025-06-20,24,166.98680000000002,False,,,0.0,0.0,True,13.0,21.0,146.1396,165.3396,True,13.0,20.0,166.98680000000002,186.1868,True,13.0,20.0,166.98680000000002,186.1868,True,15.0,21.0,144.2296,163.4296,True,15.0,21.0,144.2296,163.4296
2025-06-21,24,162.85600000000002,False,,,0.0,0.0,True,13.0,20.0,154.98080000000002,174.1808,True,13.0,20.0,154.98080000000002,174.1808,True,13.0,20.0,154.98080000000002,174.1808,True,13.0,20.0,154.98080000000002,174.1808,True,13.0,20.0,154.98080000000002,174.1808
2025-06-22,24,203.39360000000005,False,,,0.0,0.0,True,13.0,21.0,203.39360000000005,222.59360000000004,True,14.0,21.0,185.38360000000003,204.58360000000002,True,14.0,21.0,185.38360000000003,204.58360000000002,True,12.0,21.0,171.79360000000003,190.99360000000001,True,12.0,21.0,171.79360000000003,190.99360000000001
2025-06-23,24,103.5076,False,,,0.0,0.0,True,13.0,21.0,90.05,109.25,True,14.0,21.0,96.35,115.55,True,14.0,21.0,96.35,115.55,True,15.0,21.0,96.28999999999999,115.49,True,15.0,21.0,96.28999999999999,115.49
2025-06-24,24,117.538,False,,,0.0,0.0,True,14.0,22.0,89.68719999999999,108.88719999999999,True,16.0,21.0,96.5508,115.7508,True,16.0,21.0,96.5508,115.7508,True,14.0,20.0,114.058,133.258,True,14.0,20.0,114.058,133.258
2025-06-25,24,208.56840000000003,False,,,0.0,0.0,True,13.0,20.0,164.94,184.14,True,15.0,21.0,208.05840000000003,227.25840000000002,True,15.0,21.0,208.05840000000003,227.25840000000002,True,13.0,21.0,208.19840000000002,227.3984,True,13.0,21.0,208.19840000000002,227.3984
2025-06-26,24,31.758800000000004,False,,,0.0,0.0,True,14.0,21.0,21.680000000000003,40.88,True,15.0,21.0,23.81,43.01,True,15.0,21.0,23.81,43.01,True,14.0,21.0,21.680000000000003,40.88,True,14.0,21.0,21.680000000000003,40.88
2025-06-27,24,97.0748,False,,,0.0,0.0,True,15.0,22.0,87.0608,106.2608,True,14.0,21.0,97.0748,116.2748,True,14.0,21.0,97.0748,116.2748,True,15.0,20.0,85.7912,104.9912,False,,,0.0,0.0
2025-06-28,24,97.8412,False,,,0.0,0.0,True,14.0,21.0,97.8412,117.0412,True,14.0,21.0,97.8412,117.0412,True,14.0,21.0,97.8412,117.0412,True,14.0,21.0,97.8412,117.0412,True,14.0,21.0,97.8412,117.0412
2025-06-29,24,113.4344,False,,,0.0,0.0,True,14.0,21.0,113.4344,132.6344,True,14.0,22.0,109.44160000000001,128.6416,True,14.0,22.0,109.44160000000001,128.6416,True,14.0,21.0,113.4344,132.6344,True,14.0,21.0,113.4344,132.6344
2025-06-30,24,236.69240000000005,False,,,0.0,0.0,True,14.0,21.0,175.83200000000002,195.032,True,13.0,20.0,236.69240000000005,255.89240000000004,True,13.0,20.0,236.69240000000005,255.89240000000004,True,14.0,21.0,175.83200000000002,195.032,False,,,0.0,0.0
2025-07-01,24,376.42480000000006,False,,,0.0,0.0,True,13.0,20.0,376.42480000000006,395.62480000000005,True,13.0,20.0,376.42480000000006,395.62480000000005,True,13.0,20.0,376.42480000000006,395.62480000000005,True,14.0,20.0,361.24480000000005,380.44480000000004,True,14.0,20.0,361.24480000000005,380.44480000000004
2025-07-02,24,169.0744,False,,,0.0,0.0,True,13.0,20.0,169.0744,188.27439999999999,True,13.0,20.0,169.0744,188.27439999999999,True,13.0,20.0,169.0744,188.27439999999999,True,13.0,20.0,169.0744,188.27439999999999,True,13.0,20.0,169.0744,188.27439999999999
2025-07-03,24,109.4164,False,,,0.0,0.0,True,13.0,20.0,82.09320000000001,101.29320000000001,True,14.0,20.0,91.28320000000001,110.48320000000001,True,14.0,20.0,91.28320000000001,110.48320000000001,True,13.0,20.0,82.09320000000001,101.29320000000001,True,13.0,20.0,82.09320000000001,101.29320000000001
2025-07-04,24,120.45200000000001,False,,,0.0,0.0,True,14.0,21.0,120.26200000000001,139.46200000000002,True,14.0,20.0,102.45080000000002,121.65080000000002,True,14.0,20.0,102.45080000000002,121.65080000000002,True,14.0,21.0,120.26200000000001,139.46200000000002,True,14.0,21.0,120.26200000000001,139.46200000000002
2025-07-05,24,96.1832,False,,,0.0,0.0,True,13.0,21.0,95.97319999999999,115.1732,True,15.0,21.0,95.9332,115.1332,True,15.0,21.0,95.9332,115.1332,True,14.0,21.0,96.0332,115.2332,True,14.0,21.0,96.0332,115.2332
2025-07-06,24,89.98680000000002,False,,,0.0,0.0,True,16.0,21.0,25.06680000000002,44.26680000000002,True,13.0,21.0,89.98680000000002,109.18680000000002,True,13.0,21.0,89.98680000000002,109.18680000000002,True,12.0,21.0,85.5768,104.77680000000001,True,12.0,21.0,85.5768,104.77680000000001
2025-07-07,24,31.412800000000008,False,,,0.0,0.0,True,13.0,21.0,10.926400000000005,30.126400000000004,True,14.0,20.0,17.277600000000003,36.4776,True,14.0,20.0,17.277600000000003,36.4776,True,13.0,20.0,-0.7023999999999937,18.497600000000006,True,13.0,20.0,-0.7023999999999937,18.497600000000006
2025-07-08,24,41.23280000000001,False,,,0.0,0.0,True,15.0,22.0,33.46800000000002,52.66800000000001,True,14.0,21.0,41.23280000000001,60.43280000000001,True,14.0,21.0,41.23280000000001,60.43280000000001,True,14.0,21.0,41.23280000000001,60.43280000000001,False,,,0.0,0.0
2025-07-09,24,70.20080000000002,False,,,0.0,0.0,True,14.0,21.0,70.20080000000002,89.40080000000002,True,14.0,20.0,67.53280000000001,86.73280000000001,True,14.0,20.0,67.53280000000001,86.73280000000001,True,13.0,20.0,58.62280000000001,77.82280000000002,False,,,0.0,0.0
2025-07-10,24,65.1864,False,,,0.0,0.0,True,14.0,21.0,63.33399999999999,82.53399999999999,True,14.0,21.0,63.33399999999999,82.53399999999999,True,14.0,21.0,63.33399999999999,82.53399999999999,True,14.0,21.0,63.33399999999999,82.53399999999999,True,14.0,21.0,63.33399999999999,82.53399999999999
2025-07-11,24,57.393600000000006,False,,,0.0,0.0,True,13.0,20.0,46.74000000000001,65.94000000000001,True,14.0,20.0,56.86,76.06,True,14.0,20.0,56.86,76.06,True,14.0,20.0,56.86,76.06,False,,,0.0,0.0
2025-07-12,24,95.8184,False,,,0.0,0.0,True,14.0,21.0,95.8184,115.0184,True,14.0,21.0,95.8184,115.0184,True,14.0,21.0,95.8184,115.0184,True,14.0,21.0,95.8184,115.0184,True,14.0,21.0,95.8184,115.0184
2025-07-13,24,98.284,False,,,0.0,0.0,True,13.0,21.0,98.284,117.48400000000001,True,14.0,21.0,98.284,117.48400000000001,True,14.0,21.0,98.284,117.48400000000001,True,13.0,21.0,98.284,117.48400000000001,True,13.0,21.0,98.284,117.48400000000001
2025-07-14,24,55.22440000000002,False,,,0.0,0.0,True,12.0,21.0,40.064400000000006,59.26440000000001,True,15.0,21.0,55.22440000000002,74.42440000000002,True,15.0,21.0,55.22440000000002,74.42440000000002,True,15.0,21.0,55.22440000000002,74.42440000000002,False,,,0.0,0.0
2025-07-15,24,71.23080000000002,False,,,0.0,0.0,True,15.0,21.0,68.86080000000003,88.06080000000003,True,14.0,21.0,71.23080000000002,90.43080000000002,True,14.0,21.0,71.23080000000002,90.43080000000002,True,14.0,20.0,50.7976,69.9976,False,,,0.0,0.0
2025-07-16,24,31.45679999999999,False,,,0.0,0.0,True,14.0,21.0,31.45679999999999,50.65679999999999,True,14.0,21.0,31.45679999999999,50.65679999999999,True,14.0,21.0,31.45679999999999,50.65679999999999,True,14.0,21.0,31.45679999999999,50.65679999999999,False,,,0.0,0.0
2025-07-17,24,52.46000000000001,False,,,0.0,0.0,True,14.0,21.0,52.46000000000001,71.66000000000001,True,14.0,21.0,52.46000000000001,71.66000000000001,True,14.0,21.0,52.46000000000001,71.66000000000001,True,14.0,21.0,52.46000000000001,71.66000000000001,False,,,0.0,0.0
2025-07-18,24,44.426000000000016,False,,,0.0,0.0,True,14.0,21.0,42.48480000000001,61.68480000000001,True,14.0,21.0,42.48480000000001,61.68480000000001,True,14.0,21.0,42.48480000000001,61.68480000000001,True,14.0,21.0,42.48480000000001,61.68480000000001,False,,,0.0,0.0
2025-07-19,24,86.1224,False,,,0.0,0.0,True,14.0,20.0,84.6404,103.8404,True,13.0,20.0,84.6504,103.85040000000001,True,13.0,20.0,84.6504,103.85040000000001,True,14.0,21.0,80.2336,99.4336,False,,,0.0,0.0
2025-07-20,24,87.53,False,,,0.0,0.0,True,13.0,19.0,83.85000000000001,103.05000000000001,True,13.0,21.0,86.6192,105.81920000000001,True,13.0,21.0,86.6192,105.81920000000001,True,13.0,21.0,86.6192,105.81920000000001,True,13.0,21.0,86.6192,105.81920000000001
2025-07-21,24,17.505200000000006,False,,,0.0,0.0,True,13.0,20.0,12.459999999999997,31.659999999999997,True,15.0,20.0,6.2300000000000075,25.430000000000007,False,,,0.0,0.0,True,14.0,20.0,8.399999999999995,27.599999999999994,False,,,0.0,0.0
2025-07-22,24,84.7924,False,,,0.0,0.0,True,1.0,7.0,-5.86239999999999,13.337600000000009,True,15.0,21.0,80.8024,100.00240000000001,True,15.0,21.0,80.8024,100.00240000000001,True,13.0,21.0,74.9624,94.1624,False,,,0.0,0.0
2025-07-23,24,67.23079999999999,False,,,0.0,0.0,True,14.0,21.0,64.1408,83.3408,True,14.0,21.0,64.1408,83.3408,True,14.0,21.0,64.1408,83.3408,True,14.0,21.0,64.1408,83.3408,False,,,0.0,0.0
2025-07-24,24,42.197199999999995,False,,,0.0,0.0,True,13.0,21.0,29.758799999999997,48.9588,True,14.0,21.0,28.138800000000007,47.338800000000006,True,14.0,21.0,28.138800000000007,47.338800000000006,True,14.0,21.0,28.138800000000007,47.338800000000006,False,,,0.0,0.0
2025-07-25,24,16.003199999999996,False,,,0.0,0.0,True,13.0,20.0,2.6376000000000097,21.83760000000001,True,14.0,20.0,5.02760000000001,24.22760000000001,True,14.0,20.0,5.02760000000001,24.22760000000001,True,13.0,20.0,2.6376000000000097,21.83760000000001,False,,,0.0,0.0
2025-07-26,24,47.8344,False,,,0.0,0.0,True,14.0,21.0,47.61439999999999,66.81439999999999,True,14.0,20.0,42.903999999999996,62.104,True,14.0,20.0,42.903999999999996,62.104,True,14.0,21.0,47.61439999999999,66.81439999999999,False,,,0.0,0.0
2025-07-27,24,77.4832,False,,,0.0,0.0,True,13.0,21.0,71.2932,90.4932,True,14.0,21.0,77.4832,96.6832,True,14.0,21.0,77.4832,96.6832,True,14.0,21.0,77.4832,96.6832,True,14.0,21.0,77.4832,96.6832
2025-07-28,24,17.662800000000008,False,,,0.0,0.0,True,14.0,21.0,17.662800000000008,36.86280000000001,True,15.0,20.0,11.83880000000001,31.03880000000001,False,,,0.0,0.0,True,13.0,20.0,8.288800000000013,27.488800000000012,False,,,0.0,0.0
2025-07-29,24,95.65920000000001,False,,,0.0,0.0,True,14.0,21.0,95.65920000000001,114.85920000000002,True,14.0,21.0,95.65920000000001,114.85920000000002,True,14.0,21.0,95.65920000000001,114.85920000000002,True,14.0,21.0,95.65920000000001,114.85920000000002,False,,,0.0,0.0
2025-07-30,24,70.44439999999999,False,,,0.0,0.0,True,14.0,21.0,70.38,89.58,True,14.0,21.0,70.38,89.58,True,14.0,21.0,70.38,89.58,True,13.0,21.0,63.39,82.59,True,13.0,21.0,63.39,82.59
2025-07-31,24,63.748400000000004,False,,,0.0,0.0,True,14.0,20.0,63.748400000000004,82.9484,True,14.0,20.0,63.748400000000004,82.9484,True,14.0,20.0,63.748400000000004,82.9484,True,14.0,20.0,63.748400000000004,82.9484,False,,,0.0,0.0
2025-08-01,24,41.4316,False,,,0.0,0.0,True,14.0,20.0,41.4316,60.631600000000006,True,14.0,20.0,41.4316,60.631600000000006,False,,,0.0,0.0,True,14.0,20.0,41.4316,60.631600000000006,False,,,0.0,0.0
2025-08-02,24,81.5308,False,,,0.0,0.0,True,14.0,20.0,81.5308,100.7308,True,14.0,20.0,81.5308,100.7308,True,14.0,20.0,81.5308,100.7308,True,14.0,21.0,80.5464,99.74640000000001,False,,,0.0,0.0
2025-08-03,24,80.9204,False,,,0.0,0.0,True,13.0,20.0,80.74040000000001,99.94040000000001,True,14.0,20.0,80.9204,100.1204,True,14.0,20.0,80.9204,100.1204,True,14.0,20.0,80.9204,100.1204,True,14.0,20.0,80.9204,100.1204
2025-08-04,24,58.55680000000001,False,,,0.0,0.0,True,14.0,20.0,53.9332,73.1332,True,2.0,8.0,4.154799999999998,23.354799999999997,True,2.0,8.0,4.154799999999998,23.354799999999997,True,14.0,20.0,53.9332,73.1332,False,,,0.0,0.0
2025-08-05,24,91.208,False,,,0.0,0.0,True,15.0,19.0,57.4016,76.6016,True,15.0,21.0,89.298,108.498,True,15.0,21.0,89.298,108.498,True,13.0,20.0,73.0724,92.2724,False,,,0.0,0.0
2025-08-06,24,149.1372,False,,,0.0,0.0,True,14.0,21.0,131.31360000000004,150.51360000000003,True,14.0,21.0,131.31360000000004,150.51360000000003,True,14.0,21.0,131.31360000000004,150.51360000000003,True,12.0,21.0,133.78360000000004,152.98360000000002,False,,,0.0,0.0
2025-08-07,24,113.37480000000001,False,,,0.0,0.0,True,13.0,20.0,113.37480000000001,132.5748,True,13.0,20.0,113.37480000000001,132.5748,True,13.0,20.0,113.37480000000001,132.5748,True,14.0,20.0,111.67479999999999,130.8748,True,14.0,20.0,111.67479999999999,130.8748
2025-08-08,24,120.2092,False,,,0.0,0.0,True,13.0,20.0,113.86039999999998,133.0604,True,14.0,20.0,113.8704,133.0704,True,14.0,20.0,113.8704,133.0704,True,14.0,20.0,113.8704,133.0704,True,14.0,20.0,113.8704,133.0704
2025-08-09,24,113.58040000000001,False,,,0.0,0.0,True,14.0,21.0,105.93520000000001,125.13520000000001,True,13.0,20.0,113.35040000000002,132.55040000000002,True,13.0,20.0,113.35040000000002,132.55040000000002,True,14.0,21.0,105.93520000000001,125.13520000000001,True,14.0,21.0,105.93520000000001,125.13520000000001
2025-08-10,24,154.53400000000002,False,,,0.0,0.0,True,14.0,20.0,141.17400000000004,160.37400000000002,True,14.0,21.0,144.394,163.594,True,14.0,21.0,144.394,163.594,True,13.0,20.0,151.31400000000002,170.514,True,13.0,20.0,151.31400000000002,170.514
2025-08-11,24,157.394,False,,,0.0,0.0,True,13.0,21.0,108.5696,127.7696,True,13.0,20.0,157.394,176.594,True,13.0,20.0,157.394,176.594,True,13.0,20.0,157.394,176.594,True,13.0,20.0,157.394,176.594
2025-08-12,24,121.4672,False,,,0.0,0.0,True,12.0,20.0,116.08720000000001,135.2872,True,13.0,20.0,121.4672,140.6672,True,13.0,20.0,121.4672,140.6672,True,14.0,20.0,119.3172,138.5172,True,14.0,20.0,119.3172,138.5172
2025-08-13,24,161.41880000000003,False,,,0.0,0.0,True,13.0,20.0,161.41880000000003,180.61880000000002,True,13.0,20.0,161.41880000000003,180.61880000000002,True,13.0,20.0,161.41880000000003,180.61880000000002,True,13.0,20.0,161.41880000000003,180.61880000000002,True,13.0,20.0,161.41880000000003,180.61880000000002
2025-08-14,24,200.95880000000002,False,,,0.0,0.0,True,13.0,20.0,200.95880000000002,220.1588,True,13.0,20.0,200.95880000000002,220.1588,True,13.0,20.0,200.95880000000002,220.1588,True,13.0,20.0,200.95880000000002,220.1588,True,13.0,20.0,200.95880000000002,220.1588
2025-08-15,24,94.8892,False,,,0.0,0.0,True,13.0,20.0,94.8892,114.0892,True,13.0,20.0,94.8892,114.0892,True,13.0,20.0,94.8892,114.0892,True,13.0,20.0,94.8892,114.0892,True,13.0,20.0,94.8892,114.0892
2025-08-16,24,75.22040000000001,False,,,0.0,0.0,True,13.0,20.0,75.22040000000001,94.42040000000001,True,14.0,20.0,75.22040000000001,94.42040000000001,True,14.0,20.0,75.22040000000001,94.42040000000001,True,13.0,20.0,75.22040000000001,94.42040000000001,True,13.0,20.0,75.22040000000001,94.42040000000001
2025-08-17,24,83.85719999999999,False,,,0.0,0.0,True,13.0,20.0,83.5372,102.7372,True,14.0,20.0,83.85719999999999,103.0572,True,14.0,20.0,83.85719999999999,103.0572,True,13.0,20.0,83.5372,102.7372,True,13.0,20.0,83.5372,102.7372
2025-08-18,24,148.1964,False,,,0.0,0.0,True,14.0,20.0,144.0864,163.2864,True,13.0,20.0,148.1964,167.3964,True,13.0,20.0,148.1964,167.3964,True,14.0,19.0,133.12,152.32,True,14.0,19.0,133.12,152.32
2025-08-19,24,90.16040000000001,False,,,0.0,0.0,True,13.0,20.0,90.16040000000001,109.36040000000001,True,13.0,20.0,90.16040000000001,109.36040000000001,True,13.0,20.0,90.16040000000001,109.36040000000001,True,13.0,20.0,90.16040000000001,109.36040000000001,True,13.0,20.0,90.16040000000001,109.36040000000001
2025-08-20,24,70.138,False,,,0.0,0.0,True,13.0,20.0,61.821200000000005,81.02120000000001,True,13.0,20.0,61.821200000000005,81.02120000000001,True,13.0,20.0,61.821200000000005,81.02120000000001,True,13.0,20.0,61.821200000000005,81.02120000000001,True,13.0,20.0,61.821200000000005,81.02120000000001
2025-08-21,24,26.411600000000018,False,,,0.0,0.0,True,13.0,19.0,12.588799999999996,31.788799999999995,True,14.0,19.0,22.4188,41.6188,True,14.0,19.0,22.4188,41.6188,True,13.0,19.0,12.588799999999996,31.788799999999995,True,13.0,19.0,12.588799999999996,31.788799999999995
2025-08-22,24,84.74000000000001,False,,,0.0,0.0,True,14.0,20.0,84.74000000000001,103.94000000000001,True,14.0,20.0,84.74000000000001,103.94000000000001,True,14.0,20.0,84.74000000000001,103.94000000000001,True,14.0,20.0,84.74000000000001,103.94000000000001,False,,,0.0,0.0
2025-08-23,24,94.5164,False,,,0.0,0.0,True,14.0,20.0,94.50640000000001,113.70640000000002,True,14.0,21.0,91.52560000000001,110.72560000000001,True,14.0,21.0,91.52560000000001,110.72560000000001,True,14.0,20.0,94.50640000000001,113.70640000000002,True,14.0,20.0,94.50640000000001,113.70640000000002
2025-08-24,24,96.1752,False,,,0.0,0.0,True,13.0,20.0,96.1752,115.3752,True,14.0,21.0,93.3744,112.5744,True,14.0,21.0,93.3744,112.5744,True,14.0,20.0,96.1252,115.32520000000001,True,14.0,20.0,96.1252,115.32520000000001
2025-08-25,24,189.0644,False,,,0.0,0.0,True,13.0,20.0,189.0644,208.2644,True,13.0,20.0,189.0644,208.2644,True,13.0,20.0,189.0644,208.2644,True,14.0,20.0,188.2144,207.4144,True,14.0,20.0,188.2144,207.4144
2025-08-26,24,135.64960000000002,False,,,0.0,0.0,True,13.0,20.0,120.27639999999998,139.47639999999998,True,13.0,20.0,120.27639999999998,139.47639999999998,True,13.0,20.0,120.27639999999998,139.47639999999998,True,12.0,20.0,104.60639999999998,123.80639999999998,True,12.0,20.0,104.60639999999998,123.80639999999998
2025-08-27,24,134.42440000000002,False,,,0.0,0.0,True,13.0,19.0,134.42440000000002,153.6244,True,13.0,19.0,134.42440000000002,153.6244,True,13.0,19.0,134.42440000000002,153.6244,True,13.0,19.0,134.42440000000002,153.6244,True,13.0,19.0,134.42440000000002,153.6244
2025-08-28,24,86.91000000000001,False,,,0.0,0.0,True,13.0,19.0,73.04000000000002,92.24000000000002,True,14.0,19.0,73.11000000000001,92.31000000000002,True,14.0,19.0,73.11000000000001,92.31000000000002,True,14.0,19.0,73.11000000000001,92.31000000000002,True,14.0,19.0,73.11000000000001,92.31000000000002
2025-08-29,24,62.70559999999999,False,,,0.0,0.0,True,3.0,19.0,35.075599999999994,54.2756,True,14.0,19.0,57.0256,76.2256,True,14.0,19.0,57.0256,76.2256,True,2.0,19.0,33.5656,52.765600000000006,True,2.0,19.0,33.5656,52.765600000000006
2025-08-30,24,100.76159999999999,False,,,0.0,0.0,True,13.0,19.0,97.7144,116.9144,True,13.0,19.0,97.7144,116.9144,True,13.0,19.0,97.7144,116.9144,True,13.0,19.0,97.7144,116.9144,True,13.0,19.0,97.7144,116.9144
2025-08-31,24,106.092,False,,,0.0,0.0,True,15.0,20.0,102.3044,121.5044,True,12.0,20.0,102.4144,121.6144,True,12.0,20.0,102.4144,121.6144,True,13.0,20.0,103.3044,122.5044,True,13.0,20.0,103.3044,122.5044
2025-09-01,24,186.36800000000002,False,,,0.0,0.0,True,13.0,19.0,186.36800000000002,205.568,True,13.0,19.0,186.36800000000002,205.568,True,13.0,19.0,186.36800000000002,205.568,True,14.0,20.0,131.78520000000003,150.98520000000002,True,14.0,20.0,131.78520000000003,150.98520000000002
2025-09-02,24,188.8492,False,,,0.0,0.0,True,13.0,19.0,187.6592,206.8592,True,13.0,19.0,187.6592,206.8592,True,13.0,19.0,187.6592,206.8592,True,13.0,19.0,187.6592,206.8592,True,13.0,19.0,187.6592,206.8592
2025-09-03,24,83.1264,False,,,0.0,0.0,True,14.0,19.0,83.1264,102.3264,True,14.0,19.0,83.1264,102.3264,True,14.0,19.0,83.1264,102.3264,True,14.0,19.0,83.1264,102.3264,True,14.0,19.0,83.1264,102.3264
2025-09-04,24,299.6,False,,,0.0,0.0,True,14.0,19.0,267.91,287.11,True,2.0,19.0,284.93,304.13,True,2.0,19.0,284.93,304.13,True,13.0,19.0,299.44,318.64,False,,,0.0,0.0
2025-09-05,24,52.79759999999999,False,,,0.0,0.0,True,12.0,19.0,44.71759999999999,63.91759999999999,True,14.0,19.0,52.79759999999999,71.99759999999999,True,14.0,19.0,52.79759999999999,71.99759999999999,True,13.0,19.0,50.77759999999999,69.9776,True,13.0,19.0,50.77759999999999,69.9776
2025-09-06,24,127.5088,False,,,0.0,0.0,True,14.0,19.0,127.5088,146.7088,True,14.0,19.0,127.5088,146.7088,True,14.0,19.0,127.5088,146.7088,True,14.0,19.0,127.5088,146.7088,True,14.0,19.0,127.5088,146.7088
2025-09-07,24,133.836,False,,,0.0,0.0,True,14.0,19.0,130.42600000000002,149.626,True,13.0,19.0,133.836,153.036,True,13.0,19.0,133.836,153.036,True,13.0,19.0,133.836,153.036,True,13.0,19.0,133.836,153.036
2025-09-08,24,300.52720000000005,False,,,0.0,0.0,True,13.0,19.0,300.52720000000005,319.72720000000004,True,0.0,19.0,281.7072,300.9072,True,0.0,19.0,281.7072,300.9072,True,13.0,19.0,300.52720000000005,319.72720000000004,True,13.0,19.0,300.52720000000005,319.72720000000004
2025-09-09,24,250.77800000000002,False,,,0.0,0.0,True,13.0,19.0,250.598,269.798,True,14.0,19.0,250.77800000000002,269.978,True,14.0,19.0,250.77800000000002,269.978,True,13.0,19.0,250.598,269.798,True,13.0,19.0,250.598,269.798
2025-09-10,24,147.8848,False,,,0.0,0.0,True,14.0,19.0,146.1748,165.3748,True,14.0,19.0,146.1748,165.3748,True,14.0,19.0,146.1748,165.3748,True,14.0,19.0,146.1748,165.3748,True,14.0,19.0,146.1748,165.3748
2025-09-11,24,103.75120000000001,False,,,0.0,0.0,True,13.0,19.0,103.1012,122.30120000000001,True,14.0,19.0,103.75120000000001,122.95120000000001,True,14.0,19.0,103.75120000000001,122.95120000000001,True,13.0,19.0,103.1012,122.30120000000001,True,13.0,19.0,103.1012,122.30120000000001
2025-09-12,24,132.39120000000003,False,,,0.0,0.0,True,14.0,19.0,129.92120000000003,149.12120000000002,True,14.0,19.0,129.92120000000003,149.12120000000002,True,14.0,19.0,129.92120000000003,149.12120000000002,True,14.0,19.0,129.92120000000003,149.12120000000002,True,14.0,19.0,129.92120000000003,149.12120000000002
2025-09-13,24,92.95800000000001,False,,,0.0,0.0,True,13.0,19.0,92.95800000000001,112.15800000000002,True,14.0,19.0,92.95800000000001,112.15800000000002,True,14.0,19.0,92.95800000000001,112.15800000000002,True,14.0,19.0,92.95800000000001,112.15800000000002,True,14.0,19.0,92.95800000000001,112.15800000000002
2025-09-14,24,121.8368,False,,,0.0,0.0,True,13.0,19.0,121.8268,141.0268,True,14.0,19.0,121.8368,141.0368,True,14.0,19.0,121.8368,141.0368,True,12.0,19.0,115.3068,134.5068,True,12.0,19.0,115.3068,134.5068
2025-09-15,24,44.685599999999994,False,,,0.0,0.0,True,14.0,19.0,44.1156,63.3156,True,3.0,19.0,30.405600000000003,49.6056,True,3.0,19.0,30.405600000000003,49.6056,True,13.0,19.0,44.685599999999994,63.8856,True,13.0,19.0,44.685599999999994,63.8856
2025-09-16,24,104.7824,False,,,0.0,0.0,True,13.0,19.0,93.8936,113.09360000000001,True,16.0,20.0,87.9724,107.1724,True,16.0,20.0,87.9724,107.1724,True,14.0,19.0,87.0336,106.23360000000001,False,,,0.0,0.0
2025-09-17,24,104.09360000000002,False,,,0.0,0.0,True,12.0,20.0,83.9384,103.1384,True,14.0,18.0,83.65520000000001,102.85520000000001,True,14.0,18.0,83.65520000000001,102.85520000000001,True,13.0,19.0,104.09360000000002,123.29360000000003,False,,,0.0,0.0
2025-09-18,24,104.29159999999999,False,,,0.0,0.0,True,13.0,19.0,104.29159999999999,123.49159999999999,True,14.0,19.0,104.29159999999999,123.49159999999999,True,14.0,19.0,104.29159999999999,123.49159999999999,True,12.0,19.0,104.09159999999999,123.29159999999999,True,12.0,19.0,104.09159999999999,123.29159999999999
2025-09-19,24,357.30080000000004,False,,,0.0,0.0,True,13.0,19.0,357.30080000000004,376.5008,True,14.0,19.0,357.30080000000004,376.5008,True,14.0,19.0,357.30080000000004,376.5008,True,14.0,19.0,357.30080000000004,376.5008,True,14.0,19.0,357.30080000000004,376.5008
2025-09-20,24,115.032,False,,,0.0,0.0,True,13.0,19.0,115.032,134.232,True,14.0,19.0,109.272,128.472,True,14.0,19.0,109.272,128.472,True,14.0,19.0,109.272,128.472,True,14.0,19.0,109.272,128.472
2025-09-21,24,93.74439999999998,False,,,0.0,0.0,True,13.0,19.0,93.74439999999998,112.94439999999999,True,13.0,19.0,93.74439999999998,112.94439999999999,True,13.0,19.0,93.74439999999998,112.94439999999999,True,14.0,19.0,93.03439999999999,112.2344,True,14.0,19.0,93.03439999999999,112.2344
2025-09-22,24,40.21639999999999,False,,,0.0,0.0,True,13.0,19.0,39.276399999999995,58.4764,True,3.0,19.0,31.236400000000007,50.436400000000006,True,3.0,19.0,31.236400000000007,50.436400000000006,True,1.0,19.0,26.876400000000007,46.07640000000001,True,1.0,19.0,26.876400000000007,46.07640000000001
2025-09-23,24,50.771200000000036,False,,,0.0,0.0,True,14.0,19.0,44.16360000000002,63.36360000000002,True,14.0,19.0,44.16360000000002,63.36360000000002,False,,,0.0,0.0,True,14.0,19.0,44.16360000000002,63.36360000000002,False,,,0.0,0.0
2025-09-24,24,77.5556,False,,,0.0,0.0,True,0.0,7.0,6.699200000000008,25.899200000000008,True,14.0,19.0,77.5556,96.7556,True,14.0,19.0,77.5556,96.7556,True,13.0,19.0,76.79560000000001,95.99560000000001,False,,,0.0,0.0
2025-09-25,24,78.62,False,,,0.0,0.0,True,14.0,19.0,72.4524,91.6524,True,14.0,19.0,72.4524,91.6524,True,14.0,19.0,72.4524,91.6524,True,14.0,19.0,72.4524,91.6524,False,,,0.0,0.0
2025-09-26,24,30.018400000000018,False,,,0.0,0.0,True,13.0,20.0,17.681200000000008,36.88120000000001,True,14.0,18.0,19.508000000000013,38.70800000000001,True,14.0,18.0,19.508000000000013,38.70800000000001,True,13.0,19.0,30.018400000000018,49.21840000000002,True,13.0,19.0,30.018400000000018,49.21840000000002
2025-09-27,24,81.41120000000001,False,,,0.0,0.0,True,13.0,19.0,81.41120000000001,100.61120000000001,True,14.0,19.0,68.98120000000002,88.18120000000002,True,14.0,19.0,68.98120000000002,88.18120000000002,True,13.0,19.0,81.41120000000001,100.61120000000001,False,,,0.0,0.0
2025-09-28,24,99.2024,False,,,0.0,0.0,True,13.0,19.0,99.2024,118.4024,True,13.0,19.0,99.2024,118.4024,True,13.0,19.0,99.2024,118.4024,True,13.0,19.0,99.2024,118.4024,True,13.0,19.0,99.2024,118.4024
2025-09-29,24,277.9576,False,,,0.0,0.0,True,13.0,19.0,277.9576,297.1576,True,13.0,19.0,277.9576,297.1576,True,13.0,19.0,277.9576,297.1576,True,13.0,19.0,277.9576,297.1576,False,,,0.0,0.0
2025-09-30,24,223.90839999999997,False,,,0.0,0.0,True,13.0,19.0,223.90839999999997,243.10839999999996,True,13.0,19.0,223.90839999999997,243.10839999999996,True,13.0,19.0,223.90839999999997,243.10839999999996,True,13.0,19.0,223.90839999999997,243.10839999999996,True,13.0,19.0,223.90839999999997,243.10839999999996
2025-10-01,24,227.56810000000004,False,,,0.0,0.0,True,13.0,19.0,225.19310000000004,244.39310000000003,True,12.0,19.0,227.56810000000004,246.76810000000003,True,12.0,19.0,227.56810000000004,246.76810000000003,True,14.0,19.0,220.96560000000005,240.16560000000004,True,14.0,19.0,220.96560000000005,240.16560000000004
2025-10-02,24,82.99050000000001,False,,,0.0,0.0,True,12.0,19.0,77.72050000000002,96.92050000000002,True,12.0,19.0,77.72050000000002,96.92050000000002,True,12.0,19.0,77.72050000000002,96.92050000000002,True,12.0,19.0,77.72050000000002,96.92050000000002,True,12.0,19.0,77.72050000000002,96.92050000000002
2025-10-03,24,75.39670000000001,False,,,0.0,0.0,True,13.0,19.0,64.58670000000001,83.78670000000001,True,11.0,18.0,51.39670000000001,70.59670000000001,True,11.0,18.0,51.39670000000001,70.59670000000001,True,13.0,19.0,64.58670000000001,83.78670000000001,False,,,0.0,0.0
2025-10-04,24,0.0,False,,,0.0,0.0,True,13.0,18.0,-17.7434,1.4566,True,13.0,19.0,-15.7884,3.4116,False,,,0.0,0.0,True,13.0,18.0,-17.7434,1.4566,True,13.0,18.0,-17.7434,1.4566
2025-10-05,24,18.02370000000001,False,,,0.0,0.0,False,,,0.0,0.0,True,11.0,20.0,1.0610999999999997,20.2611,False,,,0.0,0.0,True,14.0,19.0,15.986200000000007,35.18620000000001,False,,,0.0,0.0
2025-10-06,24,126.54730000000002,False,,,0.0,0.0,True,4.0,19.0,118.8498,138.0498,True,3.0,19.0,124.91730000000003,144.11730000000003,True,3.0,19.0,124.91730000000003,144.11730000000003,True,3.0,18.0,100.328,119.528,False,,,0.0,0.0
2025-10-07,24,155.90640000000002,False,,,0.0,0.0,True,2.0,19.0,87.2001,106.40010000000001,True,1.0,19.0,83.0301,102.23010000000001,True,1.0,19.0,83.0301,102.23010000000001,True,3.0,19.0,87.4676,106.66760000000001,False,,,0.0,0.0
2025-10-08,24,76.9073,False,,,0.0,0.0,True,3.0,8.0,46.908400000000015,66.10840000000002,True,3.0,8.0,46.908400000000015,66.10840000000002,True,3.0,8.0,46.908400000000015,66.10840000000002,True,2.0,8.0,46.32340000000001,65.52340000000001,True,2.0,8.0,46.32340000000001,65.52340000000001
2025-10-09,24,27.89050000000002,False,,,0.0,0.0,True,3.0,19.0,3.246000000000013,22.446000000000012,True,3.0,7.0,23.38250000000001,42.58250000000001,True,3.0,7.0,23.38250000000001,42.58250000000001,True,13.0,19.0,10.711000000000002,29.911,False,,,0.0,0.0
2025-10-10,24,18.536800000000017,False,,,0.0,0.0,True,3.0,8.0,15.318500000000004,34.5185,True,3.0,18.0,13.471600000000013,32.67160000000001,False,,,0.0,0.0,True,3.0,8.0,15.318500000000004,34.5185,False,,,0.0,0.0
2025-10-11,24,53.78620000000002,False,,,0.0,0.0,True,13.0,19.0,53.78620000000002,72.98620000000003,True,14.0,18.0,46.0925,65.2925,True,14.0,18.0,46.0925,65.2925,True,13.0,19.0,53.78620000000002,72.98620000000003,False,,,0.0,0.0
2025-10-12,24,35.948800000000006,False,,,0.0,0.0,True,13.0,19.0,35.948800000000006,55.14880000000001,True,14.0,19.0,25.633800000000004,44.833800000000004,True,14.0,19.0,25.633800000000004,44.833800000000004,True,14.0,19.0,25.633800000000004,44.833800000000004,False,,,0.0,0.0
2025-10-13,24,173.7265,False,,,0.0,0.0,True,13.0,19.0,172.99149999999997,192.19149999999996,True,3.0,19.0,173.7265,192.92649999999998,True,3.0,19.0,173.7265,192.92649999999998,True,13.0,19.0,172.99149999999997,192.19149999999996,False,,,0.0,0.0
2025-10-14,24,256.5611,False,,,0.0,0.0,True,3.0,19.0,256.5611,275.7611,True,3.0,19.0,256.5611,275.7611,True,3.0,19.0,256.5611,275.7611,True,3.0,19.0,256.5611,275.7611,True,3.0,19.0,256.5611,275.7611
2025-10-15,24,133.62330000000003,False,,,0.0,0.0,True,3.0,19.0,79.5825,98.7825,True,14.0,19.0,67.8075,87.00750000000001,True,14.0,19.0,67.8075,87.00750000000001,True,3.0,19.0,79.5825,98.7825,True,3.0,19.0,79.5825,98.7825
2025-10-16,24,28.667800000000003,False,,,0.0,0.0,True,3.0,7.0,0.9777000000000022,20.1777,True,3.0,8.0,16.29109999999999,35.49109999999999,True,3.0,8.0,16.29109999999999,35.49109999999999,True,3.0,8.0,16.29109999999999,35.49109999999999,True,3.0,8.0,16.29109999999999,35.49109999999999
2025-10-17,24,25.90070000000002,False,,,0.0,0.0,True,13.0,19.0,14.317300000000007,33.517300000000006,True,3.0,8.0,25.59070000000003,44.79070000000003,False,,,0.0,0.0,True,13.0,19.0,14.317300000000007,33.517300000000006,False,,,0.0,0.0
2025-10-18,24,35.84370000000001,False,,,0.0,0.0,True,0.0,8.0,-8.433599999999995,10.766400000000004,True,13.0,18.0,35.84370000000001,55.043700000000015,True,13.0,18.0,35.84370000000001,55.043700000000015,True,14.0,19.0,23.33920000000001,42.53920000000001,False,,,0.0,0.0
2025-10-19,24,59.5775,False,,,0.0,0.0,True,13.0,18.0,59.5775,78.7775,True,13.0,18.0,59.5775,78.7775,True,13.0,18.0,59.5775,78.7775,True,13.0,18.0,59.5775,78.7775,False,,,0.0,0.0
2025-10-20,24,41.43020000000001,False,,,0.0,0.0,True,13.0,18.0,30.6103,49.8103,True,3.0,18.0,35.880300000000005,55.08030000000001,True,3.0,18.0,35.880300000000005,55.08030000000001,True,13.0,18.0,30.6103,49.8103,False,,,0.0,0.0
2025-10-21,24,70.57849999999999,False,,,0.0,0.0,True,3.0,17.0,50.522499999999994,69.7225,True,14.0,18.0,59.79599999999999,78.996,True,14.0,18.0,59.79599999999999,78.996,True,2.0,17.0,39.727500000000006,58.9275,False,,,0.0,0.0
2025-10-22,24,168.15890000000005,False,,,0.0,0.0,True,3.0,18.0,164.21640000000005,183.41640000000004,True,1.0,17.0,75.5158,94.7158,True,1.0,17.0,75.5158,94.7158,True,3.0,18.0,164.21640000000005,183.41640000000004,False,,,0.0,0.0
2025-10-23,24,23.00060000000001,False,,,0.0,0.0,True,2.0,18.0,-8.53189999999999,10.66810000000001,True,13.0,18.0,22.430600000000002,41.6306,True,13.0,18.0,22.430600000000002,41.6306,True,13.0,18.0,22.430600000000002,41.6306,True,13.0,18.0,22.430600000000002,41.6306
2025-10-24,24,57.8554,False,,,0.0,0.0,True,14.0,18.0,49.4512,68.6512,True,15.0,18.0,47.63119999999999,66.8312,True,15.0,18.0,47.63119999999999,66.8312,True,13.0,18.0,49.4512,68.6512,False,,,0.0,0.0
2025-10-25,24,37.1713,False,,,0.0,0.0,True,3.0,8.0,-15.522099999999998,3.6779,True,13.0,18.0,27.262300000000007,46.462300000000006,False,,,0.0,0.0,True,14.0,18.0,27.602300000000003,46.8023,False,,,0.0,0.0
2025-10-26,23,20.193200000000008,False,,,0.0,0.0,True,3.0,18.0,19.118200000000005,38.318200000000004,True,13.0,17.0,8.947300000000006,28.147300000000005,False,,,0.0,0.0,True,13.0,18.0,20.005700000000008,39.20570000000001,False,,,0.0,0.0
2025-10-27,24,97.217,False,,,0.0,0.0,True,14.0,18.0,13.867000000000008,33.06700000000001,True,2.0,17.0,81.4032,100.6032,True,2.0,17.0,81.4032,100.6032,True,1.0,16.0,70.2689,89.4689,False,,,0.0,0.0
2025-10-28,24,71.98910000000001,False,,,0.0,0.0,True,3.0,18.0,71.98910000000001,91.18910000000001,True,2.0,19.0,60.61699999999999,79.817,True,1.0,19.0,50.277,69.477,True,3.0,18.0,71.98910000000001,91.18910000000001,False,,,0.0,0.0
2025-10-29,24,45.208100000000016,False,,,0.0,0.0,True,3.0,18.0,42.895600000000016,62.09560000000002,True,0.0,18.0,40.44060000000002,59.64060000000001,True,0.0,18.0,40.44060000000002,59.64060000000001,True,3.0,18.0,42.895600000000016,62.09560000000002,False,,,0.0,0.0
2025-10-30,24,89.2981,False,,,0.0,0.0,True,1.0,18.0,18.97670000000001,38.17670000000001,True,13.0,18.0,89.07920000000001,108.27920000000002,True,13.0,18.0,89.07920000000001,108.27920000000002,True,4.0,18.0,31.929200000000012,51.12920000000001,False,,,0.0,0.0
2025-10-31,24,28.196200000000008,False,,,0.0,0.0,True,12.0,17.0,17.210999999999988,36.41099999999999,True,11.0,17.0,19.11349999999999,38.31349999999999,False,,,0.0,0.0,True,12.0,17.0,17.210999999999988,36.41099999999999,False,,,0.0,0.0
2025-11-01,24,51.10310000000001,False,,,0.0,0.0,True,11.0,16.0,35.50070000000001,54.700700000000005,True,10.0,18.0,44.43060000000001,63.630600000000015,False,,,0.0,0.0,True,10.0,17.0,44.18679999999999,63.386799999999994,False,,,0.0,0.0
2025-11-02,24,41.97919999999999,False,,,0.0,0.0,True,6.0,18.0,30.42740000000001,49.62740000000001,True,3.0,17.0,39.57419999999999,58.77419999999999,False,,,0.0,0.0,True,10.0,18.0,25.78490000000001,44.98490000000001,False,,,0.0,0.0
2025-11-03,24,15.534600000000001,False,,,0.0,0.0,True,1.0,17.0,-14.18660000000001,5.01339999999999,True,3.0,18.0,-9.029399999999992,10.170600000000007,False,,,0.0,0.0,True,2.0,18.0,-10.886899999999994,8.313100000000006,False,,,0.0,0.0
2025-11-04,24,94.647,False,,,0.0,0.0,True,3.0,7.0,79.6504,98.85040000000001,True,1.0,17.0,92.3145,111.5145,False,,,0.0,0.0,True,3.0,7.0,79.6504,98.85040000000001,False,,,0.0,0.0
2025-11-05,24,54.4166,False,,,0.0,0.0,True,2.0,17.0,42.069100000000006,61.26910000000001,True,1.0,17.0,40.60159999999999,59.80159999999999,True,1.0,17.0,40.60159999999999,59.80159999999999,True,3.0,17.0,41.74159999999999,60.941599999999994,False,,,0.0,0.0
2025-11-06,24,39.0146,False,,,0.0,0.0,True,11.0,17.0,39.0146,58.214600000000004,True,12.0,17.0,38.7221,57.9221,False,,,0.0,0.0,True,11.0,17.0,39.0146,58.214600000000004,False,,,0.0,0.0
2025-11-07,24,56.251999999999995,False,,,0.0,0.0,True,11.0,17.0,55.06700000000001,74.26700000000001,True,3.0,17.0,55.44199999999999,74.642,False,,,0.0,0.0,True,10.0,17.0,51.67450000000001,70.87450000000001,False,,,0.0,0.0
2025-11-08,24,12.437400000000014,False,,,0.0,0.0,True,12.0,17.0,9.761799999999997,28.961799999999997,True,4.0,17.0,9.8843,29.0843,False,,,0.0,0.0,True,11.0,17.0,7.974299999999989,27.174299999999988,False,,,0.0,0.0
2025-11-09,24,8.197000000000006,False,,,0.0,0.0,True,3.0,18.0,5.679500000000008,24.879500000000007,True,5.0,17.0,4.206999999999997,23.406999999999996,False,,,0.0,0.0,True,12.0,18.0,-1.0255000000000045,18.174499999999995,False,,,0.0,0.0
2025-11-10,24,38.86750000000001,False,,,0.0,0.0,True,7.0,18.0,-51.128000000000014,-31.92800000000001,True,3.0,17.0,21.527800000000017,40.727800000000016,False,,,0.0,0.0,True,3.0,18.0,4.3445,23.5445,False,,,0.0,0.0
2025-11-11,24,37.726899999999986,False,,,0.0,0.0,True,4.0,8.0,9.998700000000003,29.198700000000002,True,3.0,17.0,37.726899999999986,56.92689999999999,False,,,0.0,0.0,True,3.0,8.0,10.623700000000003,29.823700000000002,False,,,0.0,0.0
2025-11-12,24,27.8284,False,,,0.0,0.0,True,3.0,17.0,24.563399999999998,43.7634,True,12.0,17.0,27.8284,47.0284,False,,,0.0,0.0,True,2.0,17.0,22.5534,41.7534,False,,,0.0,0.0
2025-11-13,24,96.05830000000002,False,,,0.0,0.0,True,12.0,17.0,52.40199999999999,71.60199999999999,True,10.0,17.0,50.169499999999985,69.36949999999999,True,10.0,17.0,50.169499999999985,69.36949999999999,True,12.0,17.0,52.40199999999999,71.60199999999999,False,,,0.0,0.0
2025-11-14,24,16.549700000000005,False,,,0.0,0.0,True,4.0,18.0,-1.1047999999999938,18.095200000000006,True,0.0,17.0,3.4019000000000013,22.6019,False,,,0.0,0.0,True,1.0,17.0,6.041900000000002,25.2419,False,,,0.0,0.0
2025-11-15,24,24.6985,False,,,0.0,0.0,True,3.0,7.0,-21.339399999999994,-2.139399999999995,True,5.0,17.0,22.241000000000003,41.441,False,,,0.0,0.0,True,12.0,17.0,8.663500000000003,27.863500000000002,False,,,0.0,0.0
2025-11-16,24,14.150200000000002,False,,,0.0,0.0,True,6.0,17.0,14.150200000000002,33.3502,True,6.0,18.0,10.320700000000006,29.520700000000005,False,,,0.0,0.0,True,7.0,18.0,3.505700000000008,22.705700000000007,False,,,0.0,0.0
2025-11-17,24,26.310600000000026,False,,,0.0,0.0,True,6.0,17.0,-0.8233999999999888,18.37660000000001,True,4.0,17.0,14.671600000000016,33.871600000000015,False,,,0.0,0.0,True,4.0,17.0,14.671600000000016,33.871600000000015,False,,,0.0,0.0
2025-11-18,24,42.60969999999999,False,,,0.0,0.0,True,3.0,8.0,13.335300000000007,32.53530000000001,True,3.0,17.0,42.60969999999999,61.80969999999999,False,,,0.0,0.0,True,3.0,17.0,42.60969999999999,61.80969999999999,False,,,0.0,0.0
2025-11-19,24,23.351400000000016,False,,,0.0,0.0,True,3.0,17.0,14.977099999999997,34.177099999999996,True,2.0,17.0,13.994599999999995,33.194599999999994,False,,,0.0,0.0,True,3.0,17.0,14.977099999999997,34.177099999999996,False,,,0.0,0.0
2025-11-20,24,55.76859999999999,False,,,0.0,0.0,True,3.0,8.0,37.2628,56.4628,True,2.0,17.0,55.20219999999999,74.4022,False,,,0.0,0.0,True,3.0,17.0,55.43969999999999,74.63969999999999,False,,,0.0,0.0
2025-11-21,24,122.3354,False,,,0.0,0.0,True,3.0,16.0,122.3354,141.5354,True,3.0,17.0,120.6219,139.8219,True,3.0,17.0,120.6219,139.8219,True,3.0,17.0,120.6219,139.8219,False,,,0.0,0.0
2025-11-22,24,10.731100000000001,False,,,0.0,0.0,True,3.0,16.0,-7.877499999999994,11.322500000000005,True,12.0,17.0,9.81610000000001,29.01610000000001,True,12.0,17.0,9.81610000000001,29.01610000000001,True,3.0,17.0,0.8211000000000048,20.021100000000004,True,3.0,17.0,0.8211000000000048,20.021100000000004
2025-11-23,24,0.0,False,,,0.0,0.0,True,13.0,17.0,-10.284699999999997,8.915300000000002,True,11.0,16.0,-14.233499999999989,4.966500000000011,False,,,0.0,0.0,True,12.0,18.0,-11.1234,8.0766,False,,,0.0,0.0
2025-11-24,24,153.14140000000003,False,,,0.0,0.0,False,,,0.0,0.0,True,1.0,18.0,122.878,142.078,True,1.0,18.0,122.878,142.078,True,4.0,17.0,149.44890000000004,168.64890000000003,False,,,0.0,0.0
2025-11-25,24,228.15,False,,,0.0,0.0,True,1.0,17.0,225.095,244.295,True,1.0,17.0,225.095,244.295,True,1.0,17.0,225.095,244.295,True,2.0,17.0,226.66,245.85999999999999,True,2.0,17.0,226.66,245.85999999999999
2025-11-26,24,163.51620000000003,False,,,0.0,0.0,True,3.0,17.0,162.4062,181.6062,True,3.0,17.0,162.4062,181.6062,True,3.0,17.0,162.4062,181.6062,True,2.0,17.0,163.51620000000003,182.71620000000001,True,2.0,17.0,163.51620000000003,182.71620000000001
2025-11-27,24,16.714100000000006,False,,,0.0,0.0,True,2.0,17.0,-9.4406,9.7594,True,3.0,8.0,16.714100000000006,35.914100000000005,True,3.0,8.0,16.714100000000006,35.914100000000005,True,3.0,16.0,-13.346899999999987,5.853100000000012,True,3.0,16.0,-13.346899999999987,5.853100000000012
2025-11-28,24,29.213900000000006,False,,,0.0,0.0,True,3.0,8.0,25.354499999999998,44.5545,True,2.0,17.0,16.3349,35.5349,True,2.0,17.0,16.3349,35.5349,True,3.0,8.0,25.354499999999998,44.5545,False,,,0.0,0.0
2025-11-29,24,0.0,False,,,0.0,0.0,True,3.0,15.0,-7.252800000000004,11.947199999999995,True,2.0,17.0,-2.016800000000014,17.183199999999985,False,,,0.0,0.0,True,3.0,18.0,-11.477900000000002,7.7220999999999975,False,,,0.0,0.0
2025-11-30,24,13.160500000000003,False,,,0.0,0.0,False,,,0.0,0.0,True,3.0,17.0,11.168700000000005,30.368700000000004,False,,,0.0,0.0,False,,,0.0,0.0,False,,,0.0,0.0
2025-12-01,24,28.72840000000001,False,,,0.0,0.0,True,3.0,18.0,-22.466899999999992,-3.2668999999999926,True,3.0,17.0,-17.480500000000003,1.7194999999999965,False,,,0.0,0.0,True,3.0,17.0,-17.480500000000003,1.7194999999999965,False,,,0.0,0.0
2025-12-02,24,80.47879999999999,False,,,0.0,0.0,True,4.0,8.0,10.970500000000005,30.170500000000004,True,3.0,17.0,66.57629999999997,85.77629999999998,True,3.0,17.0,66.57629999999997,85.77629999999998,True,2.0,8.0,6.503000000000004,25.703000000000003,False,,,0.0,0.0
2025-12-03,24,175.40950000000004,False,,,0.0,0.0,True,4.0,19.0,49.59730000000002,68.79730000000002,True,2.0,15.0,113.7,132.9,True,2.0,15.0,113.7,132.9,True,4.0,18.0,78.5704,97.77040000000001,False,,,0.0,0.0
2025-12-04,24,41.308700000000016,False,,,0.0,0.0,True,1.0,16.0,20.49919999999999,39.69919999999999,True,2.0,8.0,23.09379999999999,42.29379999999999,True,2.0,8.0,23.09379999999999,42.29379999999999,True,3.0,16.0,24.024199999999983,43.22419999999998,True,3.0,16.0,24.024199999999983,43.22419999999998
2025-12-05,24,59.910400000000024,False,,,0.0,0.0,True,3.0,9.0,59.645900000000026,78.84590000000003,True,2.0,11.0,43.99379999999999,63.193799999999996,True,2.0,11.0,43.99379999999999,63.193799999999996,True,2.0,9.0,59.29340000000002,78.49340000000002,False,,,0.0,0.0
2025-12-06,24,4.155500000000021,False,,,0.0,0.0,True,3.0,8.0,-16.88650000000001,2.3134999999999906,True,5.0,17.0,3.335600000000017,22.535600000000017,False,,,0.0,0.0,True,2.0,16.0,-4.88949999999998,14.310500000000019,False,,,0.0,0.0
2025-12-07,24,25.114399999999993,False,,,0.0,0.0,True,6.0,16.0,17.91890000000001,37.11890000000001,True,3.0,17.0,25.114399999999993,44.31439999999999,True,3.0,17.0,25.114399999999993,44.31439999999999,True,7.0,18.0,-1.9054000000000109,17.29459999999999,False,,,0.0,0.0
2025-12-08,24,76.27199999999999,False,,,0.0,0.0,True,3.0,17.0,76.27199999999999,95.472,True,3.0,17.0,76.27199999999999,95.472,True,3.0,17.0,76.27199999999999,95.472,True,3.0,16.0,68.199,87.399,False,,,0.0,0.0
2025-12-09,24,27.38500000000001,False,,,0.0,0.0,True,3.0,17.0,2.1571000000000033,21.357100000000003,True,1.0,17.0,4.217100000000006,23.417100000000005,False,,,0.0,0.0,True,4.0,17.0,3.2821000000000033,22.482100000000003,False,,,0.0,0.0
2025-12-10,24,47.018699999999995,False,,,0.0,0.0,True,1.0,8.0,31.105900000000002,50.3059,True,2.0,8.0,36.585899999999995,55.7859,True,2.0,8.0,36.585899999999995,55.7859,True,1.0,8.0,31.105900000000002,50.3059,False,,,0.0,0.0
2025-12-11,24,14.457600000000003,False,,,0.0,0.0,True,2.0,17.0,14.457600000000003,33.6576,True,2.0,8.0,9.813900000000007,29.013900000000007,False,,,0.0,0.0,True,2.0,8.0,9.813900000000007,29.013900000000007,False,,,0.0,0.0
2025-12-12,24,32.099000000000004,False,,,0.0,0.0,True,2.0,17.0,27.979000000000003,47.179,True,3.0,16.0,24.466000000000026,43.666000000000025,False,,,0.0,0.0,True,2.0,16.0,26.748500000000025,45.948500000000024,False,,,0.0,0.0
2025-12-13,24,11.7884,False,,,0.0,0.0,True,0.0,17.0,-2.5107999999999855,16.689200000000014,True,5.0,17.0,5.104200000000024,24.304200000000023,False,,,0.0,0.0,True,5.0,17.0,5.104200000000024,24.304200000000023,False,,,0.0,0.0
2025-12-14,24,0.0,False,,,0.0,0.0,True,6.0,16.0,-5.035099999999996,14.164900000000003,True,6.0,17.0,-1.8127999999999922,17.387200000000007,False,,,0.0,0.0,True,7.0,17.0,-2.1102999999999916,17.089700000000008,False,,,0.0,0.0
2025-12-15,24,10.095100000000006,False,,,0.0,0.0,False,,,0.0,0.0,True,3.0,16.0,10.095100000000006,29.295100000000005,False,,,0.0,0.0,True,4.0,17.0,1.395500000000002,20.5955,False,,,0.0,0.0
2025-12-16,24,52.9311,False,,,0.0,0.0,True,3.0,16.0,44.63500000000002,63.83500000000002,True,2.0,16.0,46.59000000000002,65.79000000000002,False,,,0.0,0.0,True,1.0,8.0,-5.822399999999998,13.377600000000001,False,,,0.0,0.0
2025-12-17,24,18.558200000000003,False,,,0.0,0.0,True,2.0,17.0,7.306500000000003,26.506500000000003,True,3.0,17.0,8.774000000000004,27.974000000000004,False,,,0.0,0.0,True,2.0,17.0,7.306500000000003,26.506500000000003,False,,,0.0,0.0
2025-12-18,24,41.31560000000002,False,,,0.0,0.0,True,3.0,8.0,15.393100000000008,34.59310000000001,True,3.0,16.0,33.921899999999994,53.1219,False,,,0.0,0.0,True,2.0,16.0,22.6844,41.8844,False,,,0.0,0.0
2025-12-19,24,76.1666,False,,,0.0,0.0,True,4.0,15.0,66.29530000000001,85.49530000000001,True,3.0,17.0,75.6376,94.83760000000001,True,3.0,17.0,75.6376,94.83760000000001,True,4.0,16.0,68.9909,88.1909,False,,,0.0,0.0
2025-12-20,24,10.001099999999997,False,,,0.0,0.0,True,3.0,18.0,2.116300000000013,21.316300000000012,True,1.0,17.0,10.001099999999997,29.201099999999997,False,,,0.0,0.0,True,5.0,18.0,-0.3111999999999959,18.888800000000003,False,,,0.0,0.0
2025-12-21,24,0.0,False,,,0.0,0.0,True,1.0,17.0,-19.942900000000005,-0.7429000000000059,False,,,0.0,0.0,False,,,0.0,0.0,True,5.0,18.0,-22.493599999999997,-3.293599999999998,False,,,0.0,0.0
2025-12-22,24,13.751099999999997,False,,,0.0,0.0,False,,,0.0,0.0,True,1.0,9.0,-4.498399999999986,14.701600000000013,False,,,0.0,0.0,True,3.0,15.0,6.064499999999999,25.264499999999998,False,,,0.0,0.0
2025-12-23,24,1.3153000000000112,False,,,0.0,0.0,True,3.0,17.0,-2.3898999999999937,16.810100000000006,True,3.0,17.0,-2.3898999999999937,16.810100000000006,False,,,0.0,0.0,True,3.0,17.0,-2.3898999999999937,16.810100000000006,False,,,0.0,0.0
2025-12-24,24,6.961899999999989,False,,,0.0,0.0,True,4.0,9.0,0.8249000000000031,20.024900000000002,True,3.0,8.0,-0.5199999999999925,18.680000000000007,False,,,0.0,0.0,True,4.0,8.0,-0.5274999999999856,18.672500000000014,False,,,0.0,0.0
2025-12-25,24,21.395300000000002,False,,,0.0,0.0,True,3.0,17.0,11.439600000000002,30.6396,True,2.0,17.0,10.4271,29.6271,False,,,0.0,0.0,True,3.0,16.0,9.811200000000003,29.011200000000002,False,,,0.0,0.0
2025-12-26,24,9.319900000000008,False,,,0.0,0.0,True,13.0,22.0,-2.702899999999996,16.497100000000003,True,5.0,17.0,8.7974,27.9974,False,,,0.0,0.0,True,5.0,18.0,5.579699999999992,24.77969999999999,False,,,0.0,0.0
2025-12-27,24,6.01329999999999,False,,,0.0,0.0,True,12.0,17.0,3.711000000000002,22.911,True,13.0,18.0,3.8157999999999994,23.0158,False,,,0.0,0.0,False,,,0.0,0.0,False,,,0.0,0.0
2025-12-28,24,7.281100000000013,False,,,0.0,0.0,True,12.0,18.0,6.0761000000000145,25.276100000000014,False,,,0.0,0.0,False,,,0.0,0.0,True,13.0,18.0,6.0736000000000026,25.273600000000002,False,,,0.0,0.0
2025-12-29,24,3.377300000000009,False,,,0.0,0.0,True,3.0,18.0,-6.347099999999994,12.852900000000005,True,3.0,17.0,-2.9430999999999976,16.2569,False,,,0.0,0.0,True,3.0,17.0,-2.9430999999999976,16.2569,False,,,0.0,0.0
2025-12-30,24,14.120300000000018,False,,,0.0,0.0,True,3.0,8.0,-1.270199999999999,17.9298,True,3.0,8.0,-1.270199999999999,17.9298,False,,,0.0,0.0,True,3.0,8.0,-1.270199999999999,17.9298,False,,,0.0,0.0
2025-12-31,24,7.159499999999998,False,,,0.0,0.0,True,4.0,17.0,7.159499999999998,26.359499999999997,True,4.0,17.0,7.159499999999998,26.359499999999997,False,,,0.0,0.0,True,4.0,17.0,7.159499999999998,26.359499999999997,False,,,0.0,0.0
